uid,px_world,py_world,pz_world,u_rectified,v_rectified
27680162,-3.485075,-0.195576,0.2566501036911011,207.0309917822392,219.7245256944012
27661891,-2.842432,0.145315,2.002712103691101,104.03863130406356,236.0025014156905
27682446,-1.779278,2.434139,1.486977103691101,179.4222165011465,27.98034063213981
27649563,-3.545001,2.885151,-0.02942789630889897,297.77648963441334,18.103576890145405
27682451,-3.947803,1.801109,2.2479681036911012,69.65558541126123,61.94627239912282
27682458,-4.049266,1.480351,2.7517311036911014,22.189868785071667,80.20128163499675
27682460,-2.87389,1.903574,2.0834711036911013,65.24857362389167,79.74527348654547
27680226,-3.509117,0.882804,1.873245103691101,113.43047947707764,162.63457324156906
27649581,-3.583663,2.779109,-0.0005768963088990109,288.9309911765778,29.797866044960077
27638446,-3.531985,2.870901,-0.02212589630889883,297.2181806336544,19.673534126208978
27630156,-3.030763,1.58514,0.0204881036911011,263.0535926118821,151.15727996327846
27680243,-6.090864,-1.195879,2.812575103691101,84.97689383748983,178.18984733681953
27647424,-6.879143,-3.074293,4.621505103691101,30.49366578999519,208.9886841938891
27649600,-3.531731,2.666747,0.005434103691100978,285.8019902073488,43.07682508894746
27657388,-3.178677,2.083619,-0.021903896308898885,277.94899257999214,108.55943232342877
27682471,-1.573201,2.294049,1.5782861036911011,152.86089042764434,84.56756272746568
27669417,-2.647612,0.855355,-0.020850896308898914,255.2602615971889,209.59487908096824
27669417,-2.647612,0.855355,-0.020850896308898914,255.2602615971889,209.59487908096824
27664636,-4.077862,1.23804,1.777517103691101,121.34327120294428,120.59447959512212
27682476,-5.756752,0.772769,-0.149706896308899,208.86607508657548,130.92095224046787
27682480,-4.062341,1.236961,0.4287541036911011,209.34757787149047,137.9215260314955
27680278,-3.336473,0.297051,0.166812103691101,219.85173459870543,206.76352421872812
27680278,-3.336473,0.297051,0.166812103691101,219.85173459870543,206.76352421872812
27680279,-3.104856,0.518872,0.20019810369110114,225.71309685615907,205.96835440075048
27682492,-5.233811,-0.143479,2.0287741036911013,113.44102800475542,163.16580002352435
27682498,-2.822425,1.164381,1.9358391036911011,100.32137626465412,171.94952670971998
27682502,-3.669329,0.290435,1.862987103691101,117.6627716527786,190.7647321829671
27682502,-3.669329,0.290435,1.862987103691101,117.6627716527786,190.7647321829671
27682503,-3.597037,0.52794,0.836133103691101,184.09901820246372,185.84971254464756
27682503,-3.597037,0.52794,0.836133103691101,184.09901820246372,185.84971254464756
27682506,-2.966024,0.96154,1.043468103691101,182.27932610291543,186.14900713044727
27682507,-3.079183,0.845855,1.117999103691101,174.27146372301883,187.75362873856812
27682508,-3.076638,0.823303,1.191773103691101,168.67982893328335,188.83771207832507
27682509,-2.942362,0.956646,1.013839103691101,184.7354911683985,187.6664766775651
27682510,-3.151487,0.723764,1.2393971036911011,163.84658771121644,191.11071372852115
27682511,-2.927084,0.906534,1.079801103691101,179.40746180256414,191.09968933663396
27682512,-2.999606,0.784564,1.3943811036911011,153.3996857087523,193.74038374408372
27682513,-5.844198,-1.447443,-0.5772128963088989,203.86440098263617,197.06635463470587
27682514,-2.997735,0.808319,1.1513741036911012,172.30056362740137,193.39806418616675
27682515,-3.823379,-0.081678,1.9098791036911011,116.38989780627918,202.1795855102272
27682517,-5.036917,-0.897319,0.033380103691101004,194.9140400132881,198.82107633819868
27682519,-2.937009,0.843155,0.915570103691101,190.44512062339328,195.0306995149218
27682519,-2.937009,0.843155,0.915570103691101,190.44512062339328,195.0306995149218
27682521,-2.880047,0.873871,0.974154103691101,187.4518247245853,195.64832111422217
27682521,-2.880047,0.873871,0.974154103691101,187.4518247245853,195.64832111422217
27682522,-2.916885,0.824399,0.8157351036911011,197.37714034413625,197.32852411383212
27682523,-2.970937,0.692699,1.393883103691101,153.2055948686321,200.4877668478708
27682524,-3.191432,0.58253,0.3898711036911011,215.1442713694234,199.41941216986416
27682524,-3.191432,0.58253,0.3898711036911011,215.1442713694234,199.41941216986416
27682525,-3.152377,0.591527,0.6383181036911011,201.7518216988624,199.9048025389629
27680314,-2.648323,0.619311,-0.008535896308898838,248.50882484204544,220.6141507991408
27680314,-2.648323,0.619311,-0.008535896308898838,248.50882484204544,220.6141507991408
27682527,-2.87043,0.746694,1.369391103691101,156.00889523667675,202.3218929620913
27682527,-2.87043,0.746694,1.369391103691101,156.00889523667675,202.3218929620913
27682529,-2.943973,0.715504,0.931724103691101,187.60445915694373,201.71121559591063
27682530,-2.852108,0.804689,0.8891741036911011,192.99906444255703,201.16566839868477
27682530,-2.852108,0.804689,0.8891741036911011,192.99906444255703,201.16566839868477
27682531,-2.74738,0.864352,1.161845103691101,174.69999368855707,202.07570398501463
27682531,-2.74738,0.864352,1.161845103691101,174.69999368855707,202.07570398501463
27682532,-2.792504,0.746321,1.549359103691101,141.17901724779227,205.9363105365634
27682532,-2.792504,0.746321,1.549359103691101,141.17901724779227,205.9363105365634
27682534,-2.864994,0.682556,1.3408361036911012,157.98839056551077,206.36141330886863
27682534,-2.864994,0.682556,1.3408361036911012,157.98839056551077,206.36141330886863
27682535,-2.950095,0.625533,1.146862103691101,171.50503328270136,205.7595720356464
27682536,-2.257545,1.24513,-0.0145648963088989,280.5113507357657,207.45625554779195
27682537,-3.097336,0.490059,0.5871031036911011,204.12305245743784,206.9757047097175
27682537,-3.097336,0.490059,0.5871031036911011,204.12305245743784,206.9757047097175
27682538,-2.553781,0.97694,0.07413410369110118,255.89012228469556,207.5579970804486
27682538,-2.553781,0.97694,0.07413410369110118,255.89012228469556,207.5579970804486
27682540,-1.550523,1.946849,1.4418311036911011,181.7380642059229,187.50432492451196
27669454,-2.6171,0.767202,-0.02807089630889892,254.11452452198645,215.23574034077063
27669454,-2.6171,0.767202,-0.02807089630889892,254.11452452198645,215.23574034077063
27682541,-3.038363,0.513618,-0.08874889630889893,241.5125852135365,209.11638606528956
27682541,-3.038363,0.513618,-0.08874889630889893,241.5125852135365,209.11638606528956
27682543,-2.778359,0.681764,1.423050103691101,151.8561714763289,210.72212954417324
27682543,-2.778359,0.681764,1.423050103691101,151.8561714763289,210.72212954417324
27682544,-2.944376,0.583599,0.7302081036911011,199.08018612421552,208.812468964908
27682546,-2.83443,0.595511,1.4973351036911011,145.19887317133686,212.5874167617807
27682546,-2.83443,0.595511,1.4973351036911011,145.19887317133686,212.5874167617807
27682547,-2.566821,0.921358,1.151745103691101,178.3751556741429,208.26385714444172
27682547,-2.566821,0.921358,1.151745103691101,178.3751556741429,208.26385714444172
27682548,-2.948967,0.519261,1.096273103691101,174.16423091578122,211.36862813605364
27682549,-2.829677,0.658587,0.8938951036911011,191.01370785180535,210.0652349410353
27682550,-3.482687,0.020105,0.3309061036911011,206.17289661818813,212.14999624665256
27682551,-2.777356,0.580624,1.708296103691101,127.21267343727976,216.37523342984147
27682553,-2.450417,0.970748,1.326325103691101,164.69579966636633,211.6656438651884
27682553,-2.450417,0.970748,1.326325103691101,164.69579966636633,211.6656438651884
27682554,-2.904994,0.516235,1.088652103691101,175.09963328774722,213.580308804914
27682555,-2.886392,0.528962,-0.08787589630889903,245.02529011078477,214.4213859116147
27682555,-2.886392,0.528962,-0.08787589630889903,245.02529011078477,214.4213859116147
27682556,-2.77195,0.552221,1.655343103691101,131.93769264476077,218.28591524025725
27682556,-2.77195,0.552221,1.655343103691101,131.93769264476077,218.28591524025725
27682557,-2.851506,0.499913,1.4894321036911011,145.56114415482432,216.89569083912647
27682557,-2.851506,0.499913,1.4894321036911011,145.56114415482432,216.89569083912647
27682558,-2.852438,0.564872,0.9814541036911011,183.577793448673,213.69530634013785
27682561,-2.746583,0.575716,1.340602103691101,158.21745353570455,218.33637204052624
27682561,-2.746583,0.575716,1.340602103691101,158.21745353570455,218.33637204052624
27682562,-3.174772,0.141707,-0.17720689630889885,236.026376082663,218.6462345280166
27682563,-2.853046,0.474753,-0.05059189630889893,242.70840008152229,218.05084014122883
27682563,-2.853046,0.474753,-0.05059189630889893,242.70840008152229,218.05084014122883
27630189,-2.995727,1.519333,0.0225421036911011,261.96149014594005,156.85473660277356
27682564,-3.992849,-0.772739,0.5928071036911011,182.3981688619922,221.8653213333548
27682565,-1.383719,2.04843,1.4980981036911012,178.07291033624034,191.4580499160355
27630190,-2.934481,1.494375,-0.03262389630889895,266.35918831433287,161.28883453905573
27682566,-2.846963,0.442179,0.8793821036911011,189.04542709201263,219.919538827554
27682566,-2.846963,0.442179,0.8793821036911011,189.04542709201263,219.919538827554
27657457,-3.218122,1.937,-0.004095896308898839,270.0226314521999,119.34657892254113
27682567,-2.700155,0.57195,0.08286610369110115,241.2539322868648,220.43557024595407
27682567,-2.700155,0.57195,0.08286610369110115,241.2539322868648,220.43557024595407
27669469,-2.598108,0.738943,-0.02117889630889902,253.49391439234972,217.42960826274765
27669469,-2.598108,0.738943,-0.02117889630889902,253.49391439234972,217.42960826274765
27682570,-3.408404,-0.260713,-0.4574288963088988,237.23710895759228,224.0637821480246
27682571,-2.885434,0.31194,0.786926103691101,192.8157026460556,223.97001604035515
27682571,-2.885434,0.31194,0.786926103691101,192.8157026460556,223.97001604035515
27682573,-1.648719,1.720182,1.3662671036911012,185.9223304886038,210.65724047328345
27682576,-1.629055,1.72287,1.3777001036911012,184.61840716184705,212.65558317662573
27682577,-2.81515,0.281722,0.8399941036911011,190.057680190948,228.59631583528932
27677995,-1.734212,2.576022,0.017266103691101042,428.082096427688,99.99397686554562
27661977,-5.835814,-3.351287,2.971498103691101,89.55082672222613,237.22121514852097
27647520,-4.18223,-2.289894,0.08834910369110105,189.9535497451417,251.93254908059075
27682583,-3.516434,-0.641032,0.48571210369110107,191.90918500144284,233.13917603399284
27682583,-3.516434,-0.641032,0.48571210369110107,191.90918500144284,233.13917603399284
27682584,-5.178451,-2.99626,1.1581221036911011,149.57446990171303,242.9159097110998
27664753,-5.304408,0.390045,0.11528910369110101,199.7963475646186,151.8363277333533
27682588,-2.379159,0.574623,0.875691103691101,197.9772882824489,238.01816778699416
27682588,-2.379159,0.574623,0.875691103691101,197.9772882824489,238.01816778699416
27682590,-2.925144,-0.602884,1.8608691036911011,119.40780615680868,260.98329988429896
27682590,-2.925144,-0.602884,1.8608691036911011,119.40780615680868,260.98329988429896
27682591,-3.665399,-1.936483,0.12558010369110106,194.61563900647056,259.59983438433835
27682592,-4.802545,-4.824656,1.955921103691101,125.09137453834734,282.8485658624913
27682592,-4.802545,-4.824656,1.955921103691101,125.09137453834734,282.8485658624913
27669500,-2.575081,0.671478,-0.03397589630889897,253.03275915150925,221.5900382806262
27669500,-2.575081,0.671478,-0.03397589630889897,253.03275915150925,221.5900382806262
27664788,-6.692729,-0.350412,1.3272811036911012,144.21924339259033,146.57952290426283
27664801,-5.227987,0.25242,0.11318410369110099,199.3794602853099,158.43345242240648
27664835,-5.165078,0.154306,0.12793010369110114,198.5476469943197,163.15910032910102
27630218,-2.972284,1.453615,0.017674103691101006,260.9406832274319,162.0892820631986
27630218,-2.972284,1.453615,0.017674103691101006,260.9406832274319,162.0892820631986
27669539,-6.040881,-2.511746,4.211510103691101,32.8755421015083,214.3836177674717
27669539,-6.040881,-2.511746,4.211510103691101,32.8755421015083,214.3836177674717
27654893,-3.943982,-4.126089,1.2816401036911012,146.42569075273164,293.1106168444095
27664884,-5.05613,-0.049821,0.13290710369110115,197.6155904763201,172.503174234222
27662048,-2.973818,-0.612185,2.0735521036911013,104.85698774495724,260.0667385297506
27669584,-3.354234,-0.442031,1.749296103691101,126.86374178662966,235.044553788643
27630265,-2.930763,1.338628,0.01333810369110111,258.9826280008458,170.9535057083504
27630265,-2.930763,1.338628,0.01333810369110111,258.9826280008458,170.9535057083504
27674036,-5.51535,-3.043911,1.425675103691101,140.6407855416748,236.5975265880941
27646372,-8.215896,2.644343,0.03328910369110116,196.37278291058243,21.672480054606183
27662132,-3.858565,-3.130222,-0.009226896308898835,190.09007127029008,275.066739118623
27662136,-2.945278,-1.266089,1.797892103691101,125.21645364413722,279.2644767924114
27647797,-4.022063,-4.379179,1.266265103691101,146.5411969641916,294.21968782560634
27678286,-1.010524,1.803711,-0.01859489630889888,419.9064171773392,271.92045825734505
27622705,-7.290134,0.609716,0.04938110369110116,188.8189684228425,114.4175191450083
27680676,-4.24859,1.894534,1.260558103691101,161.53029476642027,74.31336852095208
27680682,-4.658875,1.817225,0.6528091036911011,196.3505571292142,85.87588933695548
27680693,-5.267757,1.126979,2.7291471036911013,58.66758807289159,87.6275747685633
27669712,-5.954133,-4.401057,-0.14003689630889893,178.46276068189718,247.4472558877236
27678325,-1.101973,-4.44177,0.8033391036911011,171.16442553960132,397.6838180736985
27680707,-4.440916,1.341356,1.870265103691101,114.71417646731388,102.80145868866842
27626520,-5.503477,0.719505,0.10067810369110108,201.4374099387528,135.4105267698368
27665144,-7.256445,-0.341377,1.1870721036911012,148.23420026993392,138.67504422759757
27639384,-2.623745,0.596128,0.004237103691101085,247.86026186868315,222.7565858572013
27669824,-3.069793,-1.379494,1.630527103691101,134.76200082748167,275.419442496282
27657957,-3.53995,0.189793,1.580969103691101,137.04080153719423,201.40841433518875
27657957,-3.53995,0.189793,1.580969103691101,137.04080153719423,201.40841433518875
27626542,-5.465426,0.605852,0.10235810369110099,200.7098367292984,140.61418760145742
27657961,-7.626361,-2.177349,4.713071103691101,23.92998262886698,171.4445350331369
27657961,-7.626361,-2.177349,4.713071103691101,23.92998262886698,171.4445350331369
27680796,-3.049067,0.588563,0.1679851036911011,229.7310198687276,205.0896237130908
27671940,-1.618715,1.868713,-0.005845896308898979,356.12025640893694,202.35209039209093
27643000,-5.465231,0.880374,0.12662910369110114,202.27522954348024,129.17811809264128
27680798,-3.078699,0.547945,0.22589310369110116,225.35744543993889,205.6558740783232
27655282,-1.324611,-3.989313,0.6833981036911011,176.84787048262538,383.0052398388406
27658007,-7.037359,-2.142278,4.516868103691101,25.467794037624174,182.02032129974128
27655295,-2.150989,-6.430418,4.881466103691101,5.972167646289051,415.175779822465
27643016,-5.471247,0.811913,0.11323010369110098,202.1046524207161,132.07354491283695
27650326,-6.720397,0.652985,0.16628810369110103,188.8807563239917,119.040814867429
27639427,-4.929276,-0.330387,0.05164610369110112,199.40100560328,184.6887376688632
27650397,-4.074905,1.151185,1.748881103691101,123.84971398685296,127.27211108840665
27639445,-4.276594,-0.157208,0.048515103691101125,207.3142624124971,194.94686775289168
27639445,-4.276594,-0.157208,0.048515103691101125,207.3142624124971,194.94686775289168
27678564,-3.899987,2.286846,2.013626103691101,87.36939808057218,8.512143675318043
27678570,-7.273046,2.132284,1.058254103691101,158.3072812256633,35.107363773816985
27650421,-5.211785,0.544147,0.1643251036911011,200.109993549114,147.3832273029859
27678573,-4.758057,2.20714,1.334940103691101,154.34833678032436,37.98339250195113
27678583,-5.646094,1.828603,1.549899103691101,136.5849658363308,55.72078677384667
27678588,-4.731668,1.996956,0.9484661036911011,179.6127860891534,65.79591872164289
27676415,-2.397253,-4.37887,0.41113810369110104,178.70488337603285,338.9579308175512
27672192,-2.683238,-2.95428,0.3548171036911011,186.63662007581905,311.53275313733604
27658224,-4.321535,-1.81869,0.03177710369110098,193.8258019033771,238.4773508452428
27674617,-3.810193,1.253705,2.057375103691101,95.91649424581452,122.52866952702036
27678633,-1.642318,2.335676,-0.058149896308898885,410.5947750381301,147.1721973165984
27672232,-0.895418,1.52277,-0.002022896308898847,395.14268745122,308.0422431960304
27672232,-0.895418,1.52277,-0.002022896308898847,395.14268745122,308.0422431960304
27678639,-4.101203,1.066296,1.7488571036911011,124.13773150127965,132.32793660859656
27680941,-3.573211,0.175548,1.268357103691101,156.5827721565105,201.45868925129255
27676482,-0.06552,-5.137,-0.07066389630889902,205.88450414091736,436.1639419789472
27643117,-5.224891,0.393944,0.13354410369110115,199.8537475612508,153.13548977081183
27678665,-1.981286,1.866071,-0.009012896308898899,327.4368166805807,177.3856840805237
27680967,-2.397696,1.053236,1.017646103691101,194.44811708564825,209.8318991022517
27643128,-6.715816,-0.087907,0.10610110369110104,186.5468518398044,144.42107296999362
27680969,-3.21683,0.365716,0.4277491036911011,209.4278042658095,207.9842680260837
27672310,-0.822322,-2.651065,0.37046310369110114,205.34353017754017,398.5001919469104
27680999,-2.771518,0.629163,0.21281210369110104,233.76485799688209,214.69599601890224
27680999,-2.771518,0.629163,0.21281210369110104,233.76485799688209,214.69599601890224
27681009,-2.643639,0.713333,0.18702610369110118,240.01705844010093,216.52218600532157
27681035,-2.547987,-0.381105,1.9957601036911012,106.91711155980887,275.2011272439454
27681035,-2.547987,-0.381105,1.9957601036911012,106.91711155980887,275.2011272439454
27665453,-3.550915,0.09113,1.742551103691101,126.3837211617455,205.1845060279872
27665453,-3.550915,0.09113,1.742551103691101,126.3837211617455,205.1845060279872
27619506,-6.773217,-1.959941,4.402265103691101,25.24342707161037,182.3956377220086
27619506,-6.773217,-1.959941,4.402265103691101,25.24342707161037,182.3956377220086
27535461,-3.646824,-1.722648,0.017119103691101145,200.20902768999375,255.30209475288964
27535461,-3.646824,-1.722648,0.017119103691101145,200.20902768999375,255.30209475288964
27681114,-1.00134,-0.018887,1.6294931036911011,137.0428412251269,402.6425712885259
27678812,-4.808542,-0.422738,0.14675610369110115,196.1962804968228,190.07492248867155
27678815,-3.026894,0.775315,1.9806081036911012,101.65737934257592,190.3358611786478
27678827,-3.518605,0.19879,1.7478691036911012,125.75238899840168,201.45646797307683
27678830,-3.307875,0.47584,0.2598511036911011,218.43611036883144,200.18371978214185
27676743,-4.527703,2.053264,1.7657051036911011,120.12571729514984,42.33423499517812
27646741,-2.896471,1.275406,-0.06953089630889897,262.84875255787443,176.6520257502614
27643233,-4.911635,0.006143,0.18074110369110108,197.51444255281288,173.55560136546384
27660836,-4.214891,1.441896,1.7848951036911012,120.2845573151738,101.63597318461292
27618541,-3.148921,1.796384,0.007260103691101083,266.88779401698866,132.1680488848538
27676817,-4.353246,0.46226,0.24673810369110116,204.7393509244632,169.28446030699513
27595302,-4.626735,0.481444,0.025706103691101045,211.2149725184389,163.07886606581243
27670453,-0.852399,-4.199032,1.3771041036911011,148.7813213116268,420.3539150720552
27674870,-2.705146,0.793973,0.004469103691101095,250.73283515621011,210.00588899695
27674870,-2.705146,0.793973,0.004469103691101095,250.73283515621011,210.00588899695
27678941,-1.410264,0.657789,1.3716521036911011,169.28089775712007,321.3924232328664
27638838,-6.13577,1.812819,-0.02107289630889886,210.61680048346383,77.63096921112461
27660887,-4.087254,1.273371,1.770758103691101,121.76830835293896,117.85842409405932
27650987,-7.63374,-3.692149,4.964758103691101,30.90167193858412,207.48736761269916
27651011,-5.792272,-2.340303,4.093424103691101,33.476845143128486,216.14891028111344
27625910,-3.43563,2.69539,-0.014375896308898906,292.7833194075689,41.51187376764796
27674895,-5.323599,-2.920759,0.9571941036911011,155.6193979440574,237.93701817091943
27678990,-0.759097,-3.750991,-0.110823896308899,213.78655771055568,398.0066085848577
27674904,-3.216051,-0.6964,1.625524103691101,134.71092296094344,249.39521484891776
27618582,-3.072314,1.657583,0.012602103691101041,264.51563039367824,144.74808570150532
27679007,0.046332,-9.672209,0.10226210369110111,177.04488113811908,437.8801592547481
27681357,-5.095002,1.79876,1.6505991036911012,130.37345519511769,61.59712124324855
27679011,0.688226,-15.165572,-0.632205896308899,178.28179967974393,443.011318034257
27618591,-2.990053,1.615716,-0.031776896308898905,268.47522515552254,151.05325799953152
27681363,-6.102298,1.280524,2.6725571036911013,70.73932342280185,66.95006518539691
27681368,-5.176434,1.366074,2.805784103691101,46.63790643094811,69.57533974131806
27676908,-4.381375,-1.974507,-0.0022768963088988237,193.49695747174715,240.2046952945116
27643290,-3.75716,0.674797,1.752449103691101,124.49835275438645,167.46121800536778
27681382,-4.533676,1.591897,0.8677041036911011,182.78140956650088,99.83289463688745
27618601,-3.038245,1.584593,0.015693103691100996,263.08424303984697,150.9843583136514
27681397,-4.358252,1.015768,1.955129103691101,109.7913461161372,126.16364424379042
27681403,-4.428109,1.052988,0.5085301036911011,198.034246177607,138.29925807760446
27668302,-3.171927,2.097053,-0.010213896308898907,278.0014032161554,107.34095747219706
27668313,-6.0982,1.879984,0.0019311036911011659,210.85780560373323,74.18503099925559
27653616,-8.845631,2.639837,-0.11304589630889894,196.5229573628125,22.845628728755315
27651218,-3.806493,-2.822987,0.045878103691101124,190.4950589685768,271.7053123918722
27681456,-2.125823,1.473832,1.3287091036911012,174.767669866105,193.46100609813868
27681457,-3.043326,0.692744,0.22464710369110108,228.80133015924488,200.39636001134
27681458,-2.622972,0.990196,1.425692103691101,154.00124891705724,199.84231784672943
27618620,-2.94127,1.501431,-0.03157489630889887,266.30693557714613,160.56175621984528
27681464,-2.655412,0.992755,0.5155041036911011,225.8581685214713,200.86223731614547
27681465,-2.716466,0.926832,0.21869910369110102,241.55890574231063,202.4308647087107
27665864,-3.989552,-2.8685,-0.014351896308898882,190.94527308751904,267.24340200723424
27681482,-2.909101,0.623704,0.7235931036911011,200.60257477384116,208.40926625119025
27646955,-6.718474,-0.37259,1.208227103691101,148.47411394626383,147.52493470323327
27681494,-2.390909,1.087642,1.0228901036911011,194.73563254847824,207.93188691576805
27681498,-2.440202,0.948307,1.617847103691101,135.46810009177426,213.54607470668392
27668441,-3.147295,1.699659,-0.017140896308898812,265.2222038261756,139.64180629810068
27665898,-2.999366,-1.378591,1.639021103691101,134.34458043827976,278.55845214529324
27653722,-3.133044,2.057182,0.011642103691101191,276.5787826521897,111.473561204644
27681525,-2.653135,0.6076,-0.016130896308898857,248.51333820394015,220.91471326128493
27681525,-2.653135,0.6076,-0.016130896308898857,248.51333820394015,220.91471326128493
27629773,-3.532142,2.888577,-0.02052889630889898,297.99465285634085,17.35473269984854
27681539,-2.837411,0.37768,0.7038261036911011,199.40485607726177,223.1999758536013
27668512,-6.54514,0.597567,0.789698103691101,167.0030903298527,118.53664011908158
27643356,-5.398273,-0.827185,0.09926610369110112,190.6569612944336,189.08350665674303
27681593,-4.869378,-4.618158,0.6966671036911011,160.71944311278196,274.0951194539417
27668571,-7.145596,-0.314279,3.4667401036911007,54.45455002049931,123.98561476341398
27668577,-3.398819,1.273118,1.942010103691101,103.43956747288922,136.59046284213832
27681598,-3.061244,0.902711,1.926431103691101,106.01302865619212,180.17397873984
27681599,-3.862135,0.258237,0.8919591036911011,176.4319437033136,189.01338401343423
27647028,-4.948595,-0.311788,0.04674710369110113,199.56540997772387,183.6882658464192
27638929,-2.979968,1.521145,0.035546103691101116,261.7381904819396,157.17861390140942
27668584,-6.181467,0.012508,3.1510671036911013,57.65621562962946,128.73115103781743
27681609,-3.567005,0.328327,1.312929103691101,154.4511411034484,194.63172367115723
27629812,-3.456217,2.689378,-0.028120896308899024,292.44196843557205,42.46368798978489
27681614,-3.606488,0.196025,1.194304103691101,160.90431701725714,199.5074399473296
27626018,-3.25071,2.246901,-0.015064896308898845,281.1587158777781,91.8449885962693
27681635,-2.766571,0.928754,0.20596410369110107,241.1128487306142,200.1397876713819
27681642,-2.67733,0.751863,0.904396103691101,193.79823848695685,212.57101945231804
27681647,-2.755894,0.781653,0.1289831036911011,242.2587194919765,208.2245940424431
27681647,-2.755894,0.781653,0.1289831036911011,242.2587194919765,208.2245940424431
27681654,-3.319041,-0.047426,1.5877211036911012,136.85812268233838,220.83842063751567
27681655,-3.227438,0.039753,1.166158103691101,164.0659672621439,220.88592910950248
27672958,-4.790049,-0.576628,0.05901310369110102,198.32713963723765,195.3409731754676
27672978,-2.610451,0.78687,-0.017923896308899012,254.2575180161197,214.59778787406165
27672978,-2.610451,0.78687,-0.017923896308899012,254.2575180161197,214.59778787406165
27661265,-4.174057,1.304115,1.641936103691101,131.7026896847756,115.4204126116236
27626071,-3.17543,2.053979,-0.02610089630889889,277.19400409521245,111.27915181350374
27661291,-5.475616,0.895871,0.12490210369110111,202.38846161312665,128.35219946790036
27673044,-6.873095,-0.37497,1.501247103691101,137.5949446708937,143.60427549691423
27679312,-6.463235,0.655049,2.967549103691101,63.54618854024082,94.66306689077656
27661328,-5.375864,0.719949,0.06757710369110104,203.96459773291457,137.90785186339616
27661336,-3.065865,1.501975,-0.02575789630889891,262.0877607275286,155.97481688524505
27673112,-2.711628,0.832512,0.01435910369110105,251.01060216738293,207.83665398452888
27673112,-2.711628,0.832512,0.01435910369110105,251.01060216738293,207.83665398452888
27668739,-4.835924,0.252865,0.37190310369110113,192.5737875055293,165.4178404698891
27638965,-2.981356,1.446275,0.009567103691101142,260.91437097515325,162.30011219901667
27677405,-4.927386,1.993173,0.680126103691101,193.5252664165589,69.11728290481003
27679392,-4.877614,-0.5595,0.10561610369110119,196.07877982382345,192.71382744001383
27671099,-2.66515,0.916707,-0.014400896308898847,256.10028800774,205.732439677686
27671099,-2.66515,0.916707,-0.014400896308898847,256.10028800774,205.732439677686
27679414,-2.72543,0.868835,0.010036103691100973,251.8327587991475,205.44620731536213
27675369,-3.791053,1.84944,2.025112103691101,91.52906295364764,66.31617859332852
27679442,-1.174654,1.835286,-0.039555896308898886,403.15703675048974,248.18557355230476
27679445,-2.697256,0.708375,-0.013401896308898875,249.74996767667596,214.40378161317955
27679445,-2.697256,0.708375,-0.013401896308898875,249.74996767667596,214.40378161317955
27671137,-2.558725,0.6835,-0.017413896308899002,252.87019387582103,221.81063775904624
27671137,-2.558725,0.6835,-0.017413896308899002,252.87019387582103,221.81063775904624
27679485,-3.291856,-0.472918,1.7505091036911011,126.80269052519128,238.8459616254908
27677504,-3.11916,0.215946,2.027918103691101,103.09794486370797,218.0134032601981
27639006,-2.960938,1.378626,0.011155103691101065,259.4001998060746,167.34248943777908
27639006,-2.960938,1.378626,0.011155103691101065,259.4001998060746,167.34248943777908
27679510,-2.728816,-0.334007,2.0167011036911013,105.89393079382226,262.906906222849
27679516,-3.201715,-1.142046,0.6844521036911011,181.7201958032338,259.06720003544
27639017,-7.614119,1.081256,0.014630103691101182,190.68537532895647,94.29182265721305
27661524,-4.971606,-0.116061,0.13874410369110102,197.5793084266168,176.54473308338817
27666304,-1.953325,-3.731674,0.7216161036911011,173.19216456871663,353.0841003884285
27668909,-2.68043,0.654428,-0.024056896308898956,249.4084846010884,217.60985531539663
27668909,-2.68043,0.654428,-0.024056896308898956,249.4084846010884,217.60985531539663
27668910,-2.579315,0.711313,-0.023101896308898917,253.36834873631693,219.5771891400668
27668910,-2.579315,0.711313,-0.023101896308898917,253.36834873631693,219.5771891400668
27679577,-2.828699,0.780902,0.193614103691101,236.89649339074333,205.0107067513591
27629972,-3.212181,2.115562,-0.03413189630889901,278.6558550248928,105.12126074635847
27679609,-2.643047,0.757066,0.030347103691101163,249.95709288797823,214.51716875673856
27681947,-4.535843,1.899596,1.600416103691101,134.17404121326916,61.35780939285064
27679615,-2.683136,0.66948,-0.02118489630889897,249.5575806206041,216.80936255726084
27679615,-2.683136,0.66948,-0.02118489630889897,249.5575806206041,216.80936255726084
27681957,-3.114399,1.899928,2.165138103691101,59.01356312082021,69.775240696608
27681960,-3.290446,1.77006,2.137159103691101,71.1987413433055,83.99086000014086
27679625,-4.610919,-1.870089,-0.04626589630889888,194.00784025232127,232.23589902751405
27681963,-3.232475,1.75188,2.1507111036911013,68.52464079772429,87.5943955069798
27679630,-3.627606,-0.904013,0.505328103691101,187.95485025790688,237.0739637356486
27679631,-5.407653,-3.303682,2.217650103691101,114.78796181999184,245.11171830877296
27679632,-3.524256,-1.039846,0.5228481036911011,187.017411515658,244.29347805338625
27679632,-3.524256,-1.039846,0.5228481036911011,187.017411515658,244.29347805338625
27679634,-3.497838,-1.128176,0.524783103691101,186.4914928941554,247.53289431586083
27679634,-3.497838,-1.128176,0.524783103691101,186.4914928941554,247.53289431586083
27609664,-2.828882,1.121022,0.013265103691101121,255.662414390018,187.7571514234581
27609664,-2.828882,1.121022,0.013265103691101121,255.662414390018,187.7571514234581
27681964,-5.595983,1.185748,1.383327103691101,145.60289368081104,99.11076915878418
27656995,-3.080006,1.926711,-0.0030898963088989984,274.54834007024147,124.27534273727676
27639865,-3.393981,-0.452458,1.6259491036911011,134.46478677845602,233.51051215394813
27668980,-5.561306,0.81518,0.09469010369110098,201.99293248995397,130.54143646706507
27679688,-0.981843,1.943856,0.13638910369110113,436.68889897406575,266.46615169236907
27622290,-3.181706,2.045391,-0.034260896308898836,277.13299526948794,111.98781431955774
27682002,-2.887139,0.959513,0.9857781036911011,187.61807724573023,190.14726942802025
27639881,-6.194125,-2.465368,4.279228103691101,30.85118996355766,209.47128108115308
27682012,-2.85597,0.882678,0.15992910369110103,240.5107788326453,198.8293499442509
27682013,-3.064758,0.688835,0.4694751036911011,214.5386040985592,199.12023616718088
27682013,-3.064758,0.688835,0.4694751036911011,214.5386040985592,199.12023616718088
27682015,-2.011154,1.577824,1.3078891036911011,181.62336737988323,192.0430516075376
27669021,-6.795324,0.110409,0.755900103691101,165.4459507850336,133.05355976734296
27682032,-2.758209,0.818667,-0.01879189630889888,251.27328865453683,206.54718909394168
27682032,-2.758209,0.818667,-0.01879189630889888,251.27328865453683,206.54718909394168
27682037,-3.057717,0.498545,-0.02545089630889885,237.70333948568455,208.9451459138992
27682039,-2.462829,1.059031,1.005763103691101,194.3632582572695,205.6323823193154
27682044,-3.074435,0.365675,1.233592103691101,162.60146395673053,213.05418707674343
27677697,-2.483738,-4.737382,0.20868010369110102,182.85274237569732,337.64574718079115
27677698,-1.725988,-1.684998,0.562616103691101,196.3602809804836,337.86073477538434
27643593,-5.944386,-1.537026,3.078268103691101,74.51235471827368,191.08803140208087
27682060,-2.656108,0.653405,1.342935103691101,159.12284248098544,218.98503674307435
27682066,-2.257326,1.045782,1.461875103691101,153.28797615720083,219.2735619127133
27630052,-3.171194,1.906292,0.025574103691101024,268.7682233134126,122.682316737386
27682076,-2.967348,0.030474,2.025886103691101,103.8029939397843,234.660105203114
27682078,-2.616814,0.613916,1.2902721036911011,163.47412692603996,223.31437018496013
27682080,-2.729246,0.498575,0.3871101036911011,222.05919092956864,222.5438275845069
27682081,-4.204404,-1.198319,-0.0317148963088989,201.45905318451292,227.03885379670768
27682082,-2.542805,0.664844,1.2144171036911011,170.74225837840072,224.65344186991783
27622333,-3.201691,1.920381,0.007365103691101105,269.31618017314474,120.95852917203922
27682093,-4.987882,-2.763075,0.9134581036911011,158.15978161917457,242.58619014676324
27661660,-3.584644,0.133119,1.572800103691101,137.50785655746364,202.291482980039
27682099,-3.777292,-1.476239,0.10749410369110102,197.85564636263308,246.0925593324739
27682113,-2.609412,-0.834949,2.034382103691101,107.30271083935224,286.65352169820505
27682124,-3.061532,1.023933,1.9694091036911012,100.47075495006412,170.8401568179571
27682124,-3.061532,1.023933,1.9694091036911012,100.47075495006412,170.8401568179571
27682127,-6.078006,-0.939355,2.8255471036911013,82.55003791138603,170.06812832080487
27682127,-6.078006,-0.939355,2.8255471036911013,82.55003791138603,170.06812832080487
27682128,-3.826419,0.311509,0.9043861036911011,176.43794182015947,187.81327990367467
27682130,-3.828722,0.288374,0.954507103691101,173.54119044809065,188.57088699054947
27682133,-3.331709,0.617738,0.8491901036911012,187.0862712812913,190.9993186967227
27682133,-3.331709,0.617738,0.8491901036911012,187.0862712812913,190.9993186967227
27682134,-3.362272,0.556287,1.207212103691101,163.51175162394418,191.59686501119543
27682134,-3.362272,0.556287,1.207212103691101,163.51175162394418,191.59686501119543
27682135,-3.449166,0.458456,1.2729601036911011,158.13871796305196,192.9223672599216
27682135,-3.449166,0.458456,1.2729601036911011,158.13871796305196,192.9223672599216
27682136,-3.440408,0.467257,1.1430641036911011,166.56420538928768,193.26483740915205
27682137,-3.495035,0.44407,0.8377781036911011,184.247752189695,193.3437000541853
27682137,-3.495035,0.44407,0.8377781036911011,184.247752189695,193.3437000541853
27682138,-3.49189,0.393691,1.337256103691101,153.47990857078494,194.25226358294003
27682139,-3.389755,0.472076,1.312540103691101,155.9109027590306,194.4210838336688
27682140,-3.400602,0.450151,1.119718103691101,168.21697493031377,195.68806006975203
27682141,-3.606803,0.272318,1.399400103691101,148.68376425368038,195.5199521322498
27671386,-1.619066,-5.708387,0.7347631036911011,166.58491799170784,380.0225862477084
27682142,-3.389893,0.441003,1.1671961036911012,165.231559492827,196.4028246359273
27682143,-3.497524,0.339575,1.3449661036911011,152.7705305031591,196.6154395454817
27682144,-3.295927,0.485639,1.0980781036911011,170.66561937575383,198.12224086092837
27682145,-3.364269,0.411849,1.213142103691101,162.2910025382408,198.68819304397132
27682146,-3.314997,0.435253,1.2776211036911012,158.48787507840862,199.35024532467747
27682146,-3.314997,0.435253,1.2776211036911012,158.48787507840862,199.35024532467747
27682147,-3.473168,0.29404,1.429150103691101,147.27994760147732,199.48875254417848
27682147,-3.473168,0.29404,1.429150103691101,147.27994760147732,199.48875254417848
27682148,-3.094169,0.625026,0.8152781036911011,192.1881754955301,200.1853307437106
27682148,-3.094169,0.625026,0.8152781036911011,192.1881754955301,200.1853307437106
27682151,-3.044102,0.645117,1.8083141036911012,118.639487747888,198.45835000366952
27682153,-3.307894,0.376938,1.140940103691101,167.08900722875302,202.76556405657595
27682154,-3.380299,0.334664,0.7903071036911011,187.08189494831043,202.59049402512116
27682155,-3.323121,0.34706,1.2925961036911011,157.05050043671525,203.25573705422065
27682156,-3.063727,0.568983,1.087113103691101,174.11825690372464,203.6924809391035
27682156,-3.063727,0.568983,1.087113103691101,174.11825690372464,203.6924809391035
27682157,-3.482699,0.195526,1.3092351036911012,154.59039940207697,203.90099452857203
27682159,-3.21887,0.350965,1.5783291036911011,137.696709369728,206.9610830107258
27682159,-3.21887,0.350965,1.5783291036911011,137.696709369728,206.9610830107258
27682161,-2.386403,1.075914,1.196126103691101,178.92096144010983,208.67820337194604
27682161,-2.386403,1.075914,1.196126103691101,178.92096144010983,208.67820337194604
27682162,-3.009408,0.583312,0.4998911036911011,211.9666031987932,206.3847766431457
27682162,-3.009408,0.583312,0.4998911036911011,211.9666031987932,206.3847766431457
27682164,-3.381752,0.198183,1.6632981036911012,131.5784186692645,207.23561549945344
27682164,-3.381752,0.198183,1.6632981036911012,131.5784186692645,207.23561549945344
27682165,-3.088921,0.446253,1.5355941036911012,141.18224672078637,208.0637308430217
27682165,-3.088921,0.446253,1.5355941036911012,141.18224672078637,208.0637308430217
27682166,-3.304849,0.243558,1.0986661036911012,168.8734031284369,209.04780735284268
27682169,-3.384739,0.130125,0.770899103691101,186.13707215321483,211.0863992822014
27682170,-3.435735,0.090235,0.6721581036911011,190.49157345940085,210.8861069094492
27682171,-3.147915,0.329829,1.544059103691101,140.3098091125971,211.22524123249377
27682171,-3.147915,0.329829,1.544059103691101,140.3098091125971,211.22524123249377
27682172,-3.172372,0.268898,1.472034103691101,145.2993656986099,213.12409046008372
27682172,-3.172372,0.268898,1.472034103691101,145.2993656986099,213.12409046008372
27682175,-4.035309,-0.569204,0.807831103691101,174.03228553571077,214.32371648170783
27682178,-3.17561,0.192329,1.396858103691101,150.25727981147492,216.5527368341247
27682178,-3.17561,0.192329,1.396858103691101,150.25727981147492,216.5527368341247
27682179,-3.232421,0.169697,0.47670810369110106,203.9942940142418,215.4020750587
27682181,-3.152328,0.161601,1.396256103691101,150.30169136903692,218.95924940921367
27682181,-3.152328,0.161601,1.396256103691101,150.30169136903692,218.95924940921367
27682182,-3.015659,0.291208,1.2932301036911011,158.4990624391059,219.2209933502336
27682182,-3.015659,0.291208,1.2932301036911011,158.4990624391059,219.2209933502336
27682183,-3.80593,-0.485695,0.6646251036911011,182.6436709796764,218.82051581900183
27682184,-3.059646,0.258459,1.672274103691101,130.8962052518506,218.77623125753163
27682184,-3.059646,0.258459,1.672274103691101,130.8962052518506,218.77623125753163
27682185,-3.143769,0.158094,0.7176411036911011,191.9521926104848,219.33847743950977
27682185,-3.143769,0.158094,0.7176411036911011,191.9521926104848,219.33847743950977
27682188,-2.631924,0.78003,0.13033210369110115,245.18589040281356,213.8672816439148
27682188,-2.631924,0.78003,0.13033210369110115,245.18589040281356,213.8672816439148
27682189,-3.144681,0.114123,1.3819001036911012,151.1476415999426,221.38765782582576
27682189,-3.144681,0.114123,1.3819001036911012,151.1476415999426,221.38765782582576
27682190,-1.206493,2.069156,1.5241721036911011,179.68788780379052,225.36033249895755
27682192,-2.603964,0.734265,0.16468110369110112,242.77235023708383,217.3716159482525
27682192,-2.603964,0.734265,0.16468110369110112,242.77235023708383,217.3716159482525
27682193,-1.262362,1.999051,1.530540103691101,171.336245459303,227.88804876223372
27682194,-2.238035,0.96608,1.280637103691101,171.4871078678351,225.95202520124957
27682196,-4.282335,-1.178086,0.30843910369110106,188.785800844318,224.65235003656937
27682208,-1.165902,2.030173,1.573499103691101,160.70376695248038,247.63042598251943
27682211,-5.582299,-4.333044,1.643464103691101,134.01024630489496,257.0902994443958
27682211,-5.582299,-4.333044,1.643464103691101,134.01024630489496,257.0902994443958
27639114,-5.482105,0.832239,0.11379410369110099,202.1665875641246,131.030113908025
27666561,0.240462,-9.841793,0.002247103691101149,179.56901896160812,443.0626425814177
27680028,-6.847239,0.52703,3.255367103691101,52.6270137028003,92.55055323953928
27680035,-4.346712,1.363157,1.9343301036911011,109.18335996612927,102.09483290373134
27680040,-6.960069,0.169851,2.9488131036911014,73.79393116752084,111.12430911691196
27680042,-4.758032,1.331983,0.21837710369110108,211.4166899060143,119.65821276892912
27622391,-3.036844,1.693295,-0.044069896308899015,270.2471499142962,144.09255590258533
27664501,-4.371861,1.684253,1.784286103691101,119.72982557442806,78.45369915938448
27630112,-3.03604,1.693044,-0.03983289630889897,270.01467315660443,144.08603776966936
27639129,-2.724985,1.113097,-0.001911896308898875,259.281584153166,192.6324806538377
27664516,-3.666281,1.717735,1.9501401036911012,100.11674195673598,85.735176933308
27622406,-3.084347,1.678125,0.012542103691101092,264.7957281044472,142.87900087875585
27680081,-1.851164,2.059793,-0.009181896308898985,353.0179307514228,166.3346763342169
27630126,-3.06388,1.679073,0.02413910369110117,264.79699401086214,143.35713444802377
27669334,-4.867009,-0.610219,0.112995103691101,195.5165803025017,194.4400503655399
27669334,-4.867009,-0.610219,0.112995103691101,195.5165803025017,194.4400503655399
27622455,-3.014061,1.536479,0.017682103691101014,262.2124874030775,155.09214752588267
27623275,-6.455156,-1.359493,3.6305491036911013,51.228802268431565,172.94936245074047
27623275,-6.455156,-1.359493,3.6305491036911013,51.228802268431565,172.94936245074047
27682600,-1.104203,2.281933,1.648020103691101,122.34441403185996,172.6535262408246
27682604,-2.726733,1.360569,2.304270103691101,44.15793626779177,153.2475223231312
27682607,-5.914791,-0.780857,2.5725671036911013,92.460076140565,169.1555582857314
27682608,-2.924884,1.110978,1.991778103691101,95.66478930448083,170.4747343368038
27682611,-4.088696,0.297942,2.200615103691101,95.63086712651187,173.81977994371735
27682613,-67.239006,-41.655354,16.781608103691102,83.13024291356663,173.0007199093825
27682614,-3.582497,0.474604,1.0875761036911011,168.99992254764885,187.89479868968988
27682615,-3.730018,0.36984,1.019113103691101,171.2320723815387,187.96455098683515
27682616,-3.413894,0.614272,0.791987103691101,189.5349465620434,188.3347093306783
27682620,-3.276339,0.640158,0.9938181036911011,178.83901458907917,191.46125802384896
27682621,-3.406042,0.523053,1.135205103691101,167.6774264617951,191.84748399594915
27682623,-3.380738,0.528229,1.043719103691101,173.71907249682704,192.88065272303905
27682624,-3.374523,0.502126,1.3343641036911011,154.64300173131937,193.42759570847207
27682625,-3.900091,0.230194,2.341737103691101,84.37552203704342,183.17058854052752
27682626,-2.968099,0.877177,2.012915103691101,96.77941068271456,186.10999826578387
27682627,-3.305941,0.536394,1.169459103691101,166.29167522054018,194.97661439488104
27682628,-3.393292,0.486611,0.7527461036911011,190.6640468280501,195.3305226306032
27682629,-3.357719,0.468791,1.356064103691101,153.12476735852343,195.72270578223572
27682631,-3.381385,0.456742,0.632448103691101,197.2556573907632,197.46974079533507
27682632,-3.145861,0.660318,0.5641671036911011,207.21303670689977,197.0243258943576
27682634,-3.320761,0.475542,0.7868301036911011,189.404599458502,198.4664098017898
27682635,-3.264489,0.511883,0.555249103691101,203.82460657570888,199.4979449376699
27682636,-3.224679,0.492536,1.0555751036911012,174.06628156446246,200.77246505825752
27682638,-3.233499,0.440323,1.3150111036911012,156.44721318547985,202.3824113540788
27682639,-3.225912,0.444481,1.0004391036911011,177.15387720371072,203.1638531872698
27682640,-3.008362,0.663053,0.5948361036911011,207.62373002843037,202.40190402937048
27682642,-4.390829,-0.465467,1.9866521036911011,114.72639709853186,198.49766740748356
27682643,-3.36846,0.318062,1.4301251036911011,147.62711807183877,202.51150319774288
27682644,-3.320278,0.328056,1.4685871036911011,145.19448410779543,203.9342695584782
27682645,-3.457241,0.187412,0.712750103691101,189.0788598349854,206.15246346590615
27682646,-3.237637,0.354594,1.284359103691101,158.10393641342085,206.4460385456047
27682647,-3.155243,0.422407,1.076090103691101,172.79873562591865,207.0092742368425
27682648,-3.246516,0.326372,1.4832561036911012,144.3948529552324,207.1147580333544
27682649,-3.637656,0.055697,2.095140103691101,102.2618414298031,202.71447029211117
27682650,-3.266389,0.303572,1.731658103691101,126.43434669417246,206.98089303917635
27682651,-3.518152,0.035193,0.7261881036911011,186.33159777373064,210.0406142484845
27682652,-3.444562,0.105583,0.6684301036911011,190.745976531816,209.9633943461508
27682655,-2.723691,0.795957,0.19440610369110112,239.6346060119408,208.85589374056312
27682656,-2.579351,0.813237,1.0304411036911012,186.6613230076121,214.2054070964293
27682660,-3.170885,0.245552,1.508267103691101,142.72404007940452,214.27041322346625
27682662,-3.136163,0.29243,1.7554161036911011,124.51355987268133,213.4479970363513
27682663,-4.943555,-1.487475,0.009652103691101033,192.4399683702416,215.8443482741321
27682664,-3.219223,0.159887,1.455878103691101,146.0458164127879,216.10056107647952
27682665,-1.734987,1.607362,1.013746103691101,229.8393068440597,214.92114393568207
27682666,-5.798642,-2.103518,-2.197985896308899,238.37653574761808,212.3692284759773
27682670,-1.451787,1.845974,1.3180321036911011,208.16294584011035,219.4162663397245
27682673,-3.209853,0.108702,1.567172103691101,138.42543951425307,218.80238984377283
27682674,-43.703331,-40.335361,-6.644359896308899,163.585958592861,219.46861189427835
27682675,-1.10503,2.17654,1.568421103691101,173.21510233297255,225.63291355148635
27682676,-3.278084,0.005622,0.7146901036911011,189.060886449603,220.0580189146268
27682677,-1.290635,1.987133,1.510550103691101,175.99865245818663,223.8703710977104
27682681,-3.410665,-0.056158,-0.368699896308899,236.8887688297461,217.44983659726017
27682682,-1.120458,2.152473,1.5743261036911012,167.59973868807515,228.35781420163164
27682684,-1.321239,1.940181,1.472518103691101,183.6229788725773,226.6279369940474
27682685,-2.159483,1.098466,0.749166103691101,223.78007344672235,221.9553172769314
27682689,-2.545326,0.736194,0.20890010369110112,241.6913768572161,220.0826103900964
27682691,-1.927969,1.280478,1.328166103691101,175.23848080999733,227.27285786914533
27682692,-4.117156,-1.03808,-0.06617589630889897,204.8147425026568,225.29316966870783
27682694,-2.625536,0.503194,0.948472103691101,188.02062092071347,228.0511452863221
27682695,-1.039543,2.23089,1.4868031036911011,233.08031859196885,230.94561644860607
27682697,-1.06437,2.192282,1.5606521036911012,182.35854462160225,236.550380178616
27682698,-1.141372,2.112951,1.398107103691101,234.9781854812109,231.12929483272416
27682699,-5.760975,-3.125052,2.101699103691101,118.82351263137726,233.49994051329367
27682700,-3.541934,-0.803228,0.4620841036911011,191.3372168824536,236.99913714531067
27682731,-2.055597,-3.562102,-0.7706758963088991,224.03475350563468,332.66391036965075
27682745,-1.74102,-4.266633,-0.7617798963088991,220.09795765136715,350.7012105316416
27682967,-4.498853,2.248047,1.764896103691101,119.2197833815488,21.818220562410065
27682970,-2.698622,2.334716,1.895297103691101,81.28733461279981,9.167760341011189
27682985,-4.379794,1.706954,2.490275103691101,53.65652279846523,57.93704060083167
27682993,-6.977201,0.854488,2.8565311036911014,72.45518714292353,79.36488524752514
27683030,-1.202171,2.362111,1.558705103691101,185.695001414236,99.72533261579316
27683033,-2.505784,1.308608,1.788627103691101,114.19041385019185,179.05107575880356
27683036,-3.618683,0.6011,0.48700910369110106,203.8388472137164,183.1657822591001
27683037,-3.059164,0.875868,1.159325103691101,171.6995896781244,186.6385982912864
27683039,-3.211454,0.755213,0.8623111036911011,189.2622622797728,188.51461052202583
27683040,-2.954188,0.888892,1.286046103691101,162.9654261271393,189.9684214203812
27683041,-2.984145,0.909731,0.8902781036911012,192.4434083299271,189.213665442112
27683042,-2.957789,0.879622,1.232213103691101,167.1240273761201,190.626064191178
27683043,-2.934867,0.918917,1.073042103691101,179.9598650675103,190.02226423405804
27683045,-3.044784,0.805265,0.9925341036911011,183.1831800224717,192.1273659080903
27683047,-3.02409,0.782221,1.212243103691101,167.30043794139277,193.48131146874888
27683048,-2.963687,0.794418,1.387705103691101,154.1870028221614,194.8705874950016
27683050,-5.362048,-1.97963,3.500945103691101,53.74558666629437,217.7638576521016
27683051,-3.089247,0.626048,1.454955103691101,147.6652298709518,198.55621048926636
27683052,-2.985151,0.748951,1.2745761036911012,162.66971074583614,196.95784428925427
27683053,-2.958271,0.805355,0.815485103691101,196.48552691864617,196.5435853468834
27683054,-3.078082,0.669166,0.984281103691101,181.8813283889895,198.13167114654243
27683057,-2.305861,1.353227,0.7430631036911011,227.31951191692409,195.01062602628545
27683059,-2.883515,0.822955,0.8898571036911012,192.74334944582588,198.68843780672583
27683060,-2.982718,0.744085,0.6908521036911011,203.33979660495552,199.1361745393068
27683061,-3.097778,0.647302,0.176688103691101,229.44681115611556,200.5140557761408
27683063,-2.949161,0.704298,1.1838411036911012,169.47081259926946,201.43793787447103
27683064,-2.951249,0.63956,1.4975321036911011,144.86169392072964,204.20836932819716
27683065,-1.273225,2.234456,1.550467103691101,174.11292584074658,153.99076503431152
27683066,-2.847162,0.694505,1.653301103691101,131.90750260006166,205.9514651912192
27683067,-2.899732,0.66022,1.571481103691101,138.93239313209716,205.4300827412784
27683068,-3.487622,0.037861,1.740102103691101,126.60908600832876,210.11347448584584
27683069,-3.019284,0.633494,0.5925991036911011,207.1205367124436,203.4012947242316
27683070,-2.903041,0.708465,0.9719691036911011,185.25950006567888,203.8643205624656
27683071,-1.655869,1.865988,1.403972103691101,183.21596792114647,188.55420000315289
27683074,-2.824619,0.609799,1.738723103691101,124.45749352164188,212.06694018730596
27683075,-2.77941,0.695084,1.5488281036911011,141.19790738701187,209.7216277751499
27683077,-2.69645,0.842788,0.8162591036911011,201.23799747960248,206.69274575804275
27683079,-2.908576,0.598989,0.870132103691101,190.77251578679363,209.47375367302317
27683081,-2.691577,0.80379,0.8183481036911011,200.5312046962965,209.10402302515905
27683082,-2.767024,0.63669,1.533587103691101,142.46642535873974,213.809895660921
27683085,-41.15641,-38.497536,-31.232519896308897,238.4972686183732,220.62111793011076
27683087,-3.010555,0.431654,0.767471103691101,193.8535903182438,213.08239543931097
27683088,-1.796193,1.665412,1.0165061036911012,229.3115861203441,203.1039665174832
27683094,-2.725579,0.607931,0.9901221036911011,185.0458516289244,217.7110986672948
27683095,-2.938949,0.381547,0.8065851036911011,191.7635895526548,218.48588001794624
27683098,-2.719972,0.583338,1.184385103691101,170.58108859175724,219.3014975069351
27683099,-1.332412,2.110945,1.5264231036911011,174.12568224814123,184.5001868310534
27683101,-1.221593,2.226358,1.570370103691101,167.43895208871544,168.46183099935607
27683102,-1.85673,1.520023,0.9890891036911011,224.05312689636935,212.2887182962865
27683103,-2.727279,0.546069,0.8478761036911011,194.07892461580968,220.6915638036814
27683104,-2.655131,0.592231,1.201470103691101,169.98151503419447,222.28729264034536
27683105,-2.739809,0.515592,0.6921881036911011,203.62531306689533,221.46311629869905
27683106,-1.341355,2.084796,1.5002711036911012,181.15125969781965,190.37947644193463
27683109,-2.666837,0.54651,0.9451851036911011,188.242729605968,223.78116398770587
27683111,-1.143258,2.304327,1.477970103691101,231.54607110117456,159.10259190950413
27683112,-2.687511,0.488857,0.6754571036911011,205.1203655156035,225.21963061872
27683113,-1.219308,2.208477,1.407335103691101,233.98995884091468,182.48527686096648
27683114,-3.311644,-0.405861,1.748271103691101,126.82996381035238,235.5298562418943
27683115,-3.528241,-0.548853,0.5484951036911011,189.7657234944884,229.9921906933372
27683119,-4.534079,-2.333426,2.243532103691101,109.32864504998338,248.45000225144787
27683123,-2.796367,0.17286,0.8009141036911012,191.4246788363688,233.9918208810586
27683129,-1.510406,1.702649,1.352285103691101,192.68175733333436,230.74765855105775
27683133,-4.69827,-3.777287,1.611335103691101,135.19326455832655,269.0995155128194
27683140,-2.318748,-0.032782,0.8268331036911011,193.49048912905772,266.81426791352726
27639192,-2.790122,0.967273,-0.003098896308898924,253.4453573758188,197.70477905614737
27673801,-2.075079,1.81081,-0.017271896308898915,318.1866959132395,176.83819918405362
27673801,-2.075079,1.81081,-0.017271896308898915,318.1866959132395,176.83819918405362
27669377,-3.175246,0.436973,1.9609231036911012,107.3241116039458,203.70721526802333
27669377,-3.175246,0.436973,1.9609231036911012,107.3241116039458,203.70721526802333
27626971,-2.294515,-0.170824,0.002139103691101152,238.35483378186925,267.11768518508063
27626971,-2.294515,-0.170824,0.002139103691101152,238.35483378186925,267.11768518508063
27673804,-3.954913,0.869219,1.7576131036911011,123.84506234912652,149.22460505285972
27647366,-2.267479,0.026866,-0.012290896308899013,243.84536182210053,261.9556316489062
27647366,-2.267479,0.026866,-0.012290896308899013,243.84536182210053,261.9556316489062
27630989,-2.267662,-0.250364,-0.0036968963088990225,237.59977874825628,270.8631550826
27630989,-2.267662,-0.250364,-0.0036968963088990225,237.59977874825628,270.8631550826
27673811,-2.302385,1.617358,-0.006887896308898966,294.39069075706624,180.0078973021995
27682431,-5.921473,2.76796,0.5562851036911011,197.25134367794385,6.581104052455345
27664575,-4.225981,1.431069,1.784964103691101,120.34851475704436,102.2345913713687
27680182,-5.517603,-3.149121,1.680094103691101,132.5413917601739,238.84473948512343
27680182,-5.517603,-3.149121,1.680094103691101,132.5413917601739,238.84473948512343
27616173,-1.831532,1.497042,-0.013333896308898918,313.3684336551706,216.8450449636883
27664576,-3.1107,1.65204,-0.010016896308898904,264.4480527025813,144.12154037245244
27680185,-5.680913,-3.275519,0.9688101036911011,153.86956072384328,236.72626350055748
27657362,-3.329196,2.135072,-0.021060896308898958,274.1907274102084,100.1877889924437
27680189,-6.850023,-4.80286,0.6649471036911011,156.9176029428712,238.56614951470368
27680190,-5.434233,-3.049346,0.40723010369110113,170.9888727186519,237.20292552735
27664584,-3.504184,1.539339,1.947203103691101,100.9910778827286,108.52454282672848
27680192,-3.323591,-0.572546,1.7332801036911012,128.0685892181518,240.9651008210769
27647385,-2.248977,-0.025918,-0.021936896308898834,243.58803061976684,264.5994707441367
27647385,-2.248977,-0.025918,-0.021936896308898834,243.58803061976684,264.5994707441367
27680195,-3.27873,-0.537857,1.618371103691101,135.0390115080022,241.3407573922283
27680196,-5.376573,-3.249218,1.215932103691101,147.15800649151407,243.10909014431687
27680196,-5.376573,-3.249218,1.215932103691101,147.15800649151407,243.10909014431687
27680200,-3.59331,-1.129732,0.48798110369110104,187.2700590821234,244.27254262521615
27680200,-3.59331,-1.129732,0.48798110369110104,187.2700590821234,244.27254262521615
27680201,-2.86576,-0.348405,2.0335901036911013,105.42986926196374,255.94610593724525
27680201,-2.86576,-0.348405,2.0335901036911013,105.42986926196374,255.94610593724525
27682445,-4.746065,2.013323,1.423761103691101,147.21079678344114,53.205548013419474
27664589,-2.966773,1.629341,-0.020199896308898957,269.02716754310626,150.80209762554838
27643707,-4.295464,-1.840373,0.037044103691101116,193.6916303696032,239.63337120068343
27682447,-5.566381,1.839837,1.488597103691101,140.4478455441846,56.92324250200497
27680206,-3.668007,-1.392843,0.49849010369110114,184.46355207570423,248.5043439283801
27680206,-3.668007,-1.392843,0.49849010369110114,184.46355207570423,248.5043439283801
27680209,-3.557334,-1.364696,0.4845401036911011,186.01300949227576,251.38226247090464
27680209,-3.557334,-1.364696,0.4845401036911011,186.01300949227576,251.38226247090464
27680210,-3.548277,-1.383116,0.552894103691101,183.18578352603183,252.3458874267372
27680210,-3.548277,-1.383116,0.552894103691101,183.18578352603183,252.3458874267372
27682452,-6.378546,1.69117,0.37408210369110106,190.91740358196893,76.05298566024643
27682453,-5.633714,1.643311,1.123184103691101,160.57399858252452,75.79807495355593
27657379,-6.189071,1.842758,-0.027785896308898828,210.61220395506487,75.63177217158898
27664604,-4.533083,1.280418,0.14610410369110105,217.2781096777925,127.6669830834934
27649575,-3.62022,2.833089,-0.006754896308899028,290.1574491501688,23.31207041383834
27682461,-4.646384,1.644891,1.006027103691101,173.82095166075823,91.91597114996776
27664608,-5.530706,1.000256,0.05428710369110101,205.65357847388503,123.5305687946601
27680227,-7.452839,-1.256583,-0.18493289630889898,185.28214052799996,166.2237978517355
27631005,-2.254303,-0.28895,-0.0033008963088989596,237.08655232693727,272.68887827667646
27664609,-2.92181,1.576705,-0.0004068963088990074,267.57862927184567,155.89759580905593
27594675,-4.784514,0.903072,0.011840103691101111,214.8529347875844,141.95362611479425
27680230,-4.348494,0.449126,0.45153010369110114,195.40408294442383,168.89800056110022
27682462,-6.08638,1.102386,1.405542103691101,143.3289618987652,96.19192790120012
27682463,-4.507113,1.682012,0.6774421036911011,195.22619791992665,97.3067273617068
27682464,-6.030582,1.356341,-0.04339489630889881,207.8483998315722,101.268596742316
27682466,-4.399067,1.519312,0.6750241036911011,194.78080021454605,110.1283961823904
27664621,-3.047541,1.519562,-0.008752896308898972,262.2011505923174,155.29637087243216
27682469,-4.354764,1.383289,1.0568331036911012,171.15760239652553,114.4400149422009
27657387,-3.318021,2.067005,-0.028250896308898987,272.5659941896725,106.41753714450574
27643712,-6.088037,-2.221826,4.188989103691101,30.74848766399674,205.5507974363615
27664629,-2.918741,1.522258,-0.013339896308898869,266.6435831447287,159.84590386899924
27682473,-2.988056,1.923233,0.06034110369110102,273.8724389658235,126.43100579612708
27682474,-4.852349,1.076261,0.4761541036911011,195.2011118317324,128.3090304430533
27627000,-2.269722,-0.234263,0.0016131036911011254,237.61332010810432,270.3077798128168
27627000,-2.269722,-0.234263,0.0016131036911011254,237.61332010810432,270.3077798128168
27682475,-4.288241,1.093573,1.595320103691101,135.1398387402729,127.52877296178823
27647434,-2.296791,-0.218631,-0.007397896308898977,237.8291707202946,268.4269955349226
27647434,-2.296791,-0.218631,-0.007397896308898977,237.8291707202946,268.4269955349226
27664640,-5.54167,0.829095,0.02227010369110105,205.11925780117645,130.87510922715592
27682477,-3.632049,1.241802,2.0355661036911012,96.51292475138575,129.51898897911352
27680268,-3.197466,0.602572,-0.021458896308898856,236.77741957287293,199.2744390241892
27682478,-5.43136,0.46714,1.917865103691101,117.69248723009296,132.9197663871818
27682479,-3.560308,1.266893,1.950116103691101,103.89796668594056,131.2286624438416
27682481,-5.650887,0.421753,0.6717261036911011,175.45959853426143,140.56871112483486
27647443,-4.425723,-2.186023,-0.04786389630889887,193.29841973554068,243.32648028496212
27647443,-4.425723,-2.186023,-0.04786389630889887,193.29841973554068,243.32648028496212
27680280,-3.222427,0.440693,0.05182510369110105,229.71259665881607,205.14826027263305
27682484,-4.689771,0.696553,1.1981901036911011,157.32640410837635,144.1292922133448
27664650,-2.89888,1.462547,-0.01382289630889888,265.37526432533315,164.54923158865222
27664650,-2.89888,1.462547,-0.01382289630889888,265.37526432533315,164.54923158865222
27619160,-2.349164,0.006581,0.010457103691100977,240.45489632147545,258.6800586601434
27619160,-2.349164,0.006581,0.010457103691100977,240.45489632147545,258.6800586601434
27682485,-4.215115,1.006445,0.5704681036911011,196.82085310214816,145.3118473294973
27682486,-5.168636,0.452126,0.689554103691101,177.92493691158526,148.48243672881318
27647447,-6.13604,-2.61703,4.248609103691101,33.52381616613192,214.7476551557031
27647447,-6.13604,-2.61703,4.248609103691101,33.52381616613192,214.7476551557031
27661922,-2.374919,0.28417,-0.009685896308898823,247.12432674411116,247.34157205446087
27661922,-2.374919,0.28417,-0.009685896308898823,247.12432674411116,247.34157205446087
27682490,-3.487173,0.918159,2.040100103691101,98.29746609643428,159.45882361553902
27664658,-3.015599,1.425531,-0.016061896308898982,260.74014641299294,162.59398536100815
27664658,-3.015599,1.425531,-0.016061896308898982,260.74014641299294,162.59398536100815
27654672,-5.850718,-4.169899,-0.10734889630889888,178.84913897389583,246.1294333389579
27654673,-4.215679,-2.267571,0.08633510369110109,189.9390305456402,250.60829515267807
27682491,-5.191808,0.248993,0.05746510369110114,201.78294921576372,159.5739927085161
27682493,-5.044207,0.236607,0.08820310369110107,201.8797430871344,162.90341485842524
27682495,-3.287204,0.924167,2.010335103691101,99.3729107798622,167.57522294710836
27664663,-4.92196,0.912383,0.41786410369110105,195.60612153193856,135.38047302974434
27682499,-5.171854,-0.448591,0.20059710369110118,191.23793821700195,182.60927262759012
27682500,-3.115269,0.742987,2.001318103691101,100.68416396340758,187.99470752888917
27682500,-3.115269,0.742987,2.001318103691101,100.68416396340758,187.99470752888917
27626366,-2.813666,1.260044,-0.018755896308898956,261.9910130794928,180.54907226866365
27626366,-2.813666,1.260044,-0.018755896308898956,261.9910130794928,180.54907226866365
27682505,-1.811844,1.810181,-0.035222896308898966,337.4156210494618,193.55260618020472
27682505,-1.811844,1.810181,-0.035222896308898966,337.4156210494618,193.55260618020472
27643726,-2.240882,-0.276601,0.01292810369110109,236.78864932465973,273.10758139631577
27657421,-3.250123,1.999998,0.0021521036911011926,270.73483624155847,113.22400934539117
27654684,-2.327203,-0.23887,-0.037117896308898946,238.288341136416,267.3693971984157
27654684,-2.327203,-0.23887,-0.037117896308898946,238.288341136416,267.3693971984157
27673888,-3.070445,0.327663,2.0160211036911013,102.85430717553804,214.68672929006624
27682518,-2.878263,0.827129,1.4400841036911012,150.4694455867093,196.83670946343176
27682518,-2.878263,0.827129,1.4400841036911012,150.4694455867093,196.83670946343176
27654689,-2.18818,-0.109963,0.0014321036911011387,241.89448058808333,270.5988449504806
27654689,-2.18818,-0.109963,0.0014321036911011387,241.89448058808333,270.5988449504806
27664674,-4.505052,0.96964,0.125138103691101,214.38836729490404,144.0171566362127
27647463,-2.196303,-0.236388,-0.03683689630889897,240.98825765871308,273.8039852358117
27664676,-7.031222,-0.209453,3.4111061036911012,54.97303215164976,121.9362254412972
27682528,-2.93128,0.69704,1.213595103691101,167.3584672056242,202.60679912156024
27661941,-4.397766,-1.975854,-0.01567889630889896,193.80411354317656,239.794829974472
27661941,-4.397766,-1.975854,-0.01567889630889896,193.80411354317656,239.794829974472
27664679,-2.98421,1.367794,-0.009208896308898984,259.5647914093037,167.3048565409511
27664679,-2.98421,1.367794,-0.009208896308898984,259.5647914093037,167.3048565409511
27680329,-2.331437,0.090255,-0.03887889630889885,245.19106349929925,256.4204214443444
27680329,-2.331437,0.090255,-0.03887889630889885,245.19106349929925,256.4204214443444
27654709,-4.02438,-2.350932,0.04783710369110117,191.8986788028092,257.239934579532
27682533,-1.92798,1.527919,-0.007692896308898911,309.20869329718505,208.1960575559737
27682533,-1.92798,1.527919,-0.007692896308898911,309.20869329718505,208.1960575559737
27680333,-2.997308,-1.799964,1.4613071036911012,143.41535924935357,287.2048070363129
27635739,-1.492344,2.344117,-0.013334896308898836,430.8746069961418,156.1945672449786
27635739,-1.492344,2.344117,-0.013334896308898836,430.8746069961418,156.1945672449786
27680337,-2.961315,-2.038046,1.0372591036911012,162.67098291612592,290.60239191402127
27680338,-3.466488,-3.169813,1.4090991036911011,143.59318500405473,294.49692296571527
27680339,-3.045195,-2.341774,0.6346841036911011,177.4653475459984,290.4504471738537
27682545,-2.66861,0.74347,1.619097103691101,135.11491274143435,212.8990110436988
27654720,-3.15431,-0.861133,1.7324351036911012,128.50070065272865,257.7960602886613
27654720,-3.15431,-0.861133,1.7324351036911012,128.50070065272865,257.7960602886613
27643741,-4.309391,-2.039672,0.08805410369110112,190.6625115637584,243.57317944371536
27643741,-4.309391,-2.039672,0.08805410369110112,190.6625115637584,243.57317944371536
27643742,-3.780967,-1.61579,0.013169103691101025,200.08095159237243,248.92817247636043
27643742,-3.780967,-1.61579,0.013169103691101025,200.08095159237243,248.92817247636043
27627017,-6.914389,-1.10244,4.307467103691101,19.407255182528782,152.03179217463355
27627017,-6.914389,-1.10244,4.307467103691101,19.407255182528782,152.03179217463355
27664711,-6.903277,-0.383875,3.628083103691101,44.57205176014333,129.30516184928223
27664713,-2.842319,1.336887,-0.015500896308898948,263.28480768231987,174.7300663185945
27664713,-2.842319,1.336887,-0.015500896308898948,263.28480768231987,174.7300663185945
27654739,-3.590909,-2.125783,-0.001982896308898807,198.19450881221653,265.18276843856125
27654739,-3.590909,-2.125783,-0.001982896308898807,198.19450881221653,265.18276843856125
27643747,-3.318628,-0.402308,1.750267103691101,126.70093059469409,235.10151715929408
27631039,-2.22605,-0.351755,-0.0030898963088989984,236.41032213999637,275.94474356180166
27680357,-2.678541,-2.713156,0.3764191036911011,187.42852654535727,308.32750580785745
27673928,-2.924725,-0.149213,2.031513103691101,104.47667738176852,244.8089089206279
27673928,-2.924725,-0.149213,2.031513103691101,104.47667738176852,244.8089089206279
27664722,-6.670621,-0.31709,3.474565103691101,49.22023553932405,131.67474165685988
27680363,-1.912984,-0.931897,0.034572103691101086,229.7952495785799,307.1333981224552
27664723,-7.088131,-0.32268,2.811768103691101,84.79151607262739,130.17272679456363
27677980,-6.827584,2.134615,0.8963891036911011,167.75546658911065,39.96526726779743
27664724,-2.955873,1.283915,-0.019471896308898895,258.5330379994422,173.53148246953313
27664724,-2.955873,1.283915,-0.019471896308898895,258.5330379994422,173.53148246953313
27680365,-3.379201,-5.414948,0.47389210369110113,169.0020235736498,319.07942202228776
27680367,-1.891629,-1.321762,-0.06471989630889885,228.3248394538676,315.0584142843128
27643749,-2.234972,-0.353514,-0.007083896308898829,236.39880869357077,275.5198715136073
27680373,-2.629535,-4.816175,0.03386510369110107,186.82232762138284,332.32983332219146
27677987,-5.385463,2.114338,0.5436021036911011,196.8776342935581,58.23585513167319
27664731,-2.831386,1.284058,-0.023621896308898993,262.46351008667983,178.42859249175655
27664731,-2.831386,1.284058,-0.023621896308898993,262.46351008667983,178.42859249175655
27635766,-1.631339,1.912346,-0.02557189630889889,360.52173144418987,197.28121030583296
27664733,-5.315257,0.442444,0.03740010369110114,203.1242023965193,150.12048376322616
27621685,-3.521441,2.687018,0.015380103691100988,286.499581244836,40.53977204481788
27680382,-2.572341,-5.846493,2.007264103691101,123.36783459012196,359.2973870462428
27673934,-3.290677,-0.633411,1.751422103691101,127.04359852824636,244.5222676131564
27673934,-3.290677,-0.633411,1.751422103691101,127.04359852824636,244.5222676131564
27626386,-4.780779,1.304145,0.08757210369110102,216.77913600522592,122.09849544562246
27619223,-2.280931,-0.162296,0.013017103691101095,238.257171427152,267.5972684728274
27619223,-2.280931,-0.162296,0.013017103691101095,238.257171427152,267.5972684728274
27614607,-5.175467,0.019742,0.10309010369110116,198.2729291837083,167.74672314627588
27682582,-3.552845,-0.871317,1.8390201036911011,122.63567435672212,241.8200004627499
27664743,-6.699223,-0.40595,3.1391871036911008,67.53783724046696,137.24488255310263
27673938,-3.352635,-0.734931,1.6194361036911011,134.97919407799674,244.85363013843977
27664748,-2.910955,1.233569,-0.0023848963088988206,257.409097366386,178.12206912024902
27664748,-2.910955,1.233569,-0.0023848963088988206,257.409097366386,178.12206912024902
27661981,-5.228026,-2.634197,3.3546431036911013,65.94663973172982,237.84443941327808
27661982,-5.184172,-2.615133,3.1751941036911013,73.47049784541628,238.3138520333268
27661982,-5.184172,-2.615133,3.1751941036911013,73.47049784541628,238.3138520333268
27657476,-3.197606,1.882899,-0.003094896308898809,268.798550588314,124.2043760738383
27643755,-2.91661,0.000747,1.9579651036911012,109.24646736887163,238.49035212180232
27654769,-3.027235,-1.041429,1.7737691036911012,126.2661629923751,269.14713244160725
27654769,-3.027235,-1.041429,1.7737691036911012,126.2661629923751,269.14713244160725
27643757,-4.302958,-2.137107,0.07401110369110109,190.560803396142,245.7048235388025
27647533,-5.264465,-2.437838,3.339873103691101,65.16316919200631,232.1846177674688
27647533,-5.264465,-2.437838,3.339873103691101,65.16316919200631,232.1846177674688
27647535,-4.043777,-2.265812,0.05709210369110118,192.006538382515,255.1040227690237
27647535,-4.043777,-2.265812,0.05709210369110118,192.006538382515,255.1040227690237
27682593,-3.034394,-1.542042,1.9579521036911012,116.89100654228848,283.2546118272214
27664764,-4.843199,0.510412,-0.04985789630889892,212.0912682499711,157.56020699836188
27680415,-0.959842,-6.449524,0.8470771036911011,163.08668737754135,409.65157125400543
27627026,-6.361284,-1.039513,3.5537861036911007,50.47244278700936,164.47169426845704
27627026,-6.361284,-1.039513,3.5537861036911007,50.47244278700936,164.47169426845704
27664765,-2.804013,1.227821,-0.019306896308898924,261.3403244940506,182.8445462348373
27664765,-2.804013,1.227821,-0.019306896308898924,261.3403244940506,182.8445462348373
27680418,-0.790702,-3.937925,0.22846510369110118,198.8252254742488,402.5830730646876
27682595,-4.254474,-3.770085,0.7092851036911011,164.12327706912933,277.1282520033539
27682595,-4.254474,-3.770085,0.7092851036911011,164.12327706912933,277.1282520033539
27647536,-2.18414,-0.407543,0.01316710369110119,235.3520384798751,279.7742025417148
27680421,-0.729479,-5.943149,0.7370031036911011,169.16320044104037,417.2666528488688
27682596,-4.056612,-3.384171,0.6451181036911011,167.9318842942076,276.271023192478
27682596,-4.056612,-3.384171,0.6451181036911011,167.9318842942076,276.271023192478
27682597,-4.19472,-3.639413,0.4281551036911011,173.1030840423872,275.66576139476365
27682597,-4.19472,-3.639413,0.4281551036911011,173.1030840423872,275.66576139476365
27680426,-0.65313,-2.134226,1.130028103691101,171.16274058630125,428.0760654698125
27680428,0.254867,-12.127603,0.2841291036911011,167.0926789435899,443.5239614893151
27680430,-0.416455,-2.32755,0.6940471036911011,197.7442207602516,435.1879975890365
27654788,-3.731771,-2.742033,0.30899410369110103,182.96610861367503,273.51327000759096
27643763,-2.184259,-0.342807,0.023102103691100995,236.1057448352681,278.0005536741641
27622543,-5.952523,1.498338,-0.012882896308898939,208.94359017253336,95.29024958408272
27664783,-6.454492,-0.482576,3.098366103691101,68.28491776017924,144.80678719863204
27678035,-6.52081,-0.207443,2.133590103691101,111.82110018182009,139.60141297411053
27646286,-3.318548,2.41714,-0.016146896308898873,285.5421917969397,73.75867319274101
27657504,-3.151212,1.798693,0.007573103691101091,266.86971979616845,131.91776903366338
27678038,-1.81685,2.113717,0.009788103691101169,359.7789124713412,162.2969271654192
27654800,-2.947971,-1.218628,1.6359271036911012,134.48691540163523,276.7640235762424
27657505,-3.090235,1.819877,-0.037713896308898986,272.41545934802906,132.89220699618934
27678039,-3.922691,0.96318,1.591844103691101,135.79280052791495,146.04499694770664
27654804,-2.024844,-0.590743,-0.026925896308898967,236.89152196790263,292.56400885058656
27664797,-6.796676,-0.675139,3.067489103691101,73.98756226127125,146.03130169700194
27654809,-2.081236,-0.688569,-0.013503896308898922,233.3675148779066,292.2161414202728
27654812,-2.645843,-0.734471,1.967160103691101,111.72182929306015,280.91753798497206
27647556,-2.14585,-0.440358,0.020776103691101167,235.08943387359508,282.70689974759034
27654815,-1.996314,-0.619076,-0.02060089630889883,236.59378041923569,294.8432154142086
27664805,-2.769723,1.164211,-0.010632896308898854,259.96889187835035,187.8916543399272
27664805,-2.769723,1.164211,-0.010632896308898854,259.96889187835035,187.8916543399272
27676047,-5.369843,2.327012,0.3909321036911011,207.6975487347073,46.49289281462313
27622561,-5.111554,1.365946,0.023176103691101124,215.96706994264687,113.70349799062409
27622562,-2.830296,1.232941,-0.03590289630889898,261.6547341908804,181.56659491170493
27657520,-3.166767,1.730198,-0.020020896308899028,265.7498027365484,136.8635274171911
27626413,-5.68378,1.237108,0.11620810369110113,203.94670418551763,109.89253880836849
27669518,-2.547404,0.635663,-0.027291896308898833,252.46272503300276,224.4888913833898
27669518,-2.547404,0.635663,-0.027291896308898833,252.46272503300276,224.4888913833898
27664810,-6.637662,-0.403359,0.11979810369110111,184.8880923843482,154.9506961454173
27657528,-4.931417,1.24945,0.8154701036911011,179.13311496694718,113.94986742942262
27676057,-3.775594,1.915989,2.019705103691101,90.97474425041857,58.97484405480799
27657530,-3.121536,1.693884,-0.012341896308898814,265.58224254964585,140.83054982742584
27678064,-2.817651,0.940818,-0.023792896308898914,253.15766273144536,197.97692245979255
27627039,-2.225726,-0.317292,0.004488103691101086,236.71139418140527,275.0135864867416
27654832,-3.503558,-3.098744,0.05475410369110101,190.4869770107024,284.8907626354455
27657537,-4.209721,1.383608,1.7648221036911012,122.09045412997618,106.64015129777776
27664825,-2.836247,1.101883,0.004417103691101154,255.4253835722368,188.55671633701303
27664825,-2.836247,1.101883,0.004417103691101154,255.4253835722368,188.55671633701303
27630217,-6.036884,1.71253,-0.005682896308898844,210.015903478765,83.62540778155588
27626428,-2.826704,1.153437,0.02439810369110118,256.00065487825594,185.96973610892488
27626428,-2.826704,1.153437,0.02439810369110118,256.00065487825594,185.96973610892488
27664836,-5.221082,0.119321,0.031983103691101133,201.33451763270403,163.70305759655494
27654836,-3.305255,-2.818919,0.062364103691101125,193.29680225619103,286.52939654971385
27559505,-3.614395,-1.708649,0.02984510369110116,200.14571481841136,256.0299684464815
27559505,-3.614395,-1.708649,0.02984510369110116,200.14571481841136,256.0299684464815
27673975,-3.175356,0.869483,2.0004021036911013,99.97190628101656,176.55920946101418
27673975,-3.175356,0.869483,2.0004021036911013,99.97190628101656,176.55920946101418
27646303,-3.35553,2.361135,-0.060833896308899016,284.457945304777,79.76554823389952
27664844,-3.894075,0.747972,1.597254103691101,135.48897063189523,159.85468474098764
27676073,-7.316177,0.451495,2.988642103691101,72.0357159314442,93.56922743181812
27646307,-3.381754,2.352091,0.011136103691101074,278.48406631082287,78.2924253313472
27657554,-4.960293,1.140877,-0.039217896308898936,217.73729727926283,128.00378993627768
27664851,-3.859056,0.719999,1.761002103691101,123.88607741840964,161.28662132429818
27664856,-2.812623,1.041563,0.003438103691101091,254.4741005859548,192.81966570001495
27664856,-2.812623,1.041563,0.003438103691101091,254.4741005859548,192.81966570001495
27622600,-2.794324,1.142941,-0.03757789630889885,260.1535403903374,188.1901717728683
27664862,-6.430922,-1.006341,3.562806103691101,50.34895031133416,161.8596015363468
27664862,-6.430922,-1.006341,3.562806103691101,50.34895031133416,161.8596015363468
27619253,-2.245507,-0.2416,0.012462103691101012,237.41167294206377,271.8187122578226
27662025,-5.127802,-2.873103,3.948818103691101,39.74306717402473,247.351670741132
27662025,-5.127802,-2.873103,3.948818103691101,39.74306717402473,247.351670741132
27654868,-1.894194,-0.829036,-0.02272889630889896,234.6977118859737,305.2490223426569
27664867,-2.730243,1.02619,-0.032028896308898824,258.3271212270286,197.2421826024224
27664867,-2.730243,1.02619,-0.032028896308898824,258.3271212270286,197.2421826024224
27657594,-3.084184,1.497564,-0.040132896308898935,262.2238116882666,155.7622028450429
27673997,-3.675965,0.141427,1.574251103691101,137.29772466483684,198.4894432628158
27673997,-3.675965,0.141427,1.574251103691101,137.29772466483684,198.4894432628158
27647618,-2.737886,-0.392038,1.961261103691101,110.6103841060047,264.1642582868953
27647619,-3.100573,-0.919134,1.766834103691101,126.50509145748916,262.15605739905567
27647619,-3.100573,-0.919134,1.766834103691101,126.50509145748916,262.15605739905567
27657604,-2.918566,1.526533,-0.011650896308898817,266.6896617815277,159.5493489063532
27662033,-2.831028,-0.380412,1.9656501036911012,110.60962954330144,258.63330348083474
27662035,-5.76507,-4.495029,-0.10717389630889884,178.07831757704275,252.2455650278085
27662035,-5.76507,-4.495029,-0.10717389630889884,178.07831757704275,252.2455650278085
27647624,-4.745545,-3.832391,0.16921610369110107,177.41826069583144,264.3763729180098
27647624,-4.745545,-3.832391,0.16921610369110107,177.41826069583144,264.3763729180098
27646327,-3.346049,2.284241,-0.07484589630889893,282.57806427338073,87.58890992800113
27678123,-2.939457,-0.089596,2.027289103691101,104.4497675394587,241.4733213730732
27622627,-2.828232,1.111119,0.012378103691101039,255.4546197597844,188.33905354149024
27622627,-2.828232,1.111119,0.012378103691101039,255.4546197597844,188.33905354149024
27664890,-4.860446,0.030743,0.3394711036911011,191.9100512844196,173.20267836626118
27664890,-4.860446,0.030743,0.3394711036911011,191.9100512844196,173.20267836626118
27622628,-2.768308,1.094671,-0.031404896308898866,259.16101592917096,191.92411346227252
27654895,-1.85682,-0.942126,-0.026659896308898867,233.52145029616648,309.6902681580313
27654900,-3.049085,-3.083968,0.09798910369110114,192.16372777188437,298.9821782236697
27647634,-3.075849,-0.984889,1.769789103691101,126.43324702804284,265.2529096944872
27647634,-3.075849,-0.984889,1.769789103691101,126.43324702804284,265.2529096944872
27674008,-3.139241,0.402461,2.021062103691101,102.24108503544154,207.22624998241457
27674008,-3.139241,0.402461,2.021062103691101,102.24108503544154,207.22624998241457
27657620,-2.880622,1.482118,0.0017881036911011616,265.6762226287666,163.8276319270256
27657620,-2.880622,1.482118,0.0017881036911011616,265.6762226287666,163.8276319270256
27678138,-2.74671,-0.197948,2.010611103691101,105.48908537264217,256.5483064216444
27678138,-2.74671,-0.197948,2.010611103691101,105.48908537264217,256.5483064216444
27664898,-3.811889,0.573482,1.7460261036911011,125.29055211188096,171.32285949568563
27647641,-2.67937,-0.439101,1.955357103691101,111.08591712452863,269.13242407662267
27649865,-3.420243,2.709501,-0.0039408963088989335,293.49611952921373,39.64139204342791
27647650,-2.022368,-0.794438,0.0036161036911011024,231.72982667173585,297.960396278102
27662049,-3.563272,-1.677756,0.4636101036911011,184.70600263836693,258.4264238623456
27662049,-3.563272,-1.677756,0.4636101036911011,184.70600263836693,258.4264238623456
27654920,-3.1211,-2.945003,0.8593931036911011,165.8152167623839,299.30057621754946
27634663,-7.017718,0.109065,0.1565111036911011,184.2857034190785,133.72453655760987
27662050,-2.231961,-0.021115,-0.002623896308898921,243.07672236084963,265.4346884810175
27647653,-3.803996,-3.079206,0.012687103691101154,190.04589612883436,275.8389327414777
27654924,-1.819107,-1.022365,-0.01837389630889885,232.3864597521008,313.4917114946974
27678151,-2.730507,-0.581303,1.970620103691101,110.96845093559897,271.266477002982
27654930,-2.67968,-1.725881,1.824057103691101,124.41189033074274,303.10067148399634
27664919,-4.96427,1.718144,0.5908721036911011,194.90565107093468,88.72857351811774
27664920,-5.924457,1.677315,0.020844103691101123,209.8240473616371,86.36707577176568
27664921,-3.326095,2.121851,-0.02427989630889882,274.0163817292603,101.4737160320145
27657651,-6.464665,0.108863,0.7729851036911011,166.15005486313447,137.92278881619336
27647677,-1.961879,-0.87487,0.01344510369110119,230.92901460862493,303.063227392514
27647678,-1.885932,-0.795913,-0.0032168963088989866,234.524277420076,305.1564323310206
27657657,-2.852991,1.380638,-0.01033089630889883,264.0198154475867,171.54846717533593
27657657,-2.852991,1.380638,-0.01033089630889883,264.0198154475867,171.54846717533593
27643809,-2.160443,-0.433768,0.015230103691101116,235.2074207681508,281.7310107851736
27638531,-3.471596,2.566422,0.015308103691101138,283.3887315357608,54.60149047006141
27664938,-3.328279,2.063303,-0.03325089630889888,272.372941673801,106.55979798228064
27647693,-3.394183,-2.935097,0.02390210369110113,193.18013445527316,285.450227960148
27654950,-2.716591,-1.958658,1.8500291036911012,123.51162760827032,306.3094780984377
27654951,-2.817916,-3.224084,0.01724210369110102,195.49958878740225,308.106357134011
27657670,-5.340686,0.366262,0.02019110369110111,202.8443449562359,152.5767167794442
27657671,-2.975868,1.284901,-0.029359896308899014,258.54566816583133,172.78259519938908
27657671,-2.975868,1.284901,-0.029359896308899014,258.54566816583133,172.78259519938908
27664947,-3.1207,2.066717,0.007724103691101103,277.67699741826834,111.06767788424928
27654955,-2.52665,-2.633446,0.06952610369110102,200.45352154449327,310.4853417471245
27676141,-4.335269,0.311765,0.23139810369110103,203.9913360975446,175.86191969206794
27678188,-3.57577,0.276318,0.12121610369110103,218.11134498021084,199.5634805627137
27654962,-3.287737,-3.728418,1.1266501036911012,153.4888433745944,306.78406994079387
27654963,-2.397526,-2.501625,0.017078103691101187,204.68259495184265,313.0841629440586
27622659,-2.790861,1.022034,0.010435103691101011,254.14360070140225,194.74915428501103
27674044,-2.841818,-0.289165,2.028072103691101,105.30372523607916,254.93366146759016
27654968,-3.701527,-4.6766,1.221041103691101,148.13350668487925,306.6287152704693
27647707,-1.861751,-0.990125,-0.03812589630889884,233.1207689779076,310.3147620227898
27619321,-3.847865,-1.312257,0.026801103691101114,201.52226241281448,239.93255100031857
27657687,-4.943398,0.453913,-0.10544889630889887,212.51504983619296,157.93860787328322
27657688,-2.828614,1.310702,-0.015662896308898944,262.90690042011914,176.8819095055776
27657688,-2.828614,1.310702,-0.015662896308898944,262.90690042011914,176.8819095055776
27611779,-4.336455,-1.931373,0.08919910369110107,191.11939673644176,240.60329438364485
27611779,-4.336455,-1.931373,0.08919910369110107,191.11939673644176,240.60329438364485
27654976,-2.394877,-2.55531,0.07235210369110101,202.18768278390613,314.45253732390967
27654979,-2.336704,-2.544053,-0.009736896308898846,205.85867056380815,315.8960916160556
27654981,-3.339303,-4.132615,1.096074103691101,153.6506305974289,310.14454160243395
27674050,-3.759429,-3.164691,0.6732061036911011,168.93635278562954,281.32167311868545
27647716,-3.288666,-3.022812,0.04829210369110104,192.55022541107144,290.1717492983682
27647732,-1.836663,-1.060607,-0.038893896308898945,232.3698298741662,313.09643548299323
27657705,-5.197622,0.267864,0.13793810369110115,198.83965951858667,158.3493692987773
27657715,-2.815447,1.258833,-0.023459896308898998,262.17091147203865,180.57591249192373
27657715,-2.815447,1.258833,-0.023459896308898998,262.17091147203865,180.57591249192373
27638547,-3.348392,2.471363,-0.015161896308898859,286.5498501455953,67.58068935036678
27655003,-2.636746,-3.491702,0.018677103691101093,194.93041446438696,317.7701501581839
27646389,-5.550243,2.251463,0.3994651036911011,203.8659728533621,50.221522404006606
27664987,-3.103887,1.932108,-0.02008489630889887,274.91482884663696,123.38447107186109
27655010,-2.967996,-3.64501,1.107596103691101,155.17712055962514,316.4069540072323
27655012,-2.939137,-4.074734,0.3845701036911011,178.24300250680352,317.3545606061786
27655014,-1.667297,-1.387707,-0.017054896308899004,228.76146608307383,328.5779186450862
27649994,-3.230662,2.267113,0.002035103691101048,281.71515839531446,89.99784636251525
27678241,-5.446171,-3.07506,0.5125551036911011,167.91816521256322,237.53450897049817
27678241,-5.446171,-3.07506,0.5125551036911011,167.91816521256322,237.53450897049817
27647757,-3.144458,-3.199876,0.0622861036911011,191.9466717347992,297.3930161221358
27664996,-4.777102,1.365947,0.597924103691101,192.89661293439457,112.9644541899517
27646400,-3.062599,1.999398,0.03022210369110101,275.876480924856,118.1717251642987
27655031,-2.066344,-2.438574,0.06490410369110111,206.740879130469,326.3235711577933
27655032,-1.628231,-1.472305,-0.02682989630889887,228.48202224470947,331.98854260624626
27657741,-2.926354,1.13582,-0.042465896308898854,256.4893419873814,183.30049669796009
27657741,-2.926354,1.13582,-0.042465896308898854,256.4893419873814,183.30049669796009
27662126,-3.590481,-2.518844,0.3708141036911011,182.90788123691604,274.06877680024724
27631119,-2.131861,-0.558794,-0.0005098963088989716,234.1743245687071,286.4354370952265
27665007,-4.952827,1.242535,0.8117301036911011,179.098836163866,113.97926578373465
27678254,-3.0299,-1.932308,0.883073103691101,169.48811498725863,284.79318833518386
27678255,-2.869978,-1.592606,1.689533103691101,131.76745497904483,289.92083178112256
27674072,-3.082246,-2.617015,1.0644641036911011,159.0980908144708,296.72308451933395
27680646,-5.691981,2.246,1.583736103691101,134.28991804614924,22.631745123935644
27635888,-5.559127,0.929747,0.10054510369110115,202.85266496575557,125.703987369564
27647772,-3.981079,-3.935868,1.2832411036911011,146.50877836930914,289.4308540924803
27680648,-5.637306,2.239621,1.4237921036911012,144.81513220326792,27.506635510874418
27678259,-2.472637,-0.839506,2.0205771036911013,107.68957398406918,294.7154044405622
27680649,-4.653568,2.254097,1.6028991036911011,133.63044056701315,25.90733883478407
27678263,-3.071006,-2.558273,0.8429761036911011,168.1605055516156,294.6482236375786
27680651,-3.973871,2.18591,2.026644103691101,88.5293758394881,21.9713979944365
27551607,-5.867312,-1.669933,3.416683103691101,59.28575070896218,196.1332728083477
27551607,-5.867312,-1.669933,3.416683103691101,59.28575070896218,196.1332728083477
27678265,-2.834222,-1.999287,1.899999103691101,121.0646063134534,302.0578043349203
27669658,-3.924206,-1.411883,-0.01687789630889891,201.5832169874349,240.018220127078
27678269,-3.338654,-3.530001,1.5198261036911012,139.34070959481846,304.95870260805407
27678271,-2.587218,-1.774116,1.837674103691101,123.64220225418195,308.8562441863792
27642938,-2.902925,1.370678,-0.045759896308898984,264.2027957371325,170.4861178699568
27642938,-2.902925,1.370678,-0.045759896308898984,264.2027957371325,170.4861178699568
27665021,-3.173016,1.779164,-0.013187896308898939,266.7409905819195,132.991526074529
27630298,-2.902046,1.275535,0.011263103691101062,258.0945003214778,175.90669703744655
27630298,-2.902046,1.275535,0.011263103691101062,258.0945003214778,175.90669703744655
27657762,-5.931384,-0.305368,0.253388103691101,185.2194905652154,163.14693265148884
27680656,-4.303459,2.125554,1.8988321036911011,106.3060978711042,32.19921375046863
27655064,-3.743079,-5.355497,3.5807841036911014,67.91723971909644,328.7552323081911
27678275,-1.301859,1.177157,0.017733103691101038,324.0944495507777,280.30439047233654
27678275,-1.301859,1.177157,0.017733103691101038,324.0944495507777,280.30439047233654
27655065,-3.027121,-3.726765,2.580616103691101,95.4018177494739,327.7029562800034
27655067,-1.569875,-1.588403,-0.020251896308898898,227.28600036899343,337.09364797774714
27669669,-5.741328,-3.610123,-0.02443989630889898,179.2266215857154,239.8956469152625
27669669,-5.741328,-3.610123,-0.02443989630889898,179.2266215857154,239.8956469152625
27657777,-6.927384,-0.575513,3.089103103691101,73.09966925396225,140.1122699280706
27665036,-3.157782,1.725225,-0.012106896308898829,265.4119057347502,137.4041861705011
27680663,-3.855405,2.086441,1.952023103691101,97.24738106641884,39.14999118126994
27680664,-5.270074,1.880033,2.025205103691101,103.42398467409392,44.48093245285503
27678283,-1.880175,-0.987996,0.04427210369110113,228.94411707911547,310.1959842994386
27680668,-4.601952,1.881067,1.719963103691101,124.71298758950928,59.13841826694269
27665039,-3.023005,1.762657,-0.009611896308898915,271.0611284885162,139.03137677207533
27657785,-6.96504,-0.974119,-0.03521389630889882,184.90375537293136,165.94799998143955
27680669,-5.70225,1.839589,0.9399851036911011,170.86471483804073,65.8710127615204
27665045,-3.532604,1.420875,1.9527541036911011,101.92080673782404,118.72182140778553
27655084,-2.107204,-1.600437,1.962144103691101,114.42840911816307,334.0728362807327
27646422,-3.104649,1.931184,-0.01976089630889888,274.8325868589159,123.43068558918792
27678294,-2.903135,-5.831165,0.1897611036911011,176.94699115437527,334.1528343704278
27680673,-5.953311,1.702873,0.864954103691101,172.17270351435744,72.72569376016034
27680674,-5.023512,1.74895,1.483363103691101,141.79307356042486,69.79468517721932
27669686,-4.419773,-2.209894,-0.05433789630889896,193.38935712780383,243.93753776343036
27669686,-4.419773,-2.209894,-0.05433789630889896,193.38935712780383,243.93753776343036
27647833,-2.324836,-0.903013,1.936776103691101,113.61808098714688,304.61566959639293
27655095,-1.582503,-1.847801,-0.004713896308898846,222.53900475397992,340.4100772430826
27680679,-3.758098,1.807905,1.9554931036911012,99.34427142561243,73.75580505555985
27680680,-5.345434,1.720032,0.40980210369110104,199.68190967244865,85.94818191288803
27657799,-2.730353,1.074086,-0.013819896308898905,258.66859126427426,194.59687371611176
27657799,-2.730353,1.074086,-0.013819896308898905,258.66859126427426,194.59687371611176
27665056,-3.000058,1.726089,-0.009749896308898887,270.58838697492854,142.53600123083146
27678300,-2.988571,-7.685486,0.12350710369110107,172.45396146062254,344.5733294962628
27680683,-5.464868,1.218822,2.819550103691101,53.06899578439808,76.40474066040045
27680686,-4.131449,1.658424,1.928702103691101,106.3244341448311,81.91846548065749
27642948,-2.945984,1.355727,0.008479103691101164,259.31939418464884,169.3534124485089
27647844,-3.111578,-3.769222,0.36182310369110104,179.49661418468773,308.0060971630021
27657813,-5.003658,-0.182226,0.12836010369110107,197.1594568736479,178.06194315123258
27647849,-2.269418,-2.490081,0.08262710369110104,203.55852368207843,318.6402764932324
27680688,-4.671143,1.508998,1.923257103691101,110.63369047177608,84.61377307817801
27665062,-4.836336,1.005975,0.4504051036911011,195.886284955241,132.35275911608323
27647850,-2.207076,-2.466393,0.0021761036911009946,207.42998917020944,320.1374841177544
27665066,-3.109483,1.649128,-0.01232489630889888,264.5297691557772,144.39357502517427
27662168,-3.949666,-3.649925,0.17056310369110106,181.67656598742536,281.19434474450577
27647856,-3.609676,-4.276915,1.074972103691101,153.4564118829329,303.6012603250288
27680696,-5.75906,1.290553,0.742155103691101,176.76673835009152,99.2097395750641
27657828,-3.72343,0.522589,1.749838103691101,125.04687639354012,177.20112538369696
27657828,-3.72343,0.522589,1.749838103691101,125.04687639354012,177.20112538369696
27647860,-2.659236,-3.387499,0.036103103691101035,194.9059634844219,315.8161749839631
27669713,-4.220456,-2.187609,0.08554910369110114,190.41541939865343,248.9009260423936
27669714,-3.896894,-1.776076,-0.05918089630889889,200.35710463348116,248.8967460799227
27669714,-3.896894,-1.776076,-0.05918089630889889,200.35710463348116,248.8967460799227
27674142,-1.766132,-1.879484,0.48750710369110106,197.52872807034805,337.5808766863905
27650095,-3.26857,1.950336,-0.023830896308898897,269.934874887008,117.18911071362037
27676237,-2.870126,-0.227328,1.969740103691101,109.5524205689524,250.6508968865675
27676237,-2.870126,-0.227328,1.969740103691101,109.5524205689524,250.6508968865675
27662175,-3.596792,-3.124383,0.0590121036911011,189.62737822554573,282.5917374364521
27647864,-2.703403,-3.461783,0.0991071036911011,192.04814120378413,315.7050387155781
27657840,-5.025753,-0.388677,0.012365103691100998,199.5222553912367,184.46844836999065
27657840,-5.025753,-0.388677,0.012365103691100998,199.5222553912367,184.46844836999065
27680705,-3.789639,1.517437,2.038007103691101,94.54859003904068,100.44922132555298
27669720,-3.156262,-0.787053,1.7262901036911011,128.76076704882462,255.364189526703
27669720,-3.156262,-0.787053,1.7262901036911011,128.76076704882462,255.364189526703
27680708,-4.428346,1.389611,1.6304831036911012,132.37659683596613,103.604803903071
27643852,-2.132546,-0.544817,0.006300103691101011,234.08950733096097,286.0898405299542
27647871,-1.589685,-1.60335,-0.036946896308899024,227.48568043298008,336.01895037627366
27647874,-3.454188,-4.276757,1.0769571036911012,153.74698514251511,308.25395787268087
27636833,-1.510436,2.137192,-0.011440896308898996,397.7187735912154,182.68465283396927
27636833,-1.510436,2.137192,-0.011440896308898996,397.7187735912154,182.68465283396927
27647875,-2.065612,-2.378056,0.08031810369110115,206.75178891786737,325.65512166154053
27647883,-3.398296,-4.360013,1.076160103691101,153.75284997083577,310.9542818437284
27671875,-4.281309,2.829059,0.2936061036911011,245.6214752991289,10.386469289272751
27647885,-1.553668,-1.693152,-0.03960789630889883,226.7831321407156,339.2783635411436
27655132,-1.463263,-1.858617,-0.024774896308898953,225.02308789271515,346.70721106368273
27662191,-2.027363,-0.522566,-0.009039896308898898,237.286673558048,290.84315525405646
27678346,-0.383847,-7.528402,1.364353103691101,145.8671362337809,441.0216583310797
27650133,-5.940993,1.77184,0.11059910369110115,206.94902541062808,80.06659277261309
27642961,-2.842886,1.326361,-0.021180896308898856,263.2702191893649,175.39157652067337
27642961,-2.842886,1.326361,-0.021180896308898856,263.2702191893649,175.39157652067337
27674172,-1.19776,-2.575235,0.04262810369110115,216.07708047810488,370.0045275934157
27657877,-3.67628,0.376608,1.723119103691101,127.21556391916316,186.7206127875217
27680721,-4.580521,1.091676,0.849135103691101,179.08002768310604,129.38927992043432
27680722,-4.505377,1.07306,0.9524621036911011,173.89050474930585,131.00078437005922
27669754,-4.014606,-2.304897,0.05141410369110111,192.1376834077899,256.6387399962683
27680725,-5.14559,0.58774,1.697033103691101,129.12161382811684,134.95564196083615
27639370,-4.971626,-0.108721,0.14413910369110106,197.4365473145241,176.27963179708246
27680726,-5.048044,0.521537,2.057030103691101,108.4873456853386,137.07584249013112
27565534,-4.901382,1.235407,0.01954710369110102,217.2298556829658,123.98324708199073
27665119,-5.288441,0.601001,0.06512910369110103,203.792768779493,144.31986697661972
27680727,-4.388487,1.06432,0.6269201036911011,192.5108851600432,137.50024091017207
27665122,-5.463436,0.512478,0.08083410369110111,200.72717717375556,144.42126819120114
27655164,-2.078366,-2.249741,2.069029103691101,110.53649940813982,347.77651371523154
27665124,-4.55154,0.857342,0.10356210369110119,213.2997194603786,148.34576746920183
27665125,-3.054908,1.495178,-0.016922896308898983,261.7044968098172,156.71790367101784
27669764,-3.613944,-1.801214,0.4419541036911011,184.4043101895548,259.4381956892111
27669764,-3.613944,-1.801214,0.4419541036911011,184.4043101895548,259.4381956892111
27662207,-2.095826,-0.735958,-0.029558896308898852,233.01892325293835,292.49496018598967
27674195,-0.911234,-2.216233,0.12722810369110116,221.2107455433956,385.55125528747
27680736,-4.848443,0.669942,1.0782991036911012,162.7279614357528,142.79346691824168
27669777,-3.688644,-2.082321,-0.06865289630889881,199.99368457315103,261.18270940327204
27669777,-3.688644,-2.082321,-0.06865289630889881,199.99368457315103,261.18270940327204
27669780,-3.887893,-2.408342,0.07741510369110105,191.49009415624232,262.1894068453853
27680738,-4.737266,0.721561,0.829758103691101,176.17078041695035,144.85365683680374
27665131,-6.753415,-0.044652,0.717028103691101,166.43532678745763,139.0958864397393
27680740,-5.822123,0.123621,0.8507371036911011,166.0007972109682,147.65823657696654
27680741,-4.894715,0.652796,0.42649310369110105,193.1100565962261,147.54955965056712
27674204,-0.826826,-3.519001,0.013627103691101095,210.7869254698801,395.5581529523495
27669799,-4.724634,-3.844902,0.18377010369110103,177.06679466856025,265.07619017998974
27669799,-4.724634,-3.844902,0.18377010369110103,177.06679466856025,265.07619017998974
27669808,-3.914465,-2.706633,0.11167510369110101,188.4407551163649,266.94804122348614
27665143,-3.025244,1.44921,-0.01836189630889895,261.2938014435867,160.75839786873917
27650198,-7.601192,1.469998,1.0174541036911011,156.95568143325443,67.6060868440166
27669813,-3.953631,-2.821263,0.005768103691101034,190.8285586100744,267.4799259751276
27662217,-1.980325,-0.605825,-0.009200896308898976,236.6018581002552,295.4743815761508
27662218,-5.378502,-6.042678,4.242521103691101,59.26559872242166,293.4427901888224
27669818,-4.399336,-3.602791,0.26411910369110103,177.1295698541888,269.4003601973906
27669818,-4.399336,-3.602791,0.26411910369110103,177.1295698541888,269.4003601973906
27665148,-2.881009,1.490575,0.0016531036911011654,265.9482632719228,163.25344351378658
27665148,-2.881009,1.490575,0.0016531036911011654,265.9482632719228,163.25344351378658
27650212,-5.103786,1.489207,0.05538410369110114,216.26352640040616,107.1074222251914
27548127,-6.231385,-1.733451,3.041677103691101,79.37149494546279,190.5509642252813
27646467,-6.244694,1.893586,-0.043299896308898855,211.161526110198,72.66302725538392
27680763,-6.838317,-1.202794,-0.04329189630889885,184.69809288303492,173.5250576562311
27680763,-6.838317,-1.202794,-0.04329189630889885,184.69809288303492,173.5250576562311
27665152,-7.505018,-0.500183,1.061132103691101,151.6791116087248,140.76078342603273
27650223,-5.765732,1.366768,0.11120310369110098,204.5949444275248,102.66071223951704
27680777,-4.730837,-0.446414,0.09853810369110105,198.43521966873985,192.7396691285588
27680777,-4.730837,-0.446414,0.09853810369110105,198.43521966873985,192.7396691285588
27636884,-7.240989,2.288773,-0.007523896308898825,203.3964232025334,44.2404808525221
27671939,-1.755876,1.841114,-0.006790896308898953,342.1194591221521,194.53718475926007
27671939,-1.755876,1.841114,-0.006790896308898953,342.1194591221521,194.53718475926007
27635959,-5.042109,-0.261793,0.10461010369110113,197.0807096927168,179.8705211034082
27635959,-5.042109,-0.261793,0.10461010369110113,197.0807096927168,179.8705211034082
27662240,-2.446538,-1.007532,2.029033103691101,107.99524527708397,300.999951967681
27635963,-4.986814,-0.355336,0.10856110369110117,196.6596555743948,184.0258924390408
27635963,-4.986814,-0.355336,0.10856110369110117,196.6596555743948,184.0258924390408
27669890,-4.0306,-3.851233,-0.01006689630889901,185.4665948590792,281.2086312266845
27662245,-2.973109,-2.397597,1.0178751036911011,162.14051755796137,296.700640378645
27650262,-2.854736,1.597878,0.050919103691100975,267.4516802004313,156.40773638109656
27669899,-3.93642,-3.574075,1.207697103691101,149.529284682576,285.04062582759
27665172,-2.907732,1.448073,-0.022293896308898997,265.12551600224134,165.22292411632213
27665172,-2.907732,1.448073,-0.022293896308898997,265.12551600224134,165.22292411632213
27669904,-3.557686,-3.079932,0.07558910369110117,189.60908838921176,283.11178670344185
27662250,-1.937947,-0.737563,-0.015617896308898871,235.22942724466412,300.8734904737412
27657996,-2.537637,0.644836,-0.016516896308898854,252.36649637818516,224.5463730976556
27657996,-2.537637,0.644836,-0.016516896308898854,252.36649637818516,224.5463730976556
27665176,-2.999961,1.388525,-0.016312896308898983,260.11879486467944,165.49198506715516
27665176,-2.999961,1.388525,-0.016312896308898983,260.11879486467944,165.49198506715516
27643893,-3.367244,-1.783113,0.20236010369110113,195.33916829812776,266.1264491153753
27643893,-3.367244,-1.783113,0.20236010369110113,195.33916829812776,266.1264491153753
27643009,-5.496993,0.812735,0.037040103691101,204.83672956230708,132.19672323284027
27655276,-1.39732,-3.976233,0.753911103691101,173.73746563140878,380.4463804448861
27655277,-1.986128,-4.335778,4.161745103691101,5.61522088570689,407.2657443271794
27619440,-6.480747,-1.294274,4.180797103691101,22.99192240142904,168.02491103252456
27619440,-6.480747,-1.294274,4.180797103691101,22.99192240142904,168.02491103252456
27662265,-3.666037,-4.036773,1.298294103691101,146.40976448550782,300.10405910686234
27669930,-3.456429,-3.037947,1.2337471036911012,150.43635583671545,291.67003988725594
27650294,-4.98308,1.096854,-0.05073289630889888,217.3619328019933,129.73981786708106
27669945,-2.434288,-1.015365,2.026476103691101,108.170563882408,301.9139195790127
27669959,-3.075061,-2.81685,0.09086110369110112,193.9920764382425,294.0414429376591
27660444,-4.287464,2.875883,-0.042399896308898954,267.986054003581,16.991303742529226
27622783,-5.374494,0.322748,0.08430410369110097,199.7624416881465,153.16323766692685
27650318,-5.019168,0.990176,-0.08425689630889899,216.9563885376529,134.19402291508507
27669964,-3.855697,-4.338907,1.290605103691101,146.0655752133049,298.4709984973308
27671981,-3.204915,0.431379,2.025148103691101,102.08681778855716,202.45791490154937
27643903,-2.079285,-0.678522,-0.002586896308898856,233.06199278235016,292.16561833803377
27665205,-2.980311,1.348263,-0.009103896308898962,259.10010291393235,168.65150070587944
27665205,-2.980311,1.348263,-0.009103896308898962,259.10010291393235,168.65150070587944
27669970,-2.401515,-1.151757,2.032177103691101,108.4325770648601,307.41351339960323
27669972,-3.966468,-4.855344,0.575264103691101,165.93110712692888,298.1718471685525
27669973,-4.106017,-5.226306,0.218629103691101,173.76167243160984,297.2579647587987
27669974,-3.203715,-3.275994,0.0459351036911011,191.6084098468692,296.5386776053414
27662283,-3.610664,-4.260969,1.0813791036911011,153.27788642021756,303.4090032609777
27639413,-2.613807,0.531739,-0.009227896308898975,247.2748263043644,225.9919809167369
27639413,-2.613807,0.531739,-0.009227896308898975,247.2748263043644,225.9919809167369
27658032,-2.492648,0.598446,0.008145103691101108,250.9857535337765,228.7750796709933
27658032,-2.492648,0.598446,0.008145103691101108,250.9857535337765,228.7750796709933
27638659,-3.292886,2.138484,0.0054551036911010264,274.01413615243814,100.23708576104416
27672002,-3.132426,0.313653,2.024604103691101,102.652347499768,212.3358745591733
27670004,-1.93562,-0.736574,-0.014349896308898824,235.23058745883665,300.9878349973724
27670008,-3.206789,-3.140754,3.612190103691101,37.9533009903,321.7972197106924
27670009,-3.716563,-4.318893,3.905341103691101,44.05553296012695,320.22442730128523
27665231,-2.939775,1.284786,-0.012853896308898882,258.647303290523,174.0506281297823
27665231,-2.939775,1.284786,-0.012853896308898882,258.647303290523,174.0506281297823
27662290,-3.234648,-3.370635,1.596605103691101,136.4910673512722,306.81215756249736
27665232,-2.845232,1.338628,-0.020705896308898852,263.5508273599704,174.5427079039144
27665232,-2.845232,1.338628,-0.020705896308898852,263.5508273599704,174.5427079039144
27662297,-2.373597,-1.362563,1.969721103691101,113.69091347861422,313.2276915420801
27672013,-3.048347,0.292635,1.977759103691101,106.25787522172344,217.64746980038885
27672013,-3.048347,0.292635,1.977759103691101,106.25787522172344,217.64746980038885
27665239,-6.975338,-0.570739,3.091256103691101,73.29583701973772,139.13917649279327
27665240,-2.830754,1.309186,-0.01270989630889896,262.6227849689404,176.86861781066733
27665240,-2.830754,1.309186,-0.01270989630889896,262.6227849689404,176.86861781066733
27670034,-3.201475,-4.185592,0.29856710369110107,179.12764894707462,309.9631349912653
27665244,-4.802219,0.227925,0.3698871036911011,192.7454162385256,167.14291271366432
27665248,-6.152922,-0.452689,0.19221910369110118,185.096800895524,163.95987251024894
27665249,-5.016275,0.112236,0.165808103691101,198.0603125622921,167.6031393547025
27643915,-3.401176,-2.009596,0.10583010369110113,196.83159025068656,269.2402261624083
27643915,-3.401176,-2.009596,0.10583010369110113,196.83159025068656,269.2402261624083
27639432,-2.469974,0.551004,0.007512103691101002,250.3915455626249,231.931971806028
27639432,-2.469974,0.551004,0.007512103691101002,250.3915455626249,231.931971806028
27627112,-4.297131,-1.838768,0.03235410369110103,193.84442073859623,239.54747551222988
27627112,-4.297131,-1.838768,0.03235410369110103,193.84442073859623,239.54747551222988
27678546,-4.222329,2.828047,0.5578501036911011,228.80132191311768,0.4676663895360775
27643919,-3.142419,-0.794581,1.7593941036911012,126.75320638395756,256.3778050480003
27643919,-3.142419,-0.794581,1.7593941036911012,126.75320638395756,256.3778050480003
27680862,-3.37555,-0.486982,0.860058103691101,176.5996970502212,233.98271647716516
27678549,-8.634086,3.070062,-0.04154889630889902,198.93559980356048,0.192659082729051
27670065,-3.528284,-5.496254,0.3001521036911011,172.85367284834007,314.8871383924518
27650378,-2.841262,1.337341,-0.014202896308898927,263.2562636844739,174.73540503958793
27650378,-2.841262,1.337341,-0.014202896308898927,263.2562636844739,174.73540503958793
27670072,-2.882415,-3.301185,2.6455261036911013,89.00178599028155,328.81161390689726
27665267,-2.887335,1.199444,0.005817103691101,256.6449593948893,180.9852739519747
27665267,-2.887335,1.199444,0.005817103691101,256.6449593948893,180.9852739519747
27639441,-4.873033,-0.372589,0.062443103691101065,199.1446315291075,187.24451654515423
27639441,-4.873033,-0.372589,0.062443103691101065,199.1446315291075,187.24451654515423
27665268,-5.050113,-0.014457,0.13460710369110118,197.8934422038037,171.42355537412664
27676376,-2.326071,-1.394721,2.042536103691101,108.78796997205728,317.68114092918404
27662314,-4.945146,-8.375811,0.49491110369110103,158.69421072404913,309.09301890090103
27665269,-2.801783,1.241733,-0.013886896308898944,261.51528824159504,182.08980259470496
27665269,-2.801783,1.241733,-0.013886896308898944,261.51528824159504,182.08980259470496
27670085,-2.447995,-2.367099,1.896384103691101,121.61961200956078,327.2046036708425
27670088,-3.236232,-4.913388,1.221235103691101,148.6386672322392,323.0283283237013
27676381,-2.809139,-2.83485,2.270534103691101,104.8085201960093,321.45650000839294
27665278,-2.895392,1.160845,-0.016133896308898832,256.5736403481656,182.9844243121756
27665278,-2.895392,1.160845,-0.016133896308898832,256.5736403481656,182.9844243121756
27643931,-3.172959,-0.950889,1.6348851036911012,134.29388658417895,259.21937077793547
27643933,-3.127494,-0.866164,1.764389103691101,126.57266693119512,259.310739533262
27643933,-3.127494,-0.866164,1.764389103691101,126.57266693119512,259.310739533262
27665285,-3.803922,0.573282,1.7550211036911012,124.64314374058245,171.55075473603503
27662326,-2.408327,-2.542965,0.08595310369110098,201.66964497198688,313.85202302261206
27662327,-1.789363,-1.084489,-0.017696896308898813,231.79737274081037,316.3602441143871
27676392,-3.474989,-5.406105,1.3158291036911012,144.89762765850412,321.5388084644416
27665295,-4.925529,-0.112889,0.3066421036911011,191.57603067397028,176.8566213684634
27665297,-2.772379,1.174108,-0.015374896308898878,260.4549221386127,187.2386892604333
27665297,-2.772379,1.174108,-0.015374896308898878,260.4549221386127,187.2386892604333
27670122,-3.051663,-4.919418,1.301456103691101,146.3749488335307,329.46237653710807
27665301,-2.862659,1.103346,-0.010140896308898917,255.55330725634752,187.4666585220152
27665301,-2.862659,1.103346,-0.010140896308898917,255.55330725634752,187.4666585220152
27670129,-1.980269,-1.359228,1.9993181036911012,110.1699929413707,338.5508141850916
27670130,-2.329391,-2.504529,1.9371711036911012,119.60847464535632,335.8031744001546
27665310,-8.049561,-1.506112,4.770623103691101,17.623013562046964,144.09734012847525
27662336,-3.177644,-4.198156,1.044594103691101,155.63264941810576,315.72962520921067
27665313,-4.962956,-0.24221,0.13632110369110118,196.72707728320225,180.88281343149845
27665313,-4.962956,-0.24221,0.13632110369110118,196.72707728320225,180.88281343149845
27672122,-2.833404,-0.188507,2.021443103691101,105.04382573174856,251.34552347549015
27672122,-2.833404,-0.188507,2.021443103691101,105.04382573174856,251.34552347549015
27653123,-1.061045,1.819943,-0.013841896308898871,414.6290427072828,263.8718037654778
27653123,-1.061045,1.819943,-0.013841896308898871,414.6290427072828,263.8718037654778
27680886,-2.380564,0.2256,-0.03493089630889901,246.944922820507,249.15447323883177
27680886,-2.380564,0.2256,-0.03493089630889901,246.944922820507,249.15447323883177
27643944,-2.006135,-0.767237,0.02597410369110098,231.43030096669943,298.38144650788155
27650436,-5.119047,0.44717,-0.1638918963088989,212.7289927976601,154.94231858535443
27665318,-1.632164,1.945611,-0.011784896308898896,362.6345277767071,193.84992012821928
27665318,-1.632164,1.945611,-0.011784896308898896,362.6345277767071,193.84992012821928
27670153,-2.746769,-4.607316,1.0431381036911012,155.9536185742233,334.42435395096845
27672140,-4.367939,-4.126339,0.21422510369110115,176.65197103402113,277.5030068065931
27627134,-2.126519,-0.552306,0.004298103691101174,234.1611010313414,286.5782581875927
27678585,-5.221708,2.09558,0.43519210369110106,204.36211620473583,63.26345959781315
27665321,-2.841891,1.039516,-0.014138896308898863,254.60364033545815,191.7892448926517
27665321,-2.841891,1.039516,-0.014138896308898863,254.60364033545815,191.7892448926517
27665322,-2.754985,1.099597,-0.02779889630889887,259.4851625541756,192.2014026514495
27665322,-2.754985,1.099597,-0.02779889630889887,259.4851625541756,192.2014026514495
27643949,-3.095836,-0.897774,1.763394103691101,126.66943895035809,261.70737851205075
27643949,-3.095836,-0.897774,1.763394103691101,126.66943895035809,261.70737851205075
27662341,-2.612024,-2.51219,1.8945161036911011,122.27059136769331,321.5648068433373
27678586,-5.075229,2.003061,0.7309481036911011,189.03847576063723,65.63267927907873
27662342,-2.787247,-3.579177,0.47470310369110114,178.3780320538093,317.092460590103
27650445,-6.410511,0.103249,0.7816941036911011,166.0347184271996,138.90748429987707
27643950,-4.453948,-3.409604,0.27721610369110106,177.28293925113115,265.1240286476453
27643950,-4.453948,-3.409604,0.27721610369110106,177.28293925113115,265.1240286476453
27658152,-1.421844,1.269815,-0.009859896308898941,324.33780735571565,263.7198158481666
27658152,-1.421844,1.269815,-0.009859896308898941,324.33780735571565,263.7198158481666
27665328,-4.941091,-0.319929,0.04546910369110102,199.609215792145,184.11459304524612
27662343,-2.2809,-2.497934,0.0012921036911011097,206.42514676972695,317.5594500224912
27643955,-3.158387,-1.062363,1.617796103691101,135.3097505194198,263.00066724406764
27665331,-3.713036,0.424298,1.7488301036911011,125.35051138086487,182.8002195679734
27665331,-3.713036,0.424298,1.7488301036911011,125.35051138086487,182.8002195679734
27650451,-4.952146,0.485731,0.37221310369110105,193.48173000690213,153.68919871730276
27676413,-2.549776,-4.55919,1.0506961036911011,156.32821693611547,340.8963914653501
27660544,-3.434888,2.379998,-0.015228896308898898,279.16564534566294,75.22102759566988
27680894,-3.081703,-0.893497,1.7351941036911012,128.35648031247538,262.0711763332378
27658182,-2.369788,0.303172,-0.005661896308899017,247.48432698346588,246.88705214261927
27658182,-2.369788,0.303172,-0.005661896308899017,247.48432698346588,246.88705214261927
27622885,-2.543988,0.413397,-0.0006838963088988681,245.69294375728165,234.155711478978
27622885,-2.543988,0.413397,-0.0006838963088988681,245.69294375728165,234.155711478978
27662355,-2.252496,-2.500912,0.07478610369110106,203.91715496753736,319.4236992524983
27680898,-3.951611,-2.360716,0.06241510369110115,191.8509343705544,259.4698274580515
27680898,-3.951611,-2.360716,0.06241510369110115,191.8509343705544,259.4698274580515
27665346,-6.408685,-1.080549,3.572189103691101,50.5052435053712,164.84521443738188
27665346,-6.408685,-1.080549,3.572189103691101,50.5052435053712,164.84521443738188
27678600,-5.370895,1.738062,0.5511791036911011,192.7006986152581,82.40433034764396
27670180,-2.79366,-5.254857,0.976383103691101,156.6409377707438,338.3309271704345
27680900,-3.609039,-1.872229,0.43267810369110105,184.3440249622768,261.0850399595046
27680900,-3.609039,-1.872229,0.43267810369110105,184.3440249622768,261.0850399595046
27662360,-3.902612,-5.786169,3.447458103691101,76.73129141242904,327.0000497337463
27678603,-4.945146,1.736226,0.4594751036911011,202.20737028097963,89.94000156891181
27639465,-2.545753,0.424672,0.003398103691101051,245.69770760792355,233.6231695328534
27639465,-2.545753,0.424672,0.003398103691101051,245.69770760792355,233.6231695328534
27662361,-3.401895,-4.59636,2.774685103691101,93.25411223449449,325.7702818534533
27665350,-2.79021,0.967667,-0.004877896308898899,253.5521678827753,197.68592254686453
27665350,-2.79021,0.967667,-0.004877896308898899,253.5521678827753,197.68592254686453
27662365,-3.855603,-5.724015,3.577679103691101,71.318932291073,328.8077102070929
27665354,-4.931821,-0.486372,0.10052510369110101,196.38477296554177,189.3009965463928
27665354,-4.931821,-0.486372,0.10052510369110101,196.38477296554177,189.3009965463928
27674531,-4.311109,2.916991,0.18380410369110112,254.5460443408151,4.5882694741999615
27658204,-2.46359,0.124577,-0.027887896308898874,242.46546104197364,248.85951381029145
27658204,-2.46359,0.124577,-0.027887896308898874,242.46546104197364,248.85951381029145
27680905,-3.912285,-2.611287,0.04006910369110117,191.2733362186385,265.0774621155338
27680905,-3.912285,-2.611287,0.04006910369110117,191.2733362186385,265.0774621155338
27662367,-2.588029,-3.567498,0.03477510369110104,194.24568100628923,320.5001730847238
27670185,-2.002154,-2.041547,1.9669271036911011,115.65883987460624,347.8100573544118
27660556,-1.107048,1.909161,-0.0024738963088988264,420.49339191156577,250.02589004842469
27660556,-1.107048,1.909161,-0.0024738963088988264,420.49339191156577,250.02589004842469
27674545,-4.614279,2.688588,0.7177641036911011,205.6569197712861,10.13071812496014
27674549,-8.289137,2.565818,1.1868241036911011,150.49026911223658,5.548302443618383
27650489,-4.676013,0.346149,-0.022408896308898862,211.09068452810635,167.43911452997648
27660560,-3.404883,2.328575,-0.006529896308898886,277.7675086668553,80.54405180587105
27662373,-2.988812,-3.680473,2.7733151036911012,85.96906270935102,330.55206097284287
27674556,-4.301912,2.194646,1.888298103691101,106.73366201923754,24.51986898349
27662380,-3.072453,-3.960042,2.9136481036911013,81.8390702380535,331.95444655116125
27678607,-5.145461,1.556443,0.8761971036911012,176.46738939799135,91.62361841851566
27678608,-5.335435,1.439517,0.8240951036911011,176.86858825810538,96.3588550515515
27672201,-2.605339,-2.993282,0.4524591036911011,183.36069412709512,315.75383409882033
27665363,-2.710938,0.988098,-0.02973389630889889,257.668611305316,200.07737095342495
27665363,-2.710938,0.988098,-0.02973389630889889,257.668611305316,200.07737095342495
27678609,-6.606798,0.608028,3.080444103691101,59.0238416597482,93.73878134710708
27672202,-2.508501,-2.722909,0.4226341036911011,186.82904717610563,315.3893491948138
27665365,-6.880346,-1.365437,4.356942103691101,20.39144060541318,161.61883059223075
27665365,-6.880346,-1.365437,4.356942103691101,20.39144060541318,161.61883059223075
27674567,-4.943461,1.974607,0.9918241036911011,174.70052841341493,63.97756349212239
27662383,-2.146502,-1.612511,1.963667103691101,114.50066263595922,331.8747283051463
27646582,-1.056866,1.817525,-0.007569896308898816,414.4130417125754,264.72790023401177
27646582,-1.056866,1.817525,-0.007569896308898816,414.4130417125754,264.72790023401177
27643967,-3.142629,-1.118027,1.617923103691101,135.32808582257582,265.2482442565133
27672212,-2.296474,-2.200562,1.697606103691101,131.93618119805012,329.90694684662066
27643972,-1.966999,-0.859485,0.024049103691101026,230.60104586091228,302.5551572639414
27650520,-4.738093,0.173498,-0.07027689630889888,210.4337828601637,172.583610142127
27638724,-8.104074,2.52077,0.04759010369110106,195.81596179752356,28.018901880641863
27680924,-5.070376,-0.39164,0.08327210369110105,196.61472038415485,183.38832445637476
27680924,-5.070376,-0.39164,0.08327210369110105,196.61472038415485,183.38832445637476
27626614,-5.257005,0.236557,0.10484210369110114,199.30179054137008,158.4724499758888
27662400,-3.034396,-4.067276,3.333825103691101,62.434613216477885,339.0679112597625
27619482,-6.117365,-1.72799,3.4950081036911014,58.34883386546071,191.9245090187388
27676466,-0.749887,-2.081754,0.6295621036911011,200.0489147103185,406.8830649656906
27658262,-5.81206,-3.637681,-0.028941896308898984,178.9625953470701,238.9829526610989
27650529,-4.969326,0.121912,0.31829210369110106,192.5686713504761,167.58060375974856
27662402,-2.891245,-4.491193,1.061930103691101,155.1948080809347,328.5193631975432
27643980,-4.529266,-3.867749,0.21836110369110107,176.84267199297415,270.0431289412451
27643980,-4.529266,-3.867749,0.21836110369110107,176.84267199297415,270.0431289412451
27660598,-3.201566,2.195642,0.0009461036911011522,280.0421170233807,97.45264227884816
27672234,-3.656934,-8.53558,1.999827103691101,126.77505693071951,345.0863672867471
27639476,-5.794342,-1.00174,-0.010306896308899027,190.5524147637008,186.20602922195008
27650548,-4.817944,0.02644,-0.12690589630889892,210.2205141401104,176.12677644115615
27650548,-4.817944,0.02644,-0.12690589630889892,210.2205141401104,176.12677644115615
27680940,-3.26067,0.455434,2.025709103691101,102.20921605804602,198.5045200506149
27674631,-1.644083,2.001666,-0.026513896308898888,368.1636390462986,187.2952005253817
27674631,-1.644083,2.001666,-0.026513896308898888,368.1636390462986,187.2952005253817
27650552,-7.440274,-1.103,-0.14757089630889886,185.04314112524,162.66402552511062
27646602,-5.20472,1.448397,0.010473103691100993,216.3475829419674,108.1274763682739
27670220,-1.938056,-2.231542,1.974313103691101,115.77160473939897,354.4370680408051
27670222,-1.680735,-1.393064,1.329024103691101,155.96639202681956,348.01287239261563
27643108,-2.69844,1.007395,-0.013104896308898883,257.63354408178594,199.56079785961848
27643108,-2.69844,1.007395,-0.013104896308898883,257.63354408178594,199.56079785961848
27650557,-5.003469,-0.050671,0.143122103691101,197.6770626290306,173.63062389570177
27643984,-4.051681,-3.47983,-0.019797896308898943,187.4398483438917,275.2895979809706
27643984,-4.051681,-3.47983,-0.019797896308898943,187.4398483438917,275.2895979809706
27678648,-6.329806,-0.119085,1.980048103691101,117.8989197163746,140.55882708116857
27643985,-1.94233,-0.906642,0.018667103691101028,230.4742122753728,304.8552373219036
27658286,-5.606076,-3.067647,3.021738103691101,85.17694947468118,237.0397854361976
27658286,-5.606076,-3.067647,3.021738103691101,85.17694947468118,237.0397854361976
27639480,-2.417954,0.437818,0.008113103691101076,248.8359709997666,239.22092362672328
27639480,-2.417954,0.437818,0.008113103691101076,248.8359709997666,239.22092362672328
27670231,-1.86748,-1.994131,2.0242811036911013,111.37955610004748,356.6163841092159
27660633,-3.293546,2.120346,-0.0018738963088988925,273.7722494445442,101.96088774791544
27672264,-1.377198,-2.153496,0.038124103691101086,219.35177311590948,355.92878859253096
27678662,-3.361058,0.899266,2.0244081036911012,98.90805237159913,166.06624802879912
27678666,-6.424227,-0.750703,0.075672103691101,185.6233997572101,168.229884556971
27678668,-5.116354,-0.038072,0.04363910369110102,200.49657170561,171.1832402777179
27658309,-4.250642,-2.210418,0.07564410369110108,190.40068696904152,248.5391723955936
27658309,-4.250642,-2.210418,0.07564410369110108,190.40068696904152,248.5391723955936
27622933,-2.489958,0.291388,-0.00020189630889899668,244.1222927197503,241.5237401150096
27622933,-2.489958,0.291388,-0.00020189630889899668,244.1222927197503,241.5237401150096
27646618,-2.984715,1.571474,-0.047004896308898925,268.0806348389535,154.44302499610814
27626638,-6.926201,0.048684,0.7477971036911011,165.02481472123833,133.32850875097705
27650583,-4.944038,-0.153823,0.2926991036911011,191.6615234067056,177.87375125214854
27650583,-4.944038,-0.153823,0.2926991036911011,191.6615234067056,177.87375125214854
27658322,-3.217792,-0.768945,1.5990961036911011,136.28061165447133,251.5475054350724
27626643,-5.184319,0.137789,0.11660010369110108,198.66797852816623,163.40392016011583
27660658,-3.319732,2.060339,-0.028949896308898992,272.30995430848736,106.94451161643318
27658337,-2.868172,-0.363854,1.970056103691101,110.34203686365689,256.0465744263487
27639490,-6.266611,-0.478045,3.191125103691101,61.880097990035125,147.5685882099143
27639490,-6.266611,-0.478045,3.191125103691101,61.880097990035125,147.5685882099143
27660659,-3.141457,2.059196,0.00044110369110117453,277.0384851159644,111.27589515178728
27613244,-3.602904,2.837419,0.0037721036911011474,290.4589061557067,22.471996818669453
27670258,-2.114111,-4.721314,-0.006990896308898931,191.4971604856454,348.1658764896161
27672320,-0.700707,-3.751567,0.03153610369110105,209.03022645539176,403.46119504036415
27646633,-5.704049,1.276673,0.11732910369110106,204.08492238362595,107.73767442415642
27672323,-0.748649,-1.951194,0.7371171036911011,195.6289961789948,409.210691364748
27563043,-3.78353,-1.475075,0.024228103691101177,200.8133070234132,245.6815327929088
27563043,-3.78353,-1.475075,0.024228103691101177,200.8133070234132,245.6815327929088
27646635,-8.054231,0.992771,-0.09860789630889899,190.9170575206976,94.3554819670176
27658355,-3.655415,-1.789881,0.43119610369110106,184.60147360334497,257.8423309333472
27658355,-3.655415,-1.789881,0.43119610369110106,184.60147360334497,257.8423309333472
27662445,-2.741246,-4.960972,0.9883001036911011,157.0069910214061,337.50927734828315
27653233,-3.47757,2.570585,0.01571010369110115,283.2867572141931,54.05454919454709
27674692,-3.282352,0.488881,2.031178103691101,101.60139914764574,195.59185393096396
27672336,-0.694563,-2.293018,1.052087103691101,174.4003711622088,422.4533270592835
27662451,-1.54662,-1.602187,-0.008892896308899001,226.9287293459257,338.73570683636194
27662454,-2.973761,-4.66327,4.492977103691101,9.270188318865934,361.44022081680725
27644006,-3.039846,-1.304482,1.6632911036911011,132.94941070561123,275.02995672147495
27644007,-3.585981,-3.237669,0.021691103691101166,190.1885918297849,284.4615064338888
27672346,-0.627458,-2.133193,1.367014103691101,155.8608331542352,437.54060614050286
27681026,-2.617074,0.465711,-0.03597389630889891,247.0523988589267,228.58987410904783
27681026,-2.617074,0.465711,-0.03597389630889891,247.0523988589267,228.58987410904783
27681028,-2.948067,-0.185387,2.031876103691101,104.8487026348075,245.07931419347696
27681028,-2.948067,-0.185387,2.031876103691101,104.8487026348075,245.07931419347696
27681030,-2.860491,-0.180789,2.025441103691101,104.82333843361825,249.560273562612
27681030,-2.860491,-0.180789,2.025441103691101,104.82333843361825,249.560273562612
27681032,-4.870169,-3.297478,0.1875091036911012,178.45406440185255,253.2997467648829
27681032,-4.870169,-3.297478,0.1875091036911012,178.45406440185255,253.2997467648829
27658377,-3.108501,-0.948745,1.736548103691101,128.37053612103207,262.5219878925102
27658377,-3.108501,-0.948745,1.736548103691101,128.37053612103207,262.5219878925102
27653254,-3.3121,2.413929,-0.011995896308898857,285.41186973664287,74.09771076750155
27681038,-2.54018,-0.861615,2.0301141036911012,107.45100503702923,291.4160529200995
27681039,-2.118434,-0.24609,0.0026551036911011128,240.4343432044325,278.4320240197744
27681040,-2.474029,-0.968655,2.027590103691101,107.98794092605084,298.29812926515785
27658380,-3.948595,-2.525125,0.05164510369110098,191.19744461259947,262.56551124634905
27658380,-3.948595,-2.525125,0.05164510369110098,191.19744461259947,262.56551124634905
27660697,-3.262486,1.99211,-0.012946896308899003,270.9426194894327,113.80176569238252
27681045,-3.729843,-4.398409,1.3091491036911012,145.60463492735363,302.9468849326115
27681046,-2.335123,-1.050478,1.9434391036911012,113.90272318672284,307.8536982068512
27637086,-3.534217,0.145004,1.722123103691101,127.64414234244704,203.41274146051316
27637086,-3.534217,0.145004,1.722123103691101,127.64414234244704,203.41274146051316
27653264,-3.421238,2.390303,-0.0043648963088989134,279.42988057268326,74.18498718325
27644025,-1.856027,-1.086598,0.031789103691101106,228.29244686009972,313.3874538538553
27658403,-4.004955,-2.803302,0.07452410369110107,188.50718739612284,266.02428598090586
27660717,-3.23126,1.948102,-0.00221989630889885,269.8391724593648,118.04973367170396
27658409,-4.66544,-3.79697,0.18525710369110104,177.44803150741882,265.731820570544
27658409,-4.66544,-3.79697,0.18525710369110104,177.44803150741882,265.731820570544
27653285,-3.244464,2.257247,-0.007948896308898945,281.3822991135371,90.85040776595986
27681086,-2.353366,-4.6698,0.2813021036911011,181.64368900928537,342.0193753119908
27662486,-1.952208,-2.164278,1.972868103691101,115.63821304057193,352.66610785249657
27639507,-2.50878,0.322787,0.0003131036911010465,244.37640076758092,239.4183538042417
27639507,-2.50878,0.322787,0.0003131036911010465,244.37640076758092,239.4183538042417
27626668,-2.57103,0.545479,0.015576103691101073,247.30648823655716,227.39663967355867
27626668,-2.57103,0.545479,0.015576103691101073,247.30648823655716,227.39663967355867
27678772,-4.443255,-2.480003,-0.08959989630889886,192.6738334455073,248.48092239981685
27660723,-6.048453,1.798689,0.07357810369110118,207.58341011110485,77.99115555304212
27660724,-3.098822,1.937011,-0.012528896308898974,274.81865892663905,123.01591444008884
27650681,-2.536165,0.63543,-0.025449896308898934,252.64750658946272,225.0269140252801
27650681,-2.536165,0.63543,-0.025449896308898934,252.64750658946272,225.0269140252801
27637108,-2.991021,0.13882,2.016086103691101,103.89682363331622,228.31076353604476
27678776,-6.470918,-5.900543,-0.39869389630889884,177.75001976371271,256.8841821388353
27678776,-6.470918,-5.900543,-0.39869389630889884,177.75001976371271,256.8841821388353
27662492,-1.836213,-2.041665,1.490583103691101,144.01861667997986,350.3438486580294
27678780,-3.895231,-2.23822,0.17416810369110114,189.316429939068,259.0544024784465
27678780,-3.895231,-2.23822,0.17416810369110114,189.316429939068,259.0544024784465
27637113,-2.994754,0.078029,2.024085103691101,103.74298675366651,231.0183301681797
27622959,-2.472197,0.239562,-0.0031648963088988236,243.51740611306008,244.32946549183757
27622959,-2.472197,0.239562,-0.0031648963088988236,243.51740611306008,244.32946549183757
27658436,-2.683077,-0.671477,1.964839103691101,111.69550243891791,276.81946869947694
27678789,-3.897222,0.639371,1.753366103691101,124.70316112508904,164.71491740526216
27678789,-3.897222,0.639371,1.753366103691101,124.70316112508904,164.71491740526216
27639516,-3.678988,0.417447,1.745040103691101,125.5971974112035,184.42533777060416
27639516,-3.678988,0.417447,1.745040103691101,125.5971974112035,184.42533777060416
27658450,-2.651146,-0.747418,1.966161103691101,111.88277701322131,281.0090132635613
27678797,-3.338906,0.84754,1.966967103691101,104.52942377513196,171.07759991360996
27678797,-3.338906,0.84754,1.966967103691101,104.52942377513196,171.07759991360996
27662502,-2.308452,-5.433568,0.134442103691101,182.66166080931907,348.4774187838835
27658457,-2.950541,-1.327207,1.797355103691101,125.3759246223302,280.59341556501664
27653322,-3.311018,2.139171,-0.007466896308898852,274.1717551425749,99.99633629239412
27674745,-5.312509,-2.697399,3.3103301036911015,69.06593659867181,236.9335562853396
27653330,-3.162251,2.080758,-0.009698896308898863,277.7091830011162,109.01996082651918
27658468,-2.023527,-0.56318,-0.021207896308898855,237.1694021548568,291.9836447726739
27670340,-1.71611,-5.351163,0.6986611036911011,168.55686756868883,374.08756433267
27681127,-0.861793,-3.939239,0.40754010369110105,191.2216337308313,401.8334702256876
27646712,-5.545887,0.916806,0.026938103691101167,205.74729094158636,127.0989952052746
27676735,-7.140792,2.14907,1.1471371036911011,154.7809708911822,33.10230210656749
27681129,-0.749139,-2.291776,0.6165921036911011,198.22463497666809,407.36250506466615
27614370,-8.228832,2.637294,0.8176241036911011,166.33827987412224,8.418781126684422
27660761,-3.17553,1.849412,0.0026991036911010458,268.05663186907907,127.37399995442794
27662508,-2.131357,-4.892817,0.04609910369110115,188.84070409219385,349.42575302199
27662509,-1.418098,-1.947836,-0.017462896308898967,224.0678295871255,350.4342730180288
27658483,-3.342065,-2.880559,0.03759910369110098,193.4460479377396,286.24669261011536
27681133,-0.674001,-5.205287,1.164069103691101,156.14001395021296,426.4626710350989
27681134,-0.687263,-2.104218,0.7587741036911011,193.3479288393165,415.0340610656939
27674766,-5.488613,-3.04621,1.481810103691101,138.8878570862855,237.30216634171816
27681139,-0.55644,-2.004964,1.091891103691101,175.48713688247588,435.6552119183927
27674769,-5.55012,-3.086502,1.228165103691101,146.6852917345915,236.39284039873723
27674769,-5.55012,-3.086502,1.228165103691101,146.6852917345915,236.39284039873723
27570449,-6.173263,-2.32093,4.230145103691101,31.07123876007944,206.17593261851985
27646725,-4.148694,1.379476,1.758731103691101,122.47106816813596,108.51363854565994
27660783,-3.18723,1.765928,-0.027548896308899007,266.6911920556355,133.72423784880937
27658504,-3.782049,-3.515382,1.304403103691101,146.56841442039587,289.20823824980687
27670368,-1.496719,-5.130432,0.9030971036911011,163.23778255452422,384.12507391717367
27658512,-3.148107,-2.915882,0.06817310369110108,193.5606441745156,293.0698069036014
27674780,-5.132817,-2.95668,0.5987131036911011,166.84297665622114,242.32213246084171
27674780,-5.132817,-2.95668,0.5987131036911011,166.84297665622114,242.32213246084171
27650784,-3.571815,0.127761,1.7439361036911012,126.22968176524796,202.68439545768885
27650784,-3.571815,0.127761,1.7439361036911012,126.22968176524796,202.68439545768885
27662525,-1.366946,-2.057933,-0.020632896308898863,223.3695850402912,354.53067225761504
27658517,-1.924088,-0.748662,-0.015564896308899012,235.2814184029072,301.87719527374264
27667957,-3.575958,2.973175,-0.02311989630889899,300.2913079879648,6.29967141831105
27660804,-3.015579,1.701479,-0.026706896308898997,270.21916732932,144.01564796007207
27674795,-6.89094,-0.393748,0.8822541036911011,159.31377678704678,147.21934052118291
27667981,-3.648995,2.906078,-0.0033858963088988503,292.0227215362827,14.033548800653309
27660813,-3.115168,1.674288,-0.01052989630889889,265.04780286200486,142.4116918121103
27667989,-3.537318,2.873682,-0.028411896308898843,297.5141198084781,19.55033618971285
27660814,-4.253538,1.528368,1.7914461036911011,119.49457983670264,93.71489172500388
27658544,-1.882256,-0.8167,-0.006733896308898979,234.37886444704992,305.78786998040675
27662539,-1.311828,-2.15827,-0.018569896308898937,222.6547177235866,358.7336429370647
27638805,-6.191839,1.908813,-0.03318689630889882,211.5276546671161,72.2341060258608
27646760,-5.507384,0.704806,0.016034103691101143,204.51573022365272,136.56104978507034
27630512,-5.386464,0.480847,0.10378610369110097,200.28020585836396,146.90528880876636
27650836,-2.402102,0.347313,-0.01628189630889887,248.32771424648075,243.53795601734407
27650836,-2.402102,0.347313,-0.01628189630889887,248.32771424648075,243.53795601734407
27650838,-2.54244,0.225407,-0.04590189630889885,243.84218585596815,241.42991382532583
27650838,-2.54244,0.225407,-0.04590189630889885,243.84218585596815,241.42991382532583
27658551,-3.445562,-3.777364,0.30711010369110103,179.49974709731117,297.64272651894487
27668005,-3.611896,2.845416,0.0034191036911010997,290.4397495728469,21.45755627732504
27646772,-5.389336,0.704885,0.12399310369110106,201.47988312607976,137.86195572294912
27668012,-3.524547,2.820126,-0.03490389630889901,295.9180381921187,26.546586858684805
27658563,-3.580398,-4.020132,0.6699461036911011,166.86192511164535,298.89846124957
27658564,-3.764904,-4.469715,0.5142871036911011,169.42485544835347,298.58381655418435
27658565,-1.869372,-0.889974,-0.013336896308898893,233.597215242569,308.03650322822887
27665587,-2.565943,0.471297,0.003817103691100998,246.29076526149584,230.76075092782804
27665587,-2.565943,0.471297,0.003817103691100998,246.29076526149584,230.76075092782804
27678886,-1.776467,1.825487,-0.017942896308899003,340.0585900565932,194.55180311750587
27678886,-1.776467,1.825487,-0.017942896308899003,340.0585900565932,194.55180311750587
27660849,-4.759404,1.323643,0.5922761036911011,192.94527356711228,115.76138430754948
27658574,-2.658566,-1.81656,1.840708103691101,123.64767604979066,306.1852644080138
27676813,-5.308578,-0.016699,-0.01340589630889899,201.06246387707463,166.77260120799883
27668033,-3.593029,2.777098,-0.00023389630889880664,288.3931250023127,29.95509430618929
27678894,-4.988828,-2.515804,0.366552103691101,175.87848081203427,237.00654347712455
27650876,-3.803186,-0.811894,0.10551110369110117,203.4586409779931,228.38122671465328
27658590,-3.245019,-3.929069,0.31838510369110107,179.45372642094702,305.64260067460475
27678898,-1.457741,2.220531,-0.01146989630889883,416.5697523884795,176.6575613379061
27678900,-5.315755,-3.197595,1.3582371036911012,142.89093414310045,243.78497056700215
27678900,-5.315755,-3.197595,1.3582371036911012,142.89093414310045,243.78497056700215
27658595,-2.812998,-3.189799,0.02816910369110115,195.4119440194003,307.8784898589683
27668053,-3.561481,2.720434,0.0036161036911011024,286.9946777040343,36.7076707021383
27668054,-3.447167,2.705183,-0.01530689630889892,292.7674377834064,40.27391580948503
27678901,-2.851917,-0.08536,1.954015103691101,109.8094098853904,245.71157424741065
27660865,-5.780584,0.958289,0.04358310369110119,203.18115801447647,121.43684843368412
27639545,-3.668947,0.304413,1.589286103691101,136.33894795274443,191.09413132398188
27639545,-3.668947,0.304413,1.589286103691101,136.33894795274443,191.09413132398188
27676832,-1.545136,1.73307,-0.016536896308898985,351.17534447454125,220.47958855746032
27676832,-1.545136,1.73307,-0.016536896308898985,351.17534447454125,220.47958855746032
27678906,-3.461765,-1.317487,0.5190721036911011,185.64870760469097,253.54459766394467
27678906,-3.461765,-1.317487,0.5190721036911011,185.64870760469097,253.54459766394467
27658600,-3.463385,-4.269563,1.0829521036911012,153.54525287039564,307.92395732217915
27660867,-4.15456,1.32192,1.776380103691101,121.2872945949246,112.443806110182
27658601,-2.522747,-2.634193,0.06635410369110106,200.5957635588194,310.61979763057934
27660869,-2.921593,1.499656,-0.021492896308898946,266.2938551853323,161.3205712990565
27660869,-2.921593,1.499656,-0.021492896308898946,266.2938551853323,161.3205712990565
27650918,-2.343238,0.171974,-0.016120896308899013,245.59485284675813,253.04844656624556
27650918,-2.343238,0.171974,-0.016120896308899013,245.59485284675813,253.04844656624556
27646820,-5.017422,0.54152,-0.1077318963088989,212.72667912227465,153.05739272790225
27625883,-3.485035,2.83426,-0.0042968963088989565,296.50956644044726,23.84001206024348
27626717,-2.543145,0.432226,0.006701103691101107,245.75967062594572,233.4429974733248
27626717,-2.543145,0.432226,0.006701103691101107,245.75967062594572,233.4429974733248
27678917,-2.992455,-2.170236,0.868320103691101,169.20452621791335,290.7795126230182
27658615,-2.784524,-3.408937,0.07408810369110119,192.65259288596377,312.089438820621
27674858,-3.119625,0.374174,2.0187721036911013,102.54963444053784,209.7375435608169
27674858,-3.119625,0.374174,2.0187721036911013,102.54963444053784,209.7375435608169
27658619,-2.389812,-2.532937,0.08859110369110113,201.82757818535015,314.4584314736456
27660877,-4.231654,1.278721,1.603450103691101,134.53929379221404,116.40400527114492
27660880,-3.023872,1.454114,-0.012562896308898841,261.14874974673194,160.44153379144046
27670467,-0.732145,-1.925087,0.7943521036911011,192.81059212556752,411.9424671482061
27668093,-3.432753,2.618082,-0.035149896308898976,290.67284683180543,51.06202286342301
27646830,-5.496526,0.412058,-0.021285896308898877,203.34293795938808,148.22600240184437
27678935,-2.546967,-2.404081,1.477273103691101,142.86524360359073,318.5499671017348
27658632,-2.288448,-2.518134,-0.004463896308898985,206.37395124204437,317.4979634034229
27660886,-2.899427,1.46183,-0.015398896308898902,265.4273577166455,164.58869062146678
27660886,-2.899427,1.46183,-0.015398896308898902,265.4273577166455,164.58869062146678
27662583,-3.313669,-13.023084,3.374569103691101,102.50020028923412,380.1916307721029
27650969,-3.041966,0.061831,1.9661581036911011,108.80254914856914,229.23675970052832
27678949,-2.181149,-2.602473,1.613766103691101,136.53733123174612,340.66407376298844
27658641,-4.383328,-6.340161,3.8649761036911015,68.14866805572117,321.03540934230165
27678950,-0.923088,1.868342,0.020636103691101138,441.9094194612328,280.0920973101903
27678950,-0.923088,1.868342,0.020636103691101138,441.9094194612328,280.0920973101903
27658643,-2.258136,-2.502146,0.07530910369110111,203.83200456152375,319.2140524397523
27678951,-1.69861,-1.352446,0.05607710369110119,225.4467763800482,327.1904718608592
27658651,-2.725694,-2.815431,1.912031103691101,122.19933160043658,321.30680901424546
27668116,-3.476062,2.546834,0.010497103691101017,282.6789369519696,56.79219755747485
27639552,-2.458048,0.243914,0.007232103691101166,243.3903431399216,244.8795730899597
27639552,-2.458048,0.243914,0.007232103691101166,243.3903431399216,244.8795730899597
27670486,-0.625134,-2.464363,0.6276441036911011,197.15411808915883,417.1180470391548
27650990,-2.290715,0.020359,-0.03242489630889889,244.21812822702623,260.8831450539777
27650990,-2.290715,0.020359,-0.03242489630889889,244.21812822702623,260.8831450539777
27660892,-3.01303,1.421826,-0.016422896308898816,260.72690688397256,162.92498416189989
27660892,-3.01303,1.421826,-0.016422896308898816,260.72690688397256,162.92498416189989
27662593,-1.141154,-2.541185,-0.014159896308898912,219.6342897696595,371.935679704098
27658667,-3.001482,-3.555311,2.449567103691101,100.3869487690796,325.278044120144
27658670,-1.666414,-1.333797,-0.009491896308899017,229.31087689840973,327.7964840843807
27668136,-3.474822,2.498205,-0.0037898963088989213,281.6183491050054,62.34724278099472
27651013,-2.256384,-0.026124,-0.019856896308898975,243.3136320123482,264.2425083624003
27651013,-2.256384,-0.026124,-0.019856896308898975,243.3136320123482,264.2425083624003
27658680,-3.044127,-3.764636,2.612596103691101,94.23387310917474,327.79990921872246
27651022,-4.394316,-2.00498,0.06622310369110118,191.02610047740703,240.62680179007512
27651022,-4.394316,-2.00498,0.06622310369110118,191.02610047740703,240.62680179007512
27660906,-5.511632,0.793391,0.030902103691101024,204.7431314330625,132.78920916000487
27660907,-2.876672,1.400035,-0.020987896308898968,264.5085181259936,169.47766893323245
27660907,-2.876672,1.400035,-0.020987896308898968,264.5085181259936,169.47766893323245
27670507,-0.413485,0.609021,0.009595103691101059,347.9828757427188,408.2378659727704
27660911,-2.986429,1.373269,-0.008158896308898989,259.6005237364174,166.875065670583
27660911,-2.986429,1.373269,-0.008158896308898989,259.6005237364174,166.875065670583
27674894,-5.452976,-3.065058,1.1338301036911012,149.74100984747315,237.9889020592468
27622992,-2.435587,0.155698,0.0020451036911011133,242.21512646935008,249.19940845639056
27622992,-2.435587,0.155698,0.0020451036911011133,242.21512646935008,249.19940845639056
27668151,-3.337901,2.452181,-0.01739989630889882,286.3109168416183,69.82899634322828
27665691,-4.043465,-1.481141,-0.08248989630889891,202.2775714003385,238.1696283345304
27665691,-4.043465,-1.481141,-0.08248989630889891,202.2775714003385,238.1696283345304
27643269,-6.685308,-0.067876,4.063842103691101,11.818954737916355,115.01373583300816
27658699,-2.141277,-1.605544,1.963257103691101,114.48132035192904,332.0628276595799
27658700,-1.619437,-1.441322,-0.012295896308898824,228.4634041141216,332.1542922355669
27660918,-2.964965,1.345212,-0.0039928963088988745,259.16766539657465,169.37630666421876
27660918,-2.964965,1.345212,-0.0039928963088988745,259.16766539657465,169.37630666421876
27681336,-4.347582,2.657397,1.015455103691101,187.2357903547148,2.782158525600238
27651056,-2.223893,-0.115426,-0.02117889630889902,242.15885461309097,268.7758112850487
27678994,-0.811749,-3.52468,1.2449541036911012,156.88097758780867,419.6075851816432
27651061,-4.922745,-2.711801,0.249628103691101,178.8501729337871,242.0493790622764
27651061,-4.922745,-2.711801,0.249628103691101,178.8501729337871,242.0493790622764
27651067,-2.310657,-0.234376,-0.023853896308899003,238.05464686348628,268.12212150171587
27681349,-4.61276,2.098561,1.571821103691101,136.2984493461783,42.77036101704277
27678998,-0.693596,-5.398634,1.3342781036911011,148.97839593417177,428.3705265448164
27653528,-3.650022,2.692501,-0.060409896308898814,286.0765756193653,41.16286126312119
27674914,-3.289662,-1.812656,0.507571103691101,184.01737507265895,270.73877732335563
27674914,-3.289662,-1.812656,0.507571103691101,184.01737507265895,270.73877732335563
27674915,-3.852723,-3.367687,0.49174910369110103,173.63009159516736,281.0072729012514
27665732,-3.895921,-1.499196,-0.025257896308898964,201.40221338830784,242.8476417911379
27665732,-3.895921,-1.499196,-0.025257896308898964,201.40221338830784,242.8476417911379
27676886,-1.356119,1.517107,-0.016110896308898948,348.48439475348545,254.07959513878117
27674917,-4.886909,-5.198033,1.747223103691101,131.48906194242943,284.76729644469293
27674917,-4.886909,-5.198033,1.747223103691101,131.48906194242943,284.76729644469293
27660932,-4.716039,0.846081,0.05443110369110116,213.20523029682585,145.6073369749045
27674919,-2.504974,-0.837078,1.949347103691101,113.01403462536952,291.9489074617586
27674920,-3.091915,-2.077228,1.1188231036911012,158.42290406312625,286.80807033585296
27662615,-0.490014,0.66846,0.036004103691101186,344.6998285689704,397.20118056991424
27679005,-0.500839,-2.197585,0.813102103691101,191.38635294979204,431.7766177007824
27665742,-2.874644,-0.152187,2.018619103691101,105.23519569101892,247.57353802041467
27665742,-2.874644,-0.152187,2.018619103691101,105.23519569101892,247.57353802041467
27681356,-5.066724,1.902514,1.2120201036911011,159.62328080531194,63.34706960389195
27668198,-3.405707,2.325291,-0.00663289630889885,277.6138294499796,80.84312564445293
27638861,-6.048333,1.742013,-0.004659896308898848,210.16751769579787,81.98348988913102
27651098,-5.765235,-3.975115,-0.05826489630889897,178.67077834323362,244.96031474387345
27651099,-4.221516,-2.269237,0.07726510369110118,190.18110263230523,250.46560466567777
27651099,-4.221516,-2.269237,0.07726510369110118,190.18110263230523,250.46560466567777
27658736,-2.024959,-1.663529,1.955907103691101,114.87094852686091,340.2898607571125
27681362,-4.287556,1.87776,1.5810651036911012,136.01175235398617,67.41783600642907
27681364,-5.191877,1.814023,0.6710161036911011,189.1671814874726,78.08557399503522
27668214,-3.270216,2.286882,-0.01705589630889892,282.12894642904075,87.65516398161711
27660939,-2.95127,1.27722,-0.01836989630889896,258.41057337990514,174.0969528161963
27660939,-2.95127,1.27722,-0.01836989630889896,258.41057337990514,174.0969528161963
27658740,-1.542153,-1.62703,-0.012857896308898997,226.79076512738564,339.29826353705346
27665755,-2.437366,0.123654,-0.011759896308898954,242.1920051217124,250.20848342185548
27665755,-2.437366,0.123654,-0.011759896308898954,242.1920051217124,250.20848342185548
27658742,-2.037249,-1.72657,2.026695103691101,110.49326424307648,341.6940588751782
27665756,-5.097878,-2.697423,2.921817103691101,84.4803332478935,242.0578824079639
27660945,-2.828417,1.291349,-0.018485896308898964,262.48093027940223,178.07846742618597
27660945,-2.828417,1.291349,-0.018485896308898964,262.48093027940223,178.07846742618597
27668232,-3.225986,2.25221,-0.001587896308898884,281.52337168929154,91.61438495489163
27660950,-4.632471,0.820464,0.07138510369110107,213.21343044676692,148.43328062513064
27658758,-2.006563,-1.852934,2.033820103691101,110.5560726072351,345.78829756725816
27658759,-1.484006,-1.720005,-0.004722896308898994,225.90389991478136,343.96697050236554
27681373,-4.933349,1.393316,1.921478103691101,112.4460333426736,88.71386111109743
27651122,-6.664608,-5.311581,-0.39857489630889886,178.80784122719692,246.908136831697
27651122,-6.664608,-5.311581,-0.39857489630889886,178.80784122719692,246.908136831697
27674944,-4.272704,-5.983404,1.727117103691101,132.4416156673729,308.3198789065793
27668253,-4.60724,2.044672,1.842717103691101,113.7421938955629,40.14323851928612
27668254,-4.666303,2.10157,1.2703041036911011,159.1257377620757,50.19943381158399
27638872,-2.9545,1.597279,-0.02029589630889883,268.36368452197723,153.4838454173493
27676923,-2.757677,-0.446391,1.9626841036911011,110.90353450475438,265.0321275782246
27676923,-2.757677,-0.446391,1.9626841036911011,110.90353450475438,265.0321275782246
27676926,-3.51462,0.944222,1.972663103691101,104.351728332735,157.246620424276
27662642,-0.407221,0.598905,-0.0051558963088989,348.72357080810207,408.5408843657651
27681387,-5.35708,1.252612,0.3388221036911011,198.0254605632642,111.85024573968796
27662643,-0.393792,0.677475,0.005029103691100989,356.10936900311685,410.6936347997501
27651134,-4.074136,-2.340038,0.0364991036911011,192.00070171217928,255.65120713428703
27651134,-4.074136,-2.340038,0.0364991036911011,192.00070171217928,255.65120713428703
27658785,-2.027969,-2.711994,1.4773321036911011,143.5143820996775,348.1113214591584
27638875,-3.037668,1.598168,0.019191103691100997,263.3258608099778,150.02974664116806
27651139,-4.132666,-2.422267,0.08220210369110115,189.67560336142355,255.7673904250864
27651139,-4.132666,-2.422267,0.08220210369110115,189.67560336142355,255.7673904250864
27674953,-2.952699,-2.978642,1.968781103691101,120.1887241767444,314.6642301055452
27681391,-2.189297,2.254305,0.005445103691101183,340.2287360526076,125.39965652439034
27625364,-3.652792,2.986134,0.01093210369110098,294.7698767410418,3.067150961569609
27660962,-5.382944,0.551403,0.10942210369110117,200.7186985742157,144.20763099713963
27651150,-5.572226,-4.269598,-0.05783789630889902,178.37407195684762,252.87214397955375
27651150,-5.572226,-4.269598,-0.05783789630889902,178.37407195684762,252.87214397955375
27651151,-4.037299,-2.451627,0.021388103691101,192.02977338164612,258.7012892586104
27681396,-5.020107,0.988717,0.8784421036911011,173.46147694004736,125.3848256038654
27674955,-3.675181,-4.654624,2.9684601036911014,87.07213901032367,318.55321745051083
27681399,-3.613427,1.255292,1.923126103691101,106.91224861155096,130.81503264986793
27651156,-3.159756,-0.773274,1.762796103691101,126.51741778921362,254.93596020633868
27651156,-3.159756,-0.773274,1.762796103691101,126.51741778921362,254.93596020633868
27658797,-1.886318,-2.03564,1.960661103691101,115.71828890006084,354.8545670216393
27618606,-8.327873,2.780427,0.7320611036911011,169.93923173130727,1.85431358502521
27668285,-3.28571,2.12725,0.009006103691101108,273.64054313982297,101.33123753876464
27681402,-4.382144,0.942613,1.4821331036911012,142.41667839260458,135.70813001752688
27668290,-6.231275,1.959106,0.06055910369110107,207.81222899807156,67.83065774853662
27681404,-3.57061,1.172077,2.0313091036911013,97.14498171520948,137.3589615894926
27651167,-2.165991,-0.433501,0.006411103691100983,235.5397522121127,281.36947867569984
27618608,-8.201782,2.463569,0.013909103691100988,195.815870804523,31.08884147854465
27651171,-3.153813,-0.860859,1.764213103691101,126.59209805930382,257.96340019643463
27651171,-3.153813,-0.860859,1.764213103691101,126.59209805930382,257.96340019643463
27681407,-4.093458,1.037724,1.3409551036911012,152.7476871288525,139.16875205410446
27651172,-3.953947,-2.492719,0.12662210369110105,188.96289242625528,262.0698084151159
27651176,-5.629895,-3.45062,4.218522103691101,39.32111720044006,246.3883550300071
27660971,-2.912224,1.208534,-0.01345189630889898,257.288738722914,179.58981587449557
27660971,-2.912224,1.208534,-0.01345189630889898,257.288738722914,179.58981587449557
27681412,-4.358935,0.858148,0.9987041036911011,170.96635395017648,145.6789813014512
27651181,-2.095833,-0.457254,-0.029922896308898883,238.23700685184167,285.32833547914544
27643304,-2.625347,0.571138,-0.005878896308898929,247.7606062643327,223.7711965153345
27643304,-2.625347,0.571138,-0.005878896308898929,247.7606062643327,223.7711965153345
27651184,-3.078713,-0.915022,1.605937103691101,136.0297369896432,262.16372743266504
27651187,-3.106281,-0.923051,1.7670211036911012,126.50530776360782,262.0160041637349
27651187,-3.106281,-0.923051,1.7670211036911012,126.50530776360782,262.0160041637349
27639585,-2.301865,0.261014,0.027383103691100974,246.34005871436125,252.068201956206
27668314,-3.300425,2.068648,-0.017087896308898953,272.5736021906501,106.51830992042804
27681416,-4.941363,0.555913,0.4049121036911011,192.783191596031,150.81923988583063
27658825,-1.299257,-2.154438,-0.009790896308898844,222.51041385146425,359.52204595403106
27665804,-2.828125,-0.407805,1.966484103691101,110.69340141323508,259.80576707246564
27665805,-3.616639,-1.655694,0.4517691036911011,184.93512667932552,256.16910010492273
27646909,-4.643327,0.307367,-0.012055896308899028,210.62380705980743,169.60212538729846
27651199,-3.962282,-2.842467,0.08136310369110111,188.3313122079648,267.871723035938
27651200,-2.1274,-0.588537,-0.011240896308899018,234.22789583359355,287.3476825270415
27643313,-4.866593,-0.345677,0.13893510369110107,196.61191193748465,186.34794782432851
27651213,-2.732314,-0.508732,1.966119103691101,110.89802745677062,268.658928981636
27668327,-3.149328,2.054104,-0.009632896308898964,277.17063964482674,111.68595307803427
27658837,-0.487238,0.667895,0.033433103691101085,345.073678913144,397.5075190343866
27674979,-2.181478,-2.304538,1.681278103691101,132.92340535174833,337.3374776576176
27681428,-3.851526,0.604335,1.7562201036911012,124.53583627632116,168.18846465980226
27681428,-3.851526,0.604335,1.7562201036911012,124.53583627632116,168.18846465980226
27660994,-3.410158,2.37975,0.008226103691101105,278.6469180439205,75.10354655854869
27651221,-2.031513,-0.591165,-0.025999896308898984,236.70942446383063,292.23312695831453
27665822,-2.242735,0.021943,-0.003878896308898927,243.85469770272144,263.43767145681704
27665822,-2.242735,0.021943,-0.003878896308898927,243.85469770272144,263.43767145681704
27651227,-2.083427,-0.69162,-0.011405896308898988,233.1726499277007,292.1986860457615
27668348,-3.264807,2.002226,-0.01023089630889884,271.0525333779513,112.86205180146672
27681432,-4.96993,0.046986,0.081664103691101,201.1277335129161,171.2575270855706
27651231,-2.00343,-0.628356,-0.034056896308898965,236.9316767955833,294.5692770276988
27643321,-2.589444,0.541916,0.010493103691101124,247.04914862796969,226.6926580316888
27651241,-4.002058,-3.335431,0.17367510369110106,182.7769450747348,275.12877354651533
27651245,-3.832204,-3.200012,0.063124103691101,187.6886654733345,277.1706635177407
27681438,-1.815355,1.775003,-0.041837896308899,334.9804340760529,196.40405909526876
27681438,-1.815355,1.775003,-0.041837896308899,334.9804340760529,196.40405909526876
27674992,-3.340866,-7.613634,1.8900991036911012,128.85338724500102,346.69489282913486
27665837,-3.485779,-1.776659,0.4810381036911011,183.93354274944252,263.20700444065494
27665837,-3.485779,-1.776659,0.4810381036911011,183.93354274944252,263.20700444065494
27668368,-3.255507,1.945435,-0.020723896308898926,270.0280000239613,117.89175947458308
27658870,-0.441741,0.600732,0.021969103691101166,344.03465584222124,404.5495382764559
27676985,-3.067891,0.240275,2.024532103691101,102.84983690181978,219.3470991104037
27651250,-3.094142,-1.343938,1.762635103691101,127.4751750749264,274.27945444647423
27643322,-2.499067,0.569286,-0.010168896308898834,251.0773416385163,229.71140551071448
27643322,-2.499067,0.569286,-0.010168896308898834,251.0773416385163,229.71140551071448
27665844,-3.072489,-1.074673,1.7766161036911012,126.19473286553016,268.03697649793577
27665844,-3.072489,-1.074673,1.7766161036911012,126.19473286553016,268.03697649793577
27674998,-1.607593,-1.701726,0.02754410369110105,222.8523805459784,337.3878644747515
27668376,-5.852819,1.640349,0.03845110369110105,209.5094389166633,88.88533046417317
27668381,-3.087519,1.928008,-0.01196789630889894,274.86751008270016,124.08423004203776
27651257,-2.022803,-0.826884,-0.010783896308898866,231.83609744600784,298.55723727092834
27653657,-5.754927,2.182407,0.10212410369110114,214.4940102485732,58.553662760220334
27668383,-1.085825,1.969518,0.002866103691101074,433.2004643401056,246.8953368706908
27658884,-0.403547,0.60072,-0.009387896308898913,349.4959034709497,408.8874321351878
27668388,-3.213648,1.893438,-0.008928896308898926,268.9640695339708,123.00093097969614
27665853,-3.563651,-2.080034,0.4207881036911011,183.8174396978192,266.7721620076676
27665853,-3.563651,-2.080034,0.4207881036911011,183.8174396978192,266.7721620076676
27651261,-2.608385,-0.65012,1.959460103691101,111.67907696650748,280.34398560459965
27646934,-4.676701,0.208983,-0.04105889630889892,210.3425373594081,172.5877945519607
27646934,-4.676701,0.208983,-0.04105889630889892,210.3425373594081,172.5877945519607
27651267,-4.057845,-3.872176,-0.011250896308898861,185.2647809776036,280.8036534677864
27651268,-1.93694,-0.776688,-0.035468896308898934,235.47444569085732,301.6369202665856
27639608,-3.633724,0.152942,1.603704103691101,135.45801881672156,199.4668192695548
27639608,-3.633724,0.152942,1.603704103691101,135.45801881672156,199.4668192695548
27639609,-2.277831,0.213989,0.03686310369110113,245.2897507710836,255.1037606848348
27639609,-2.277831,0.213989,0.03686310369110113,245.2897507710836,255.1037606848348
27681469,-1.388844,1.870568,-0.023300896308898977,380.63180783909706,222.35930134263648
27681469,-1.388844,1.870568,-0.023300896308898977,380.63180783909706,222.35930134263648
27661022,-3.423528,2.335895,-0.011754896308898921,277.65860428422883,79.6026115573404
27668401,-3.672348,1.706851,1.9496691036911011,100.34577166615624,86.75121156818551
27651276,-3.331118,-2.824661,0.05399110369110116,193.35386493296744,285.7737870360008
27665858,-4.81885,-4.041829,0.13274110369110104,177.31786627450222,265.6574303828649
27665858,-4.81885,-4.041829,0.13274110369110104,177.31786627450222,265.6574303828649
27651280,-3.497056,-3.124388,0.05450710369110112,190.38393802976157,285.4754111390004
27623038,-2.376698,0.033128,0.0027351036911011928,240.82389659457357,256.3821759902282
27623038,-2.376698,0.033128,0.0027351036911011928,240.82389659457357,256.3821759902282
27668415,-3.167635,1.786655,-0.011299896308898827,267.05395836687484,132.57603987033593
27677010,-5.530166,-2.900483,4.230735103691101,31.065122438869,237.11758843242103
27677010,-5.530166,-2.900483,4.230735103691101,31.065122438869,237.11758843242103
27651306,-3.236279,-2.990338,0.055996103691100974,192.8628474294744,291.34703667697784
27630619,-2.495103,0.582775,-0.003479896308898889,251.1578976486148,229.32527872225575
27630619,-2.495103,0.582775,-0.003479896308898889,251.1578976486148,229.32527872225575
27668427,-5.779336,1.285638,0.015707103691101176,207.4624852924696,107.30427551970106
27638891,-5.877655,1.647731,0.11284610369110104,206.22945582001785,87.25180061160725
27677020,-3.841862,-3.033883,1.959755103691101,121.75756657650892,282.8948151226683
27661046,-3.369025,2.285828,0.010835103691101189,276.39577965527025,84.92034685380372
27651319,-1.866156,-0.989484,-0.03985989630889897,233.13463580016307,310.04786585945635
27639629,-2.402049,0.093158,0.004382103691101147,241.47411527976777,253.06732881383124
27639629,-2.402049,0.093158,0.004382103691101147,241.47411527976777,253.06732881383124
27658938,-1.483074,-5.256131,0.8847291036911011,163.5373686366222,385.0489207071512
27668440,-5.751041,1.205292,0.0831581036911011,204.2738144488092,110.69970973802896
27668442,-2.990071,1.727147,-0.006735896308898814,270.7914219386567,142.76394325540954
27651339,-1.823504,-1.019425,-0.021491896308899028,232.50656085362263,313.15855556281554
27639630,-2.280765,0.162513,0.01958710369110106,244.94440265550787,256.732001915575
27639630,-2.280765,0.162513,0.01958710369110106,244.94440265550787,256.732001915575
27677033,-2.739115,-1.983001,1.704043103691101,131.34254940748235,304.3617007824722
27629760,-3.568495,2.956051,-0.026295896308898836,299.99963189262985,8.718900188251467
27629761,-3.64387,2.986482,0.021358103691101027,294.5158168242596,2.556399182689006
27675053,-0.673087,-2.373831,1.154800103691101,167.85311397876367,426.9953804023319
27677036,-2.665937,-2.015259,1.9199251036911011,119.75560796501684,310.53890065206514
27668454,-3.020585,1.687035,-0.03281889630889889,269.91795243602223,144.9605324235339
27651357,-1.796727,-1.099859,-0.03007089630889892,231.9805302407832,316.1223158056281
27653708,-6.170398,2.013654,0.05905510369110112,209.15772054950855,65.42912919269438
27672782,-4.284382,2.914664,0.27231710369110107,249.4993963683334,1.5168066404349076
27677042,-2.703592,-2.282985,1.834041103691101,124.99415564488072,312.8223596382254
27653717,-3.318149,2.062272,-0.03273489630889892,272.6641254935976,106.89546462141855
27661071,-6.152438,1.971384,0.08188510369110102,207.94314176043167,67.57174753683208
27643340,-3.745426,0.515198,1.7496201036911012,125.10633053736171,176.81273393773074
27668471,-3.101562,1.642394,-0.003183896308898815,264.0287848026627,145.02084624526202
27643342,-2.483409,0.526385,-0.010990896308898934,250.4362200830918,232.30012395131388
27643342,-2.483409,0.526385,-0.010990896308898934,250.4362200830918,232.30012395131388
27668473,-4.334706,1.37863,1.009411103691101,174.22780111965844,115.85012926862352
27672796,-4.314821,2.778913,0.530026103691101,227.1780054178384,7.302501386346506
27668478,-3.537174,1.497353,1.950666103691101,101.36857305643824,111.49190729093476
27639643,-2.389799,0.055592,0.0013121036911010187,241.092915751898,254.9613910119499
27639643,-2.389799,0.055592,0.0013121036911010187,241.092915751898,254.9613910119499
27651392,-1.747276,-1.155513,-0.016272896308898943,231.24251195615255,320.04523421576835
27623060,-2.358536,-0.02114,-0.0015128963088988368,240.28429768044612,259.08802798059264
27623060,-2.358536,-0.02114,-0.0015128963088988368,240.28429768044612,259.08802798059264
27651399,-2.843376,-3.165046,0.020557103691100975,195.6126940116229,306.45827440744193
27677055,-2.987534,-3.214414,2.604895103691101,91.02471942345636,322.5975405683362
27677056,-3.201604,-4.152908,0.9614271036911011,158.4180899295583,313.8539666152851
27677060,-2.690598,-2.854391,1.5441991036911011,139.2649663455093,319.87285202948584
27672808,-4.557433,2.694029,0.6826141036911011,209.27324208156216,10.854216325295395
27668490,-1.022216,1.810336,-0.004807896308898885,418.18046486616777,270.0290313779838
27668490,-1.022216,1.810336,-0.004807896308898885,418.18046486616777,270.0290313779838
27677065,-2.876599,-3.977215,1.002998103691101,158.38986049694978,322.87360467132146
27681542,-2.950611,0.03359,1.914462103691101,112.67251184806906,235.09868727054584
27651418,-1.732679,-1.267223,-0.02643889630889884,230.07898630670164,322.79423254206824
27668497,-5.535715,0.979099,0.04894110369110116,205.60307343439092,124.41351395873906
27672818,-8.09414,2.626964,1.2592511036911012,147.91270268543022,0.4560288359130879
27668503,-3.690032,1.373446,2.037516103691101,95.3504477391822,116.40671789963592
27672820,-8.274321,2.63957,1.035987103691101,157.1144422452923,4.161129889319795
27681550,-0.992123,1.891155,0.02275510369110112,433.942653273132,267.7293358880625
27681550,-0.992123,1.891155,0.02275510369110112,433.942653273132,267.7293358880625
27668509,-3.065029,1.548916,-0.012196896308898975,262.7684880441134,152.76541954843344
27651430,-2.361315,-2.564291,-0.016900896308899016,205.6988354270268,315.1565585355125
27629785,-3.588493,2.857691,0.02212510369110099,290.8582467068664,19.306831639084976
27672834,-2.794301,2.524258,0.009583103691101158,316.5954392417783,71.87809386422401
27653757,-5.856975,1.778527,0.14320610369110098,206.58439014535296,80.19807371951109
27672836,-5.073738,2.445279,0.3379421036911011,216.8791154296532,40.94947763188037
27681560,-4.01082,-1.465522,0.9986931036911011,161.91677307108637,240.73310878384257
27681561,-4.187081,-1.685988,0.3608011036911011,184.34258505841623,239.67016989925023
27665946,-5.304283,-5.903419,1.8663531036911012,128.6625817068712,284.1768637658628
27668526,-4.097225,1.205832,1.776659103691101,121.56708914923564,122.41840268389473
27677088,-2.201019,-5.386183,0.054930103691101184,185.6716440910168,350.9277216781678
27651450,-2.280006,-2.503213,0.07707810369110102,203.5469301941551,318.34790319535085
27672848,-4.533168,2.073045,1.6175821036911011,132.6464331305421,44.69291781743616
27672849,-4.723649,2.101878,1.3567851036911012,152.4923615038795,47.3293939830634
27668532,-2.920211,1.517164,-0.012611896308898807,266.38539863776435,160.1249631656735
27672855,-4.666076,2.034099,1.208985103691101,163.1052855536173,57.61675717020776
27651460,-2.710367,-3.513209,0.08568110369110116,192.1107250331275,316.0150148269336
27651466,-2.66187,-3.545123,0.004782103691101103,194.845576278163,317.4650045011145
27651470,-1.633162,-1.466424,-0.029146896308898995,228.60085201823824,331.5939819584406
27672860,-3.869673,1.863057,2.033598103691101,91.32676717777896,63.06232771226223
27672861,-4.556362,1.814686,1.716656103691101,125.10792723157596,65.73225443394304
27609566,-1.630765,1.94711,-0.007627896308898929,362.60545437627474,193.78104071874117
27609566,-1.630765,1.94711,-0.007627896308898929,362.60545437627474,193.78104071874117
27630644,-4.411141,0.119033,0.03406310369110099,209.3322086239243,181.93701778049476
27630644,-4.411141,0.119033,0.03406310369110099,209.3322086239243,181.93701778049476
27653778,-3.101688,1.929959,-0.023354896308898976,275.1171247655079,123.67912024027402
27665964,-3.038735,-2.156386,0.9059281036911011,167.46195697932035,289.00205982252186
27651477,-2.762326,-3.498072,0.49786510369110104,178.11342437437222,317.1117374694095
27651483,-2.05104,-2.417524,0.06563910369110104,207.08059558883,326.7038526784688
27642538,-3.383224,2.337282,0.006374103691101141,278.1406514316755,79.82232649652411
27672874,-3.79635,1.665809,2.033835103691101,93.17030418578898,85.831980795336
27651487,-2.901375,-3.493484,1.119283103691101,155.2713570382728,316.9046186028203
27668554,-3.02294,1.435398,-0.01993889630889889,261.03856245864927,161.73581439192353
27661148,-3.323028,2.055903,-0.036698896308899,272.5040010650968,107.37547671483932
27665982,-5.873966,-6.977693,4.768874103691101,51.981469427527685,294.47880790503814
27653801,-3.248825,1.87928,-0.0370698963088989,268.9759087044543,123.51799225421534
27668559,-2.899559,1.457538,-0.016329896308898917,265.3398839774083,164.87088972004022
27668559,-2.899559,1.457538,-0.016329896308898917,265.3398839774083,164.87088972004022
27665985,-2.812645,-1.640978,1.812153103691101,125.03640008128534,294.7113845580964
27681589,-2.593475,-0.671544,1.959504103691101,111.73427916878777,281.887006310182
27681589,-2.593475,-0.671544,1.959504103691101,111.73427916878777,281.887006310182
27668565,-4.592947,0.9307,0.08657210369110113,214.44012277972436,144.19624067624562
27665991,-5.398489,-6.107267,4.937923103691101,35.88157834658,296.92396702054856
27665991,-5.398489,-6.107267,4.937923103691101,35.88157834658,296.92396702054856
27668569,-2.999469,1.399027,-0.007174896308898893,259.9201462107048,164.77877396867632
27668569,-2.999469,1.399027,-0.007174896308898893,259.9201462107048,164.77877396867632
27665994,-2.450149,-0.919533,2.025299103691101,107.73943350202768,298.37153289211113
27681595,-3.442626,0.847906,2.028107103691101,99.73193409121612,166.224340786496
27665995,-2.8084,-1.685903,1.7456321036911011,128.7973710231165,295.33681689846566
27661165,-3.282075,2.012743,-0.022611896308898816,271.5683352621054,111.7554604352724
27665996,-2.017547,-0.568105,-0.02220389630889885,237.23970170995648,292.4164012186824
27681597,-3.719034,0.583174,1.720894103691101,126.9750373237849,174.21267016082203
27666000,-2.826581,-1.809111,1.535452103691101,139.97127719120635,295.3886033444384
27668581,-2.870249,1.40161,-0.01334589630889882,264.3145574697941,169.56913112515718
27668581,-2.870249,1.40161,-0.01334589630889882,264.3145574697941,169.56913112515718
27666008,-3.982383,-4.298664,1.278705103691101,146.29053417456947,294.3244540257742
27643378,-2.556947,0.408416,-0.0059638963088988195,245.5544605000148,233.74375994693457
27643378,-2.556947,0.408416,-0.0059638963088988195,245.5544605000148,233.74375994693457
27668585,-5.303404,0.590342,0.07322710369110119,203.23122662076253,144.40547133048852
27617966,-3.563005,2.939797,-0.024697896308898848,299.3328527605638,10.79833408926919
27643383,-3.226323,0.707631,1.954183103691101,106.12770720610088,185.3107201115995
27668593,-2.971309,1.351622,-0.005339896308898862,259.246817083732,168.75425852921177
27668593,-2.971309,1.351622,-0.005339896308898862,259.246817083732,168.75425852921177
27666014,-1.992186,-0.606533,-0.014388896308898946,236.61136591522583,294.808764344559
27651544,-3.080966,-3.897573,2.6107371036911013,95.20073159930706,327.9857524099176
27668598,-5.447762,0.495903,0.08179610369110102,200.68883205543256,145.33532189969077
27653844,-5.061323,1.506772,0.06660210369110109,216.5762750820615,106.73326625571234
27639678,-2.23086,0.069563,0.02355610369110117,243.7580751437559,262.60242936838137
27639678,-2.23086,0.069563,0.02355610369110117,243.7580751437559,262.60242936838137
27653849,-3.019163,1.783325,0.00044910369110118253,271.3150661311694,137.4623511707532
27681628,-3.549879,0.281002,0.06434610369110105,221.18606211260263,200.3350062939921
27681628,-3.549879,0.281002,0.06434610369110105,221.18606211260263,200.3350062939921
27666030,-3.998004,-4.537217,1.279356103691101,146.02264868761011,296.96434468639075
27666031,-3.252862,-3.301173,0.04324810369110099,191.22450731280628,295.369893034456
27647049,-4.965493,-0.442198,0.026205103691101073,199.1071325907349,187.391422129715
27647049,-4.965493,-0.442198,0.026205103691101073,199.1071325907349,187.391422129715
27672922,-3.460655,1.100307,1.959273103691101,103.84307775680524,147.98972588145483
27661200,-3.238853,1.903131,-0.015176896308898957,268.8133039748551,121.6111019086322
27639687,-2.365056,-0.036004,-0.005816896308898922,240.0559123935253,259.2423600377684
27639687,-2.365056,-0.036004,-0.005816896308898922,240.0559123935253,259.2423600377684
27666036,-1.966468,-0.682203,-0.02273589630889883,236.07102694299024,297.9587427179332
27647053,-5.79574,-0.810948,0.22880010369110115,184.04622813166253,180.48811534949243
27647053,-5.79574,-0.810948,0.22880010369110115,184.04622813166253,180.48811534949243
27681634,-2.836092,0.806314,0.38855510369110113,225.88618422807923,203.0207112153473
27681637,-3.088124,0.626233,0.019154103691101154,237.40142814483227,202.1769875611325
27681637,-3.088124,0.626233,0.019154103691101154,237.40142814483227,202.1769875611325
27666041,-3.594728,-3.998397,0.591333103691101,169.29952224344586,297.77487497917167
27623091,-2.331041,-0.081149,0.0036311036911009786,239.3547692696343,262.4520895984238
27623091,-2.331041,-0.081149,0.0036311036911009786,239.3547692696343,262.4520895984238
27681638,-3.237937,0.394975,0.252392103691101,218.6713125266801,206.1928479159782
27681638,-3.237937,0.394975,0.252392103691101,218.6713125266801,206.1928479159782
27651576,-1.394616,-1.947881,-0.008988896308898875,224.0452232851283,351.8551045836721
27651581,-2.466959,-2.950084,1.981516103691101,118.77101039354936,335.7687593700512
27666046,-2.40609,-1.124959,2.030906103691101,108.38437010072708,306.4617644426968
27672943,-0.925824,1.859815,0.009856103691101126,440.6681645049661,280.13874354201874
27672943,-0.925824,1.859815,0.009856103691101126,440.6681645049661,280.13874354201874
27653874,-3.138937,1.683918,-0.018161896308898973,265.04495937940806,141.04496752910626
27647064,-6.401854,-0.586169,2.9795031036911013,74.63354602909223,150.42140131889087
27647064,-6.401854,-0.586169,2.9795031036911013,74.63354602909223,150.42140131889087
27651594,-2.22324,-2.288252,2.085670103691101,110.21947537794112,340.27300511824694
27629826,-3.50768,2.675236,0.023257103691101122,286.06091829052224,41.76603063336327
27651604,-1.946207,-1.58038,1.944448103691101,115.04144481177288,343.84125655152627
27668622,-2.948234,1.302369,-0.007539896308898841,258.60877845986965,172.63790960337684
27668622,-2.948234,1.302369,-0.007539896308898841,258.60877845986965,172.63790960337684
27651608,-2.104043,-4.456449,0.047540103691101177,191.45814576712507,346.7987076024218
27679264,-6.582894,2.184122,1.469848103691101,140.0542885012361,26.711034570398223
27666059,-3.54639,-4.022732,1.1044131036911011,153.09023317052942,302.4060075365504
27643397,-2.427068,0.416142,-0.006093896308899005,248.84449476534385,239.61096713354627
27643397,-2.427068,0.416142,-0.006093896308899005,248.84449476534385,239.61096713354627
27681659,-3.426666,-0.185117,1.7534891036911011,126.13842021816232,222.0901198048929
27681659,-3.426666,-0.185117,1.7534891036911011,126.13842021816232,222.0901198048929
27661222,-3.184667,1.843058,0.0011221036911011062,267.6280603301721,127.60913091225166
27626786,-2.482235,0.276228,0.003069103691101027,243.7855588865889,242.48294493438547
27626786,-2.482235,0.276228,0.003069103691101027,243.7855588865889,242.48294493438547
27661229,-4.591489,1.398572,0.646254103691101,192.74308510383057,114.06131010102456
27681667,-3.095738,0.056315,2.0327201036911013,103.82713214609495,226.90007025828632
27681667,-3.095738,0.056315,2.0327201036911013,103.82713214609495,226.90007025828632
27661235,-3.151965,1.793162,0.006207103691101112,266.7419967242497,132.33013494732387
27661236,-3.068861,1.825495,-0.029503896308898936,272.8767270677688,133.03020751047063
27661252,-3.150505,1.728828,-0.014363896308899005,265.8977123279239,137.4054538844921
27651636,-1.943345,-3.62112,0.7396911036911011,173.07527218377078,352.685649560892
27666075,-3.518156,-4.098439,1.6131381036911012,135.74914604139292,307.40163481843047
27681676,-5.611948,-3.196861,0.7090691036911011,161.5649156663962,236.46989817702388
27681676,-5.611948,-3.196861,0.7090691036911011,161.5649156663962,236.46989817702388
27681678,-2.926629,-0.042529,2.0211871036911013,104.50694977545078,240.0839267765592
27651647,-1.894392,-2.107567,1.965405103691101,115.72611785464537,355.3781299556998
27681680,-3.111473,-2.315022,0.584272103691101,179.1633752831252,287.27777839091715
27639705,-3.888101,-0.975701,0.059806103691101065,202.8812362297301,230.26050458998336
27651652,-1.815971,-3.834155,0.5471481036911011,179.95169252863658,357.8540202813003
27629841,-3.477046,2.615768,0.025726103691101176,284.6096646194522,48.77085861829176
27661264,-4.150897,1.319324,1.781884103691101,120.85390855169628,112.6387952423335
27668656,-2.927309,1.252198,-0.011624896308898958,257.9983843784335,176.4514154079941
27668656,-2.927309,1.252198,-0.011624896308898958,257.9983843784335,176.4514154079941
27681682,-3.265333,-3.234371,0.9825231036911011,159.82999015950833,299.58813336958394
27681683,-2.324344,-1.118827,1.947765103691101,113.88981385454714,310.25054366155007
27679279,-4.742922,2.025025,1.1135381036911012,168.98264643074685,59.720758019796165
27639707,-6.188267,-1.552884,3.132797103691101,73.82163255307609,186.0657767003749
27679282,-4.933086,2.072404,0.6318441036911011,197.15034779459677,64.2492811544281
27673005,-5.50034,-3.127011,2.970822103691101,86.97942041302213,240.7660721777472
27673005,-5.50034,-3.127011,2.970822103691101,86.97942041302213,240.7660721777472
27643415,-2.51234,0.341048,0.0019561036911011076,244.62345984557973,238.53946758515795
27643415,-2.51234,0.341048,0.0019561036911011076,244.62345984557973,238.53946758515795
27673016,-5.504304,-3.147291,1.9804871036911011,122.6658624553846,239.53639791227548
27679286,-5.004978,1.998992,0.48896610369110105,203.17609430672132,71.38096048370124
27681691,-2.621748,-2.811022,0.45837210369110104,184.1368994867224,312.5794787835732
27647089,-3.304547,0.703523,1.960295103691101,106.09597290604084,182.03281255282505
27647089,-3.304547,0.703523,1.960295103691101,106.09597290604084,182.03281255282505
27642589,-3.257361,2.172105,-0.045704896308898846,279.82688518027976,99.20832428824136
27666101,-3.180472,-4.119967,0.31071610369110103,179.14995076906226,309.8893149817383
27679290,-4.662285,1.86359,1.0083031036911012,175.29491590400812,75.78570131700343
27639711,-2.331322,-0.064898,0.010189103691101042,239.351673421697,261.9444656083399
27639711,-2.331322,-0.064898,0.010189103691101042,239.351673421697,261.9444656083399
27653926,-2.890621,1.535335,0.010726103691101052,266.5668566963328,159.7930826062763
27666106,-2.987133,-3.165488,2.025034103691101,118.1371559914216,316.5635005807744
27653929,-6.762747,0.641918,0.7490991036911011,167.74717416446572,114.20340012855485
27679295,-6.050146,1.627943,0.5510941036911011,185.5363616069184,80.41515741331634
27673045,-6.963374,-0.413935,1.4291691036911012,140.13013522812037,143.88338414217228
27661297,-6.409119,0.548318,0.8116531036911011,166.56904681186992,122.22857608905392
27668677,-4.660614,0.585489,0.4436301036911011,193.95810927758836,155.52246716571517
27661305,-5.420301,0.832073,0.07139810369110111,204.44987820147452,132.45107998432007
27653940,-4.931475,0.960637,-0.05232289630889886,216.38717480269935,136.93595332611864
27679302,-5.182056,1.498864,1.705759103691101,127.19861460223407,81.25894138772122
27668683,-2.901601,1.218714,0.002494103691101035,256.9753545595799,179.32518835246998
27668683,-2.901601,1.218714,0.002494103691101035,256.9753545595799,179.32518835246998
27661306,-2.954439,1.633208,-0.007376896308898928,268.8082256180982,150.8286931737033
27647096,-2.507212,0.567036,-0.015018896308898855,251.07605938245865,229.41313677507395
27647096,-2.507212,0.567036,-0.015018896308898855,251.07605938245865,229.41313677507395
27622093,-3.558629,2.953253,-0.01967389630889893,299.9125930072697,8.81620736619044
27623112,-2.31068,-0.135102,0.00027610369110098176,238.84093781537612,265.1764777847312
27623112,-2.31068,-0.135102,0.00027610369110098176,238.84093781537612,265.1764777847312
27681707,-2.448646,-3.944041,0.9713741036911011,160.99393927969416,337.80296249919763
27679308,-5.766071,1.426355,0.6857121036911011,180.20189084908216,92.78646946166528
27681715,-0.917365,1.878844,0.015341103691101088,445.2172001654819,279.9521601555969
27681715,-0.917365,1.878844,0.015341103691101088,445.2172001654819,279.9521601555969
27679311,-5.156067,1.595119,0.37662510369110114,202.08096375578955,96.3547467723859
27666126,-2.669829,-2.680317,1.908442103691101,122.01607519167553,321.6971519308792
27668694,-4.904058,0.365194,-0.07807489630889886,210.94833994668105,161.96854595341296
27668695,-2.798388,1.216706,-0.02113189630889889,261.28005577557127,183.7335918399332
27668695,-2.798388,1.216706,-0.02113189630889889,261.28005577557127,183.7335918399332
27681721,-2.027412,-3.623871,0.749251103691101,172.2594360690785,349.2201594397497
27668703,-5.337359,0.161799,-0.010916896308899027,202.2263211560425,160.1247461648668
27666130,-2.855699,-3.767048,0.41972410369110114,178.95150102651522,316.68100769027734
27679315,-4.653145,1.519797,1.0036641036911012,172.96675708108313,100.26212419421446
27628931,-1.095299,1.849195,-0.008558896308898944,413.6383102949178,256.9729841336605
27628931,-1.095299,1.849195,-0.008558896308898944,413.6383102949178,256.9729841336605
27664211,-4.44527,2.762994,-0.009848896308898958,257.6518323206051,26.55968202227831
27653970,-2.859488,1.40074,-0.006735896308898814,264.2398638365158,169.99490971868454
27653970,-2.859488,1.40074,-0.006735896308898814,264.2398638365158,169.99490971868454
27671023,-4.319965,2.842975,0.47419710369110113,232.6104595117868,2.068907977152378
27671025,-4.465438,2.784642,0.4689341036911011,227.84109056424555,8.739474143082987
27679323,-4.788835,1.473227,0.5111951036911011,198.3757821513642,107.67926945657116
27666139,-3.697853,-5.319354,3.4733471036911014,71.57780324967428,329.0494882383106
27661343,-4.575538,0.925212,0.09593010369110111,214.1845954757664,144.75976247520327
27681731,-1.741502,-3.664238,0.6972961036911011,175.606151719469,361.4752783079609
27679330,-4.301649,1.485598,0.6890531036911011,194.7914449206025,114.1393944058354
27673140,-3.253042,-0.700799,1.7558641036911011,126.8704583695296,248.4265518758357
27673142,-1.536384,1.353148,-0.021759896308898963,323.21228485007634,248.74772585198065
27673142,-1.536384,1.353148,-0.021759896308898963,323.21228485007634,248.74772585198065
27630711,-2.411922,0.408426,-0.0022208963088989897,248.82004534468464,240.6773817719578
27630711,-2.411922,0.408426,-0.0022208963088989897,248.82004534468464,240.6773817719578
27661353,-5.294541,0.598935,0.07310310369110118,203.40327013250743,144.23301744895446
27673144,-3.836824,-2.84286,0.1198441036911011,187.88039332578575,271.4770996445334
27671034,-4.980662,2.068986,0.7317201036911011,190.7761800829548,61.90250224923807
27664221,-3.527961,2.596894,-0.009692896308898913,283.9243538346322,51.325098767009024
27666149,-4.047122,-6.362435,4.099485103691101,58.00523298175165,332.72272441385854
27666151,-3.452792,-5.509114,1.192729103691101,148.45428288469327,322.384729563238
27661358,-3.022789,1.446666,-0.018273896308898863,261.2860215234838,161.0088326604089
27666154,-3.415391,-4.850799,3.291518103691101,73.8184788993961,332.4256902596926
27671040,-4.441486,1.812931,1.794176103691101,118.53101848410256,65.65317839076616
27668738,-5.857934,-0.252038,0.2552331036911011,185.92317803448535,162.79831846340858
27679340,-4.516994,1.243818,0.786748103691101,184.34556197223228,122.93030758779034
27668741,-2.838633,1.10727,0.0069701036911011816,255.3642928163793,188.14989904874076
27668741,-2.838633,1.10727,0.0069701036911011816,255.3642928163793,188.14989904874076
27664227,-3.391735,2.554382,-0.025488896308898834,288.99867919408376,58.3343135858832
27671046,-3.053477,1.885157,0.001979103691100992,273.6725139652582,128.37701577177512
27661363,-2.890729,1.488792,-0.0065358963088988364,266.0594227206276,163.0727000319253
27661363,-2.890729,1.488792,-0.0065358963088988364,266.0594227206276,163.0727000319253
27679344,-4.445501,1.150708,1.018235103691101,171.14339937396238,127.22082525610357
27661367,-5.317442,0.523323,0.1360171036911011,200.0466452394824,146.35665642583996
27673181,-4.204093,-5.547492,1.2976751036911012,144.4242573173667,303.36902312816494
27656714,-0.992501,1.911804,0.03241710369110118,436.7712266745624,265.9487623826907
27656714,-0.992501,1.911804,0.03241710369110118,436.7712266745624,265.9487623826907
27661372,-5.308468,0.462413,0.12976510369110117,199.834428237556,148.9240058585687
27661373,-2.902509,1.440117,-0.02064889630889888,264.94191936243743,165.92120746836645
27661373,-2.902509,1.440117,-0.02064889630889888,264.94191936243743,165.92120746836645
27623140,-2.283276,-0.19676,0.0045191036911009785,237.9427074361971,268.49986702984665
27623140,-2.283276,-0.19676,0.0045191036911009785,237.9427074361971,268.49986702984665
27679349,-6.327472,0.395194,0.4118931036911011,181.22324056210653,132.21406886980594
27664231,-3.497899,2.55504,-0.004982896308898921,283.1116309655006,56.07386196984277
27666169,-3.273369,-4.669987,3.469805103691101,63.68429519945627,337.4131858369268
27643443,-6.203097,-0.896817,3.4049191036911015,54.80154185625733,163.38967840782237
27643443,-6.203097,-0.896817,3.4049191036911015,54.80154185625733,163.38967840782237
27661377,-5.335439,0.435045,0.03606010369110102,202.91687866591576,150.02310753791983
27661382,-3.004153,1.371243,-0.021087896308898957,259.7587645503269,166.44690980787854
27661382,-3.004153,1.371243,-0.021087896308898957,259.7587645503269,166.44690980787854
27677373,-4.231386,2.826585,0.4569001036911011,235.80096096658517,4.621382932250924
27673206,-2.233161,-1.588267,2.037634103691101,109.79564705913674,327.1832839130837
27634194,-1.067367,1.818632,-0.013706896308898875,413.5250352759388,263.1606993776569
27634194,-1.067367,1.818632,-0.013706896308898875,413.5250352759388,263.1606993776569
27639752,-6.41141,-1.786626,4.234091103691101,26.55464110030661,185.3642580275648
27673215,-2.310265,-2.565358,0.1942631036911011,198.2853892726226,319.0665845107418
27681758,-0.845818,-6.23607,1.315736103691101,148.16646416044512,420.8505481957653
27679366,-3.921297,0.922678,1.7572541036911011,123.66511990096949,146.90969552477088
27639758,-2.297843,-0.151002,0.008920103691101078,238.3464993129976,266.3715518108576
27639758,-2.297843,-0.151002,0.008920103691101078,238.3464993129976,266.3715518108576
27681760,-0.800344,-7.087619,1.574106103691101,138.7492518181486,426.7354820123788
27630729,-2.386899,0.367568,0.0008461036911011632,248.27228822786805,243.55466971646888
27630729,-2.386899,0.367568,0.0008461036911011632,248.27228822786805,243.55466971646888
27673236,-2.080533,-2.337496,1.5944471036911012,137.66028602796723,342.05685209391663
27677394,-5.288561,2.132653,0.6479131036911011,192.62911267619356,55.80651349629974
27673241,-2.13363,-3.198857,0.3382741036911011,189.47686764494264,335.91636048538874
27661403,-4.865032,0.502321,-0.0639608963088989,212.31027236142896,157.49132881108667
27677404,-4.717189,1.964912,0.9896451036911011,176.83840365981368,67.60744928284473
27679383,-4.98841,-0.120117,0.05530310369110114,200.50286434904268,176.60937787716688
27679383,-4.98841,-0.120117,0.05530310369110114,200.50286434904268,176.60937787716688
27661404,-2.846398,1.382321,-0.006069896308898981,264.0312254714117,171.6718435883957
27661404,-2.846398,1.382321,-0.006069896308898981,264.0312254714117,171.6718435883957
27679386,-3.123389,0.802956,1.984561103691101,101.7534096728885,183.7026837587577
27666192,-2.116754,-1.857918,1.978636103691101,114.4981139656966,338.1891522835131
27666194,-3.552236,-6.707522,1.594606103691101,136.44324928641888,332.6450659322937
27664247,-3.486567,2.516259,-0.011679896308898874,282.3888646308983,60.5200917099678
27679395,-3.572204,0.296041,1.613609103691101,134.81361590702656,195.04873029815397
27666200,-2.488754,-4.008017,0.07475410369110103,190.85274398832055,329.2283346886896
27617262,-4.339234,-1.837184,0.026447103691101148,193.7540499967801,238.4113146206734
27617262,-4.339234,-1.837184,0.026447103691101148,193.7540499967801,238.4113146206734
27668797,-5.022812,-0.212828,0.040098103691101006,199.98250555488696,178.93220242747225
27677432,-2.911602,2.066164,-0.044989896308898825,289.70165308351653,118.39977483488232
27668805,-5.822243,-0.696707,0.23384410369110098,184.34314225385808,176.78429167632285
27668805,-5.822243,-0.696707,0.23384410369110098,184.34314225385808,176.78429167632285
27642641,-1.057506,1.816734,-0.007297896308898988,414.18476527706,264.71535963997883
27642641,-1.057506,1.816734,-0.007297896308898988,414.18476527706,264.71535963997883
27677440,-3.718572,1.327732,2.039594103691101,95.94545833528817,119.46162806323862
27666213,-2.023598,-1.731603,1.953976103691101,115.2860440261682,341.48418087171655
27661431,-2.955118,1.284983,-0.02266989630889893,258.7665775622205,173.51853025071327
27661431,-2.955118,1.284983,-0.02266989630889893,258.7665775622205,173.51853025071327
27647159,-3.627264,0.275869,1.745570103691101,125.83948168884258,193.50199711661105
27647159,-3.627264,0.275869,1.745570103691101,125.83948168884258,193.50199711661105
27643461,-2.481679,0.260052,-0.003470896308898963,243.77697917249176,243.10339170066013
27643461,-2.481679,0.260052,-0.003470896308898963,243.77697917249176,243.10339170066013
27668812,-2.682423,0.950454,-0.014442896308898945,256.5588852633182,203.241529666316
27668812,-2.682423,0.950454,-0.014442896308898945,256.5588852633182,203.241529666316
27642646,-8.088491,2.571973,0.041426103691101,196.5502329269637,25.55478894850512
27643468,-3.612685,0.227082,1.7446351036911012,126.00031883525274,196.4271202898317
27643469,-3.638794,0.175659,1.6050901036911012,135.3578390512331,198.2334105874308
27643469,-3.638794,0.175659,1.6050901036911012,135.3578390512331,198.2334105874308
27668819,-3.725926,0.495365,1.747730103691101,125.2679911018377,178.58955846665924
27666225,-3.031188,-4.759813,4.551967103691101,8.619956923050836,360.37250160718
27661443,-6.343193,-0.024875,3.3728861036911013,47.28614559531246,125.53472623346748
27675378,-3.74876,1.736066,2.026027103691101,92.5341770628007,79.75944239354624
27664270,-7.899643,2.713592,0.09611310369110115,197.2251880092774,17.54680266524872
27675379,-4.74302,1.746411,0.603221103691101,197.21920382427956,90.16308157783553
27666237,-3.672173,-8.423582,1.783152103691101,131.9441806571759,342.7135802011687
27623163,-2.26026,-0.249884,0.0024211036911010453,237.4529595033762,271.25969163927164
27675388,-4.559937,1.460613,0.558767103691101,198.5161007148184,112.12510612715522
27661456,-2.952253,1.237584,-0.025620896308898855,257.6621564419595,176.43190214585036
27661456,-2.952253,1.237584,-0.025620896308898855,257.6621564419595,176.43190214585036
27664279,-3.404407,2.398035,0.013337103691101193,279.2843036985071,73.26448148611732
27661457,-2.824139,1.300464,-0.011432896308898988,262.48359636929985,177.65636414780937
27661457,-2.824139,1.300464,-0.011432896308898988,262.48359636929985,177.65636414780937
27661459,-6.628702,-0.511448,0.08095210369110117,185.56773198677016,158.34029231968623
27668836,-3.705772,0.417798,1.7466601036911011,125.51041157473082,183.41355554176027
27668836,-3.705772,0.417798,1.7466601036911011,125.51041157473082,183.41355554176027
27639802,-2.997144,0.214869,2.011422103691101,103.71097533227729,224.2529668836879
27639802,-2.997144,0.214869,2.011422103691101,103.71097533227729,224.2529668836879
27647172,-2.446698,0.399926,-0.02831489630889883,249.15460688702024,239.24196899398967
27647172,-2.446698,0.399926,-0.02831489630889883,249.15460688702024,239.24196899398967
27664284,-3.29466,2.365612,-0.013181896308898988,284.15944894496994,79.34884120483969
27666253,-1.986915,-2.186429,1.977956103691101,115.50440647602072,350.93760467987335
27666254,-1.70636,-1.462024,1.1774551036911012,164.8554858484489,344.8300123559064
27679470,-0.916884,1.876034,0.019346103691101124,444.5030644118243,280.368373020252
27661471,-2.916648,1.205007,-0.01599589630889886,257.2074889942172,179.634245967822
27661471,-2.916648,1.205007,-0.01599589630889886,257.2074889942172,179.634245967822
27661472,-2.824827,1.255075,-0.030522896308898817,262.17802195244894,180.4585722090053
27675413,-1.760924,2.004467,-0.011850896308899017,356.2385728612689,178.29293871968028
27675420,-3.447588,1.042674,2.016201103691101,98.91429760090374,152.18461904527186
27661476,-3.39524,0.947999,1.9582131036911012,104.84028731118885,161.8316254970159
27679486,-4.884084,-2.361061,1.173265103691101,150.56021142709793,237.4841289813813
27579315,-5.914063,2.122683,0.08301210369110112,212.5038324400501,61.09637207004522
27679488,-5.446499,-3.074569,0.49571910369110106,168.3918521900422,237.49851172314695
27679488,-5.446499,-3.074569,0.49571910369110106,168.3918521900422,237.49851172314695
27654110,-6.742642,-0.192643,3.039657103691101,70.83070461434954,128.82361412872103
27679495,-5.360216,-3.238549,0.9337451036911011,155.64828932215585,242.8318399488855
27679495,-5.360216,-3.238549,0.9337451036911011,155.64828932215585,242.8318399488855
27666270,-1.858418,-1.866761,2.020985103691101,110.9245200587126,355.4205323242284
27618753,-2.838409,1.142199,0.013427103691101117,255.97935459682495,186.1788707685313
27618753,-2.838409,1.142199,0.013427103691101117,255.97935459682495,186.1788707685313
27661485,-9.256624,-1.377609,5.202313103691101,11.661258738801765,121.17209982466652
27661492,-2.862591,1.157755,-0.0008968963088988868,256.54867220993765,184.3909302657403
27661492,-2.862591,1.157755,-0.0008968963088988868,256.54867220993765,184.3909302657403
27668867,-3.670932,0.317798,1.7453721036911012,125.79917442658098,189.7854559745836
27668867,-3.670932,0.317798,1.7453721036911012,125.79917442658098,189.7854559745836
27654120,-6.061339,-0.328595,0.2221221036911012,185.34677611643363,161.70330122550843
27666276,-1.502009,-1.761606,-0.02118489630889897,225.72602648369855,343.321643000462
27679527,-3.832103,0.63485,1.731061103691101,126.22823132526077,167.31598316939088
27679527,-3.832103,0.63485,1.731061103691101,126.22823132526077,167.31598316939088
27647189,-3.662677,0.13361,1.5765611036911011,137.16686660184735,199.32698147613144
27647189,-3.662677,0.13361,1.5765611036911011,137.16686660184735,199.32698147613144
27661506,-6.351649,-0.455331,3.058502103691101,69.19154771849267,145.92213970911513
27668877,-3.6921,0.283875,1.6154001036911012,134.60176965767727,191.1415494415535
27668877,-3.6921,0.283875,1.6154001036911012,134.60176965767727,191.1415494415535
27639821,-4.323111,-1.820698,0.03467710369110111,193.70642121838992,238.48458926903177
27639821,-4.323111,-1.820698,0.03467710369110111,193.70642121838992,238.48458926903177
27666282,-2.421194,-5.600254,0.12457510369110114,181.67214714678184,346.09570714764146
27679532,-4.211946,0.401771,0.48466510369110105,194.7928486794771,174.32981339077546
27679532,-4.211946,0.401771,0.48466510369110105,194.7928486794771,174.32981339077546
27643496,-3.633875,0.112709,1.6059651036911011,135.32268121888535,201.2745173550991
27643496,-3.633875,0.112709,1.6059651036911011,135.32268121888535,201.2745173550991
27679533,-4.906734,-0.00181,0.09200510369110115,200.8862539402292,174.28706396118
27679533,-4.906734,-0.00181,0.09200510369110115,200.8862539402292,174.28706396118
27639822,-2.242361,-0.31956,-0.00906589630889898,237.0092399278297,274.1480427976756
27679534,-3.311419,0.826258,1.923501103691101,108.4566616684952,174.02539642225827
27679534,-3.311419,0.826258,1.923501103691101,108.4566616684952,174.02539642225827
27630798,-2.443891,0.172795,0.000915103691101038,242.4636385431988,248.17340858919945
27630798,-2.443891,0.172795,0.000915103691101038,242.4636385431988,248.17340858919945
27643499,-2.318007,0.261333,0.01355110369110113,246.7034380543411,251.1654542729761
27643499,-2.318007,0.261333,0.01355110369110113,246.7034380543411,251.1654542729761
27656914,-3.276743,2.121152,0.011023103691101044,273.6197387964369,102.0510137178291
27677553,-4.360269,-2.493155,-0.07187789630889885,192.58446801483348,250.82513534644556
27679551,-3.0704,0.617624,1.945033103691101,106.72109102081689,198.36454808080484
27677559,-4.148602,-2.475837,-0.00457889630889885,191.97468138101385,256.1075053634395
27677559,-4.148602,-2.475837,-0.00457889630889885,191.97468138101385,256.1075053634395
27622213,-3.386341,2.391306,0.017856103691101133,279.4487054070184,74.15561087851404
27661532,-2.738691,1.094501,-0.015317896308898904,259.10318060580346,193.1264751041505
27661532,-2.738691,1.094501,-0.015317896308898904,259.10318060580346,193.1264751041505
27668900,-5.815506,-1.947627,4.028404103691101,31.725184400085823,204.6697784551498
27675485,-2.632023,0.82144,-0.020340896308898904,254.73791298032893,211.9550814455398
27675485,-2.632023,0.82144,-0.020340896308898904,254.73791298032893,211.9550814455398
27643504,-2.430774,0.183509,0.007967103691101096,242.6227635054318,248.44190005813851
27643504,-2.430774,0.183509,0.007967103691101096,242.6227635054318,248.44190005813851
27639025,-2.832217,1.344289,-0.009637896308898997,263.4888482182373,174.63717448547544
27639025,-2.832217,1.344289,-0.009637896308898997,263.4888482182373,174.63717448547544
27642681,-6.769811,2.18803,0.09415910369110114,203.0952444812359,50.74838025856951
27677583,-3.164433,0.616495,2.010387103691101,101.43703665111153,193.6093494893563
27661540,-3.772242,0.500784,1.750400103691101,125.117595026052,176.62920768333564
27647204,-2.428772,0.339759,-0.03636089630889883,248.56525430175225,242.46089965270247
27647204,-2.428772,0.339759,-0.03636089630889883,248.56525430175225,242.46089965270247
27681933,-4.93933,2.382465,1.785646103691101,118.07090164247953,5.132456927621831
27681934,-4.746874,2.321701,1.8739371036911012,109.7814725494682,8.799068521211524
27626198,-8.176085,2.659133,0.601209103691101,175.40181200120128,11.19472882503166
27671229,-3.204685,-0.68375,1.729481103691101,128.42749077185573,249.88191116199263
27671229,-3.204685,-0.68375,1.729481103691101,128.42749077185573,249.88191116199263
27668927,-3.221387,1.885606,-0.016954896308899015,268.91615865263736,123.51205370751588
27664320,-7.917251,2.311279,0.3634931036911011,184.17878216314045,34.31290963065939
27661547,-2.836687,0.997051,-0.02197989630889885,254.03861503323907,194.2775094917829
27661547,-2.836687,0.997051,-0.02197989630889885,254.03861503323907,194.2775094917829
27681938,-4.951085,2.088274,1.825660103691101,116.21869039347165,33.7057231745558
27643518,-3.548738,0.137722,1.744178103691101,126.17149054291812,203.13187434186997
27643518,-3.548738,0.137722,1.744178103691101,126.17149054291812,203.13187434186997
27681941,-3.867058,2.132763,1.945902103691101,97.46805772684736,33.247010500792015
27656961,-3.269994,2.000633,-0.019020896308898916,271.348015493145,113.00898969961418
27681944,-4.841782,2.020831,1.155092103691101,165.41951430372123,57.960293405976046
27668939,-6.81777,0.618142,0.7455271036911011,167.54694589299743,114.43430688128652
27681945,-4.920619,1.937545,1.419794103691101,146.6967002633702,57.73592748673411
27681946,-1.940786,2.692955,-0.008525896308898995,416.65586455408953,70.34761835139145
27679610,-3.425946,-0.29119,1.747211103691101,126.75734969988244,226.33433448700677
27679610,-3.425946,-0.29119,1.747211103691101,126.75734969988244,226.33433448700677
27661554,-5.022711,-0.331706,0.02853810369110099,199.4297458710368,182.73000603085316
27661554,-5.022711,-0.331706,0.02853810369110099,199.4297458710368,182.73000603085316
27681953,-5.165298,1.813274,0.4676251036911011,199.98183970680284,81.84181756065539
27668946,-5.059734,1.20207,-0.03269689630889894,216.94203498950472,123.21808358022
27630829,-2.407353,0.10562,0.001527103691101095,241.7738842077651,252.35607172951816
27630829,-2.407353,0.10562,0.001527103691101095,241.7738842077651,252.35607172951816
27681955,-4.458363,1.687262,1.8150081036911012,117.44356851403298,76.00758666298432
27656974,-6.234511,2.005697,0.041305103691101186,209.07464317442088,65.56299431716457
27668947,-3.212665,1.829781,-0.024581896308898843,267.78490179435386,128.15952227799642
27639851,-2.970763,0.090331,2.016111103691101,104.15541092142098,231.68109206670752
27656976,-7.734537,1.586366,3.428972103691101,38.524506390866776,21.84241318117884
27681961,-3.575211,1.719404,2.006694103691101,92.91396689905856,86.27116480686158
27679627,-5.615864,-3.263137,1.1262051036911012,149.4391654812647,238.05386905861496
27679627,-5.615864,-3.263137,1.1262051036911012,149.4391654812647,238.05386905861496
27679629,-5.583058,-3.262243,1.3579731036911011,142.55894466204927,239.03763051400963
27679629,-5.583058,-3.262243,1.3579731036911011,142.55894466204927,239.03763051400963
27639040,-2.830048,1.309749,-0.014634896308898915,262.7735985853484,176.87537308960177
27679633,-4.457627,-2.316629,0.008312103691101136,190.5776401712345,245.20998843642084
27668960,-3.18507,1.776983,-0.01959389630889885,266.6537667595045,132.8681819819713
27671250,-4.111685,-3.772846,0.9880861036911011,155.95422715964452,282.09397669114435
27622262,-3.294214,2.178238,0.015509103691101034,274.829330068287,96.44439140121943
27647213,-3.595498,0.149711,1.747158103691101,125.98509597657431,200.73825818679552
27647213,-3.595498,0.149711,1.747158103691101,125.98509597657431,200.73825818679552
27679639,-2.604082,-0.757884,1.965314103691101,111.81898209138554,283.99739348131675
27679641,-3.272732,-2.152896,1.4387371036911012,143.60936208965995,283.4164104217079
27679645,-3.330359,-2.555388,0.9328401036911012,163.54647736193925,285.9851965435298
27668965,-6.593889,0.504246,0.7772761036911011,166.9024420739431,121.5639688023487
27679650,-1.284142,1.800985,-0.017761896308899017,383.96935604782726,239.26136648867148
27679651,-3.333261,-2.703381,1.081809103691101,157.31311229834554,289.34890890091776
27639862,-2.184937,-0.402166,0.0066021036911010356,235.76305501490737,279.53107532050166
27681974,-3.573096,1.321782,1.908018103691101,107.54336448443058,126.891042729915
27681975,-4.032225,1.009864,1.710984103691101,127.0151777665246,138.46657190654696
27681976,-4.690014,0.742924,1.4541011036911011,143.19040063180427,139.49644882312293
27681977,-23.133675,-7.175912,-4.266647896308899,187.269854442048,144.5626268142437
27681978,-4.328091,0.924112,1.235811103691101,157.7997052861461,140.68222908945796
27664341,-6.8395,2.213115,0.2754021036911011,195.29457240564983,46.023336690783566
27679662,-3.743255,-4.320717,0.8545341036911012,159.87569288920287,299.0972221562501
27681979,-9.270636,-1.21382,-0.5137828963088988,185.42939439025145,144.75074014255824
27675552,-6.867338,-0.454834,1.116145103691101,151.28427492591726,148.27407264662074
27675553,-6.816397,-0.421832,1.006681103691101,155.23793238806846,148.58787845602353
27681980,-5.665977,0.275737,0.8990851036911011,165.3391135453711,144.46574580426096
27679666,-3.649402,-4.237415,1.460651103691101,140.8546855747216,304.17817031890365
27681983,-4.488219,0.791001,1.1275221036911012,162.59989891855383,144.81326211480592
27679667,-4.04444,-5.389279,0.6442731036911011,162.5465537115441,302.4799617212882
27677642,-4.487719,-1.846719,0.05759010369110107,191.6726710463476,234.8852599875099
27668981,-3.146873,1.727031,-0.007379896308898903,265.5433946722322,137.55992271252
27677644,-4.458588,-1.842189,-0.007923896308899003,194.007386712995,235.4325901738985
27677644,-4.458588,-1.842189,-0.007923896308899003,194.007386712995,235.4325901738985
27681985,-5.343862,0.43338,0.4926391036911011,184.8824444569697,147.056208703587
27681986,-4.956738,0.693328,0.03738010369110101,209.31544843221704,147.26050898011857
27681987,-4.38428,0.84547,0.7870391036911011,182.1171594270385,147.50521629029467
27679680,-2.264734,-1.463528,1.967972103691101,113.91932879988528,321.8304943374614
27681988,-5.732655,0.17397,0.3797711036911011,184.86563042636516,150.21380143012425
27681989,-5.261131,0.373183,0.04680410369110111,202.6506981740137,153.70455449540822
27664351,-3.179301,2.19016,0.013759103691101116,279.89774937851166,98.23972678832138
27681992,-4.917467,0.020699,0.3243711036911011,191.96476866588404,172.3326882074885
27681992,-4.917467,0.020699,0.3243711036911011,191.96476866588404,172.3326882074885
27671271,-3.593839,-3.822446,1.217717103691101,149.51487760554576,298.92522770246023
27681993,-5.129029,-0.112862,0.019544103691101045,200.63629243968836,173.48988843491227
27643554,-2.411095,0.071211,-0.011498896308898887,241.62231963260737,253.3244702321203
27643554,-2.411095,0.071211,-0.011498896308898887,241.62231963260737,253.3244702321203
27679686,-2.184062,-1.868714,2.052737103691101,110.07371071907052,335.4226302674249
27657013,-3.218264,1.897802,-0.007762896308898926,268.88561572196176,122.50578754988491
27630839,-2.401924,0.06496,-0.0017818963088989115,241.1902947799529,254.03201917970983
27630839,-2.401924,0.06496,-0.0017818963088989115,241.1902947799529,254.03201917970983
27664354,-1.708061,2.092632,-0.017028896308898922,370.38779241094176,172.5398876136946
27664354,-1.708061,2.092632,-0.017028896308898922,370.38779241094176,172.5398876136946
27677651,-2.961373,-1.711371,1.812011103691101,125.31027251627376,289.4149377905864
27677652,-2.844376,-1.614262,1.7384271036911012,129.10951253536126,291.9956513900289
27681997,-6.485509,-1.551935,0.01344510369110119,183.26554606793724,187.272857341658
27679704,-1.851801,-2.2925,0.774845103691101,179.7540650354279,342.6149744757903
27681998,-4.974968,-0.532522,0.014350103691101124,198.73557041076717,189.9132313554258
27681998,-4.974968,-0.532522,0.014350103691101124,198.73557041076717,189.9132313554258
27669002,-3.135217,1.687501,-0.01926189630889885,265.3436929265972,140.92555865521507
27639051,-4.297615,1.578292,1.8039421036911012,118.37349714201852,88.42718694951992
27639878,-2.156931,-0.427383,0.01469010369110113,235.4237703398105,281.7291449724128
27679713,-2.115428,-3.64207,2.093709103691101,114.65883419490024,361.7776576960992
27679716,-1.869378,-4.146107,0.7189991036911011,171.84756316701575,360.14996231669915
27671289,-3.684098,-4.188838,3.7784181036911013,48.27721652724759,318.6656299195768
27679724,-1.50915,-3.717021,0.703515103691101,176.429666681289,372.7219954802226
27682004,-3.003551,0.643832,1.9839031036911012,102.44048263048523,200.00642868611124
27671294,-3.774996,-4.844588,2.829256103691101,93.80227943997976,316.52949462083245
27664363,-1.08485,1.971041,0.004632103691101008,433.4921276081255,246.88823298773468
27664363,-1.08485,1.971041,0.004632103691101008,433.4921276081255,246.88823298773468
27669010,-2.983958,1.723887,0.006377103691101116,270.09222801455496,143.04971191195426
27677658,-2.806562,-2.012325,1.498828103691101,141.70907722565465,300.08914074242705
27671299,-3.534581,-4.155005,4.365068103691101,16.27012447413864,329.4981030523176
27654242,-5.929788,-1.107064,0.16682510369110104,183.7268234959245,185.99617387229748
27679741,-0.600661,-2.253995,1.356368103691101,156.20459862065442,439.2794324236592
27682017,-3.066678,0.65145,0.04132410369110118,237.21905062512784,201.8118437367765
27682017,-3.066678,0.65145,0.04132410369110118,237.21905062512784,201.8118437367765
27682019,-2.81451,0.805794,1.290541103691101,163.1706236037403,201.8326795824686
27657041,-3.18329,1.842093,-0.0011548963088989783,267.779031307132,127.75925440463377
27682023,-2.783315,0.842358,-0.034956896308898866,252.10932624235815,204.35730764518004
27682023,-2.783315,0.842358,-0.034956896308898866,252.10932624235815,204.35730764518004
27677674,-2.892107,-3.266124,0.8560191036911011,165.73398500497643,312.13592704190023
27671314,-3.420945,-6.052569,0.8563261036911011,157.10149799688537,326.1058790615244
27669034,-4.619346,0.925794,0.08075010369110114,214.28847186964788,143.89123835998407
27682026,-3.037291,0.60781,0.02315910369110119,237.86556141884387,204.9301457723853
27682026,-3.037291,0.60781,0.02315910369110119,237.86556141884387,204.9301457723853
27682031,-3.00801,0.608641,0.33395910369110104,221.87132772413548,205.528781292966
27682031,-3.00801,0.608641,0.33395910369110104,221.87132772413548,205.528781292966
27618830,-4.788446,0.908126,0.008703103691101166,214.99822929631003,141.67083298811804
27664377,-1.092169,1.956503,0.001658103691100976,430.0776170437573,247.3636153010973
27664377,-1.092169,1.956503,0.001658103691100976,430.0776170437573,247.3636153010973
27633416,-5.03219,-0.150127,0.12014510369110099,197.48109181980288,176.4148128608025
27643581,-2.376044,0.026774,0.0010241036911011747,240.7908255657917,256.6230573345815
27643581,-2.376044,0.026774,0.0010241036911011747,240.7908255657917,256.6230573345815
27675636,-3.511153,-1.831101,0.4499931036911011,184.6059859045041,263.42285570546926
27675636,-3.511153,-1.831101,0.4499931036911011,184.6059859045041,263.42285570546926
27675637,-3.989735,-2.709461,0.09291910369110101,188.5567212976051,264.8690284655183
27675641,-3.606974,-2.619553,0.9734501036911011,160.7527072606529,278.15131594236345
27657070,-3.172178,1.783897,-0.010722896308899,266.7781542918912,132.6317272221487
27669056,-2.94979,1.594643,-0.014504896308898951,268.08773481170954,153.77597972584186
27602976,-3.482625,2.875532,0.005679103691101028,298.0533664095789,18.15927211274837
27675645,-3.691408,-3.116541,0.08840310369110105,188.1946078869527,279.895971120366
27677701,-2.221728,-3.978473,0.32153010369110113,184.65584712691117,340.6355800958325
27639068,-2.798426,1.23389,-0.015786896308898957,261.4891034811238,182.69948808096677
27671332,-1.895116,-2.157199,0.2699391036911012,203.04174571345712,332.38562476863467
27669066,-3.045659,1.519226,-0.01126489630889882,262.3948457830368,155.41004989603368
27677702,-2.152014,-3.695544,0.2762571036911011,188.31476564550343,340.0055710919215
27677704,-2.679337,-5.788649,1.852824103691101,128.52046160116873,353.77217387374105
27657085,-3.14707,1.728132,-0.010566896308898954,265.76174786565497,137.51575516068732
27661636,-6.324274,-1.453517,3.035773103691101,78.22462400826512,180.5317306671629
27661636,-6.324274,-1.453517,3.035773103691101,78.22462400826512,180.5317306671629
27669073,-5.325978,0.432417,0.10362510369110112,200.4151984262005,149.89341325223296
27643598,-2.344699,0.008906,0.012311103691101,240.5042606746044,258.8319379852072
27643598,-2.344699,0.008906,0.012311103691101,240.5042606746044,258.8319379852072
27671339,-1.968568,-2.800744,-0.04929289630889899,208.49308062150112,334.1289729948469
27661642,-3.595919,0.195,1.7457821036911012,125.9782227365602,198.6000363614465
27661642,-3.595919,0.195,1.7457821036911012,125.9782227365602,198.6000363614465
27623209,-2.213796,-0.3729,-0.00043789630889889963,236.11114564866372,277.18793793012355
27622324,-3.211536,1.967076,0.014534103691101086,270.1701505381592,116.78430581805952
27664404,-3.295601,2.076108,-0.01064889630889887,272.621736167451,105.88731918375946
27642719,-3.043277,1.799638,-0.01797689630889887,272.16412752395433,135.67586548297373
27626880,-2.375853,0.04086,0.004678103691100999,240.9065031179312,256.1676685159341
27626880,-2.375853,0.04086,0.004678103691100999,240.9065031179312,256.1676685159341
27671345,-1.93582,-2.467624,1.203897103691101,157.81171344149533,346.2010474742242
27675677,-3.296604,-4.613073,1.162329103691101,150.7969020748455,317.5490905513491
27630865,-6.287861,-0.502746,3.3979361036911007,51.42585810267829,146.77964381801493
27630865,-6.287861,-0.502746,3.3979361036911007,51.42585810267829,146.77964381801493
27630866,-2.365587,-0.004189,-0.0025818963088988234,240.54456734509932,258.1673068038998
27630866,-2.365587,-0.004189,-0.0025818963088988234,240.54456734509932,258.1673068038998
27669096,-4.950266,0.49461,0.38620410369110103,192.98155140888264,153.27989100240455
27657111,-3.112944,1.650105,-0.013293896308898878,264.5077917779111,144.22160798551022
27647259,-6.147603,-1.546335,3.0097171036911012,78.95180874358434,187.05183851855992
27647259,-6.147603,-1.546335,3.0097171036911012,78.95180874358434,187.05183851855992
27657114,-3.018269,1.631613,-0.051756896308899014,269.2438389072321,149.17868432243455
27618888,-4.676333,0.528245,0.0071221036911011115,211.92692570433127,160.18854538587323
27675688,-3.909474,-7.650183,0.2246711036911011,167.75475353465978,323.5058320823501
27639907,-5.986396,-2.483159,4.163609103691101,34.16062861847308,214.99499746666868
27639907,-5.986396,-2.483159,4.163609103691101,34.16062861847308,214.99499746666868
27677725,-1.293556,-2.358308,0.04835910369110108,217.3393884444449,362.8342452927566
27639082,-2.871937,1.214299,0.013880103691101153,257.0465503925144,180.69353980277592
27639082,-2.871937,1.214299,0.013880103691101153,257.0465503925144,180.69353980277592
27677727,-1.262609,-2.348513,-0.031829896308898986,221.2894915765084,363.214629419277
27647264,-6.068333,-1.506375,3.1000421036911012,74.12137283717257,187.3651737391087
27647264,-6.068333,-1.506375,3.1000421036911012,74.12137283717257,187.3651737391087
27643613,-2.238766,0.044846,0.00904410369110109,243.7834393423528,262.94756863756214
27643613,-2.238766,0.044846,0.00904410369110109,243.7834393423528,262.94756863756214
27675697,-3.410019,-7.838137,0.07653010369110103,171.84428988950367,335.22703888997046
27647267,-2.43418,0.189089,0.010664103691101046,242.5298359499168,248.08349972957544
27647267,-2.43418,0.189089,0.010664103691101046,242.5298359499168,248.08349972957544
27664422,-1.105266,1.922562,0.0022051036911010513,422.50950485148167,249.01905076245856
27664422,-1.105266,1.922562,0.0022051036911010513,422.50950485148167,249.01905076245856
27675701,-2.658585,-4.914355,1.168515103691101,151.44771684355842,341.3750010496154
27675705,-1.656487,-1.365621,0.5389281036911011,202.0509738060209,336.41262222312423
27669112,-2.928711,1.512036,-0.02046189630889894,266.4048568848377,160.22307461341148
27661666,-3.130764,0.488359,1.9511021036911012,107.5358700006469,202.98309079431263
27657131,-2.991582,1.594968,0.04718110369110118,263.01898292156574,151.5753171253073
27682109,-3.899467,-2.73206,0.11077210369110113,188.41518453339896,267.8029962473286
27682109,-3.899467,-2.73206,0.11077210369110113,188.41518453339896,267.8029962473286
27682118,-4.681044,-4.803019,1.8296801036911012,128.84279319351091,285.0628009478268
27669123,-3.025921,1.432842,-0.018217896308898807,260.77404567036444,161.77507852485903
27682121,-3.829641,-2.97164,1.1440651036911011,152.9685151575723,278.1931492383869
27682122,-4.034848,-3.337669,0.951263103691101,158.2826433539093,277.395550998022
27682123,-4.241597,-3.717661,0.8101851036911011,161.24476237028318,277.07736262709096
27666483,-0.408312,0.590092,-0.013274896308898887,348.4731130548408,408.0269431251266
27666484,-0.402036,0.705158,0.008040103691101086,357.70606853655886,409.3316712031032
27682129,-3.364615,0.676085,2.032602103691101,100.37528097361002,180.7005419229384
27682129,-3.364615,0.676085,2.032602103691101,100.37528097361002,180.7005419229384
27647277,-2.344831,0.206255,-0.01567889630889896,246.3244128094824,251.72255598862884
27647277,-2.344831,0.206255,-0.01567889630889896,246.3244128094824,251.72255598862884
27664432,-6.178036,1.846744,-0.023399896308898827,210.6043811902481,75.47639190626342
27630882,-6.31368,-0.598833,3.4118891036911014,52.118888058988034,149.97051005003374
27630882,-6.31368,-0.598833,3.4118891036911014,52.118888058988034,149.97051005003374
27669136,-3.00089,1.394573,-0.010786896308898841,259.95354398123493,165.03512989207215
27669136,-3.00089,1.394573,-0.010786896308898841,259.95354398123493,165.03512989207215
27639920,-2.111259,-0.537982,0.013534103691100974,234.26445015246205,287.06306691070114
27679967,-4.984766,2.721883,0.7912441036911011,195.10263784335896,3.980762593594932
27630890,-2.232836,0.010137,0.003294103691101169,243.44141079694896,264.38859095945253
27630890,-2.232836,0.010137,0.003294103691101169,243.44141079694896,264.38859095945253
27639098,-3.628028,1.549862,1.9559921036911012,101.0242278031117,103.62787471533058
27626906,-2.357632,-0.024715,0.0009961036911010357,240.10134746841095,259.26565757645415
27626906,-2.357632,-0.024715,0.0009961036911010357,240.10134746841095,259.26565757645415
27664445,-6.068136,1.808821,0.075421103691101,207.3976478442988,77.22479731329122
27669150,-2.892217,1.423805,-0.02085389630889889,264.7619921397331,167.3638598056711
27669150,-2.892217,1.423805,-0.02085389630889889,264.7619921397331,167.3638598056711
27682150,-3.19877,0.581563,0.3953291036911011,214.7093697225885,199.17201541624772
27682150,-3.19877,0.581563,0.3953291036911011,214.7093697225885,199.17201541624772
27618921,-5.369431,0.348639,0.08766010369110111,199.90210897811608,152.28969497035982
27679969,-4.68425,2.649784,0.6575261036911011,207.8262324678812,15.98462158341414
27682152,-3.183748,0.495448,1.2343281036911011,162.5584233902505,201.9122685045378
27682152,-3.183748,0.495448,1.2343281036911011,162.5584233902505,201.9122685045378
27669157,-4.908546,0.255885,0.3462881036911011,193.02753213307315,163.81030164438278
27679975,-4.844296,2.525422,0.6762511036911011,201.89665817905933,26.727392467179584
27679977,-6.497338,2.198899,1.6416981036911011,130.49368246568355,22.17808041035877
27669158,-2.966482,1.349277,-0.0020008963088988807,259.1281068136265,169.05453636878687
27669158,-2.966482,1.349277,-0.0020008963088988807,259.1281068136265,169.05453636878687
27675751,-0.919054,-5.198072,1.6776821036911012,134.8490329320131,422.71644787681873
27682158,-2.995579,0.634678,1.940461103691101,106.53861848087,201.11751421062905
27682158,-2.995579,0.634678,1.940461103691101,106.53861848087,201.11751421062905
27679985,-4.742243,2.23521,1.5196991036911012,140.28997452735086,29.95065376517877
27682160,-3.370051,0.202657,1.201843103691101,161.86052478746976,208.1382367942498
27682160,-3.370051,0.202657,1.201843103691101,161.86052478746976,208.1382367942498
27679987,-5.956052,2.207228,1.083211103691101,163.58406281276064,36.31324980246947
27682163,-3.077959,0.504752,1.948667103691101,107.32407649806883,204.64222188718264
27682163,-3.077959,0.504752,1.948667103691101,107.32407649806883,204.64222188718264
27643644,-2.303151,-0.058904,0.027727103691101096,239.17088309707145,263.25349377036144
27682167,-2.973477,0.690151,0.013380103691100986,241.45819083919045,203.71820765435663
27679993,-3.923454,2.139723,2.025950103691101,88.67903267088073,28.561199846666284
27682173,-3.082175,0.343621,1.2128321036911012,163.8187712260787,213.76658159142207
27669177,-3.857968,0.630165,1.577210103691101,136.9165264978975,167.79164425888433
27669177,-3.857968,0.630165,1.577210103691101,136.9165264978975,167.79164425888433
27679995,-4.695935,2.100673,1.6683651036911011,128.4289758356272,39.0312583096154
27669179,-2.848142,1.363151,-0.015276896308898946,263.9107949322911,172.87103515729726
27669179,-2.848142,1.363151,-0.015276896308898946,263.9107949322911,172.87103515729726
27664461,-3.230197,1.976582,0.005939103691101177,270.3768601707208,115.63100067432973
27679996,-3.908915,2.104517,1.953662103691101,97.38685065484812,36.2032567999668
27642752,-3.145948,1.735844,-0.006238896308898845,265.7926747915845,136.933844487167
27680000,-4.907114,1.987195,1.622247103691101,132.21073495935624,48.79071316500227
27680001,-4.699123,1.95618,1.849424103691101,114.05759718463892,47.66784057363222
27630899,-2.219566,-0.023594,0.0054271036911011095,242.88040970263967,266.20830190959805
27630899,-2.219566,-0.023594,0.0054271036911011095,242.88040970263967,266.20830190959805
27669188,-2.937658,1.280321,-0.00895189630889881,258.3574180532513,174.37163562809178
27669188,-2.937658,1.280321,-0.00895189630889881,258.3574180532513,174.37163562809178
27682197,-1.79348,1.848098,-0.023208896308898996,340.9102635697926,191.3475136587192
27682197,-1.79348,1.848098,-0.023208896308898996,340.9102635697926,191.3475136587192
27626288,-5.400494,1.672406,0.00469710369110099,216.89829952989055,93.52018946144295
27682203,-3.953638,-1.089953,0.4515711036911011,186.3017791864393,231.82650559815968
27669195,-6.026202,-0.495,0.19575410369110102,185.49622699850227,167.39416905518115
27682204,-5.600878,-3.008494,0.09182710369110114,179.06407224812506,232.76639614915348
27682205,-2.878541,0.086207,1.9530501036911012,108.88783787100006,236.6439535733112
27682206,-3.168258,-0.342712,1.707349103691101,129.29817902040253,239.4092433614341
27682207,-2.866169,0.023265,1.9484251036911011,109.62729269755428,240.16908451969175
27654433,-2.419706,0.432097,0.006458103691101114,248.74129008264563,239.3631201848073
27654433,-2.419706,0.432097,0.006458103691101114,248.74129008264563,239.3631201848073
27680006,-5.346722,1.67846,1.975418103691101,108.74810831284042,60.95879440977916
27682209,-2.486301,0.449103,-0.03683589630889883,249.83488637718983,235.3283300683921
27682209,-2.486301,0.449103,-0.03683589630889883,249.83488637718983,235.3283300683921
27680009,-5.871886,1.787437,0.6450161036911011,183.91270568687796,72.11598060454097
27680010,-6.122681,1.740818,0.5262201036911011,186.9130386224853,73.90136567846844
27669204,-2.796627,1.314197,0.012758103691101086,262.34618652569054,177.78465373568702
27669204,-2.796627,1.314197,0.012758103691101086,262.34618652569054,177.78465373568702
27680011,-5.845779,1.731669,0.7448901036911011,178.92929797942236,74.08526687619525
27682212,-2.737533,-0.476699,2.027939103691101,106.06958740473974,267.6986038538936
27682212,-2.737533,-0.476699,2.027939103691101,106.06958740473974,267.6986038538936
27682213,-3.079887,-1.937145,1.591347103691101,136.84321457719304,287.59525002910914
27657194,-4.935028,2.613116,0.5500821036911011,209.6932207195191,21.936358978857385
27682215,-3.237533,-3.006982,0.48819710369110103,178.309756592932,294.02084257709697
27682216,-2.128002,-0.92261,-0.10369789630889881,232.64950317324815,294.6525844040316
27682218,-2.418799,-1.406052,2.0479981036911012,108.86717200039692,312.52295671906006
27657195,-3.510298,2.598023,-0.0002808963088989369,284.11217649245015,51.13613162990029
27680017,-4.616262,1.861474,0.6697221036911011,196.46929314786556,83.13133077424291
27618968,-2.568419,0.539173,0.01926210369110115,247.01901199971465,227.79484328689213
27618968,-2.568419,0.539173,0.01926210369110115,247.01901199971465,227.79484328689213
27680019,-5.475044,1.623534,0.6160251036911011,187.44537202090825,86.78613998958033
27680020,-5.926611,1.482273,0.704959103691101,178.52077273752934,87.51693080121123
27664482,-3.123667,1.922745,-0.03986589630889892,275.0523216448635,123.86060727127564
27657200,-4.827076,2.575154,0.6373041036911011,205.42999382395843,23.33231071303527
27680024,-3.715397,1.719522,2.024648103691101,92.53394196618696,82.34148792727942
27671431,-0.771862,-4.884268,0.594993103691101,178.6548817841117,411.7657021278438
27680026,-5.594935,1.405426,0.6325301036911011,183.852349785272,96.93412797679856
27680027,-6.218395,1.179603,0.8361511036911011,169.19085456341395,97.36956048707124
27680029,-4.816616,1.558016,0.543435103691101,197.3401580744063,101.72328795712698
27682258,-1.476236,-2.811999,-0.19593289630889887,219.2514836662657,354.6970759069557
27680037,-5.205949,1.263391,0.837081103691101,175.982530096443,108.0423258325842
27608904,-2.308929,-0.092897,0.015463103691101043,238.97265932065687,264.0004212675224
27608904,-2.308929,-0.092897,0.015463103691101043,238.97265932065687,264.0004212675224
27671436,-0.734408,-2.45162,0.843826103691101,184.55473998489683,414.28088376886126
27669239,-2.886819,1.157953,-0.0068358963088990254,256.20991629438345,183.4394375386184
27669239,-2.886819,1.157953,-0.0068358963088990254,256.20991629438345,183.4394375386184
27642772,-5.3966,1.717977,0.014256103691101085,217.13153363346788,90.9724136758447
27669245,-4.538052,0.038464,0.41322610369110113,191.6671482768544,180.3360671355748
27669245,-4.538052,0.038464,0.41322610369110113,191.6671482768544,180.3360671355748
27680045,-4.773515,1.242151,0.5727791036911011,192.9604681645344,120.20871213872316
27680048,-6.079192,0.619065,0.8603811036911011,166.40690160477885,123.9599844184121
27680049,-4.571414,1.240673,0.612406103691101,193.0954052171573,123.95895180900868
27669253,-4.976844,-0.244051,0.12950910369110114,196.84857523572197,180.65557098863607
27669253,-4.976844,-0.244051,0.12950910369110114,196.84857523572197,180.65557098863607
27669254,-5.012188,-0.256037,0.037928103691101,199.7967608205049,180.5514345169378
27669254,-5.012188,-0.256037,0.037928103691101,199.7967608205049,180.5514345169378
27680055,-4.444962,1.113027,1.0129761036911011,171.1982592397171,129.47221150447012
27680056,-6.27626,0.407017,0.37085310369110114,183.08154780681804,132.84611582035348
27626945,-2.32048,-0.123049,0.0030041036911010455,238.74757338174385,264.3238641358889
27626945,-2.32048,-0.123049,0.0030041036911010455,238.74757338174385,264.3238641358889
27639126,-4.186019,1.361611,1.757997103691101,122.6590362260484,108.99280819643543
27682291,-0.809572,-4.256607,1.2121251036911012,156.2037076797599,419.70083275055777
27639960,-4.062716,-2.357789,0.10950610369110114,189.6283120888301,256.50477963997935
27664504,-1.066701,1.826253,-0.000995896308898958,413.8040145738714,262.79171180218185
27664504,-1.066701,1.826253,-0.000995896308898958,413.8040145738714,262.79171180218185
27619007,-2.531838,0.420318,0.008977103691101052,245.6264855230945,234.46455534669727
27619007,-2.531838,0.420318,0.008977103691101052,245.6264855230945,234.46455534669727
27669264,-2.874267,1.090999,-0.022335896308898873,255.57593583339911,187.73041572095624
27669264,-2.874267,1.090999,-0.022335896308898873,255.57593583339911,187.73041572095624
27682297,-0.600852,-2.267062,1.307601103691101,159.34560914897645,437.71725077516953
27622398,-8.243788,2.702053,0.024956103691101017,196.887981353812,18.774716262088447
27680062,-9.602442,-1.091758,-0.5936128963088989,186.2976198856979,139.12918561588333
27630929,-2.317838,-0.138801,-0.0010708963088990053,238.68691518429117,264.9322985523931
27630929,-2.317838,-0.138801,-0.0010708963088990053,238.68691518429117,264.9322985523931
27680063,-6.588869,-0.080089,1.5419641036911012,136.25135132677596,137.73209573045392
27680064,-4.741235,0.92866,0.47634110369110105,194.89104269082895,137.84966589887532
27680066,-7.338204,-0.432114,1.216324103691101,146.99615910220277,140.17805635661352
27669274,-3.718718,0.379955,1.7437261036911011,125.8163227997305,184.89829308335692
27669274,-3.718718,0.379955,1.7437261036911011,125.8163227997305,184.89829308335692
27680070,-4.723619,0.813813,0.527331103691101,191.5845026495805,143.2506094049922
27673711,-4.267541,2.830631,0.36088510369110105,241.55175592675585,7.769002546389288
27680072,-5.779441,0.232455,0.6829661036911011,173.3130033573592,145.43623496369446
27619021,-2.523985,0.382544,0.011625103691101035,244.79501619849052,236.36832170904395
27619021,-2.523985,0.382544,0.011625103691101035,244.79501619849052,236.36832170904395
27669279,-2.75742,1.13395,-0.014414896308899028,259.6563687801921,190.13544007195551
27669279,-2.75742,1.13395,-0.014414896308899028,259.6563687801921,190.13544007195551
27657255,-3.411199,2.375469,-0.0010328963088990228,279.0240098919989,75.74539494206093
27661806,-2.488281,0.522233,-0.02050989630889899,250.72280713757328,232.22349659640432
27661806,-2.488281,0.522233,-0.02050989630889899,250.72280713757328,232.22349659640432
27669283,-2.841115,1.058018,-0.009477896308898837,254.8668349998098,190.8092929755835
27669283,-2.841115,1.058018,-0.009477896308898837,254.8668349998098,190.8092929755835
27680076,-6.754084,-0.318058,0.5090681036911011,172.3828933189016,148.83873679471097
27639971,-2.067359,-0.663895,0.0056071036911011785,233.1509224200392,292.4898526720527
27673718,-4.573025,2.747049,0.0640541036911011,249.3957136016564,25.251591592598004
27639161,-2.710032,1.047323,-0.005620896308898837,258.01821076099696,196.89906133017183
27639161,-2.710032,1.047323,-0.005620896308898837,258.01821076099696,196.89906133017183
27669297,-2.821264,1.018029,-0.007333896308898913,254.20372305382705,193.75662181547963
27669297,-2.821264,1.018029,-0.007333896308898913,254.20372305382705,193.75662181547963
27669298,-2.736929,1.084485,-0.01795889630889902,259.01372839554745,193.7616835388289
27630120,-8.131333,2.678127,0.6278741036911011,174.69538169810994,9.677642466581034
27669303,-4.933113,-0.504155,0.10151710369110112,196.20327157001176,189.8053379156958
27669303,-4.933113,-0.504155,0.10151710369110112,196.20327157001176,189.8053379156958
27649444,-1.063583,1.81769,-0.017701896308898846,414.2178086017092,263.6710685323828
27649444,-1.063583,1.81769,-0.017701896308898846,414.2178086017092,263.6710685323828
27639980,-4.027894,-2.425008,0.110725103691101,189.4089648428176,258.72792335130936
27639980,-4.027894,-2.425008,0.110725103691101,189.4089648428176,258.72792335130936
27680104,-2.795804,0.893928,-0.026700896308898825,252.66582511534125,201.26577335087413
27680105,-2.27758,1.291242,-0.021115896308898874,281.9759214049162,203.5828224690012
27680105,-2.27758,1.291242,-0.021115896308898874,281.9759214049162,203.5828224690012
27673752,-1.546189,2.290892,-0.014033896308898841,414.40978557573874,159.67336953339802
27654558,-2.436227,0.054673,-0.024101896308898807,241.37432499108013,252.63720013483345
27654558,-2.436227,0.054673,-0.024101896308898807,241.37432499108013,252.63720013483345
27622423,-8.341292,2.48854,-0.019496896308898837,196.08339477158927,29.943423325147933
27669320,-2.801968,0.977551,-0.005826896308898988,253.5540081571756,196.68176637863675
27669320,-2.801968,0.977551,-0.005826896308898988,253.5540081571756,196.68176637863675
27664544,-3.174229,1.73054,-0.02641989630889885,265.89666259459364,136.68737337630716
27673753,-2.692117,2.106961,-0.00233889630889883,299.27666830520894,121.13343880970388
27669321,-2.723662,1.042194,-0.021493896308898863,258.3787474478662,196.63666621222595
27669321,-2.723662,1.042194,-0.021493896308898863,258.3787474478662,196.63666621222595
27643692,-2.267299,-0.180254,0.016577103691101103,237.9929311265037,268.86588398328973
27643692,-2.267299,-0.180254,0.016577103691101103,237.9929311265037,268.86588398328973
27630125,-8.346851,2.488422,-0.025700896308898935,196.2530416369305,30.025336110073965
27623259,-3.779904,-1.459375,0.03179410369110114,200.70339664251716,245.44275276271023
27623259,-3.779904,-1.459375,0.03179410369110114,200.70339664251716,245.44275276271023
27642808,-5.964668,1.599634,0.07926710369110102,206.16720161907952,89.0696137364034
27673771,-3.557181,1.468153,2.014638103691101,95.21208511313864,112.30609374477528
27673772,-4.518868,1.378867,0.5454441036911011,198.7668138263868,117.96534194427272
27634511,-2.926864,2.175245,-0.008997896308899023,291.6582359448395,107.083496421287
27639989,-5.270047,-2.413987,3.3530761036911008,64.38392428747383,231.4678314626656
27639989,-5.270047,-2.413987,3.3530761036911008,64.38392428747383,231.4678314626656
27673779,-4.440512,1.253775,0.8902331036911011,179.3468588946876,122.78338181460624
27673781,-1.714718,2.069678,-0.00940989630889888,366.778693378573,174.53387893772168
27673781,-1.714718,2.069678,-0.00940989630889888,366.778693378573,174.53387893772168
27669357,-2.760398,0.897804,-0.0009638963088989261,252.2808543692708,202.5106020293224
27669363,-2.689279,0.948664,-0.029551896308898984,257.161602747577,203.06552939524175
27669363,-2.689279,0.948664,-0.029551896308898984,257.161602747577,203.06552939524175
27682598,-3.751474,0.744525,2.072589103691101,99.16452114011634,160.8494037696425
27682599,-2.792495,1.29517,1.8880241036911012,104.1375561162195,162.424904011104
27682603,-4.051845,0.389554,1.557237103691101,137.9166599393737,174.0780999900302
27682606,-8.555269,-2.379169,3.3823681036911015,82.00194546210639,166.29558219079996
27682609,-5.220977,-0.505039,0.17915710369110105,191.25827482704725,183.33328634936615
27682610,-4.713901,-0.145434,0.022712103691101104,204.02008029338631,183.7573396607401
27682617,-4.23972,0.026769,0.17534610369110104,204.43657961107425,189.25010833094035
27682622,-3.007669,0.869018,1.930280103691101,105.5671063568767,185.1744053193514
27682630,-3.293307,0.504552,0.9429701036911011,180.6097063231936,197.7334203774825
27682637,-3.325282,0.489099,0.24031710369110115,219.36121765181147,199.03051226705156
27682641,-2.926382,0.748696,1.927158103691101,106.3907873168926,197.5427219817809
27682653,-3.331602,0.173858,1.3759081036911012,150.95204359307183,210.774621279692
27682672,-3.587383,-0.150984,2.105480103691101,102.71574710834255,214.04858371378464
27682690,-3.709203,-0.156388,3.121092103691101,23.73570720724385,208.1498026770578
27682701,-5.280804,-3.162963,0.7199711036911011,162.26679636339037,242.90627597237932
27682702,-5.256389,-3.129277,1.143224103691101,149.72376309267008,243.5377069938444
27682703,-3.743161,-2.752043,1.087798103691101,155.7143388082884,276.7572594100485
27682704,-2.961459,-1.330623,2.106961103691101,106.90247241515212,282.4782880439891
27682707,-3.166815,-2.080185,1.757545103691101,128.77565836858912,288.1635894390859
27682714,-3.559951,-6.028672,0.243941103691101,172.52572331724875,318.7190841115886
27682788,-0.82896,-5.599045,0.9418111036911011,162.83920147245857,415.46363915351947
27682802,0.138361,-10.968433,0.2161311036911011,170.94637555108113,440.7167935482531
27682964,-6.386257,2.216659,1.910075103691101,114.145651399205,14.7544522476625
27682965,-4.376061,2.570356,0.692322103691101,209.7890142512211,24.15981204184408
27682971,-3.674438,2.215767,1.9219841036911012,97.06783038748826,24.314455080357902
27682977,-4.1403,1.981321,2.058066103691101,90.19062747493444,44.81002917950872
27682979,-5.612345,1.883637,1.2639101036911011,153.7498652684531,57.88095835793095
27682980,-4.178755,1.919065,2.066290103691101,90.63082943766284,51.052463795392754
27682983,-5.956854,1.787021,0.9652151036911011,167.66195849277312,66.1111557649875
27682989,-5.729537,1.617706,1.2597401036911011,152.72690361393614,74.00848279047662
27682990,-7.371666,0.747278,3.053446103691101,66.38424532971209,78.08455333832757
27682995,-5.261683,1.583386,0.5022071036911011,194.71043075623496,93.70547149805614
27682996,-4.909501,1.330965,1.926053103691101,112.35490841126328,93.42165152212198
27682998,-5.148456,1.339074,1.2950031036911012,152.15165970444986,98.61382899453106
27682999,-5.92933,1.190714,0.40299910369110103,189.53283846525107,105.49948510493827
27683000,-4.539454,1.558002,0.3210571036911011,212.54984923150136,109.83418481403332
27683003,-4.395074,1.325583,1.0469631036911011,171.03055870931036,117.38857112633195
27683004,-4.597458,1.246849,0.9612151036911011,173.90738861999822,118.92934348023422
27683006,-6.838923,-0.001867,2.113118103691101,112.7732115605164,126.99755357976508
27683007,-6.485316,0.411718,0.8046331036911011,165.99035767810898,126.41908552279186
27683008,-4.276072,1.33719,0.5967201036911011,198.5463706580582,125.068904984999
27683009,-4.589436,1.095849,0.929551103691101,174.6625239338941,128.09749546761554
27683011,-4.756659,0.953179,0.7925201036911012,179.5144666751446,133.42356826382473
27683012,-4.495218,0.785524,1.811585103691101,121.22363162350383,138.44318655442655
27683013,-4.671048,0.888012,0.4874581036911011,194.6899396972647,141.2259586199978
27683016,-4.367301,0.665863,2.152157103691101,97.92207342634852,145.35964872066336
27683018,-3.95919,0.867902,1.607248103691101,134.68799822043823,150.65024020503887
27683020,-5.278452,0.316836,0.11947410369110112,199.2402746559943,155.0420696912766
27683021,-3.866569,0.734422,2.087260103691101,98.88075792609784,157.3315738688868
27683038,-2.816295,1.078413,1.118481103691101,179.75142392574162,185.1630948922252
27683044,-3.055256,0.767642,1.328648103691101,158.13226184395035,192.45262296207883
27683049,-2.875075,0.884654,1.3096921036911011,161.6608273138704,193.9170767853489
27683056,-3.013098,0.719675,0.900358103691101,188.88075879491052,198.5107090543329
27683058,-3.016558,0.629353,1.4653371036911012,147.15715432187164,201.7183752916007
27683062,-3.067853,0.59978,1.249083103691101,162.97956739806938,201.52917200216316
27683073,-2.920904,0.660892,0.5530791036911011,211.59216723622453,206.3144246765576
27683076,-2.941876,0.614033,0.8788711036911011,189.94176288312724,207.1965161620526
27683078,-2.784886,0.731441,0.9945981036911011,185.45193739098596,208.2019758404228
27683086,-2.894444,0.544322,0.9295361036911011,186.34749010231576,212.78670022001737
27683091,-2.900809,0.432934,1.4227541036911011,150.34958900480655,217.87085745498536
27683120,-5.240868,-3.087806,1.549270103691101,136.88237334306655,243.8290564699949
27683121,-3.470784,-0.663017,0.6323251036911011,185.49481590041395,235.64518823747687
27683122,-2.499363,0.460396,-0.04433889630889887,250.1873969148945,234.2275487031797
27683125,-5.000745,-2.910964,-0.032525896308899016,185.62178764355917,243.42767499974357
27683126,-2.715245,-0.128687,1.941646103691101,110.44212139655026,255.13314706796788
27683127,-5.564372,-3.99356,-0.10915889630889897,180.6018062497156,248.9837115865644
27683130,-2.614105,-0.129596,1.941181103691101,110.00611772724083,261.1479901500632
27683131,-3.332377,-1.171394,0.643459103691101,182.3544129076425,254.8406924086821
27683132,-2.569112,-0.192776,1.939065103691101,110.3781410328905,266.3910393508013
27683135,-3.381495,-1.560997,0.6051181036911011,181.06580307701157,262.4282524602326
27683137,-4.858005,-4.501032,-0.48405089630889897,190.5166524674181,269.3017979553825
27683138,-3.124711,-1.406536,0.6845751036911011,180.4830197898036,268.51959785503493
27683139,-4.64222,-4.740858,2.648145103691101,102.57580282972374,288.7766098060628
27683142,-2.394166,-0.347271,1.9197791036911012,112.14235826099824,283.0214569774936
27683145,-4.246819,-3.755987,1.3303581036911012,144.7428669858663,279.6173491426409
27683146,-4.109499,-3.461551,1.1547421036911012,151.11701778513117,278.12444959581313
27683147,-3.98724,-3.219848,1.105377103691101,153.473157131961,277.50429765536813
27683148,-3.284534,-1.857754,0.5890381036911011,180.5388813639869,272.2585705828725
27643702,-5.726342,-1.955029,3.220936103691101,69.88764932355068,207.85945148209328
27643702,-5.726342,-1.955029,3.220936103691101,69.88764932355068,207.85945148209328
27682432,-4.43548,2.757706,0.6350911036911011,216.39929711152527,5.727045712333194
27647393,-3.022239,0.084502,1.962825103691101,108.822299019106,229.18048944371063
27647393,-3.022239,0.084502,1.962825103691101,108.822299019106,229.18048944371063
27680207,-3.54515,-1.217446,0.4963081036911011,186.66372807696797,248.15542611568387
27680207,-3.54515,-1.217446,0.4963081036911011,186.66372807696797,248.15542611568387
27682454,-7.159999,0.724437,3.4303161036911014,43.65767792280533,76.33546253227414
27646228,-3.435007,2.621693,-0.039835896308898944,291.040429987436,50.78212958934356
27682467,-6.925508,-0.023892,3.7036541036911013,35.878156308608624,112.8540001117474
27669429,-3.123489,0.329421,1.957424103691101,108.10978447120804,212.0038074201016
27669429,-3.123489,0.329421,1.957424103691101,108.10978447120804,212.0038074201016
27646246,-4.422647,2.794673,-0.01777189630889886,259.7083421986739,23.85243124429286
27680326,-4.791644,-3.394677,0.21073610369110107,177.7631642165358,256.7134982579327
27680326,-4.791644,-3.394677,0.21073610369110107,177.7631642165358,256.7134982579327
27657431,-3.151346,2.010722,-0.03294589630889888,276.8822161204628,115.73690581373002
27639249,-4.424183,0.504848,0.09103710369110107,211.15537352775348,166.58090706526804
27647484,-5.345416,-3.221032,0.11117910369110118,178.80283789286634,241.6151654928541
27647484,-5.345416,-3.221032,0.11117910369110118,178.80283789286634,241.6151654928541
27657440,-5.099391,1.736797,0.11272710369110106,217.08783091342096,92.74145507487556
27647488,-7.000544,-3.677688,4.733746103691101,33.71237591098108,219.65045912178027
27647488,-7.000544,-3.677688,4.733746103691101,33.71237591098108,219.65045912178027
27673924,-5.555546,-3.478283,2.985275103691101,88.52034987905691,246.28853139262415
27673924,-5.555546,-3.478283,2.985275103691101,88.52034987905691,246.28853139262415
27677977,-6.939654,2.165917,1.298570103691101,148.16555404510729,30.03685949987232
27680362,-2.434538,-2.480877,0.46881510369110113,187.2283263941794,315.15249725694787
27677984,-4.713099,2.057065,1.380935103691101,150.61039229212437,50.8053190353412
27623320,-3.735765,-1.804222,-0.02259589630889902,200.20308643688605,254.26110470575685
27623320,-3.735765,-1.804222,-0.02259589630889902,200.20308643688605,254.26110470575685
27677986,-4.895558,2.023272,1.2785681036911012,156.79026404676063,54.29135259424663
27682578,-2.974844,-0.126628,1.974188103691101,109.065060906358,241.0101798933832
27654755,-4.815278,-3.895935,0.147913103691101,177.46656945304633,263.6794698861329
27654755,-4.815278,-3.895935,0.147913103691101,177.46656945304633,263.6794698861329
27669481,-3.075852,0.218885,1.990767103691101,105.88505608388232,220.0132913222016
27669481,-3.075852,0.218885,1.990767103691101,105.88505608388232,220.0132913222016
27680422,-0.664241,-3.42485,0.2751761036911011,202.9501465500027,408.983402771308
27678031,-7.185045,-0.346236,1.646769103691101,132.0987272883079,137.1842518509951
27654794,-2.645368,-0.614017,1.957343103691101,111.78364017136909,277.03557883972775
27654794,-2.645368,-0.614017,1.957343103691101,111.78364017136909,277.03557883972775
27646285,-4.69492,2.67832,-0.023572896308899027,249.39372750198956,33.25636137703748
27673955,-6.771839,-0.321504,2.698161103691101,88.19634545243986,135.89589474667733
27673958,-6.776455,-0.330562,2.8390751036911013,81.79692436631424,135.1785419514319
27673961,-3.477681,0.996656,1.9733961036911012,103.5810057959965,154.9113204299867
27676044,-7.951681,2.305414,0.8276271036911012,165.87911110845744,27.01584940433395
27627035,-6.591364,-1.26651,3.566013103691101,54.58497856709445,167.45555168035474
27673964,-3.829329,0.726195,1.7475511036911011,124.81074400935712,162.0264190407383
27662004,-5.389709,-3.536944,0.06842710369110105,178.5493143117021,245.79482636617143
27662004,-5.389709,-3.536944,0.06842710369110105,178.5493143117021,245.79482636617143
27669527,-3.045601,0.096974,1.967955103691101,108.44412008746067,227.42012014915665
27669527,-3.045601,0.096974,1.967955103691101,108.44412008746067,227.42012014915665
27647576,-5.245039,-2.750309,3.205664103691101,73.57505415465289,239.76192938624376
27647576,-5.245039,-2.750309,3.205664103691101,73.57505415465289,239.76192938624376
27647578,-3.946097,-2.389623,0.1488351036911011,188.90487853070923,260.44031943872056
27647578,-3.946097,-2.389623,0.1488351036911011,188.90487853070923,260.44031943872056
27647606,-2.792057,-0.37924,1.9646591036911012,110.5107047383689,260.70751546133994
27647606,-2.792057,-0.37924,1.9646591036911012,110.5107047383689,260.70751546133994
27627054,-2.952926,0.293716,1.9176391036911011,110.83807155964456,222.4928731679805
27627054,-2.952926,0.293716,1.9176391036911011,110.83807155964456,222.4928731679805
27635817,-5.78254,2.14942,0.012858103691101075,217.6707364008216,61.85039889291858
27654884,-4.646429,-4.556049,4.047925103691101,48.9851920541818,293.03647699956264
27654884,-4.646429,-4.556049,4.047925103691101,48.9851920541818,293.03647699956264
27647623,-2.72951,-0.383529,2.019658103691101,106.01706855020824,264.7318193422249
27647623,-2.72951,-0.383529,2.019658103691101,106.01706855020824,264.7318193422249
27654885,-5.152047,-5.542357,3.816089103691101,68.98379373411035,291.1390291230297
27627059,-3.785275,-1.236928,0.05094910369110117,201.8457581878107,239.99337585928427
27627059,-3.785275,-1.236928,0.05094910369110117,201.8457581878107,239.99337585928427
27676097,-6.707675,-0.117595,2.649515103691101,88.81083813053829,129.4272829712959
27647629,-3.098264,-1.014701,1.640001103691101,134.07419786591316,264.3883855465261
27647629,-3.098264,-1.014701,1.640001103691101,134.07419786591316,264.3883855465261
27654899,-4.045878,-4.852786,0.33644110369110103,172.11228612458194,295.031940793314
27647632,-2.734051,-0.447023,1.963266103691101,110.76392222207568,266.37494125189613
27664897,-6.67549,-1.260819,3.103166103691101,76.0764426601576,167.52810992020534
27664897,-6.67549,-1.260819,3.103166103691101,76.0764426601576,167.52810992020534
27647647,-2.699905,-0.466615,2.019965103691101,106.41322536286144,269.42127513651417
27647652,-2.664658,-0.481423,1.955508103691101,111.2567894996798,271.460001760962
27646336,-5.078163,2.503205,-0.013182896308898906,236.34879025191196,44.531914378307306
27647656,-2.68954,-0.515221,2.021433103691101,106.57806345020208,271.7224488997665
27642912,-5.739717,1.211054,0.09573410369110102,203.9432535263058,110.47612178964955
27647664,-2.640599,-0.512205,1.953944103691101,111.451070280995,273.89115050382003
27647664,-2.640599,-0.512205,1.953944103691101,111.451070280995,273.89115050382003
27657648,-2.875643,1.406718,-0.01807689630889886,264.5825520626595,169.0716757034995
27657648,-2.875643,1.406718,-0.01807689630889886,264.5825520626595,169.0716757034995
27654940,-2.6704,-2.729965,0.06202310369110098,198.7318434018991,306.52964426862434
27664935,-7.380877,1.549711,3.5017881036911014,29.13113605592042,23.782417345721317
27619306,-6.285997,-0.581348,3.405181103691101,51.9715316059856,149.87534677563502
27619306,-6.285997,-0.581348,3.405181103691101,51.9715316059856,149.87534677563502
27647687,-4.099021,-3.924536,-0.00967489630889884,184.77623625112608,280.4968512153191
27642917,-6.784066,1.21825,0.7505841036911011,169.991121589625,89.8261690174904
27647698,-3.493498,-3.092334,0.06328110369110118,190.32112499892665,285.12949700105014
27654954,-3.409247,-4.397263,0.2305271036911012,179.24987805399513,306.01167554628466
27674039,-5.472777,-3.121188,1.482883103691101,138.84981538082565,239.05364751751404
27630271,-5.184817,1.43236,0.009175103691101194,216.45993095857776,109.28179313830248
27626474,-2.721889,1.028681,-0.0219738963088989,258.0711003763548,197.43777929145136
27626474,-2.721889,1.028681,-0.0219738963088989,258.0711003763548,197.43777929145136
27674047,-3.218701,-1.853324,0.9895921036911011,164.300305197262,276.6208348880692
27674048,-1.232502,1.705785,-0.019133896308898946,378.96968469337486,252.73541360345104
27674048,-1.232502,1.705785,-0.019133896308898946,378.96968469337486,252.73541360345104
27674049,-3.883314,-3.350047,0.981217103691101,157.6879595552886,282.060083737136
27678234,-3.358221,-0.331164,1.616071103691101,135.05158931265314,230.50414828409387
27678234,-3.358221,-0.331164,1.616071103691101,135.05158931265314,230.50414828409387
27680631,-4.388833,2.92606,0.06011010369110115,260.14473304777346,8.001955799545271
27678253,-4.222437,-3.853435,0.27900710369110104,176.48845013315116,277.5143729765806
27678256,-2.866101,-1.641062,1.599872103691101,136.61101699808313,290.4841319981105
27646404,-6.926871,2.20785,0.04444310369110105,203.6885865181144,49.47585661345639
27674076,-2.854388,-2.166054,1.601628103691101,136.53978314159912,301.8139722048442
27674085,-4.092546,-5.037234,3.588437103691101,67.50999500436964,313.87108896027706
27655055,-3.547661,-4.718023,3.645430103691101,58.5221786684408,329.1882945610202
27655058,-2.436781,-2.375207,1.8080321036911011,126.30695877451043,326.87298858677286
27647788,-2.652768,-2.693202,0.07080210369110107,198.85627354370533,306.6855394191123
27674094,-3.60314,-4.690483,2.599552103691101,101.16281054291008,318.6803788939882
27674096,-3.537463,-4.579074,2.6778371036911013,97.4970575306632,320.13858301274496
27680657,-7.030003,2.12044,0.4904811036911011,184.12470499529863,46.52417546782161
27678274,-1.327577,1.128319,-0.011540896308898985,321.227392708484,279.9918697473853
27678274,-1.327577,1.128319,-0.011540896308898985,321.227392708484,279.9918697473853
27650045,-6.841372,2.210716,0.06400110369110101,203.7974479897299,49.5430190752065
27647812,-5.118806,-5.476801,3.951155103691101,63.68536665144131,291.78537592023963
27647812,-5.118806,-5.476801,3.951155103691101,63.68536665144131,291.78537592023963
27655076,-3.689691,-5.32286,3.833799103691101,57.1136898783324,332.26366356887763
27680665,-4.654151,2.048344,1.532978103691101,139.29128525031723,48.192290086815575
27680667,-5.034762,1.999285,0.865275103691101,181.67886784975747,63.68612158279902
27662151,-4.154219,-3.505126,1.2440151036911011,147.99526990116993,277.9370724765669
27662151,-4.154219,-3.505126,1.2440151036911011,147.99526990116993,277.9370724765669
27642944,-5.728484,1.083529,0.004748103691101013,206.38797195465315,117.2198402582256
27657793,-4.348853,0.255722,0.08332610369110105,209.5176878165028,178.28187696042045
27657793,-4.348853,0.255722,0.08332610369110105,209.5176878165028,178.28187696042045
27678305,-1.471851,-1.839444,0.06773610369110106,221.0674310239787,347.296589151488
27680689,-2.083654,2.456296,-0.004464896308898902,369.0611661395628,103.90904348373846
27669703,-3.186533,-0.737506,1.632080103691101,134.3580123030912,252.03586540964807
27669703,-3.186533,-0.737506,1.632080103691101,134.3580123030912,252.03586540964807
27680697,-7.254986,0.476276,2.739490103691101,83.61566146468175,95.90510903835133
27680698,-6.410503,1.021891,0.8022261036911011,168.90393722295943,102.51154757894705
27646434,-5.731503,1.989973,-0.05634489630889883,219.24541927134612,72.78176402388723
27680699,-4.961054,1.509311,0.4315251036911011,200.74545797495043,103.6405893748186
27678327,-1.071995,-4.744935,0.6804401036911011,174.55636978826877,398.32930654007737
27680700,-4.774102,1.523454,0.5828991036911011,195.38527225355404,103.9996294034498
27680702,-4.806073,1.446545,0.7868151036911011,183.37389757373165,105.2328880606424
27669719,-2.819684,-0.326204,1.960857103691101,110.60582963076344,257.18557489838975
27657843,-4.337211,-0.019947,0.047263103691101094,208.13728355837264,188.69281522893093
27657843,-4.337211,-0.019947,0.047263103691101094,208.13728355837264,188.69281522893093
27674151,-1.921191,-2.384194,1.866932103691101,122.575382702618,355.6437944673115
27680710,-4.205879,1.417853,1.620455103691101,133.20127637401563,106.62041330639634
27655127,-2.811273,-4.720082,1.269363103691101,148.05847621817395,335.19593405517367
27680717,-4.180052,1.201431,1.603024103691101,134.65092650063303,123.04719702478388
27671881,-4.571459,2.701369,0.5848141036911011,215.85165110002603,13.390645744302333
27619408,-3.601161,-1.640839,0.04828710369110101,200.15298678400532,255.01659332421585
27619408,-3.601161,-1.640839,0.04828710369110101,200.15298678400532,255.01659332421585
27674171,-2.359354,-10.441961,1.2836701036911011,143.7861263809014,380.490627262878
27630322,-2.808896,1.223909,-0.022173896308898877,261.2408048450403,182.88828306578108
27665106,-4.628052,0.904129,0.07188710369110107,214.28935745848412,144.76310957668127
27671889,-1.651058,2.532191,-0.02026389630889902,437.0597418623729,114.16844024690616
27671889,-1.651058,2.532191,-0.02026389630889902,437.0597418623729,114.16844024690616
27671890,-5.011362,2.488336,0.46683110369110103,211.3520085476258,34.69975189903548
27680728,-5.310548,0.712074,0.06684810369110106,204.5703727237453,139.42646882345412
27671896,-5.133739,2.388243,0.41924610369110105,210.53585030142588,43.07249351105008
27639375,-8.628117,-1.665442,-0.4684188963088989,185.31374282045377,161.09398394668273
27680734,-6.365584,0.096398,0.6616461036911011,170.57316892203195,140.5959328591509
27639376,-4.373566,0.044223,0.04420910369110098,208.5399831373929,185.52240105573455
27639376,-4.373566,0.044223,0.04420910369110098,208.5399831373929,185.52240105573455
27630329,-2.874077,1.228577,0.01786410369110114,257.166237828239,179.75121580422973
27630329,-2.874077,1.228577,0.01786410369110114,257.166237828239,179.75121580422973
27642977,-2.830901,1.294354,-0.021942896308899007,262.69664830200446,177.81920799591867
27642977,-2.830901,1.294354,-0.021942896308899007,262.69664830200446,177.81920799591867
27680743,-4.365506,0.838395,0.5001381036911011,196.838112232124,150.61020825176945
27646458,-5.555727,1.903567,-0.010810896308898865,218.52733759163343,78.96348129844046
27669803,-3.479867,-1.968583,0.45600910369110104,183.7315904258571,267.35006125627314
27669803,-3.479867,-1.968583,0.45600910369110104,183.7315904258571,267.35006125627314
27655193,-1.905443,-2.315253,2.041332103691101,111.94234338260412,358.5870624755506
27669823,-2.650373,-0.662371,1.961709103691101,111.74624930666891,278.3470562296791
27657956,-6.18763,-1.404703,3.117401103691101,73.34428221931663,181.66786010990785
27657956,-6.18763,-1.404703,3.117401103691101,73.34428221931663,181.66786010990785
27662226,-5.127723,-5.559552,4.680625103691101,37.806091429031255,296.1302907869445
27662226,-5.127723,-5.559552,4.680625103691101,37.806091429031255,296.1302907869445
27669865,-3.797614,-3.079577,0.216961103691101,183.79817154064477,276.86068740364027
27643882,-5.487064,-2.899492,2.998596103691101,84.54007651212035,236.41694803402245
27639397,-4.343843,-0.003338,0.047575103691101184,208.227230406631,187.94301825253663
27639397,-4.343843,-0.003338,0.047575103691101184,208.227230406631,187.94301825253663
27643005,-2.816416,1.227305,-0.03116989630889888,261.63162966351774,182.43244753715385
27669903,-3.796158,-3.356108,1.301031103691101,146.84263939085173,286.2985498181009
27662253,-2.460315,-1.151633,1.962106103691101,113.50712121551916,303.112669360653
27669914,-5.049745,-5.399066,4.315996103691101,49.41906754442925,294.3799982619471
27669914,-5.049745,-5.399066,4.315996103691101,49.41906754442925,294.3799982619471
27669921,-2.522612,-1.007857,1.964807103691101,112.83982136962835,295.82120466019524
27669926,-2.826527,-1.69209,1.6208451036911011,135.5364352728211,293.5855691030706
27650284,-4.896783,1.172825,0.0023331036911011793,217.21860765300264,127.2872178025494
27669941,-2.483979,-1.062712,1.9575531036911011,113.47596201197275,299.42709308930694
27665227,-6.682576,-0.367984,3.133832103691101,67.31114104889218,136.08828797806183
27670005,-3.803955,-4.479422,3.766730103691101,53.01307487043604,317.9780968767455
27670016,-3.418775,-4.432555,0.23015010369110112,179.07054363273858,306.1528361821876
27643912,-5.3797,-2.959458,3.097268103691101,80.37845285789336,240.5604090471409
27643912,-5.3797,-2.959458,3.097268103691101,80.37845285789336,240.5604090471409
27670023,-2.694115,-2.751149,0.05711110369110117,198.54554674123116,305.9520637690025
27670030,-3.548661,-4.852104,0.9100711036911011,157.57215593371492,311.16390264455544
27670031,-4.310114,-7.005007,-0.027649896308898914,173.6390278116083,308.676362403059
27630357,-5.760834,1.198079,0.08970910369110108,203.84367916430577,110.8177930574906
27670044,-3.144058,-3.662189,2.608433103691101,94.30740028069344,322.4259980320561
27665253,-6.4036,-0.410743,3.063490103691101,68.94469636404108,143.18832711476824
27653077,-1.077556,1.974279,-0.004855896308898933,435.9330499445389,247.4206211616261
27653077,-1.077556,1.974279,-0.004855896308898933,435.9330499445389,247.4206211616261
27643036,-3.59875,1.42488,1.959409103691101,101.74348472590604,116.12467962745028
27672043,-6.710576,-0.177411,2.906974103691101,76.96881835207537,129.7709692460483
27650377,-4.612284,0.907007,0.08064910369110101,214.1468159547377,144.90818364087335
27653083,-1.090102,1.964652,-0.0033448963088988926,432.1281805256624,246.7595188135062
27653083,-1.090102,1.964652,-0.0033448963088988926,432.1281805256624,246.7595188135062
27670071,-3.142388,-3.924744,3.134466103691101,71.65155866953452,330.80526451033904
27650382,-7.110635,0.222906,0.06035710369110103,187.369248495366,129.44538352690438
27670078,-2.196228,-1.571816,1.968903103691101,114.128774319823,328.1401422028416
27670087,-3.984862,-6.371943,4.332098103691101,49.06131045789809,336.4906344084907
27662315,-4.343269,-7.130225,-0.057771896308898896,173.84638771323702,308.90385020993017
27662316,-3.322125,-4.513639,0.23926710369110116,178.910689764399,309.87294221493715
27665272,-6.653051,-0.684377,3.028796103691101,74.86117001147042,149.10593773282994
27676379,-2.598125,-2.371338,1.4774851036911012,142.7950412312499,315.6893096290886
27643930,-5.460376,-3.219137,3.099950103691101,82.30569037916482,243.83932778429588
27643930,-5.460376,-3.219137,3.099950103691101,82.30569037916482,243.83932778429588
27660502,-4.678563,2.689465,-0.03444189630889882,250.68333409606805,32.67433171327096
27670101,-2.14619,-1.628582,1.9617681036911012,114.69440407159308,332.1610874872646
27650401,-4.249198,1.07308,1.6282611036911012,132.89230762107232,129.42943978096508
27660509,-1.085592,1.969177,0.002558103691101099,433.203259776836,246.9574090101005
27670110,-3.69092,-6.000465,4.1304931036911015,51.21503563566128,341.1703603878509
27670111,-2.485573,-2.810081,1.8707121036911012,123.94095196704968,331.71842093983787
27678576,-7.58898,2.072483,0.15462010369110102,192.64853626933615,50.79385674320815
27672112,-5.49399,-3.13567,1.557092103691101,136.48218912750053,238.95214602488696
27670134,-2.039875,-1.61962,1.949915103691101,115.124874075266,338.4863568634561
27680883,-1.326779,1.421342,-0.03598789630889887,344.34230212539387,263.03968930471353
27672115,-5.579252,-3.240112,2.046055103691101,120.68206579947608,239.6731827721773
27672115,-5.579252,-3.240112,2.046055103691101,120.68206579947608,239.6731827721773
27672117,-5.597591,-3.272131,2.750145103691101,96.328966035912,240.9260688499651
27672117,-5.597591,-3.272131,2.750145103691101,96.328966035912,240.9260688499651
27672119,-3.227102,-0.667798,1.585974103691101,137.04065375225622,247.83428557055151
27672119,-3.227102,-0.667798,1.585974103691101,137.04065375225622,247.83428557055151
27643049,-2.775004,1.122274,-0.029624896308898974,259.66540544909657,190.11222703401532
27643049,-2.775004,1.122274,-0.029624896308898974,259.66540544909657,190.11222703401532
27672123,-5.572217,-3.495534,2.9340131036911012,90.55249432448426,246.10955042106409
27672123,-5.572217,-3.495534,2.9340131036911012,90.55249432448426,246.10955042106409
27660525,-4.827979,2.601572,0.08839310369110098,238.33229063155636,36.04905507233767
27670148,-1.934673,-1.419917,1.994535103691101,110.67057790314124,342.722697383939
27678582,-4.828664,2.022774,1.2401931036911011,159.79607665891547,55.96475633430828
27660527,-1.095527,1.950245,-0.00037189630889900016,428.6566462828687,247.5292357011593
27660527,-1.095527,1.950245,-0.00037189630889900016,428.6566462828687,247.5292357011593
27672141,-4.270472,-3.957798,0.13150610369110116,179.96959300220013,277.24631436787524
27672145,-3.931357,-3.442923,1.119874103691101,152.70794884425203,282.75825191429084
27670154,-3.59471,-7.907909,0.050840103691101035,171.69417473949514,331.3698987108099
27670158,-2.952564,-5.754382,0.17630710369110103,177.38243372600144,332.0386837823943
27643054,-4.07422,1.255709,1.774569103691101,121.50378826001467,119.44284732521903
27662347,-4.074988,-5.920253,3.9599281036911007,59.908168626239984,326.66122982572307
27643057,-2.854517,1.091344,-0.005598896308898871,255.19347705528853,188.43504186906975
27643057,-2.854517,1.091344,-0.005598896308898871,255.19347705528853,188.43504186906975
27676417,-1.887697,-2.236494,1.122608103691101,162.97901416529135,344.6354691204174
27665343,-2.724503,1.04291,-0.02415289630889883,258.52496457628735,196.5705991669043
27665343,-2.724503,1.04291,-0.02415289630889883,258.52496457628735,196.5705991669043
27672175,-3.959629,-4.711477,3.3136101036911008,75.23229580167873,312.2887809157032
27676421,-1.895258,-2.294616,1.548284103691101,140.42742872174458,351.112902350327
27643065,-4.911969,0.649596,-0.05418289630889883,213.0272645355601,150.58483588612137
27674537,-4.695482,2.703806,0.9140761036911011,190.4944139138629,1.5074759796452497
27662379,-3.951016,-6.160083,4.190089103691101,52.32527750950541,334.5611033850694
27670193,-2.025189,-2.363925,1.480459103691101,143.75257808126844,343.84805463021814
27662382,-3.765939,-5.740871,4.169263103691101,47.87790577915942,336.57023391784475
27660565,-5.178483,2.449097,0.09178110369110115,228.1013885929738,45.48846147444985
27672207,-3.358193,-5.19408,1.121872103691101,151.10112188895022,321.55995385544605
27638719,-5.602551,2.243961,-0.004673896308898806,222.38094180303648,57.93217729835556
27660574,-5.270212,2.397671,0.0010661036911010502,230.0454783141372,50.39953335707463
27630413,-2.717654,1.035486,-0.019803896308898894,258.2635936567584,197.25019118245604
27630413,-2.717654,1.035486,-0.019803896308898894,258.2635936567584,197.25019118245604
27643095,-7.115952,-0.006219,0.03243110369110114,186.95570603169884,136.7135022702525
27627180,-6.270996,-2.030543,3.3652251036911007,68.03140973786924,197.24822844909767
27627180,-6.270996,-2.030543,3.3652251036911007,68.03140973786924,197.24822844909767
27643096,-4.73219,0.563849,-0.004728896308898944,212.1607659559636,157.5835137393428
27676470,-0.714618,-2.350271,0.968542103691101,178.64896903840926,418.7227770640274
27643097,-2.791374,1.015932,0.008432103691101034,254.0763635031272,195.05941397166876
27643097,-2.791374,1.015932,0.008432103691101034,254.0763635031272,195.05941397166876
27678637,-6.717896,-0.115505,2.183468103691101,109.83165172592172,132.63554349760307
27674620,-7.435069,-0.598713,4.232891103691101,22.773472632718665,124.75101131636916
27670214,-1.919386,-2.390338,1.1439141036911011,161.11917792752328,345.264381416253
27674630,-6.848093,-0.361795,2.7177041036911014,87.96298124520669,136.0295181400938
27670221,-1.922209,-2.380777,1.395051103691101,148.43243635251278,348.46787371728084
27674637,-4.033102,0.852912,1.610391103691101,134.41476832232092,149.2815958691445
27678651,-3.5125,1.161317,2.028312103691101,97.0340802407431,140.34950247176533
27678652,-2.824129,1.746121,-0.019206896308898935,278.3602014672503,147.46947015534272
27660627,-5.691476,2.190925,0.12105210369110098,214.60572335441492,58.2456862631764
27678654,-3.488966,1.094138,2.029381103691101,97.46211504004248,146.50141572334547
27662418,-2.443792,-2.895989,1.978465103691101,118.73786711751112,336.10812269440294
27643989,-2.745457,-0.592007,2.031015103691101,106.65316445439134,271.25573730544056
27662419,-2.418586,-3.81739,0.13732110369110107,190.4619127273425,330.1442588233567
27672263,-2.511655,-8.375106,1.811925103691101,131.2903983477401,373.0777884937209
27630429,-4.215046,1.50936,1.7916501036911012,119.45765381384255,96.08908210013108
27670232,-1.870527,-2.210516,1.4768971036911012,144.4773551962292,350.3678502004966
27660638,-3.205184,2.102158,-0.034593896308898975,278.43457375828336,106.4847421488758
27662431,-3.553235,-7.785909,0.05057610369110099,172.12630363153343,331.47586048956003
27662432,-2.851128,-5.34477,0.24684310369110118,177.43438315462166,331.9242877194032
27672276,-2.447055,-10.211801,1.416844103691101,140.89534935728116,378.560633423959
27643994,-3.048212,-1.221903,1.631013103691101,134.69765323825578,272.28958824242386
27643994,-3.048212,-1.221903,1.631013103691101,134.69765323825578,272.28958824242386
27672288,-2.296738,-11.558764,1.0301151036911012,148.39214869837173,383.3767362477348
27672290,-1.88802,-9.936879,0.7172261036911011,157.23721563127788,386.6775666003657
27638745,-7.359979,2.298422,-0.03303789630889886,203.31901960232025,43.522800313438864
27672299,-1.758406,-11.837248,1.8386961036911011,131.9872498362948,402.9401852358825
27672304,-1.722786,-11.686069,3.6353861036911015,89.50262099806571,419.58038683640336
27662436,-2.844685,-4.879607,1.1804191036911011,150.72547440111651,334.8812594026139
27672306,-0.854779,-1.979803,0.21764710369110118,221.393454317912,389.48892753625904
27670248,-2.333091,-5.187718,0.18614610369110118,182.17330861775048,346.2184636466206
27672314,-0.991386,-8.476558,1.090513103691101,151.85253848346628,414.0212500631601
27643999,-2.740294,-0.648995,2.035247103691101,106.68740287717564,273.4693404389656
27672319,-0.947044,-12.413961,1.822934103691101,132.58418211546098,424.48975515376
27672327,-0.598587,-3.958398,0.045181103691101177,207.49361969002567,409.72284860486
27658359,-2.809962,-0.395561,1.9643321036911012,110.70696151793464,260.3278950234886
27637075,-3.575894,0.282371,1.7447571036911012,125.83123880652968,195.16386079030488
27637075,-3.575894,0.282371,1.7447571036911012,125.83123880652968,195.16386079030488
27662455,-1.918605,-1.615757,2.005448103691101,110.90175023346008,347.3279362217762
27681031,-5.861073,-4.398297,-0.1290368963088988,178.55271278762885,249.11661335858489
27681031,-5.861073,-4.398297,-0.1290368963088988,178.55271278762885,249.11661335858489
27662463,-2.869486,-4.50189,4.5514341036911015,1.2041105209965792,365.8500508131404
27653253,-4.668085,2.691984,-0.02795789630889889,250.66049201284247,32.34143685028957
27681036,-3.788808,-2.910627,0.724607103691101,167.99739240931467,276.4944912456046
27681036,-3.788808,-2.910627,0.724607103691101,167.99739240931467,276.4944912456046
27681041,-2.807782,-1.804284,1.532219103691101,140.1671921837568,296.10598522928086
27678747,-5.580905,-3.226398,2.244685103691101,113.95951819200536,239.6659355507889
27678747,-5.580905,-3.226398,2.244685103691101,113.95951819200536,239.6659355507889
27653273,-4.842849,2.603026,-0.013718896308898998,243.523356015651,38.39922198911685
27658395,-4.763499,-3.734176,0.16509210369110106,177.82434018321447,262.499696508496
27658395,-4.763499,-3.734176,0.16509210369110106,177.82434018321447,262.499696508496
27653276,-3.305658,2.297755,-0.04425189630889892,282.8479085903342,86.48374740433209
27650665,-6.583386,-0.97196,3.047955103691101,75.76457880922274,160.1960938460806
27650665,-6.583386,-0.97196,3.047955103691101,75.76457880922274,160.1960938460806
27681072,-2.209258,-2.297111,1.721722103691101,130.72890897357522,336.2788970169026
27653280,-4.954497,2.549465,-0.013145896308898841,239.8522435688987,41.89164958745184
27670308,-2.327793,-6.066082,4.927807103691101,0.1292539966191555,406.5504711150205
27639512,-6.36417,-0.670637,2.982910103691101,74.90128933698347,154.2054809170691
27639512,-6.36417,-0.670637,2.982910103691101,74.90128933698347,154.2054809170691
27653306,-5.199372,2.445238,0.09168710369110111,227.659873320452,45.61569307373495
27678790,-3.909638,0.629847,1.6920061036911012,129.02784329266723,165.29154523551992
27678790,-3.909638,0.629847,1.6920061036911012,129.02784329266723,165.29154523551992
27580900,-7.38265,0.437586,3.406593103691101,51.317599336933455,88.63678385656712
27650717,-3.186779,0.607161,1.951476103691101,106.92383135633727,193.3631706609657
27650717,-3.186779,0.607161,1.951476103691101,106.92383135633727,193.3631706609657
27653344,-5.531056,2.276123,0.0015721036911011677,223.67664109221408,56.383812186809
27646714,-8.61039,0.33112,-0.26505289630889894,188.99816251376456,111.53681247320166
27646715,-4.825089,1.012672,-0.003398896308898891,216.3501593063616,136.28023752240605
27676751,-3.656529,1.831322,2.006336103691101,92.3045486900506,71.69132305141918
27658505,-5.063828,-5.407919,3.401987103691101,81.70582798718374,289.85770452862016
27658505,-5.063828,-5.407919,3.401987103691101,81.70582798718374,289.85770452862016
27662524,-2.142078,-5.284078,0.2909731036911011,179.59246720131478,354.2243927630028
27658519,-5.249674,-5.781218,4.431577103691101,49.923017799464446,294.4250356740281
27658520,-2.503403,-1.059497,1.9591241036911011,113.41776904119251,298.23600932505497
27676779,-3.730546,1.467964,2.033910103691101,94.97534406526168,106.7648960440703
27676781,-7.534906,-0.266686,3.8572291036911013,38.55000111005293,113.14720544129422
27643238,-7.259387,-0.965241,-0.1028708963088989,185.3426179896921,161.68189774144506
27660845,-4.793035,1.30045,0.07644810369110111,217.0615207392244,122.17229428082084
27658580,-3.362756,-3.704136,1.0766421036911011,155.0839129825447,303.7026809757103
27674836,-3.226929,0.61284,1.923208103691101,109.56847399527724,191.28389719276967
27674836,-3.226929,0.61284,1.923208103691101,109.56847399527724,191.28389719276967
27646800,-2.79602,1.167078,-0.03224489630889882,260.5093701634129,186.73579809015143
27626712,-2.44552,0.46107,-0.006333896308899023,249.5061048249628,236.87580237622024
27626712,-2.44552,0.46107,-0.006333896308899023,249.5061048249628,236.87580237622024
27678903,-5.462568,-3.35687,2.741033103691101,96.55662153117282,245.7793468577795
27678903,-5.462568,-3.35687,2.741033103691101,96.55662153117282,245.7793468577795
27650906,-3.8291,-0.933709,0.08693010369110099,202.7918631534095,230.9185189464294
27650906,-3.8291,-0.933709,0.08693010369110099,202.7918631534095,230.9185189464294
27678909,-2.788213,-1.213825,1.7872411036911011,125.6009537419434,285.4029773304142
27658611,-3.533953,-4.513458,1.2437581036911012,147.88624161160143,309.73053552003194
27658618,-3.405548,-4.5091,0.921508103691101,158.31913929114103,311.5144025993279
27678922,-3.493542,-3.542212,0.243447103691101,182.3059354924373,292.672468418774
27678936,-3.365455,-4.765922,1.249217103691101,147.70744937709128,317.7061874187774
27658635,-3.787412,-6.365677,-0.08998389630889903,178.62798599225573,314.4524562231736
27658642,-2.671333,-3.583543,0.001295103691101085,194.6376596705906,317.5883086279025
27665653,-3.876128,-1.090177,0.05045810369110115,202.3203588996097,233.59590536488145
27665653,-3.876128,-1.090177,0.05045810369110115,202.3203588996097,233.59590536488145
27670483,-0.457261,0.744912,-0.014194896308898919,358.01096129708526,398.9813839218686
27660890,-4.253976,1.230811,1.6021701036911011,134.6352108242799,119.19910896190002
27660895,-5.5299,0.856402,0.10272610369110113,202.36326637589,129.28789502017332
27662597,-0.485022,0.736192,-0.026960896308898974,355.66297070002616,394.16229434827454
27658674,-2.17977,-1.524657,1.962096103691101,114.31871845362473,328.14290038586535
27658693,-3.750274,-5.525697,4.004798103691101,52.41982011986335,333.6448303098608
27674896,-5.434419,-3.050035,0.3129121036911011,173.59954668871194,237.099276503896
27674896,-5.434419,-3.050035,0.3129121036911011,173.59954668871194,237.099276503896
27658694,-2.410378,-2.405433,1.8136811036911011,126.04335597042652,328.72393313466364
27651034,-6.282856,-2.934688,4.337079103691101,34.90704408249232,218.98411897332997
27651034,-6.282856,-2.934688,4.337079103691101,34.90704408249232,218.98411897332997
27674900,-5.505218,-3.143316,2.144956103691101,117.0819501521069,239.6807522373888
27674900,-5.505218,-3.143316,2.144956103691101,117.0819501521069,239.6807522373888
27681338,-6.383138,2.611185,0.5143501036911011,192.6025143928052,18.654592417831225
27651047,-6.368135,-3.2763,3.336379103691101,78.3541338782644,224.2730024200546
27651047,-6.368135,-3.2763,3.336379103691101,78.3541338782644,224.2730024200546
27681345,-4.974485,2.078372,1.7295911036911011,123.9050355993755,37.19415351483804
27681347,-4.880478,2.187727,1.027649103691101,174.74561986703287,46.80865707643122
27678995,-0.76186,-1.992182,0.8705291036911011,187.21924677332785,411.73308119633646
27646858,-2.727256,1.051359,-0.02120589630889902,258.5219045637567,195.9879653144567
27658710,-3.659942,-7.578687,0.06634610369110105,172.0135914376534,327.7173665646751
27651066,-3.796593,-1.700846,-0.012520896308898966,200.1698111706997,250.27849670869188
27651066,-3.796593,-1.700846,-0.012520896308898966,200.1698111706997,250.27849670869188
27678997,-0.787874,-12.625546,3.165666103691101,101.7932413406258,441.97972511391697
27662611,-0.452649,0.735444,-0.022485896308898967,358.15894631430865,399.3997562549615
27674916,-4.616862,-4.653058,2.031164103691101,122.44674213106516,285.5437792828236
27674916,-4.616862,-4.653058,2.031164103691101,122.44674213106516,285.5437792828236
27676888,-3.368252,-0.355041,1.723906103691101,128.31881378601662,231.16383464324204
27676888,-3.368252,-0.355041,1.723906103691101,128.31881378601662,231.16383464324204
27681353,-5.404135,2.035686,0.4039361036911011,202.8682569338526,65.8901248181437
27662614,-1.047563,-2.814165,-0.032401896308899,218.12153810943747,378.91300762011065
27679002,-0.608581,-2.281348,0.9017171036911011,184.14102999907644,425.3099146650984
27674922,-2.858209,-1.738311,1.517536103691101,140.88539690221603,292.325683182426
27658726,-3.300231,-4.778254,4.672138103691101,6.67032352960544,349.9383263255925
27658732,-3.883128,-6.792289,4.098629103691101,60.17232366449912,341.38423059370723
27658734,-3.552532,-7.802078,0.07526710369110101,171.5580103329687,331.7337315972669
27658737,-2.861323,-4.829792,1.268785103691101,147.85653736331076,334.5633293315664
27681366,-5.759342,1.618659,0.992524103691101,166.57795379045828,77.84867785661288
27681367,-5.942103,1.657563,0.43869410369110107,191.68504326176148,81.61530805544814
27668225,-5.14603,2.249424,0.4040901036911011,209.14244081007368,53.76075734224728
27665766,-3.833756,-1.650072,-0.020605896308898863,200.54535035809909,248.0592431889079
27665766,-3.833756,-1.650072,-0.020605896308898863,200.54535035809909,248.0592431889079
27668246,-5.789082,2.174732,0.09137710369110108,214.420013308455,58.915226468424805
27681379,-4.252601,1.548417,1.667905103691101,129.34844715395798,94.5469910277454
27665773,-2.85383,-0.293977,1.962888103691101,110.4087930738391,254.1124669454657
27665773,-2.85383,-0.293977,1.962888103691101,110.4087930738391,254.1124669454657
27646883,-4.463957,0.480357,0.07509310369110112,211.0678880203334,166.69151367619142
27681383,-7.495432,0.304551,2.8017821036911013,83.33477401679295,99.87597741873648
27660960,-6.766313,-0.092688,2.740025103691101,84.70402674140036,126.79852359965912
27651138,-5.208338,-2.701921,3.184418103691101,73.8902144885216,239.636485146208
27651138,-5.208338,-2.701921,3.184418103691101,73.8902144885216,239.636485146208
27681398,-1.897624,2.240339,-0.0060878963088988325,365.6878564284127,142.45238096912306
27681398,-1.897624,2.240339,-0.0060878963088988325,365.6878564284127,142.45238096912306
27674957,-3.901948,-5.24753,3.2873591036911014,79.36524868333731,320.26197964441985
27658801,-0.506971,0.735086,-0.024290896308899024,353.4530112751462,390.9762589514682
27651165,-2.818767,-0.369914,1.965315103691101,110.52125913605911,258.9055786939496
27651177,-5.403601,-4.431451,-0.03280189630889896,177.8545573151011,258.43917684316614
27651177,-5.403601,-4.431451,-0.03280189630889896,177.8545573151011,258.43917684316614
27665794,-3.155897,-0.819813,1.765542103691101,126.43584821494352,256.596818410915
27665794,-3.155897,-0.819813,1.765542103691101,126.43584821494352,256.596818410915
27651180,-2.780575,-0.403989,1.963584103691101,110.68742645980588,262.2416391179097
27658815,-1.952118,-2.569417,2.0742001036911013,111.26433402988414,359.3128516665336
27658817,-0.472252,0.742458,-0.015242896308898857,356.51159518011485,396.61324780816255
27651185,-3.999311,-2.768577,-0.005938896308898878,191.2120174374512,265.306839070444
27651185,-3.999311,-2.768577,-0.005938896308898878,191.2120174374512,265.306839070444
27643306,-5.788754,-0.763317,0.014734103691101064,191.2276541959601,179.8977721787895
27651195,-2.760984,-0.461424,1.965565103691101,110.78826091872544,265.4041564435037
27643312,-6.730001,-0.495117,3.041831103691101,73.24701735241595,140.77379447652066
27658830,-0.440311,0.738668,-0.01011889630889895,358.6750483487918,401.9360020672922
27643317,-6.381525,-0.338918,3.398369103691101,50.40252909044023,138.31661388763732
27658855,-1.905996,-4.728061,0.7347491036911011,168.81155038440008,363.22269904994937
27665832,-2.257697,-0.065868,-0.03740489630889887,243.31437715778625,265.3657866683119
27665832,-2.257697,-0.065868,-0.03740489630889887,243.31437715778625,265.3657866683119
27661000,-7.741759,2.25163,0.08134910369110115,195.4454131049389,42.30804968985248
27651246,-1.980144,-0.693225,-0.03844589630889894,236.35956536477212,297.34526977394944
27668369,-1.066232,1.986477,-0.0008828963088989283,439.6845231013249,247.73077504934952
27668369,-1.066232,1.986477,-0.0008828963088989283,439.6845231013249,247.73077504934952
27674995,-1.899387,-2.277475,1.2974591036911012,153.8298615434643,346.9915224789363
27651249,-2.650266,-0.618723,1.960633103691101,111.5863651456228,276.9369967288568
27665840,-4.754375,-3.671357,0.18812210369110116,177.47712548391743,261.82164836376694
27665840,-4.754375,-3.671357,0.18812210369110116,177.47712548391743,261.82164836376694
27677011,-3.248312,-0.585266,1.7560771036911011,126.63744953572164,244.7301239264889
27677011,-3.248312,-0.585266,1.7560771036911011,126.63744953572164,244.7301239264889
27665865,-3.602372,-2.282053,-0.00805189630889891,197.1649669580505,267.79477341048465
27665865,-3.602372,-2.282053,-0.00805189630889891,197.1649669580505,267.79477341048465
27681485,-3.121467,0.196734,1.9921691036911011,106.19227007171156,218.85358112947543
27681485,-3.121467,0.196734,1.9921691036911011,106.19227007171156,218.85358112947543
27677022,-4.767315,-4.95595,2.157356103691101,119.10957957235648,286.2428672894278
27677022,-4.767315,-4.95595,2.157356103691101,119.10957957235648,286.2428672894278
27677029,-2.751722,-1.633898,1.822556103691101,124.37537006200154,297.5712280242941
27665883,-4.677787,-4.105234,0.15118610369110108,177.16567958901962,269.76745162531114
27665883,-4.677787,-4.105234,0.15118610369110108,177.16567958901962,269.76745162531114
27661056,-5.818927,2.097428,-0.07867589630889893,220.44337708022505,66.08156872530347
27658960,-2.116359,-8.764824,5.565558103691101,8.436816251501057,427.8797706658188
27651366,-5.36952,-5.945545,3.626341103691101,78.555781534103,289.8655381469807
27658966,-2.227865,-12.135004,4.358525103691101,74.46265560661135,412.3293236954635
27651374,-5.366279,-5.946754,3.885452103691101,70.29819595121776,291.04517234415823
27651384,-4.090323,-5.29645,0.19395210369110116,174.21464922468425,298.2852716669893
27677059,-2.526294,-2.330245,1.8231321036911012,125.5020586949564,321.92419919531176
27672807,-4.6332,2.685896,0.759401103691101,202.35464903592796,8.952986622942234
27651416,-3.67096,-4.077683,1.2944471036911012,146.48735784866315,300.4779565615866
27668495,-4.516874,1.27231,0.8850691036911011,179.10368835344906,120.07897063987518
27668496,-3.546239,1.449782,1.949906103691101,102.02304010913312,115.6869238541897
27672819,-4.752418,2.619532,0.516131103691101,215.1953203332159,23.06911226507532
27651423,-3.352828,-3.674267,1.082308103691101,154.97555923791478,303.64874223954195
27651425,-3.261133,-4.059256,0.2939231036911011,179.53730827696796,306.6290217702745
27668506,-5.676476,0.898815,0.06285710369110098,202.89171018405816,125.41555754863424
27630636,-2.585053,0.532586,0.003570103691101112,247.30245187228985,227.28650396306645
27630636,-2.585053,0.532586,0.003570103691101112,247.30245187228985,227.28650396306645
27661106,-5.571689,1.883995,-0.028244896308898815,218.80388497183688,80.13968915879926
27677080,-1.893135,-2.241801,1.427697103691101,147.0467446793744,348.75334362452406
27672838,-4.645348,2.167292,1.850955103691101,112.41956812647769,26.927909970053605
27672842,-4.669592,2.161617,1.493431103691101,142.46920460691928,38.46002289808797
27653764,-6.11101,1.745954,-0.022142896308898985,210.20897913326044,81.32710388961064
27672846,-6.977667,1.842064,2.594290103691101,77.84889319691638,24.620948697090284
27672852,-4.846766,2.109974,0.9226731036911011,181.1332044944001,56.04797282505979
27647006,-4.325798,0.070181,0.06544310369110118,208.48458755382296,185.75945356596895
27647006,-4.325798,0.070181,0.06544310369110118,208.48458755382296,185.75945356596895
27665970,-5.244602,-5.745097,4.015097103691101,64.06866031930363,292.1924497551412
27626769,-2.499812,0.326451,0.007421103691101161,244.29131573346885,239.7200743243963
27626769,-2.499812,0.326451,0.007421103691101161,244.29131573346885,239.7200743243963
27681587,-5.182836,-5.4906,2.211192103691101,118.7785760119629,283.2460575833814
27681587,-5.182836,-5.4906,2.211192103691101,118.7785760119629,283.2460575833814
27630649,-5.114188,-0.043407,0.11049910369110116,198.00670734904705,171.13980610404457
27630649,-5.114188,-0.043407,0.11049910369110116,198.00670734904705,171.13980610404457
27665986,-3.431826,-2.97722,1.235023103691101,150.54766839228927,291.50936142505753
27665992,-5.996562,-7.227106,5.196868103691101,41.366973301507386,296.12071921545026
27665992,-5.996562,-7.227106,5.196868103691101,41.366973301507386,296.12071921545026
27681596,-6.809129,-1.263561,-0.04670789630889893,184.6570320150379,175.44439312338935
27681596,-6.809129,-1.263561,-0.04670789630889893,184.6570320150379,175.44439312338935
27665999,-2.50057,-1.065944,1.9572151036911012,113.57032663202554,298.5469933463388
27661168,-3.185836,2.027195,-0.04334089630889881,276.84732146276366,113.57090246105314
27668587,-4.697254,0.802102,0.036747103691101124,213.6589801229684,148.0769150702607
27666012,-3.094826,-2.627162,0.7499901036911011,171.3438710762184,294.35718349798685
27643384,-3.701149,0.414434,1.748453103691101,125.38807826428908,183.74872099663557
27677141,-0.415693,0.718869,-0.017840896308898957,359.6439466211696,405.6637422032108
27623088,-6.513171,-0.250561,3.426690103691101,49.21777601358792,132.00526456898606
27653847,-7.014581,1.252537,0.16189610369110108,190.9034467975196,92.16557188060094
27651556,-3.702189,-5.32446,3.848682103691101,56.61324974364905,331.9705514091788
27668610,-2.863067,1.347162,-0.027415896308898846,263.65116296963674,173.3576536514189
27668610,-2.863067,1.347162,-0.027415896308898846,263.65116296963674,173.3576536514189
27651567,-3.679141,-5.390724,4.061027103691101,48.201305766075706,335.2361982898568
27651573,-3.208176,-4.496394,3.177490103691101,74.747273753721,335.2908947767555
27651582,-2.794555,-4.590348,1.2895351036911011,147.56028778703256,334.66214830960547
27647063,-6.268479,-0.455516,3.3767451036911007,51.780677297565546,145.40133815497438
27647063,-6.268479,-0.455516,3.3767451036911007,51.780677297565546,145.40133815497438
27630675,-2.556639,0.451687,0.003959103691101085,246.0427133978916,232.00715913175213
27630675,-2.556639,0.451687,0.003959103691101085,246.0427133978916,232.00715913175213
27630676,-2.443654,0.473611,-0.0026818963088988124,249.66645457743564,236.45740394465903
27630676,-2.443654,0.473611,-0.0026818963088988124,249.66645457743564,236.45740394465903
27626045,-3.261829,2.161054,0.029027103691101175,274.5471727653997,98.49706470448736
27672971,-3.128295,0.404888,1.957060103691101,107.62646795515822,207.7339386759374
27672971,-3.128295,0.404888,1.957060103691101,107.62646795515822,207.7339386759374
27664168,-1.486601,2.349112,-0.020818896308898882,433.1713935444015,156.0750290297862
27664168,-1.486601,2.349112,-0.020818896308898882,433.1713935444015,156.0750290297862
27679269,-4.807068,2.204053,1.2430751036911012,160.71615668983492,40.42128226854436
27679276,-6.654123,1.653418,1.8220391036911012,121.62223455307648,53.54110763747093
27643413,-3.673814,0.302828,1.613739103691101,134.71819076850875,190.9039208144505
27643413,-3.673814,0.302828,1.613739103691101,134.71819076850875,190.9039208144505
27643418,-3.654759,0.329509,1.7443251036911012,125.82899093298026,189.81154467037027
27643418,-3.654759,0.329509,1.7443251036911012,125.82899093298026,189.81154467037027
27673031,-6.921176,-0.207199,2.1038231036911013,113.9325134046439,133.4184596353823
27673037,-6.882831,-0.300995,2.1013831036911013,114.21826961702789,137.3572441608514
27679292,-5.679751,1.699223,0.6940681036911011,182.4749765142464,78.65654121758547
27666107,-3.610004,-5.040392,1.045861103691101,153.08936510855557,312.2887066612265
27661294,-4.804851,1.077799,0.008028103691101185,216.96252717992863,133.55239434707255
27673056,-6.791674,-0.336838,2.693148103691101,88.62297041485337,136.18175797499015
27666112,-4.175202,-6.933973,-0.0059558963088988115,173.76807357888768,311.03998049388184
27639718,-6.062754,-1.554257,2.994930103691101,79.14474103845794,189.15448668736215
27639718,-6.062754,-1.554257,2.994930103691101,79.14474103845794,189.15448668736215
27679310,-6.751195,1.202444,0.232030103691101,189.9391541697057,96.41534306465428
27653968,-4.701705,0.872274,0.04995010369110098,213.8979025140282,144.78052024061407
27681727,-1.872377,-3.98118,0.6695051036911011,174.38567677687604,358.1118201844332
27673135,-5.410607,-3.024415,0.3883771036911011,171.682320260405,237.233074457677
27666145,-2.201887,-1.584854,1.969490103691101,114.1654507207902,328.0538022405958
27666146,-1.771696,-1.174429,-0.03392589630889886,231.317298838821,318.8721127901732
27639737,-3.851631,-1.061959,0.0701971036911011,202.05862386086656,233.6167420550639
27639737,-3.851631,-1.061959,0.0701971036911011,202.05862386086656,233.6167420550639
27673151,-4.703387,-4.868841,2.765527103691101,99.24621926949622,289.39270432632225
27673151,-4.703387,-4.868841,2.765527103691101,99.24621926949622,289.39270432632225
27642615,-5.298151,2.397041,-0.0036128963088988275,229.76526333918625,50.30905391482611
27673154,-2.901617,-1.722138,1.518861103691101,140.75991459694035,290.06208984321535
27666156,-2.480066,-2.51103,1.928666103691101,120.3220739759606,328.2409667645022
27679341,-1.57016,2.363526,-0.00643489630889893,421.32741116441457,147.01460202022974
27679341,-1.57016,2.363526,-0.00643489630889893,421.32741116441457,147.01460202022974
27673178,-3.100501,-3.1199,0.3545201036911011,183.06541483259824,299.41341616162805
27656713,-1.086541,1.964809,-0.002371896308899002,432.6653915179325,247.22132609014855
27656713,-1.086541,1.964809,-0.002371896308899002,432.6653915179325,247.22132609014855
27666170,-2.16484,-1.73015,1.9750581036911012,114.32497552117351,333.0488526935413
27673191,-3.925622,-5.168713,2.654976103691101,101.87709164007886,314.41783443874124
27673192,-2.856186,-3.031342,0.38142910369110106,184.10841892267376,306.61799454892935
27673194,-3.886606,-5.124211,2.7835771036911012,97.07542030706033,315.93402199549746
27673201,-2.548823,-2.257291,1.8292631036911011,125.06431825187916,319.6697269839467
27668767,-3.27795,0.901009,1.9505181036911012,105.178365199521,170.1459094695888
27656743,-1.107599,1.915608,-0.0030378963088988353,421.4505892417851,249.3323196233785
27656743,-1.107599,1.915608,-0.0030378963088988353,421.4505892417851,249.3323196233785
27673222,-4.254789,-7.688674,3.663760103691101,81.26343691293695,334.79563585494145
27681762,-0.814997,-12.421981,2.998119103691101,105.4500093673956,439.6545613306313
27666181,-3.181426,-5.279546,1.2954461036911011,146.02387189074668,328.8534029828711
27677395,-7.622275,1.522438,2.1603881036911012,107.231200462695,48.83696833721001
27673251,-1.896889,-2.28342,1.6691451036911011,133.7055387933067,352.71854768772926
27666193,-2.352268,-2.637425,1.9543241036911012,119.10632864230833,336.7518175634277
27666199,-3.596653,-7.66493,0.06194410369110104,172.0684247287182,329.726411014419
27666201,-2.487241,-4.051733,-0.017173896308898984,193.46410921506276,329.00715853063866
27630733,-2.513172,0.319871,-0.0017348963088990033,244.31760940154575,239.3193483007786
27630733,-2.513172,0.319871,-0.0017348963088990033,244.31760940154575,239.3193483007786
27675330,-4.335372,2.920888,0.12658010369110118,257.54914695630293,6.2383586063753285
27666206,-2.702246,-4.767616,0.16323510369110106,182.9398342371776,330.5582447827717
27666207,-2.784448,-5.129887,-0.005588896308899027,185.6075361530593,330.20519670063976
27668801,-6.546028,-1.320978,3.084459103691101,76.51668084107115,171.9296429034996
27668801,-6.546028,-1.320978,3.084459103691101,76.51668084107115,171.9296429034996
27664254,-4.803483,2.613024,0.08828810369110118,239.13838050527315,35.2441168718245
27677437,-7.045876,-0.077985,3.8335431036911007,31.05544947198925,112.217576165741
27673330,-0.890973,-12.354375,2.2441241036911013,123.17714589233756,429.9775815940968
27666214,-2.847185,-5.323822,0.2470061036911011,177.527349341961,331.8570552223141
27675349,-5.192772,2.357514,0.30152710369110103,215.4819510859104,47.58657812009713
27673332,-0.83052,-12.501892,2.807980103691101,110.21574483126022,437.1741157590119
27656800,-4.411207,2.801967,-0.02447089630889887,260.6593325296142,23.398016948933304
27664263,-4.89808,2.590235,-0.02441889630889893,242.5534589783992,39.31860716938158
27630746,-2.496157,0.270569,-0.005908896308898903,243.81299048882283,242.0096338696773
27630746,-2.496157,0.270569,-0.005908896308898903,243.81299048882283,242.0096338696773
27615570,-6.493542,-0.807152,3.4925381036911007,52.23670199544665,153.8555763261499
27615570,-6.493542,-0.807152,3.4925381036911007,52.23670199544665,153.8555763261499
27615572,-3.831228,-1.319485,0.018119103691101035,201.9224358041536,240.5798849090333
27615572,-3.831228,-1.319485,0.018119103691101035,201.9224358041536,240.5798849090333
27642654,-5.606113,2.227936,-0.008288896308898952,222.25482214736724,58.97844585991413
27642655,-3.192359,1.978713,0.03324510369110101,270.10543274837926,116.04419926191744
27656832,-4.800141,2.615745,0.092822103691101,239.02499260275212,34.91691920245103
27668835,-3.191897,0.719895,1.9510041036911012,106.10110845608102,186.13085116525988
27675392,-7.221897,0.154732,2.767894103691101,84.34105385410834,109.89437552536651
27642658,-4.878907,2.390387,1.858761103691101,111.35610536871997,1.5464207229929343
27679475,-0.977732,1.810222,-0.015981896308898902,425.6893690692161,276.016625112452
27679475,-0.977732,1.810222,-0.015981896308898902,425.6893690692161,276.016625112452
27656849,-4.963314,2.543936,0.0001241036911010518,238.8611312039544,41.94948061324885
27675414,-6.301613,0.116008,0.33177810369110106,182.6653753304861,142.90506898339925
27656870,-5.200921,2.442007,0.08662210369110102,227.83070666284985,45.95237575396874
27656871,-5.220536,2.43966,-0.014497896308898861,232.46194749306255,48.13549127519545
27661491,-3.893613,0.622856,1.596631103691101,135.56257802503643,166.8822373488636
27661491,-3.893613,0.622856,1.596631103691101,135.56257802503643,166.8822373488636
27656887,-3.26076,2.192585,-0.042690896308898996,280.31334622449344,97.22178591224171
27664299,-5.271843,2.407102,0.0014141036911010652,230.16535010309497,49.71274637641332
27626831,-2.438668,0.168399,0.002087103691100989,242.422022966282,248.58959013159225
27626831,-2.438668,0.168399,0.002087103691100989,242.422022966282,248.58959013159225
27666309,-2.161496,-5.380105,0.27276010369110104,179.62030964199317,354.0955478043569
27677582,-3.247962,0.577935,1.9663631036911011,106.21275772443622,192.2191260892812
27630816,-6.695534,-0.448287,3.0288371036911013,73.22472522316073,139.68947762956213
27681930,-4.460421,2.657151,1.060438103691101,181.9521442684274,1.100068245297393
27668920,-4.438551,1.314703,0.9010271036911011,179.25625233077784,119.02274048952872
27666327,-1.82606,-4.0772,0.49510910369110106,180.45911911641565,358.8579484081974
27671227,-5.472688,-2.99544,2.9944671036911013,85.19134056769897,238.79089605484305
27671227,-5.472688,-2.99544,2.9944671036911013,85.19134056769897,238.79089605484305
27681937,-6.049232,2.485469,0.2960701036911011,205.48718478153577,33.1988413533015
27671232,-2.750133,-0.25515,2.018516103691101,105.29628712875132,258.6715683473789
27671232,-2.750133,-0.25515,2.018516103691101,105.29628712875132,258.6715683473789
27681943,-6.370724,2.060778,0.18482610369110097,202.1983166267281,59.17977521932983
27681950,-4.431695,1.804813,1.787950103691101,119.06252257545812,66.69518421021479
27681952,-5.144828,1.906553,0.4949981036911011,199.91641706677865,75.70171072869783
27654184,-6.507537,-0.556967,3.4619991036911006,51.03482503263177,144.31646332457484
27654184,-6.507537,-0.556967,3.4619991036911006,51.03482503263177,144.31646332457484
27639039,-2.922307,1.31218,0.011758103691100974,258.5442148419426,172.90686057069996
27639039,-2.922307,1.31218,0.011758103691100974,258.5442148419426,172.90686057069996
27668959,-5.652164,0.896676,0.07106010369110116,202.78915175431095,125.82998112687402
27681968,-4.910972,1.208697,0.43190510369110113,198.02115067999927,120.88168741850632
27679642,-3.952777,-3.487803,0.852746103691101,161.37002603162006,281.6270228849743
27681969,-6.062881,0.33725,2.5165741036911013,88.67830884749256,121.73568397978651
27675551,-6.811409,-0.412768,2.699521103691101,88.9041425412141,138.6225774958035
27654207,-4.287689,-0.014368,0.0668341036911011,207.9477479905489,189.73302369351347
27654207,-4.287689,-0.014368,0.0668341036911011,207.9477479905489,189.73302369351347
27681984,-1.478693,2.336192,-0.02777289630889901,432.7931644227874,158.8270503356698
27681984,-1.478693,2.336192,-0.02777289630889901,432.7931644227874,158.8270503356698
27671269,-3.244239,-2.986418,0.502124103691101,177.8930473870851,293.56384482023515
27664350,-5.71666,2.18898,0.11060210369110113,214.714241622192,58.33123184305629
27639868,-3.673692,-1.534712,0.05783610369110104,200.05877266833625,250.44212663159516
27639868,-3.673692,-1.534712,0.05783610369110104,200.05877266833625,250.44212663159516
27654221,-4.280534,-0.092296,0.06260610369110098,207.3798508484383,192.61998633377365
27654221,-4.280534,-0.092296,0.06260610369110098,207.3798508484383,192.61998633377365
27681996,-3.222367,0.782179,2.0114011036911013,100.1903354983236,180.29169137188487
27679701,-2.004968,-2.21584,2.0631591036911012,110.4787884727352,351.5987347169279
27626231,-3.008273,1.562981,0.028344103691101186,262.59516385752454,153.3914331993787
27671280,-4.441397,-5.730889,2.879586103691101,97.8750373406195,307.3599192931001
27671283,-3.977592,-4.70554,3.128892103691101,82.55286448659047,310.393743853234
27671284,-3.248306,-3.500727,0.31877510369110107,181.44311829113843,299.89958495038087
27679710,-1.9161,-2.36881,1.820039103691101,125.2336762893445,355.01535027428105
27679718,-1.727531,-3.800956,0.6681591036911011,176.10467175925868,362.869987205724
27671304,-2.534832,-2.33874,1.732388103691101,130.21629217991403,320.677563239659
27643570,-5.89498,-1.383464,3.0514591036911014,74.18266740528739,187.6236343547871
27643570,-5.89498,-1.383464,3.0514591036911014,74.18266740528739,187.6236343547871
27682018,-2.760437,0.910149,0.004813103691100995,252.2839090124688,201.8721904074316
27682018,-2.760437,0.910149,0.004813103691100995,252.2839090124688,201.8721904074316
27677676,-3.493797,-4.513226,2.758741103691101,93.85006736906176,321.4703407265312
27643578,-6.060468,-1.57239,2.994238103691101,79.29037574849036,189.73520043603116
27643578,-6.060468,-1.57239,2.994238103691101,79.29037574849036,189.73520043603116
27682042,-3.094893,0.181246,1.986979103691101,106.57989302961926,220.9262846778853
27671324,-3.893715,-8.271377,1.499738103691101,138.54282548705078,334.89058862685454
27654271,-6.54591,-1.216005,3.061101103691101,76.76872551060043,168.75511498029542
27671325,-0.875899,1.582358,-0.007981896308898895,406.0410473931172,307.1795363658565
27666432,-0.493624,0.729058,-0.028123896308899,354.3555544215168,392.8927180096548
27626877,-6.657335,-0.529416,3.0236911036911014,73.87172953860534,143.4238777393722
27643604,-3.865927,-1.014711,0.06269310369110115,202.62911631165693,231.9488353598381
27643604,-3.865927,-1.014711,0.06269310369110115,202.62911631165693,231.9488353598381
27671344,-1.941725,-2.450763,1.3226961036911011,151.9229382568729,347.29310147379454
27630862,-2.251399,0.05981,0.008371103691101167,243.86895757156677,261.7812672865485
27630862,-2.251399,0.05981,0.008371103691101167,243.86895757156677,261.7812672865485
27675676,-3.246868,-4.064507,3.002255103691101,79.60595974426653,327.1208013409703
27657110,-5.128015,1.493183,0.03982610369110118,216.6759686239993,106.69154192347511
27626889,-6.311465,-0.330453,3.380895103691101,50.47213096030856,139.4042600198637
27682090,-5.573035,-3.208435,0.09159510369110113,178.42522521055037,236.76096629369772
27682090,-5.573035,-3.208435,0.09159510369110113,178.42522521055037,236.76096629369772
27661659,-5.972928,-1.303707,3.409916103691101,56.78636479466184,182.31760105850375
27661659,-5.972928,-1.303707,3.409916103691101,56.78636479466184,182.31760105850375
27675699,-1.935212,-2.275704,0.21706410369110118,203.63579328875895,331.5616417883021
27675700,-2.042683,-2.382521,1.551393103691101,139.9787398379109,344.12802250959544
27675702,-1.930848,-2.307054,0.33602910369110106,198.40935941867352,333.5451310371185
27666464,-0.438063,0.726782,-0.020218896308898948,358.51350592515195,401.90093374687
27682114,-4.635037,-4.512623,1.3544671036911011,142.98139941617416,280.4762200803307
27661678,-6.045794,-1.52161,2.985918103691101,79.20772686763033,188.58782337704693
27661678,-6.045794,-1.52161,2.985918103691101,79.20772686763033,188.58782337704693
27682120,-4.807461,-4.947693,1.4858231036911012,138.87664523599165,282.5151158796372
27643624,-5.923982,-1.730864,2.982059103691101,80.1225493169386,197.3274730453195
27643624,-5.923982,-1.730864,2.982059103691101,80.1225493169386,197.3274730453195
27671376,-2.322509,-8.250399,1.634714103691101,135.977471038722,376.5568694464539
27626902,-6.433003,-0.459752,3.428560103691101,50.83128920931577,142.0807616850326
27675732,-2.258691,-12.735212,0.830832103691101,151.26592371830822,385.809865908578
27679965,-4.453364,2.762824,0.6468791036911011,215.27779475776364,4.713358157360318
27654372,-6.755768,-1.994548,3.3043441036911014,73.45052141187998,186.4796482336838
27654372,-6.755768,-1.994548,3.3043441036911014,73.45052141187998,186.4796482336838
27633457,-2.415483,0.126876,0.0027691036911010602,241.9920855631274,251.21092920552863
27633457,-2.415483,0.126876,0.0027691036911010602,241.9920855631274,251.21092920552863
27679973,-6.640196,2.223825,2.106081103691101,102.77829036093352,8.959831170243206
27679983,-6.721437,2.164304,1.2498041036911012,151.2450710033915,31.99416139966721
27679984,-4.646087,2.219395,1.641931103691101,130.38817604086228,28.292446876678863
27679988,-4.770915,2.219776,1.419804103691101,147.9488586414961,34.2570951548922
27626914,-6.252327,-0.551672,3.047413103691101,69.84497366791271,151.58313541154322
27639106,-2.863631,1.154935,0.003669103691101183,256.1816815462155,184.4851048459744
27639106,-2.863631,1.154935,0.003669103691101183,256.1816815462155,184.4851048459744
27679997,-4.943189,2.184919,0.8092491036911011,187.8761251282729,51.68043642531984
27679998,-4.90089,2.050246,1.466544103691101,143.66828425512165,47.33802545888108
27680002,-5.6889,2.07188,0.3992441036911011,200.11357696965155,60.82412333466132
27680007,-5.262791,1.954646,0.5312331036911011,197.1732303946435,70.484314331836
27626920,-6.254475,-0.507804,3.390967103691101,51.50121921741251,147.6815828671346
27626920,-6.254475,-0.507804,3.390967103691101,51.50121921741251,147.6815828671346
27680013,-5.158291,1.897268,0.4278461036911011,203.08318531395548,77.27494367834376
27669206,-3.787048,0.570659,1.752608103691101,124.80121654270494,172.2985078045181
27669206,-3.787048,0.570659,1.752608103691101,124.80121654270494,172.2985078045181
27680014,-4.369614,1.815223,1.663430103691101,129.2570843056832,69.78514151602553
27680016,-6.199243,1.097944,3.3080621036911007,30.9493462900912,66.42010820030524
27682229,-2.0723,-1.280792,2.004159103691101,109.75731097675197,330.8458003414446
27669225,-2.875685,1.211698,0.01436010369110119,256.83740408014364,180.6920945740683
27669225,-2.875685,1.211698,0.01436010369110119,256.83740408014364,180.6920945740683
27657201,-3.482203,2.606009,-0.07465289630889882,290.4537647498686,52.97411917122585
27630915,-2.331356,-0.102793,-0.0028058963088988254,239.22903680584716,263.101455524151
27630915,-2.331356,-0.102793,-0.0028058963088988254,239.22903680584716,263.101455524151
27682243,-1.876531,-2.18626,1.0359561036911011,167.62877692573778,343.367550052606
27639118,-4.655011,0.914503,0.06174410369110106,214.5130061487682,143.78467189476316
27682248,-2.193555,-4.575533,0.4984351036911011,176.00187341571817,348.79727191703853
27680039,-7.328757,0.114475,3.040115103691101,72.54756907980257,107.6250409335613
27669241,-6.207678,-0.798546,3.216239103691101,63.36653892750232,160.688172810052
27669241,-6.207678,-0.798546,3.216239103691101,63.36653892750232,160.688172810052
27682272,-2.448081,-12.572453,1.0885831036911011,146.4570825290356,383.0229475318206
27618999,-4.480251,0.033153,0.0007561036911010177,208.99017043249896,183.37513409036575
27618999,-4.480251,0.033153,0.0007561036911010177,208.99017043249896,183.37513409036575
27682283,-1.163336,-8.207267,-0.03349789630889899,180.8182608831238,396.2271533066117
27626316,-5.141176,1.551109,0.03459510369110119,217.49909751994196,103.47412978656328
27639128,-3.59683,1.48149,1.955631103691101,101.52414921044968,111.05538754763124
27680059,-2.184887,2.093695,-0.004627896308898816,329.06617990898854,143.7727129678762
27680059,-2.184887,2.093695,-0.004627896308898816,329.06617990898854,143.7727129678762
27680068,-6.848238,-0.372736,1.678213103691101,130.97654508194657,142.91297002842362
27639142,-2.820718,1.081869,0.00891810369110102,255.0482794408124,190.27666646106368
27639142,-2.820718,1.081869,0.00891810369110102,255.0482794408124,190.27666646106368
27680073,-3.435977,1.176767,1.951254103691101,103.72730292708307,143.02692140830533
27673717,-4.570957,2.691469,0.639729103691101,211.93023878695925,12.570017356449767
27673719,-4.707922,2.642636,0.20795910369110104,235.20617895484983,30.026273538537765
27664521,-5.954551,1.447516,-0.017112896308898895,208.55777915764324,97.73336121722936
27626333,-5.155016,1.486129,0.029761103691101187,216.6610975922144,106.74690362825456
27669293,-3.66315,0.328683,1.6144481036911011,134.6690590649226,190.03465895287297
27669293,-3.66315,0.328683,1.6144481036911011,134.6690590649226,190.03465895287297
27669295,-3.199662,0.640175,1.9521741036911011,106.6814863211426,190.7531676962257
27673734,-4.672776,2.062659,1.012799103691101,176.6341528396048,59.79542903777218
27680092,-3.326592,0.597426,2.031815103691101,100.89033236911084,187.21249226184568
27661845,-3.912776,-0.937332,0.06748610369110097,202.70618466966525,228.5191223872034
27682708,-2.15585,-0.446325,-0.07755789630889898,239.57426663638628,281.56772573555804
27682716,-3.784827,-6.835888,0.48622010369110114,163.97168364202247,321.4111247368886
27682779,-1.145582,-6.458674,0.7684421036911011,164.91047325521538,401.2855317345542
27682786,-0.990853,-7.453666,1.0024381036911012,155.95411058494489,411.86367596063633
27682962,-5.202407,2.606785,0.8729501036911012,185.4704307762865,12.28628838971906
27682968,-4.776931,2.596391,0.22821310369110104,231.5147039276986,33.161026289474535
27682974,-6.813008,1.664551,2.5464831036911013,81.13548219794546,38.33040923637793
27682991,-4.422663,1.727358,1.662668103691101,129.4930806308966,76.62098257011073
27682992,-7.031994,1.370181,0.520208103691101,178.3614835080176,83.06008053227055
27682997,-3.830064,1.590244,2.040172103691101,93.83885221170976,92.40366942783922
27683001,-4.944147,1.308637,0.8296431036911011,178.73540179451976,110.21984516052336
27683117,-5.562679,-3.133592,0.6573991036911011,163.31205071517465,236.31414811808756
27638425,-3.597439,2.972655,-0.033121896308898835,299.8390542810876,6.790055232688417
27647368,-7.775599,-3.252956,4.932355103691101,28.89095391995076,195.3666961963989
27657369,-5.445706,1.962271,0.03726510369110114,218.73777988665543,76.10723649920669
27646215,-4.246671,2.868648,-0.0213368963088989,267.8493410963728,17.170221132991742
27682455,-6.00127,1.692113,0.07653710369110112,206.84794206651625,83.9980095822616
27606469,-4.735716,2.684553,0.05857110369110119,244.0132558913429,30.255204647191164
27647406,-5.838902,-2.233879,3.1160611036911012,77.35839629462615,212.5215277872184
27647406,-5.838902,-2.233879,3.1160611036911012,77.35839629462615,212.5215277872184
27682459,-4.240791,1.640227,1.6414011036911011,131.3135676081058,87.78045391156226
27673842,-0.952926,1.824741,-0.014928896308898931,431.8791731091562,278.4288406881062
27673842,-0.952926,1.824741,-0.014928896308898931,431.8791731091562,278.4288406881062
27622476,-2.929971,1.457045,-0.03711689630889903,265.5682421449271,163.92928039790988
27647412,-3.003455,0.03727,1.963824103691101,108.9611038818397,232.31958667940705
27682468,-1.603077,2.511438,-0.010593896308898954,440.90515793368274,120.4910825047638
27682468,-1.603077,2.511438,-0.010593896308898954,440.90515793368274,120.4910825047638
27647431,-2.98722,-0.012894,1.965505103691101,109.07533456437366,235.41707002060872
27647431,-2.98722,-0.012894,1.965505103691101,109.07533456437366,235.41707002060872
27603192,-8.023504,0.383287,4.474995103691101,1.9374467608397763,71.13383976492187
27627003,-6.456076,-1.012574,3.496646103691101,53.95330032034275,161.89520020363796
27627003,-6.456076,-1.012574,3.496646103691101,53.95330032034275,161.89520020363796
27649608,-4.295631,2.870462,-0.02646589630889884,266.5855864134016,16.998654941501798
27580039,-4.465272,2.750379,0.004263103691101167,255.90081578341784,27.2381650829266
27627008,-6.390329,-1.155506,3.0292381036911014,76.74484692322093,169.99890872039555
27627008,-6.390329,-1.155506,3.0292381036911014,76.74484692322093,169.99890872039555
27654677,-5.118837,-2.565581,3.311000103691101,66.49386725856658,239.2093464532801
27654677,-5.118837,-2.565581,3.311000103691101,66.49386725856658,239.2093464532801
27680319,-5.597746,-3.144564,0.5681351036911011,165.6794121336897,235.68740121647767
27680319,-5.597746,-3.144564,0.5681351036911011,165.6794121336897,235.68740121647767
27623307,-5.937377,-1.324162,3.391767103691101,57.57327351185512,183.84826501318105
27623307,-5.937377,-1.324162,3.391767103691101,57.57327351185512,183.84826501318105
27664697,-6.999779,0.059228,0.05594610369110109,187.2571776481365,136.12533776114998
27606524,-5.26381,2.385636,-0.003390896308898883,230.16472967816188,51.39109144643399
27602274,-6.659423,-0.466283,3.2921761036911015,60.20330354451568,139.20167200493887
27627019,-6.344807,-1.12939,3.129438103691101,71.6586335211394,169.66839555106387
27627019,-6.344807,-1.12939,3.129438103691101,71.6586335211394,169.66839555106387
27677973,-4.61636,2.701127,0.5341481036911011,218.3005603990893,14.98797647369534
27677974,-4.682556,2.658832,0.502039103691101,218.194487508965,20.00676074562529
27677978,-4.653517,2.188571,1.6798121036911011,127.25022634319616,30.21528509000981
27619218,-6.563848,-0.21196,3.245870103691101,58.95854177580449,130.95580609809485
27677989,-4.461669,1.903986,1.826802103691101,115.35458817081386,55.99689966485349
27677990,-3.79415,1.935529,2.018451103691101,91.05527003418716,56.35779291789868
27676025,-2.121098,2.815253,-0.0059238963088990015,408.6145779514232,41.392579344641575
27664742,-6.718335,-0.526352,3.5919981036911013,46.1715390608407,138.41289696722544
27673941,-6.164717,0.174156,0.47451410369110103,178.72732170855508,142.2522255766977
27680407,-1.732625,-11.689996,3.066922103691101,103.7245081905102,413.97339990266175
27680425,-0.508597,-4.114316,-0.06288889630889893,210.91399462622763,412.95271627152647
27622535,-5.158077,1.501484,0.025466103691101027,217.010083291711,105.94559130633604
27647540,-8.719833,-5.736601,5.661780103691101,34.64454618746066,225.1186428684444
27678026,-7.22952,-0.301922,2.881428103691101,82.3554004430899,126.79032569794852
27647545,-3.515191,-1.786297,0.03684410369110114,200.1074390377505,260.7879122903356
27647545,-3.515191,-1.786297,0.03684410369110114,200.1074390377505,260.7879122903356
27630206,-5.404641,1.707851,0.006804103691101071,217.2148477135978,91.51655736669308
27664796,-6.814333,-0.833631,3.656194103691101,47.64468233688288,147.911870520677
27664796,-6.814333,-0.833631,3.656194103691101,47.64468233688288,147.911870520677
27678042,-3.920023,0.82307,1.5987801036911011,135.3360482135345,154.62884822833587
27676045,-5.217208,2.405137,0.2349331036911011,219.3255138889657,45.312142429757046
27676046,-4.661211,2.159728,1.5006061036911011,141.9234813384349,38.501547394530206
27676048,-4.751073,2.149887,1.1885461036911011,164.6429921241483,47.1930141095344
27676052,-4.802298,2.129842,1.012502103691101,175.98418250339046,52.786557125223
27627038,-3.879106,-1.206786,0.030471103691101176,202.012353906091,236.4327009659948
27627038,-3.879106,-1.206786,0.030471103691101176,202.012353906091,236.4327009659948
27657526,-4.848735,1.307996,0.06044410369110098,217.10981143187996,120.90585771837463
27613630,-6.889124,-0.384818,1.172738103691101,149.37625679936923,145.46416987565738
27635795,-4.749471,2.623974,0.3282811036911011,226.83127892238636,28.11565714192443
27657538,-4.73762,1.259295,0.07705610369110105,217.24736166201416,125.33792627754164
27657544,-2.835105,1.726685,-0.006681896308898816,276.413905586934,148.37581932387616
27646302,-4.812359,2.613706,0.08866710369110109,238.93338522656092,35.11957105252921
27630221,-2.908145,1.419082,-0.030954896308899027,264.6980185835789,167.13548467212797
27630221,-2.908145,1.419082,-0.030954896308899027,264.6980185835789,167.13548467212797
27635803,-5.103582,2.495632,0.07605510369110102,231.15573912658036,42.901554148227405
27657551,-3.553771,1.489135,1.952296103691101,101.4272931830548,111.72358959174858
27638508,-3.423463,2.614842,-0.03506089630889897,290.9403268459492,51.54327574822997
27647595,-5.612669,-3.375673,3.0675091036911013,85.17630871231412,243.10152063840988
27619249,-6.508442,-0.480689,3.110354103691101,68.10985351706918,143.67311581543362
27613635,-6.881514,-0.383549,1.3289061036911012,143.8530140937358,144.7017571453854
27676082,-4.225781,1.445761,1.6264371036911012,132.70992160074258,103.94524046110408
27646312,-4.878252,2.584834,-0.007661896308899019,241.9966789689791,39.48653660184132
27647612,-5.223989,-4.356678,0.024527103691101004,177.38847769017468,261.1517735395923
27647612,-5.223989,-4.356678,0.024527103691101004,177.38847769017468,261.1517735395923
27676089,-7.112006,-0.104871,3.9205061036911006,27.54467874681535,111.59459582176244
27654875,-5.038129,-5.331341,2.9428901036911013,96.16085623013832,287.5687988551352
27654875,-5.038129,-5.331341,2.9428901036911013,96.16085623013832,287.5687988551352
27619261,-3.959293,-1.063775,0.01983810369110106,202.92123608351108,230.460557225556
27619261,-3.959293,-1.063775,0.01983810369110106,202.92123608351108,230.460557225556
27654877,-3.283379,-3.274215,0.06227510369110112,190.5958388022154,294.1540838171377
27646321,-3.359482,2.298632,0.016429103691101066,276.9089778545779,83.77392438022287
27642905,-2.891769,1.433418,-0.016921896308898843,264.8518273241432,166.73307861206715
27642905,-2.891769,1.433418,-0.016921896308898843,264.8518273241432,166.73307861206715
27619267,-6.30114,-0.532876,3.065300103691101,69.16466191031992,149.81692588799223
27649854,-3.508881,2.784073,-0.031624896308898975,294.7013659666796,30.91794740084117
27664895,-6.467859,-1.303859,3.6183751036911014,51.3279362260586,170.93369474271918
27551460,-6.304631,-0.981111,3.454683103691101,54.22161596097428,164.04967334712518
27647638,-5.134777,-4.635423,0.004525103691101151,177.2642710591812,266.6373377470101
27647638,-5.134777,-4.635423,0.004525103691101151,177.2642710591812,266.6373377470101
27676104,-2.838597,1.719096,6.910369110113557e-05,275.57430374356073,148.73379340005556
27647649,-3.468849,-2.573364,0.050422103691101006,194.17569050501857,277.32022287801743
27622638,-4.764912,1.08417,0.029914103691101035,216.62901561143045,133.85680003600504
27664909,-7.433639,1.551844,2.908741103691101,66.39738088004532,35.338257069590924
27664910,-7.67071,1.495982,2.738127103691101,78.40932554186108,40.54997464536649
27649893,-4.390294,2.80457,-0.02092589630889896,261.16620725218337,23.125588607712277
27619289,-6.25416,-0.639223,3.0632641036911012,69.87302172754545,154.7387525478801
27619289,-6.25416,-0.639223,3.0632641036911012,69.87302172754545,154.7387525478801
27664922,-7.53428,1.52984,3.002497103691101,62.24274218984249,34.468700014715694
27664924,-7.468221,1.546264,3.181172103691101,50.730120574904674,30.29125230570358
27657655,-10.750381,-0.73319,5.632684103691101,3.292606863986549,82.21277534335096
27664936,-7.572259,1.515893,3.483612103691101,33.90595307781567,25.792413619504718
27596376,-6.710243,-0.987021,3.3596821036911013,62.5256822164138,156.8274650831156
27596376,-6.710243,-0.987021,3.3596821036911013,62.5256822164138,156.8274650831156
27643810,-5.731241,-2.653853,3.133839103691101,78.85072387060546,225.1464781121571
27643810,-5.731241,-2.653853,3.133839103691101,78.85072387060546,225.1464781121571
27664939,-7.280023,1.568019,3.618455103691101,19.108285521602117,20.237440516812285
27664940,-7.407186,1.550134,3.7356731036911013,13.767079027543671,18.53989213644212
27646355,-5.226624,2.432119,0.08390110369110104,227.3338188310655,46.53717791378878
27649932,-4.705655,2.655732,-0.011432896308898988,247.90345942572927,34.82408546360901
27630275,-2.836704,1.295868,-0.024144896308898822,262.69236470557826,177.50861240805295
27551533,-6.116808,-1.285137,3.103940103691101,72.49836811872157,179.50599160756664
27551533,-6.116808,-1.285137,3.103940103691101,72.49836811872157,179.50599160756664
27649952,-4.886793,2.574837,-0.008207896308898954,241.6151599355913,40.24672038113016
27634681,-5.058836,-0.262229,0.029153103691101023,199.6643804992393,179.76309500715445
27634681,-5.058836,-0.262229,0.029153103691101023,199.6643804992393,179.76309500715445
27649957,-3.322666,2.373453,-0.03189289630889891,284.5113190729036,78.48405451678136
27664967,-3.135159,1.981038,-0.02240489630889897,275.7216434176283,118.4868284865986
27654982,-2.741238,-3.486839,0.0047951036911011435,194.677976125554,314.053049225623
27654989,-4.31414,-7.227509,-0.05588689630889898,173.63504032717282,310.3177338941013
27646378,-5.507788,2.303854,0.09118710369110117,220.25956224332333,53.0673493107507
27638541,-4.352349,2.807755,-0.004679896308898979,261.47603828469454,22.466854030853423
27634684,-4.446399,-0.127468,-0.002862896308899021,207.84204813672355,189.70995163804253
27647729,-3.408563,-3.258638,0.09732510369110114,188.8137049922821,290.3339182937857
27646381,-5.540429,2.27929,-0.0021888963088989577,223.752462601124,56.16622312371766
27649973,-3.294105,2.321895,-0.026516896308898863,283.1975116317618,83.99072417651797
27662113,-4.518241,-3.04036,4.506315103691101,4.554564679411897,272.95887405930694
27662113,-4.518241,-3.04036,4.506315103691101,4.554564679411897,272.95887405930694
27655013,-2.130983,-2.441476,-0.005548896308898987,208.74813039678605,322.89790514630096
27631116,-5.901241,-1.725576,2.976287103691101,80.20432317476212,197.7049584700723
27631116,-5.901241,-1.725576,2.976287103691101,80.20432317476212,197.7049584700723
27680633,-4.547395,2.699183,0.9262951036911011,191.76595646600947,1.468464812099228
27647758,-1.783445,-1.192156,-0.053300896308899004,231.7064140261109,318.3528310863
27680640,-7.995341,2.363125,1.844884103691101,120.62802025069588,4.723454045161276
27680643,-6.730813,2.199182,1.7832461036911011,122.53002958098182,18.321553253042996
27631124,-5.980586,-1.770392,3.257556103691101,68.53138269755868,196.6966208785153
27631124,-5.980586,-1.770392,3.257556103691101,68.53138269755868,196.6966208785153
27650022,-5.551984,2.273227,-0.0025248963088988496,223.49577919283828,56.46405340143616
27618358,-4.364588,2.824679,-0.002615896308898913,261.4994769232393,20.65616047707292
27619364,-6.586076,-1.092212,3.5463771036911007,53.633905306022456,161.84635491756856
27619364,-6.586076,-1.092212,3.5463771036911007,53.633905306022456,161.84635491756856
27680652,-7.809309,2.194358,0.31793310369110106,185.8721863089367,41.32891147012205
27662137,-3.456447,-2.515701,0.05087010369110101,194.6412054932608,276.6963766507833
27665020,-5.68971,1.041034,0.0735251036911011,203.6833952551449,119.03647007896828
27665022,-3.066924,1.820582,-0.02753889630889894,272.6511603941485,133.44089859522367
27665023,-4.772321,1.266294,0.06944710369110108,217.2014902059708,124.38514064152884
27655060,-2.959269,-5.186497,-0.0003188963088989194,184.35013633360472,325.66571330952235
27674095,-3.84912,-5.165473,3.4822931036911013,71.06559733901909,322.45930831780845
27634704,-3.72839,0.551994,1.746804103691101,125.19544359798704,175.43729648834133
27634704,-3.72839,0.551994,1.746804103691101,125.19544359798704,175.43729648834133
27655071,-3.900315,-8.052977,-0.022247896308899007,172.013245432257,325.3522401016654
27680660,-5.136913,2.323195,0.02867910369110116,229.7678349584309,56.26722551751817
27657783,-7.18399,-0.653841,3.741059103691101,45.220547912610925,134.45215487449354
27634707,-3.765965,0.466457,1.609403103691101,134.86731923772243,179.42936704196114
27634707,-3.765965,0.466457,1.609403103691101,134.86731923772243,179.42936704196114
27622701,-7.039604,1.877373,3.228558103691101,36.1724254924774,7.054720130391161
27647822,-5.089983,-5.439589,4.207382103691101,54.05914572867937,293.28059227252066
27647822,-5.089983,-5.439589,4.207382103691101,54.05914572867937,293.28059227252066
27646421,-3.194753,1.935357,0.017187103691101102,269.4790298294401,119.79605574721596
27619376,-3.758121,-1.590488,0.02304710369110108,200.1283126471236,249.06450793746075
27619376,-3.758121,-1.590488,0.02304710369110108,200.1283126471236,249.06450793746075
27647828,-2.77165,-3.200181,0.11173910369110107,192.8654839962499,310.0181263242647
27647829,-2.353258,-2.575146,-0.018973896308899008,205.7514922420025,315.615463043029
27655093,-3.139874,-5.241885,1.288735103691101,146.3278052955141,329.720396896487
27665053,-4.834391,1.113612,0.014846103691101176,216.7396610135459,131.21032083963365
27647843,-4.649508,-7.264906,-0.1254188963088989,174.007525823887,303.5611201694652
27674129,-1.98603,-2.286521,0.03173410369110119,210.47307924382616,327.38577276231297
27669700,-5.01405,-2.779634,3.010975103691101,80.75149435872049,246.3395643178496
27669700,-5.01405,-2.779634,3.010975103691101,80.75149435872049,246.3395643178496
27680694,-3.685554,1.691608,1.951708103691101,100.4183955925582,87.9695567122082
27551653,-5.975816,-1.940525,3.2764061036911007,69.07509404697635,201.5186073475392
27551653,-5.975816,-1.940525,3.2764061036911007,69.07509404697635,201.5186073475392
27665077,-5.576834,0.74009,0.010455103691101142,204.3829145245981,133.99151019599063
27647859,-4.526928,-7.294585,-0.112661896308899,174.0214306277109,306.2956062870143
27674141,-1.887459,-2.402404,0.014308103691101026,211.007381460046,333.26448649820014
27678322,-1.228248,-4.853262,0.6750381036911011,173.4614463946986,391.5094683085218
27678326,-0.934912,-3.113798,0.05590610369110105,212.33633385196904,388.4335985470259
27680706,-3.650848,1.577731,1.9557881036911011,100.93985599519972,100.27865459344808
27665092,-2.976148,1.625914,-0.024833896308898984,268.8712459793034,150.75933439922295
27678343,-0.376107,-4.383879,-0.04704789630889894,209.01597533191315,420.58305753936094
27627086,-6.922266,-1.543036,4.552685103691101,13.742555796539222,165.86235654495124
27627086,-6.922266,-1.543036,4.552685103691101,13.742555796539222,165.86235654495124
27655136,-4.065027,-7.447893,4.259942103691101,60.422429466807216,342.2300083430322
27662196,-3.340424,-2.877511,0.04074710369110113,193.37529328572,286.26482984006617
27657880,-4.319666,-0.157147,0.03313110369110106,207.46676340982765,193.84977187122217
27657880,-4.319666,-0.157147,0.03313110369110106,207.46676340982765,193.84977187122217
27665109,-2.959415,1.57529,-0.02363689630889887,267.6647384722363,154.85465066083043
27638597,-4.668532,2.680717,-0.011403896308898931,249.45341702901905,32.88200718831604
27643859,-5.836923,-2.887992,4.354623103691101,28.62047311042835,228.82124855348636
27643859,-5.836923,-2.887992,4.354623103691101,28.62047311042835,228.82124855348636
27638602,-4.718926,2.686321,0.06639910369110114,244.02514149762317,29.97752281631989
27674186,-1.808356,-12.298717,0.9089921036911011,150.70930479216565,395.43619849700485
27674187,-1.804249,-12.351201,0.846414103691101,151.86610590545484,395.1798423184518
27671891,-4.934807,2.515786,0.2555611036911012,225.1739285639784,38.245864183904985
27671892,-7.975536,2.357612,1.485022103691101,137.64799535609592,12.228756954174996
27674192,-0.960571,-3.013409,-0.03189089630889885,216.7495984686244,384.9904074007308
27671898,-4.65903,2.147701,1.641855103691101,130.51016455378235,35.49176523234334
27655170,-2.10458,-4.632041,0.0024081036911010045,191.7955618852846,347.8491032826918
27669770,-3.068026,-0.978007,1.7399261036911011,128.1982177629368,265.23827385599725
27669770,-3.068026,-0.978007,1.7399261036911011,128.1982177629368,265.23827385599725
27671900,-4.719895,2.128232,1.546186103691101,138.17368986523772,39.719983647284096
27638612,-3.349726,2.292895,0.01950810369110112,276.8682401479253,84.45324725390367
27680739,-1.876902,2.130595,-0.016874896308898935,357.7795747620369,156.9881862274376
27680739,-1.876902,2.130595,-0.016874896308898935,357.7795747620369,156.9881862274376
27655174,-2.118853,-4.663809,0.10441510369110119,188.4113829819685,348.54077946189545
27671903,-4.746762,2.109399,1.448523103691101,145.5922379717005,43.96945781145132
27638613,-3.259125,2.265243,-0.025091896308898853,282.2017446337628,90.15499567846572
27642981,-4.180197,1.430816,1.654514103691101,130.5761244085649,105.6386484593508
27674226,-0.307944,-2.180587,0.26467610369110117,224.97795552311487,432.2176746374848
27660397,-3.53649,2.858406,-0.030774896308898958,296.9497348915089,21.57195210298269
27655218,-2.504447,-4.672848,4.384927103691101,7.878902088895444,383.2491871850697
27669842,-2.929118,-1.255095,1.795588103691101,125.31417637199242,279.72076568693365
27636875,-5.210711,2.433179,-0.0006088963088988208,231.84274445183704,48.388197998611474
27669857,-3.780255,-3.019062,0.022724103691101005,190.2287420662173,275.5746904842088
27671928,-7.123564,-0.115111,2.8085141036911008,83.7520511160213,121.76119201418254
27627103,-3.744222,-1.413485,0.04738510369110105,200.83365058595308,245.4737772718921
27627103,-3.744222,-1.413485,0.04738510369110105,200.83365058595308,245.4737772718921
27642996,-4.181457,1.425299,1.786483103691101,120.142311991409,103.6809647234372
27655251,-1.742764,-4.982673,0.7466391036911011,168.157304450882,371.448548473335
27638627,-4.884382,2.595618,0.07349510369110113,237.77352565706735,36.55299396596882
27655266,-2.184127,-4.81225,4.229838103691101,14.180617805935016,398.6078227619434
27635972,-3.73927,0.576697,1.749123103691101,124.97834209512494,173.67187521158394
27635972,-3.73927,0.576697,1.749123103691101,124.97834209512494,173.67187521158394
27669929,-3.994741,-3.518578,4.4503771036911015,7.7805847620578845,301.75711302944626
27669929,-3.994741,-3.518578,4.4503771036911015,7.7805847620578845,301.75711302944626
27669936,-3.924855,-4.017117,1.2865311036911011,146.40710383564345,292.18568055416046
27669942,-2.790212,-1.704147,1.820049103691101,124.70136212419504,297.2428161766593
27638637,-4.923594,2.553285,-0.009041896308898956,240.38534985976185,41.721094382517805
27650306,-3.645709,1.512965,1.9596261036911011,101.19280493118951,106.5675745457218
27669954,-3.29134,-3.217506,0.09446810369110104,189.8672642201076,293.26035043607203
27655306,-1.808567,-4.817811,4.013424103691101,21.040778599818168,416.11555604774657
27669957,-2.700622,-1.720229,1.825015103691101,124.36717363783464,301.961080134039
27655309,-2.373823,-9.053953,5.825636103691101,4.741518265040298,421.1096393589564
27643901,-3.935575,-2.508555,0.13538710369110118,188.7026392295009,262.8995675264334
27643901,-3.935575,-2.508555,0.13538710369110118,188.7026392295009,262.8995675264334
27676343,-2.833187,-0.201221,1.955230103691101,110.34936032696103,251.53307338276417
27676343,-2.833187,-0.201221,1.955230103691101,110.34936032696103,251.53307338276417
27680836,-3.365726,-0.27806,1.7441611036911011,126.88484415108482,228.34304173525464
27680836,-3.365726,-0.27806,1.7441611036911011,126.88484415108482,228.34304173525464
27619448,-6.894319,-1.48079,4.5441141036911015,12.79898892331994,164.37810846352397
27669971,-2.70852,-1.862327,1.837018103691101,124.0076259446262,304.6448699155508
27638653,-5.047531,2.515932,0.08111510369110109,232.36945329166815,41.6302236642758
27646500,-3.043958,1.794958,-0.020990896308898943,272.1562982693011,136.05143032854392
27639412,-4.373172,-0.082542,0.026447103691101148,207.92721198465068,189.97468197963485
27639412,-4.373172,-0.082542,0.026447103691101148,207.92721198465068,189.97468197963485
27643908,-5.234635,-2.73416,3.202266103691101,73.53185222012817,239.67692820355407
27643908,-5.234635,-2.73416,3.202266103691101,73.53185222012817,239.67692820355407
27655339,-2.05869,-10.067652,5.873072103691101,11.78336034488325,433.5675273924126
27670011,-2.893567,-3.111084,0.08427310369110108,193.51648644092387,304.43773815153065
27658043,-5.861348,-1.634341,3.4035601036911007,59.50578591256502,195.2391726419445
27658043,-5.861348,-1.634341,3.4035601036911007,59.50578591256502,195.2391726419445
27670018,-2.860134,-3.108072,0.015932103691101096,196.03779967948495,305.0650066738399
27672012,-5.584941,-2.366494,3.5111811036911007,59.2562962668334,222.0752136456765
27672012,-5.584941,-2.366494,3.5111811036911007,59.2562962668334,222.0752136456765
27660469,-3.425632,2.626718,-0.030450896308898967,291.0873489420132,50.03947545165383
27658048,-5.850819,-1.688304,3.222162103691101,68.48069204748919,197.40135577239144
27658048,-5.850819,-1.688304,3.222162103691101,68.48069204748919,197.40135577239144
27670024,-2.82589,-3.129061,0.11727510369110106,192.7722142601204,307.21218007440814
27662299,-4.116733,-5.896308,0.6586141036911011,160.91910282695326,305.9953854656206
27639424,-6.629383,-0.237482,3.102975103691101,67.17098785847165,132.01790038881765
27630359,-2.783063,1.16269,-0.02551189630889894,260.3793974064518,187.48998395508488
27619457,-5.998698,-1.482257,3.439468103691101,57.45331501688503,187.32710986251877
27619457,-5.998698,-1.482257,3.439468103691101,57.45331501688503,187.32710986251877
27639433,-6.564937,-0.20563,3.508489103691101,44.747336578324,128.50268016537842
27672029,-5.384097,-3.159527,3.5445791036911007,63.33637452481432,245.47547016276695
27672029,-5.384097,-3.159527,3.5445791036911007,63.33637452481432,245.47547016276695
27639438,-6.478793,-0.211732,3.4108901036911012,49.20071078131045,131.08390511579432
27665261,-3.375883,0.896594,1.963430103691101,104.67584337785064,166.18888357018056
27627117,-6.052692,-1.46723,3.4479991036911013,57.37652664235239,185.6122525446777
27627117,-6.052692,-1.46723,3.4479991036911013,57.37652664235239,185.6122525446777
27665263,-3.907847,0.598936,1.598085103691101,135.4565522215608,167.70419586823377
27665263,-3.907847,0.598936,1.598085103691101,135.4565522215608,167.70419586823377
27643923,-5.495226,-3.233333,2.861708103691101,91.65305113238614,242.8233264602288
27643923,-5.495226,-3.233333,2.861708103691101,91.65305113238614,242.8233264602288
27670074,-2.704129,-3.437715,0.09924910369110118,192.19283900249565,315.37609066295704
27660499,-4.640912,2.700471,0.070533103691101,246.0683605847217,29.01974754491272
27658092,-6.298287,-2.338866,3.2322551036911014,76.00838192514314,204.7593373851194
27678557,-4.25599,2.833679,-0.0024208963088989677,265.23614276058123,20.154416989336568
27678562,-4.017352,2.30758,1.9549881036911012,95.68471098383598,8.129050658442964
27678565,-4.027729,2.267598,1.960692103691101,95.68813749132065,13.44468754790634
27678567,-1.979365,2.799953,-0.017340896308899012,428.20427130518055,48.22118029226027
27670114,-2.593706,-3.695843,0.010982103691101086,194.12927982636623,321.6451539614933
27638685,-5.307388,2.38811,-0.0122058963088989,229.86171584959624,51.03178328192615
27672096,-3.002509,0.226379,1.9820571036911012,106.13220176890724,223.369381911048
27672096,-3.002509,0.226379,1.9820571036911012,106.13220176890724,223.369381911048
27678571,-4.654202,2.178715,1.587340103691101,134.96605503377265,34.0941974417517
27650419,-8.366705,0.332543,4.608116103691101,1.2188558813937789,68.862893846791
27678572,-4.689442,2.201359,1.4655041036911012,144.6720066468053,35.273559792083546
27670131,-3.825196,-7.939176,-0.02915589630889892,172.64526442083584,326.13200320150804
27678574,-2.202617,2.707148,-0.003174896308898889,383.95513699264745,59.76432197909833
27678575,-4.792579,2.178551,1.1456111036911012,167.50078829102688,45.40100895118852
27658126,-6.242636,-2.520278,3.239738103691101,76.6076029324492,210.34782074794956
27658126,-6.242636,-2.520278,3.239738103691101,76.6076029324492,210.34782074794956
27672114,-5.58395,-3.234509,2.161301103691101,116.81494941125392,239.6281001115416
27672114,-5.58395,-3.234509,2.161301103691101,116.81494941125392,239.6281001115416
27639452,-6.317831,-0.25877,3.185181103691101,60.30562570011648,137.76241376178916
27660526,-4.857835,2.605457,-0.01516789630889881,243.3135034438823,38.13267400872596
27678584,-4.851835,2.063174,0.9439571036911011,179.29875595818953,59.23690728716781
27672151,-4.866622,-5.179789,2.886847103691101,96.8764704943576,289.7248284281906
27672151,-4.866622,-5.179789,2.886847103691101,96.8764704943576,289.7248284281906
27676411,-1.928644,-2.275083,0.13041010369110118,207.265627222496,330.9007544549584
27658167,-7.48871,-3.706355,4.922765103691101,31.291204296175493,210.53556781903444
27627146,-5.893273,-1.597414,3.2156071036911014,68.31437711502355,193.75956724693037
27627146,-5.893273,-1.597414,3.2156071036911014,68.31437711502355,193.75956724693037
27672169,-3.281124,-3.34256,0.20035810369110107,185.8563100321753,295.9772612722547
27622884,-4.51484,-0.049128,-0.021819896308898912,208.651353165496,185.42950691211948
27622884,-4.51484,-0.049128,-0.021819896308898912,208.651353165496,185.42950691211948
27678602,-2.235654,2.433512,0.0029241036911011875,351.83666078281783,100.69248346883327
27638711,-5.542693,2.295855,0.090598103691101,219.63735848264557,53.31913487579246
27674536,-4.251613,2.8295,0.21391010369110108,251.7410110357779,13.238380580758218
27674539,-4.373012,2.780494,0.41905210369110113,233.4008601256052,11.08426469746405
27674543,-4.366708,2.768722,0.32039610369110105,239.7914164119264,15.782530909264466
27665360,-6.564859,-1.360252,3.083637103691101,76.95390535269249,172.76862337135572
27665360,-6.564859,-1.360252,3.083637103691101,76.95390535269249,172.76862337135572
27646576,-2.98904,1.65145,-0.026619896308898827,269.4073382110783,148.5231917180364
27674560,-4.68096,2.150378,1.7221121036911011,123.81634469551108,32.59667075733739
27639470,-6.458206,-0.445822,3.0840561036911014,68.68519760191802,143.4163755790383
27674569,-4.398352,1.862516,1.798373103691101,117.80703195184276,61.5676962975181
27674582,-3.215045,2.150843,-0.02366489630889901,279.2726145593861,101.71218563778731
27570277,-5.494642,2.319546,0.08241610369110108,221.11623996773943,52.29558675518061
27658247,-6.209782,-3.364569,3.3176181036911014,78.75808484794118,229.45839650601488
27658247,-6.209782,-3.364569,3.3176181036911014,78.75808484794118,229.45839650601488
27662390,-3.146451,-4.27686,3.158378103691101,73.48183561550692,335.0725399495726
27660571,-3.275449,2.279309,-0.02916289630889901,282.37124123202216,88.54672786129129
27672215,-3.191139,-5.445046,0.08427610369110106,179.98116556316316,322.1269177974544
27672217,-3.129213,-5.105324,1.144223103691101,150.98426353027878,327.6983705358806
27662396,-3.034202,-4.996722,0.7462951036911011,163.54342981974767,326.72488906499666
27627173,-5.781351,-1.741516,2.9494821036911008,80.78856369103119,200.9580992396357
27653175,-3.535467,2.861218,-0.027481896308898968,296.92034972143006,21.093429406746083
27660585,-8.148085,2.428495,0.0072061036911010845,196.20784148007607,33.08483445097028
27676465,-0.923876,-12.515773,2.090233103691101,126.77015733931668,427.5722045906592
27660591,-5.468474,2.327957,0.0911421036911011,221.2362784360268,51.77371220506217
27643978,-3.470952,-2.619996,0.04358210369110105,194.07305730220716,278.02843385087294
27662403,-3.835886,-7.998473,-0.03183389630889888,172.52208070063728,326.2994722521071
27650538,-6.803324,-0.225033,3.0403321036911013,71.55133936112,129.14083900662305
27662404,-2.899415,-5.105074,0.008968103691101126,184.75497515353777,326.6975112184325
27630419,-4.714643,0.952093,0.037553103691100986,215.26275977856895,140.98997515169356
27662411,-3.112532,-5.170087,1.286392103691101,146.51170878951189,329.866197706724
27660611,-5.595532,2.250973,-0.012585896308898947,222.9517091926945,57.6913705297012
27674634,-6.279274,0.12762,0.4391271036911011,179.10465366817766,142.23221854222058
27674638,-3.41005,1.082444,1.9529811036911011,104.2444846068737,151.38569622602012
27678649,-3.449689,1.220991,1.952782103691101,103.2606024936549,138.90290067322314
27674641,-3.901679,0.866115,1.738434103691101,125.20143711081435,151.28179663179804
27650561,-6.713239,-0.314832,3.130468103691101,67.22829900248868,133.5019852178393
27660626,-7.11526,2.160872,0.7566191036911011,172.51160820145577,39.41870603075554
27672255,-2.851395,-8.61455,2.156389103691101,122.56127996495331,367.3642330610977
27672259,-2.706042,-8.650013,1.9872991036911012,126.912765247181,370.20589000814704
27638738,-5.775516,2.174283,0.09749910369110104,214.32002563859044,58.95521261685576
27639483,-6.573596,-0.605951,3.122345103691101,69.18662763232447,147.13115261582783
27662428,-3.874897,-6.969417,4.411135103691101,50.4015988797677,345.45857828953564
27638744,-7.951245,2.453825,0.46578210369110107,180.92283865399511,25.137038235444862
27672292,-1.118816,-2.669363,0.06177210369110098,215.1115362615415,375.4270553221448
27662434,-2.043405,-1.775249,1.964275103691101,114.85549732591092,341.1174166374612
27650592,-6.703301,-0.537277,3.154633103691101,68.02662707972965,142.07153731653364
27662435,-2.915845,-5.078977,1.257793103691101,147.83027440435464,335.0344372868876
27627207,-7.668735,-2.81424,4.923896103691101,23.23220648337653,186.9076639534921
27627207,-7.668735,-2.81424,4.923896103691101,23.23220648337653,186.9076639534921
27672300,-1.742639,-11.836176,1.6658091036911011,135.67886771132697,401.9530917840358
27650620,-4.384378,-0.109246,0.01503410369110103,207.98249772629032,190.62101721566515
27650620,-4.384378,-0.109246,0.01503410369110103,207.98249772629032,190.62101721566515
27653230,-4.398839,2.802962,-0.020106896308898836,260.8098050246963,23.22054720823093
27672334,-0.541026,-4.640927,0.08614810369110115,200.39307567002425,414.59462443867847
27660682,-5.502437,1.972181,0.01957410369110102,218.8638379755878,75.14673790083674
27653256,-4.674711,2.685218,0.07199110369110118,244.76548653420755,30.167291586683007
27672359,-0.347201,-2.11415,0.4215491036911011,217.00972033593183,433.531294129544
27612595,-5.554872,0.909386,0.023447103691101034,205.71915701281097,127.29244073102656
27638758,-5.939638,2.083016,0.0012821036911010442,215.22454386790835,64.51074906416562
27653272,-4.82641,2.608841,0.07770010369110114,239.11097625217585,35.721866611310816
27639503,-3.230732,0.733481,1.9547181036911012,105.89695627649478,183.4567239888425
27670293,-1.923003,-4.842767,0.7208711036911011,168.79287351104767,363.2198298003145
27670294,-1.847985,-4.617865,0.40870510369110113,180.5049462229238,361.1885519406832
27681070,-3.102314,-5.40626,0.060450103691101154,181.14296468420116,324.06066749354966
27681073,-2.941238,-5.183527,0.2459481036911011,177.70192723661378,327.81093038296825
27646671,-7.744464,1.460696,3.769133103691101,19.48536089131653,22.99577127151892
27662485,-2.732461,-4.451302,4.463667103691101,2.962374111478425,371.0807154269781
27639511,-6.440993,-0.688706,3.1017711036911013,69.89296877428905,152.7372133504821
27639511,-6.440993,-0.688706,3.1017711036911013,69.89296877428905,152.7372133504821
27658430,-4.825458,-3.445574,3.9070161036911006,45.2737330083954,268.24596193311794
27658430,-4.825458,-3.445574,3.9070161036911006,45.2737330083954,268.24596193311794
27646684,-4.827177,1.164987,0.021783103691101147,217.20648803001987,128.81784027865106
27681115,-1.724747,-11.573555,2.586898103691101,114.94352513914346,409.77933341997857
27646700,-4.188143,1.449735,1.7914841036911011,119.65323530733812,101.50038633873186
27650727,-7.281948,-1.520209,4.685267103691101,11.804179328411095,157.73323795921732
27650727,-7.281948,-1.520209,4.685267103691101,11.804179328411095,157.73323795921732
27653336,-5.468399,2.319132,0.09188510369110103,221.06678325062384,52.35646928637118
27665517,-6.851221,-2.493719,4.484058103691101,29.25324197360337,195.41779761545325
27670343,-1.526729,-4.021508,0.7552131036911011,172.77540490009713,374.68084414348607
27676732,-4.826768,2.563393,0.38006510369110114,221.01719284156056,31.664378363295327
27676737,-7.205619,2.384692,-0.007549896308898907,204.6309726293697,39.33822253805897
27676740,-7.028834,2.1398,0.9730911036911011,163.23546849990234,37.28339332808932
27605247,-5.42437,2.348887,0.07225810369110097,223.1704972316686,51.08299156017128
27676742,-4.728123,2.164365,1.2841691036911012,158.05441793321677,43.57917487780222
27676744,-7.511478,2.080199,0.28066310369110103,188.61088022647544,49.059121880516045
27676746,-4.854665,2.115868,0.804184103691101,188.46292317634456,58.16873221088363
27650750,-6.145057,-1.222803,3.089627103691101,72.85085415775978,176.96864694445728
27650750,-6.145057,-1.222803,3.089627103691101,72.85085415775978,176.96864694445728
27658494,-4.570757,-4.203091,3.901833103691101,51.07138091253333,289.2468109630826
27658494,-4.570757,-4.203091,3.901833103691101,51.07138091253333,289.2468109630826
27662522,-2.496145,-4.583879,4.363948103691101,7.295890505416537,382.8088521579957
27646740,-5.574658,0.777833,0.007783103691101134,204.85990574560049,132.52671199131723
27670380,-1.75549,-6.528806,4.416723103691101,25.17372808831672,427.1689503232406
27660808,-9.027687,0.1015,4.864529103691101,2.2539847678170872,70.9474132654176
27658540,-3.146712,-3.172837,0.076865103691101,191.6326725999748,297.015251222196
27609474,-4.536103,2.719059,0.2963671036911011,235.7209378276532,21.056098576771944
27662542,-1.819267,-4.257728,0.4534291036911011,180.9999998422635,360.102994011628
27639537,-3.226133,0.647172,1.9561601036911012,106.4325045563564,189.08306636877265
27660839,-7.706743,0.126057,4.409688103691101,5.120318157971383,87.83866593017282
27615332,-6.027212,1.754329,0.003886103691101095,210.19561813334556,81.47173148374102
27660846,-2.962398,1.577526,-0.031021896308898844,268.07693805800784,154.67003933296667
27658569,-3.708944,-4.171292,1.286773103691101,146.58224176751696,300.5339927507614
27658572,-4.555511,-6.532869,-0.03780489630889883,174.40350825788897,299.34238959907634
27660851,-4.191475,1.394711,1.6443971036911011,131.40363697916547,108.29057779748864
27660856,-7.914086,-0.116616,4.487780103691101,8.499906589416895,95.74912311585966
27668059,-4.312736,2.810747,0.008698103691101133,262.01107207891283,21.91008342651051
27650901,-5.887341,-1.878163,3.251052103691101,69.05130480322569,201.88548763579809
27650901,-5.887341,-1.878163,3.251052103691101,69.05130480322569,201.88548763579809
27670448,-0.513512,0.72825,-0.025423896308898852,352.37100211073056,390.041914285892
27653448,-3.581952,2.970302,-0.030682896308898977,300.34479973850057,7.007983536627364
27665614,-5.112261,-1.674423,3.7381091036911007,34.31240484184602,215.9317804417636
27665614,-5.112261,-1.674423,3.7381091036911007,34.31240484184602,215.9317804417636
27662573,-1.209321,-2.493966,-0.04015189630889893,220.4243524882208,367.3740985620602
27642367,-3.599039,2.979884,-0.033089896308899025,300.12832668939143,5.830798249006278
27670461,-0.513211,0.580956,0.015589103691101114,337.2848377692767,393.867292596572
27678921,-3.535842,-3.510048,1.1636581036911011,151.99664126162037,295.9720654015758
27650943,-6.278924,-2.424898,3.2405921036911014,76.14401033994099,207.2736875497088
27650943,-6.278924,-2.424898,3.2405921036911014,76.14401033994099,207.2736875497088
27650944,-2.981451,0.175966,1.9538771036911011,108.73065760818004,226.91436372820544
27678931,-2.361414,-1.442851,1.970665103691101,113.95225189366798,315.7064198355989
27650950,-6.438194,-2.394823,4.526432103691101,21.14974391746682,201.69719059010868
27650950,-6.438194,-2.394823,4.526432103691101,21.14974391746682,201.69719059010868
27658627,-2.728442,-3.522236,-0.0056038963088989036,194.86572855415528,314.8539499468857
27668103,-4.580424,2.7148,-0.009393896308898864,252.520205538784,30.304107687747404
27653471,-3.520536,2.851166,-0.026598896308899,297.09672775199584,22.397857283485934
27670475,-0.48877,0.666919,0.040244103691100985,344.3564025564665,397.6094402307509
27678945,-1.7355,-1.15645,0.088849103691101,226.45698772052464,322.0032781260767
27665650,-6.236464,-3.121401,3.291723103691101,78.3921727723405,223.88830480208452
27665650,-6.236464,-3.121401,3.291723103691101,78.3921727723405,223.88830480208452
27665656,-7.394546,-4.058762,4.978688103691101,31.90930152833621,219.4357618079698
27665656,-7.394546,-4.058762,4.978688103691101,31.90930152833621,219.4357618079698
27668113,-4.704145,2.688588,0.06432610369110114,244.55589991020568,29.914651517429803
27639554,-6.439236,-0.934332,3.0188101036911013,75.84614424030781,161.80670050304076
27639554,-6.439236,-0.934332,3.0188101036911013,75.84614424030781,161.80670050304076
27668130,-4.847874,2.613727,0.077842103691101,238.7331899079801,35.169899930829075
27642393,-3.526486,2.85041,-0.030610896308898905,297.03337517371625,22.61897421082793
27678961,-1.516377,-1.651802,0.090525103691101,222.11059138036092,342.53782134583696
27668135,-4.811881,2.598413,-0.001687896308898873,243.4884434374465,38.69573466607181
27678976,-1.378699,-3.929515,0.6888181036911011,176.63811481661116,380.13659443012057
27568637,-6.60501,-0.186318,3.397247103691101,51.026891903021664,127.92633794896211
27658681,-3.198197,-4.81802,1.228458103691101,148.59208846026115,323.26505993540707
27608634,-5.513527,2.317181,0.076309103691101,221.07766662649263,52.4165628190398
27678982,-0.935445,-1.866005,0.12722410369110104,226.3409815326909,381.3209763649204
27658695,-2.983926,-5.167917,0.0020131036911010813,184.25207656177523,324.8021280642255
27668153,-4.939066,2.535717,0.0009941036911009782,239.15783340338515,42.75639337183742
27678985,-0.883293,-1.9482,0.1267851036911012,225.8782774698519,385.4543128250482
27674899,-5.521601,-3.176277,1.4089481036911011,141.10223087579178,238.8868581896392
27674899,-5.521601,-3.176277,1.4089481036911011,141.10223087579178,238.8868581896392
27554901,-6.283453,-1.154549,3.462199103691101,55.535205115930296,170.4190011100304
27554901,-6.283453,-1.154549,3.462199103691101,55.535205115930296,170.4190011100304
27662607,-0.52773,0.572487,0.00620910369110117,336.21800659561046,391.4956677414915
27630552,-4.508918,0.423159,0.04243310369110098,211.2423916307756,168.05450013535426
27681344,-4.47618,2.109158,1.840244103691101,112.98591724586844,34.64473390961106
27653523,-4.382619,2.80283,-0.021212896308898888,261.36406011204343,23.339995617044902
27668173,-5.133685,2.466734,0.09787810369110117,228.9311452873501,44.37633548096247
27658716,-3.112564,-5.213969,1.282532103691101,146.5889608280476,330.254055453506
27651073,-6.340228,-3.427244,3.3469881036911007,78.71698814261569,227.903731145186
27651073,-6.340228,-3.427244,3.3469881036911007,78.71698814261569,227.903731145186
27642420,-3.474297,2.705783,-0.03272689630889891,292.67395364542494,40.530523956650086
27665731,-5.771641,-3.648502,-0.02823489630889897,179.06371207679496,239.91651327600383
27665731,-5.771641,-3.648502,-0.02823489630889897,179.06371207679496,239.91651327600383
27662613,-1.975698,-5.436054,4.268287103691101,19.42886247946041,412.3747497628845
27681354,-3.828703,1.98364,1.954205103691101,98.0424663738513,52.23450559656197
27668189,-8.137638,2.448251,0.022083103691101114,195.91432940782045,31.926295807128923
27554938,-6.507448,-1.547095,4.209660103691101,25.606761122550974,175.8109078193243
27554938,-6.507448,-1.547095,4.209660103691101,25.606761122550974,175.8109078193243
27679003,-0.366836,-4.323284,0.08185210369110107,204.91113112558867,423.3802340006654
27662616,-2.272666,-7.626431,5.351267103691101,3.82999017822948,417.9346528835032
27651082,-7.834148,-4.762891,5.2377141036911015,33.18897007690205,224.21598709829436
27651082,-7.834148,-4.762891,5.2377141036911015,33.18897007690205,224.21598709829436
27630565,-5.320409,0.224175,0.018194103691101082,201.85359639830628,158.1169613065738
27665741,-5.990913,-3.551553,3.269234103691101,80.51820363520648,237.93279028471048
27665741,-5.990913,-3.551553,3.269234103691101,80.51820363520648,237.93279028471048
27653549,-4.698159,2.687437,0.06643810369110104,244.55593391091335,29.99197922214006
27653550,-4.632804,2.688207,-0.00774689630889891,250.3563901661585,32.33869802154098
27668210,-5.194527,2.305492,0.37522110369110107,210.77028213336808,49.82596956887864
27674929,-2.769579,-1.809469,1.7623741036911011,128.04172400527818,299.9557486127376
27668213,-5.537027,2.302066,0.07223510369110109,220.68151208454705,53.3054190321503
27676898,-5.519614,-3.139551,1.2780291036911011,145.1585640881163,238.08681075610892
27676898,-5.519614,-3.139551,1.2780291036911011,145.1585640881163,238.08681075610892
27668221,-5.376368,2.27355,0.26275610369110103,213.41788518465287,52.87851454862096
27658747,-3.602802,-6.239063,4.207138103691101,49.65348943355443,346.8378330146505
27653568,-4.844751,2.61851,0.07360210369110098,239.1386547338026,34.896488476235675
27665764,-8.783669,-6.707674,5.848083103691101,37.01101122590788,238.1409567870604
27668236,-5.456395,2.224866,0.03253710369110108,222.61943512132987,59.81395941320781
27668238,-7.079302,1.852913,3.067442103691101,48.35261851291935,12.827409249361438
27668239,-7.252115,2.115551,0.7512061036911011,171.7271440316021,41.35105434114024
27668240,-7.283702,2.125173,0.6155481036911011,177.25976710065885,42.86834373263832
27662635,-2.155862,-8.750611,5.5638941036911005,8.786240674519291,426.24392749057233
27653573,-3.352389,2.468055,-0.02745889630889886,287.0258870538272,68.20512045371544
27681376,-1.885592,2.491195,-0.018829896308898864,396.72022311545896,108.22887424757504
27665772,-5.105543,-2.894813,3.0511921036911014,80.33562963802342,246.36755498319783
27665772,-5.105543,-2.894813,3.0511921036911014,80.33562963802342,246.36755498319783
27639576,-6.346716,-0.930744,3.2667521036911014,63.37437501341213,162.32652824911162
27639576,-6.346716,-0.930744,3.2667521036911014,63.37437501341213,162.32652824911162
27668261,-3.229561,2.184595,-0.01981289630889882,279.7965558514634,98.22001980331429
27658782,-1.974195,-2.094231,1.971609103691101,115.50070634279936,350.34371158636424
27646887,-7.725705,0.151406,4.406296103691101,5.164073327097327,86.44804813249766
27642445,-3.428236,2.623255,-0.035122896308898977,291.11369388152013,50.54469608483132
27653591,-5.052647,2.514414,0.0792931036911011,232.33434702913183,41.753492538429526
27668274,-7.380675,1.563357,3.675802103691101,17.120673803182797,19.01805391798362
27662650,-1.632897,-5.87759,4.180583103691101,26.20591383958262,429.6635228811037
27658804,-2.525005,-3.909172,4.219612103691101,3.197720960845089,374.0863724432222
27662655,-1.698541,-6.734652,4.918408103691101,2.2801894426510785,438.78715840335633
27555047,-6.192962,-2.09536,4.195990103691101,29.978229668519248,199.51890067481887
27555047,-6.192962,-2.09536,4.195990103691101,29.978229668519248,199.51890067481887
27653608,-5.253344,2.438001,0.07817610369110106,227.24922060492923,46.0251755370187
27665803,-8.444208,-7.08867,5.819394103691101,38.343863862252505,248.585916286524
27665803,-8.444208,-7.08867,5.819394103691101,38.343863862252505,248.585916286524
27653614,-3.285834,2.321938,-0.023548896308899003,283.35258668622083,84.0918920046397
27651209,-3.074128,-1.006697,1.771331103691101,126.38091311177894,265.9774137596264
27651209,-3.074128,-1.006697,1.771331103691101,126.38091311177894,265.9774137596264
27668326,-6.014901,1.839555,0.09177410369110106,207.64334390121,75.92376713568754
27658835,-2.419115,-4.350718,4.268633103691101,7.182271446540199,383.9748762152845
27643314,-4.323492,-0.145331,0.03275910369110102,207.5616327342059,193.35665945171144
27643314,-4.323492,-0.145331,0.03275910369110102,207.5616327342059,193.35665945171144
27681423,-2.131209,1.886303,-0.0029978963088990174,318.468139737494,166.83831768640718
27681423,-2.131209,1.886303,-0.0029978963088990174,318.468139737494,166.83831768640718
27658842,-1.843729,-4.350013,0.4416021036911011,180.78473014029484,359.7049036251779
27643318,-6.458185,-0.421891,3.090311103691101,68.14715926674452,142.44524648154103
27660993,-5.616454,2.283932,0.05574110369110108,219.98612196371812,54.143236645138046
27642465,-4.356465,2.812629,-0.012426896308898927,261.9560858829998,22.207120445052738
27653620,-3.371395,2.293577,0.011925103691101002,276.5358846934557,84.11144154809188
27681431,-3.828893,0.620947,1.5739541036911011,137.17473873590723,169.28603888175124
27681431,-3.828893,0.620947,1.5739541036911011,137.17473873590723,169.28603888175124
27653630,-5.520792,2.31797,0.07969310369110105,220.81714924220992,52.238760420240936
27646921,-6.446334,-0.318712,0.15963010369110098,185.16599186580493,155.28054648260624
27674985,-2.816925,-4.966677,0.916264103691101,159.06218888910828,334.51581191241314
27668377,-5.297668,1.709025,0.055228103691101094,216.54856446222692,92.2718461782161
27668392,-3.695397,1.736893,1.955053103691101,99.63570408591475,82.86442177130766
27661020,-7.238911,2.128412,0.5780701036911011,179.10864652123684,43.52934501391883
27658894,-1.757936,-4.850739,0.7624291036911011,168.03046385243593,370.207319646769
27668397,-4.333806,1.637987,1.8049081036911012,118.12642628714444,82.663319719567
27661021,-5.803459,2.196681,0.07756710369110098,215.1343652607597,57.68325228765647
27662682,-1.52832,-6.95433,4.859530103691101,6.396676136115417,446.23022806496056
27658903,-2.238907,-5.008995,4.303085103691101,14.31457000901176,397.6513208276713
27668409,-4.271316,1.565308,1.7954461036911011,119.05538922009264,90.21577060509124
27675023,-0.729179,1.237818,-0.021268896308898944,381.7988546645165,345.25306702902617
27653676,-5.830095,2.124207,0.013348103691101176,216.66983301496992,62.91336717920606
27639617,-7.059889,-1.438147,4.386969103691101,22.323667100032537,160.50970689420964
27639617,-7.059889,-1.438147,4.386969103691101,22.323667100032537,160.50970689420964
27668421,-1.032518,1.904791,0.04032010369110117,428.3012278509096,261.0033618843082
27668421,-1.032518,1.904791,0.04032010369110117,428.3012278509096,261.0033618843082
27643331,-3.284465,0.805384,1.953737103691101,105.73293129403557,176.36282338572994
27638892,-2.944377,1.563542,-0.01882689630889889,267.4874259441873,156.1572072023709
27677023,-4.840295,-5.11722,3.2434891036911013,84.60606900206739,291.2220074824482
27677023,-4.840295,-5.11722,3.2434891036911013,84.60606900206739,291.2220074824482
27677025,-3.801014,-3.608081,1.208899103691101,149.7078699709489,289.53718121130703
27658942,-2.307953,-8.510601,5.589588103691101,6.390267845421391,420.3561878959184
27677028,-3.510141,-3.256076,1.1936121036911012,151.4272580352184,293.1356262805043
27658943,-1.89885,-5.607574,4.266911103691101,21.1363134584752,416.73285399580703
27677030,-2.806752,-1.823776,1.623827103691101,135.42015438577707,297.3269412801177
27643338,-6.400501,-0.50888,3.080293103691101,68.993607637921,146.92840002321913
27658949,-2.734807,-13.999287,4.167261103691101,87.24485793117168,400.4197004291017
27639634,-6.336024,-1.263236,3.029952103691101,77.1703060287463,174.49585360740906
27639634,-6.336024,-1.263236,3.029952103691101,77.1703060287463,174.49585360740906
27668460,-5.699232,1.109362,0.09187910369110108,203.51902263338127,115.7079400639134
27651373,-4.985694,-5.243733,3.8514431036911008,64.77442162035314,291.84192181775575
27651373,-4.985694,-5.243733,3.8514431036911008,64.77442162035314,291.84192181775575
27661072,-3.311674,2.219425,0.01792410369110109,275.586296055941,92.2214330648314
27658972,-1.995652,-8.921689,5.497000103691101,11.828276651272745,431.8007333864232
27651381,-5.113596,-5.466457,4.239680103691101,53.26926132511636,293.14710562774053
27651381,-5.113596,-5.466457,4.239680103691101,53.26926132511636,293.14710562774053
27651385,-2.691963,-2.754389,0.05321710369110111,198.67409280980587,306.0500388833433
27658975,-1.766146,-7.021089,5.016411103691101,3.127605811070282,436.5999824643737
27665909,-3.451744,-2.498864,0.05408910369110109,194.68348595702253,276.5595505589981
27643345,-6.295118,-0.465192,3.392640103691101,51.329658515324525,145.16706901208403
27643345,-6.295118,-0.465192,3.392640103691101,51.329658515324525,145.16706901208403
27651406,-2.837552,-3.143338,0.09725310369110107,193.26415583618697,306.87566542542515
27672821,-4.753111,2.617385,0.42880110369110114,220.5591999253736,25.828514498357865
27668507,-2.968141,1.578981,-0.029569896308898835,267.8494628153819,154.34750928793855
27672827,-4.995223,2.537126,0.43174310369110114,214.4565065291539,31.59160809149949
27672828,-8.024899,2.370262,1.3699941036911012,142.78335221454557,13.614395078008188
27672829,-4.927011,2.518854,0.32170410369110103,221.66784415915592,36.38409789112288
27672830,-8.175769,2.370693,1.183425103691101,150.5591484241965,16.787031850733655
27672832,-8.252267,2.360713,1.054780103691101,155.6631803104819,19.45190518410638
27638916,-2.938012,1.529354,-0.020108896308898894,266.64643290723905,158.71686876514514
27668523,-5.588195,0.816291,0.08340010369110118,202.1842562140893,130.13225569680716
27672841,-4.677588,2.12044,1.752197103691101,121.37268992974326,34.710909262240335
27672843,-5.084164,2.368694,-0.006318896308898925,233.30139369004397,54.2393771123472
27672844,-1.814768,2.475794,-0.008493896308898963,403.08803659482896,113.95766006431944
27639656,-5.930725,-1.079411,3.351465103691101,56.89980687467843,175.96644524382685
27639656,-5.930725,-1.079411,3.351465103691101,56.89980687467843,175.96644524382685
27665956,-3.707353,-3.436822,0.08287310369110101,186.5499467725805,284.28149438674336
27651459,-4.284631,-7.089806,-0.04625389630889898,173.88388490808796,309.8405475273857
27672862,-3.804856,1.835501,1.9576281036911012,99.22879087295256,69.6999407009026
27653797,-7.481652,1.849622,3.560048103691101,21.134632646867203,0.8421812377489459
27651499,-2.525086,-3.898277,-0.007287896308898922,193.8705665919778,326.1444298630038
27642547,-4.831385,2.613389,0.07326510369110117,239.3421791141112,35.42087113127545
27677118,-1.777086,-12.016183,2.4658551036911014,118.37502195218494,407.848864700233
27677119,-0.897478,-3.162982,-0.03578189630889894,215.8941342316974,389.22325536529047
27668566,-7.170227,-0.318096,3.584638103691101,48.87738453031986,122.80464830724208
27672889,-2.799345,1.900701,-0.005464896308899014,284.7965268055872,135.85994969231314
27661159,-5.266576,1.711568,0.06577510369110118,216.5370861186691,92.42311305931756
27651517,-3.458168,-6.654856,-0.044501896308899,177.81164949873107,324.8918101843244
27647023,-6.847466,-0.413021,3.538996103691101,48.9283575631398,132.09264099547335
27668579,-7.274992,-0.605745,4.316692103691101,16.21585976850554,126.83132789060234
27681602,-6.555161,-1.645651,3.097464103691101,78.3073887273332,181.315417218557
27681602,-6.555161,-1.645651,3.097464103691101,78.3073887273332,181.315417218557
27681605,-3.633539,0.333348,1.713937103691101,127.90858671014864,190.5351595697538
27681605,-3.633539,0.333348,1.713937103691101,127.90858671014864,190.5351595697538
27661175,-7.506576,1.532625,3.5885931036911014,25.815388626638708,22.701257253059964
27642556,-3.255018,2.260018,-0.018999896308898867,281.7689088606616,90.6009181373766
27661179,-7.413565,1.552774,3.7419521036911014,13.398976478325409,18.19712777322204
27623082,-6.709448,-0.461038,3.032716103691101,73.24731743935516,139.9070182969824
27668590,-6.880167,-0.364541,3.624161103691101,44.270256617090354,128.92730596118736
27653839,-7.567938,1.50268,2.985296103691101,63.87584460673503,36.280706715191286
27666019,-2.815803,-1.90989,1.540553103691101,139.67589793967426,297.9897515187411
27642562,-4.916715,2.56636,-0.006125896308898815,240.664126207313,40.661103541942026
27672912,-6.675308,-0.158512,2.889752103691101,77.41068726219356,129.71972409542698
27643386,-6.43283,-0.795035,3.0082841036911008,75.1893810303423,157.18970033908005
27643386,-6.43283,-0.795035,3.0082841036911008,75.1893810303423,157.18970033908005
27672915,-6.757465,-0.314699,2.954979103691101,76.09065695519487,134.05284454028578
27664145,-3.536906,2.832015,-0.03841989630889886,296.1342506529766,25.143795792168817
27679253,-4.394027,2.760504,0.5662541036911011,222.272553201717,7.967238308624161
27666049,-3.079864,-3.09497,0.09476410369110111,191.9900866028696,298.1240297220264
27666054,-4.197503,-5.576068,0.13865910369110113,174.32532201535355,298.4941435650241
27679262,-2.183652,2.789171,0.006086103691101075,395.78513861065846,44.6352165487763
27626784,-7.79824,0.106566,4.456414103691101,4.358489093823238,87.1815837819073
27626046,-3.20509,2.131679,-0.02531289630889888,279.0111046213927,103.7095064695924
27679267,-4.623956,2.205118,1.5546221036911012,137.6896362828598,32.66343925676543
27618010,-4.377634,2.80752,0.06256610369110116,256.6966752703425,20.24895963215303
27661241,-3.542137,1.55502,1.950160103691101,100.8364776297395,105.76200688426158
27643403,-3.202083,0.668949,1.952334103691101,106.45473112519078,188.8639426186882
27642581,-5.019107,2.519161,0.08642310369110118,232.71699989653453,41.45996214982196
27666076,-4.536232,-6.971416,-0.075249896308899,174.0679131189236,303.52023285899054
27668646,-6.743437,-0.523092,3.319172103691101,60.205509574284974,139.74418131662694
27639704,-6.132395,-1.505741,3.010335103691101,78.54180961770135,186.18166620443947
27639704,-6.132395,-1.505741,3.010335103691101,78.54180961770135,186.18166620443947
27679272,-4.887278,2.172746,0.9420231036911011,180.08583392759752,50.08192165871361
27666077,-2.887039,-3.079636,0.09067610369110102,193.5604537621063,304.25243877881417
27679274,-4.882197,2.156916,0.8536631036911011,185.54271678865288,53.49756818007597
27679275,-3.891443,2.022333,1.9612941036911011,97.40053042736126,46.4027373454615
27666082,-3.205173,-3.631793,1.1321701036911012,153.6884452499599,308.25305103335137
27647086,-6.311144,-0.612856,3.4051931036911007,52.61234781309088,150.6055104828954
27647086,-6.311144,-0.612856,3.4051931036911007,52.61234781309088,150.6055104828954
27668659,-6.878372,-0.558684,3.0731391036911013,73.35632834672026,140.41457010343464
27666089,-4.497977,-7.209995,-0.09445989630889895,173.95048947774788,306.24845779745
27622080,-1.103461,1.868211,-0.009629896308898989,415.3480914521392,254.20986716167752
27622080,-1.103461,1.868211,-0.009629896308898989,415.3480914521392,254.20986716167752
27638944,-2.928512,1.481681,-0.03020389630889886,266.0003807640377,162.32265086611747
27661278,-3.550494,1.442133,1.948861103691101,102.2426396530321,116.27740871106109
27666097,-4.088695,-6.154034,0.7326621036911011,158.64288601648786,309.5060751728446
27673050,-6.756156,-0.330714,2.069210103691101,115.38102702455836,140.60155958934482
27641637,-1.088967,1.960589,-0.008762896308898815,432.0223074683013,247.25867012102236
27641637,-1.088967,1.960589,-0.008762896308898815,432.0223074683013,247.25867012102236
27642598,-5.198078,2.451741,0.0814901036911011,228.3141268986428,45.36788025493371
27679305,-4.317369,1.623942,1.7788241036911012,120.29196617369507,84.7362022984849
27661319,-4.061523,1.149727,1.772329103691101,122.0286831999916,127.41825605791335
27653959,-5.533885,0.682993,0.00868010369110106,204.33375072296283,137.0203831735515
27661339,-9.931274,-0.2551,5.268082103691101,1.6158087087180777,74.31692358402773
27673132,-5.568008,-3.104325,0.7934451036911011,159.48901825556226,235.83635911032692
27673132,-5.568008,-3.104325,0.7934451036911011,159.48901825556226,235.83635911032692
27679326,-2.724092,2.128271,-0.002343896308898863,298.74665029013306,117.95467770807676
27671033,-4.66505,2.130006,1.397060103691101,149.86108764243664,44.23022332360378
27666152,-3.165108,-4.729034,1.055337103691101,154.29204307437874,322.14468566659065
27673165,-1.128178,1.662113,-0.014202896308898927,385.2763684674288,268.0560967961836
27673165,-1.128178,1.662113,-0.014202896308898927,385.2763684674288,268.0560967961836
27681740,-1.452426,-4.038524,0.516606103691101,182.1564266448002,375.026033613407
27656724,-1.02948,1.912955,0.036805103691101015,430.4334617574012,260.6018498428453
27558430,-6.2669,-1.280658,3.480663103691101,55.81851987916107,174.87302202837586
27558430,-6.2669,-1.280658,3.480663103691101,55.81851987916107,174.87302202837586
27681748,-1.760318,-12.076788,0.7238181036911011,154.55778145337115,394.8009101394635
27643445,-3.631341,0.279751,1.744237103691101,125.92641055882332,193.16106159236296
27681751,-1.76571,-12.048525,1.3317511036911012,142.55725560417503,399.12873748118017
27638966,-2.899695,1.437816,-0.026575896308898894,265.3044495683186,166.22629026313604
27639753,-6.010303,-1.630015,3.242998103691101,68.21494333944648,191.99184198588895
27639753,-6.010303,-1.630015,3.242998103691101,68.21494333944648,191.99184198588895
27677383,-7.981865,2.363953,1.745992103691101,125.40570873212864,6.693275202992908
27677387,-4.599669,2.222177,1.8580261036911012,111.18569862010926,20.95388455773877
27647141,-6.464654,-1.063857,3.148911103691101,71.07761557763601,165.05725376586972
27647141,-6.464654,-1.063857,3.148911103691101,71.07761557763601,165.05725376586972
27666182,-3.003038,-4.937459,0.7661141036911011,163.20210685654746,327.24061168531074
27666183,-3.95065,-8.263752,-0.06469689630889897,172.2259071180519,325.532550936278
27666186,-2.901592,-5.066041,0.013492103691101098,184.79892020920943,326.2986366293871
27668786,-3.302491,0.826192,1.955049103691101,105.55589419519636,174.17620882289395
27668786,-3.302491,0.826192,1.955049103691101,105.55589419519636,174.17620882289395
27605455,-5.359643,1.743148,0.026642103691101093,217.4243740987795,89.9157693986881
27609616,-6.013684,2.032327,0.10623010369110109,209.1978109952388,65.0721728813937
27673276,-1.322927,-2.182984,0.072363103691101,218.21238895434223,359.7607763390081
27642635,-5.504467,2.314251,0.095899103691101,220.24249379967011,52.3082895373993
27673297,-1.04375,-2.865069,0.058323103691101164,213.82445915593,380.94822339363895
27673308,-1.781826,-12.092669,2.832608103691101,110.17336784146968,410.921153232203
27643459,-3.168112,0.571685,1.9548831036911012,106.78917077207473,196.34922640095925
27639780,-5.91521,-1.689336,3.227653103691101,68.71905841710182,195.9234860923957
27639780,-5.91521,-1.689336,3.227653103691101,68.71905841710182,195.9234860923957
27675347,-5.098196,2.469633,0.21858010369110104,223.32300550955375,41.66587924650045
27675351,-7.493474,2.0887,0.4369581036911011,182.82226971139107,46.43024204661893
27675352,-4.798814,2.137606,1.1036271036911012,170.01504735105473,49.944275601041056
27675368,-3.777962,1.876865,1.954710103691101,98.79882720966911,65.64072345178553
27675371,-6.411257,1.554523,0.5802881036911011,181.0391799912125,79.9015998868266
27639791,-5.934655,-1.810491,2.992138103691101,80.29632706792904,199.28286789636263
27639791,-5.934655,-1.810491,2.992138103691101,80.29632706792904,199.28286789636263
27623162,-4.024944,-1.10464,-0.009291896308898817,203.027367143799,229.61700540367323
27656820,-4.648985,2.696523,0.07500910369110114,245.512911242788,29.207786243722268
27656825,-4.681254,2.664777,-0.00524889630889902,248.39520279442968,34.03213269409292
27671133,-5.770682,-2.165583,3.530931103691101,57.98715885434172,212.22592337335027
27671133,-5.770682,-2.165583,3.530931103691101,57.98715885434172,212.22592337335027
27675397,-2.338137,2.027224,-0.016694896308898866,315.4754122632485,143.3944524307205
27675397,-2.338137,2.027224,-0.016694896308898866,315.4754122632485,143.3944524307205
27675398,-7.142259,-0.218306,3.6596641036911013,43.531445032234814,118.48620333168375
27664283,-5.105151,2.471837,0.10296710369110107,229.2951582462796,44.0921049688871
27626829,-7.599475,-0.150175,4.399225103691101,8.964947910869284,102.06084718123503
27656862,-3.27851,2.278603,-0.028279896308898822,282.1619963922809,88.52345738050496
27679501,-3.200702,-0.692052,1.737978103691101,127.91828087050632,250.36619345902085
27679501,-3.200702,-0.692052,1.737978103691101,127.91828087050632,250.36619345902085
27643487,-6.350826,-1.2564,3.028585103691101,77.27457097559119,173.98772713422932
27643487,-6.350826,-1.2564,3.028585103691101,77.27457097559119,173.98772713422932
27671166,-7.279914,-0.167187,3.1622001036911014,68.83339358542887,118.67980311813176
27666274,-1.895854,-2.126568,1.9620411036911012,116.01402127405066,355.4783658636445
27643494,-6.430776,-1.313366,3.162737103691101,72.24673297677231,173.6842369192824
27643494,-6.430776,-1.313366,3.162737103691101,72.24673297677231,173.6842369192824
27629937,-3.358799,2.285149,0.014884103691101158,276.5075890307803,85.1058978569342
27664296,-3.307073,2.331053,-0.03483389630889899,283.57022752610175,83.03243756065413
27666286,-2.115324,-4.638455,0.0035881036911011854,191.6548397847469,347.53621836066964
27656899,-8.019126,2.466019,0.054762103691101016,195.81954209083705,30.928510802495367
27656900,-5.436995,2.344151,0.08846110369110116,222.1132205332587,50.98210422658073
27656910,-5.563194,2.267775,-0.008648896308898868,223.520712350151,56.82977419875138
27654146,-6.837792,-0.413484,3.527609103691101,49.416582269533535,132.35902530053352
27642682,-5.944202,2.107225,0.0009171036911010955,215.48568332119729,63.076962668031
27639838,-5.741227,-1.940841,3.221342103691101,69.85851141120497,207.11277271271155
27639838,-5.741227,-1.940841,3.221342103691101,69.85851141120497,207.11277271271155
27664311,-3.28174,2.283074,-0.030727896308898828,282.3683108896443,88.08494570581277
27671217,-1.577293,1.863241,-0.015720896308898835,360.15598065835775,206.2586404205988
27671217,-1.577293,1.863241,-0.015720896308898835,360.15598065835775,206.2586404205988
27630821,-6.308322,-0.27746,3.1841851036911013,60.4732677585213,138.7233325042232
27639843,-5.78239,-2.03335,3.080705103691101,77.1025323166771,208.7155754564419
27639843,-5.78239,-2.03335,3.080705103691101,77.1025323166771,208.7155754564419
27664321,-5.48088,2.31164,0.08694110369110097,220.99431906471355,52.852981214836745
27681939,-2.499171,2.7462,-0.0029688963088989606,357.321367040828,46.877157830667215
27656962,-3.111883,1.992377,-0.01116489630889883,276.32810405993393,118.0320249871322
27671237,-1.404603,1.501674,-0.018304896308898977,343.38705860993923,250.5507793633133
27671237,-1.404603,1.501674,-0.018304896308898977,343.38705860993923,250.5507793633133
27666339,-1.898751,-4.747927,0.732557103691101,168.84338775147643,363.6221299033887
27681948,-4.867885,2.023234,0.708503103691101,192.96145160303797,67.10027173967035
27666343,-2.267025,-5.021249,4.324702103691101,13.745975317708089,396.5635535418583
27661559,-4.388455,-0.005243,0.038569103691101114,208.0840070424973,186.89434207730895
27661559,-4.388455,-0.005243,0.038569103691101114,208.0840070424973,186.89434207730895
27679620,-3.341139,-0.296884,1.5757031036911011,137.56885221475596,229.8574251605644
27679620,-3.341139,-0.296884,1.5757031036911011,137.56885221475596,229.8574251605644
27679623,-3.308942,-0.34808,1.589464103691101,136.75063243298317,233.1616486442638
27681962,-1.778482,2.555351,-0.009239896308898876,419.8292861463982,102.5624200813478
27681962,-1.778482,2.555351,-0.009239896308898876,419.8292861463982,102.5624200813478
27681965,-5.81519,1.295293,0.08161810369110101,204.5649392459101,105.6576684074236
27679638,-4.633256,-4.395257,0.14735510369110116,176.4074652209519,274.6972317869868
27679638,-4.633256,-4.395257,0.14735510369110116,176.4074652209519,274.6972317869868
27664334,-5.625861,2.255363,-0.026501896308898987,223.18732818573972,57.39759672767971
27679643,-3.934777,-3.542032,0.40544310369110104,175.24246740756058,281.0001689765523
27664336,-7.334241,1.8416,3.282355103691101,37.82445163092856,8.243296626206984
27679649,-2.193641,-0.326815,-0.06925889630889892,240.79309341196225,276.3638988296892
27679655,-3.701937,-3.832654,0.5264181036911011,171.442318843618,292.15976260493744
27671261,-2.81706,-1.759135,1.708132103691101,130.91635432340126,296.2022456811809
27656998,-7.857739,1.436034,3.584504103691101,33.21110177125519,27.88453325298559
27675550,-6.816089,-0.407365,2.769578103691101,85.7428753209216,137.8831678168482
27666357,-2.12915,-4.956142,4.238083103691101,15.371472495117048,402.2921943768221
27661573,-4.408418,-0.123849,0.009237103691100979,207.8066013826064,190.5149475679061
27661573,-4.408418,-0.123849,0.009237103691100979,207.8066013826064,190.5149475679061
27679675,-2.61778,-2.534729,0.04470710369110109,201.37969237642255,305.3579936440915
27647227,-6.878191,-1.630664,4.312461103691101,26.36572092735176,170.52841607230738
27647227,-6.878191,-1.630664,4.312461103691101,26.36572092735176,170.52841607230738
27643560,-6.156475,-1.539816,3.017651103691101,78.61098059843746,186.65122454708785
27643560,-6.156475,-1.539816,3.017651103691101,78.61098059843746,186.65122454708785
27671281,-3.049749,-2.984838,0.30939910369110113,185.67257627462024,298.8032475506703
27657024,-8.024853,1.404187,3.078276103691101,64.18372941479578,38.206930868819455
27679708,-3.336826,-8.245399,2.8280151036911008,104.46254589221728,357.2704138329943
27679728,-2.220781,-14.303818,0.6275221036911011,153.4490654956822,388.6611864956823
27675587,-6.374893,-1.505718,3.706474103691101,48.42177279589686,179.00618374721356
27675587,-6.374893,-1.505718,3.706474103691101,48.42177279589686,179.00618374721356
27664365,-7.823905,1.560828,3.8541231036911014,13.402800810295872,14.355725629246308
27669015,-6.561782,0.50091,3.8582541036911007,11.376785997292814,89.77494989442741
27630847,-6.39289,-0.429734,3.417262103691101,50.63269774332713,141.6984576476985
27671303,-3.376022,-4.37759,2.5072971036911014,102.79379839778323,321.99492164843616
27666389,-2.372275,-7.967572,5.523428103691101,2.4857126728720687,416.3969002090654
27671312,-3.824107,-6.658324,3.6436281036911007,74.65344983996727,338.6584106130488
27666398,-1.929201,-6.034231,4.4033301036911014,20.957632186088176,417.9525454893554
27657047,-5.383692,1.748092,0.023648103691101152,217.2935532225393,89.35898331780592
27664383,-3.205198,2.109944,-0.03075389630889891,278.49765142750937,105.72922475724414
27633419,-5.074149,-0.273929,0.023584103691101088,199.6392627866332,179.82052193630636
27633419,-5.074149,-0.273929,0.023584103691101088,199.6392627866332,179.82052193630636
27666418,-1.755406,-6.76477,4.477298103691101,25.484985129335143,428.124410089338
27639066,-4.204059,1.522203,1.7667541036911012,121.41904085596184,95.76812984347056
27657080,-5.01766,1.671008,0.10544910369110116,217.6789814967244,97.86338211288462
27666425,-0.538229,0.575409,-0.0033418963088989173,336.3445604485117,389.5726465318404
27671333,-1.912374,-2.317623,-0.0060598963088989155,212.45747837708905,330.75576536850537
27647251,-5.567217,-0.989546,3.796582103691101,26.493605507434097,179.80679280126537
27647251,-5.567217,-0.989546,3.796582103691101,26.493605507434097,179.80679280126537
27666430,-1.739228,-7.194012,5.077908103691101,2.4996831599321467,438.7746052597604
27626873,-6.352153,-0.258751,3.385892103691101,49.744022243584055,135.57991292935856
27657096,-3.093627,1.703046,0.018974103691101085,264.9205081882997,140.69285662089416
27666436,-1.586532,-6.573705,4.312181103691101,28.815210848189796,433.9183354210353
27642720,-3.143944,1.796938,0.01296810369110113,266.72819148716786,132.20063112975305
27642724,-5.381207,1.883651,0.034764103691101056,218.67531101787475,81.53580651923943
27626884,-6.58386,-0.498399,3.119307103691101,68.43934001971209,142.93674981139094
27643609,-5.955495,-1.657041,2.9871291036911014,79.56991058772664,194.5178699129547
27666452,-0.488237,0.677851,0.044670103691101026,344.99569946163723,397.7798297040987
27654312,-6.203141,-1.29052,3.008973103691101,77.46869823561724,178.15211959351228
27654312,-6.203141,-1.29052,3.008973103691101,77.46869823561724,178.15211959351228
27666456,-1.810079,-13.647961,4.832158103691101,67.84510310326692,428.5640684521753
27608849,-7.352695,0.379415,2.882624103691101,78.08630493643076,97.51720319100332
27657120,-8.162153,0.344194,4.511380103691101,2.975586556103906,71.34561661421449
27682095,-2.492943,0.40711,-0.05381489630889891,249.54980597251068,236.67382515116097
27682107,-4.017483,-2.796062,-0.012241896308898825,191.130446933462,265.27217811818844
27682107,-4.017483,-2.796062,-0.012241896308898825,191.130446933462,265.27217811818844
27657132,-2.957026,1.57709,-0.02091289630889892,267.6421043210007,154.78996049797104
27666467,-1.454976,-9.619957,4.453913103691101,52.95551085333594,438.3053109045869
27654332,-6.084692,-1.297946,3.243619103691101,65.79983654602728,180.1623008496086
27654332,-6.084692,-1.297946,3.243619103691101,65.79983654602728,180.1623008496086
27677737,-0.87302,-1.882427,0.19138510369110118,223.97086290166564,387.0040627797248
27682119,-4.791146,-4.947899,1.6024291036911011,135.56686468648388,283.3469939257181
27677738,-0.647561,1.471967,0.013448103691101165,420.8996201058673,351.110475608216
27623213,-6.516914,-1.150154,3.056279103691101,76.30910574913625,167.2430833066134
27623213,-6.516914,-1.150154,3.056279103691101,76.30910574913625,167.2430833066134
27669131,-3.908375,0.767347,1.591553103691101,135.8653905131293,158.32596696549984
27675728,-1.446074,-3.942544,0.05485110369110102,199.5147385167366,368.76580629196974
27666491,-0.588699,-3.868874,-0.039430896308898955,211.71689321198969,408.5815067831575
27664446,-1.00886,1.886105,0.043492103691101125,428.7929516730352,266.1559523778744
27664446,-1.00886,1.886105,0.043492103691101125,428.7929516730352,266.1559523778744
27679979,-8.415283,2.341964,0.21520110369110101,186.46148918869272,33.272997035751104
27679980,-4.997856,2.501756,0.4158891036911011,214.73348987354927,34.96218258804018
27679989,-2.066771,2.738019,0.0017151036911011719,404.6094277386116,57.37334794543773
27657166,-4.40153,2.795589,-0.008877896308898903,259.8511314721084,23.58477840033217
27669170,-6.389345,-0.450002,3.069983103691101,68.87011423811413,144.93756068430196
27561717,-4.906066,1.257499,0.036315103691101136,216.72360218968305,122.6333838989502
27661711,-6.532073,-2.088083,3.254661103691101,74.76052232217762,193.4826902283764
27630897,-6.389887,-0.829553,2.995566103691101,75.76712406462357,159.28114303421506
27679994,-4.745785,2.168569,1.362474103691101,152.2123093972447,40.89566908001424
27647295,-5.555149,-1.316263,3.120696103691101,67.65933543710966,193.41544448284031
27647295,-5.555149,-1.316263,3.120696103691101,67.65933543710966,193.41544448284031
27669183,-3.378191,0.882771,1.9582381036911012,105.27984984121304,167.0950188714193
27669183,-3.378191,0.882771,1.9582381036911012,105.27984984121304,167.0950188714193
27661718,-5.701354,-1.48443,3.169701103691101,67.99416227580366,194.98480447206308
27661718,-5.701354,-1.48443,3.169701103691101,67.99416227580366,194.98480447206308
27623229,-6.307597,-1.105035,3.117992103691101,71.71852837097464,169.66879490694853
27623229,-6.307597,-1.105035,3.117992103691101,71.71852837097464,169.66879490694853
27671406,-1.735979,-11.264067,3.883870103691101,81.3685388431025,421.49953490160726
27657189,-4.700233,2.695525,0.06633010369110104,244.7080910032469,29.26208203265051
27682210,-5.56526,-3.47885,2.855775103691101,93.28855933529924,245.81483389984507
27682210,-5.56526,-3.47885,2.855775103691101,93.28855933529924,245.81483389984507
27671414,-1.492438,-9.793922,4.512852103691101,52.52683477408655,437.4568179593821
27630092,-5.590586,2.253678,0.07890610369110118,218.8562455114174,55.891347338955455
27657193,-4.624372,2.688167,-0.014913896308898833,250.97082498302743,32.589358305113734
27626927,-6.272159,-0.646343,3.061204103691101,70.18248512750242,154.66057176504637
27626927,-6.272159,-0.646343,3.061204103691101,70.18248512750242,154.66057176504637
27639937,-5.545506,-2.41131,3.072226103691101,78.70873330727179,223.98852288823264
27639937,-5.545506,-2.41131,3.072226103691101,78.70873330727179,223.98852288823264
27657206,-4.843603,2.623426,0.06482210369110097,239.75051446741315,34.71569887616354
27680032,-5.641187,1.244442,0.7595391036911011,176.4887006958415,103.06022779802814
27661752,-6.825551,-2.575522,3.368551103691101,75.26559597324135,199.56159263718013
27574965,-5.612107,2.258719,0.076201103691101,218.7380744296642,55.43127304507885
27682264,-1.609332,-3.918547,0.6716181036911011,176.0362428117385,369.10907988988185
27680043,-4.452693,1.341847,0.8179081036911011,184.1452370158172,118.13073896072169
27647314,-7.400336,-2.552799,4.702826103691101,26.46124643645865,185.7025219319422
27682278,-1.784318,-12.009937,1.5034131036911011,139.04641330982116,399.9256730060637
27657224,-4.914072,2.553931,-0.005740896308898957,240.4335585424156,41.66181226218976
27657227,-5.023359,2.527803,0.08579210369110113,232.83513863641207,40.76631268254937
27634478,-3.282517,2.798398,-0.012044896308898823,305.7436643040303,30.16823716514412
27654527,-6.22103,-2.591858,3.2528321036911008,76.44185179663344,212.4996678761425
27654527,-6.22103,-2.591858,3.2528321036911008,76.44185179663344,212.4996678761425
27669282,-6.226888,-1.216483,0.08424410369110102,184.09904390837212,183.5848043685045
27657261,-5.504422,2.326363,0.07420710369110117,221.45808392875912,51.9170440659536
27626332,-5.858684,1.523536,0.01952810369110103,208.94450847005703,94.88169642218722
27673721,-4.787229,2.579158,0.4896471036911011,215.4533308645176,27.425586516050828
27649432,-1.107828,1.916782,-0.007314896308898922,421.91012849685774,249.14243005775128
27649432,-1.107828,1.916782,-0.007314896308898922,421.91012849685774,249.14243005775128
27680082,-1.459641,2.212489,-0.01577689630889889,415.40969016909406,177.61661835238868
27680082,-1.459641,2.212489,-0.01577689630889889,415.40969016909406,177.61661835238868
27673724,-8.021734,2.354652,1.656368103691101,129.6912708867687,9.029685686854322
27630942,-6.449874,-1.06581,3.032958103691101,76.28431450372352,165.90920363844998
27630942,-6.449874,-1.06581,3.032958103691101,76.28431450372352,165.90920363844998
27673726,-8.206662,2.355874,1.2923801036911011,145.8289602999739,15.613048017447085
27657280,-3.360461,2.2896,0.015973103691101054,276.5473440912449,84.62268569309933
27647337,-6.118559,-1.965192,3.161112103691101,75.2381450112191,199.1318435123383
27647337,-6.118559,-1.965192,3.161112103691101,75.2381450112191,199.1318435123383
27664535,-8.843094,0.18106,4.790637103691101,1.843186603173592,69.74786166807877
27643682,-5.748913,-1.869857,3.066535103691101,76.31021056627151,205.13532573774435
27643682,-5.748913,-1.869857,3.066535103691101,76.31021056627151,205.13532573774435
27630955,-6.158141,-0.958163,3.072467103691101,71.52361982013437,168.00072519927613
27630955,-6.158141,-0.958163,3.072467103691101,71.52361982013437,168.00072519927613
27669319,-3.209844,0.580406,1.959511103691101,106.56280807406698,193.8557880838161
27657329,-3.32866,2.210984,0.008251103691101047,275.22776220081914,92.81849668178242
27630979,-6.226924,-1.028623,3.4264591036911014,55.40589622988463,167.45042300252285
27610383,-4.536274,2.718962,0.2991361036911011,235.5423587585828,20.97841807467401
27647354,-5.837797,-1.829951,3.234017103691101,69.05422454561474,201.72799357378813
27647354,-5.837797,-1.829951,3.234017103691101,69.05422454561474,201.72799357378813
27657344,-6.076332,2.036279,0.08828210369110101,209.27230716080277,64.55995375429418
27682705,-4.051166,-3.718756,0.6994001036911011,165.23229361391626,281.7039332073456
27682718,-1.790138,-1.078321,0.066757103691101,227.89038877940555,317.1942066839296
27682730,-1.888873,-2.434804,0.15434310369110116,205.08065354202333,335.1817680346238
27682733,-3.696866,-8.061211,2.912093103691101,102.39655130689076,347.0870926213861
27682736,-0.871992,1.63614,-0.001167896308899019,413.7497792478995,304.62173846376953
27682783,-1.763011,-11.885677,3.322074103691101,98.06629189484237,415.60388421386057
27682800,-0.538033,-2.079836,0.8963721036911011,187.2717795746115,431.1876668908748
27682804,-0.270958,-2.191174,0.13980010369110119,231.9269384193642,431.73322070924473
27682961,-4.567122,2.662812,0.9083301036911011,192.2772998827574,6.218979946998616
27682978,-4.687056,2.082355,1.094902103691101,171.15041170719877,56.03409117921018
27682982,-4.857035,2.040577,0.859316103691101,184.2725174797733,62.78447025268082
27683019,-3.912263,0.818888,1.7374511036911011,125.40673851461209,153.8550530449122
27683029,-3.243715,0.82284,1.948909103691101,105.76892638223754,177.0333245685519
27683031,-3.75715,0.449097,1.586935103691101,136.38535615647768,180.74522159997247
27683055,-1.69515,1.751336,-0.013909896308898828,340.2147647571096,206.9571095167269
27683143,-4.780196,-4.850105,1.625489103691101,134.89316683369492,282.4433201256311
27683144,-4.566479,-4.393276,1.436029103691101,140.68178010151848,280.8683506196516
27683149,-2.263929,-0.195738,-0.07345789630889898,242.2312811127047,268.9186003394277
27561902,-4.698621,0.49864,0.001987103691101,211.54182496376623,160.89708275542054
27601357,-6.838163,-0.752342,4.078222103691101,25.1030058435656,141.74854361143807
27601357,-6.838163,-0.752342,4.078222103691101,25.1030058435656,141.74854361143807
27661867,-5.496381,-2.149767,3.3654641036911013,63.19815856920499,218.7714380827525
27661867,-5.496381,-2.149767,3.3654641036911013,63.19815856920499,218.7714380827525
27654600,-3.772254,-1.392332,0.043005103691101,200.92466749962347,244.12365263213724
27654600,-3.772254,-1.392332,0.043005103691101,200.92466749962347,244.12365263213724
27647365,-3.896608,-1.224062,0.021771103691101024,202.02380910490643,236.33826730739185
27647365,-3.896608,-1.224062,0.021771103691101024,202.02380910490643,236.33826730739185
27647369,-5.912565,-2.036195,3.004448103691101,81.16267381696738,205.8223173070988
27647369,-5.912565,-2.036195,3.004448103691101,81.16267381696738,205.8223173070988
27661875,-3.943077,-1.130933,0.020021103691101105,202.47419198869463,232.6516575660501
27626975,-6.809988,-0.839703,4.193192103691101,19.86679202519153,144.8724931210338
27626975,-6.809988,-0.839703,4.193192103691101,19.86679202519153,144.8724931210338
27661879,-6.559562,-3.08594,4.462116103691101,34.07528158881641,216.20432017599083
27661879,-6.559562,-3.08594,4.462116103691101,34.07528158881641,216.20432017599083
27661880,-5.566784,-2.317493,3.221181103691101,71.69926191375049,221.2217566525852
27661880,-5.566784,-2.317493,3.221181103691101,71.69926191375049,221.2217566525852
27664574,-8.455067,-0.053944,4.681068103691101,5.541887188279702,85.01420362991013
27654608,-6.007651,-3.04723,3.237175103691101,78.79615602844422,227.390851637594
27654608,-6.007651,-3.04723,3.237175103691101,78.79615602844422,227.390851637594
27622465,-5.3406,1.816393,0.03786810369110105,218.18161916947625,85.88525521200091
27639201,-7.54017,0.781664,4.187176103691101,2.6010998718780627,58.13856356651249
27682438,-7.773239,1.370875,3.772957103691101,21.40911396608976,28.599068887220028
27639204,-4.679013,0.575804,0.019876103691101044,211.91547028533964,158.133817704864
27647382,-5.975705,-2.191089,3.025983103691101,81.61796637932397,208.3421545301466
27647382,-5.975705,-2.191089,3.025983103691101,81.61796637932397,208.3421545301466
27661885,-5.638706,-2.387944,3.4495201036911007,62.68357930603207,221.223938585922
27661885,-5.638706,-2.387944,3.4495201036911007,62.68357930603207,221.223938585922
27638442,-3.617259,2.923668,0.019106103691101106,292.86967952338864,10.934520296089346
27647392,-5.907243,-2.18324,3.131459103691101,76.76209080472137,209.63911434516908
27647392,-5.907243,-2.18324,3.131459103691101,76.76209080472137,209.63911434516908
27661896,-5.674925,-2.538653,3.466239103691101,63.560842756972704,224.00367033987555
27661896,-5.674925,-2.538653,3.466239103691101,63.560842756972704,224.00367033987555
27649556,-3.588133,2.988777,-0.025767896308898974,300.65675789621355,4.325338554757593
27654625,-5.241872,-2.382139,3.1546341036911008,72.95010876940086,231.2372125884864
27654625,-5.241872,-2.382139,3.1546341036911008,72.95010876940086,231.2372125884864
27626980,-6.801424,-0.850692,4.390734103691101,9.01205775073197,144.15355235798472
27626980,-6.801424,-0.850692,4.390734103691101,9.01205775073197,144.15355235798472
27647403,-5.998655,-2.352479,3.047232103691101,81.89245820673452,211.807668199426
27647403,-5.998655,-2.352479,3.047232103691101,81.89245820673452,211.807668199426
27661901,-6.265187,-3.032474,4.353012103691101,35.15479717671073,221.6710020305639
27661901,-6.265187,-3.032474,4.353012103691101,35.15479717671073,221.6710020305639
27567467,-6.942073,-0.502156,4.138069103691101,19.348793341669733,129.44431504372022
27567467,-6.942073,-0.502156,4.138069103691101,19.348793341669733,129.44431504372022
27631002,-6.556676,-1.149212,4.343294103691101,12.984939759709846,160.52577539483087
27631002,-6.556676,-1.149212,4.343294103691101,12.984939759709846,160.52577539483087
27661902,-5.62694,-2.51558,3.542714103691101,59.58769777702594,224.69678385104683
27661902,-5.62694,-2.51558,3.542714103691101,59.58769777702594,224.69678385104683
27664601,-7.725959,-0.085551,4.433607103691101,7.940552040855152,97.19554006116168
27587466,-5.245546,1.569851,0.007616103691101106,217.5094842975381,101.20157962707512
27661909,-5.783072,-2.804287,3.0353311036911013,83.99268322733474,227.2182282707101
27661909,-5.783072,-2.804287,3.0353311036911013,83.99268322733474,227.2182282707101
27619126,-7.333176,0.510638,4.208667103691101,2.964821153616896,74.92904721951103
27669408,-5.729207,-1.518338,3.173871103691101,68.31950812011124,195.33740939005145
27669408,-5.729207,-1.518338,3.173871103691101,68.31950812011124,195.33740939005145
27612402,-8.179857,2.631143,0.5562161036911011,177.0013244586101,13.54617656955716
27647419,-5.496109,-1.985607,3.177854103691101,70.44200148245719,214.44071083266465
27647419,-5.496109,-1.985607,3.177854103691101,70.44200148245719,214.44071083266465
27664619,-7.894224,-0.302814,4.529660103691101,9.118671386358926,103.64751644153284
27572872,-6.357424,-1.995651,4.151428103691101,32.77276336448955,192.9768124559331
27572872,-6.357424,-1.995651,4.151428103691101,32.77276336448955,192.9768124559331
27643713,-5.752112,-2.103081,3.089678103691101,77.02937075059793,211.25092037508503
27643713,-5.752112,-2.103081,3.089678103691101,77.02937075059793,211.25092037508503
27623289,-3.800993,-1.662317,-0.0033768963088989246,200.12139337506096,249.328548143602
27623289,-3.800993,-1.662317,-0.0033768963088989246,200.12139337506096,249.328548143602
27638456,-1.083898,1.967022,-0.008107896308898965,433.88109623246487,247.28262820214
27638456,-1.083898,1.967022,-0.008107896308898965,433.88109623246487,247.28262820214
27661915,-3.865294,-1.2766,0.014851103691100986,202.1039957056204,238.53273625561357
27661915,-3.865294,-1.2766,0.014851103691100986,202.1039957056204,238.53273625561357
27664637,-4.69023,1.082827,0.05854310369110105,216.35863057422367,135.19066208018475
27654652,-3.732853,-1.620081,0.030253103691101124,199.8471709144549,250.49893424322636
27654652,-3.732853,-1.620081,0.030253103691101124,199.8471709144549,250.49893424322636
27647436,-5.914666,-2.539855,3.0447231036911013,82.70904688859596,218.18145899302291
27647436,-5.914666,-2.539855,3.0447231036911013,82.70904688859596,218.18145899302291
27647440,-5.942844,-2.578853,3.171272103691101,78.03191745851032,218.44835323646384
27647440,-5.942844,-2.578853,3.171272103691101,78.03191745851032,218.44835323646384
27664642,-7.851823,-0.47204,4.507504103691101,12.438632272612525,111.44242664348806
27643719,-5.605455,-1.989401,3.197685103691101,70.35812675967261,211.77568814508248
27643719,-5.605455,-1.989401,3.197685103691101,70.35812675967261,211.77568814508248
27639224,-4.675,0.516191,0.013142103691101026,211.5597995771351,160.66688303272483
27654665,-3.674376,-1.648949,0.027774103691101004,200.1955108010403,252.89178266119112
27647444,-3.760919,-1.53876,0.023421103691101175,200.5121838086068,247.81325777099468
27647444,-3.760919,-1.53876,0.023421103691101175,200.5121838086068,247.81325777099468
27646247,-3.458474,2.572175,0.02594910369110104,283.4991249725579,53.82639100964471
27682487,-1.806362,2.168221,-0.008248896308898912,367.600655800091,156.91655350984726
27682487,-1.806362,2.168221,-0.008248896308898912,367.600655800091,156.91655350984726
27638462,-3.504422,2.785885,-0.03167989630889889,295.00635017783225,30.73592700357653
27647448,-5.510602,-2.203135,3.1969321036911014,71.4741992522219,219.7627253162996
27647448,-5.510602,-2.203135,3.1969321036911014,71.4741992522219,219.7627253162996
27669432,-5.947746,-1.801632,3.544544103691101,55.258265501936194,197.8730150080341
27669432,-5.947746,-1.801632,3.544544103691101,55.258265501936194,197.8730150080341
27661924,-6.901659,-3.825547,4.744180103691101,33.918067779306995,224.72114398487423
27661924,-6.901659,-3.825547,4.744180103691101,33.918067779306995,224.72114398487423
27630165,-5.392021,1.867941,0.026563103691101153,218.67263117614849,82.43249816184755
27616205,-5.204367,1.49087,0.009414103691101072,216.9482732089119,105.95683027260644
27669440,-6.104986,-2.046944,3.0440811036911013,80.64666356112562,201.7475595550168
27669440,-6.104986,-2.046944,3.0440811036911013,80.64666356112562,201.7475595550168
27661932,-6.27564,-3.453654,3.3161121036911014,79.65647678866495,229.78830965859623
27661932,-6.27564,-3.453654,3.3161121036911014,79.65647678866495,229.78830965859623
27551213,-7.199841,0.196365,4.200641103691101,7.355349106177755,93.0337156923946
27643728,-5.726705,-2.122231,3.434042103691101,61.6537961174443,212.2050264603007
27643728,-5.726705,-2.122231,3.434042103691101,61.6537961174443,212.2050264603007
27647459,-5.893027,-2.671789,3.055669103691101,82.95946474600865,221.7123123360407
27647459,-5.893027,-2.671789,3.055669103691101,82.95946474600865,221.7123123360407
27642856,-5.086823,1.430923,0.045168103691101136,216.17759705746897,110.552711070104
27643729,-5.719642,-2.1789,3.086478103691101,77.511919867687,213.97625384652392
27643729,-5.719642,-2.1789,3.086478103691101,77.511919867687,213.97625384652392
27562038,-6.331203,-1.209412,3.4872961036911008,55.34295584837761,171.15524693251032
27562038,-6.331203,-1.209412,3.4872961036911008,55.34295584837761,171.15524693251032
27680321,-5.567452,-3.207243,1.023857103691101,152.61019624653545,237.95631898051863
27646258,-3.442267,2.529446,0.026056103691101118,282.3497277995811,58.68099812890995
27654707,-3.586771,-1.813065,-0.00314789630889889,200.69753508324968,258.9922476471912
27654707,-3.586771,-1.813065,-0.00314789630889889,200.69753508324968,258.9922476471912
27664683,-7.237457,-0.60196,4.513382103691101,4.793358272826367,125.67351002206765
27680332,-4.802057,-5.049274,3.166652103691101,86.74494672239251,290.995201527606
27680332,-4.802057,-5.049274,3.166652103691101,86.74494672239251,290.995201527606
27664684,-6.884644,-0.370456,4.100901103691101,18.36587146624004,125.13334837218451
27664688,-7.054442,-0.496996,4.2568531036911015,14.346175931227831,126.39324384368612
27654716,-3.542933,-1.855156,0.008417103691101158,200.3215530006389,261.26022087066093
27654716,-3.542933,-1.855156,0.008417103691101158,200.3215530006389,261.26022087066093
27647478,-3.709537,-1.631864,0.026364103691101093,200.08645094848956,251.44907001372832
27647478,-3.709537,-1.631864,0.026364103691101093,200.08645094848956,251.44907001372832
27643735,-5.87377,-2.365764,3.0192741036911013,82.45124161538166,214.99143369787836
27643735,-5.87377,-2.365764,3.0192741036911013,82.45124161538166,214.99143369787836
27680341,-1.399274,1.39506,-0.005617896308898862,334.53441192693776,258.20454023855234
27680341,-1.399274,1.39506,-0.005617896308898862,334.53441192693776,258.20454023855234
27669451,-6.212359,-2.18748,3.198770103691101,75.82031307337968,202.84684455930253
27669451,-6.212359,-2.18748,3.198770103691101,75.82031307337968,202.84684455930253
27661954,-6.099179,-3.406252,3.291415103691101,79.40361121608916,232.70557197152343
27661954,-6.099179,-3.406252,3.291415103691101,79.40361121608916,232.70557197152343
27664705,-6.660245,-0.463425,4.277103103691101,6.023988025911763,131.55767687853267
27647489,-5.298919,-2.254791,3.1506501036911008,72.50423490327117,226.567828166062
27647489,-5.298919,-2.254791,3.1506501036911008,72.50423490327117,226.567828166062
27661957,-3.782538,-1.358011,0.04464910369110098,201.0637079323609,243.00368125512972
27661957,-3.782538,-1.358011,0.04464910369110098,201.0637079323609,243.00368125512972
27647490,-5.895443,-2.844332,3.194812103691101,78.55821069118201,225.5680499187578
27647490,-5.895443,-2.844332,3.194812103691101,78.55821069118201,225.5680499187578
27630185,-5.307385,1.799786,0.05122910369110101,217.82029676437568,87.08093639463817
27647501,-5.406035,-2.356198,3.373919103691101,63.98016521657635,226.4091969020424
27647501,-5.406035,-2.356198,3.373919103691101,63.98016521657635,226.4091969020424
27664719,-4.759808,0.735639,0.01325810369110103,213.08080940649612,149.75948500875242
27654743,-3.108007,-0.983399,1.615523103691101,135.4613934108973,262.92034576536264
27654743,-3.108007,-0.983399,1.615523103691101,135.4613934108973,262.92034576536264
27575292,-6.472572,-1.595493,3.8187421036911013,45.06597674273601,179.38239793009632
27575292,-6.472572,-1.595493,3.8187421036911013,45.06597674273601,179.38239793009632
27661970,-6.095699,-3.361573,4.332777103691101,38.00797141992536,232.96463882917672
27661970,-6.095699,-3.361573,4.332777103691101,38.00797141992536,232.96463882917672
27664726,-6.189971,-0.30684,3.935657103691101,15.78443164626006,136.3393807255136
27664726,-6.189971,-0.30684,3.935657103691101,15.78443164626006,136.3393807255136
27551276,-7.213277,-0.315233,4.277660103691101,12.522651134128182,115.95223322640392
27680370,-1.00724,1.807228,-0.008240896308898904,420.1809218857468,272.28023533709256
27680370,-1.00724,1.807228,-0.008240896308898904,420.1809218857468,272.28023533709256
27619215,-6.733025,0.125526,4.032020103691101,10.875970775124216,105.11387479685574
27680377,-0.940434,1.777632,-0.007586896308898972,425.6743692696723,284.2032200711023
27680377,-0.940434,1.777632,-0.007586896308898972,425.6743692696723,284.2032200711023
27664735,-6.82615,-0.521928,3.5255081036911013,50.67675496929255,136.846347204507
27664736,-6.655638,-0.394038,3.273020103691101,60.38061814969561,136.57011899486952
27646270,-3.433968,2.488913,0.021484103691101097,281.2864587014125,63.23635023942919
27661976,-5.80659,-3.27768,3.207395103691101,80.2877375121218,236.7595092904793
27661976,-5.80659,-3.27768,3.207395103691101,80.2877375121218,236.7595092904793
27647518,-5.059196,-2.164452,3.085914103691101,73.06582045556485,230.80656332077052
27647518,-5.059196,-2.164452,3.085914103691101,73.06582045556485,230.80656332077052
27643754,-5.845344,-2.484334,3.028872103691101,82.64725661898112,218.48233771242647
27643754,-5.845344,-2.484334,3.028872103691101,82.64725661898112,218.48233771242647
27657472,-5.226667,1.58101,0.013454103691101116,217.6590284470041,100.82117549006335
27562125,-6.24513,-1.841279,4.138318103691101,30.019686781258,190.99458876081803
27562125,-6.24513,-1.841279,4.138318103691101,30.019686781258,190.99458876081803
27562127,-5.938606,-1.532101,3.227761103691101,67.51799688021566,190.73876652991112
27562127,-5.938606,-1.532101,3.227761103691101,67.51799688021566,190.73876652991112
27673940,-7.09049,-0.116638,3.090837103691101,70.33782979147006,119.9750288132707
27572960,-6.960109,-0.468597,4.0317871036911015,24.937303768323005,128.61182213112602
27669485,-5.919719,-2.213186,3.023399103691101,81.5619552431703,210.1732960127717
27669485,-5.919719,-2.213186,3.023399103691101,81.5619552431703,210.1732960127717
27678011,-7.206108,0.094119,3.744154103691101,35.57224091612858,103.07484684456244
27664758,-7.230725,-1.057266,4.433129103691101,16.633589825103712,143.9937397426261
27664758,-7.230725,-1.057266,4.433129103691101,16.633589825103712,143.9937397426261
27643758,-3.730474,-1.65024,0.021173103691101147,199.9457361648493,251.2136857658085
27643758,-3.730474,-1.65024,0.021173103691101147,199.9457361648493,251.2136857658085
27638481,-3.541499,2.746512,0.0237621036911011,287.7334007225186,33.108568338017534
27669490,-5.691517,-2.035982,3.067930103691101,77.11444903149996,210.96791997776077
27669490,-5.691517,-2.035982,3.067930103691101,77.11444903149996,210.96791997776077
27664772,-6.370358,-0.473214,3.4031471036911007,51.67611421064274,143.9757380611457
27627028,-6.847005,-1.09689,4.453693103691101,10.546312368223369,152.2638037081343
27657488,-7.769049,1.463537,3.973311103691101,6.489206563225565,18.44480910861984
27619228,-7.333243,-0.152032,4.282285103691101,11.3000741626781,106.92499722879089
27592586,-6.595081,-0.236277,3.4428101036911007,49.0799594281514,129.84313713097052
27676033,-8.214,2.360969,1.575663103691101,133.3737113137202,10.076569433965886
27676034,-4.708608,2.648484,0.2649011036911011,231.98894821579665,27.893106840049427
27680434,-0.447438,1.192046,-0.006714896308898988,409.75889256142176,395.2737443080404
27584964,-6.840767,-0.739653,4.173885103691101,19.75588309351508,140.548662009032
27584964,-6.840767,-0.739653,4.173885103691101,19.75588309351508,140.548662009032
27654797,-3.441227,-2.54577,0.07054410369110098,193.89112555351244,277.7797267267946
27664795,-7.436487,-1.349856,4.503471103691101,20.23566227790434,150.27831807128194
27664795,-7.436487,-1.349856,4.503471103691101,20.23566227790434,150.27831807128194
27676043,-8.173045,2.356443,0.6872911036911011,170.5934225955669,26.01424147432428
27572980,-6.240119,-1.066324,3.243541103691101,64.90606681548644,169.2496944170367
27572980,-6.240119,-1.066324,3.243541103691101,64.90606681548644,169.2496944170367
27609782,-7.205414,0.096012,3.349137103691101,56.44190844518994,107.05483689814298
27647559,-5.576323,-3.015622,3.129544103691101,80.49931592975994,236.83627484189373
27647559,-5.576323,-3.015622,3.129544103691101,80.49931592975994,236.83627484189373
27676049,-7.591212,1.382209,3.584211103691101,30.139997671459724,32.30459771072236
27643771,-5.717882,-2.421507,3.1119511036911014,78.11498088551215,220.01607425797917
27643771,-5.717882,-2.421507,3.1119511036911014,78.11498088551215,220.01607425797917
27654825,-4.519361,-3.505256,3.8186871036911008,47.02345617770269,278.66530057377656
27654825,-4.519361,-3.505256,3.8186871036911008,47.02345617770269,278.66530057377656
27676054,-4.692174,2.076693,1.1810451036911012,165.13453787080584,54.356474124165146
27664814,-6.437938,-0.700942,3.4543871036911007,52.39619867392332,151.20262984862475
27664814,-6.437938,-0.700942,3.4543871036911007,52.39619867392332,151.20262984862475
27669526,-5.991469,-2.559891,3.1864151036911013,77.57164647556581,216.8900794682729
27669526,-5.991469,-2.559891,3.1864151036911013,77.57164647556581,216.8900794682729
27662007,-3.72792,-1.602557,0.03401410369110103,199.89660531177705,250.26588880424904
27662007,-3.72792,-1.602557,0.03401410369110103,199.89660531177705,250.26588880424904
27605726,-3.704623,-1.654775,0.021551103691101137,200.11319725792964,252.08931465021763
27605726,-3.704623,-1.654775,0.021551103691101137,200.11319725792964,252.08931465021763
27638497,-1.107323,1.919047,-0.006521896308898878,422.2819445807544,248.9978364586004
27638497,-1.107323,1.919047,-0.006521896308898878,422.2819445807544,248.9978364586004
27664828,-6.654947,-1.093531,4.139425103691101,24.5166711007532,157.5934978081543
27664828,-6.654947,-1.093531,4.139425103691101,24.5166711007532,157.5934978081543
27664829,-6.412673,-0.798271,3.5468921036911008,48.513334954613015,154.79723154479382
27664830,-6.272109,-0.693851,3.401593103691101,53.34747841281376,154.50290982870706
27664830,-6.272109,-0.693851,3.401593103691101,53.34747841281376,154.50290982870706
27635797,-2.934175,2.052965,-0.0014378963088990115,285.3326323291615,118.04271814576325
27639283,-7.524569,0.355542,4.330423103691101,2.147183734109575,79.43173189739929
27676067,-3.71285,1.772901,1.9515601036911012,99.75555571251022,78.67793228895505
27647582,-3.160807,-0.819932,1.5930681036911012,136.69162732755763,255.58773293447643
27647582,-3.160807,-0.819932,1.5930681036911012,136.69162732755763,255.58773293447643
27664843,-6.083064,-0.593278,3.158440103691101,63.10796175861938,155.90874038600492
27664843,-6.083064,-0.593278,3.158440103691101,63.10796175861938,155.90874038600492
27654845,-5.880022,-5.89999,4.683938103691101,46.68586158292294,281.3008414957929
27654845,-5.880022,-5.89999,4.683938103691101,46.68586158292294,281.3008414957929
27643780,-5.826903,-2.578617,3.031158103691101,83.03603829014764,221.11144600658983
27643780,-5.826903,-2.578617,3.031158103691101,83.03603829014764,221.11144600658983
27654847,-3.61443,-3.487399,0.0509041036911011,187.75970891474807,287.4671787033844
27647590,-3.148875,-0.791018,1.761618103691101,126.6152015080231,255.98459951775615
27647590,-3.148875,-0.791018,1.761618103691101,126.6152015080231,255.98459951775615
27642893,-5.792559,1.255764,0.0019511036911010748,207.5593924146533,108.62546546615344
27642894,-4.993881,1.319794,0.03686210369110099,216.3358913886701,117.91742943530078
27654851,-4.27517,-3.311896,4.547296103691101,3.1558307956901785,287.7336947993785
27654851,-4.27517,-3.311896,4.547296103691101,3.1558307956901785,287.7336947993785
27635807,-5.2975,2.411068,0.06909810369110114,226.4647113674896,47.817417469420405
27638512,-4.256256,2.879408,-0.023102896308898835,267.996288247148,16.068296622696465
27662021,-3.170958,-0.758647,1.7301571036911012,128.48876280693077,253.82049211715568
27662021,-3.170958,-0.758647,1.7301571036911012,128.48876280693077,253.82049211715568
27619248,-7.168214,-0.23226,4.256692103691101,11.522546374877692,113.16287516072929
27664857,-6.562437,-0.896768,3.0391371036911012,75.44543989180474,158.09937300357933
27664857,-6.562437,-0.896768,3.0391371036911012,75.44543989180474,158.09937300357933
27647610,-3.516685,-2.239087,0.04021610369110107,196.50191670010935,269.7744280762744
27647610,-3.516685,-2.239087,0.04021610369110107,196.50191670010935,269.7744280762744
27631075,-3.773906,-1.35175,0.04156410369110097,201.3052462821523,243.10525132504637
27631075,-3.773906,-1.35175,0.04156410369110097,201.3052462821523,243.10525132504637
27654864,-4.317147,-3.585408,4.619028103691101,4.845542380534965,291.7357502732268
27654864,-4.317147,-3.585408,4.619028103691101,4.845542380534965,291.7357502732268
27664866,-6.358646,-0.970305,3.464874103691101,54.1198299413532,162.52095217219735
27664866,-6.358646,-0.970305,3.464874103691101,54.1198299413532,162.52095217219735
27654873,-3.027676,-2.786123,0.028742103691101084,196.6456033909745,294.7569461392605
27669555,-5.972094,-2.758037,3.076142103691101,83.06557179062918,221.84506171452009
27669555,-5.972094,-2.758037,3.076142103691101,83.06557179062918,221.84506171452009
27657596,-7.867579,0.557572,4.383484103691101,1.1478696594928977,64.78307476834343
27619257,-6.509994,-0.384225,3.438262103691101,50.224777730621724,137.536871840559
27669560,-5.44823,-2.258675,3.381588103691101,63.070461770479056,222.84612585238173
27669560,-5.44823,-2.258675,3.381588103691101,63.070461770479056,222.84612585238173
27654881,-2.789732,-2.512449,0.007196103691101019,201.40986626749452,298.46263455372565
27662034,-3.141928,-0.818003,1.737659103691101,128.1146814643644,257.0341672702398
27662034,-3.141928,-0.818003,1.737659103691101,128.1146814643644,257.0341672702398
27649839,-3.519965,2.839192,-0.02600889630889891,296.48943819269533,23.874319259459757
27664879,-3.845693,0.643373,1.5953521036911011,135.69378243070898,167.34725013836672
27664879,-3.845693,0.643373,1.5953521036911011,135.69378243070898,167.34725013836672
27676093,-3.542328,1.364427,1.952302103691101,102.61534343444244,123.46596457529093
27567696,-6.165755,-2.187335,4.360015103691101,22.827522237926843,202.53693084634168
27567696,-6.165755,-2.187335,4.360015103691101,22.827522237926843,202.53693084634168
27657611,-7.446981,0.535672,4.241218103691101,2.5439375227851717,71.92818570132641
27662036,-3.622839,-1.736238,0.01678410369110117,200.3133485813582,256.3241218643141
27662036,-3.622839,-1.736238,0.01678410369110117,200.3133485813582,256.3241218643141
27669565,-5.209614,-2.09285,3.120515103691101,71.92688632915468,224.82887489505288
27669565,-5.209614,-2.09285,3.120515103691101,71.92688632915468,224.82887489505288
27669566,-5.609555,-2.50707,3.099745103691101,78.57872009887734,224.6882896993416
27669566,-5.609555,-2.50707,3.099745103691101,78.57872009887734,224.6882896993416
27582493,-6.940807,1.890571,3.121065103691101,41.960607500248216,8.821747085484276
27606564,-6.98533,1.902971,3.300655103691101,29.52269842492117,3.1904634387699677
27657627,-8.280679,0.213555,4.569350103691101,4.101727255070074,75.82599714754676
27612432,-5.38335,1.776157,0.016888103691101053,217.97210540852663,87.89517818859736
27654917,-4.125964,-3.816154,4.581276103691101,7.904396549549375,302.6550540346915
27654917,-4.125964,-3.816154,4.581276103691101,7.904396549549375,302.6550540346915
27619282,-6.436414,-0.485042,3.4261051036911008,51.30486671150632,143.0463494189073
27619282,-6.436414,-0.485042,3.4261051036911008,51.30486671150632,143.0463494189073
27606568,-6.947094,1.876919,2.9214391036911014,56.04419234259567,14.759096895531911
27639315,-7.256572,0.24269,4.238735103691101,5.128499244264589,89.50597334820554
27551479,-6.194203,-0.999932,3.235132103691101,64.29666704110804,167.97983839742128
27551479,-6.194203,-0.999932,3.235132103691101,64.29666704110804,167.97983839742128
27647665,-3.070517,-1.247675,1.626500103691101,134.9406928598316,271.9589309802167
27647665,-3.070517,-1.247675,1.626500103691101,134.9406928598316,271.9589309802167
27662055,-3.090151,-0.89615,1.764227103691101,126.61202045927632,261.92177316043296
27662055,-3.090151,-0.89615,1.764227103691101,126.61202045927632,261.92177316043296
27627063,-6.192718,-1.334142,3.120513103691101,72.67120960421207,179.37224376943243
27627063,-6.192718,-1.334142,3.120513103691101,72.67120960421207,179.37224376943243
27669594,-5.825581,-2.924432,3.182776103691101,79.16169963229603,228.9412698140457
27669594,-5.825581,-2.924432,3.182776103691101,79.16169963229603,228.9412698140457
27551487,-6.262066,-1.105215,3.455241103691101,55.14338644229014,169.2252260619385
27585110,-6.826926,-0.736632,4.147220103691101,20.96335225322264,140.86395712850617
27585110,-6.826926,-0.736632,4.147220103691101,20.96335225322264,140.86395712850617
27631088,-3.745387,-1.40372,0.04747910369110109,200.9021122151809,245.2089380778207
27631088,-3.745387,-1.40372,0.04747910369110109,200.9021122151809,245.2089380778207
27578020,-7.11972,-0.079603,4.207002103691101,10.834374960187604,107.40753406708826
27585115,-6.349535,-1.877654,3.946833103691101,40.99800902044569,190.1575843278096
27585115,-6.349535,-1.877654,3.946833103691101,40.99800902044569,190.1575843278096
27619302,-6.748361,-0.442036,4.119269103691101,16.41874567922744,130.37809043356728
27619302,-6.748361,-0.442036,4.119269103691101,16.41874567922744,130.37809043356728
27596370,-5.868082,-0.555115,3.091472103691101,64.27378716088609,159.35376024012908
27596370,-5.868082,-0.555115,3.091472103691101,64.27378716088609,159.35376024012908
27664929,-5.280996,1.703351,0.058176103691101044,216.5694091397968,92.7812720373876
27669602,-3.913582,-1.15944,0.029379103691101083,202.1511719884685,234.2393035770202
27669602,-3.913582,-1.15944,0.029379103691101083,202.1511719884685,234.2393035770202
27634672,-7.281603,0.362286,3.5965601036911012,40.855806552259565,91.16344667213698
27571477,-6.756184,-0.920049,4.140220103691101,23.220306524375506,149.26002202251755
27571477,-6.756184,-0.920049,4.140220103691101,23.220306524375506,149.26002202251755
27637734,-1.077936,1.975057,-0.007988896308898985,436.22578341923,247.256298169607
27637734,-1.077936,1.975057,-0.007988896308898985,436.22578341923,247.256298169607
27623371,-5.876333,-1.882447,2.981144103691101,80.92491501224632,202.5918409146593
27623371,-5.876333,-1.882447,2.981144103691101,80.92491501224632,202.5918409146593
27647692,-3.970338,-3.688621,0.13316510369110102,182.4800804011329,281.0521615582308
27626466,-6.978804,1.879151,3.0829061036911014,45.4140224929169,10.615859512422986
27678178,-3.619452,0.268434,1.7181381036911012,127.73322113532708,194.2523182577636
27678178,-3.619452,0.268434,1.7181381036911012,127.73322113532708,194.2523182577636
27676142,-6.361159,-1.795559,3.787509103691101,47.67477248910458,187.8683515312668
27676142,-6.361159,-1.795559,3.787509103691101,47.67477248910458,187.8683515312668
27638536,-3.379493,2.519199,-0.03028989630889889,288.2790792161066,62.44925075075858
27669613,-5.491734,-2.673139,3.524024103691101,60.7801391604846,231.9161491681338
27669613,-5.491734,-2.673139,3.524024103691101,60.7801391604846,231.9161491681338
27618336,-4.277945,2.88441,-0.022584896308898816,267.4050282316243,15.46288908212162
27642920,-4.831473,1.26009,0.04975210369110106,217.1802779471244,123.76681004797004
27626473,-6.984989,1.886971,3.202988103691101,36.9092051591538,6.988699811992262
27649944,-4.848681,2.602964,0.07896710369110105,238.41837276481428,36.03749216295037
27612442,-6.945549,1.866251,2.847166103691101,61.12091326836929,17.303652961900497
27626478,-4.736885,0.945362,0.033472103691100985,215.0655991045118,140.86449764636325
27664964,-5.169743,1.505318,0.02027110369110119,217.13042677632805,105.62144863961416
27674053,-3.973782,-3.858408,0.1300941036911012,181.79135534819187,283.33888393756376
27662098,-3.499147,-2.169648,0.05685910369110103,196.57442010410145,269.0647599780585
27662098,-3.499147,-2.169648,0.05685910369110103,196.57442010410145,269.0647599780585
27664981,-5.118872,1.438133,0.041033103691101136,216.02445187095643,109.6961505964544
27654997,-3.490258,-4.631267,1.2401361036911012,147.9398774978966,312.3844347150738
27639339,-7.317955,0.108553,4.267895103691101,7.073183737323376,95.05655157601252
27619334,-6.871989,-0.670998,4.221173103691101,16.48333516829703,136.92007270399523
27619334,-6.871989,-0.670998,4.221173103691101,16.48333516829703,136.92007270399523
27657721,-4.576834,0.480765,0.03222310369110115,211.52324222083945,164.2242135136574
27634688,-7.060973,-0.126127,3.261023103691101,61.87966235045317,119.34336502831408
27649993,-5.193709,2.442661,-0.004881896308899014,232.54310279519095,47.92950990562184
27647752,-5.082878,-4.459427,4.160251103691101,47.17528361991828,279.3098476608992
27647752,-5.082878,-4.459427,4.160251103691101,47.17528361991828,279.3098476608992
27646395,-8.326211,2.425034,-0.029855896308898844,196.0924387695597,33.19614228274716
27655025,-0.572353,0.695413,-0.009028896308898915,343.55138749025696,382.7180293628956
27631118,-3.746424,-1.567912,0.03267610369110119,200.06831499087684,248.9300347013235
27631118,-3.746424,-1.567912,0.03267610369110119,200.06831499087684,248.9300347013235
27551593,-5.900913,-1.575224,3.222041103691101,67.87736136872971,192.9101139613552
27551593,-5.900913,-1.575224,3.222041103691101,67.87736136872971,192.9101139613552
27678250,-1.483092,1.758574,-0.020171896308898818,359.304753849594,223.6868077206209
27678250,-1.483092,1.758574,-0.020171896308898818,359.304753849594,223.6868077206209
27647762,-4.528711,-3.782128,3.857772103691101,48.328782465054985,283.46137687005825
27647762,-4.528711,-3.782128,3.857772103691101,48.328782465054985,283.46137687005825
27680642,-7.958841,2.463989,0.5598431036911011,177.2657021202822,22.985328645524447
27647768,-4.281957,-3.36712,4.548696103691101,4.219287590092961,288.5452975298624
27647768,-4.281957,-3.36712,4.548696103691101,4.219287590092961,288.5452975298624
27613694,-6.94801,-0.478087,3.7900141036911013,37.86713374745659,131.1102943876922
27613695,-6.152998,-0.407445,3.1632801036911014,61.521494877983486,147.16225552222883
27613695,-6.152998,-0.407445,3.1632801036911014,61.521494877983486,147.16225552222883
27650012,-5.46562,2.328998,0.08630510369110111,221.52869164514053,51.82154867844511
27613698,-7.046322,-0.287426,4.399802103691101,2.10199961988954,116.11077495254168
27619355,-6.866799,-0.860558,4.199579103691101,20.669581434890745,144.5906599503374
27619355,-6.866799,-0.860558,4.199579103691101,20.669581434890745,144.5906599503374
27676192,-6.45156,-3.777229,4.7269881036911015,29.743309850893866,233.61865480612343
27676192,-6.45156,-3.777229,4.7269881036911015,29.743309850893866,233.61865480612343
27662129,-2.98401,-1.302205,1.632188103691101,134.70312177267982,277.2664543873215
27665011,-4.977776,1.290758,0.022296103691101132,216.8086061683367,119.812554125774
27582575,-6.979238,-0.382389,4.388130103691101,3.4585220298414185,121.54191099523648
27657752,-7.683973,-0.497675,4.478784103691101,11.881982514949044,115.0235253466448
27619359,-6.588906,-0.69276,4.287052103691101,8.566642548456741,142.54195281995442
27619359,-6.588906,-0.69276,4.287052103691101,8.566642548456741,142.54195281995442
27674087,-3.929346,-4.739009,3.8103421036911014,54.70296090569195,317.19391265270565
27642937,-4.775463,1.208366,0.041126103691101035,217.63964546069775,127.51329478678063
27647793,-4.728498,-4.487712,4.044801103691101,49.15867305185634,289.5240535929881
27647793,-4.728498,-4.487712,4.044801103691101,49.15867305185634,289.5240535929881
27655059,-3.398813,-6.362251,0.032292103691101026,177.17997514398945,324.41537806816854
27630297,-4.993804,1.357216,0.05539210369110115,216.01115033865787,115.82106277091756
27645578,-1.105759,1.926852,-0.0057798963088988575,423.6910393387354,248.45112205889205
27645578,-1.105759,1.926852,-0.0057798963088988575,423.6910393387354,248.45112205889205
27619369,-6.815188,-0.952669,4.251485103691101,18.60334969379156,148.70079472961635
27619369,-6.815188,-0.952669,4.251485103691101,18.60334969379156,148.70079472961635
27680662,-7.588048,1.372915,3.3528401036911015,44.380566130148935,37.28499440725355
27665038,-4.814179,1.173565,0.017727103691101087,217.67355058931005,128.6925150501586
27657788,-7.065228,-0.541228,4.231864103691101,16.646314427981196,128.25925848326534
27657788,-7.065228,-0.541228,4.231864103691101,16.646314427981196,128.25925848326534
27613728,-6.490549,-1.498994,3.778538103691101,46.05991388804631,176.13185635727078
27613728,-6.490549,-1.498994,3.778538103691101,46.05991388804631,176.13185635727078
27657791,-6.560064,-0.456624,3.4644591036911008,50.26030978369889,139.37067220807273
27619379,-6.809473,-0.940181,4.4242991036911015,8.852597369509454,147.25837662427995
27619379,-6.809473,-0.940181,4.4242991036911015,8.852597369509454,147.25837662427995
27638574,-1.069093,1.824791,-0.007529896308898998,413.7273141744112,262.50360783334054
27638574,-1.069093,1.824791,-0.007529896308898998,413.7273141744112,262.50360783334054
27638576,-1.051179,1.815857,-0.006552896308898992,414.91017242576334,265.6380675779746
27638576,-1.051179,1.815857,-0.006552896308898992,414.91017242576334,265.6380675779746
27623388,-6.020775,-1.963588,3.2846141036911014,69.22214754799313,201.1085929929292
27623388,-6.020775,-1.963588,3.2846141036911014,69.22214754799313,201.1085929929292
27680678,-7.472406,0.646962,3.805160103691101,27.305598466248934,71.9992779524226
27657800,-6.455905,-0.499146,3.2357111036911013,61.54404874683854,144.5207724749049
27643845,-3.539479,-1.840916,0.027739103691100997,199.78493079723248,261.141051330178
27643845,-3.539479,-1.840916,0.027739103691100997,199.78493079723248,261.141051330178
27634720,-3.674397,0.317689,1.5927231036911011,136.10481959793356,190.23837041086887
27634720,-3.674397,0.317689,1.5927231036911011,136.10481959793356,190.23837041086887
27680684,-7.341544,0.679924,3.043587103691101,67.30814032594165,81.84299193920347
27657810,-8.029905,-1.149583,4.697658103691101,15.772930846068904,132.93608408865077
27657810,-8.029905,-1.149583,4.697658103691101,15.772930846068904,132.93608408865077
27657811,-6.551582,-0.651321,3.123082103691101,69.38593860684904,149.1948782923418
27657811,-6.551582,-0.651321,3.123082103691101,69.38593860684904,149.1948782923418
27680687,-7.356413,0.663349,2.813256103691101,79.24555760057953,85.31128509985228
27657815,-6.256004,-0.512854,3.3830601036911014,52.00535193646695,147.9047412832344
27657815,-6.256004,-0.512854,3.3830601036911014,52.00535193646695,147.9047412832344
27657816,-6.359936,-0.591293,3.236787103691101,61.57279272763955,149.86384636658553
27657816,-6.359936,-0.591293,3.236787103691101,61.57279272763955,149.86384636658553
27619390,-6.508975,-0.977552,4.113620103691101,22.06297950651046,156.38553209873947
27619390,-6.508975,-0.977552,4.113620103691101,22.06297950651046,156.38553209873947
27665065,-7.564473,0.581994,4.297326103691101,0.2897203214092201,67.43540071432926
27665068,-4.690897,1.063787,0.052424103691101065,216.3692046292268,136.14197346682255
27680691,-7.335563,0.465711,3.7059681036911014,33.93586098011269,84.09858953492702
27680692,-7.336432,0.373458,3.728644103691101,34.05187837908065,88.37657692279788
27657827,-6.219581,-0.628806,3.062031103691101,69.56268221072779,155.04140613447618
27657827,-6.219581,-0.628806,3.062031103691101,69.56268221072779,155.04140613447618
27548105,-5.887119,-1.478709,3.401090103691101,58.269672554642966,189.8910940008373
27548105,-5.887119,-1.478709,3.401090103691101,58.269672554642966,189.8910940008373
27657831,-6.834939,-0.801673,4.205852103691101,18.92883428951822,142.86177861022838
27657831,-6.834939,-0.801673,4.205852103691101,18.92883428951822,142.86177861022838
27665080,-7.377798,0.514694,4.245062103691101,1.4267424183914272,73.71554255511273
27657832,-6.276429,-0.664349,3.210389103691101,62.91344411240985,154.40229245139034
27657832,-6.276429,-0.664349,3.210389103691101,62.91344411240985,154.40229245139034
27662174,-3.903247,-3.662912,0.03741010369110098,185.68555904871303,282.05170989759245
27680703,-7.104307,0.127003,3.835471103691101,28.589703825378024,101.93024786353249
27680704,-7.109517,0.216842,3.3960731036911014,51.62180913313165,102.44605515773848
27657847,-6.949754,-0.984724,4.262069103691101,20.459184431128392,147.35175609910695
27657847,-6.949754,-0.984724,4.262069103691101,20.459184431128392,147.35175609910695
27657848,-6.443531,-0.903341,3.020305103691101,75.56322149877386,160.6654977264904
27657848,-6.443531,-0.903341,3.020305103691101,75.56322149877386,160.6654977264904
27665088,-4.744481,0.958826,0.028147103691101183,215.3658818410613,140.1345415314662
27619398,-6.443905,-1.301415,3.5335291036911007,55.13278541670781,171.67081493739127
27619398,-6.443905,-1.301415,3.5335291036911007,55.13278541670781,171.67081493739127
27657853,-6.87519,-1.100608,3.7177501036911007,48.32038941648048,155.85300586113252
27657853,-6.87519,-1.100608,3.7177501036911007,48.32038941648048,155.85300586113252
27626522,-4.776404,0.726899,0.0027931036911010843,213.21095510019688,149.84675331446655
27674162,-2.419672,-4.940777,4.504063103691101,4.528739017565499,391.06658437731335
27619406,-6.774925,-1.174996,4.2837251036911015,19.821620402831428,157.40847884041528
27619406,-6.774925,-1.174996,4.2837251036911015,19.821620402831428,157.40847884041528
27657868,-6.242069,-0.872236,3.4126911036911007,54.51439922041834,161.6573370621137
27657868,-6.242069,-0.872236,3.4126911036911007,54.51439922041834,161.6573370621137
27669737,-3.659006,-1.635995,0.026940103691101003,200.46158378826223,253.0703371114268
27669737,-3.659006,-1.635995,0.026940103691101003,200.46158378826223,253.0703371114268
27671883,-4.522392,2.709462,0.40310810369110106,229.07573083157396,18.677111981358564
27657873,-6.358536,-0.857433,4.083827103691101,19.53025107809387,155.04967760148446
27671884,-4.477231,2.718263,0.21863510369110117,241.975267813504,23.79749573845939
27671885,-4.561387,2.669632,0.3678981036911011,229.50719141063672,23.57579658148512
27657875,-6.566642,-1.10899,3.334936103691101,63.64446882761524,163.7535802085044
27657875,-6.566642,-1.10899,3.334936103691101,63.64446882761524,163.7535802085044
27665108,-8.486574,-0.03093,4.693313103691101,4.99768767308953,83.55435502537279
27639368,-7.226064,-0.045854,4.2216761036911015,11.126251517720362,104.17087427631844
27662200,-4.356936,-3.714871,4.659795103691101,5.552376732175674,292.84514620266174
27662200,-4.356936,-3.714871,4.659795103691101,5.552376732175674,292.84514620266174
27548113,-5.926565,-1.51579,3.217311103691101,67.77010998417151,190.5454077663385
27548113,-5.926565,-1.51579,3.217311103691101,67.77010998417151,190.5454077663385
27657900,-6.639295,-1.24051,3.5838101036911008,53.9165819658798,165.59472340552648
27585425,-6.702851,-0.531596,4.311131103691101,6.053775639123188,133.4599818582917
27585425,-6.702851,-0.531596,4.311131103691101,6.053775639123188,133.4599818582917
27655163,-3.771521,-7.250156,4.419766103691101,51.62862622228755,350.78394715384155
27565538,-7.295759,0.385339,4.222284103691101,3.989194049274772,81.86751854689263
27671893,-5.082829,2.461463,0.2745931036911011,220.4478838978077,41.10501519805669
27671899,-2.094435,2.414456,-0.012328896308898996,364.2997746359763,109.61271854179844
27665132,-7.819717,-0.031917,4.433867103691101,8.483323219077363,93.63723740487052
27657928,-6.323719,-1.231923,3.5766591036911013,51.14534414980366,171.7064124859146
27657928,-6.323719,-1.231923,3.5766591036911013,51.14534414980366,171.7064124859146
27636862,-4.714743,2.650374,-0.007253896308898833,247.32094819204795,35.11680242042033
27657929,-6.176552,-1.187187,3.258327103691101,64.8116969582504,174.54642729891907
27657929,-6.176552,-1.187187,3.258327103691101,64.8116969582504,174.54642729891907
27657931,-6.470893,-1.409316,3.072051103691101,77.22908562326458,176.1351172299685
27657931,-6.470893,-1.409316,3.072051103691101,77.22908562326458,176.1351172299685
27676292,-5.956593,-1.941914,3.5631891036911014,55.89837378513599,201.63141404622476
27676292,-5.956593,-1.941914,3.5631891036911014,55.89837378513599,201.63141404622476
27657943,-6.187035,-1.28752,3.256346103691101,65.92004409959122,177.57835826714626
27657943,-6.187035,-1.28752,3.256346103691101,65.92004409959122,177.57835826714626
27622744,-4.686822,0.562461,0.015042103691101039,211.8694770550211,158.52951436548125
27671921,-7.223176,0.399039,3.2301451036911013,59.43517597187244,94.3863872870322
27655222,-1.807371,-5.439319,0.035130103691101144,188.08776000119215,364.39089395794406
27575794,-7.348791,0.375447,4.087057103691101,13.39353157511357,83.58708020763305
27662225,-4.33391,-4.030063,4.731923103691101,6.760837412914952,299.48783796918315
27662225,-4.33391,-4.030063,4.731923103691101,6.760837412914952,299.48783796918315
27662228,-2.965957,-2.52969,0.02037610369110099,199.3357312999302,292.6680172681752
27643877,-3.475182,-1.931532,0.06441110369110103,198.30480637108465,265.15195697552025
27643877,-3.475182,-1.931532,0.06441110369110103,198.30480637108465,265.15195697552025
27657969,-5.992628,-1.283847,3.4149761036911013,56.50763120498687,181.2069538014685
27657969,-5.992628,-1.283847,3.4149761036911013,56.50763120498687,181.2069538014685
27657975,-6.121682,-1.45395,3.119589103691101,73.18439210935259,184.57492839406763
27657975,-6.121682,-1.45395,3.119589103691101,73.18439210935259,184.57492839406763
27655237,-1.572168,-4.058805,0.4696101036911011,183.01355168249265,369.2173287410046
27639393,-7.270103,-0.172114,4.306065103691101,9.267188230010134,108.47929380775822
27665165,-6.644024,0.150772,3.9950901036911013,11.113139712251098,105.62266291993204
27669869,-3.41924,-2.531744,0.06609910369110117,194.29201235448076,278.19353759109026
27650248,-7.597045,1.483672,3.6261901036911013,25.772956875333733,24.892459959336293
27669874,-4.282917,-3.391893,4.563148103691101,3.876353301748225,289.072845598677
27669874,-4.282917,-3.391893,4.563148103691101,3.876353301748225,289.072845598677
27655244,-1.616346,-5.448354,0.04254210369110112,188.90462978694936,371.3169392183305
27575820,-7.162443,-0.189133,4.193351103691101,14.296190954047065,111.93776579171993
27650256,-7.547584,1.490706,3.942347103691101,3.5315344592823124,17.75354177419581
27662242,-3.295589,-3.320695,0.05162310369110101,190.5763108346711,294.3938633834109
27655250,-2.380582,-5.183696,4.424727103691101,12.735350772887642,392.9602489774892
27650263,-1.08943,1.963284,-0.007754896308898918,432.3246882172655,246.93804932581585
27662246,-4.161154,-4.031733,4.646485103691101,8.632844479660804,305.26912132560483
27662246,-4.161154,-4.031733,4.646485103691101,8.632844479660804,305.26912132560483
27657990,-5.857012,-1.347237,3.380484103691101,57.62917474792991,186.4883110933526
27657990,-5.857012,-1.347237,3.380484103691101,57.62917474792991,186.4883110933526
27662249,-2.941342,-2.725661,0.033195103691101124,197.5987581088254,296.7388450757202
27665175,-4.675382,0.61164,0.026321103691101078,212.1051553534176,156.7086263518377
27669909,-3.760809,-3.517503,0.06558010369110101,186.3534403985203,283.90702234720214
27655281,-2.243608,-5.987458,4.529263103691101,18.126896217603644,404.2308049179135
27669931,-3.306824,-2.923977,0.02540610369110108,193.79895551271,287.95693944218664
27662267,-2.849767,-2.757925,0.004582103691101125,199.05467400992205,300.19505208056614
27669946,-4.065227,-3.957395,4.585000103691101,9.17613723364559,307.27384597557625
27669946,-4.065227,-3.957395,4.585000103691101,9.17613723364559,307.27384597557625
27662284,-4.392793,-6.399721,0.0027931036911010843,174.39244055974933,301.6909883171552
27630353,-4.813391,1.20868,0.04157410369110104,217.10331869251425,126.75567509667006
27653055,-1.051783,1.993187,-0.005421896308898999,443.7039175391823,248.9491132084099
27653055,-1.051783,1.993187,-0.005421896308898999,443.7039175391823,248.9491132084099
27665226,-6.704726,-0.351879,3.289612103691101,59.55011062697136,133.9303265301772
27565746,-6.788328,-0.800761,4.376015103691101,8.735337071702276,142.52441237055862
27565746,-6.788328,-0.800761,4.376015103691101,8.735337071702276,142.52441237055862
27670001,-3.713602,-4.057205,4.424608103691101,14.115840705260297,321.3210834451742
27670001,-3.713602,-4.057205,4.424608103691101,14.115840705260297,321.3210834451742
27639416,-7.212555,-0.277911,4.258195103691101,12.957900069582903,114.51253639505616
27670010,-4.221265,-6.213438,0.6519861036911011,160.2231803012551,306.5838203431204
27593016,-4.840358,1.153414,0.01854010369110104,217.01833318094697,129.152234054866
27622797,-4.534778,0.356215,0.026145103691101124,210.85512831184977,170.1186339341872
27622797,-4.534778,0.356215,0.026145103691101124,210.85512831184977,170.1186339341872
27650349,-4.718933,0.969201,0.037097103691100974,215.4436830255811,140.11837292564405
27575963,-7.758681,1.524808,3.432930103691101,39.57523168010195,25.625479530327937
27575966,-7.762067,1.517574,3.851103103691101,13.341720379048922,17.452605304592254
27665243,-6.743894,-0.446551,3.5012791036911013,50.17495511460092,135.4649337339556
27672022,-5.529011,-2.793904,3.5406321036911015,61.43380900480756,233.7402842482618
27672022,-5.529011,-2.793904,3.5406321036911015,61.43380900480756,233.7402842482618
27665252,-7.115615,-0.529735,4.301427103691101,13.37333982571286,126.3940429034186
27662307,-3.531868,-4.542411,1.2408811036911012,147.9482515333271,310.116473319229
27658072,-6.829077,-2.426357,4.457629103691101,29.358118555663395,194.14947298835168
27658072,-6.829077,-2.426357,4.457629103691101,29.358118555663395,194.14947298835168
27619458,-5.769887,-1.456005,3.178826103691101,67.83786742727477,192.4573233707145
27672039,-7.09178,-0.083729,3.5610661036911013,46.40786733649483,114.40924613768404
27658080,-5.699892,-1.768092,3.1952991036911014,69.28416951469964,203.33432843750364
27658080,-5.699892,-1.768092,3.1952991036911014,69.28416951469964,203.33432843750364
27672044,-6.769782,-0.174885,3.247201103691101,60.44327841089918,125.97529687481804
27626585,-4.625889,0.463452,0.021915103691101168,211.1772139790083,163.83089550212654
27658085,-5.721712,-1.787292,3.396222103691101,60.16012796451048,203.1058657659608
27658085,-5.721712,-1.787292,3.396222103691101,60.16012796451048,203.1058657659608
27670083,-3.60088,-5.098978,4.599633103691101,19.622843440967927,340.06506545427953
27678554,-4.438231,2.763404,0.4639071036911011,228.3318762697052,11.242366926805316
27658093,-5.949584,-2.076363,3.018036103691101,81.06159556585442,206.01040755054456
27658093,-5.949584,-2.076363,3.018036103691101,81.06159556585442,206.01040755054456
27670091,-2.279757,-2.432356,0.10266310369110099,203.2290342102879,317.5428159016334
27638680,-5.282437,2.418929,0.07376710369110118,226.62916849800408,47.27391854357225
27607579,-4.9181,2.559031,0.000771103691101116,240.11572666230268,41.07088575186418
27665291,-7.130274,-0.881535,4.3456341036911015,17.0021160460727,139.76941286085497
27665291,-7.130274,-0.881535,4.3456341036911015,17.0021160460727,139.76941286085497
27639448,-6.557269,-0.34787,3.096857103691101,67.93326038780768,137.72574452972458
27665293,-6.711766,-0.870229,3.178464103691101,69.88852884357249,153.7362824742766
27665293,-6.711766,-0.870229,3.178464103691101,69.88852884357249,153.7362824742766
27658113,-5.7305,-1.962622,3.418349103691101,60.89999782664637,207.80578506829775
27658113,-5.7305,-1.962622,3.418349103691101,60.89999782664637,207.80578506829775
27658114,-5.741145,-2.002187,3.2329481036911014,69.8438989096542,208.76542269898655
27658114,-5.741145,-2.002187,3.2329481036911014,69.8438989096542,208.76542269898655
27593090,-6.743511,-1.118421,3.6849301036911015,48.78178243488219,159.0639434752104
27593090,-6.743511,-1.118421,3.6849301036911015,48.78178243488219,159.0639434752104
27576031,-7.033516,-0.220766,4.384008103691101,1.493740693527286,113.41839255110608
27658121,-6.058015,-2.346442,3.060546103691101,81.63147217122113,210.3232914497332
27658121,-6.058015,-2.346442,3.060546103691101,81.63147217122113,210.3232914497332
27665314,-4.418352,0.086223,0.025092103691101153,209.26076395177617,182.96214078004687
27665314,-4.418352,0.086223,0.025092103691101153,209.26076395177617,182.96214078004687
27630381,-6.949025,1.878235,2.924690103691101,55.83117375895563,14.580107234579032
27670151,-3.277371,-5.518078,4.527127103691101,24.814514446070973,355.99096607185555
27650440,-6.888447,0.488241,4.0022651036911014,8.286784861336287,84.18924901022501
27658145,-5.796093,-2.15814,3.453595103691101,61.66055661872895,211.44432354035249
27658145,-5.796093,-2.15814,3.453595103691101,61.66055661872895,211.44432354035249
27665327,-6.511106,-1.049927,3.044568103691101,76.03908732350203,164.15723805207816
27665327,-6.511106,-1.049927,3.044568103691101,76.03908732350203,164.15723805207816
27658156,-5.9182,-2.412681,3.035051103691101,82.33576536535475,215.09506990618823
27658156,-5.9182,-2.412681,3.035051103691101,82.33576536535475,215.09506990618823
27665330,-6.590151,-1.080746,3.3345471036911007,63.59128061367037,162.36423112329965
27665330,-6.590151,-1.080746,3.3345471036911007,63.59128061367037,162.36423112329965
27626596,-4.500494,0.431562,0.04562610369110098,211.30526483888133,167.9089675964584
27658159,-5.405325,-1.953201,3.1546441036911013,70.57902005874672,215.91525551309928
27658159,-5.405325,-1.953201,3.1546441036911013,70.57902005874672,215.91525551309928
27658160,-6.111157,-2.600975,3.2163761036911014,77.32305109843867,215.147031382272
27658160,-6.111157,-2.600975,3.2163761036911014,77.32305109843867,215.147031382272
27665332,-6.544517,-1.111758,3.169206103691101,71.11844736242443,164.9971620864027
27665332,-6.544517,-1.111758,3.169206103691101,71.11844736242443,164.9971620864027
27627143,-3.768696,-1.639341,0.009159103691101178,200.1357554848805,249.80400746727744
27627143,-3.768696,-1.639341,0.009159103691101178,200.1357554848805,249.80400746727744
27658173,-5.71053,-2.29973,3.453455103691101,62.27754707316271,217.20968267399107
27658173,-5.71053,-2.29973,3.453455103691101,62.27754707316271,217.20968267399107
27658174,-5.579857,-2.214135,3.214318103691101,71.26879155179037,218.2928513922673
27658174,-5.579857,-2.214135,3.214318103691101,71.26879155179037,218.2928513922673
27665340,-7.399848,-1.462522,4.500679103691101,21.48881197921349,154.6544530648868
27665340,-7.399848,-1.462522,4.500679103691101,21.48881197921349,154.6544530648868
27658175,-5.820284,-2.47674,3.013402103691101,83.09622355403334,218.88697122924611
27658175,-5.820284,-2.47674,3.013402103691101,83.09622355403334,218.88697122924611
27670167,-3.334779,-5.966341,4.541216103691101,30.493836794939824,357.4615111339354
27650466,-6.959078,0.315699,4.101222103691101,6.788175935176895,91.2690982107519
27658181,-3.916451,-1.177563,0.03529810369110109,201.7526445036517,234.62146578694092
27658181,-3.916451,-1.177563,0.03529810369110109,201.7526445036517,234.62146578694092
27658185,-5.978716,-2.678186,3.1934121036911014,77.99923512130923,219.9200964768005
27658185,-5.978716,-2.678186,3.1934121036911014,77.99923512130923,219.9200964768005
27650470,-4.600902,0.477287,0.02922810369110107,211.32464836227476,163.82006518464644
27665347,-6.394484,-1.086815,3.488663103691101,54.56131488236258,165.7248979053039
27665347,-6.394484,-1.086815,3.488663103691101,54.56131488236258,165.7248979053039
27658192,-5.559808,-2.310253,3.4091381036911015,63.17699844807436,221.2709553772432
27658192,-5.559808,-2.310253,3.4091381036911015,63.17699844807436,221.2709553772432
27674520,-3.086463,2.980057,0.023333103691101087,327.0025941983701,3.147296209461473
27674524,-3.088073,2.950806,0.003706103691101026,326.2425374333179,8.778840240560214
27662368,-2.155821,-2.391291,0.022882103691101108,207.9090524630896,321.3910053061033
27658211,-6.195577,-2.916103,4.325446103691101,34.289574601390655,220.59773681480024
27650485,-6.565614,0.290852,3.948468103691101,9.828295159012782,100.06946005626624
27658214,-3.828326,-1.256461,0.031810103691101155,201.9911855146899,239.15690370666852
27658214,-3.828326,-1.256461,0.031810103691101155,201.9911855146899,239.15690370666852
27630396,-6.939415,1.890243,3.299017103691101,29.06236072614786,4.245935225820119
27630398,-6.934704,1.89161,3.416049103691101,20.14992722083545,0.9923918446446862
27674554,-3.986199,2.229317,1.959425103691101,95.89755469705528,18.90838230265817
27674558,-3.92182,2.15773,1.9528151036911012,96.92333554121906,29.199077610936
27658240,-6.478693,-3.404827,4.513283103691101,34.66634100738489,225.09592968176952
27662385,-2.06302,-2.385305,0.009459103691101145,209.46227254404167,325.1618603201412
27650507,-7.419134,-0.082088,4.2992231036911015,10.47738145406825,102.3953957531176
27573518,-7.052478,-0.288666,4.1448981036911015,17.05712398466457,118.48340874632372
27676452,-1.784525,-12.115126,0.5404111036911011,157.97412807711524,393.0044717282558
27662395,-2.418445,-2.585616,1.864789103691101,123.73005399766808,331.64448475817414
27674595,-7.288553,0.379929,3.074167103691101,68.19907362037844,96.21175074136424
27672222,-3.000831,-4.280592,4.244716103691101,16.95261295429691,353.3874432882103
27660584,-8.117849,2.410586,0.36831410369110107,183.2896086720607,28.50723840661041
27665378,-6.27282,-1.213976,3.549290103691101,51.78933035786275,172.2873339368644
27665378,-6.27282,-1.213976,3.549290103691101,51.78933035786275,172.2873339368644
27665379,-6.34977,-1.275705,3.4977921036911015,55.706783758814765,172.90882507278815
27665379,-6.34977,-1.275705,3.4977921036911015,55.706783758814765,172.90882507278815
27639474,-6.854313,-0.500239,4.187930103691101,15.164143209535808,130.45103771894816
27639474,-6.854313,-0.500239,4.187930103691101,15.164143209535808,130.45103771894816
27660592,-3.312627,2.227573,0.018654103691100987,275.8172678198597,91.43061543726432
27672228,-3.687784,-7.843007,2.964855103691101,100.27132658481356,346.292244953938
27650537,-7.468587,-0.277873,4.3713051036911015,10.674032536111298,109.74025293854932
27593226,-7.40604,0.643958,0.03127610369110112,188.8762151271549,112.04001947966916
27678634,-6.679073,-0.555885,4.403029103691101,0.5928143717418948,134.19709734747
27625220,-1.103519,1.872237,-0.007735896308898926,415.7992050911608,253.85921595098665
27625220,-1.103519,1.872237,-0.007735896308898926,415.7992050911608,253.85921595098665
27653194,-3.543048,2.759849,0.020526103691101083,288.4916531336009,31.626077980906416
27622924,-6.836185,0.776043,3.9590961036911008,3.902575727870527,68.73325476040165
27643105,-7.174632,0.676046,4.067998103691101,5.50806769748101,69.41987115343261
27650554,-7.101473,-0.273763,4.222069103691101,13.16959129114676,116.3490822774102
27637049,-3.774112,0.48445,1.5714331036911011,137.40022772987618,178.41733233652627
27665395,-6.28391,-1.326474,3.497216103691101,55.65788965816176,175.93954656183234
27665395,-6.28391,-1.326474,3.497216103691101,55.65788965816176,175.93954656183234
27638734,-8.279542,2.582233,0.6240801036911011,173.54193040763855,14.89179958121096
27573574,-6.450928,-1.683284,4.504854103691101,11.611985555083209,180.4447476973353
27573574,-6.450928,-1.683284,4.504854103691101,11.611985555083209,180.4447476973353
27678655,-6.605925,-0.984589,3.9094801036911013,34.35900316309437,155.84499876900097
27678655,-6.605925,-0.984589,3.9094801036911013,34.35900316309437,155.84499876900097
27626631,-6.76587,-0.146329,0.077780103691101,186.8218128156656,145.61957477670478
27650569,-6.745315,-0.311054,3.590809103691101,43.79324530703588,129.22541509395663
27658302,-3.738246,-1.60177,0.026202103691101097,200.0931213325961,249.9181578493687
27658302,-3.738246,-1.60177,0.026202103691101097,200.0931213325961,249.9181578493687
27639484,-6.518919,-0.599465,3.007406103691101,74.2401917820302,148.58052936275786
27662429,-4.049371,-7.567997,4.2879761036911015,60.22502597548487,343.7567771139716
27672279,-1.447811,-3.792645,-0.007747896308898827,202.91244451897956,366.83004619111705
27643131,-7.404312,0.466185,4.235301103691101,3.5434539656362176,76.20154419569545
27565961,-5.90871,-1.421221,3.067371103691101,73.84287335105711,188.4318183645027
27565961,-5.90871,-1.421221,3.067371103691101,73.84287335105711,188.4318183645027
27650590,-7.098341,-0.537454,4.301474103691101,13.234598281644196,126.99430735542592
27650591,-6.35149,-0.33251,3.3968221036911013,50.07201348040027,138.61985930617686
27672295,-2.024889,-11.359129,4.194095103691101,74.46615914252402,415.9612287561132
27672297,-0.948011,-1.854985,0.0366151036911011,230.66913760444083,378.6175490055209
27672302,-0.897832,-1.852743,0.06465510369110117,230.25120520894137,382.49078024364815
27650603,-6.45429,-0.487865,3.4331001036911015,51.15956575928155,142.77710261327303
27650603,-6.45429,-0.487865,3.4331001036911015,51.15956575928155,142.77710261327303
27670253,-2.608437,-4.996751,4.524255103691101,7.559828688356447,382.0109623412706
27665428,-6.505519,-1.684476,3.689324103691101,52.39587879373224,181.7820320532701
27665428,-6.505519,-1.684476,3.689324103691101,52.39587879373224,181.7820320532701
27670264,-2.231613,-5.348406,0.14370310369110117,183.16310758087067,350.4105704701224
27658354,-3.131914,-0.828336,1.736090103691101,128.22159188945864,257.7994577094362
27658354,-3.131914,-0.828336,1.736090103691101,128.22159188945864,257.7994577094362
27583219,-7.618952,0.873621,4.2202911036911015,0.0436044479867234,51.61969280456916
27662443,-3.749222,-6.978322,4.924148103691101,30.316365259113155,353.8627790294248
27643158,-4.526589,0.376537,0.03298510369110108,210.89763129411205,169.49784458269
27650623,-6.556913,-0.527766,4.044811103691101,19.2120323284272,138.06924206959405
27650623,-6.556913,-0.527766,4.044811103691101,19.2120323284272,138.06924206959405
27662444,-3.941276,-7.803284,4.272295103691101,61.666070552685454,348.3676692947256
27670271,-2.508879,-5.281989,4.533790103691101,10.435328503134656,388.65231811034033
27643162,-7.703554,0.221298,4.407084103691101,3.411798268129587,83.27631434234041
27665443,-6.108775,-1.589917,3.117628103691101,74.25399389118382,188.90936355334847
27665443,-6.108775,-1.589917,3.117628103691101,74.25399389118382,188.90936355334847
27650634,-6.413161,-0.668498,3.252411103691101,62.05521450733912,151.65647162794062
27650634,-6.413161,-0.668498,3.252411103691101,62.05521450733912,151.65647162794062
27665446,-5.999414,-1.486099,3.428324103691101,58.039236043608526,187.45891868251888
27665446,-5.999414,-1.486099,3.428324103691101,58.039236043608526,187.45891868251888
27653244,-4.44012,2.749072,0.004549103691101175,256.5672524567628,27.486767512555048
27650640,-7.527819,-1.083164,4.5010771036911015,17.678349229162137,139.5559580456275
27650640,-7.527819,-1.083164,4.5010771036911015,17.678349229162137,139.5559580456275
27650643,-6.492657,-0.73181,3.480626103691101,51.968645815782736,151.1555038783649
27650643,-6.492657,-0.73181,3.480626103691101,51.968645815782736,151.1555038783649
27650644,-6.275995,-0.683326,3.071422103691101,70.04298003559049,155.88939809107654
27650644,-6.275995,-0.683326,3.071422103691101,70.04298003559049,155.88939809107654
27554570,-7.670444,0.298316,4.355883103691101,4.3615544475474906,80.45655359809672
27662470,-3.266814,-6.033914,4.617466103691101,27.21598500022631,361.3594762534434
27570370,-6.812357,-0.894552,4.510455103691101,3.2226540953491565,144.8721899848298
27570370,-6.812357,-0.894552,4.510455103691101,3.2226540953491565,144.8721899848298
27650655,-7.199533,-1.02399,4.422104103691101,16.24367060435935,143.3864835537683
27650655,-7.199533,-1.02399,4.422104103691101,16.24367060435935,143.3864835537683
27639502,-6.754747,-0.635609,4.173483103691101,16.761076264900083,137.93370592638925
27639502,-6.754747,-0.635609,4.173483103691101,16.761076264900083,137.93370592638925
27554582,-7.688799,0.204162,4.348161103691101,6.911208934021261,85.0146861836979
27653265,-3.315067,2.36337,-0.02733489630889885,284.1140373951228,79.51728136826938
27570372,-6.870952,-0.880895,4.130009103691101,24.744532314975142,145.73050365502164
27670287,-2.401586,-5.582341,4.544269103691101,13.253361679400284,395.4251879828562
27646662,-4.795567,1.266542,0.06404110369110105,217.12481306250092,123.98050461893112
27626661,-4.431282,0.173639,0.030570103691101025,209.8391329918158,179.46453629354033
27626661,-4.431282,0.173639,0.030570103691101025,209.8391329918158,179.46453629354033
27616439,-3.981329,-0.976525,0.025752103691101036,203.2743737479236,227.54621844074015
27670298,-2.299661,-5.591534,4.476278103691101,15.4917705741164,399.4496430303777
27650672,-6.736205,-0.935127,4.197321103691101,20.102627818789216,149.85863424272767
27650673,-6.507363,-0.973411,3.151895103691101,70.49015351344983,161.19360829202026
27650673,-6.507363,-0.973411,3.151895103691101,70.49015351344983,161.19360829202026
27658411,-3.504072,-2.188658,0.05085210369110116,196.60312462172496,269.25094027015774
27658411,-3.504072,-2.188658,0.05085210369110116,196.60312462172496,269.25094027015774
27681075,-1.034099,1.814704,-0.005978896308898918,417.17821471225096,268.0291702980388
27681075,-1.034099,1.814704,-0.005978896308898918,417.17821471225096,268.0291702980388
27643202,-7.172713,0.122025,4.224794103691101,6.8558106566514425,96.79686794954188
27630460,-4.176337,1.415704,1.786714103691101,120.149942133928,104.54971823776536
27622957,-7.431104,0.545292,4.226547103691101,2.967054644958125,71.77681565257058
27650684,-6.192654,-0.815013,3.3916141036911007,54.45513829972669,160.69921297333667
27650684,-6.192654,-0.815013,3.3916141036911007,54.45513829972669,160.69921297333667
27639510,-6.895371,-0.763008,4.168540103691101,21.20825196680306,140.52416730917935
27639510,-6.895371,-0.763008,4.168540103691101,21.20825196680306,140.52416730917935
27665488,-6.3829,-2.097254,3.236288103691101,74.67315046429036,196.83004342929257
27670315,-2.737692,-9.129128,4.332990103691101,61.49310953227197,391.6201090748714
27650693,-6.302489,-0.95654,3.092146103691101,71.64207778513051,164.91214321187303
27650694,-6.521027,-1.091483,3.042573103691101,76.50718933018896,165.3309062937569
27650694,-6.521027,-1.091483,3.042573103691101,76.50718933018896,165.3309062937569
27604490,-6.145421,-2.266494,4.499617103691101,16.735349726038322,205.08622226522812
27604490,-6.145421,-2.266494,4.499617103691101,16.735349726038322,205.08622226522812
27554622,-7.173063,0.001543,4.274394103691101,6.209822516178207,102.08348523681184
27626684,-7.368909,0.732113,4.129949103691101,4.035158606448903,63.376383445635724
27650707,-7.286582,-1.411271,4.473696103691101,20.622615224573508,155.08309947217467
27650707,-7.286582,-1.411271,4.473696103691101,20.622615224573508,155.08309947217467
27658451,-3.40575,-2.517271,0.07562910369110099,194.16920133485092,278.40427408419856
27665500,-5.749208,-1.620564,3.391399103691101,58.955806870367525,197.53859827812144
27665500,-5.749208,-1.620564,3.391399103691101,58.955806870367525,197.53859827812144
27665501,-5.986209,-1.883369,2.998586103691101,80.81102832058195,200.0999541941642
27665501,-5.986209,-1.883369,2.998586103691101,80.81102832058195,200.0999541941642
27674743,-5.320756,-2.650483,3.461005103691101,62.02338256381353,235.85777272775636
27674743,-5.320756,-2.650483,3.461005103691101,62.02338256381353,235.85777272775636
27670327,-1.684072,-5.216118,0.09162310369110105,188.30868964471688,368.00498605308906
27665506,-6.190717,-2.094201,3.180981103691101,75.7715304780912,200.9340096825876
27665506,-6.190717,-2.094201,3.180981103691101,75.7715304780912,200.9340096825876
27583318,-6.308733,-2.01253,4.399241103691101,20.1968828366131,194.0837255971657
27583318,-6.308733,-2.01253,4.399241103691101,20.1968828366131,194.0837255971657
27650715,-6.561731,-1.19276,3.334072103691101,64.41299484421234,166.60141433094438
27650715,-6.561731,-1.19276,3.334072103691101,64.41299484421234,166.60141433094438
27639520,-3.711622,0.344203,1.588279103691101,136.3545541122159,187.60816886970923
27639520,-3.711622,0.344203,1.588279103691101,136.3545541122159,187.60816886970923
27670339,-2.117887,-6.197551,4.518012103691101,20.12239020203461,410.6344012575864
27665514,-5.72002,-1.729449,3.199957103691101,68.88354500298468,201.7367539008515
27665514,-5.72002,-1.729449,3.199957103691101,68.88354500298468,201.7367539008515
27665518,-5.791109,-1.785901,3.414485103691101,59.87847064628923,201.35046082398827
27665518,-5.791109,-1.785901,3.414485103691101,59.87847064628923,201.35046082398827
27658474,-4.263041,-3.234324,4.525422103691101,2.737800822645994,286.5422216116902
27658474,-4.263041,-3.234324,4.525422103691101,2.737800822645994,286.5422216116902
27678820,-3.563879,0.292948,1.6101801036911012,135.05351689763506,195.5286642090827
27678820,-3.563879,0.292948,1.6101801036911012,135.05351689763506,195.5286642090827
27658485,-4.26765,-3.39427,4.568994103691101,3.33251012879154,289.7337464314036
27658485,-4.26765,-3.39427,4.568994103691101,3.33251012879154,289.7337464314036
27658493,-3.572239,-3.4248,0.06833110369110118,187.8138257883965,287.8430459887256
27650746,-6.54301,-1.402339,3.361186103691101,64.9077793818538,173.5066751652981
27650746,-6.54301,-1.402339,3.361186103691101,64.9077793818538,173.5066751652981
27554650,-7.200442,-0.17887,4.2618411036911015,10.791019585220766,110.23535348544154
27658497,-4.231304,-3.550378,4.573279103691101,5.343389795585807,294.01810342805925
27658497,-4.231304,-3.550378,4.573279103691101,5.343389795585807,294.01810342805925
27568496,-6.740561,-0.959517,4.390388103691101,9.979333702867052,149.5222004907107
27568496,-6.740561,-0.959517,4.390388103691101,9.979333702867052,149.5222004907107
27681147,0.115895,-5.366661,-0.015934896308898994,203.63647053483305,446.2160183065427
27643227,-7.441319,-0.080082,4.309844103691101,10.1970047737137,101.89606274257528
27578676,-6.587662,-1.50853,4.526002103691101,9.643148720748002,171.64260311564513
27578676,-6.587662,-1.50853,4.526002103691101,9.643148720748002,171.64260311564513
27670371,-2.022004,-8.147415,5.3178591036911005,9.473408578422834,428.50522472617337
27665541,-5.766084,-1.968832,3.236528103691101,69.58493975531292,207.26100491144837
27665541,-5.766084,-1.968832,3.236528103691101,69.58493975531292,207.26100491144837
27665542,-6.000056,-2.20968,3.0390741036911013,81.32978160828839,208.25113570711315
27665542,-6.000056,-2.20968,3.0390741036911013,81.32978160828839,208.25113570711315
27676774,-7.175336,0.190289,3.650804103691101,38.94169460183065,100.0421304690552
27660794,-8.906425,0.273936,4.7915151036911015,1.1870959298694572,64.9863424469101
27605256,-5.575795,2.215597,0.012478103691101028,221.58363263782053,59.66228069012598
27674789,-6.821302,-0.357195,2.150511103691101,112.24145194799615,139.98558623108795
27665554,-5.914495,-2.190331,3.138947103691101,76.53942383260602,209.6472873150412
27665554,-5.914495,-2.190331,3.138947103691101,76.53942383260602,209.6472873150412
27670383,-1.815408,-7.33961,5.159066103691101,2.0024804847560063,436.17415757865854
27658531,-4.348106,-4.159476,4.764570103691101,7.432522907245243,301.2646352619932
27658531,-4.348106,-4.159476,4.764570103691101,7.432522907245243,301.2646352619932
27676778,-7.196856,0.160761,3.129226103691101,66.77207029196106,106.5240215938974
27665565,-5.849892,-2.228576,2.998549103691101,82.31265278307404,212.1803806548779
27665565,-5.849892,-2.228576,2.998549103691101,82.31265278307404,212.1803806548779
27670392,-1.664165,-7.209531,4.524391103691101,28.045294784566067,433.0485834276512
27554693,-6.983071,-0.370907,4.213256103691101,13.494638260212952,122.55265698939893
27670396,-1.694933,-7.857692,5.226259103691101,5.159506797730614,442.2837414943328
27639536,-6.274621,-0.697994,3.414910103691101,52.72513078772715,154.53274528274198
27639536,-6.274621,-0.697994,3.414910103691101,52.72513078772715,154.53274528274198
27646761,-4.771399,0.856276,0.012287103691100976,214.42528376361196,144.30012215221615
27665571,-5.824637,-2.162416,3.462668103691101,61.52014325721808,210.85989383925715
27665571,-5.824637,-2.162416,3.462668103691101,61.52014325721808,210.85989383925715
27660828,-8.237661,0.109911,4.569730103691101,5.2284323372416,81.07377366204256
27676791,-2.340764,2.011743,-0.005206896308898923,313.5662754508272,144.58172205358454
27676791,-2.340764,2.011743,-0.005206896308898923,313.5662754508272,144.58172205358454
27665572,-5.936686,-2.32193,3.142067103691101,77.46000944037115,212.43149698154545
27665572,-5.936686,-2.32193,3.142067103691101,77.46000944037115,212.43149698154545
27662546,-2.392489,-4.93321,4.382523103691101,10.916149420638618,390.5033532671531
27643239,-4.428455,0.115209,0.032125103691101,209.177202622855,181.6480486550848
27643239,-4.428455,0.115209,0.032125103691101,209.177202622855,181.6480486550848
27554720,-7.065685,-0.541173,4.259672103691101,15.114641188164995,128.02396714237298
27554720,-7.065685,-0.541173,4.259672103691101,15.114641188164995,128.02396714237298
27676803,-6.705258,-0.928715,3.7802441036911008,41.4200697046968,152.63827094943872
27676803,-6.705258,-0.928715,3.7802441036911008,41.4200697046968,152.63827094943872
27650870,-7.217683,-2.488029,4.625605103691101,27.006840227328127,187.6595134269641
27660858,-4.764841,1.217632,0.05347610369110112,217.3619915134044,127.13930523672506
27650880,-5.695598,-1.635418,3.186121103691101,68.52128158408709,199.6173243179069
27650880,-5.695598,-1.635418,3.186121103691101,68.52128158408709,199.6173243179069
27662561,-1.768753,-5.231065,0.10770810369110118,187.25755059686517,365.1806390459794
27662562,-0.574766,0.657273,-0.015623896308898821,340.7857710216511,382.7338070841827
27643250,-7.109429,-0.094795,4.207721103691101,10.900096512838331,108.25650225534032
27650881,-6.772501,-2.464751,3.3511671036911013,74.90983624391424,197.97954095396773
27650881,-6.772501,-2.464751,3.3511671036911013,74.90983624391424,197.97954095396773
27639543,-6.081673,-0.662699,3.1672791036911008,63.35789045725036,158.5256425417743
27639543,-6.081673,-0.662699,3.1672791036911008,63.35789045725036,158.5256425417743
27658586,-4.430377,-6.633251,-0.013706896308898875,173.98548625948385,302.96624071598654
27646803,-7.195482,0.79166,4.116132103691101,0.2128997208264422,61.66805260885155
27626713,-7.476895,0.581512,4.260943103691101,0.915032937623323,68.83120639433281
27598005,-7.233213,-0.102307,4.146733103691101,16.562222667204452,107.4625853869632
27662568,-2.361659,-5.574558,4.503437103691101,14.690816394059624,396.7348738076337
27630534,-7.518318,1.161048,4.053430103691101,2.7441389533499034,37.61513708354096
27665608,-5.555531,-2.173533,3.2031231036911008,71.27135438540932,217.86641952142017
27665608,-5.555531,-2.173533,3.2031231036911008,71.27135438540932,217.86641952142017
27678908,-1.5705,1.277479,-0.016243896308898886,315.85885884226246,250.63573623053577
27678908,-1.5705,1.277479,-0.016243896308898886,315.85885884226246,250.63573623053577
27662569,-1.645566,-4.223232,0.4464681036911011,182.4522655759326,366.9444976480193
27566192,-3.873099,-1.170156,0.04229710369110107,201.9499017860958,235.70955317099592
27566192,-3.873099,-1.170156,0.04229710369110107,201.9499017860958,235.70955317099592
27660872,-4.744432,1.15203,0.04459410369110106,217.15684727772407,130.8650853195559
27608608,-4.968603,2.51777,0.015914103691101023,237.3890119293571,43.58892564415135
27650928,-5.65957,-1.834694,3.189171103691101,69.8398262303219,206.20263788253288
27650928,-5.65957,-1.834694,3.189171103691101,69.8398262303219,206.20263788253288
27650929,-5.980294,-2.135439,3.022465103691101,81.43100819103412,206.8296160609126
27650929,-5.980294,-2.135439,3.022465103691101,81.43100819103412,206.8296160609126
27639549,-6.717047,-0.890226,4.161551103691101,21.050025724358505,148.74141606955476
27639549,-6.717047,-0.890226,4.161551103691101,21.050025724358505,148.74141606955476
27665627,-6.100153,-2.819836,3.241410103691101,77.69941280089017,220.37388622170965
27665627,-6.100153,-2.819836,3.241410103691101,77.69941280089017,220.37388622170965
27650940,-3.920092,-1.151733,0.0335301036911011,202.0072467254517,233.86152968968307
27650940,-3.920092,-1.151733,0.0335301036911011,202.0072467254517,233.86152968968307
27622989,-6.254478,0.571825,3.7909311036911006,8.378486621815028,91.0032987573855
27650958,-5.855193,-2.127155,3.267284103691101,70.14590293542321,209.32319214096168
27650959,-5.963635,-2.264718,3.029201103691101,81.88877467569677,210.45389522080163
27650959,-5.963635,-2.264718,3.029201103691101,81.88877467569677,210.45389522080163
27650962,-5.742859,-2.037088,3.425973103691101,61.35837254041084,209.5304787412009
27650962,-5.742859,-2.037088,3.425973103691101,61.35837254041084,209.5304787412009
27678939,-3.528095,-4.67315,3.8791511036911013,47.37394211384469,331.47399473267143
27650963,-6.137558,-2.423476,3.201025103691101,76.9066192498297,210.35153120210197
27650963,-6.137558,-2.423476,3.201025103691101,76.9066192498297,210.35153120210197
27665641,-5.380335,-2.226091,3.1674361036911014,72.07890138920763,223.70299509724265
27665641,-5.380335,-2.226091,3.1674361036911014,72.07890138920763,223.70299509724265
27650966,-3.899587,-1.245647,0.01593610369110099,202.02394295643208,236.7762245638177
27650966,-3.899587,-1.245647,0.01593610369110099,202.02394295643208,236.7762245638177
27665649,-5.598549,-2.438186,3.446244103691101,62.96599923445007,223.4809440809292
27665649,-5.598549,-2.438186,3.446244103691101,62.96599923445007,223.4809440809292
27660888,-7.967263,-0.423313,4.534957103691101,11.917604030274674,107.70248117437175
27650980,-5.95417,-2.403104,3.0387761036911014,82.314540951271,214.04253580778328
27650980,-5.95417,-2.403104,3.0387761036911014,82.314540951271,214.04253580778328
27586072,-6.355807,-1.874074,3.849710103691101,45.5909811300796,190.1317658113492
27586072,-6.355807,-1.874074,3.849710103691101,45.5909811300796,190.1317658113492
27650984,-5.7461,-2.179128,3.4439721036911015,61.88666059703712,213.2220137229345
27650984,-5.7461,-2.179128,3.4439721036911015,61.88666059703712,213.2220137229345
27662589,-2.204764,-5.443923,4.391916103691101,16.210816594447977,402.4276288820877
27618559,-5.484697,2.297565,0.09071310369110108,220.54244311206372,53.6907250477
27665667,-5.652142,-2.593743,3.555123103691101,59.96417375491578,225.94568468006756
27665667,-5.652142,-2.593743,3.555123103691101,59.96417375491578,225.94568468006756
27554859,-6.714648,-1.130466,4.191124103691101,23.16697308020605,157.4773837137763
27554859,-6.714648,-1.130466,4.191124103691101,23.16697308020605,157.4773837137763
27665674,-5.271562,-2.303057,3.1468231036911014,72.87625044044057,228.49644618249425
27665674,-5.271562,-2.303057,3.1468231036911014,72.87625044044057,228.49644618249425
27658668,-3.135915,-5.19246,0.019664103691101165,182.9601364256145,320.8650953646502
27646843,-7.066332,0.597346,4.091728103691101,3.528094588038357,74.68513632712651
27665680,-1.50837,1.413526,-0.02432689630889895,329.40856634641693,247.21761637568648
27665680,-1.50837,1.413526,-0.02432689630889895,329.40856634641693,247.21761637568648
27658676,-2.057922,-2.38603,0.00349810369110104,209.73959585542545,325.33452005404496
27651017,-5.823314,-2.588807,3.028651103691101,83.17966932873219,221.42948443259
27651017,-5.823314,-2.588807,3.028651103691101,83.17966932873219,221.42948443259
27643267,-4.431657,0.010905,0.022779103691101144,208.4134918479392,185.28951726810723
27643267,-4.431657,0.010905,0.022779103691101144,208.4134918479392,185.28951726810723
27554881,-6.265151,-1.002564,3.247178103691101,64.33117536995124,166.55041824155222
27674891,-5.786288,-2.890765,4.108428103691101,39.46961095613776,229.96180249587496
27651025,-5.681405,-2.411456,3.456257103691101,62.92899164165118,220.73736250426288
27651025,-5.681405,-2.411456,3.456257103691101,62.92899164165118,220.73736250426288
27658689,-3.823696,-5.478116,4.773382103691101,19.532347237395555,337.1699413830044
27665686,-5.71728,-2.838058,3.5099331036911012,64.54601418799413,229.93597952505053
27665686,-5.71728,-2.838058,3.5099331036911012,64.54601418799413,229.93597952505053
27651026,-5.402054,-2.191033,3.170893103691101,71.78982919961993,222.24688067976237
27651026,-5.402054,-2.191033,3.170893103691101,71.78982919961993,222.24688067976237
27651031,-3.762514,-1.469076,0.04121310369110098,200.4347229258437,246.20885884921157
27651031,-3.762514,-1.469076,0.04121310369110098,200.4347229258437,246.20885884921157
27668162,-3.395957,2.431124,0.030093103691101186,279.8953632606249,69.62027559353703
27638854,-5.345398,1.745505,0.031875103691101137,217.4200082105185,89.9053914772939
27651046,-5.493814,-2.386226,3.4038631036911013,63.58202406551786,224.87074947176484
27651046,-5.493814,-2.386226,3.4038631036911013,63.58202406551786,224.87074947176484
27642413,-3.545903,2.758204,0.025115103691101037,287.9785817924732,31.63101260402217
27676881,-5.49598,-3.096691,3.5844381036911015,61.94771798417287,241.29730439232017
27676881,-5.49598,-3.096691,3.5844381036911015,61.94771798417287,241.29730439232017
27612657,-4.514343,0.117062,0.0016281036911010016,209.4678954261873,179.57357248745848
27612657,-4.514343,0.117062,0.0016281036911010016,209.4678954261873,179.57357248745848
27660920,-6.752182,-0.235915,4.087229103691101,14.682706472285474,121.50815568944375
27572088,-6.801232,-0.958804,3.8160051036911007,41.07813516292708,151.73645065893382
27572088,-6.801232,-0.958804,3.8160051036911007,41.07813516292708,151.73645065893382
27639563,-6.058933,-0.705227,3.3509971036911015,53.941753711199055,159.61355927993375
27639563,-6.058933,-0.705227,3.3509971036911015,53.941753711199055,159.61355927993375
27581161,-6.90321,-0.754235,4.5269641036911015,1.1868845068956944,137.47792344831117
27678999,-0.539847,1.489707,-0.012374896308898986,443.13990334961306,369.7213230008094
27668179,-3.367636,2.382288,0.03296610369110109,278.8616588015766,75.01350578531694
27668185,-5.249552,2.419394,-0.0057278963088989165,231.13352783854972,49.16956594371951
27668188,-7.880358,2.411641,0.4591571036911011,181.3843845352474,27.68994058282576
27653540,-3.423713,2.597974,-0.03653889630889884,290.25455560438536,53.45269488829899
27681355,-2.760798,2.520583,0.00912410369110117,318.51734518856495,73.13155604141895
27651086,-5.5119,-2.668202,3.4409341036911014,64.55706961670373,231.1871176579811
27651086,-5.5119,-2.668202,3.4409341036911014,64.55706961670373,231.1871176579811
27554945,-6.054461,-1.321617,3.4273121036911007,56.88009923023725,181.00699826099063
27554945,-6.054461,-1.321617,3.4273121036911007,56.88009923023725,181.00699826099063
27568691,-6.587692,-1.339778,3.7925941036911013,44.53951736726211,168.99138797184378
27662623,-2.37485,-9.367352,4.261379103691101,63.25849373359179,403.2182317063291
27578843,-6.086562,-0.985229,3.196656103691101,65.1397232916145,169.90980394004742
27578843,-6.086562,-0.985229,3.196656103691101,65.1397232916145,169.90980394004742
27665748,-5.212642,-2.674664,3.347879103691101,66.48463964162673,239.18413019403613
27665748,-5.212642,-2.674664,3.347879103691101,66.48463964162673,239.18413019403613
27662628,-2.011173,-6.427346,4.516570103691101,22.113987283011085,416.1364265618069
27639570,-3.704362,0.221797,1.591971103691101,136.1324588979441,193.71181677636145
27639570,-3.704362,0.221797,1.591971103691101,136.1324588979441,193.71181677636145
27668223,-7.063718,1.876358,3.413570103691101,23.22069639407121,2.3485230894341957
27668229,-6.974151,1.885171,3.201787103691101,36.84828339501047,7.165096654112261
27597067,-6.727156,-1.048046,3.773054103691101,43.496539124889495,156.50443375779668
27597067,-6.727156,-1.048046,3.773054103691101,43.496539124889495,156.50443375779668
27643284,-7.164316,-0.323946,4.234157103691101,14.355493192642228,117.47631634628762
27646876,-6.967556,0.454737,4.066876103691101,6.276971842077955,84.1526308157807
27681370,-7.383975,0.65555,2.9642031036911014,71.95596593524715,83.55989363793304
27651115,-5.275729,-2.669713,2.930566103691101,84.8675553628693,236.71954520315865
27651115,-5.275729,-2.669713,2.930566103691101,84.8675553628693,236.71954520315865
27658753,-3.152911,-4.918677,4.631029103691101,8.969130668860629,357.25584686777233
27653572,-4.83255,2.589356,0.0069901036911010905,242.3489253383733,39.08040589923653
27662636,-2.086475,-8.948482,4.097895103691101,64.24089958455153,410.583964688479
27554994,-5.96527,-1.487792,3.080350103691101,74.16961643690644,189.14254511274012
27554994,-5.96527,-1.487792,3.080350103691101,74.16961643690644,189.14254511274012
27642438,-3.501184,2.660391,0.023174103691101067,285.6918967583161,43.53668973036554
27601049,-7.749267,1.497867,1.678733103691101,129.490038662432,56.43453340543951
27658773,-3.347906,-6.020428,4.657352103691101,26.193436517384495,358.56965768309533
27572139,-6.372082,-1.927289,4.401321103691101,19.674937831645792,190.09505662025256
27572139,-6.372082,-1.927289,4.401321103691101,19.674937831645792,190.09505662025256
27662641,-1.775638,-6.253976,4.365193103691101,24.09329875581571,425.2921285653284
27681384,-7.237865,0.171309,3.554787103691101,45.15166840934484,101.14401367003668
27651130,-5.203548,-2.625046,3.351560103691101,65.81940438585488,238.30131659318167
27658783,-2.895845,-4.78895,4.638082103691101,2.149074748577192,368.11210065536415
27665783,-3.174534,-0.746341,1.7582961036911011,126.75274691193316,253.38828616629803
27665783,-3.174534,-0.746341,1.7582961036911011,126.75274691193316,253.38828616629803
27595441,-6.082042,-2.29612,4.066294103691101,37.50473242237436,207.81843363829813
27595441,-6.082042,-2.29612,4.066294103691101,37.50473242237436,207.81843363829813
27668275,-5.471403,2.065857,0.03877010369110101,219.7599451766401,69.56042839314665
27643298,-4.39887,-0.122161,0.013370103691101143,207.76295562590505,190.69021348058084
27643298,-4.39887,-0.122161,0.013370103691101143,207.76295562590505,190.69021348058084
27555027,-5.909365,-1.723567,3.436831103691101,59.22932254699904,196.68542846846805
27555027,-5.909365,-1.723567,3.436831103691101,59.22932254699904,196.68542846846805
27643302,-6.553393,-0.217314,4.012535103691101,15.53212105088528,124.75982383747802
27674967,-3.28463,-5.388987,0.086946103691101,179.73468784185093,319.08473765380705
27674968,-3.194155,-4.355524,3.309877103691101,67.55088959504059,335.5309729711328
27629724,-1.101466,1.867201,-0.00407589630889893,415.0790045544048,254.6260319830462
27629724,-1.101466,1.867201,-0.00407589630889893,415.0790045544048,254.6260319830462
27658812,-2.609418,-4.53142,4.401588103691101,6.028973368448135,377.09884024405017
27639582,-6.255833,-0.811136,4.032708103691101,20.10496768727125,155.68555486253047
27665797,-3.639872,-1.667151,0.02586810369110104,200.40833265256865,254.3351501940385
27651191,-3.512578,-2.207089,0.05167810369110115,196.37523113776,269.3426900027402
27651191,-3.512578,-2.207089,0.05167810369110115,196.37523113776,269.3426900027402
27660976,-6.526677,-0.298386,3.4398531036911013,49.25748287832525,133.67628531876557
27651194,-5.076156,-3.040173,3.9130711036911014,42.91003117102352,252.4645971775816
27651194,-5.076156,-3.040173,3.9130711036911014,42.91003117102352,252.4645971775816
27653609,-3.359875,2.33931,0.023618103691101178,278.0429984438489,79.66192684220206
27643311,-6.347515,-0.300218,3.195142103691101,60.51801798563744,138.85709516784405
27630592,-4.477881,0.286354,0.03576310369110103,210.3381953827457,174.10774489777344
27630592,-4.477881,0.286354,0.03576310369110103,210.3381953827457,174.10774489777344
27674973,-3.066714,-4.099772,4.027507103691101,27.08292459555676,345.7503183179341
27646913,-6.580016,0.34617,3.9682331036911007,7.621730007071875,96.6165335168352
27658836,-0.512648,0.582171,0.017941103691101024,337.2504859382124,394.03797377902896
27651217,-4.954105,-4.355878,0.060998103691101146,177.50698407392088,266.8646974818385
27651217,-4.954105,-4.355878,0.060998103691101146,177.50698407392088,266.8646974818385
27668333,-5.402555,1.873483,0.029919103691101068,218.4503127929302,81.93118636621091
27681424,-3.833772,0.745668,1.601310103691101,135.26612626823214,161.91965008390605
27662661,-1.707112,-7.514949,4.597879103691101,29.030576816291276,431.9582681651831
27665818,-3.565887,-1.774032,0.021057103691101142,200.33774737743695,258.8948060070994
27665818,-3.565887,-1.774032,0.021057103691101142,200.33774737743695,258.8948060070994
27658854,-2.453608,-5.007441,4.418177103691101,11.1957292235019,388.2796679220388
27642470,-3.445757,2.55,0.03060110369110114,282.7815254874566,56.27631228608723
27658863,-1.774835,-5.259732,0.09227310369110109,187.533177821912,364.98697722595807
27651242,-3.445133,-2.616418,0.04631910369110104,194.1893952510152,278.7667615939638
27661002,-5.466976,2.27398,0.013063103691101086,224.11822115255777,56.87662428340505
27653652,-5.482813,2.21986,0.028788103691101075,222.3093765035592,59.95749485826414
27658882,-1.590209,-4.130068,0.4676331036911011,182.56120963082736,368.90830352996767
27675008,-0.788243,1.605508,-0.00930389630889894,422.02806183500206,319.40050757392754
27668399,-5.156713,1.575952,0.03675210369110116,217.52344017896652,101.87156366623849
27675017,-2.550211,-7.313122,4.877093103691101,23.753815863701817,399.17382604907823
27623035,-7.097775,0.075769,4.1621561036911014,10.22565839543745,100.80809771122118
27658904,-1.616725,-5.306018,0.07023910369110098,188.8533907933828,370.78685227811553
27626737,-7.190787,0.506796,4.164661103691101,3.134911242424863,77.30769148361307
27668408,-7.470133,0.571802,4.246335103691101,1.9101822985118415,69.64944566995044
27651291,-4.817489,-3.875628,3.9774531036911007,46.67106420524564,276.6328542117021
27651291,-4.817489,-3.875628,3.9774531036911007,46.67106420524564,276.6328542117021
27661031,-5.559207,2.191819,0.02388110369110108,220.96257058428867,61.11422274981214
27651295,-3.612832,-3.44912,0.05865810369110114,187.741396874797,286.996868155151
27651308,-4.848204,-4.13425,4.045715103691101,46.663230694514766,280.38765870266326
27651308,-4.848204,-4.13425,4.045715103691101,46.663230694514766,280.38765870266326
27661040,-5.797441,2.145312,0.014084103691101024,217.3579104417873,61.941053551083456
27642497,-4.52741,2.735783,-0.009464896308899018,254.53373142103885,28.676428052484
27665870,-3.01521,-1.159757,1.624393103691101,135.0734367613502,272.0590253310293
27665870,-3.01521,-1.159757,1.624393103691101,135.0734367613502,272.0590253310293
27661045,-5.961319,2.1066,0.09507210369110108,211.18788511979824,61.428887081182125
27653690,-5.579198,2.081388,0.010700103691101193,219.68774179499053,67.95086652730964
27677024,-4.834436,-5.111775,3.560811103691101,73.44180135650362,292.8159001899276
27677024,-4.834436,-5.111775,3.560811103691101,73.44180135650362,292.8159001899276
27665876,-3.520938,-2.272506,0.036939103691101094,196.33936320907225,270.25751627349206
27665876,-3.520938,-2.272506,0.036939103691101094,196.33936320907225,270.25751627349206
27658935,-2.041117,-5.694978,4.352424103691101,19.961752079809003,410.8465090204569
27675047,-0.576506,0.618787,-0.011449896308898921,337.3677504731588,383.28793711128833
27651344,-3.892238,-3.790861,1.291043103691101,146.54437027603268,289.94735448604126
27651347,-4.263693,-3.583453,4.592696103691101,5.390885334430919,293.52214204647487
27651347,-4.263693,-3.583453,4.592696103691101,5.390885334430919,293.52214204647487
27639633,-6.075071,-1.046837,3.3895111036911008,56.00023900498306,171.48620417288618
27639633,-6.075071,-1.046837,3.3895111036911008,56.00023900498306,171.48620417288618
27665894,-4.951968,-4.809058,0.018152103691100985,177.02589888120693,272.6746887550281
27665894,-4.951968,-4.809058,0.018152103691100985,177.02589888120693,272.6746887550281
27658965,-1.74228,-6.250961,4.339917103691101,24.89088705612824,426.57478463184486
27665902,-2.952367,-1.30198,1.8044981036911012,124.91246835947746,279.9119080003124
27668472,-4.16733,1.368356,1.7632541036911011,122.18544728704288,108.8386654328351
27651387,-4.260653,-3.902343,4.683254103691101,6.02692607403668,299.74658190443915
27651387,-4.260653,-3.902343,4.683254103691101,6.02692607403668,299.74658190443915
27643344,-6.947113,-0.628319,4.236509103691101,16.05775638234357,133.76976507642
27643344,-6.947113,-0.628319,4.236509103691101,16.05775638234357,133.76976507642
27639645,-6.274122,-1.27292,3.286938103691101,65.0429487416913,175.1673788720172
27639645,-6.274122,-1.27292,3.286938103691101,65.0429487416913,175.1673788720172
27651405,-4.468122,-6.42289,-0.014026896308898973,174.46262370837275,300.2396935109457
27668487,-6.190392,0.441934,3.804144103691101,9.061614832541949,99.40391770652356
27658988,-1.606212,-6.692098,4.361134103691101,28.27069628375139,433.6466923681593
27653733,-5.457841,1.921647,0.025078103691100972,218.55066754099124,78.53838025004112
27668489,-4.774428,1.213415,0.057640103691101174,216.98740102035205,127.120576608285
27672811,-4.505708,2.693278,0.48616310369110105,223.67939281241848,17.6794088931683
27651413,-4.170767,-3.975652,4.649249103691101,7.689962567636456,304.04348142339484
27651413,-4.170767,-3.975652,4.649249103691101,7.689962567636456,304.04348142339484
27665921,-5.90262,-5.996363,4.719239103691101,46.43106043887372,282.1342247118207
27668502,-7.058158,0.038203,4.167559103691101,9.930466990900612,103.12283473186685
27672823,-8.487201,2.577151,0.8811641036911011,162.45216743370517,10.432865176864452
27618636,-6.040193,1.8639,0.010394103691101053,211.0024018380296,75.51144361470821
27672824,-4.795565,2.57201,0.3015181036911011,226.39931774122533,33.211509099559265
27665933,-3.446451,-2.773033,0.024993103691101082,193.83675691415985,281.25683997001346
27653752,-5.412495,1.82442,0.016372103691101092,218.243881997514,84.80874211066802
27668517,-6.973347,-0.046437,4.158309103691101,10.633105901460452,108.51030774777772
27672833,-8.266337,2.354688,0.898806103691101,161.8794393647147,22.38765532676075
27626760,-6.85623,0.443187,4.020078103691101,7.450791291105219,86.82989675016574
27643353,-6.297339,-0.523733,3.200075103691101,62.17963672837132,148.70137939011545
27643353,-6.297339,-0.523733,3.200075103691101,62.17963672837132,148.70137939011545
27646990,-6.77801,-0.124766,4.086223103691101,13.124443264961428,115.97540885604896
27672835,-7.994048,2.360141,0.687346103691101,171.5174441009056,26.3123841967568
27638915,-5.175526,1.55884,0.024741103691101163,217.56640941528545,102.64678997737552
27613361,-8.140303,2.559116,0.6197271036911011,174.3609563389957,16.425067734811165
27630639,-7.273607,0.641233,4.115889103691101,5.028980311189599,69.67477160529162
27672839,-8.032421,2.264564,0.33454510369110113,184.2100778287204,36.6549558575889
27681565,-5.365548,-4.659198,4.472492103691101,39.05251075971216,275.9125653213996
27651447,-3.9076,-3.903271,4.5080861036911015,9.962821429564912,311.97109379242886
27651447,-3.9076,-3.903271,4.5080861036911015,9.962821429564912,311.97109379242886
27672845,-6.920533,1.854084,2.6891351036911013,71.24591848058935,21.867090334561052
27623068,-6.908528,-0.061576,4.116580103691101,12.323653270585368,110.64592364298312
27651453,-3.572665,-4.436696,1.2400391036911012,148.02858536753791,307.6364524375886
27668531,-4.706055,1.035446,0.05207810369110111,215.81147693345773,137.17451252965938
27642529,-1.095322,1.955437,-0.007763896308898843,430.0740857970294,246.95797583281464
27642529,-1.095322,1.955437,-0.007763896308898843,430.0740857970294,246.95797583281464
27651461,-2.16463,-2.43215,0.004239103691101143,208.12166915532976,321.43539281097105
27647002,-3.849896,0.628072,1.6046991036911011,135.05433698209126,167.9844027120497
27647002,-3.849896,0.628072,1.6046991036911011,135.05433698209126,167.9844027120497
27651472,-3.56293,-4.712806,1.2326251036911011,147.9622072654223,311.1227029149894
27672867,-3.750872,1.795722,1.956508103691101,99.31000156930938,75.21655584827059
27643360,-6.529169,-0.522475,4.222911103691101,8.128802799180505,136.98834911393794
27668543,-7.940678,-0.634022,4.568507103691101,13.16040170697164,116.18258125703916
27643362,-3.706419,0.473099,1.747854103691101,125.29270871085228,180.48331376561777
27677109,-1.449153,-5.110421,0.7421191036911011,169.05830603327152,384.0032699301168
27629797,-3.48296,2.74887,-0.029509896308898886,294.1018773321839,35.27247132366659
27665980,-3.554844,-3.43762,0.06034610369110105,188.08568855786,288.4866425400785
27677114,-0.689187,1.619428,-0.009493896308898853,440.2098859617247,335.71361681994387
27586522,-7.584675,0.944702,4.103459103691101,5.397958156309642,49.65798548420426
27668560,-7.096477,-0.381817,4.238595103691101,14.042997373263631,120.98869579698987
27664126,-3.612634,2.910971,0.020132103691101078,292.4050312200212,12.53977391889174
27643371,-6.185997,-0.526417,3.3637891036911007,52.45617758361553,149.96061771293142
27643371,-6.185997,-0.526417,3.3637891036911007,52.45617758361553,149.96061771293142
27647022,-6.497488,-0.186195,4.018808103691101,13.609530296881845,124.2472458879049
27639669,-6.06847,-1.243878,3.224932103691101,66.0619738042233,178.83987696121767
27639669,-6.06847,-1.243878,3.224932103691101,66.0619738042233,178.83987696121767
27665998,-4.300262,-4.06874,4.713469103691101,7.853587564511002,301.2026104461879
27665998,-4.300262,-4.06874,4.713469103691101,7.853587564511002,301.2026104461879
27643376,-6.30252,-0.533807,3.931058103691101,22.02033775694767,144.0821071491536
27643376,-6.30252,-0.533807,3.931058103691101,22.02033775694767,144.0821071491536
27647035,-6.210564,-0.188598,3.8764911036911007,17.620521054863673,130.97967887813462
27647035,-6.210564,-0.188598,3.8764911036911007,17.620521054863673,130.97967887813462
27623081,-6.518899,-0.296412,3.2375091036911012,59.88746692562867,135.29366599636265
27651538,-3.448565,-4.458119,3.575106103691101,58.38869159637949,329.2659136707415
27661181,-5.20656,1.612397,0.03351610369110114,217.47023571587255,99.1830903595535
27647036,-6.469564,-0.406145,3.2375821036911008,60.596643697962776,140.60303794575032
27672902,-7.184682,-0.133415,2.964023103691101,77.12111370859603,120.33750436742385
27666013,-3.078909,-2.779875,0.03517210369110102,196.0905596813184,293.0052995769739
27672906,-6.804562,-0.175143,3.272271103691101,59.48667711528137,125.21906854943914
27558144,-7.480374,0.020702,4.313355103691101,8.81262149261812,96.6745372015478
27643385,-6.250935,-0.667004,3.209477103691101,62.75918596770976,155.01234043201532
27643385,-6.250935,-0.667004,3.209477103691101,62.75918596770976,155.01234043201532
27591626,-6.879309,-0.665348,4.256458103691101,14.534089918648109,136.30186095580524
27591626,-6.879309,-0.665348,4.256458103691101,14.534089918648109,136.30186095580524
27666025,-4.106131,-3.965056,4.611964103691101,8.496578333941244,306.03898078238024
27666025,-4.106131,-3.965056,4.611964103691101,8.496578333941244,306.03898078238024
27639682,-6.280942,-1.486548,3.1466261036911014,73.31197490995453,182.0947059877184
27639682,-6.280942,-1.486548,3.1466261036911014,73.31197490995453,182.0947059877184
27672921,-6.893234,-0.193073,1.0030031036911011,155.64415614734085,140.21373202338205
27601972,-7.270959,0.593933,4.132510103691101,4.898868115253407,72.10316276957289
27583965,-6.455342,-1.618858,3.6664891036911014,52.30609296358526,180.921530922382
27583965,-6.455342,-1.618858,3.6664891036911014,52.30609296358526,180.921530922382
27668609,-4.749193,0.707291,0.009334103691100992,213.03864339855323,151.21338980128309
27647052,-6.504662,-0.413293,4.036859103691101,16.837077846515257,134.2036842052984
27647052,-6.504662,-0.413293,4.036859103691101,16.837077846515257,134.2036842052984
27666035,-2.832016,-2.481234,0.01979810369110102,200.85945316451165,296.5341168520727
27647058,-6.811022,-0.581516,4.090404103691101,21.360317057667142,135.3421069367315
27647058,-6.811022,-0.581516,4.090404103691101,21.360317057667142,135.3421069367315
27668617,-6.693799,-0.418224,3.5610111036911007,46.1663095739483,134.74749017215507
27668618,-6.684995,-0.354746,3.275663103691101,60.10491971548191,134.4846798364842
27633215,-1.060826,1.819534,-0.008780896308898889,414.2297514026652,264.0162181291023
27633215,-1.060826,1.819534,-0.008780896308898889,414.2297514026652,264.0162181291023
27643394,-6.777749,-0.851328,4.262931103691101,15.765534536613274,145.46379386114018
27643394,-6.777749,-0.851328,4.262931103691101,15.765534536613274,145.46379386114018
27639695,-6.749232,-1.693596,4.369530103691101,22.82698332343554,174.88526266288113
27639695,-6.749232,-1.693596,4.369530103691101,22.82698332343554,174.88526266288113
27639696,-6.065269,-1.358913,3.441002103691101,56.70242125944094,181.9242302542952
27639696,-6.065269,-1.358913,3.441002103691101,56.70242125944094,181.9242302542952
27668630,-6.934471,-0.719592,4.204358103691101,19.138146414153653,137.88052712950704
27668630,-6.934471,-0.719592,4.204358103691101,19.138146414153653,137.88052712950704
27679265,-7.911697,2.311661,0.4655171036911011,180.3558677595527,32.712924632739146
27668631,-6.652139,-0.36396,3.115761103691101,67.91840376924878,136.58043888378268
27653889,-4.867079,1.27674,0.04979810369110105,216.91282696205656,122.2585160967554
27643401,-6.207078,-0.699792,3.3958831036911015,53.04279636077979,156.07635723297793
27643401,-6.207078,-0.699792,3.3958831036911015,53.04279636077979,156.07635723297793
27643404,-3.666039,0.370877,1.7472861036911012,125.53734039061268,187.2897652482848
27643404,-3.666039,0.370877,1.7472861036911012,125.53734039061268,187.2897652482848
27661245,-4.939766,1.277322,0.032386103691101065,216.7023212628557,121.06634899927629
27630683,-7.635176,0.379901,4.362545103691101,1.731112874331302,76.57760884799939
27664175,-3.532916,2.74992,0.027123103691101047,288.0550545832195,32.65128327659309
27643410,-6.278693,-0.79311,3.225924103691101,63.44775061442033,159.00586155933817
27643410,-6.278693,-0.79311,3.225924103691101,63.44775061442033,159.00586155933817
27653910,-4.783278,1.183144,0.038569103691101114,217.3070482584772,128.62910973340297
27581694,-6.801093,-0.976807,4.100447103691101,26.788377904030483,150.7617569109463
27581694,-6.801093,-0.976807,4.100447103691101,26.788377904030483,150.7617569109463
27661267,-4.80797,1.201842,0.029722103691101065,217.60897687203092,127.31367326893172
27647087,-6.356111,-0.66303,3.237511103691101,62.23961833422112,152.63765921384552
27647087,-6.356111,-0.66303,3.237511103691101,62.23961833422112,152.63765921384552
27607904,-7.235559,0.091964,3.574521103691101,45.09512606465938,104.55336754131848
27666088,-3.579162,-4.573231,1.2405361036911011,147.844678830539,309.076118044902
27668660,-6.881,-0.85474,4.2438461036911015,18.397805152387747,143.82163648790862
27668660,-6.881,-0.85474,4.2438461036911015,18.397805152387747,143.82163648790862
27581703,-6.755039,-1.140407,4.409698103691101,12.25400831436761,155.87899793830348
27581703,-6.755039,-1.140407,4.409698103691101,12.25400831436761,155.87899793830348
27661277,-6.669237,0.998166,3.8864161036911007,0.2480194058256017,57.51780077710896
27664191,-3.460844,2.701488,-0.030936896308898953,292.9819753523984,41.10841737059147
27623104,-6.462595,-0.321766,3.4250561036911007,49.63825040012623,135.91501082235098
27668667,-6.468164,-0.472189,3.237825103691101,61.26740340100616,143.2311447988406
27638949,-5.12668,1.464053,0.04184310369110111,216.22239648040792,108.21378798641508
27673040,-6.873963,-0.188815,3.141279103691101,66.8244949472546,125.75988719910364
27626810,-6.960071,0.105212,4.1322981036911015,9.071726579357346,101.63605469593142
27647093,-6.461053,-0.766381,3.118738103691101,69.91820173064127,155.0593495499911
27647093,-6.461053,-0.766381,3.118738103691101,69.91820173064127,155.0593495499911
27653934,-4.142369,1.274187,1.612400103691101,133.95361820690016,118.80547978422412
27681699,-2.171237,-2.42924,0.09042910369110113,204.7852661813327,321.9302355913561
27673047,-6.95374,-0.139556,3.7678571036911013,34.37682954179385,116.96983408438352
27661300,-7.428791,0.634792,4.201806103691101,2.624525911921893,67.22321966893085
27673057,-6.816949,-0.351276,2.862616103691101,81.10122039876029,135.13766109190925
27558329,-7.23482,-1.082926,4.404936103691101,18.52300271526107,145.02290003576832
27558329,-7.23482,-1.082926,4.404936103691101,18.52300271526107,145.02290003576832
27613405,-6.89998,1.875447,3.049458103691101,46.63662192363881,11.824602994537829
27647099,-6.698153,-0.760727,4.149138103691101,19.36067192348344,144.16368009394847
27647099,-6.698153,-0.760727,4.149138103691101,19.36067192348344,144.16368009394847
27661318,-6.990641,0.628183,4.0497821036911015,4.145889401096838,74.38695980021666
27623115,-7.17561,-0.380969,4.288722103691101,12.45145234177636,119.27029058002054
27647104,-6.394015,-0.766608,3.4399311036911007,53.44546526954608,154.59222042796245
27623118,-6.362631,-0.454285,3.209066103691101,61.58649748290844,144.68285854930974
27668689,-6.570571,-0.814612,4.137868103691101,18.97199947826184,148.7893395925264
27668689,-6.570571,-0.814612,4.137868103691101,18.97199947826184,148.7893395925264
27628926,-1.100456,1.869792,-0.00975489630889892,416.02720831458,254.44599296799484
27628926,-1.100456,1.869792,-0.00975489630889892,416.02720831458,254.44599296799484
27668697,-6.507645,-0.694351,3.554811103691101,47.86515057437029,149.012023166524
27668697,-6.507645,-0.694351,3.554811103691101,47.86515057437029,149.012023166524
27679313,-3.641515,1.649076,1.949515103691101,100.73508269273324,93.53744192586524
27668699,-6.52894,-0.606509,3.1092751036911013,69.47641468611357,148.0440096006484
27668700,-6.66808,-0.657066,3.046613103691101,73.9156948052786,147.75654779795087
27664209,-3.487781,2.640758,0.02803510369110107,285.0885168557135,45.75536009036344
27668710,-5.97955,-0.410663,3.117400103691101,62.36611957164658,151.098172641613
27668710,-5.97955,-0.410663,3.117400103691101,62.36611957164658,151.098172641613
27647114,-6.479996,-0.940231,3.032025103691101,75.55789481163919,161.1616915856573
27647114,-6.479996,-0.940231,3.032025103691101,75.55789481163919,161.1616915856573
27647116,-3.658391,0.38447,1.7480441036911012,125.44368743723908,186.87831091188383
27647116,-3.658391,0.38447,1.7480441036911012,125.44368743723908,186.87831091188383
27641651,-1.103926,1.92368,-0.006320896308898982,423.5116930225885,248.98703719853268
27641651,-1.103926,1.92368,-0.006320896308898982,423.5116930225885,248.98703719853268
27668716,-6.433856,-0.881561,4.083484103691101,21.08328851625859,154.4395142455901
27668716,-6.433856,-0.881561,4.083484103691101,21.08328851625859,154.4395142455901
27668719,-6.591131,-0.728834,3.028434103691101,74.80777350108264,151.80331360143174
27668719,-6.591131,-0.728834,3.028434103691101,74.80777350108264,151.80331360143174
27653978,-7.942341,0.45089,4.414862103691101,2.7192101421919403,69.25630337175116
27671030,-4.984721,2.50405,0.3475711036911011,218.8881147184031,36.581403187165705
27668726,-6.525381,-0.774707,3.135994103691101,69.65858227283127,154.050887459492
27668726,-6.525381,-0.774707,3.135994103691101,69.65858227283127,154.050887459492
27661348,-8.03001,0.140842,4.519578103691101,4.047226697110432,82.31878359684131
27673136,-5.535236,-3.199693,0.817078103691101,158.69252560493098,238.24167592116063
27673136,-5.535236,-3.199693,0.817078103691101,158.69252560493098,238.24167592116063
27607952,-6.866118,-0.755802,3.7856881036911014,40.77274224621047,143.31694612926083
27607952,-6.866118,-0.755802,3.7856881036911014,40.77274224621047,143.31694612926083
27666148,-3.68658,-5.216926,4.655460103691101,19.716601221741115,338.5220229781129
27602038,-4.28894,2.894604,-0.026408896308898866,267.6086411110596,14.491011603006797
27623137,-6.330405,-0.529871,3.214423103691101,61.8074845085082,148.21214011884112
27623137,-6.330405,-0.529871,3.214423103691101,61.8074845085082,148.21214011884112
27679336,-7.162901,-0.129478,3.022849103691101,74.20159422053561,120.00888234459696
27668731,-4.517694,0.392668,0.03455010369110112,211.11861159670403,169.07650729825494
27647122,-6.846389,-0.984499,4.235701103691101,20.397037815734905,149.40168224918176
27647122,-6.846389,-0.984499,4.235701103691101,20.397037815734905,149.40168224918176
27668746,-6.533446,-0.997048,3.600542103691101,49.4066200354473,159.3188310323789
27668746,-6.533446,-0.997048,3.600542103691101,49.4066200354473,159.3188310323789
27668747,-6.497065,-0.878734,3.032806103691101,75.1541884476305,158.7439830571319
27668747,-6.497065,-0.878734,3.032806103691101,75.1541884476305,158.7439830571319
27558410,-6.257949,-1.129544,3.459726103691101,55.14561232934338,170.11958783893368
27558410,-6.257949,-1.129544,3.459726103691101,55.14561232934338,170.11958783893368
27673180,-4.038153,-4.80091,2.856526103691101,93.57976612833964,307.9479430687172
27671054,-7.337226,-0.201193,3.1419931036911013,70.49571872596533,119.37842043278413
27661371,-6.74428,0.309339,4.037534103691101,6.982689955636033,95.34809840334674
27673184,-3.971786,-4.681016,3.028811103691101,86.24406323405708,309.61309723247484
27668752,-6.496066,-0.955391,3.1330781036911013,71.12905996580008,160.88903558104795
27668752,-6.496066,-0.955391,3.1330781036911013,71.12905996580008,160.88903558104795
27643441,-6.22669,-0.808369,4.173622103691101,11.301976115522336,155.35273546652007
27643441,-6.22669,-0.808369,4.173622103691101,11.301976115522336,155.35273546652007
27639744,-5.921814,-1.50822,3.419696103691101,57.98256400599556,189.95238363756263
27639744,-5.921814,-1.50822,3.419696103691101,57.98256400599556,189.95238363756263
27639745,-6.055202,-1.672808,3.0063821036911014,79.4337444729693,192.714671777595
27639745,-6.055202,-1.672808,3.0063821036911014,79.4337444729693,192.714671777595
27623144,-7.522247,-0.636919,4.515368103691101,9.818751335864365,122.67894235092314
27647129,-6.600325,-1.094728,3.0606271036911012,76.23641436446269,163.85191099842862
27647129,-6.600325,-1.094728,3.0606271036911012,76.23641436446269,163.85191099842862
27668758,-6.487697,-1.086421,3.589710103691101,50.50004240952734,163.37902554878568
27668758,-6.487697,-1.086421,3.589710103691101,50.50004240952734,163.37902554878568
27647133,-7.02564,-1.162052,4.378630103691101,18.188262482770057,151.71510028004712
27647133,-7.02564,-1.162052,4.378630103691101,18.188262482770057,151.71510028004712
27618706,-5.146894,1.432223,0.03300410369110107,215.92640826426327,109.63304450957388
27654008,-7.605403,0.29331,4.336660103691101,4.454092215940165,81.65500938778024
27668763,-3.842935,0.648617,1.597431103691101,135.55290749426683,167.1345878193011
27668763,-3.842935,0.648617,1.597431103691101,135.55290749426683,167.1345878193011
27666176,-3.391823,-4.899375,4.446020103691101,21.5524545037768,344.82012267896306
27661389,-6.749717,0.173086,4.045542103691101,9.370649201393064,102.29106465240974
27666177,-2.394609,-2.533654,1.857666103691101,123.96930699261216,331.96988995454745
27668770,-6.51765,-1.061726,3.043021103691101,76.24093124331634,164.42495165909818
27668770,-6.51765,-1.061726,3.043021103691101,76.24093124331634,164.42495165909818
27677388,-6.833141,1.863778,2.762359103691101,65.45347771164782,19.739076626636773
27673227,-3.907356,-7.027817,3.572598103691101,79.41395890936735,338.6442068895542
27668773,-6.231003,-1.026726,3.428484103691101,55.32294247598304,167.29006811302307
27668773,-6.231003,-1.026726,3.428484103691101,55.32294247598304,167.29006811302307
27677389,-7.731372,1.53266,2.8759041036911013,71.1418711357756,35.72151391707192
27677390,-7.490866,1.409404,3.446674103691101,36.774227044852665,33.70118711591016
27673240,-2.055596,-2.266353,1.924010103691101,119.15194356295856,347.1490585570583
27668781,-6.531106,-1.157292,3.049497103691101,76.7541121036314,167.22564076860692
27668781,-6.531106,-1.157292,3.049497103691101,76.7541121036314,167.22564076860692
27664242,-3.380247,2.516529,-0.03126589630889898,288.1903850600252,62.74949396305678
27677399,-1.961237,2.618213,-0.012524896308898859,403.33826484884526,83.49183673227392
27621518,-1.107149,1.886225,-0.0076828963088988456,417.3608298633295,252.1102884354785
27621518,-1.107149,1.886225,-0.0076828963088988456,417.3608298633295,252.1102884354785
27558486,-5.990529,-1.513628,3.431560103691101,58.08492518738521,188.50537536603565
27668788,-6.389598,-1.156363,3.137556103691101,71.82769973500075,169.61447371616683
27668788,-6.389598,-1.156363,3.137556103691101,71.82769973500075,169.61447371616683
27558493,-5.930608,-1.479651,3.214378103691101,67.61748357491365,189.3616797447068
27558493,-5.930608,-1.479651,3.214378103691101,67.61748357491365,189.3616797447068
27673268,-2.986066,-9.103442,2.813981103691101,106.3106316738027,370.9421123369693
27654038,-7.729769,0.021646,4.447021103691101,5.31186867413291,92.07409637228596
27666195,-3.020732,-5.251857,0.9028911036911011,158.29597457206265,330.6729369830708
27668795,-6.14976,-1.172502,3.5093821036911015,52.083141122693206,173.68676018453732
27668795,-6.14976,-1.172502,3.5093821036911015,52.083141122693206,173.68676018453732
27666203,-3.86349,-7.169584,4.173977103691101,60.14697084973531,345.45172116422526
27647152,-7.146242,-1.324867,4.435632103691101,19.399376121456072,154.8809270431804
27661413,-6.847718,0.00266,4.093197103691101,11.486222224374243,108.7508646582601
27610802,-6.590883,-1.448399,4.531314103691101,8.383926626189805,169.51038819159254
27610802,-6.590883,-1.448399,4.531314103691101,8.383926626189805,169.51038819159254
27574450,-7.450548,0.652544,4.106124103691101,8.688151975148514,67.48985860129258
27623154,-7.152368,-0.609235,4.302410103691101,15.221757599758234,129.04951381885485
27623154,-7.152368,-0.609235,4.302410103691101,15.221757599758234,129.04951381885485
27629896,-3.372437,2.411524,0.03694010369110101,279.60493911163854,71.86182254847813
27668798,-4.421949,0.114477,0.02772510369110104,209.41806841918824,181.85213249944456
27668798,-4.421949,0.114477,0.02772510369110104,209.41806841918824,181.85213249944456
27668800,-6.204178,-1.216908,3.4560131036911015,55.75832591326508,174.20336609842042
27668800,-6.204178,-1.216908,3.4560131036911015,55.75832591326508,174.20336609842042
27677433,-1.58282,2.404414,-0.006113896308898914,425.8259152385269,139.72111448592432
27656792,-3.417957,2.60834,-0.032320896308899005,290.71387264118766,52.25190409059374
27675343,-4.783119,2.592491,0.26436310369110116,229.22370992032435,32.49419984236562
27675345,-8.053525,2.363501,0.844881103691101,164.95213894117887,23.32721333644756
27664258,-3.360585,2.466062,-0.03125189630889902,286.827959623997,68.37371550508593
27671120,-5.825834,-1.94587,3.526554103691101,56.48570000506851,204.91083733550863
27671120,-5.825834,-1.94587,3.526554103691101,56.48570000506851,204.91083733550863
27677451,-2.069848,2.016278,-0.010941896308898968,332.11566759170944,157.86619328315888
27677451,-2.069848,2.016278,-0.010941896308898968,332.11566759170944,157.86619328315888
27656806,-3.450378,2.556389,0.027104103691101056,283.0890002194879,55.62466949166699
27656809,-4.498049,2.736183,-0.004531896308898942,255.08023958685249,28.65716012719957
27656810,-3.388583,2.526854,-0.029271896308898926,288.1530380642653,61.457249354535975
27661439,-4.652415,0.468564,0.021050103691101052,210.9631078266392,163.02666377216778
27671124,-6.17778,-2.59102,4.445010103691101,24.488955731140265,213.0275159304264
27671124,-6.17778,-2.59102,4.445010103691101,24.488955731140265,213.0275159304264
27666226,-3.607556,-6.830902,4.2901301036911015,51.686044491976446,351.9367911415609
27639790,-5.766568,-1.616044,3.3858511036911008,59.33590298605756,196.99152006885112
27639790,-5.766568,-1.616044,3.3858511036911008,59.33590298605756,196.99152006885112
27668826,-6.072636,-1.253014,3.226673103691101,66.09675539054876,179.03826870464684
27668826,-6.072636,-1.253014,3.226673103691101,66.09675539054876,179.03826870464684
27656822,-3.361969,2.459875,-0.029663896308898874,286.39747567689915,68.94369556568824
27643474,-5.897872,-0.797715,3.885905103691101,22.95749158279781,163.89704399285858
27643474,-5.897872,-0.797715,3.885905103691101,22.95749158279781,163.89704399285858
27679449,-3.030993,0.227619,1.921903103691101,111.26383909507835,221.8022055173815
27679449,-3.030993,0.227619,1.921903103691101,111.26383909507835,221.8022055173815
27611599,-6.909177,1.878434,3.014695103691101,49.14162543459051,12.44379981354669
27675391,-7.2706,0.136947,2.9179121036911013,77.75366310205217,108.5963973007809
27675395,-7.201644,0.082768,2.8681961036911012,80.05587477110157,112.22054628278428
27642660,-8.174837,2.450581,0.011919103691101052,195.99849093356724,31.84301447844561
27639804,-5.719843,-1.70472,3.189372103691101,69.1617452464468,201.04376343597403
27639804,-5.719843,-1.70472,3.189372103691101,69.1617452464468,201.04376343597403
27584304,-5.207361,1.641913,0.04989810369110104,217.1274726774787,97.349775977534
27668839,-6.135234,-1.527039,3.557256103691101,53.49985504661467,185.3246931685038
27668839,-6.135234,-1.527039,3.557256103691101,53.49985504661467,185.3246931685038
27639805,-5.902384,-1.883709,2.988646103691101,80.75962095641731,202.01992754368575
27639805,-5.902384,-1.883709,2.988646103691101,80.75962095641731,202.01992754368575
27584317,-7.759893,1.512621,1.569269103691101,134.1742343850185,57.16777475802948
27656850,-3.358863,2.344563,0.031479103691101074,277.7875455798659,78.96721434288634
27654101,-4.484442,0.381621,0.0419161036911011,211.0781659106778,170.26969046351584
27654101,-4.484442,0.381621,0.0419161036911011,211.0781659106778,170.26969046351584
27621530,-1.097845,1.858129,-0.010448896308898892,414.72591876141706,255.8243514488471
27621530,-1.097845,1.858129,-0.010448896308898892,414.72591876141706,255.8243514488471
27661477,-6.955223,-0.573974,3.079774103691101,73.70753900360663,139.65915204217615
27639811,-5.710699,-1.756257,3.035265103691101,76.61115905260709,202.9325443072385
27639811,-5.710699,-1.756257,3.035265103691101,76.61115905260709,202.9325443072385
27668860,-6.382035,-1.737979,3.193463103691101,73.85300715609327,187.1839409899821
27668860,-6.382035,-1.737979,3.193463103691101,73.85300715609327,187.1839409899821
27668866,-5.730806,-1.364067,3.164939103691101,67.35366475403731,190.55776438094875
27668866,-5.730806,-1.364067,3.164939103691101,67.35366475403731,190.55776438094875
27630783,-7.396891,-0.232729,4.345325103691101,10.190181110333356,109.0118166321091
27668869,-6.331028,-1.797526,3.185347103691101,74.31532183563453,189.93465458162956
27668869,-6.331028,-1.797526,3.185347103691101,74.31532183563453,189.93465458162956
27661496,-6.532432,-0.424576,3.4518641036911015,50.23854089457933,138.67151797873686
27677530,-1.532238,1.436739,-0.014420896308898978,328.68599784732226,243.7395815327095
27661502,-6.860218,-0.583244,3.646750103691101,45.61414175916423,137.7857547477023
27668876,-5.992775,-1.701945,3.529884103691101,55.33233936754468,193.92766894363444
27668876,-5.992775,-1.701945,3.529884103691101,55.33233936754468,193.92766894363444
27668880,-6.079416,-1.642101,2.9944551036911013,79.88355181053507,191.33287496721837
27668880,-6.079416,-1.642101,2.9944551036911013,79.88355181053507,191.33287496721837
27668886,-5.729443,-1.566519,3.366116103691101,59.46142675474135,196.4313663022668
27668886,-5.729443,-1.566519,3.366116103691101,59.46142675474135,196.4313663022668
27661512,-6.640676,-0.468554,4.125532103691101,14.797438479715368,133.38034404306228
27661512,-6.640676,-0.468554,4.125532103691101,14.797438479715368,133.38034404306228
27668888,-6.218153,-1.84242,3.161758103691101,74.9384366908929,193.6225453078677
27668888,-6.218153,-1.84242,3.161758103691101,74.9384366908929,193.6225453078677
27654132,-4.518314,0.248042,0.01774410369110102,210.18869619379095,174.63980476140654
27654132,-4.518314,0.248042,0.01774410369110102,210.18869619379095,174.63980476140654
27630804,-6.643545,-0.342896,3.123682103691101,67.25723268405935,135.841706324783
27661521,-6.756139,-0.576669,4.340543103691101,6.100060347215361,134.18269260476052
27630810,-6.507348,-0.244027,3.425573103691101,49.130458795453336,131.8395390117771
27661522,-6.354487,-0.591559,3.0846911036911013,69.17022098155542,150.89489166009167
27661522,-6.354487,-0.591559,3.0846911036911013,69.17022098155542,150.89489166009167
27666296,-2.251735,-5.431789,0.15020710369110102,182.49792183530943,350.42627771647346
27654140,-6.897446,-0.434515,3.199484103691101,66.47675145732683,134.60839291784555
27661527,-4.454178,0.144315,0.026522103691100973,209.4293951328604,179.97864015070795
27661527,-4.454178,0.144315,0.026522103691100973,209.4293951328604,179.97864015070795
27666301,-2.605634,-5.087856,4.549086103691101,7.753765909804485,383.0533180085133
27661531,-6.862215,-0.853334,3.681374103691101,47.12927264435919,147.62031730031663
27664306,-8.215047,2.42796,0.01148310369110117,195.5376106613353,32.81919006556072
27639837,-5.716368,-1.891796,3.4012981036911007,60.89762255717886,206.20010200294684
27639837,-5.716368,-1.891796,3.4012981036911007,60.89762255717886,206.20010200294684
27654155,-4.445128,0.162284,0.020067103691101096,209.98371608190763,179.57403291164445
27654155,-4.445128,0.162284,0.020067103691101096,209.98371608190763,179.57403291164445
27643509,-6.441958,-1.433486,3.062818103691101,77.6246424770919,177.46715063119993
27643509,-6.441958,-1.433486,3.062818103691101,77.6246424770919,177.46715063119993
27618788,-4.735272,1.06608,0.031219103691101147,216.73285409684183,135.30560511541063
27666323,-2.461095,-5.175653,4.483116103691101,10.63475479678604,389.746594421502
27656957,-5.501856,2.071295,0.02262110369110104,220.12686591172053,69.17199377387931
27661545,-6.473896,-0.839083,3.020778103691101,75.23946146486259,157.87850271086452
27661545,-6.473896,-0.839083,3.020778103691101,75.23946146486259,157.87850271086452
27681935,-4.677305,2.650845,0.4078771036911011,224.06726605441156,23.657902501318237
27639034,-4.817088,1.206262,0.03232710369110103,217.42847591133767,126.89409571453646
27671231,-5.586809,-3.532954,3.076877103691101,85.56117933306277,246.7365315434424
27671231,-5.586809,-3.532954,3.076877103691101,85.56117933306277,246.7365315434424
27681942,-5.027988,2.406651,-0.021759896308898963,235.8800061306113,52.32241998391234
27661550,-7.411487,-1.148657,4.462513103691101,19.00114149766705,144.01930463870957
27661550,-7.411487,-1.148657,4.462513103691101,19.00114149766705,144.01930463870957
27661553,-6.182837,-0.673985,3.3778441036911007,53.43865059285966,155.6919779403591
27661553,-6.182837,-0.673985,3.3778441036911007,53.43865059285966,155.6919779403591
27569356,-6.950957,1.898859,3.176571103691101,38.0179673247703,6.754215400340257
27656981,-5.529339,1.972081,-0.00098789630889895,219.39691739361865,75.16788906098284
27668963,-8.008192,0.480898,4.457952103691101,0.7711110463944522,66.5267083965285
27630831,-6.382591,-0.314032,3.399373103691101,50.04712711965641,137.2502377302152
27661563,-6.583179,-1.077807,3.055124103691101,76.24420823652582,163.6506682029868
27661563,-6.583179,-1.077807,3.055124103691101,76.24420823652582,163.6506682029868
27666349,-1.781091,-5.268168,0.07806810369110107,187.8763671074009,364.673890771074
27643547,-6.014416,-1.282115,3.420623103691101,56.41425017012469,180.640689830857
27643547,-6.014416,-1.282115,3.420623103691101,56.41425017012469,180.640689830857
27661571,-6.00578,-0.664092,3.935948103691101,19.301835764664418,155.74434846976104
27661571,-6.00578,-0.664092,3.935948103691101,19.301835764664418,155.74434846976104
27654205,-6.169509,-0.540056,3.3594231036911006,52.6807150847215,150.86190737487203
27654205,-6.169509,-0.540056,3.3594231036911006,52.6807150847215,150.86190737487203
27668979,-7.499373,0.484136,4.272373103691101,2.6407545151879788,73.73433898257116
27584466,-6.149789,-1.15852,2.977213103691101,77.57814190890252,175.19859444975805
27584466,-6.149789,-1.15852,2.977213103691101,77.57814190890252,175.19859444975805
27677643,-1.908527,1.480052,-0.01914489630889893,308.36082296210384,212.8788212893062
27661581,-6.814534,-1.173631,4.234590103691101,22.90828455953246,156.85331325828074
27661581,-6.814534,-1.173631,4.234590103691101,22.90828455953246,156.85331325828074
27666366,-1.647589,-5.233769,0.07975610369110098,188.78368354254465,369.3287248973226
27597314,-5.14265,1.412502,0.02332310369110102,216.1491726598136,110.82254013326104
27679684,-3.163015,-5.262084,1.1271011036911012,151.21942722210088,328.0537422546671
27679690,-3.773646,-7.270562,3.452585103691101,83.85132404687465,343.4359087300145
27639871,-5.685593,-2.119514,3.079356103691101,77.18503968662782,213.2806133493281
27639871,-5.685593,-2.119514,3.079356103691101,77.18503968662782,213.2806133493281
27561558,-7.751865,1.460208,3.7060181036911013,23.64710198476422,24.297402408890548
27677650,-4.808919,-5.074714,2.985243103691101,93.03054740319348,290.30997260516364
27677650,-4.808919,-5.074714,2.985243103691101,93.03054740319348,290.30997260516364
27671282,-4.005317,-4.748198,3.237436103691101,78.7357583716936,310.7616213630803
27661589,-6.642244,-1.101724,4.378376103691101,11.566631601259814,156.862684389663
27661589,-6.642244,-1.101724,4.378376103691101,11.566631601259814,156.862684389663
27626845,-7.148718,-0.187355,4.2500351036911015,10.776415215866734,111.49629341923212
27661590,-6.426969,-1.125687,3.5093511036911007,54.27824278037542,166.29775786833116
27661590,-6.426969,-1.125687,3.5093511036911007,54.27824278037542,166.29775786833116
27669009,-4.744648,0.997028,0.028153103691101133,215.84861018799012,138.37356786108805
27584504,-7.725533,1.360806,3.8353411036911007,16.82136504971149,28.181314997894987
27643568,-5.881846,-1.318514,3.3869031036911013,57.23456917392701,184.96242883441408
27643568,-5.881846,-1.318514,3.3869031036911013,57.23456917392701,184.96242883441408
27661599,-6.469812,-1.094688,4.174259103691101,20.054772766333457,161.19108068258464
27661599,-6.469812,-1.094688,4.174259103691101,20.054772766333457,161.19108068258464
27661600,-6.488174,-1.302,3.056384103691101,77.24258157389508,172.57479324171885
27657037,-7.564607,1.105335,4.117295103691101,0.6390597023551265,39.68080111975911
27669024,-4.755609,0.938162,0.025232103691101182,215.0876348685004,140.86785713859405
27630851,-3.635953,0.356803,1.746593103691101,125.58830283736614,189.1379102261429
27630851,-3.635953,0.356803,1.746593103691101,125.58830283736614,189.1379102261429
27654251,-1.511043,1.419606,-0.018868896308898986,329.2646859801027,246.63127700828116
27654251,-1.511043,1.419606,-0.018868896308898986,329.2646859801027,246.63127700828116
27626861,-7.071608,-0.260415,4.227228103691101,12.152452282138029,116.1657761137723
27639888,-5.569807,-2.131159,3.199764103691101,71.17839620752795,216.41272378187185
27639888,-5.569807,-2.131159,3.199764103691101,71.17839620752795,216.41272378187185
27623201,-3.911704,-1.204601,0.019651103691101124,202.1329931369455,235.4129529426617
27623201,-3.911704,-1.204601,0.019651103691101124,202.1329931369455,235.4129529426617
27671313,-2.363113,-2.500535,1.791874103691101,127.30535319162672,332.2649739549849
27661607,-6.601375,-1.415809,3.209064103691101,72.1687216055073,173.30852896825206
27661607,-6.601375,-1.415809,3.209064103691101,72.1687216055073,173.30852896825206
27654258,-6.810041,-1.172075,3.716467103691101,48.53311754980015,159.4743017696696
27654258,-6.810041,-1.172075,3.716467103691101,48.53311754980015,159.4743017696696
27633414,-7.304046,0.467105,4.155392103691101,6.659864007272034,78.35238736100482
27682027,-1.539093,1.793332,-0.017041896308898963,357.1927353189443,215.8077955056836
27579456,-6.176262,-1.171844,3.251148103691101,65.0093378616011,174.0749762237588
27579456,-6.176262,-1.171844,3.251148103691101,65.0093378616011,174.0749762237588
27608819,-4.536028,0.210627,0.01160910369110102,209.831138554758,175.6213417218555
27608819,-4.536028,0.210627,0.01160910369110102,209.831138554758,175.6213417218555
27671320,-3.930978,-7.329141,3.370285103691101,87.24128735084966,338.8695119632031
27666406,-0.577994,0.676217,-0.01035689630889891,341.6566629675348,382.1881578771941
27654268,-6.738224,-1.247251,3.389368103691101,63.77658407225675,164.75254880101747
27654268,-6.738224,-1.247251,3.389368103691101,63.77658407225675,164.75254880101747
27639896,-5.836318,-2.417711,3.1335001036911008,77.8832762847286,217.1058603184008
27639896,-5.836318,-2.417711,3.1335001036911008,77.8832762847286,217.1058603184008
27677689,-3.051502,-5.321284,0.778961103691101,161.70657979320242,329.5072114913754
27623204,-6.839031,-0.790705,4.229704103691101,17.506323851474917,142.19884481225895
27623204,-6.839031,-0.790705,4.229704103691101,17.506323851474917,142.19884481225895
27626869,-6.471303,-0.370732,3.081847103691101,68.19651889747277,140.2597407667579
27643586,-5.876634,-1.405451,3.389494103691101,57.97974409650851,187.86457285489936
27643586,-5.876634,-1.405451,3.389494103691101,57.97974409650851,187.86457285489936
27657065,-6.112795,1.196736,3.653651103691101,0.0026345425262945,53.37917917674085
27643589,-3.952517,-1.016501,0.036381103691101035,202.79121950900287,229.4393597041598
27666420,-1.94841,-9.022303,5.513501103691101,11.888401059420374,433.89544886939854
27654279,-6.547098,-1.260169,3.1868851036911012,71.54660828798202,169.63353582526213
27654279,-6.547098,-1.260169,3.1868851036911012,71.54660828798202,169.63353582526213
27630855,-6.824566,-0.491008,4.149659103691101,16.719232249418525,130.88579987595585
27630855,-6.824566,-0.491008,4.149659103691101,16.719232249418525,130.88579987595585
27633423,-4.43835,-0.137464,-0.007011896308898979,207.9855435922109,190.25552511836796
27633423,-4.43835,-0.137464,-0.007011896308898979,207.9855435922109,190.25552511836796
27639902,-5.548808,-2.13759,3.4711291036911014,58.57295444955491,217.0954928113378
27639902,-5.548808,-2.13759,3.4711291036911014,58.57295444955491,217.0954928113378
27569450,-6.690663,-1.073467,4.386545103691101,11.386010020329508,154.80923392405708
27569450,-6.690663,-1.073467,4.386545103691101,11.386010020329508,154.80923392405708
27661632,-6.285771,-1.304504,3.581665103691101,51.33553392945453,174.88349753358028
27661632,-6.285771,-1.304504,3.581665103691101,51.33553392945453,174.88349753358028
27661633,-6.280711,-1.351547,3.284466103691101,65.92387210338902,177.53266004232418
27661633,-6.280711,-1.351547,3.284466103691101,65.92387210338902,177.53266004232418
27671335,-3.089321,-5.561613,4.659738103691101,16.71187214119388,365.5543845658697
27671337,-2.029174,-2.216624,1.925462103691101,118.85838030045636,348.02232932358515
27599593,-6.946679,-0.599785,4.157743103691101,19.925853986827637,133.2207690155677
27599593,-6.946679,-0.599785,4.157743103691101,19.925853986827637,133.2207690155677
27664399,-1.012943,1.927633,0.04038810369110113,435.47716922965446,261.61618512065
27664399,-1.012943,1.927633,0.04038810369110113,435.47716922965446,261.61618512065
27633431,-7.077559,-0.105265,3.257199103691101,62.00555320243845,118.27085003834291
27647252,-6.032794,-1.362473,3.431011103691101,56.92813561064662,182.79656720965212
27647252,-6.032794,-1.362473,3.431011103691101,56.92813561064662,182.79656720965212
27671342,-3.406421,-7.907496,2.922482103691101,101.0038595373797,354.105513547798
27626883,-6.871345,-0.322432,4.166508103691101,13.52925325669267,122.67401455613133
27669090,-7.584434,-0.291425,4.404660103691101,10.886815496514345,108.41524718757928
27669097,-4.68994,0.665369,0.02092510369110112,212.78096793070756,154.1892755362775
27618880,-6.940433,1.907461,3.260345103691101,31.58601510399461,3.8917311569876176
27643608,-5.873166,-1.524259,3.403116103691101,58.514381992545566,191.62295980498496
27643608,-5.873166,-1.524259,3.403116103691101,58.514381992545566,191.62295980498496
27661658,-6.14406,-1.402788,3.550840103691101,52.54522281560918,181.23864382699563
27661658,-6.14406,-1.402788,3.550840103691101,52.54522281560918,181.23864382699563
27577326,-6.640707,-1.467117,4.434958103691101,14.575428112726854,169.50545668862708
27630870,-6.83535,-0.611399,4.200298103691101,16.081050191463248,135.30281557439028
27630870,-6.83535,-0.611399,4.200298103691101,16.081050191463248,135.30281557439028
27671363,-3.005125,-9.147119,2.643573103691101,110.89926659634187,369.2998514468947
27654325,-6.40171,-1.493037,3.1665651036911013,73.28970187710584,179.7393937680315
27654325,-6.40171,-1.493037,3.1665651036911013,73.28970187710584,179.7393937680315
27626256,-5.31355,1.765602,0.045221103691100994,217.5373660269177,89.02461162080132
27664428,-5.381557,1.922377,0.04480610369110116,218.75657558623,79.11132731016119
27643621,-5.725612,-1.514064,3.177820103691101,68.06358865377408,195.28666995575668
27643621,-5.725612,-1.514064,3.177820103691101,68.06358865377408,195.28666995575668
27618906,-4.652792,0.444042,0.006218103691101096,211.28765500661484,164.06025463280548
27569510,-6.144364,-2.374882,4.086213103691101,38.194163526295,208.41165686584296
27569510,-6.144364,-2.374882,4.086213103691101,38.194163526295,208.41165686584296
27669125,-7.810333,-0.538352,4.5074251036911015,12.903513673397129,114.68141671521803
27669126,-6.670986,-0.277777,3.124851103691101,66.80605544275815,132.77574659641414
27682125,-6.650803,-1.004492,3.7763671036911015,41.95709313536068,156.40516993633824
27626903,-6.225072,-0.436648,3.189058103691101,61.15582218289472,146.74884214952164
27626903,-6.225072,-0.436648,3.189058103691101,61.15582218289472,146.74884214952164
27669140,-6.520922,-0.297503,3.2420651036911012,59.6811624997957,135.26810869944785
27669141,-7.08977,-0.58641,3.1249791036911008,72.68107620985919,137.64347813663613
27657146,-8.974783,-0.160638,4.894436103691101,4.273686204828096,82.31355945327289
27647283,-6.05259,-1.610663,2.994560103691101,79.4992592693142,191.01631761293012
27647283,-6.05259,-1.610663,2.994560103691101,79.4992592693142,191.01631761293012
27639918,-5.690211,-2.432942,3.108244103691101,78.18658180126269,220.9588563267022
27639918,-5.690211,-2.432942,3.108244103691101,78.18658180126269,220.9588563267022
27661693,-6.284599,-1.801232,3.188066103691101,73.92988055633117,191.01067774808007
27661693,-6.284599,-1.801232,3.188066103691101,73.92988055633117,191.01067774808007
27609725,-4.538892,0.197733,0.00854110369110117,209.78323505195905,176.0373887148524
27609725,-4.538892,0.197733,0.00854110369110117,209.78323505195905,176.0373887148524
27630892,-6.131806,-0.59847,3.170166103691101,62.99640539432588,155.04239977697287
27630892,-6.131806,-0.59847,3.170166103691101,62.99640539432588,155.04239977697287
27671393,-1.862643,-8.798377,4.525546103691101,46.61629962123536,423.99096955435226
27657157,-3.557454,2.749112,0.01933510369110114,287.4263005327034,32.829483310633606
27669155,-6.561425,-0.392462,3.441498103691101,50.70935088476193,136.92563539255406
27630894,-6.96415,-0.790634,4.245073103691101,18.51014191271392,139.85465630064576
27630894,-6.96415,-0.790634,4.245073103691101,18.51014191271392,139.85465630064576
27675756,-0.76886,-12.025108,3.353548103691101,95.32920230904688,445.4081656099765
27679990,-1.859589,2.761838,-0.014498896308899,441.36270316500907,59.3802127235702
27679991,-4.918573,2.453538,-0.022711896308899027,239.09376150901656,49.81932753099784
27657167,-3.470953,2.720956,-0.035146896308899,293.70735598183086,38.88162067360688
27633461,-3.648934,0.294108,1.593868103691101,136.0594399261005,192.3140885798288
27633461,-3.648934,0.294108,1.593868103691101,136.0594399261005,192.3140885798288
27679992,-7.694201,1.539977,3.352282103691101,43.35174824013549,26.475131123943555
27669174,-6.643561,-0.525229,3.5645441036911008,46.76202359260745,139.88878371436795
27654410,-6.580027,-2.087949,3.2774151036911015,74.12786655054734,192.46828006333135
27669182,-7.129182,-0.649204,4.490109103691101,5.164697222968755,129.56981562239622
27671404,-1.565509,-7.582673,4.554757103691101,30.20993522732502,437.785914164876
27661717,-5.82408,-1.543899,3.391064103691101,58.86077783827525,193.4133147645448
27661717,-5.82408,-1.543899,3.391064103691101,58.86077783827525,193.4133147645448
27669192,-6.961094,-0.665872,4.291241103691101,13.872065825392696,134.6349183522913
27669192,-6.961094,-0.665872,4.291241103691101,13.872065825392696,134.6349183522913
27654428,-5.877631,-1.628899,3.4162091036911013,58.98704368042982,194.6671072590172
27654428,-5.877631,-1.628899,3.4162091036911013,58.98704368042982,194.6671072590172
27654434,-6.768599,-2.411906,3.348935103691101,74.6251058344921,196.7780246722373
27654434,-6.768599,-2.411906,3.348935103691101,74.6251058344921,196.7780246722373
27669205,-6.104278,-0.498387,3.3286751036911006,53.14236563477317,150.71946606814703
27669205,-6.104278,-0.498387,3.3286751036911006,53.14236563477317,150.71946606814703
27654444,-5.744671,-1.690191,3.195048103691101,68.95736527141057,200.0175435511874
27654444,-5.744671,-1.690191,3.195048103691101,68.95736527141057,200.0175435511874
27594506,-7.378921,-0.918114,3.524799103691101,59.83920564316006,142.16749209641284
27682217,-4.06528,-5.72048,-0.05870889630889886,179.0519184574851,302.14545355087256
27669212,-6.500772,-0.707391,3.567353103691101,47.29901591439213,149.5608101158913
27669212,-6.500772,-0.707391,3.567353103691101,47.29901591439213,149.5608101158913
27630904,-6.284678,-0.700831,3.4184101036911008,52.67979093251876,154.4184939712129
27669217,-7.440862,-1.093282,4.498703103691101,16.77008195012192,141.34736215188232
27669217,-7.440862,-1.093282,4.498703103691101,16.77008195012192,141.34736215188232
27669218,-6.530679,-0.840332,3.034617103691101,74.99523654319094,156.78257196502182
27669218,-6.530679,-0.840332,3.034617103691101,74.99523654319094,156.78257196502182
27671421,-1.355501,-10.129147,4.554418103691101,52.74771781484176,442.6983971965586
27654454,-6.556096,-2.404902,3.294499103691101,75.47419545495873,200.9262280395331
27654455,-6.124515,-2.095303,3.026891103691101,81.77449776353552,202.59245244148465
27654455,-6.124515,-2.095303,3.026891103691101,81.77449776353552,202.59245244148465
27664486,-5.311459,1.715655,0.040897103691101,217.08592231658824,91.90691463114732
27669227,-6.940464,-0.963464,4.189724103691101,23.793580935029013,147.1763234608226
27669227,-6.940464,-0.963464,4.189724103691101,23.793580935029013,147.1763234608226
27630911,-6.175232,-0.728324,3.198598103691101,63.26250474812812,158.8763002249101
27630911,-6.175232,-0.728324,3.198598103691101,63.26250474812812,158.8763002249101
27661746,-5.916488,-1.776164,3.4397831036911013,59.67009407633063,198.04270135472845
27661746,-5.916488,-1.776164,3.4397831036911013,59.67009407633063,198.04270135472845
27661747,-5.686902,-1.631808,3.176640103691101,68.87164176282815,199.73686776370727
27661747,-5.686902,-1.631808,3.176640103691101,68.87164176282815,199.73686776370727
27643659,-5.724702,-1.666818,3.380959103691101,59.71577426446194,199.5340161342681
27643659,-5.724702,-1.666818,3.380959103691101,59.71577426446194,199.5340161342681
27661748,-5.866994,-1.8132,2.971131103691101,80.83408111450959,200.9308613079145
27661748,-5.866994,-1.8132,2.971131103691101,80.83408111450959,200.9308613079145
27618981,-4.461907,0.13201,0.016655103691101125,209.6068330197108,180.2676607187196
27618981,-4.461907,0.13201,0.016655103691101125,209.6068330197108,180.2676607187196
27657207,-4.760415,2.628843,0.00018510369110114056,245.29794656075904,36.458259590281386
27571188,-7.755174,1.524092,3.950120103691101,6.463886543963497,14.862779893391092
27643660,-5.884737,-1.84263,3.092413103691101,75.83095402156167,201.1705623662697
27643660,-5.884737,-1.84263,3.092413103691101,75.83095402156167,201.1705623662697
27680030,-7.17655,0.407637,2.972166103691101,72.17401967237703,97.43414694717572
27669232,-5.998179,-0.600044,3.3252431036911014,53.42582319309244,156.98742270909082
27669232,-5.998179,-0.600044,3.3252431036911014,53.42582319309244,156.98742270909082
27569601,-7.174013,0.092764,4.101505103691101,14.805017220780089,99.63803340429295
27669238,-6.760607,-0.913983,4.209511103691101,19.457408367813684,148.52390086362132
27669238,-6.760607,-0.913983,4.209511103691101,19.457408367813684,148.52390086362132
27654481,-5.475621,-1.566513,3.796982103691101,34.25270201266534,202.2211145210075
27654481,-5.475621,-1.566513,3.796982103691101,34.25270201266534,202.2211145210075
27654482,-5.742995,-1.85416,3.407832103691101,60.4498372661964,204.47906523015652
27654482,-5.742995,-1.85416,3.407832103691101,60.4498372661964,204.47906523015652
27649396,-1.086697,1.968779,-0.005257896308898946,433.51472750849416,246.76776660228404
27649396,-1.086697,1.968779,-0.005257896308898946,433.51472750849416,246.76776660228404
27608906,-7.092789,-0.191651,4.004920103691101,23.935785268715307,114.91449597791356
27682273,-1.42909,-5.383565,0.07325810369110108,189.440259321452,378.2527071913085
27669250,-6.482343,-1.049339,3.034066103691101,76.32076177764566,164.7363420298716
27669250,-6.482343,-1.049339,3.034066103691101,76.32076177764566,164.7363420298716
27680052,-2.723127,1.981605,0.008931103691101061,290.8548971717113,131.42878725092362
27647315,-5.70133,-1.508411,3.171423103691101,68.12877945697983,195.71179977049144
27647315,-5.70133,-1.508411,3.171423103691101,68.12877945697983,195.71179977049144
27643666,-3.881572,-1.300814,0.008281103691101022,201.98997018189425,238.6362228003112
27643666,-3.881572,-1.300814,0.008281103691101022,201.98997018189425,238.6362228003112
27669256,-6.250177,-0.877267,3.4167771036911008,54.44285650277951,161.65183581418296
27669256,-6.250177,-0.877267,3.4167771036911008,54.44285650277951,161.65183581418296
27661779,-6.182879,-2.220734,3.1811031036911013,76.60213341094448,204.3527796693917
27661779,-6.182879,-2.220734,3.1811031036911013,76.60213341094448,204.3527796693917
27567269,-3.09404,2.959114,0.007793103691100978,326.11627232087903,7.267531468094461
27654508,-5.76247,-2.070466,3.247329103691101,69.91509978118407,210.0605105293429
27654508,-5.76247,-2.070466,3.247329103691101,69.91509978118407,210.0605105293429
27654509,-5.970977,-2.290114,3.0358931036911008,81.81472382241978,210.91165557405168
27654509,-5.970977,-2.290114,3.0358931036911008,81.81472382241978,210.91165557405168
27654511,-3.941742,-1.092409,0.03301010369110102,202.34600964473285,231.72039841080036
27654511,-3.941742,-1.092409,0.03301010369110102,202.34600964473285,231.72039841080036
27647316,-3.94495,-1.026775,0.03914110369110113,202.66760953549647,229.93016031197217
27669263,-6.3633,-0.984859,3.543768103691101,50.36543341656866,162.55907872747184
27669263,-6.3633,-0.984859,3.543768103691101,50.36543341656866,162.55907872747184
27657240,-5.218587,2.449225,0.07564310369110117,228.1935192682288,45.52429272852692
27647320,-3.064986,0.256334,1.9296091036911012,110.60708770368824,218.6607284225932
27647320,-3.064986,0.256334,1.9296091036911012,110.60708770368824,218.6607284225932
27661792,-6.029136,-2.184922,3.039429103691101,81.3147171837046,206.9746206623334
27661792,-6.029136,-2.184922,3.039429103691101,81.3147171837046,206.9746206623334
27669268,-6.395879,-1.079608,3.282837103691101,64.4301067681026,166.35761496043176
27669268,-6.395879,-1.079608,3.282837103691101,64.4301067681026,166.35761496043176
27669269,-6.515017,-1.187402,3.062214103691101,76.31174558548926,168.44296960375027
27669269,-6.515017,-1.187402,3.062214103691101,76.31174558548926,168.44296960375027
27654526,-5.878756,-2.276157,3.287718103691101,70.60383573794388,212.5807581941444
27654526,-5.878756,-2.276157,3.287718103691101,70.60383573794388,212.5807581941444
27630931,-7.065125,-1.04767,4.375865103691101,17.10895063890507,146.89644206958928
27661799,-5.632408,-1.817214,3.377790103691101,60.56367640523212,206.2010339754657
27661799,-5.632408,-1.817214,3.377790103691101,60.56367640523212,206.2010339754657
27608929,-6.581395,-0.775417,3.038645103691101,74.63910110811909,153.56506734890996
27626947,-6.242845,-0.650536,3.394526103691101,52.906165553876974,153.47971999436754
27626947,-6.242845,-0.650536,3.394526103691101,52.906165553876974,153.47971999436754
27673706,-4.301266,2.915231,0.022584103691100976,264.9216487142544,10.583381650544396
27589697,-8.194536,-0.82135,4.704795103691101,12.80508088734095,118.82051810973556
27571238,-6.944705,-0.498417,4.379407103691101,5.588885069778797,127.24335211515512
27654532,-5.760766,-2.178817,3.450563103691101,61.70315121095726,212.8512480150138
27654532,-5.760766,-2.178817,3.450563103691101,61.70315121095726,212.8512480150138
27664515,-7.673975,0.65465,4.304659103691101,0.3968128071670094,62.34496195481506
27669278,-6.318836,-1.1163,3.120082103691101,71.79635530593771,169.80230060078327
27669278,-6.318836,-1.1163,3.120082103691101,71.79635530593771,169.80230060078327
27657251,-5.231929,2.403419,0.011487103691101064,230.325056945949,50.09465445710797
27626951,-6.455547,-0.601235,4.058611103691101,18.09457943071365,142.96911980250795
27626951,-6.455547,-0.601235,4.058611103691101,18.09457943071365,142.96911980250795
27661808,-6.00219,-2.250863,3.167335103691101,76.30472102643557,209.1502639613716
27661808,-6.00219,-2.250863,3.167335103691101,76.30472102643557,209.1502639613716
27639155,-4.780061,0.726882,0.005910103691101121,213.03766850063735,149.74839277060994
27571254,-6.727844,-1.03818,4.021873103691101,30.8062012163968,154.81860498525336
27571254,-6.727844,-1.03818,4.021873103691101,30.8062012163968,154.81860498525336
27630940,-6.629767,-0.867398,4.337178103691101,9.550142299929972,148.43196956935046
27630940,-6.629767,-0.867398,4.337178103691101,9.550142299929972,148.43196956935046
27605625,-7.191432,0.104787,3.211703103691101,63.16334460989327,108.2106272299962
27647332,-5.996159,-1.862646,3.011411103691101,80.1792129011524,199.296809917764
27647332,-5.996159,-1.862646,3.011411103691101,80.1792129011524,199.296809917764
27661813,-5.892099,-2.137393,3.4748391036911013,61.28537963182092,208.57257668121275
27661813,-5.892099,-2.137393,3.4748391036911013,61.28537963182092,208.57257668121275
27661814,-5.800295,-2.093027,3.249537103691101,70.26820836237212,209.7457669946697
27661814,-5.800295,-2.093027,3.249537103691101,70.26820836237212,209.7457669946697
27673729,-7.94298,2.296261,0.5855281036911011,175.46879110310863,31.48964498375085
27561825,-7.208492,-0.365092,4.266266103691101,13.951768175221131,118.287377778538
27639165,-4.087732,1.260731,1.7496391036911012,123.47464996036516,119.10280913355216
27647336,-5.582707,-1.54554,3.1460281036911013,68.75803485847084,199.78036176578755
27647336,-5.582707,-1.54554,3.1460281036911013,68.75803485847084,199.78036176578755
27643680,-5.742296,-1.805296,3.4047161036911007,60.11159178331286,203.1078729678865
27643680,-5.742296,-1.805296,3.4047161036911007,60.11159178331286,203.1078729678865
27643681,-5.749838,-1.843928,3.211952103691101,69.53422853918582,204.24213799744948
27643681,-5.749838,-1.843928,3.211952103691101,69.53422853918582,204.24213799744948
27654549,-5.5646,-2.151236,3.391381103691101,62.56482907521135,217.0535159552969
27654549,-5.5646,-2.151236,3.391381103691101,62.56482907521135,217.0535159552969
27657288,-5.569138,2.237343,0.004548103691101035,222.36813898983888,58.484671990664594
27669306,-6.255964,-1.266647,3.266934103691101,65.77942566323546,175.41705903823205
27669306,-6.255964,-1.266647,3.266934103691101,65.77942566323546,175.41705903823205
27661824,-6.165395,-2.542693,3.222381103691101,77.00631726042101,212.57637376136293
27661824,-6.165395,-2.542693,3.222381103691101,77.00631726042101,212.57637376136293
27680101,-6.043148,-2.799844,4.427173103691101,26.498249873215684,221.53552135122777
27680101,-6.043148,-2.799844,4.427173103691101,26.498249873215684,221.53552135122777
27664543,-5.127583,1.437721,0.03660910369110115,216.0966958776573,109.62511589435032
27657303,-5.756077,2.187064,0.09588810369110101,214.82223702560503,58.36465670894916
27661832,-5.819871,-2.296008,3.0143241036911013,81.92600523995952,214.5448705742305
27661832,-5.819871,-2.296008,3.0143241036911013,81.92600523995952,214.5448705742305
27654564,-6.078912,-2.783862,3.232474103691101,77.69988284014434,220.0455545892204
27654564,-6.078912,-2.783862,3.232474103691101,77.69988284014434,220.0455545892204
27664552,-5.802724,1.277407,0.0012981036911010602,207.69868796635808,107.49948950570686
27661841,-5.759727,-2.204775,3.444865103691101,62.19158422350773,213.55613148168248
27661841,-5.759727,-2.204775,3.444865103691101,62.19158422350773,213.55613148168248
27643695,-5.825496,-2.027893,3.095560103691101,76.68490262795197,207.5436739964058
27643695,-5.825496,-2.027893,3.095560103691101,76.68490262795197,207.5436739964058
27657328,-5.852636,2.111551,0.01770610369110104,216.01470460458307,63.38271998381407
27626967,-6.212114,-0.725609,3.3943511036911014,53.47848211037078,156.9579850728236
27626967,-6.212114,-0.725609,3.3943511036911014,53.47848211037078,156.9579850728236
27664558,-7.024311,0.510178,4.078259103691101,5.455873192571261,80.25603956544731
27661854,-5.63398,-2.150258,3.497891103691101,58.18583870059189,215.24718784958583
27661854,-5.63398,-2.150258,3.497891103691101,58.18583870059189,215.24718784958583
27673785,-7.094219,-0.110652,2.8742711036911013,80.52521752931756,121.4780336690311
27680139,-1.303412,1.787217,-0.014695896308899004,380.0036868687073,238.46568427732717
27680139,-1.303412,1.787217,-0.014695896308899004,380.0036868687073,238.46568427732717
27661856,-5.551994,-2.157992,3.207436103691101,70.92630456457215,217.55562930965053
27661856,-5.551994,-2.157992,3.207436103691101,70.92630456457215,217.55562930965053
27654587,-5.546522,-2.425207,3.416085103691101,63.79383592055703,224.47692052552364
27654587,-5.546522,-2.425207,3.416085103691101,63.79383592055703,224.47692052552364
27661857,-5.962114,-2.556816,3.174566103691101,77.86216805081875,217.49013995311427
27661857,-5.962114,-2.556816,3.174566103691101,77.86216805081875,217.49013995311427
27647352,-3.930011,-1.171431,0.026090103691100985,202.01997251190352,234.0617346850148
27647352,-3.930011,-1.171431,0.026090103691100985,202.01997251190352,234.0617346850148
27623269,-6.519243,-1.100573,4.306984103691101,13.583606801548768,159.69995319830014
27623269,-6.519243,-1.100573,4.306984103691101,13.583606801548768,159.69995319830014
27669366,-7.091976,-2.062087,4.517760103691101,25.02509600674267,178.66098840772872
27669366,-7.091976,-2.062087,4.517760103691101,25.02509600674267,178.66098840772872
27626356,-5.154731,1.39545,0.01545910369110115,216.1109605365636,111.57785501468572
27682601,-3.373208,0.934086,1.924499103691101,107.89861090532314,164.0386721973775
27682762,-1.564499,-5.779524,-0.030455896308899,189.54632246955907,374.19092633904734
27682795,-0.860815,-11.883068,2.576210103691101,114.7529894083624,434.38431552288944
27682988,-4.371224,1.78614,1.7902491036911012,118.7813987714752,69.27505731951217
27682994,-7.242155,0.399041,3.495355103691101,45.44539465913388,91.06785519122346
27683002,-6.984526,-0.085804,3.357278103691101,55.882129833573885,117.94717240630462
27571328,-6.120945,-2.285017,4.185103103691101,32.151060729646105,206.49073875682805
27571328,-6.120945,-2.285017,4.185103103691101,32.151060729646105,206.49073875682805
27639998,-3.476969,-1.985815,0.05851210369110116,198.07658682967565,266.16581643848843
27639998,-3.476969,-1.985815,0.05851210369110116,198.07658682967565,266.16581643848843
27630991,-6.430881,-1.234629,3.3138381036911007,64.68945809744545,170.6241433810151
27630991,-6.430881,-1.234629,3.3138381036911007,64.68945809744545,170.6241433810151
27669392,-6.394762,-1.763671,4.210530103691101,27.19985031455792,185.09076601539343
27669392,-6.394762,-1.763671,4.210530103691101,27.19985031455792,185.09076601539343
27572848,-6.550801,-1.513433,4.136154103691101,29.398757271525085,174.07190438262288
27572848,-6.550801,-1.513433,4.136154103691101,29.398757271525085,174.07190438262288
27647383,-3.836857,-1.275667,0.030562103691101017,201.79523175589983,239.37333168851828
27647383,-3.836857,-1.275667,0.030562103691101017,201.79523175589983,239.37333168851828
27626977,-6.316654,-0.885289,3.250864103691101,63.45116022811763,161.41102297350352
27626977,-6.316654,-0.885289,3.250864103691101,63.45116022811763,161.41102297350352
27594662,-3.923644,-1.231527,0.01556510369110109,201.9439328734876,235.73082425722848
27594662,-3.923644,-1.231527,0.01556510369110109,201.9439328734876,235.73082425722848
27673824,-6.46439,-1.484903,4.028546103691101,33.35270292191586,175.35406121823596
27647391,-6.178666,-2.217376,4.379325103691101,22.4683646779298,203.0478605997776
27647391,-6.178666,-2.217376,4.379325103691101,22.4683646779298,203.0478605997776
27661890,-6.162921,-2.986285,3.262701103691101,78.268576299203,222.62345291739825
27661890,-6.162921,-2.986285,3.262701103691101,78.268576299203,222.62345291739825
27647397,-5.765034,-1.95519,3.9867661036911013,33.340233178629774,206.21667235925943
27647397,-5.765034,-1.95519,3.9867661036911013,33.340233178629774,206.21667235925943
27575160,-6.326554,-1.885737,4.101155103691101,33.423106449967634,190.56130398006516
27575160,-6.326554,-1.885737,4.101155103691101,33.423106449967634,190.56130398006516
27680214,-4.964767,-5.037395,3.9980091036911007,57.68911808479825,290.3501334442084
27643708,-3.785634,-1.42348,0.024819103691101185,201.20328131479133,244.4179372063576
27643708,-3.785634,-1.42348,0.024819103691101185,201.20328131479133,244.4179372063576
27636715,-1.075247,1.97572,-0.008545896308898904,436.8283316138277,247.5396400577825
27636715,-1.075247,1.97572,-0.008545896308898904,436.8283316138277,247.5396400577825
27598769,-4.98841,1.301007,0.0230981036911011,216.76510860854387,119.10227272008038
27680222,-4.791729,-5.007196,3.7592301036911007,65.24198038512688,293.5920846743629
27680222,-4.791729,-5.007196,3.7592301036911007,65.24198038512688,293.5920846743629
27631008,-6.42143,-1.274149,3.522850103691101,55.15042841109658,171.2849666168546
27631008,-6.42143,-1.274149,3.522850103691101,55.15042841109658,171.2849666168546
27647411,-6.442338,-2.59925,4.358361103691101,31.6712566284169,207.13050782616943
27654639,-5.837638,-3.088917,3.209388103691101,79.22166948892789,232.17291546952785
27654639,-5.837638,-3.088917,3.209388103691101,79.22166948892789,232.17291546952785
27654642,-5.634158,-2.947246,3.0129081036911014,84.97047604477555,233.8330551816512
27654642,-5.634158,-2.947246,3.0129081036911014,84.97047604477555,233.8330551816512
27682470,-5.650105,1.026805,0.015139103691101052,206.226161436606,120.80474505237626
27647425,-6.16274,-2.654147,3.232329103691101,77.33011533160959,215.23171404336395
27647425,-6.16274,-2.654147,3.232329103691101,77.33011533160959,215.23171404336395
27661913,-5.295002,-2.312399,3.163317103691101,72.36711645103625,228.11365799381315
27661913,-5.295002,-2.312399,3.163317103691101,72.36711645103625,228.11365799381315
27669428,-6.231272,-1.853454,4.166961103691101,28.58182762720625,191.61523137673728
27682494,-6.438894,-1.466839,3.8863901036911015,39.88996369822945,175.81402874146005
27682494,-6.438894,-1.466839,3.8863901036911015,39.88996369822945,175.81402874146005
27631018,-6.338278,-1.412491,3.042463103691101,77.72352391009147,178.99336830942752
27631018,-6.338278,-1.412491,3.042463103691101,77.72352391009147,178.99336830942752
27661925,-5.420983,-2.482972,3.391043103691101,64.45802165757081,229.1319197822324
27661925,-5.420983,-2.482972,3.391043103691101,64.45802165757081,229.1319197822324
27682501,-6.299456,-2.572465,4.494845103691101,23.36985717153732,209.63202707160323
27682501,-6.299456,-2.572465,4.494845103691101,23.36985717153732,209.63202707160323
27577835,-6.586908,-1.345205,4.155359103691101,26.501078086710777,167.67589962272808
27577835,-6.586908,-1.345205,4.155359103691101,26.501078086710777,167.67589962272808
27647466,-6.295645,-3.052289,3.300325103691101,77.95897525594805,221.14930959796453
27647466,-6.295645,-3.052289,3.300325103691101,77.95897525594805,221.14930959796453
27562039,-6.193424,-1.118753,3.245346103691101,64.92936841604205,171.97574929543129
27562039,-6.193424,-1.118753,3.245346103691101,64.92936841604205,171.97574929543129
27623306,-6.572332,-1.42499,4.202568103691101,25.045436165474342,170.4611344504764
27623306,-6.572332,-1.42499,4.202568103691101,25.045436165474342,170.4611344504764
27661945,-5.692536,-2.959742,3.033530103691101,84.52049087269324,232.71532963712235
27661945,-5.692536,-2.959742,3.033530103691101,84.52049087269324,232.71532963712235
27669450,-6.283732,-2.072041,4.218732103691101,29.65027616080872,196.715548009173
27669450,-6.283732,-2.072041,4.218732103691101,29.65027616080872,196.715548009173
27567540,-6.036093,-2.161051,4.311681103691101,23.17478054749904,204.9923104180016
27567540,-6.036093,-2.161051,4.311681103691101,23.17478054749904,204.9923104180016
27682552,-5.553463,-3.169797,4.170970103691101,37.44944512193575,242.42077876330356
27682552,-5.553463,-3.169797,4.170970103691101,37.44944512193575,242.42077876330356
27673918,-5.694366,-4.093774,4.509876103691101,34.65082217259729,257.7755091892762
27673918,-5.694366,-4.093774,4.509876103691101,34.65082217259729,257.7755091892762
27643745,-5.36934,-1.850629,3.8559261036911012,33.773914879602074,213.81264630044072
27643745,-5.36934,-1.850629,3.8559261036911012,33.773914879602074,213.81264630044072
27654742,-5.89402,-4.063008,4.394617103691101,40.9193542931782,251.84067962141563
27654742,-5.89402,-4.063008,4.394617103691101,40.9193542931782,251.84067962141563
27562089,-6.644518,-1.815537,4.477312103691101,17.86634399174079,180.5103742439946
27654754,-5.959365,-4.362022,4.438903103691101,42.678823466270245,255.6422176819333
27654754,-5.959365,-4.362022,4.438903103691101,42.678823466270245,255.6422176819333
27680386,-3.088424,-8.487171,4.379232103691101,57.74903854037635,378.6747869399363
27631049,-6.671814,-1.433252,4.432745103691101,14.600289955263918,167.72869209313995
27631049,-6.671814,-1.433252,4.432745103691101,14.600289955263918,167.72869209313995
27680390,-0.891032,1.535586,-0.008072896308898958,397.79683792957655,307.74965439636406
27643753,-5.62907,-2.176441,3.4175371036911013,62.11931780224924,216.0734914889134
27643753,-5.62907,-2.176441,3.4175371036911013,62.11931780224924,216.0734914889134
27647525,-5.668242,-2.85039,3.022942103691101,84.18294510017336,230.9474749355673
27647525,-5.668242,-2.85039,3.022942103691101,84.18294510017336,230.9474749355673
27654768,-5.59716,-4.119889,4.2808911036911015,43.42916447784282,260.1151663045955
27654768,-5.59716,-4.119889,4.2808911036911015,43.42916447784282,260.1151663045955
27647530,-5.841148,-3.036109,3.195308103691101,79.45634248022472,230.96892922675636
27647530,-5.841148,-3.036109,3.195308103691101,79.45634248022472,230.96892922675636
27680404,-0.751983,1.544152,0.004076103691101007,417.07009612935065,329.2271956202724
27623330,-6.382296,-1.396862,4.321548103691101,15.674133624961115,173.0838685658615
27623330,-6.382296,-1.396862,4.321548103691101,15.674133624961115,173.0838685658615
27584993,-6.727038,-1.297613,4.235014103691101,23.556848267624133,162.8731339834523
27584993,-6.727038,-1.297613,4.235014103691101,23.556848267624133,162.8731339834523
27654820,-4.484952,-3.234048,4.631143103691101,0.5128654649159898,278.8799841150173
27654820,-4.484952,-3.234048,4.631143103691101,0.5128654649159898,278.8799841150173
27647566,-5.590292,-2.897573,4.097251103691101,38.00349133361962,235.22737930030095
27647566,-5.590292,-2.897573,4.097251103691101,38.00349133361962,235.22737930030095
27643770,-5.72586,-2.363602,3.4647431036911014,62.47119054769576,218.4419463736317
27643770,-5.72586,-2.363602,3.4647431036911014,62.47119054769576,218.4419463736317
27562181,-5.974371,-2.118453,4.119510103691101,31.41535747178267,205.50699964502425
27662002,-5.27442,-2.742925,3.9855161036911007,37.96824552093773,240.174982846526
27662002,-5.27442,-2.742925,3.9855161036911007,37.96824552093773,240.174982846526
27627042,-6.296412,-1.216151,3.276510103691101,65.19011517020195,172.91076849184435
27627042,-6.296412,-1.216151,3.276510103691101,65.19011517020195,172.91076849184435
27664846,-4.540569,0.360441,0.025977103691101178,210.8424894756701,169.8191568323067
27664846,-4.540569,0.360441,0.025977103691101178,210.8424894756701,169.8191568323067
27643779,-5.49189,-2.228428,3.193987103691101,71.67982502563234,220.8824316099214
27643779,-5.49189,-2.228428,3.193987103691101,71.67982502563234,220.8824316099214
27647584,-6.344703,-3.852857,4.500897103691101,38.624583412464006,237.29607451247023
27647584,-6.344703,-3.852857,4.500897103691101,38.624583412464006,237.29607451247023
27662015,-5.257931,-2.892594,4.005228103691101,38.688912498598256,244.14473808623669
27662015,-5.257931,-2.892594,4.005228103691101,38.688912498598256,244.14473808623669
27654853,-3.050614,-2.610747,0.0002181036911010903,198.72501398314247,291.02103911996954
27664853,-6.366936,-0.890395,3.463494103691101,53.37886161343701,159.51841428830966
27664853,-6.366936,-0.890395,3.463494103691101,53.37886161343701,159.51841428830966
27631071,-6.307541,-1.372479,4.283633103691101,16.217451373499756,174.04349259902875
27631071,-6.307541,-1.372479,4.283633103691101,16.217451373499756,174.04349259902875
27631072,-5.965302,-1.414038,3.224437103691101,66.82250317952605,186.52822386877543
27631072,-5.965302,-1.414038,3.224437103691101,66.82250317952605,186.52822386877543
27673985,-6.554554,-1.279056,3.7434251036911013,45.86914908466804,167.86076791194512
27673985,-6.554554,-1.279056,3.7434251036911013,45.86914908466804,167.86076791194512
27627052,-6.261157,-1.201011,3.466950103691101,55.58858537718447,172.42245357459785
27627052,-6.261157,-1.201011,3.466950103691101,55.58858537718447,172.42245357459785
27654880,-2.905932,-2.702149,0.04253410369110111,197.7318717279105,297.64051536865594
27647622,-6.035721,-3.999494,4.458103103691101,39.01086142355845,247.3268252281544
27664881,-4.487628,0.233578,0.02207810369110108,210.2018159439641,175.90298906535253
27664881,-4.487628,0.233578,0.02207810369110108,210.2018159439641,175.90298906535253
27664891,-4.418541,0.214703,0.048554103691101025,209.7012526941444,178.20064287289136
27664891,-4.418541,0.214703,0.048554103691101025,209.7012526941444,178.20064287289136
27664892,-6.509647,-1.205723,3.327642103691101,64.41376931549854,168.06757914541646
27664892,-6.509647,-1.205723,3.327642103691101,64.41376931549854,168.06757914541646
27662040,-5.067832,-2.932962,3.9312381036911015,40.67217693334666,250.41926949032944
27662040,-5.067832,-2.932962,3.9312381036911015,40.67217693334666,250.41926949032944
27643794,-5.524992,-2.293693,3.3977001036911014,63.26975638464896,221.7438349451513
27643794,-5.524992,-2.293693,3.3977001036911014,63.26975638464896,221.7438349451513
27643795,-5.836421,-2.636856,3.157964103691101,78.35182963556335,222.2665034601233
27643795,-5.836421,-2.636856,3.157964103691101,78.35182963556335,222.2665034601233
27664896,-6.397018,-1.234687,3.517035103691101,54.78729142323903,170.51430207716965
27664896,-6.397018,-1.234687,3.517035103691101,54.78729142323903,170.51430207716965
27669576,-5.738465,-2.732398,3.016672103691101,84.0856658281869,226.6729130048934
27669576,-5.738465,-2.732398,3.016672103691101,84.0856658281869,226.6729130048934
27626455,-4.703429,1.053778,0.052967103691101025,216.0458659174438,136.3537311131646
27647640,-6.137395,-4.380361,4.515019103691101,41.44379835582299,251.8660420127113
27647640,-6.137395,-4.380361,4.515019103691101,41.44379835582299,251.8660420127113
27678150,-4.834225,-5.095333,4.060267103691101,54.85909887964982,295.1075310941389
27678150,-4.834225,-5.095333,4.060267103691101,54.85909887964982,295.1075310941389
27647669,-5.149152,-3.521184,4.0372011036911015,43.37868489266029,260.55107768505536
27647669,-5.149152,-3.521184,4.0372011036911015,43.37868489266029,260.55107768505536
27647671,-3.536856,-2.914573,-0.02268189630889883,193.82625145284,280.6480014192837
27643804,-5.834177,-2.556483,4.1318341036911015,34.87428603861079,220.6708376850726
27669593,-5.35093,-2.385822,3.3718461036911007,63.90665938756041,228.60882387625563
27669593,-5.35093,-2.385822,3.3718461036911007,63.90665938756041,228.60882387625563
27643805,-5.820028,-2.72106,3.048602103691101,83.16394724923853,224.5149059230818
27643805,-5.820028,-2.72106,3.048602103691101,83.16394724923853,224.5149059230818
27662060,-3.507629,-1.819865,0.033817103691101025,200.00690378201256,261.71806053270967
27662060,-3.507629,-1.819865,0.033817103691101025,200.00690378201256,261.71806053270967
27638532,-1.106435,1.881017,-0.007850896308899014,416.6951141816451,252.68110239976488
27638532,-1.106435,1.881017,-0.007850896308899014,416.6951141816451,252.68110239976488
27662067,-4.915756,-3.100287,3.910025103691101,42.07566217017438,258.5542155245948
27662067,-4.915756,-3.100287,3.910025103691101,42.07566217017438,258.5542155245948
27647690,-4.807487,-3.351608,3.919969103691101,43.42000077507214,267.03137867082273
27647690,-4.807487,-3.351608,3.919969103691101,43.42000077507214,267.03137867082273
27631094,-5.98906,-1.584827,3.239771103691101,67.81068298166187,191.14290649277012
27631094,-5.98906,-1.584827,3.239771103691101,67.81068298166187,191.14290649277012
27562364,-3.879897,-1.282967,0.01648710369110118,201.86059837366625,238.26500431486855
27562364,-3.879897,-1.282967,0.01648710369110118,201.86059837366625,238.26500431486855
27631100,-6.079124,-1.619885,3.474921103691101,57.88181861590854,189.6232600997785
27611778,-6.535649,-1.35189,4.493261103691101,7.909584858157217,167.49753140518976
27611778,-6.535649,-1.35189,4.493261103691101,7.909584858157217,167.49753140518976
27647713,-5.201119,-4.189129,4.151960103691101,45.89884247942666,271.5578624059189
27647713,-5.201119,-4.189129,4.151960103691101,45.89884247942666,271.5578624059189
27643818,-5.554692,-2.460771,3.4322861036911014,63.44895933761495,225.1464211314433
27643818,-5.554692,-2.460771,3.4322861036911014,63.44895933761495,225.1464211314433
27669629,-5.655657,-3.018465,3.0346131036911013,84.63662783603382,234.836508411366
27669629,-5.655657,-3.018465,3.0346131036911013,84.63662783603382,234.836508411366
27662093,-5.052554,-4.405219,0.05536510369110115,177.1054960768363,265.4318003525449
27662093,-5.052554,-4.405219,0.05536510369110115,177.1054960768363,265.4318003525449
27631107,-6.248604,-1.661053,4.131681103691101,27.877981209991447,185.38430733601385
27631107,-6.248604,-1.661053,4.131681103691101,27.877981209991447,185.38430733601385
27647730,-3.080983,-2.810121,0.029981103691101074,196.03467566547175,293.38228449620885
27662097,-5.11199,-3.748337,4.097114103691101,42.83777139603839,266.1247795965591
27662097,-5.11199,-3.748337,4.097114103691101,42.83777139603839,266.1247795965591
27647731,-2.956396,-2.667906,-0.02599489630889895,199.93099551836576,294.9485278843481
27647733,-5.484461,-4.751429,4.383234103691101,44.5113242581387,273.8320476199519
27647733,-5.484461,-4.751429,4.383234103691101,44.5113242581387,273.8320476199519
27647736,-4.615019,-3.519486,4.748845103691101,1.4397565290841214,280.5317545786179
27647736,-4.615019,-3.519486,4.748845103691101,1.4397565290841214,280.5317545786179
27622663,-4.787848,0.950046,0.005735103691101084,215.65349905335924,139.8198291272921
27632751,-1.105686,1.91537,-0.0055558963088988556,421.8868738481321,249.5708419087265
27632751,-1.105686,1.91537,-0.0055558963088988556,421.8868738481321,249.5708419087265
27674057,-5.006401,-5.0607,4.541034103691101,37.12839236278373,292.18037629661546
27674057,-5.006401,-5.0607,4.541034103691101,37.12839236278373,292.18037629661546
27662109,-5.446158,-4.441626,4.303700103691101,44.35165618715328,269.632894725041
27662109,-5.446158,-4.441626,4.303700103691101,44.35165618715328,269.632894725041
27548062,-5.881536,-1.188396,3.180752103691101,66.15933854191704,181.345083142989
27548062,-5.881536,-1.188396,3.180752103691101,66.15933854191704,181.345083142989
27643823,-5.745912,-2.589594,4.102790103691101,35.6806164014626,223.75526350761697
27643823,-5.745912,-2.589594,4.102790103691101,35.6806164014626,223.75526350761697
27632755,-1.089741,1.850033,-0.006438896308898823,414.4018727407386,257.6382706414053
27632755,-1.089741,1.850033,-0.006438896308898823,414.4018727407386,257.6382706414053
27647751,-4.465615,-3.448121,4.666039103691101,2.214075844805137,284.0181430492446
27647751,-4.465615,-3.448121,4.666039103691101,2.214075844805137,284.0181430492446
27655017,-3.894415,-4.743305,4.660577103691101,15.344698230358034,325.33779849360945
27655017,-3.894415,-4.743305,4.660577103691101,15.344698230358034,325.33779849360945
27643824,-5.394973,-2.383019,3.190386103691101,72.40558019947551,227.22455116246263
27643824,-5.394973,-2.383019,3.190386103691101,72.40558019947551,227.22455116246263
27647755,-2.764306,-2.642769,-0.04940589630889902,202.5303404747733,301.0465785564976
27619339,-3.803498,-1.368775,0.025164103691101003,201.49448156447315,242.59534224643156
27619339,-3.803498,-1.368775,0.025164103691101003,201.49448156447315,242.59534224643156
27678247,-5.262389,-2.809029,4.125540103691101,31.80173496568221,242.3459223565809
27678247,-5.262389,-2.809029,4.125540103691101,31.80173496568221,242.3459223565809
27548069,-6.015296,-1.292443,3.0700701036911013,73.4157625059853,182.046606083519
27548069,-6.015296,-1.292443,3.0700701036911013,73.4157625059853,182.046606083519
27632757,-1.101174,1.865885,-0.005850896308899012,415.0563319954508,254.75999688958743
27632757,-1.101174,1.865885,-0.005850896308899012,415.0563319954508,254.75999688958743
27647776,-5.008233,-4.690233,4.217448103691101,46.44355663574376,285.2161057730642
27647776,-5.008233,-4.690233,4.217448103691101,46.44355663574376,285.2161057730642
27643835,-5.47544,-2.49583,3.412952103691101,64.01002528461021,228.03279064872723
27643835,-5.47544,-2.49583,3.412952103691101,64.01002528461021,228.03279064872723
27643836,-5.797563,-2.86756,3.176737103691101,78.88546293844954,228.36377695153763
27643836,-5.797563,-2.86756,3.176737103691101,78.88546293844954,228.36377695153763
27548079,-5.767518,-1.246929,3.163872103691101,66.60535361562813,185.9471125810677
27548079,-5.767518,-1.246929,3.163872103691101,66.60535361562813,185.9471125810677
27669663,-1.547176,1.481501,-0.02607489630889881,331.6629225885907,239.39430971505865
27669663,-1.547176,1.481501,-0.02607489630889881,331.6629225885907,239.39430971505865
27669667,-5.302481,-2.79997,3.2135441036911008,73.97931856619482,239.33889574878648
27669667,-5.302481,-2.79997,3.2135441036911008,73.97931856619482,239.33889574878648
27582592,-6.261099,-2.097332,4.409028103691101,20.323173673475992,197.64547738133248
27582592,-6.261099,-2.097332,4.409028103691101,20.323173673475992,197.64547738133248
27647804,-4.899755,-5.066299,3.692874103691101,68.75814502045503,291.06683770887525
27647804,-4.899755,-5.066299,3.692874103691101,68.75814502045503,291.06683770887525
27548086,-5.843646,-1.345587,3.3694991036911013,58.03587672894389,186.77875197020705
27662140,-4.474858,-3.254669,4.628801103691101,0.8620436825196407,279.65397007983773
27662140,-4.474858,-3.254669,4.628801103691101,0.8620436825196407,279.65397007983773
27662141,-5.062249,-4.285515,4.179073103691101,44.49673062103946,277.19346852673345
27662141,-5.062249,-4.285515,4.179073103691101,44.49673062103946,277.19346852673345
27647810,-4.216512,-3.774073,4.627432103691101,6.10447576840474,298.8567229916163
27647810,-4.216512,-3.774073,4.627432103691101,6.10447576840474,298.8567229916163
27647811,-4.796311,-4.844316,4.1506681036911015,48.799883954991714,293.2368514755304
27647811,-4.796311,-4.844316,4.1506681036911015,48.799883954991714,293.2368514755304
27669673,-5.28656,-2.795686,3.382841103691101,66.51451089618442,239.95909439692548
27669673,-5.28656,-2.795686,3.382841103691101,66.51451089618442,239.95909439692548
27669684,-6.231067,-3.875644,4.495194103691101,38.04553800991849,240.3725943184026
27669684,-6.231067,-3.875644,4.495194103691101,38.04553800991849,240.3725943184026
27645593,-1.10452,1.878148,-0.005025896308898936,416.3376547506412,253.22350699659756
27645593,-1.10452,1.878148,-0.005025896308898936,416.3376547506412,253.22350699659756
27643842,-5.180172,-2.285545,3.124510103691101,73.11825347645978,230.5197783650873
27643842,-5.180172,-2.285545,3.124510103691101,73.11825347645978,230.5197783650873
27662157,-5.136814,-4.649792,4.240432103691101,46.22992081784676,281.08897198151425
27647848,-4.318536,-4.234758,4.768450103691101,8.02389860055996,303.52308379575453
27647848,-4.318536,-4.234758,4.768450103691101,8.02389860055996,303.52308379575453
27643849,-5.611252,-2.790014,3.016023103691101,83.81682861712969,231.00708381200977
27643849,-5.611252,-2.790014,3.016023103691101,83.81682861712969,231.00708381200977
27647861,-4.061539,-3.95392,4.589031103691101,8.844917516311739,307.39225815846595
27647861,-4.061539,-3.95392,4.589031103691101,8.844917516311739,307.39225815846595
27631144,-6.277439,-1.912236,4.186535103691101,28.99091690852802,192.27092181356053
27631144,-6.277439,-1.912236,4.186535103691101,28.99091690852802,192.27092181356053
27655118,-3.171292,-4.351425,4.500202103691101,6.495177696927868,349.31309883438433
27647868,-2.07255,-2.407587,-0.007319896308898954,209.7763816309996,324.89885012671715
27623398,-6.283976,-1.902712,4.1743821036911015,29.54314137677153,191.86527483889316
27623398,-6.283976,-1.902712,4.1743821036911015,29.54314137677153,191.86527483889316
27619407,-6.732503,-1.196741,4.183785103691101,24.78204373679688,159.51305814140017
27647893,-3.48557,-4.492805,1.2353451036911012,148.26289592859615,310.8852761361389
27662193,-4.879988,-4.681977,4.162143103691101,47.50454749955267,288.52017309108635
27662193,-4.879988,-4.681977,4.162143103691101,47.50454749955267,288.52017309108635
27669740,-5.674373,-3.810005,4.450667103691101,33.76998623788478,252.8653067104748
27669740,-5.674373,-3.810005,4.450667103691101,33.76998623788478,252.8653067104748
27627089,-6.187168,-1.492272,3.1307851036911014,73.43057196103442,184.29148325854192
27627089,-6.187168,-1.492272,3.1307851036911014,73.43057196103442,184.29148325854192
27657876,-6.413948,-1.050349,3.128178103691101,71.55661349375958,165.69341201308958
27657876,-6.413948,-1.050349,3.128178103691101,71.55661349375958,165.69341201308958
27676269,-6.47261,-1.594005,4.004187103691101,36.08774978711082,178.74439932930738
27669758,-5.43801,-3.800931,4.202199103691101,41.96812850719533,258.32291199481034
27669758,-5.43801,-3.800931,4.202199103691101,41.96812850719533,258.32291199481034
27657899,-7.345957,-1.525482,4.504509103691101,21.505175880743906,157.62565592256277
27657899,-7.345957,-1.525482,4.504509103691101,21.505175880743906,157.62565592256277
27655167,-3.685747,-7.199438,4.096969103691101,61.89657200267348,350.4633802108085
27657912,-7.294936,-1.595665,4.546989103691101,19.816147818476622,160.5957514651711
27657912,-7.294936,-1.595665,4.546989103691101,19.816147818476622,160.5957514651711
27669776,-5.664908,-4.37604,4.389882103691101,42.18873701960155,263.1115830258465
27669776,-5.664908,-4.37604,4.389882103691101,42.18873701960155,263.1115830258465
27657930,-6.386691,-1.340585,3.1591751036911013,72.31967477754446,175.4301691045378
27657930,-6.386691,-1.340585,3.1591751036911013,72.31967477754446,175.4301691045378
27669796,-5.192787,-3.979584,4.297547103691101,37.41677485714516,268.72676734149826
27669796,-5.192787,-3.979584,4.297547103691101,37.41677485714516,268.72676734149826
27655181,-2.907793,-4.824587,4.651655103691101,2.25008365125774,368.004740248806
27643866,-5.688342,-2.983513,3.049384103691101,84.02136127716216,233.33508943707108
27643866,-5.688342,-2.983513,3.049384103691101,84.02136127716216,233.33508943707108
27669797,-5.114145,-3.892564,4.120632103691101,43.38101646732497,268.7640564220914
27669797,-5.114145,-3.892564,4.120632103691101,43.38101646732497,268.7640564220914
27657935,-6.311558,-1.268476,3.498133103691101,55.25964431870935,173.46908614062284
27657935,-6.311558,-1.268476,3.498133103691101,55.25964431870935,173.46908614062284
27662214,-3.07242,-2.58587,0.025198103691101092,197.8898772845704,290.03100803553014
27657942,-6.275448,-1.209373,4.083079103691101,24.062873487840506,169.87902445691583
27657942,-6.275448,-1.209373,4.083079103691101,24.062873487840506,169.87902445691583
27626536,-4.713105,0.67896,0.02309910369110102,212.57038240922583,153.09726494214885
27669822,-5.203666,-4.375458,4.186637103691101,46.32844554410912,274.69878819745423
27669822,-5.203666,-4.375458,4.186637103691101,46.32844554410912,274.69878819745423
27655206,-3.312455,-7.673418,4.036650103691101,64.94443781521343,364.5521943321468
27669826,-3.507349,-2.24179,0.044657103691100986,196.40244838202747,270.130280798884
27643872,-5.682801,-2.993366,3.1613421036911014,79.67163627412876,233.80433689724865
27643872,-5.682801,-2.993366,3.1613421036911014,79.67163627412876,233.80433689724865
27669840,-5.42804,-4.936707,4.550271103691101,39.33294242465681,278.7799654707481
27669841,-4.96941,-4.250957,4.119673103691101,45.80118243494297,279.0549674759763
27669841,-4.96941,-4.250957,4.119673103691101,45.80118243494297,279.0549674759763
27669847,-4.386107,-3.237373,4.574720103691101,2.087206618661952,282.2642239976588
27669847,-4.386107,-3.237373,4.574720103691101,2.087206618661952,282.2642239976588
27655225,-3.102062,-7.863905,3.9951941036911007,66.38106004754175,371.8740255823196
27669862,-5.024689,-4.585558,4.200227103691101,46.27070978970758,283.0910697871668
27669862,-5.024689,-4.585558,4.200227103691101,46.27070978970758,283.0910697871668
27662234,-3.064346,-2.762528,0.03950210369110119,196.1774109970159,293.23627526896576
27548144,-6.345985,-1.991368,4.221624103691101,29.17806945158756,192.9683253182456
27548144,-6.345985,-1.991368,4.221624103691101,29.17806945158756,192.9683253182456
27669894,-4.974667,-4.976872,4.212508103691101,49.03457625766788,290.2771432333617
27669894,-4.974667,-4.976872,4.212508103691101,49.03457625766788,290.2771432333617
27669919,-4.911565,-5.180667,4.4646611036911015,40.533564195738506,296.15099971089023
27669919,-4.911565,-5.180667,4.4646611036911015,40.533564195738506,296.15099971089023
27623431,-6.520421,-2.187691,4.3301171036911015,28.66097289522708,194.47504306509512
27669937,-3.482645,-3.31965,0.09449710369110109,188.11392748373555,289.02724963334737
27643899,-5.890232,-3.244658,4.267952103691101,37.460132418523045,235.43758960507105
27643899,-5.890232,-3.244658,4.267952103691101,37.460132418523045,235.43758960507105
27676346,-4.984547,-3.413057,4.113473103691101,36.92238333293122,263.5545168751436
27676346,-4.984547,-3.413057,4.113473103691101,36.92238333293122,263.5545168751436
27676347,-4.950035,-3.491194,4.227665103691101,32.11181010849626,266.5724075396742
27669982,-2.820875,-2.551079,-0.010773896308899023,201.4573285353213,297.8597731033412
27646501,-1.106532,1.885863,-0.008835896308899027,417.4811171330927,252.20823802263843
27646501,-1.106532,1.885863,-0.008835896308899027,417.4811171330927,252.20823802263843
27655338,-1.730429,-6.779801,4.922997103691101,3.3043173028508197,437.1233102680891
27672005,-5.686198,-2.588334,4.252097103691101,27.72834278128326,225.3741102006288
27672005,-5.686198,-2.588334,4.252097103691101,27.72834278128326,225.3741102006288
27676362,-4.836947,-5.061831,4.8814021036911015,21.25164323183756,299.0634938729927
27676362,-4.836947,-5.061831,4.8814021036911015,21.25164323183756,299.0634938729927
27662300,-3.999852,-4.611193,4.680658103691101,13.801347358391835,319.872933071311
27662300,-3.999852,-4.611193,4.680658103691101,13.801347358391835,319.872933071311
27680854,-5.375997,-3.236952,3.178067103691101,78.8948076963238,246.4937811722717
27680854,-5.375997,-3.236952,3.178067103691101,78.8948076963238,246.4937811722717
27643916,-5.348611,-2.8996,3.417255103691101,66.33937861699525,240.64537228538643
27643916,-5.348611,-2.8996,3.417255103691101,66.33937861699525,240.64537228538643
27672028,-5.339173,-3.262672,4.063327103691101,41.20470422859836,250.0342170387233
27672028,-5.339173,-3.262672,4.063327103691101,41.20470422859836,250.0342170387233
27622814,-4.548137,0.262127,0.009553103691101184,210.33613329939325,173.4344210160986
27622814,-4.548137,0.262127,0.009553103691101184,210.33613329939325,173.4344210160986
27676373,-3.894678,-4.620538,3.6806021036911014,58.89383649234628,315.93358992973805
27662319,-3.820749,-4.519812,4.595479103691101,14.164224491631416,324.7853759806884
27662319,-3.820749,-4.519812,4.595479103691101,14.164224491631416,324.7853759806884
27670108,-3.141889,-4.247647,4.462521103691101,6.244825074404815,349.1084634720948
27653103,-1.10693,1.914373,-0.007148896308898811,421.6594801670232,249.4896864461964
27653103,-1.10693,1.914373,-0.007148896308898811,421.6594801670232,249.4896864461964
27658112,-6.319188,-2.344433,4.251222103691101,32.05433921514077,203.38791909098975
27658112,-6.319188,-2.344433,4.251222103691101,32.05433921514077,203.38791909098975
27630368,-4.761921,1.148629,0.03888310369110104,217.1250276299949,130.73509653409857
27646539,-1.092451,1.850058,-0.010417896308899,414.3086496057573,257.23436990427064
27646539,-1.092451,1.850058,-0.010417896308899,414.3086496057573,257.23436990427064
27622850,-4.470058,0.108026,0.013185103691101041,209.39901532504248,180.93954477519225
27622850,-4.470058,0.108026,0.013185103691101041,209.39901532504248,180.93954477519225
27680884,-4.873259,-4.524408,4.263511103691101,41.68520395030268,286.8642638875197
27680884,-4.873259,-4.524408,4.263511103691101,41.68520395030268,286.8642638875197
27653120,-1.097778,1.8634,-0.0060278963088988835,415.1913680473217,255.4156547845673
27653120,-1.097778,1.8634,-0.0060278963088988835,415.1913680473217,255.4156547845673
27562909,-5.885761,-1.664916,3.231990103691101,68.08615763185983,195.88794440404104
27562909,-5.885761,-1.664916,3.231990103691101,68.08615763185983,195.88794440404104
27676400,-3.01638,-4.179548,3.9327641036911007,32.763885838283954,347.81389895445
27643943,-5.142417,-2.830403,3.930401103691101,40.27380352606238,245.90916710464785
27643943,-5.142417,-2.830403,3.930401103691101,40.27380352606238,245.90916710464785
27672135,-3.505364,-2.363156,0.03657710369110112,195.8218009314491,272.4060791634476
27672135,-3.505364,-2.363156,0.03657710369110112,195.8218009314491,272.4060791634476
27658144,-5.603636,-1.90152,3.950429103691101,32.46223814412855,208.8800574020208
27658144,-5.603636,-1.90152,3.950429103691101,32.46223814412855,208.8800574020208
27672143,-5.0178,-4.784226,4.4874921036911015,36.49258156351303,287.6251040604566
27672143,-5.0178,-4.784226,4.4874921036911015,36.49258156351303,287.6251040604566
27630385,-4.716194,1.071293,0.040211103691101036,216.6641392962368,135.36962692278485
27670166,-2.955446,-4.637482,4.486392103691101,8.888722194067554,361.9907773146924
27660546,-1.000314,1.885552,0.04252010369110115,430.1762274133226,267.42261487934456
27658189,-5.952057,-2.530953,4.177842103691101,33.70124382585678,217.06594512572815
27658189,-5.952057,-2.530953,4.177842103691101,33.70124382585678,217.06594512572815
27670179,-2.850588,-4.476856,4.514506103691101,2.5482758850298524,366.0607341499481
27680901,-4.96991,-5.013885,3.205608103691101,85.92814522298826,286.2833479273472
27680901,-4.96991,-5.013885,3.205608103691101,85.92814522298826,286.2833479273472
27658197,-5.805278,-2.655458,3.024724103691101,83.64449517350116,223.3725740468024
27658197,-5.805278,-2.655458,3.024724103691101,83.64449517350116,223.3725740468024
27627151,-6.435318,-1.736209,4.126044103691101,31.519324148124667,183.59267271577724
27627151,-6.435318,-1.736209,4.126044103691101,31.519324148124667,183.59267271577724
27680903,-4.825284,-5.093309,3.6867791036911015,68.7240297355792,293.44123516569897
27670184,-3.563245,-7.341653,4.067177103691101,63.15617925692888,354.9624316950756
27658203,-5.419232,-2.281079,3.188263103691101,71.85484933858231,224.07827827133343
27658203,-5.419232,-2.281079,3.188263103691101,71.85484933858231,224.07827827133343
27680904,-4.838956,-5.112391,3.440797103691101,77.72352088595255,292.1239895902414
27680904,-4.838956,-5.112391,3.440797103691101,77.72352088595255,292.1239895902414
27672185,-3.782748,-4.480874,4.198108103691101,32.774848936451576,322.2934317530305
27672185,-3.782748,-4.480874,4.198108103691101,32.774848936451576,322.2934317530305
27672189,-2.563859,-2.624524,0.004239103691101143,202.5455196730612,308.4434900025896
27680908,-3.509124,-1.965399,0.12163110369110108,195.74824137365889,264.9939101182233
27680908,-3.509124,-1.965399,0.12163110369110108,195.74824137365889,264.9939101182233
27658219,-6.05808,-2.996826,3.247560103691101,78.35374951509897,225.18268425604123
27658219,-6.05808,-2.996826,3.247560103691101,78.35374951509897,225.18268425604123
27617023,-1.107931,1.888994,-0.009876896308898875,417.8238347712913,251.72742406866465
27617023,-1.107931,1.888994,-0.009876896308898875,417.8238347712913,251.72742406866465
27658222,-5.508187,-2.44716,3.413691103691101,63.7982905016834,226.0016499775256
27658222,-5.508187,-2.44716,3.413691103691101,63.7982905016834,226.0016499775256
27670191,-3.11444,-5.70304,4.480078103691101,27.504988985515556,363.4777863062434
27658227,-5.469158,-2.477961,3.217080103691101,72.47498948847979,227.61001575127943
27658227,-5.469158,-2.477961,3.217080103691101,72.47498948847979,227.61001575127943
27676441,-0.762392,1.595292,-0.012149896308898844,424.5679244935019,324.1350326079223
27643966,-3.074801,-0.964838,1.7683841036911012,126.47901977789284,264.7025060575215
27643966,-3.074801,-0.964838,1.7683841036911012,126.47901977789284,264.7025060575215
27658246,-5.40311,-2.496477,3.387848103691101,64.5833549182286,229.9262250486272
27658246,-5.40311,-2.496477,3.387848103691101,64.5833549182286,229.9262250486272
27643971,-5.691267,-3.694836,4.3077061036911015,38.7631323157097,249.85135558581624
27643971,-5.691267,-3.694836,4.3077061036911015,38.7631323157097,249.85135558581624
27665373,-6.350212,-1.304416,3.149038103691101,72.23309635164307,175.0797400438222
27665373,-6.350212,-1.304416,3.149038103691101,72.23309635164307,175.0797400438222
27660575,-1.102477,1.877605,-0.007363896308898887,416.7257909665144,253.50417045899889
27660575,-1.102477,1.877605,-0.007363896308898887,416.7257909665144,253.50417045899889
27658250,-3.766263,-1.361516,0.035586103691101156,201.50749687892048,243.55418107774483
27658250,-3.766263,-1.361516,0.035586103691101156,201.50749687892048,243.55418107774483
27672216,-3.050323,-4.183696,3.7714851036911012,41.779496978863165,344.4715745047713
27562975,-6.036608,-2.106503,4.097552103691101,33.08359723177287,203.68036327399648
27562975,-6.036608,-2.106503,4.097552103691101,33.08359723177287,203.68036327399648
27627171,-6.554163,-1.841428,4.453276103691101,18.2347726496738,183.31674461515405
27627171,-6.554163,-1.841428,4.453276103691101,18.2347726496738,183.31674461515405
27619481,-6.325515,-1.539102,4.153466103691101,25.99264741868077,179.6911693756806
27619481,-6.325515,-1.539102,4.153466103691101,25.99264741868077,179.6911693756806
27672225,-3.761521,-7.428156,3.156403103691101,93.51591134085254,342.7948667574356
27660586,-1.095935,1.857865,-0.006932896308898817,414.7038263562114,256.13813059594645
27660586,-1.095935,1.857865,-0.006932896308898817,414.7038263562114,256.13813059594645
27643979,-5.189344,-3.213844,3.9818861036911013,42.85744448320463,253.04324205850804
27643979,-5.189344,-3.213844,3.9818861036911013,42.85744448320463,253.04324205850804
27660599,-1.073969,1.832305,-0.004795896308898984,413.9325474469142,261.25990906847375
27660599,-1.073969,1.832305,-0.004795896308898984,413.9325474469142,261.25990906847375
27672246,-2.970624,-6.459284,4.463224103691101,35.77263955313944,373.8774547372635
27662414,-3.118816,-4.259894,4.450481103691101,6.77606172770129,350.17467043186025
27658285,-5.677073,-3.123586,3.161137103691101,80.45912080556727,236.6607824647383
27658285,-5.677073,-3.123586,3.161137103691101,80.45912080556727,236.6607824647383
27643988,-5.675783,-3.970413,4.295829103691101,42.01812607181441,255.4287108225011
27643988,-5.675783,-3.970413,4.295829103691101,42.01812607181441,255.4287108225011
27670230,-2.950953,-5.910558,4.440156103691101,30.10782305409788,371.1086217636748
27658301,-5.611513,-3.742038,0.013607103691101186,178.3183852138493,244.49655048220583
27658301,-5.611513,-3.742038,0.013607103691101186,178.3183852138493,244.49655048220583
27678669,-6.376369,-1.766986,4.092009103691101,32.90077730898949,185.91525871902817
27678669,-6.376369,-1.766986,4.092009103691101,32.90077730898949,185.91525871902817
27658317,-5.705118,-3.210555,4.181822103691101,38.99881251207333,239.30785221201475
27658317,-5.705118,-3.210555,4.181822103691101,38.99881251207333,239.30785221201475
27670243,-3.277649,-7.74779,4.049400103691101,64.80601964762255,366.1715914512134
27665416,-5.930893,-1.254532,3.2016091036911014,66.1695655498404,182.3171124796748
27665416,-5.930893,-1.254532,3.2016091036911014,66.1695655498404,182.3171124796748
27658332,-5.672869,-3.356918,4.196169103691101,39.68515646841036,243.28073712559333
27658332,-5.672869,-3.356918,4.196169103691101,39.68515646841036,243.28073712559333
27678695,-5.754509,-2.795067,4.3078141036911015,28.643876803047878,228.70555980552015
27678695,-5.754509,-2.795067,4.3078141036911015,28.643876803047878,228.70555980552015
27643998,-5.259435,-3.608148,4.090376103691101,43.039742405991205,259.26220132651275
27643998,-5.259435,-3.608148,4.090376103691101,43.039742405991205,259.26220132651275
27665427,-6.354166,-1.444291,4.327713103691101,15.701524212688838,175.29653891203273
27665427,-6.354166,-1.444291,4.327713103691101,15.701524212688838,175.29653891203273
27626645,-4.489251,0.241415,0.02490810369110119,210.1549052673622,175.56078695214356
27626645,-4.489251,0.241415,0.02490810369110119,210.1549052673622,175.56078695214356
27658345,-5.571457,-3.377089,4.189763103691101,39.17827408242962,246.36558654455837
27658345,-5.571457,-3.377089,4.189763103691101,39.17827408242962,246.36558654455837
27670263,-3.136529,-8.104613,4.055256103691101,66.12058463543048,372.4840542329261
27658360,-3.597612,-1.865412,-0.01529989630889883,200.60957838542373,259.7104306051376
27658360,-3.597612,-1.865412,-0.01529989630889883,200.60957838542373,259.7104306051376
27644011,-5.070281,-3.55624,4.029282103691101,43.34583195627224,263.4878484683508
27644011,-5.070281,-3.55624,4.029282103691101,43.34583195627224,263.4878484683508
27644013,-3.311327,-2.894176,0.03694010369110101,193.58992093197625,287.40850901815713
27658375,-5.24783,-3.325444,4.032957103691101,42.37235974230987,253.8203208642764
27658375,-5.24783,-3.325444,4.032957103691101,42.37235974230987,253.8203208642764
27644016,-3.110298,-2.714376,-0.01946889630889892,198.1503330362007,290.6211614186064
27604452,-6.65048,-1.240817,4.102372103691101,28.54604064671437,163.05993725636583
27604452,-6.65048,-1.240817,4.102372103691101,28.54604064671437,163.05993725636583
27662471,-3.396099,-6.703644,3.9063981036911013,63.29457714511452,354.6329086343327
27644024,-3.640062,-3.411927,0.06461310369110107,187.60638865113708,285.71535316106366
27670290,-2.629303,-7.068419,4.519117103691101,36.74691292431601,390.750508201278
27658402,-5.562131,-4.071346,4.265936103691101,43.2403342621669,260.1277457373539
27658402,-5.562131,-4.071346,4.265936103691101,43.2403342621669,260.1277457373539
27650685,-6.650436,-1.084704,3.3468471036911014,63.54425585238937,161.29371363165438
27650685,-6.650436,-1.084704,3.3468471036911014,63.54425585238937,161.29371363165438
27625848,-1.101381,1.865514,-0.005070896308899009,414.9141379661943,254.77738593841823
27625848,-1.101381,1.865514,-0.005070896308899009,414.9141379661943,254.77738593841823
27662491,-3.663821,-8.27448,4.284860103691101,62.7360090598319,359.3678939839215
27604484,-6.138862,-2.132702,4.458100103691101,16.702483384610787,201.5004975797706
27604484,-6.138862,-2.132702,4.458100103691101,16.702483384610787,201.5004975797706
27681097,-2.658618,-7.300457,4.483653103691101,40.85465120627168,390.041845552332
27678779,-4.652121,-4.794135,4.2060261036911015,44.82236751849186,297.14108242360857
27678779,-4.652121,-4.794135,4.2060261036911015,44.82236751849186,297.14108242360857
27662495,-3.503484,-7.764847,4.416370103691101,53.90623724425345,362.3789402253017
27619515,-5.833674,-1.874016,3.242989103691101,68.98894956059314,203.0426148491545
27619515,-5.833674,-1.874016,3.242989103691101,68.98894956059314,203.0426148491545
27662496,-3.722717,-8.8901,4.306895103691101,66.08193259261708,361.2048554304504
27658440,-5.311072,-4.33449,4.266027103691101,43.63159256744902,271.3773141341319
27658440,-5.311072,-4.33449,4.266027103691101,43.63159256744902,271.3773141341319
27670326,-2.589239,-9.09212,4.331690103691101,60.4355865340267,396.2962323469362
27573732,-6.589636,-1.329109,4.061718103691101,31.09067065273578,167.47766840536022
27658461,-4.375085,-3.255863,4.582410103691101,1.807779438041507,283.09016813778555
27658461,-4.375085,-3.255863,4.582410103691101,1.807779438041507,283.09016813778555
27658462,-5.054745,-4.428047,4.1747061036911015,46.035326070750045,279.6765678467031
27670341,-2.518648,-9.63803,4.372179103691101,62.28364633532365,400.2431454738404
27650732,-6.544344,-1.333052,3.195363103691101,71.73296382914597,171.93190997314682
27650732,-6.544344,-1.333052,3.195363103691101,71.73296382914597,171.93190997314682
27650738,-6.598959,-1.23977,4.201513103691101,22.69531475043999,163.59402994509378
27650738,-6.598959,-1.23977,4.201513103691101,22.69531475043999,163.59402994509378
27630479,-4.712573,0.684999,0.01778610369110112,212.8685380595537,152.8900081360895
27650760,-7.473029,-1.865296,4.680276103691101,19.538302368799407,165.2135358055781
27650760,-7.473029,-1.865296,4.680276103691101,19.538302368799407,165.2135358055781
27585945,-6.678088,-1.256627,3.806425103691101,43.83832376585676,164.4014444287011
27585945,-6.678088,-1.256627,3.806425103691101,43.83832376585676,164.4014444287011
27650782,-6.194158,-1.406568,3.118113103691101,73.37160260662722,181.5841838468191
27650782,-6.194158,-1.406568,3.118113103691101,73.37160260662722,181.5841838468191
27670377,-2.134524,-10.321335,4.351879103691101,65.00902430032005,413.3202234191127
27619533,-6.389907,-1.908775,4.230518103691101,28.15760616685003,189.53555862733697
27619533,-6.389907,-1.908775,4.230518103691101,28.15760616685003,189.53555862733697
27665547,-6.031111,-2.076538,4.126917103691101,31.17000879260661,202.9312988887989
27665547,-6.031111,-2.076538,4.126917103691101,31.17000879260661,202.9312988887989
27639529,-6.369668,-0.785769,2.9921801036911013,75.43701501993328,158.1588022101704
27639529,-6.369668,-0.785769,2.9921801036911013,75.43701501993328,158.1588022101704
27662527,-3.033806,-7.35628,3.9080781036911008,65.60642154687196,370.72769252418
27658528,-2.962901,-2.730385,0.03972310369110099,197.17413429636915,296.12213918221016
27650811,-6.113505,-1.356298,4.0907861036911015,23.65635992494927,178.5995710112627
27650811,-6.113505,-1.356298,4.0907861036911015,23.65635992494927,178.5995710112627
27662533,-2.997203,-7.466071,4.188728103691101,56.16501475995332,375.27569337052455
27568531,-6.464588,-1.651348,4.396357103691101,16.985985559575283,179.46577688915949
27568531,-6.464588,-1.651348,4.396357103691101,16.985985559575283,179.46577688915949
27650832,-6.526122,-1.761956,4.241964103691101,27.26062388119317,182.08994693754136
27650832,-6.526122,-1.761956,4.241964103691101,27.26062388119317,182.08994693754136
27658552,-2.743466,-2.524094,-0.008012896308899009,202.2501823531714,300.20533075953364
27650894,-6.104722,-1.879749,4.130795103691101,29.18352520688697,195.4307246097124
27650894,-6.104722,-1.879749,4.130795103691101,29.18352520688697,195.4307246097124
27581041,-5.023228,1.360191,0.037807103691101185,216.42904974801417,115.34790075456652
27658605,-3.932096,-4.422483,4.610752103691101,13.443646472350396,319.34492768498706
27658605,-3.932096,-4.422483,4.610752103691101,13.443646472350396,319.34492768498706
27658612,-3.502534,-4.98764,0.1350371036911011,179.10106898603425,309.4928179214838
27650927,-6.017752,-1.990853,4.093654103691101,31.50593737204261,200.84108968754936
27650927,-6.017752,-1.990853,4.093654103691101,31.50593737204261,200.84108968754936
27630539,-4.644169,0.449517,0.014517103691101152,211.1112288252344,163.99925380566373
27650957,-6.037978,-2.152145,4.096470103691101,33.748857114294964,204.924288424045
27650957,-6.037978,-2.152145,4.096470103691101,33.748857114294964,204.924288424045
27646835,-2.768191,1.093264,-0.03932189630889882,259.56889246812267,192.0372887785693
27665651,-5.869055,-2.783701,3.058757103691101,83.38125872345819,224.77076638792863
27665651,-5.869055,-2.783701,3.058757103691101,83.38125872345819,224.77076638792863
27662590,-2.58568,-7.997933,4.115814103691101,60.05451056765517,391.0004879372891
27650997,-6.144577,-2.69963,3.221432103691101,77.95081615344179,216.6772493347406
27650997,-6.144577,-2.69963,3.221432103691101,77.95081615344179,216.6772493347406
27665668,-5.557315,-2.515899,3.4327261036911008,63.93807428090125,226.4142674044852
27665668,-5.557315,-2.515899,3.4327261036911008,63.93807428090125,226.4142674044852
27651001,-3.795616,-1.334957,0.035666103691101014,201.4702523710827,242.04222480466711
27651001,-3.795616,-1.334957,0.035666103691101014,201.4702523710827,242.04222480466711
27678960,-2.829052,-5.76727,4.359493103691101,30.63869908159924,374.3345988244472
27665675,-5.750539,-2.674697,4.1178291036911014,36.0752319765441,225.74453729957108
27665675,-5.750539,-2.674697,4.1178291036911014,36.0752319765441,225.74453729957108
27662602,-2.693615,-9.700974,4.113187103691101,71.35198241106289,392.481101235341
27619556,-6.228745,-1.962201,4.186435103691101,29.080249468224054,194.86236541579407
27651027,-6.07777,-2.837672,3.228205103691101,78.20360276808574,221.2682111543441
27651027,-6.07777,-2.837672,3.228205103691101,78.20360276808574,221.2682111543441
27665693,-5.798597,-3.025421,3.1968871036911013,79.10156205394219,231.74797012204783
27665693,-5.798597,-3.025421,3.1968871036911013,79.10156205394219,231.74797012204783
27665717,-5.638879,-3.007982,3.0277131036911014,84.76373771069373,235.0140623346587
27665717,-5.638879,-3.007982,3.0277131036911014,84.76373771069373,235.0140623346587
27665723,-6.252642,-3.493374,4.420286103691101,37.28310531934613,232.0995751500135
27665723,-6.252642,-3.493374,4.420286103691101,37.28310531934613,232.0995751500135
27651072,-5.292542,-2.37294,3.1672381036911013,72.65802098033703,229.66585997819325
27651072,-5.292542,-2.37294,3.1672381036911013,72.65802098033703,229.66585997819325
27651083,-5.656231,-2.862172,3.015766103691101,84.4751888639268,231.48467780548663
27651083,-5.656231,-2.862172,3.015766103691101,84.4751888639268,231.48467780548663
27651102,-5.615749,-2.916512,3.147066103691101,79.38570646218628,233.7834417230392
27651102,-5.615749,-2.916512,3.147066103691101,79.38570646218628,233.7834417230392
27676907,-5.456265,-4.570236,4.233380103691101,48.41173756358111,271.1864808378706
27676907,-5.456265,-4.570236,4.233380103691101,48.41173756358111,271.1864808378706
27651119,-5.58279,-3.007178,3.1439571036911014,79.9089287559963,236.51908464218943
27658768,-4.069845,-8.480543,4.411799103691101,62.31321262414704,350.1542622849457
27668247,-3.307382,2.218639,0.02565010369110099,275.23046936653986,92.21862583114604
27651129,-6.10763,-3.462298,4.379061103691101,37.26615587285988,234.85328277700444
27651129,-6.10763,-3.462298,4.379061103691101,37.26615587285988,234.85328277700444
27658781,-3.851875,-8.223397,4.308256103691101,62.71835659345123,353.859661069268
27651135,-3.621972,-1.859369,-0.012411896308898829,200.35477774896037,258.8547261622828
27651135,-3.621972,-1.859369,-0.012411896308898829,200.35477774896037,258.8547261622828
27658789,-3.805178,-8.281092,4.6428841036911015,52.19814374504088,358.12697380145534
27639577,-6.141563,-0.851226,3.060071103691101,71.0621322307787,164.68796763047226
27639577,-6.141563,-0.851226,3.060071103691101,71.0621322307787,164.68796763047226
27619581,-5.902513,-1.948955,4.061022103691101,31.159943066966207,202.4894535103062
27619581,-5.902513,-1.948955,4.061022103691101,31.159943066966207,202.4894535103062
27658809,-3.591653,-8.464718,4.261900103691101,64.247272233795,362.32031972447606
27658813,-3.029686,-6.202041,4.550759103691101,29.60897551009711,371.0286700847518
27658814,-3.477263,-8.093056,4.473710103691101,54.24991402315044,365.5076905047516
27639587,-6.296072,-0.934554,3.442787103691101,54.21839817145264,162.63547900386368
27639587,-6.296072,-0.934554,3.442787103691101,54.21839817145264,162.63547900386368
27639588,-6.329801,-1.023327,3.007790103691101,76.31565842764735,166.98042941061937
27639588,-6.329801,-1.023327,3.007790103691101,76.31565842764735,166.98042941061937
27651212,-6.836786,-5.352606,4.962054103691101,39.81316409142224,253.04833514635115
27651212,-6.836786,-5.352606,4.962054103691101,39.81316409142224,253.04833514635115
27658841,-3.340316,-8.784313,4.235317103691101,65.67521258024027,371.0105890381243
27658847,-3.077883,-7.912224,4.280852103691101,56.85280230765241,375.5740488953111
27639590,-6.381877,-1.036912,3.2792131036911014,64.0860650647073,165.2149748676303
27639590,-6.381877,-1.036912,3.2792131036911014,64.0860650647073,165.2149748676303
27674982,-3.814024,-7.659198,3.112918103691101,95.7687897419024,342.6737376286336
27665829,-5.382186,-3.774724,4.177774103691101,42.20577258552183,259.2811864832137
27665829,-5.382186,-3.774724,4.177774103691101,42.20577258552183,259.2811864832137
27668356,-1.045676,1.997696,-0.006565896308898811,445.678855293483,249.30743044308645
27668356,-1.045676,1.997696,-0.006565896308898811,445.678855293483,249.30743044308645
27651239,-5.582359,-4.239823,4.320042103691101,42.90679088085443,262.7113132326899
27651239,-5.582359,-4.239823,4.320042103691101,42.90679088085443,262.7113132326899
27658869,-3.431627,-10.628935,4.558187103691101,67.03848501853687,378.3774976304898
27619596,-6.321196,-2.388359,4.261543103691101,32.14855521798182,204.5009178770068
27619596,-6.321196,-2.388359,4.261543103691101,32.14855521798182,204.5009178770068
27681453,-5.95942,-2.926535,4.515592103691101,23.03446314927757,226.72743859742715
27681453,-5.95942,-2.926535,4.515592103691101,23.03446314927757,226.72743859742715
27665846,-3.471249,-1.922699,0.05576710369110116,198.7120543735712,265.06280722175416
27665846,-3.471249,-1.922699,0.05576710369110116,198.7120543735712,265.06280722175416
27665849,-5.317553,-3.959284,4.1645901036911015,44.09495434471859,264.38855575956825
27665849,-5.317553,-3.959284,4.1645901036911015,44.09495434471859,264.38855575956825
27597099,-6.363691,-1.820392,4.381189103691101,18.97163546491774,187.0790024938512
27597099,-6.363691,-1.820392,4.381189103691101,18.97163546491774,187.0790024938512
27651259,-5.755914,-4.811865,4.480061103691101,43.62866664585374,268.1631790096635
27651259,-5.755914,-4.811865,4.480061103691101,43.62866664585374,268.1631790096635
27639606,-6.316823,-1.133578,3.014243103691101,76.78110364352568,170.8220372655807
27639606,-6.316823,-1.133578,3.014243103691101,76.78110364352568,170.8220372655807
27668411,-1.109653,1.918,-0.011991896308898964,422.162959437251,248.74159261785303
27668411,-1.109653,1.918,-0.011991896308898964,422.162959437251,248.74159261785303
27665869,-5.233857,-4.063581,4.156298103691101,44.748192455829496,268.51546493099335
27665869,-5.233857,-4.063581,4.156298103691101,44.748192455829496,268.51546493099335
27651310,-2.964281,-2.642627,-0.015175896308898817,199.6946752316789,294.3445064281112
27658923,-2.742344,-9.73434,4.167145103691101,70.16750861688195,391.6049677484349
27598156,-6.191641,-2.001384,4.128247103691101,32.026952697891005,196.9675198902248
27598156,-6.191641,-2.001384,4.128247103691101,32.026952697891005,196.9675198902248
27639624,-6.415689,-1.231626,3.3194421036911015,64.28008127441944,170.81128037598117
27639624,-6.415689,-1.231626,3.3194421036911015,64.28008127441944,170.81128037598117
27651315,-3.031642,-2.764836,0.030188103691101142,196.72031750283332,294.30012521958014
27651332,-5.242096,-5.045905,4.334035103691101,47.126682283755855,284.4371279252585
27651332,-5.242096,-5.045905,4.334035103691101,47.126682283755855,284.4371279252585
27658939,-2.237104,-7.404041,5.288399103691101,2.882154418648696,418.4130738045265
27651338,-2.77563,-2.603923,-0.03215789630889887,202.15539027330885,300.15583489905333
27665881,-5.216681,-4.20444,4.202899103691101,44.076501507936655,271.5770420498276
27665881,-5.216681,-4.20444,4.202899103691101,44.076501507936655,271.5770420498276
27668455,-1.096287,1.854552,-0.007669896308899027,414.2185795124832,256.38065164442554
27668455,-1.096287,1.854552,-0.007669896308899027,414.2185795124832,256.38065164442554
27651359,-4.969074,-4.995728,4.207533103691101,49.35383219628247,290.6732598777121
27651359,-4.969074,-4.995728,4.207533103691101,49.35383219628247,290.6732598777121
27639638,-6.317366,-1.264246,3.132650103691101,72.42281430020134,174.5449471352156
27639638,-6.317366,-1.264246,3.132650103691101,72.42281430020134,174.5449471352156
27665897,-5.427492,-4.827028,4.363387103691101,45.50876026856892,276.40766776577766
27665897,-5.427492,-4.827028,4.363387103691101,45.50876026856892,276.40766776577766
27639641,-6.400725,-1.212919,4.104411103691101,24.71040664695107,167.21232842000973
27639641,-6.400725,-1.212919,4.104411103691101,24.71040664695107,167.21232842000973
27651380,-4.907359,-5.089437,4.207800103691101,49.69368370183969,293.7072509510025
27651380,-4.907359,-5.089437,4.207800103691101,49.69368370183969,293.7072509510025
27668474,-1.075028,1.832111,-0.004223896308898967,413.7102275190573,261.14774146019454
27668474,-1.075028,1.832111,-0.004223896308898967,413.7102275190573,261.14774146019454
27677066,-3.386547,-4.691521,4.313606103691101,25.110179501961653,341.48967731085384
27665929,-4.381051,-3.493625,4.633688103691101,3.431354202534351,287.7763291632575
27665929,-4.381051,-3.493625,4.633688103691101,3.431354202534351,287.7763291632575
27665960,-4.995818,-5.011341,4.202106103691101,49.917011901198606,290.1117375748101
27665960,-4.995818,-5.011341,4.202106103691101,49.917011901198606,290.1117375748101
27651475,-4.309187,-5.095258,4.948279103691101,12.304860411673417,317.0736524513255
27651475,-4.309187,-5.095258,4.948279103691101,12.304860411673417,317.0736524513255
27639657,-6.321379,-1.375979,3.037322103691101,77.57991368171716,178.24813707680494
27639657,-6.321379,-1.375979,3.037322103691101,77.57991368171716,178.24813707680494
27681580,-4.872767,-5.162131,3.947718103691101,59.91656551656607,294.3341076915687
27681580,-4.872767,-5.162131,3.947718103691101,59.91656551656607,294.3341076915687
27681584,-4.837893,-5.103714,3.354317103691101,80.69572950895474,291.62897541329903
27681584,-4.837893,-5.103714,3.354317103691101,80.69572950895474,291.62897541329903
27681586,-4.840934,-5.117044,3.107576103691101,89.22624796659639,290.5763744564647
27681586,-4.840934,-5.117044,3.107576103691101,89.22624796659639,290.5763744564647
27681590,-4.961189,-5.175512,2.271686103691101,116.24500194826534,284.7582264770273
27639672,-6.337935,-1.47916,3.0445511036911013,78.10833607846624,180.98953215760093
27639672,-6.337935,-1.47916,3.0445511036911013,78.10833607846624,180.98953215760093
27633198,-1.102889,1.940522,-0.007067896308898813,426.4034262066275,247.46826817385568
27633198,-1.102889,1.940522,-0.007067896308898813,426.4034262066275,247.46826817385568
27572300,-6.518793,-1.492024,4.124553103691101,29.286000774030786,174.08951115952257
27572300,-6.518793,-1.492024,4.124553103691101,29.286000774030786,174.08951115952257
27639689,-6.522726,-1.514557,4.392959103691101,15.831740420321497,173.744414853526
27639689,-6.522726,-1.514557,4.392959103691101,15.831740420321497,173.744414853526
27639690,-6.048495,-1.349726,3.2315241036911013,66.56024565419557,182.63755371967315
27639690,-6.048495,-1.349726,3.2315241036911013,66.56024565419557,182.63755371967315
27651589,-3.191943,-4.405742,4.5201271036911015,6.698299383084816,349.17944477547536
27651618,-3.094151,-4.732888,4.554195103691101,9.022003901304402,357.27733266335895
27651619,-4.620237,-9.762662,4.809965103691101,61.199871905619545,346.4458615484357
27651624,-3.307727,-5.706829,4.589456103691101,24.782579806158797,356.98484424399777
27643402,-6.429261,-0.881745,3.0063821036911014,75.9420171519184,160.2691959700703
27643402,-6.429261,-0.881745,3.0063821036911014,75.9420171519184,160.2691959700703
27639703,-6.753635,-1.73773,4.295949103691101,27.09632417111536,176.42098109346358
27639703,-6.753635,-1.73773,4.295949103691101,27.09632417111536,176.42098109346358
27651651,-2.698976,-4.326637,4.412058103691101,2.9973301794832707,371.0511525856407
27666086,-3.859944,-4.441536,4.5927301036911015,13.63446482379294,322.22293285584294
27666086,-3.859944,-4.441536,4.5927301036911015,13.63446482379294,322.22293285584294
27673006,-5.346243,-3.207438,3.5206781036911012,64.46993654697079,247.4165760971833
27673006,-5.346243,-3.207438,3.5206781036911012,64.46993654697079,247.4165760971833
27673012,-5.573921,-3.508215,3.097430103691101,84.60615708678108,246.62623048799796
27673012,-5.573921,-3.508215,3.097430103691101,84.60615708678108,246.62623048799796
27639712,-5.880918,-1.363733,3.191189103691101,67.28243687927781,186.96801913666764
27639712,-5.880918,-1.363733,3.191189103691101,67.28243687927781,186.96801913666764
27622090,-1.081175,1.841559,-0.0025138963088988664,414.0939378139317,259.54839279551106
27639717,-5.934579,-1.396857,3.4087811036911013,57.47288330283402,186.19485468965516
27639717,-5.934579,-1.396857,3.4087811036911013,57.47288330283402,186.19485468965516
27642599,-1.103282,1.871728,-0.007836896308898833,415.7651840432883,253.93455800863305
27642599,-1.103282,1.871728,-0.007836896308898833,415.7651840432883,253.93455800863305
27639731,-6.511446,-1.737697,4.4160961036911015,17.961608837465803,181.12914347086567
27639731,-6.511446,-1.737697,4.4160961036911015,17.961608837465803,181.12914347086567
27639732,-6.434712,-1.70719,4.180557103691101,28.41239635176313,182.55237793486376
27639732,-6.434712,-1.70719,4.180557103691101,28.41239635176313,182.55237793486376
27639733,-5.948601,-1.497004,3.217778103691101,67.75149809870567,189.471792947548
27639733,-5.948601,-1.497004,3.217778103691101,67.75149809870567,189.471792947548
27574379,-6.372891,-1.904562,4.036177103691101,37.32417508081721,190.22987853912227
27574379,-6.372891,-1.904562,4.036177103691101,37.32417508081721,190.22987853912227
27673160,-4.825038,-5.065788,4.720076103691101,28.027281898583794,298.5559060685254
27673160,-4.825038,-5.065788,4.720076103691101,28.027281898583794,298.5559060685254
27673161,-4.828363,-5.081663,4.688073103691101,29.587157617795384,298.49056544274566
27673161,-4.828363,-5.081663,4.688073103691101,29.587157617795384,298.49056544274566
27647123,-6.322383,-0.870732,3.102774103691101,70.54413644413344,161.508187758852
27647123,-6.322383,-0.870732,3.102774103691101,70.54413644413344,161.508187758852
27643434,-6.464746,-1.032028,3.300299103691101,63.72006084667197,163.3127828497579
27643434,-6.464746,-1.032028,3.300299103691101,63.72006084667197,163.3127828497579
27643435,-6.407308,-1.045679,3.025315103691101,76.19812022646869,166.1123208770562
27643435,-6.407308,-1.045679,3.025315103691101,76.19812022646869,166.1123208770562
27668737,-7.132956,-1.429306,4.379895103691101,23.47916404584751,158.9021154496006
27668737,-7.132956,-1.429306,4.379895103691101,23.47916404584751,158.9021154496006
27668751,-6.521017,-1.057463,3.521947103691101,53.824850820452895,162.04373002523278
27668751,-6.521017,-1.057463,3.521947103691101,53.824850820452895,162.04373002523278
27558418,-6.198559,-1.129963,3.238191103691101,65.42098671534455,172.2686187540249
27558431,-6.502521,-1.317541,3.193777103691101,71.39065945109866,172.277196444637
27558431,-6.502521,-1.317541,3.193777103691101,71.39065945109866,172.277196444637
27641663,-1.099635,1.857234,-0.008047896308899016,414.161095155548,255.70872433759064
27641663,-1.099635,1.857234,-0.008047896308899016,414.161095155548,255.70872433759064
27643444,-6.25844,-0.97833,3.094799103691101,71.37703863313482,166.53079682717782
27643444,-6.25844,-0.97833,3.094799103691101,71.37703863313482,166.53079682717782
27656734,-1.103067,1.936196,-0.009529896308899,425.8609662541703,247.8436788384157
27656734,-1.103067,1.936196,-0.009529896308899,425.8609662541703,247.8436788384157
27656735,-1.032878,1.897856,0.04008510369110119,427.10459631353547,261.5999141987241
27656735,-1.032878,1.897856,0.04008510369110119,427.10459631353547,261.5999141987241
27647134,-6.637498,-1.097855,3.3532201036911014,63.26625653309836,161.94624415792137
27647134,-6.637498,-1.097855,3.3532201036911014,63.26625653309836,161.94624415792137
27668766,-6.398533,-1.022903,3.2818681036911013,63.96433646105445,164.3952464129216
27668766,-6.398533,-1.022903,3.2818681036911013,63.96433646105445,164.3952464129216
27647140,-6.562939,-1.057629,3.5318441036911015,53.74531365653448,161.18378899800427
27647140,-6.562939,-1.057629,3.5318441036911015,53.74531365653448,161.18378899800427
27666180,-3.159515,-4.285565,4.484554103691101,5.979578995830849,348.963820625019
27558464,-6.513296,-1.741678,4.2383051036911015,27.00003141610398,181.7509405250821
27558464,-6.513296,-1.741678,4.2383051036911015,27.00003141610398,181.7509405250821
27673231,-3.075405,-4.398508,4.199704103691101,22.456535759936543,350.5953270749704
27643457,-6.547657,-1.122001,3.622414103691101,49.89743388297049,163.25694595507477
27643457,-6.547657,-1.122001,3.622414103691101,49.89743388297049,163.25694595507477
27656770,-1.103129,1.874242,-0.007412896308898853,416.1311601501227,253.7293073001817
27656770,-1.103129,1.874242,-0.007412896308898853,416.1311601501227,253.7293073001817
27643458,-6.517804,-1.196681,3.054182103691101,76.75387209201202,168.71480952562715
27643458,-6.517804,-1.196681,3.054182103691101,76.75387209201202,168.71480952562715
27647157,-6.226634,-0.971143,3.418386103691101,55.17704133467837,165.4815098176869
27647157,-6.226634,-0.971143,3.418386103691101,55.17704133467837,165.4815098176869
27647158,-6.758924,-1.289326,3.398880103691101,63.88580626477474,165.6619798632212
27647158,-6.758924,-1.289326,3.398880103691101,63.88580626477474,165.6619798632212
27656793,-1.067162,1.827627,-0.004871896308898949,414.22571857243946,262.5522695913652
27656793,-1.067162,1.827627,-0.004871896308898949,414.22571857243946,262.5522695913652
27639782,-3.853007,-1.255181,0.029677103691100992,201.8588492001316,238.39417200466093
27639782,-3.853007,-1.255181,0.029677103691100992,201.8588492001316,238.39417200466093
27639785,-5.970891,-1.658555,4.030235103691101,29.512927951142927,192.061724281776
27639785,-5.970891,-1.658555,4.030235103691101,29.512927951142927,192.061724281776
27643467,-6.465044,-1.182695,3.319617103691101,64.21839928810456,168.2333176869774
27643467,-6.465044,-1.182695,3.319617103691101,64.21839928810456,168.2333176869774
27666227,-3.80801,-7.561649,4.200100103691101,61.63929228169616,350.07277628145766
27666246,-2.853978,-4.681004,4.582165103691101,2.5869201659909606,368.5169886782353
27666247,-3.47466,-7.170265,4.017631103691101,63.146722605995535,356.2079629202286
27668834,-6.029381,-1.39929,3.4399491036911014,56.8461537492552,184.02158701376064
27668834,-6.029381,-1.39929,3.4399491036911014,56.8461537492552,184.02158701376064
27647170,-6.424956,-1.194347,3.154215103691101,71.62907947564665,170.06866618375716
27647170,-6.424956,-1.194347,3.154215103691101,71.62907947564665,170.06866618375716
27668841,-6.196961,-1.480479,3.130560103691101,73.41428932470569,183.7293870500314
27668841,-6.196961,-1.480479,3.130560103691101,73.41428932470569,183.7293870500314
27668843,-4.433648,-0.158274,-0.0040888963088989705,207.71213902170456,191.056888887441
27668843,-4.433648,-0.158274,-0.0040888963088989705,207.71213902170456,191.056888887441
27666263,-3.137043,-6.15591,4.593562103691101,28.33577867615853,366.984150292848
27668845,-6.098539,-1.74429,4.107175103691101,28.396173882346687,191.51307723220475
27668845,-6.098539,-1.74429,4.107175103691101,28.396173882346687,191.51307723220475
27647181,-6.673872,-1.219562,4.398204103691101,12.968878482043976,160.40587388648368
27647181,-6.673872,-1.219562,4.398204103691101,12.968878482043976,160.40587388648368
27668864,-5.804073,-1.443156,3.3759241036911014,58.37792749844064,190.8004545949239
27668864,-5.804073,-1.443156,3.3759241036911014,58.37792749844064,190.8004545949239
27679517,-4.914952,-4.942019,3.5782671036911013,72.17598079635596,288.4318813939741
27679517,-4.914952,-4.942019,3.5782671036911013,72.17598079635596,288.4318813939741
27643493,-6.333553,-1.231924,3.289662103691101,65.01494393551926,172.606606497914
27643493,-6.333553,-1.231924,3.289662103691101,65.01494393551926,172.606606497914
27675456,-6.556582,-2.219321,4.263294103691101,32.59561590333519,194.68408870939516
27668885,-5.914135,-1.735753,3.509670103691101,55.928220371879405,196.8027138614376
27668885,-5.914135,-1.735753,3.509670103691101,55.928220371879405,196.8027138614376
27668887,-5.601983,-1.411554,3.1349331036911012,68.22701513982216,195.2290592208302
27668887,-5.601983,-1.411554,3.1349331036911012,68.22701513982216,195.2290592208302
27629943,-3.246766,2.210388,-0.028119896308898884,280.66576309881447,95.62317074982305
27666294,-3.330782,-8.340361,4.161687103691101,65.22374319650928,368.56643449409705
27639019,-5.751833,1.200738,0.013845103691101146,206.96163636806224,111.58820695891689
27647196,-6.401226,-1.15591,4.117798103691101,23.11560661386352,165.1158846422025
27647196,-6.401226,-1.15591,4.117798103691101,23.11560661386352,165.1158846422025
27647198,-6.364998,-1.257104,3.3058821036911015,64.73927953826521,172.71304236748873
27647198,-6.364998,-1.257104,3.3058821036911015,64.73927953826521,172.71304236748873
27677578,-6.554335,-1.363947,4.0850541036911014,29.948037590233525,169.27237118588658
27677578,-6.554335,-1.363947,4.0850541036911014,29.948037590233525,169.27237118588658
27643507,-6.185932,-1.12815,4.025321103691101,24.689718628687245,169.20167611235323
27643507,-6.185932,-1.12815,4.025321103691101,24.689718628687245,169.20167611235323
27666318,-3.096259,-8.347256,4.039890103691101,67.90436699921491,374.7193036363253
27647203,-6.219564,-1.22916,3.113693103691101,72.31645331545351,175.5193585918889
27647203,-6.219564,-1.22916,3.113693103691101,72.31645331545351,175.5193585918889
27671219,-6.004136,-2.537848,4.367824103691101,25.32318561884074,215.92940434237047
27671219,-6.004136,-2.537848,4.367824103691101,25.32318561884074,215.92940434237047
27643517,-6.335951,-1.38256,3.146578103691101,72.86954779347298,177.80129995222632
27643517,-6.335951,-1.38256,3.146578103691101,72.86954779347298,177.80129995222632
27666333,-2.993555,-8.753365,4.1012641036911015,67.85597795829514,380.1447586645983
27630827,-3.718224,0.354366,1.613264103691101,134.69291024847547,186.7674314278847
27630827,-3.718224,0.354366,1.613264103691101,134.69291024847547,186.7674314278847
27643530,-6.728084,-1.511807,4.457456103691101,15.37269057527655,169.1103188949228
27643530,-6.728084,-1.511807,4.457456103691101,15.37269057527655,169.1103188949228
27647212,-6.451169,-1.449869,3.062195103691101,77.82425677782518,177.77512802996443
27647212,-6.451169,-1.449869,3.062195103691101,77.82425677782518,177.77512802996443
27668957,-4.761148,1.204477,0.047421103691100974,217.50529305559,127.92549590905674
27661562,-6.442984,-0.958902,3.281083103691101,63.76290370360479,161.33010102268514
27661562,-6.442984,-0.958902,3.281083103691101,63.76290370360479,161.33010102268514
27639857,-5.997385,-2.137437,4.112350103691101,32.2994063742463,205.48308950108287
27639857,-5.997385,-2.137437,4.112350103691101,32.2994063742463,205.48308950108287
27643541,-6.252191,-1.430146,3.287821103691101,66.24841525633042,180.568251667171
27643541,-6.252191,-1.430146,3.287821103691101,66.24841525633042,180.568251667171
27647218,-6.191841,-1.278905,3.2621571036911012,65.60541538188093,177.18070181780962
27647218,-6.191841,-1.278905,3.2621571036911012,65.60541538188093,177.18070181780962
27666353,-2.879904,-9.339937,4.453667103691101,59.87327497655846,388.9453322205132
27643548,-6.061335,-1.368344,3.0880801036911008,73.5202437662497,183.3548138974934
27643548,-6.061335,-1.368344,3.0880801036911008,73.5202437662497,183.3548138974934
27666354,-1.659355,-4.278518,0.4436751036911011,182.1612038725941,366.72443247859934
27661579,-6.371007,-1.005124,3.4688241036911007,54.42643751994956,163.472028443452
27661579,-6.371007,-1.005124,3.4688241036911007,54.42643751994956,163.472028443452
27647224,-6.280386,-1.389061,3.140205103691101,72.82671140332181,179.16920604217327
27647224,-6.280386,-1.389061,3.140205103691101,72.82671140332181,179.16920604217327
27647226,-6.696411,-1.511305,4.321383103691101,21.895889890630627,170.28959211020626
27647226,-6.696411,-1.511305,4.321383103691101,21.895889890630627,170.28959211020626
27677649,-5.293275,-4.315171,4.388962103691101,38.19259860533012,272.0151511073313
27677649,-5.293275,-4.315171,4.388962103691101,38.19259860533012,272.0151511073313
27639872,-5.837774,-2.266205,3.007705103691101,82.1069725461841,213.393652873206
27639872,-5.837774,-2.266205,3.007705103691101,82.1069725461841,213.393652873206
27671285,-3.956041,-4.720634,3.5937981036911006,63.882942877762616,314.4794422065392
27639877,-5.67999,-2.090934,3.417568103691101,61.7350827424452,212.5381767077428
27639877,-5.67999,-2.090934,3.417568103691101,61.7350827424452,212.5381767077428
27661592,-6.682478,-1.341803,3.379802103691101,64.61205882580546,168.83735316925208
27661592,-6.682478,-1.341803,3.379802103691101,64.61205882580546,168.83735316925208
27587009,-6.433926,-1.787689,4.168799103691101,30.08754132706829,185.07833186445453
27587009,-6.433926,-1.787689,4.168799103691101,30.08754132706829,185.07833186445453
27643567,-5.904268,-1.263595,3.897607103691101,29.920792526630574,180.99178239586288
27643567,-5.904268,-1.263595,3.897607103691101,29.920792526630574,180.99178239586288
27679743,-0.290887,-4.478737,-0.02201989630889889,208.0367392692018,425.6196215968997
27643569,-5.911283,-1.368735,3.2015571036911012,67.07214890540988,186.40193818051745
27643569,-5.911283,-1.368735,3.2015571036911012,67.07214890540988,186.40193818051745
27661606,-6.364282,-1.245786,3.302593103691101,64.78328310178253,172.37589242365357
27661606,-6.364282,-1.245786,3.302593103691101,64.78328310178253,172.37589242365357
27647235,-6.500175,-1.443664,4.371791103691101,15.483182772828684,171.92927273658154
27647235,-6.500175,-1.443664,4.371791103691101,15.483182772828684,171.92927273658154
27666396,-2.382906,-9.926506,4.031808103691101,73.5241414102062,401.707160509442
27671316,-3.003923,-4.131465,3.820919103691101,37.925246061184055,346.5451385095805
27671321,-3.752635,-6.985885,3.513076103691101,80.44255829087263,342.384239460328
27639899,-3.714387,-1.781805,-0.010409896308898992,200.1352613834169,254.45484765838103
27639899,-3.714387,-1.781805,-0.010409896308898992,200.1352613834169,254.45484765838103
27671327,-3.691187,-7.549406,3.3317041036911013,88.49591942856631,346.8504468279468
27671328,-3.64361,-7.260913,4.395822103691101,51.65302845323183,354.66525060615515
27643592,-5.780688,-1.402897,3.172619103691101,67.73851649797683,190.5730872319737
27643592,-5.780688,-1.402897,3.172619103691101,67.73851649797683,190.5730872319737
27647248,-5.981054,-1.356178,3.073390103691101,73.54069369683674,184.7876265658895
27647248,-5.981054,-1.356178,3.073390103691101,73.54069369683674,184.7876265658895
27661630,-7.018412,-1.618352,4.427603103691101,22.36315919013836,166.96505129151407
27661630,-7.018412,-1.618352,4.427603103691101,22.36315919013836,166.96505129151407
27571095,-1.629304,1.915858,-0.02319289630889898,360.8717294796967,197.0857915087992
27571095,-1.629304,1.915858,-0.02319289630889898,360.8717294796967,197.0857915087992
27643596,-6.262006,-1.637613,4.146645103691101,26.94601050255241,184.29766182589887
27643596,-6.262006,-1.637613,4.146645103691101,26.94601050255241,184.29766182589887
27671336,-3.480591,-7.462773,3.108238103691101,94.24073680556594,350.6237255383687
27661648,-6.137856,-1.408241,3.110001103691101,73.36642624530626,182.86145360666475
27661648,-6.137856,-1.408241,3.110001103691101,73.36642624530626,182.86145360666475
27666442,-1.67075,-7.842699,5.196571103691101,5.979065510273955,442.97137161372814
27671350,-3.276034,-7.871856,4.350991103691101,55.43913254210264,369.5887191381877
27661657,-6.4206,-1.502399,4.108210103691101,29.02306661640864,176.57436132482468
27661657,-6.4206,-1.502399,4.108210103691101,29.02306661640864,176.57436132482468
27671356,-2.886076,-6.761792,4.580061103691101,33.37347598237588,380.0851369838039
27647263,-5.793531,-1.300927,3.167559103691101,67.14566855496042,187.0664746539873
27647263,-5.793531,-1.300927,3.167559103691101,67.14566855496042,187.0664746539873
27682105,-4.833895,-5.093993,3.969005103691101,58.31410401788276,294.6294246258893
27682105,-4.833895,-5.093993,3.969005103691101,58.31410401788276,294.6294246258893
27639908,-5.520654,-2.190265,3.192595103691101,71.63506045938792,219.17778476896152
27639908,-5.520654,-2.190265,3.192595103691101,71.63506045938792,219.17778476896152
27639909,-5.76616,-2.4501,3.014607103691101,82.59972781514159,219.53046658298425
27639909,-5.76616,-2.4501,3.014607103691101,82.59972781514159,219.53046658298425
27661672,-5.922752,-1.364769,3.201902103691101,67.1106086760283,186.0149739769165
27661672,-5.922752,-1.364769,3.201902103691101,67.1106086760283,186.0149739769165
27647275,-5.89478,-1.395917,3.395104103691101,57.76977717887556,187.12391564503184
27647275,-5.89478,-1.395917,3.395104103691101,57.76977717887556,187.12391564503184
27682126,-3.74017,0.485106,1.5832701036911012,136.6501211401041,179.50884576326746
27639913,-5.524114,-2.195371,3.390636103691101,62.68048021248683,219.2449846114864
27639913,-5.524114,-2.195371,3.390636103691101,62.68048021248683,219.2449846114864
27647282,-6.65534,-1.834453,4.303594103691101,26.837348406496915,181.38121793750776
27647282,-6.65534,-1.834453,4.303594103691101,26.837348406496915,181.38121793750776
27661701,-6.035324,-1.494761,4.039655103691101,27.45828664113455,185.23222827505103
27661701,-6.035324,-1.494761,4.039655103691101,27.45828664113455,185.23222827505103
27618930,-4.550243,0.383013,0.03221510369110114,210.7283728579576,168.6887532684428
27654400,-7.017701,-2.142173,4.525867103691101,24.82522052497714,182.3816498096093
27654400,-7.017701,-2.142173,4.525867103691101,24.82522052497714,182.3816498096093
27643647,-6.18028,-1.845514,4.149396103691101,28.715062197948956,192.59337931325635
27654422,-6.730483,-2.102071,4.3758231036911015,27.86554716158332,187.46787575705653
27654422,-6.730483,-2.102071,4.3758231036911015,27.86554716158332,187.46787575705653
27639933,-6.223683,-2.835343,4.315151103691101,34.09141357258696,218.0133316111973
27639933,-6.223683,-2.835343,4.315151103691101,34.09141357258696,218.0133316111973
27664471,-1.103368,1.876785,-0.00760089630889893,416.4903030997308,253.46327408433132
27664471,-1.103368,1.876785,-0.00760089630889893,416.4903030997308,253.46327408433132
27654443,-6.834436,-2.366091,4.456895103691101,28.704473714187685,192.4317715925976
27654443,-6.834436,-2.366091,4.456895103691101,28.704473714187685,192.4317715925976
27613546,-4.740469,1.064891,0.030483103691101077,216.67973869442207,135.26229941367723
27661736,-6.494469,-2.025429,4.294684103691101,27.891401961703167,190.5031678753873
27661736,-6.494469,-2.025429,4.294684103691101,27.891401961703167,190.5031678753873
27639935,-3.575953,-1.815284,0.012884103691101156,200.2080622538788,259.42583994398
27639935,-3.575953,-1.815284,0.012884103691101156,200.2080622538788,259.42583994398
27639938,-5.865458,-2.722464,3.052200103691101,83.25884142156042,223.48952926896607
27639938,-5.865458,-2.722464,3.052200103691101,83.25884142156042,223.48952926896607
27682255,-2.749748,-5.3219,4.525178103691101,15.132524776019238,377.2285726683892
27639945,-5.495077,-2.373652,3.205134103691101,72.3599114560493,224.41855502591608
27639945,-5.495077,-2.373652,3.205134103691101,72.3599114560493,224.41855502591608
27661759,-1.544877,1.488764,-0.023110896308898843,332.1416964576592,239.09960180861344
27661759,-1.544877,1.488764,-0.023110896308898843,332.1416964576592,239.09960180861344
27630920,-6.388924,-0.946527,3.011110103691101,75.95940642232594,163.2301297340775
27630920,-6.388924,-0.946527,3.011110103691101,75.95940642232594,163.2301297340775
27639951,-5.542309,-2.418735,3.422128103691101,63.43154414568357,224.42938453482256
27639951,-5.542309,-2.418735,3.422128103691101,63.43154414568357,224.42938453482256
27639953,-3.536042,-1.862068,0.01875810369110109,199.9606238307572,261.65406374424964
27639953,-3.536042,-1.862068,0.01875810369110109,199.9606238307572,261.65406374424964
27639954,-5.407895,-2.392127,3.038516103691101,79.20748728025231,226.99606993451147
27639954,-5.407895,-2.392127,3.038516103691101,79.20748728025231,226.99606993451147
27639955,-5.796121,-2.772995,3.042165103691101,83.60563879330303,226.22682527026933
27639955,-5.796121,-2.772995,3.042165103691101,83.60563879330303,226.22682527026933
27639966,-5.416263,-2.4105,3.385489103691101,64.02410156005405,227.48847561733504
27639966,-5.416263,-2.4105,3.385489103691101,64.02410156005405,227.48847561733504
27630933,-6.190835,-0.885586,3.075279103691101,71.00116509372262,164.80696983949716
27630933,-6.190835,-0.885586,3.075279103691101,71.00116509372262,164.80696983949716
27608940,-6.374586,-0.924122,3.2674831036911014,63.51094299937452,161.53717765503274
27623244,-6.616973,-1.233644,3.5775621036911014,53.93330098601268,165.83064680027636
27451739,-3.778354,-1.582829,0.010442103691101101,200.46499124715612,248.2600097865151
27451739,-3.778354,-1.582829,0.010442103691101101,200.46499124715612,248.2600097865151
27630941,-6.232252,-0.853267,3.4138461036911014,54.14227057864812,161.16572372369254
27630941,-6.232252,-0.853267,3.4138461036911014,54.14227057864812,161.16572372369254
27669291,-6.149673,-1.101704,3.087572103691101,71.96978187798962,172.94181245467345
27669291,-6.149673,-1.101704,3.087572103691101,71.96978187798962,172.94181245467345
27639975,-5.881362,-2.968797,3.0790361036911014,83.7309228355856,228.50903237957397
27639975,-5.881362,-2.968797,3.0790361036911014,83.7309228355856,228.50903237957397
27661819,-6.088278,-2.228555,4.174981103691101,31.52041681275054,205.7436429921989
27608969,-6.24385,-2.05008,4.0531691036911015,36.883834815895455,197.28265583622965
27571272,-6.651138,-1.360729,4.405165103691101,14.581944510695166,165.79322740294538
27639977,-5.347278,-2.449222,3.1765471036911013,73.21468053795459,230.0609893130776
27639977,-5.347278,-2.449222,3.1765471036911013,73.21468053795459,230.0609893130776
27649450,-1.091726,1.851962,-0.00605089630889899,414.3727171781219,257.2171319628053
27649450,-1.091726,1.851962,-0.00605089630889899,414.3727171781219,257.2171319628053
27669314,-6.562594,-1.347937,4.159812103691101,25.992807487811035,168.24924364266266
27669314,-6.562594,-1.347937,4.159812103691101,25.992807487811035,168.24924364266266
27630953,-3.942135,-0.949625,0.04639310369110117,203.1131025556253,227.97504047514093
27569693,-6.606671,-1.23366,4.366437103691101,13.906267776686889,162.42967428653392
27569693,-6.606671,-1.23366,4.366437103691101,13.906267776686889,162.42967428653392
27669339,-6.038858,-1.328848,3.085572103691101,73.15790202700731,182.62600265814444
27669339,-6.038858,-1.328848,3.085572103691101,73.15790202700731,182.62600265814444
27654575,-5.538695,-2.337785,3.218506103691101,71.78555910431064,222.4330639154416
27654575,-5.538695,-2.337785,3.218506103691101,71.78555910431064,222.4330639154416
27639990,-5.492971,-2.688646,3.089227103691101,79.56954931047775,231.7650462771752
27639990,-5.492971,-2.688646,3.089227103691101,79.56954931047775,231.7650462771752
27569709,-6.483255,-1.597322,4.075183103691101,32.754916606624874,178.39151294115126
27569709,-6.483255,-1.597322,4.075183103691101,32.754916606624874,178.39151294115126
27639991,-5.782637,-2.993502,3.061216103691101,84.07888518713068,231.31797618709277
27639991,-5.782637,-2.993502,3.061216103691101,84.07888518713068,231.31797618709277
27654583,-5.869218,-2.749556,3.180033103691101,78.38753007888687,224.06552886458704
27654583,-5.869218,-2.749556,3.180033103691101,78.38753007888687,224.06552886458704
27575106,-6.662846,-1.215335,4.176273103691101,24.516591422988085,161.57534476341786
27575106,-6.662846,-1.215335,4.176273103691101,24.516591422988085,161.57534476341786
27647350,-6.176258,-1.915427,4.198816103691101,27.1547150136536,194.6792244771779
27669359,-5.852941,-1.30053,3.3769401036911013,57.26808812964765,185.08078504238884
27669359,-5.852941,-1.30053,3.3769401036911013,57.26808812964765,185.08078504238884
27661862,-6.267841,-2.695739,4.306105103691101,33.300620242739825,213.57900751293548
27661862,-6.267841,-2.695739,4.306105103691101,33.300620242739825,213.57900751293548
27683134,-4.927892,-4.968072,3.434590103691101,77.54533174371244,287.78281013106056
27673350,-0.078045,-5.21748,0.03463010369110098,201.44416018417027,437.28916940578506
27662648,-2.176772,-11.888238,4.677289103691101,64.70135341276912,416.5292764666296
27666390,-2.499969,-10.094841,3.3899171036911007,92.6924121276169,392.6480639444025
27675721,-2.844828,-9.410779,2.858299103691101,105.61789929566947,376.3850158445132
27655310,-2.586904,-11.824373,4.407082103691101,73.21648831025897,402.5812365613686
27670338,-2.212099,-6.729465,5.077521103691101,1.961419106258802,415.6989094577327
27670342,-2.583824,-10.236763,4.193895103691101,71.3192517848718,397.8042508844821
27670367,-2.393717,-11.379817,4.287304103691101,73.54288047563176,406.1856238170728
27670372,-2.029553,-8.546194,4.553764103691101,44.65474912124881,417.78616746296336
27670384,-1.886591,-8.125629,5.222194103691101,11.652772695832285,433.0324365183526
27670402,-1.691223,-8.459786,5.161790103691101,16.31712225523424,440.3506522334813
27662629,-2.525578,-11.16384,4.304971103691101,72.58943638474025,402.2862934211407
27658948,-2.425339,-10.833338,4.212330103691101,73.10357021507292,403.76168475570864
27673315,-1.800441,-12.127554,4.908440103691101,57.8712401999675,430.0245938184053
27666387,-2.675023,-10.511213,4.237618103691101,71.87858102197856,396.1443062628404
27666404,-2.305663,-10.444805,3.6775721036911007,85.60085507464055,401.6271327621626
27666463,-1.570591,-9.091543,5.270226103691101,18.32438260849301,446.0731587127774
27672272,-2.618969,-9.98575,3.2496741036911008,96.39289837026963,387.7753031026147
27670299,-2.869856,-9.03439,4.4009031036911015,59.47193825667995,387.7990227338179
27670306,-2.923342,-9.734342,4.216600103691101,69.56512006295779,386.6915402662812
27670322,-2.720869,-9.430179,4.107034103691101,70.1954474464757,390.8483590210383
27662552,-3.159436,-9.463319,4.256309103691101,68.04261718124172,379.2547026311939
27662559,-3.115585,-9.615535,4.598103103691101,58.546105687445504,384.032841606154
27662582,-2.961152,-10.067293,4.271549103691101,69.9240067104094,387.089678186212
27658892,-2.989158,-9.032114,4.428039103691101,59.29083662910486,384.3159750708818
27658893,-3.086763,-9.672436,4.303451103691101,67.47093933258228,382.4993595776321
27658908,-3.073199,-10.46124,4.4011001036911015,68.84700010263273,386.2139266232018
27666372,-2.724218,-9.761784,4.167307103691101,70.22604884044014,392.2240321624914
27679723,-2.59138,-10.416712,3.6031311036911013,88.40333982046926,392.7198772992825
27671370,-2.814669,-9.837998,3.1922481036911012,97.93721533135668,381.4195359110777
27675720,-2.946376,-9.641859,3.029703103691101,101.92585856332003,375.8523407052
27682271,-2.372461,-7.503702,4.373691103691101,44.704131449604006,400.4583931174535
