uid,px_world,py_world,pz_world,u_rectified,v_rectified
27878814,-4.226747,-4.150424,1.114748103691101,162.30500995487512,266.7644122746956
27878853,-2.759392,0.409026,1.5628501036911011,161.11133668822177,187.94593553815537
27878854,-2.821659,0.371516,1.5213991036911012,164.2692346330267,187.9725283635554
27871291,-3.755619,-4.834806,2.718357103691101,108.60280038256384,286.4063213171799
27878888,-3.452401,-0.610859,0.5739121036911011,206.45143427797143,215.5093521998374
27878890,-4.067431,-1.156075,0.260446103691101,210.59904991178607,215.29202772607675
27878896,-4.696598,-1.953401,0.3395911036911011,198.8709721174349,218.45279243300251
27878897,-3.131583,-0.390512,0.558836103691101,211.4473780674437,219.39608286406568
27878918,-3.632204,-1.919123,1.633896103691101,149.83298788699415,240.21381433092964
27878927,-4.863196,-3.74693,0.059163103691101115,193.86960265316657,248.51621566093525
27878949,-3.070695,-2.92189,1.455654103691101,150.93957623090105,280.625155093301
27878965,-2.711921,-2.682538,1.8484661036911012,132.3629579283442,289.28174582493114
27876234,-3.789145,-0.018513,2.116630103691101,131.20982723860294,165.26622748669763
27855794,-6.301169,-1.421948,3.0293461036911014,113.74554618906744,154.13371270981406
27858285,-6.886286,1.901682,0.018019103691101046,246.2078345538506,56.77061522256756
27876360,-5.607963,-0.328631,0.1085971036911011,219.89601370765695,158.53144761898525
27876395,-3.152697,0.300542,0.02791010369110114,250.7441471228832,197.0918464506907
27876400,-2.316937,0.593881,1.142069103691101,195.5257533412828,205.22721398674432
27873882,-1.698311,0.718349,-0.026019896308898893,298.21566199839015,250.88607007837277
27873882,-1.698311,0.718349,-0.026019896308898893,298.21566199839015,250.88607007837277
27855934,-4.041011,-0.541836,4.136694103691101,3.376408116280743,154.7476769108839
27873917,-2.558791,-0.843077,2.029985103691101,121.09898966821429,249.371098749416
27876477,-3.37416,-3.838632,1.6539301036911012,142.7070487200799,285.02873168260004
27856113,-6.873711,-3.848034,6.645114103691101,1.892318741099814,182.1818920434672
27879650,-5.011661,-0.364344,0.10356810369110114,222.12882866346573,170.9759762968987
27856230,-2.625703,-1.235239,1.994828103691101,124.47062794444945,258.9376046999444
27879667,-2.421616,0.878543,1.250720103691101,192.0080827391328,179.10474513522257
27869718,-4.251848,-1.664872,4.6128861036911015,2.891208670958605,192.56714773125256
27861965,-6.661489,-1.834063,3.124467103691101,113.88539810030234,159.44380601265476
27869804,-3.17338,0.288091,0.016892103691101168,250.7297253472817,196.998918467144
27879819,-3.151328,-2.501671,0.6816851036911011,183.36957007863785,271.80719584297753
27879819,-3.151328,-2.501671,0.6816851036911011,183.36957007863785,271.80719584297753
27879836,-4.358662,-0.189456,0.15873810369110108,225.72911124747475,179.2192072590722
27879851,-2.838542,0.505821,0.9938691036911012,203.07620984069183,187.51478454447172
27869862,-3.690245,-1.078525,0.4667061036911011,204.61327114739183,222.72923323628385
27879857,-2.932657,0.315931,1.2536321036911011,182.72888565852543,190.09010503132657
27879859,-2.701193,0.426767,1.472515103691101,167.8157339576287,190.9116295973587
27879868,-2.951177,0.476709,0.5617961036911011,228.60466315311427,190.34609507442988
27879870,-2.973145,0.172366,1.414916103691101,170.4793589547238,193.6053993761652
27879877,-2.876032,0.512126,0.514602103691101,232.92018012181455,192.16556850164676
27879881,-5.452676,-1.943073,1.5991871036911012,158.7632514830501,194.72478145055533
27879896,-2.001679,0.82693,1.269395103691101,189.57005907425395,207.05268938241696
27879898,-2.43836,0.484162,1.074832103691101,198.27204486406663,206.04561446898316
27879903,-3.341078,-0.136901,0.3464931036911011,224.67649132862357,204.67686398630912
27879903,-3.341078,-0.136901,0.3464931036911011,224.67649132862357,204.67686398630912
27879912,-4.683342,-1.426942,-0.2635418963088989,222.94879114940812,209.8993908025093
27879914,-4.25847,-1.279965,0.153368103691101,212.4417020210548,214.1403158127
27879923,-3.407694,-0.494714,-0.08487189630889902,236.91235204643203,218.0619782791777
27862160,-6.201092,-4.019619,-0.149984896308899,196.42953540200963,227.7269743487525
27879931,-5.064045,-3.324275,2.179685103691101,134.85943975441432,229.9941193454196
27879952,-4.055267,-3.824502,1.0349111036911012,165.51991273478976,266.46569221191663
27879959,-2.983104,-2.234575,0.9352941036911011,175.1675960933728,271.96549203173885
27858966,-3.935764,-1.135597,0.39714710369110107,206.08193169705288,217.53747309937307
27879988,-2.153841,-1.526757,2.020599103691101,116.88014161275372,291.0008231902931
27858988,-2.451133,-0.353828,-0.13074989630889888,251.26130003825423,250.6860161788093
27877052,-3.11973,-0.0224,1.221630103691101,180.86257584557228,199.25331710314384
27862220,-4.7321,-2.280297,2.892511103691101,105.7874047564577,211.35860869629244
27862232,-3.947811,-2.35345,0.29471310369110104,197.86826648223976,245.91056287191395
27862232,-3.947811,-2.35345,0.29471310369110104,197.86826648223976,245.91056287191395
27874458,-3.781486,1.918994,1.9443791036911011,151.00952390312972,20.4005538599599
27880084,-0.859836,-4.653085,1.101693103691101,148.35909504642711,394.0158755104951
27872019,-3.215967,0.381066,-0.006637896308898883,253.6030923553569,191.8508271036789
27872019,-3.215967,0.381066,-0.006637896308898883,253.6030923553569,191.8508271036789
27874471,-3.155473,1.8996,0.03496610369110109,306.0385255792188,100.00002710179338
27862258,-5.346488,-4.144722,0.00775310369110116,192.5632502222027,244.6079147216304
27862259,-4.064887,-2.789455,-0.022399896308898937,203.9517678906992,251.9511133978341
27877122,-2.607866,-1.001209,2.0433951036911013,121.05454223961208,252.2259797988332
27877156,-2.25071,0.769302,1.6219951036911011,154.89371684412555,189.1390212679872
27872063,-3.927007,-0.66824,0.08571210369110105,223.98012225246916,206.5122124958676
27859145,-6.396805,-3.184609,5.809578103691101,17.848012287592667,179.8124654548874
27864734,-1.111755,1.71606,1.612462103691101,146.64422412433595,175.24056208294567
27859181,-5.443871,-4.27607,-0.023997896308898925,192.5416984626834,244.66718512084933
27862421,-3.550164,-3.549847,1.318095103691101,155.9246386550791,275.76093880254973
27859235,-3.159513,-2.226261,0.200699103691101,203.54429972943169,267.49877327636386
27874625,-4.159875,-1.431507,0.26579910369110116,207.14898891670737,219.8799184130444
27874649,-4.256957,-2.018347,0.09893310369110098,206.7104603612074,231.66602080834224
27859273,-2.490318,-0.988856,1.962901103691101,124.70176179556412,258.0740116896052
27874669,-3.642553,0.727704,1.721206103691101,158.3788892790902,134.48028066549983
27880489,-4.584866,1.875622,1.943892103691101,158.10377398554948,23.57028695792428
27859386,-2.374713,-1.562771,2.0572091036911013,117.72321416627068,280.08654113833904
27859387,-2.588816,-2.024294,1.849455103691101,131.88622553843234,281.30988157069817
27874744,-4.016881,-1.245188,0.4426291036911011,202.99468023478917,217.93756757535803
27880582,-6.570505,-0.256324,1.7742741036911012,163.12109768409624,124.68484745845488
27874785,-4.098372,-3.437086,-0.11668989630889892,201.4269354227467,261.9526671324345
27874814,-3.406605,-3.368641,0.918493103691101,169.89383360710426,277.93378366080333
27880633,-4.392487,-0.290856,0.06980910369110105,227.47184924282035,182.6318202929481
27880634,-2.429799,0.872847,1.225935103691101,194.01898793767796,179.58381383392327
27880634,-2.429799,0.872847,1.225935103691101,194.01898793767796,179.58381383392327
27880636,-2.043055,1.159661,1.202316103691101,204.95128439782616,178.94508574605385
27880641,-2.020933,1.140378,1.1985301036911011,204.9113518519018,182.168233775552
27835416,-2.785524,1.001911,-0.06503789630889889,283.0911575006233,177.91465813300692
27835416,-2.785524,1.001911,-0.06503789630889889,283.0911575006233,177.91465813300692
27880651,-3.475501,0.110313,0.34646810369110104,228.1987146810805,190.7003874843562
27880655,-2.170369,0.994352,1.044062103691101,214.46669166599236,188.3096009083924
27865135,-3.142455,0.343256,-0.006433896308899012,253.59761991745825,196.02294624424525
27880713,-2.757653,0.024517,0.10727110369110116,244.8413895829299,222.56877172848684
27880721,-2.901722,-0.182993,0.039915103691101184,241.93321708555231,224.8711677536887
27880724,-2.776933,-0.081523,-0.10812089630889887,252.7272252976261,227.3915714828714
27880724,-2.776933,-0.081523,-0.10812089630889887,252.7272252976261,227.3915714828714
27880758,-5.643997,-4.905776,-0.9431708963088987,208.7161858475,251.30227904397236
27880777,-2.869724,-2.300865,1.7501501036911011,138.70644265048685,275.675056062187
27880789,-6.389184,-1.886778,2.870772103691101,120.61437703415012,167.2341286307218
27880791,-1.742237,1.252825,1.757145103691101,132.4230492896533,174.93137672387107
27880791,-1.742237,1.252825,1.757145103691101,132.4230492896533,174.93137672387107
27880792,-3.02071,0.507687,1.2339041036911012,186.7568196094995,176.5663225353496
27880794,-5.142727,-1.175074,2.550482103691101,122.46505965848289,172.32989650835083
27880794,-5.142727,-1.175074,2.550482103691101,122.46505965848289,172.32989650835083
27880795,-2.83292,0.626284,1.0777841036911011,199.6199277427364,179.69963838285156
27880795,-2.83292,0.626284,1.0777841036911011,199.6199277427364,179.69963838285156
27880797,-2.952976,0.477099,1.201721103691101,188.4721466026658,181.39974317210235
27880797,-2.952976,0.477099,1.201721103691101,188.4721466026658,181.39974317210235
27880800,-2.595959,0.635699,1.474304103691101,169.53546842008777,183.02409643433413
27880801,-2.963413,0.419042,1.1750321036911011,189.3899115569767,184.5253279407665
27880801,-2.963413,0.419042,1.1750321036911011,189.3899115569767,184.5253279407665
27880803,-2.862231,0.389078,1.565275103691101,161.4483670508854,184.5868611984999
27880804,-2.667279,0.538845,1.4524781036911012,170.4717184178702,186.14264289089192
27880807,-2.87901,0.379359,1.3443911036911012,177.26986520847254,187.67819625351137
27880808,-2.945445,0.370789,1.1831211036911011,188.15387833003524,187.68085827450216
27880809,-2.783488,0.398327,1.455740103691101,169.1728606344724,189.0965493193424
27880810,-2.855796,0.487325,0.9338281036911011,206.5997854482281,188.6414295509349
27880810,-2.855796,0.487325,0.9338281036911011,206.5997854482281,188.6414295509349
27880812,-2.86042,0.333133,1.3543721036911012,175.96222147211938,190.80432636796692
27880813,-2.059821,1.041929,1.067520103691101,214.7524267111991,190.84886967611004
27880814,-0.778231,1.902033,1.499148103691101,201.49976105478683,212.81228740082997
27880815,-2.740747,0.316677,1.726423103691101,147.63357046293845,191.636177839272
27880816,-2.890181,0.261118,1.3078431036911011,178.34264549560282,193.9349485978113
27880818,-3.023513,0.347183,0.6099371036911011,222.4491386232939,193.187963614592
27880819,-2.730781,0.300798,1.5165361036911011,163.40757396773682,195.97618557338544
27880820,-2.731829,0.319783,1.415886103691101,170.98643772083565,196.28631305057627
27880820,-2.731829,0.319783,1.415886103691101,170.98643772083565,196.28631305057627
27880821,-2.985855,0.341735,0.660211103691101,219.72926993176316,194.2828363293011
27880822,-2.676538,0.504477,0.8809391036911011,211.3440560138621,196.1570161606574
27880824,-11.761331,-7.264915,1.642317103691101,158.63100407673886,195.85259819155416
27880825,-0.959485,1.769589,1.3955601036911012,221.4682004247032,207.19871574340763
27880826,-3.11269,-0.101859,1.667557103691101,152.70063881496233,198.0596949970189
27880827,-2.722132,0.263302,1.446685103691101,168.10140757604944,199.32072408000928
27880828,-2.623734,0.501729,0.8924421036911011,210.81267052935775,198.54599152600048
27880829,-3.20241,0.315293,0.13710510369110107,245.1375169991249,193.54600040064477
27880829,-3.20241,0.315293,0.13710510369110107,245.1375169991249,193.54600040064477
27880834,-2.406168,0.621398,1.0126081036911012,205.9305465255595,200.7320035765725
27880834,-2.406168,0.621398,1.0126081036911012,205.9305465255595,200.7320035765725
27880835,-3.1005,0.313731,0.25213110369110114,240.38808723614525,195.971393162326
27880835,-3.1005,0.313731,0.25213110369110114,240.38808723614525,195.971393162326
27880836,-2.653873,0.27226,1.4006051036911011,171.23377765150812,202.6099365957513
27880837,-2.508743,0.535836,0.9197021036911011,210.31866277701627,201.7713552553742
27880840,-2.986352,-0.095114,1.785447103691101,143.87628467497123,201.4614094569996
27880842,-2.598512,0.302371,1.350687103691101,175.0399209654464,204.3007879465337
27880843,-3.703982,-0.340807,0.26840510369110104,222.6310505032172,201.06324242537968
27880850,-0.735161,1.908221,1.4874641036911012,212.132082107148,232.2892036931076
27880851,-1.949738,0.837539,1.189349103691101,197.8108964001244,211.20784279613588
27880864,-3.421698,-1.073183,1.592257103691101,153.95677338904989,224.02145588629864
27880866,-6.43149,-4.631639,1.7290451036911012,150.90336399828038,226.95856610688415
27880866,-6.43149,-4.631639,1.7290451036911012,150.90336399828038,226.95856610688415
27880868,-2.855957,-0.132884,0.06413210369110112,242.3245736822196,224.7205031653096
27880868,-2.855957,-0.132884,0.06413210369110112,242.3245736822196,224.7205031653096
27880875,-2.52381,0.175742,0.0828181036911011,252.95147094367425,227.0778192336248
27880875,-2.52381,0.175742,0.0828181036911011,252.95147094367425,227.0778192336248
27880881,-2.972662,-1.011482,1.8695681036911012,135.89484075642287,237.24742260958345
27880882,-2.699906,-0.10221,-0.11813589630889898,253.67332699403732,231.3755627331688
27880882,-2.699906,-0.10221,-0.11813589630889898,253.67332699403732,231.3755627331688
27880884,-2.511078,0.053024,0.05111410369110114,251.52784924998892,232.7183192696993
27880887,-4.913497,-2.530384,-1.7404758963088989,249.09197659299596,233.46659550460785
27880888,-2.406869,0.097129,0.07817310369110109,252.6954662797528,235.72217717616533
27880890,-6.181827,-5.961351,1.834222103691101,145.41100506811222,248.85776332420332
27880890,-6.181827,-5.961351,1.834222103691101,145.41100506811222,248.85776332420332
27877773,-11.82302,-4.659875,-1.976386896308899,217.50469418217057,176.82320226961352
27852566,-4.140306,-0.421486,4.171140103691101,1.4543180113754204,144.83510406578296
27880905,-5.372195,-5.83648,5.8112761036911005,28.17989100740158,254.01204610373637
27880930,-3.564893,-3.782205,0.8454681036911011,170.54962001548395,279.59215560288743
27865401,-3.371008,-0.536122,1.581563103691101,157.00333567526263,207.37310461790412
27815738,-0.908453,1.436097,-0.010988896308898877,413.6120753967173,289.7670051016649
27880997,-0.887981,-7.461678,1.161751103691101,140.37437462731444,398.7219209419575
27880998,-0.710212,-3.184978,1.168018103691101,149.60091125550358,399.5058496328408
27865459,-3.260614,-0.650853,1.732732103691101,147.27355399563896,214.34430791721812
27852630,-6.444671,-3.617416,-0.162686896308899,198.82091163362207,217.61542464761465
27852640,-7.037307,-4.279533,-0.3405708963088989,198.4466166891616,218.84638730626884
27877946,-3.324681,-0.266184,1.7455291036911011,148.6567500255524,196.5139976079192
27877963,-5.013517,-2.338687,5.009651103691101,13.329145971091748,191.23113623254253
27877964,-4.45953,-1.612614,0.09452610369110115,210.3207833585982,217.58828695616447
27877966,-4.725338,-1.725708,-0.5985788963088989,229.42230237858465,217.47119387724615
27877990,-3.615848,-2.780243,4.318139103691101,22.623370813496763,249.941800310641
27877990,-3.615848,-2.780243,4.318139103691101,22.623370813496763,249.941800310641
27868171,-3.995148,0.959877,1.760961103691101,159.7542259847856,109.88735787752692
27848744,-3.125923,0.363091,0.002071103691100973,253.88924311347785,195.6737935111847
27865606,-2.592512,-0.613983,1.955148103691101,126.57843741533956,239.8411825900344
27878017,-2.264141,-1.677746,1.979628103691101,121.11217880007236,288.7732728029499
27865648,-2.461439,-0.732144,1.9493871036911012,125.17554161740054,250.91372806316576
27865665,-2.951417,-1.481842,1.8164261036911011,137.7088177800489,252.542026112641
27844838,-4.243082,1.480837,1.763171103691101,165.4554740985656,66.77516582562717
27865677,-2.372609,-0.795599,1.9436231036911011,124.34518608804154,257.88756993775
27865684,-4.009889,-2.304784,4.205998103691101,31.44145127464193,224.32014751463808
27844859,-2.747133,1.002497,0.03420010369110105,278.23752652194304,177.8535224722943
27865771,-2.688486,-2.028553,1.854377103691101,132.5503421172977,277.0311334828592
27881355,-5.204193,1.806333,1.172450103691101,206.01232175512783,48.99318703635478
27881399,-8.944818,0.761405,-0.018691896308898892,222.69445210187175,87.56584972694284
27881416,-6.131029,-0.124978,3.549010103691101,85.15163436572027,102.54759846383176
27868391,-3.124891,0.363197,-0.0036638963088988508,254.18785400617148,195.76846561991252
27868391,-3.124891,0.363197,-0.0036638963088988508,254.18785400617148,195.76846561991252
27881421,-5.314153,0.396674,2.073312103691101,147.73784280429976,112.23682461122723
27881422,-3.908994,0.868253,2.021183103691101,140.70994649343956,112.2660326948005
27844885,-4.074906,1.265997,1.781341103691101,161.29885057801897,85.80360709467823
27881449,-1.099041,1.72119,1.9431631036911012,7.658639352980373,146.51901872548223
27881449,-1.099041,1.72119,1.9431631036911012,7.658639352980373,146.51901872548223
27881462,-3.750722,-0.091307,0.9071161036911011,196.79777017893616,184.3831129122073
27881462,-3.750722,-0.091307,0.9071161036911011,196.79777017893616,184.3831129122073
27881464,-3.854218,-0.329058,1.374488103691101,171.3329670398247,185.8035752375612
27881465,-3.220134,0.211883,1.255342103691101,181.69249022099876,184.2753509316052
27881465,-3.220134,0.211883,1.255342103691101,181.69249022099876,184.2753509316052
27881466,-3.76127,-0.296171,1.4371721036911012,168.09121185344412,186.62603869197923
27881467,-1.974921,1.19837,1.1790831036911011,209.1779108423165,180.38611798656805
27881469,-3.180853,0.052354,1.684501103691101,153.0152659054617,187.95128268677328
27881469,-3.180853,0.052354,1.684501103691101,153.0152659054617,187.95128268677328
27881470,-3.922234,-0.450087,1.3727831036911011,170.69063835140267,188.45985622224669
27881471,-3.261872,0.103623,1.327261103691101,176.21535894392,187.0344102418384
27881472,-2.35727,0.877919,1.192960103691101,197.149375956424,183.5999196152525
27881476,-3.147482,0.192024,1.286406103691101,179.4332356552596,187.50546652115708
27881477,-3.531788,-0.065554,1.085356103691101,188.24537805391023,188.1763644610436
27881478,-2.342304,0.917181,0.9792991036911011,216.34410345965648,185.6400274084924
27881479,-3.211661,-0.052804,1.755055103691101,148.1290891138849,190.95616490818537
27881481,-3.205546,0.048219,1.3650421036911011,173.21671994370453,191.1989913274392
27881482,-3.138933,0.118392,1.321725103691101,176.4055911356513,190.91955326083328
27881483,-3.472238,-0.010374,0.7557511036911011,206.08996317477408,191.38598922839236
27881484,-2.099382,1.058702,1.046668103691101,216.8862779883624,187.5045859249896
27881485,-3.818234,-0.197476,0.17618110369110118,228.13643476872963,193.57029538857017
27881486,-3.425668,0.037721,0.4399691036911011,222.72974979354723,194.2527528457348
27881487,-3.368921,0.054313,0.49979910369110103,220.4387729761292,194.8482519364182
27881488,-3.50032,0.025889,0.03315010369110105,240.81165257502192,196.3287352825071
27881488,-3.50032,0.025889,0.03315010369110105,240.81165257502192,196.3287352825071
27881491,-3.112298,-0.024451,1.501067103691101,163.7884621060291,196.4563231958097
27881496,-4.519306,-0.991094,0.24681110369110115,211.56004912234903,199.37191413760803
27881496,-4.519306,-0.991094,0.24681110369110115,211.56004912234903,199.37191413760803
27848857,-6.914559,-0.582019,3.086738103691101,115.82547558126204,117.05700873224018
27881498,-3.329019,-0.265286,1.397284103691101,168.9291605181058,199.9948475895111
27881499,-3.711914,-0.571347,1.2455501036911012,175.38611905725824,200.37891472545044
27881500,-3.468766,-0.105614,0.2389331036911011,229.3336122130765,200.2935614838016
27881500,-3.468766,-0.105614,0.2389331036911011,229.3336122130765,200.2935614838016
27881501,-4.309356,-0.922437,0.4095841036911011,207.01621837976475,201.4686780536727
27881503,-4.203637,-0.863229,0.33600210369110106,210.75134864618417,203.0047605678762
27881507,-3.531358,-0.517511,1.322109103691101,171.56587392138093,203.53820376128465
27881511,-4.186597,-0.904934,0.08341810369110103,219.6488767884101,206.4012654121896
27881511,-4.186597,-0.904934,0.08341810369110103,219.6488767884101,206.4012654121896
27881513,-3.913167,-0.766917,0.4289041036911011,209.2054606644938,207.38023343255557
27881514,-1.730381,1.129887,1.394444103691101,182.5264060758779,199.671475516045
27881522,-2.081685,0.809861,1.198369103691101,195.87355065593732,204.26178106188783
27881526,-8.34549,-4.857922,-1.7570748963088991,219.0850846889907,213.18493063430375
27881528,-1.969489,0.901849,1.1952941036911011,198.8020939966169,205.06122328853093
27881530,-1.760921,1.082152,1.2904711036911012,194.09302216144565,203.95595565365448
27881539,-3.403843,-0.455974,0.02019010369110119,233.22764733055425,216.21161214267767
27881539,-3.403843,-0.455974,0.02019010369110119,233.22764733055425,216.21161214267767
27881541,-4.250905,-1.389491,0.12694610369110104,212.17498103012045,217.2456366272758
27881548,-7.05564,-5.383533,2.024558103691101,144.73009978585938,226.6417067855842
27881548,-7.05564,-5.383533,2.024558103691101,144.73009978585938,226.6417067855842
27875407,-2.295408,0.773602,1.5120771036911012,166.09801340429658,188.3887185644436
27881555,-6.519444,-4.60047,0.6847881036911011,175.29780343053508,228.25856596599957
27881555,-6.519444,-4.60047,0.6847881036911011,175.29780343053508,228.25856596599957
27881558,-2.621352,0.089203,0.12393310369110111,247.17965549739228,225.76987779093173
27881558,-2.621352,0.089203,0.12393310369110111,247.17965549739228,225.76987779093173
27881561,-2.737938,-0.140197,0.10715810369110113,241.26612413856404,229.4698947946964
27881561,-2.737938,-0.140197,0.10715810369110113,241.26612413856404,229.4698947946964
27881562,-2.649181,-0.035661,0.07526910369110107,246.29308988861325,229.69260442040172
27881565,-2.114285,0.199623,1.767698103691101,135.55466864448007,231.77548769750345
27881565,-2.114285,0.199623,1.767698103691101,135.55466864448007,231.77548769750345
27881567,-2.607898,-0.049934,0.10811010369110119,244.7386597385212,231.77325337820756
27881568,-2.588788,-0.022376,0.013666103691100995,250.5171613973087,232.3177534732381
27881573,-6.047781,-5.428676,2.033102103691101,141.0332007156281,244.0142776420856
27881573,-6.047781,-5.428676,2.033102103691101,141.0332007156281,244.0142776420856
27881583,-2.502363,-1.079591,2.034637103691101,120.24663878567866,260.00218635331305
27881588,-5.024992,-4.887999,0.528331103691101,176.3102478461726,259.92823226972257
27881588,-5.024992,-4.887999,0.528331103691101,176.3102478461726,259.92823226972257
27881590,-1.351806,0.841832,1.7093501036911012,127.54865383176522,257.80456301132944
27881591,-4.915248,-4.914249,0.3950051036911011,179.3217623901583,262.78170020611594
27881591,-4.915248,-4.914249,0.3950051036911011,179.3217623901583,262.78170020611594
27881593,-4.49422,-4.72066,1.413006103691101,152.85427985116837,267.700072621335
27881593,-4.49422,-4.72066,1.413006103691101,152.85427985116837,267.700072621335
27881595,-2.538422,-1.509613,1.933070103691101,127.113595386231,271.0136118658384
27872877,-2.955993,0.387477,1.921510103691101,135.1712997423382,175.10240780750595
27875469,-5.305057,-2.889453,-0.019543896308898967,201.2500200722116,225.48031987420407
27875480,-4.146951,-2.198158,0.10662110369110112,205.02099361950613,238.19922903585564
27875510,-2.317063,0.899351,1.261069103691101,191.64814546500727,182.8578875593131
27866024,-3.252529,-5.534133,5.014042103691101,18.8970028141342,310.01327827695275
27875518,-2.247834,0.901284,1.253134103691101,192.5080540874638,186.701782044357
27872924,-3.754336,-1.029513,0.46226810369110105,205.19577281301255,219.4564177566767
27868653,-2.751331,-2.140761,1.6665101036911012,142.15565434952526,277.27468208615727
27875617,-3.706908,-3.432155,0.8817421036911011,171.3827119547671,270.15969604265587
27875622,-3.437572,-3.163944,0.6090231036911011,181.5208997944005,274.27905576686345
27868667,-2.533583,-2.693397,0.43138510369110106,191.24549597919537,297.8315306971805
27871139,-3.214724,0.375139,-0.016841896308898985,253.96763227767897,192.26005990369785
27871139,-3.214724,0.375139,-0.016841896308898985,253.96763227767897,192.26005990369785
27868725,-3.586498,-5.515139,3.3841911036911014,86.2642123572532,299.3472988733588
27873050,-3.105892,-1.019857,1.6048041036911012,151.64150895048547,233.8713863357559
27878667,-2.394249,0.966643,1.253520103691101,193.6528884730841,173.89059676452916
27878727,-5.245068,-2.08742,-0.828431896308899,229.56495684230777,215.03975979508377
27881622,-2.969697,0.447891,1.0627501036911011,197.1741574269724,184.3364470840233
27881623,-2.931349,0.399447,1.2885361036911012,181.48095211615063,185.23924227408696
27881624,-2.971659,0.465426,0.956750103691101,204.25247849491427,184.825834739663
27881625,-2.921645,0.329858,1.5963661036911012,159.07968001689864,184.96004670482847
27881627,-2.836749,0.363091,1.705234103691101,150.50809783518127,185.02798805467492
27881628,-2.690927,0.504112,1.437509103691101,171.32756964035377,187.3893699779066
27881629,-2.932707,0.342118,1.340565103691101,177.21617175329442,187.51956275666757
27881631,-2.987047,0.380496,1.041800103691101,197.37559770520093,187.4551722298837
27881632,-2.834198,0.539221,0.919686103691101,208.63490131787228,186.94476995326997
27881633,-2.826067,0.379869,1.477585103691101,167.58641719308704,187.9604715947299
27881635,-2.934799,0.351089,1.177977103691101,188.2082956568485,189.2068572286918
27881640,-19.803478,-12.432572,15.3153901036911,9.705438577973382,155.30942473945072
27881641,-2.781112,0.321703,1.703289103691101,149.86537784608558,189.87236021185103
27881645,-3.038507,0.265677,0.922604103691101,202.67499098697212,192.6560540323593
27881646,-2.158978,0.93241,1.0911931036911011,208.50119908870963,192.6778414358109
27881648,-4.18699,-0.617499,0.6698991036911011,200.4945302724643,193.3237970772633
27881650,-2.747155,0.290329,1.716186103691101,148.34638143338034,192.98490554025295
27881652,-1.032054,1.721041,1.490707103691101,184.83502746211497,197.36964752872373
27881656,-2.79126,0.2429,1.504375103691101,164.11631473050377,196.5276689384296
27881660,-2.670153,0.501726,0.8675931036911011,212.21746952900844,196.77139823422215
27881663,-2.722436,0.256578,1.425248103691101,169.57719528356614,199.94156441891727
27881664,-2.668771,0.529714,0.682504103691101,225.00451848023468,197.82709355622657
27881665,-2.608606,0.493438,0.8771791036911011,211.7623193803305,199.89299918204495
27881666,-1.783022,1.194355,1.006716103691101,230.28408610832943,198.5080588322355
27881667,-3.120749,0.377099,0.07013810369110107,250.92283548305664,194.50534633822383
27881670,-2.826136,0.094962,1.5643641036911011,158.837781349308,201.7717749239832
27881676,-2.196691,0.769655,1.004856103691101,211.39674258102715,203.17344863364315
27881677,-2.997028,0.351341,0.20385610369110108,244.94175260695687,198.69856652470023
27881678,-3.062143,0.356624,0.06743610369110109,251.28889605404729,197.54295628629248
27881683,-2.607769,0.393789,0.8610061036911011,210.7570028943504,205.3165108103456
27881686,-1.710587,1.070889,1.289572103691101,194.0036670919992,209.1109416858681
27881691,-1.362731,1.386572,1.285917103691101,208.8744007916605,211.20400866535056
27881698,-4.713537,-2.213495,2.308256103691101,128.86633638967834,213.5777070563277
27881699,-2.157574,0.634456,0.8815111036911011,218.12900691896064,215.55469660078316
27881704,-4.359091,-2.107648,2.355191103691101,124.2134287051144,219.78833583023
27881705,-3.501842,-1.194253,1.956269103691101,135.7275818184787,222.54724717078244
27881713,-5.226604,-3.572822,-0.10864889630889896,198.9505042918812,238.76749211142445
27881714,-1.810754,0.734046,0.6436581036911011,245.2908244436001,235.35124048233797
27881716,-10.141829,-8.159625,-5.898034896308899,250.76175112653613,234.24901974087516
27881718,-2.566942,-0.136679,0.050284103691101034,246.0996598400192,237.1354928925746
27881719,-2.555045,-0.108574,-0.02325189630889901,250.6600901930693,237.18564091870263
27881722,-4.414703,-3.036083,-0.144645896308899,204.8529731022391,247.88684325352645
27881731,-4.814341,-4.611003,2.0305081036911012,136.84504517110474,257.5293363215685
27882189,-3.69321,-0.185117,1.402761103691101,170.53141345517977,184.5577876466715
27882194,-3.603624,-0.017115,0.8820951036911011,199.2571022303672,186.11568882866104
27882195,-3.164773,0.036554,1.727635103691101,149.96805073619245,188.7771823262086
27882196,-3.811316,-0.374409,1.3589261036911011,171.63573406504375,188.99240178104415
27882197,-3.302648,-0.000366,1.456016103691101,167.63831372692172,188.8279524691916
27882198,-3.193324,0.139277,1.312085103691101,177.35367750096097,188.02310525997723
27882199,-3.026829,0.162427,1.607051103691101,157.78191817246125,189.43678311352363
27882201,-3.103606,0.034291,1.728528103691101,149.3806306727854,191.23102156514136
27882202,-3.494327,-0.182619,1.3973121036911011,170.1951258987919,190.88866720915544
27882205,-3.695028,-0.106893,0.4315531036911011,219.15544523247556,191.49806350851145
27882207,-3.100436,0.128881,1.315726103691101,176.79750354241233,191.95590644656076
27882209,-3.238514,0.06764,1.1223401036911012,187.8164227800152,191.98081791312023
27882211,-2.382695,0.907855,0.611977103691101,244.11419575137572,190.62508803818503
27882212,-3.387909,0.183251,-0.09156989630889889,250.8709957394664,195.10698907015484
27882214,-4.599665,-1.042773,0.5459361036911011,200.1729936038947,196.79512395756373
27882215,-3.186512,-0.001126,1.253120103691101,179.34844760004552,195.4502478580459
27882218,-3.660029,-0.208565,0.3344161036911011,222.08671430583613,197.19205081522097
27882221,-3.217525,-0.146432,1.4863821036911011,164.24908682960103,198.0937606826044
27882222,-2.838857,0.369613,0.9401551036911011,204.07718355655248,195.3505780106622
27882223,-3.531439,-0.043842,-0.07363089630889896,243.81263960147425,198.91315769648293
27882224,-3.844369,-0.46664,0.5407491036911011,208.5624449751417,198.8859624737333
27882225,-3.579067,-0.171894,0.29203310369110114,225.0530628712352,198.7413756822447
27882230,-3.31388,-0.282827,1.386797103691101,169.31748608238007,201.3543811923925
27882232,-2.92275,0.000922,1.587544103691101,157.2238906497127,201.9003781922927
27882233,-2.935362,0.023557,1.493120103691101,163.75922943532487,201.40857480279837
27882235,-3.058873,0.068262,0.9075201036911011,200.3566361125794,201.0420428449584
27882236,-5.386427,-1.895858,-0.11244589630889901,211.53574116539204,204.79038363934592
27882239,-3.514676,-0.53427,1.296448103691101,172.69235068363253,204.93372105805625
27882242,-3.277006,-0.370887,1.3799811036911012,168.84077774291194,206.25904421825248
27882243,-3.696915,-0.732769,1.206010103691101,175.92094666899982,206.75829551035332
27882244,-4.077751,-0.869991,0.3426171036911011,210.8220154543892,206.49868293347208
27882245,-3.634555,-0.574395,0.8082211036911011,195.88930977945807,206.61742555090507
27882249,-3.535764,-0.642037,1.276454103691101,172.8811339233623,208.2497656944767
27882254,-2.69524,0.267795,0.975239103691101,200.488136883604,206.1886918082469
27882259,-3.394935,-0.334246,0.3112521036911011,222.62576467038767,210.2216100367972
27882260,-1.614368,1.233986,1.369261103691101,188.7053752503727,199.970379042522
27882261,-3.599858,-0.637387,0.5229331036911011,207.8995939424977,212.00332504967847
27882263,-3.374046,-0.470525,0.7146281036911011,201.99886529977437,212.34399850547476
27882265,-3.37488,-0.398683,0.2751681036911011,223.3111301228423,213.3666767473282
27882266,-1.680114,1.159225,1.293965103691101,196.2629755504996,203.5032294296573
27882270,-1.639241,1.184577,1.266978103691101,200.77322049278516,205.27687479013767
27882271,-3.197177,-0.35522,0.4395911036911011,217.44012803576356,216.7274374834111
27882272,-3.03687,-0.154266,0.14304610369110105,236.3365519946289,217.8768066260906
27882273,-3.347798,-0.607039,0.6131841036911011,205.022742454895,218.6061992448145
27882278,-9.187708,-8.184444,1.626651103691101,153.26466196377652,231.19778849072392
27882282,-9.635715,-8.227886,-0.7609538963088991,188.9034383674084,231.23052338229732
27882285,-2.581707,0.052962,0.09536210369110099,248.2679247959628,229.1696037275669
27882286,-2.923869,-0.34043,-0.322650896308899,254.7423983633257,231.7951088231607
27882288,-2.525769,0.082792,0.04286410369110105,252.5552392080818,230.97300490422091
27882291,-2.537809,-0.000441,0.19104410369110103,242.36551822692545,232.4357307538092
27882293,-2.518729,-0.008782,0.07096810369110118,248.77767538683952,234.53747770069688
27882294,-2.559899,-0.055245,-0.0035558963088988538,250.9366443276214,234.92660968645905
27882297,-2.408319,0.043625,0.176931103691101,245.80441099519456,236.958529743114
27882298,-2.409098,0.045882,0.11268410369110105,249.38913472666607,237.31782930427627
27882306,-6.200782,-6.188251,1.283233103691101,157.0975181316405,252.3240096739509
27882309,-4.161956,-4.012282,2.315750103691101,124.51236185936492,263.79007718204207
27882310,-6.420699,-7.182257,1.1441891036911012,158.22913777658687,259.58688407601807
27882312,-4.592399,-4.926059,2.252039103691101,129.05878290357788,266.6497981420521
27882315,-4.718391,-5.134845,2.028903103691101,135.92947525870233,266.9436421028892
27882320,-4.787428,-5.216289,0.596206103691101,173.06784062718083,268.8422221488086
27871267,-3.684753,-4.037187,1.2095821036911012,158.27875501597737,279.31731375933094
27855344,-4.090226,1.385102,1.789344103691101,161.84259764417988,75.9246713528525
27855346,-6.285957,0.790266,-0.5241488963088989,251.101579509096,117.09135936908474
27866310,-0.227348,-5.758498,0.34819510369110107,170.3872603715077,422.3105529290582
27878775,-4.278914,-2.225428,-0.013383896308899024,208.2594524666035,235.8593186218332
27878784,-2.451311,-0.851837,2.017115103691101,120.42753986699348,255.2390890559305
27855374,-10.325228,1.082006,5.150572103691101,68.26278619528873,2.188837358674647
27873177,-0.48891,-2.349868,0.861000103691101,171.71853507567704,412.0618376490693
27878809,-3.680512,-2.864895,0.15095010369110118,198.54556932894317,263.1943693460024
27878809,-3.680512,-2.864895,0.15095010369110118,198.54556932894317,263.1943693460024
27873184,-0.385435,-7.045139,1.4160081036911012,129.7102082801162,420.7915011949436
27866347,0.09528,-5.353037,0.11032110369110115,181.30926140471703,438.5188256575652
27878818,-3.529731,-2.925767,0.8884161036911011,173.5586931935688,266.8815833891072
27878835,-3.197834,0.200008,2.001621103691101,131.98594380343474,175.22635292528977
27878835,-3.197834,0.200008,2.001621103691101,131.98594380343474,175.22635292528977
27878836,-5.7509,-1.015135,-0.003279896308898911,215.60396515640727,176.38453267123654
27878858,-2.772307,0.312649,1.9827941036911012,127.40584064001564,186.51370435373295
27866367,-0.185183,-6.211194,1.424892103691101,128.30283155774575,431.8038344105033
27878872,-3.358928,-0.332015,1.747878103691101,148.48918198403703,198.0507362932084
27878882,-2.912413,-0.133373,1.963443103691101,130.5685832188127,204.32836582105472
27878882,-2.912413,-0.133373,1.963443103691101,130.5685832188127,204.32836582105472
27871305,-3.509519,-4.671834,3.181329103691101,89.27116144309747,291.0846856278444
27871305,-3.509519,-4.671834,3.181329103691101,89.27116144309747,291.0846856278444
27871308,-3.595238,-4.808792,3.810957103691101,67.004130275,289.7409367188946
27871308,-3.595238,-4.808792,3.810957103691101,67.004130275,289.7409367188946
27871311,-3.008644,-4.852698,1.0403661036911012,158.68357677481444,309.4642665447485
27878900,-2.580579,0.453987,-0.08825989630889897,269.540308297949,214.3746465004163
27878901,-5.663966,-3.30323,1.1739171036911011,167.0122233570286,221.1438685287794
27878901,-5.663966,-3.30323,1.1739171036911011,167.0122233570286,221.1438685287794
27878903,-3.33043,-1.003332,1.5928421036911011,153.72931406713775,225.02683201573709
27866400,0.989169,-21.789312,0.9089341036911011,130.61055042978666,439.7431154844654
27820098,-5.134862,2.445524,0.10933210369110102,275.24389436681065,30.24117056708903
27878919,-2.580116,-0.652715,2.017530103691101,122.08791737936956,241.47731746570395
27878919,-2.580116,-0.652715,2.017530103691101,122.08791737936956,241.47731746570395
27878921,-2.319449,0.164536,-0.007128896308898902,260.65220838733137,238.04450304800616
27878921,-2.319449,0.164536,-0.007128896308898902,260.65220838733137,238.04450304800616
27878923,-2.566286,-0.745836,2.019186103691101,121.85059685483492,245.60721847999451
27878925,-4.363455,-2.847908,-0.11719989630889893,205.7028248955852,245.805175747512
27878925,-4.363455,-2.847908,-0.11719989630889893,205.7028248955852,245.805175747512
27878931,-4.708366,-4.637571,1.552317103691101,149.90005935905353,261.35355775461534
27878931,-4.708366,-4.637571,1.552317103691101,149.90005935905353,261.35355775461534
27871324,-1.868724,-2.226708,1.5671081036911012,140.1009996161645,320.90153122377006
27878938,-2.347543,-1.131399,2.023418103691101,118.84974854531268,269.6692795892698
27878938,-2.347543,-1.131399,2.023418103691101,118.84974854531268,269.6692795892698
27878940,-3.683427,-3.371912,0.2640781036911011,191.1526717162409,271.0913427850357
27878953,-3.400465,-3.569727,1.128477103691101,161.81919277519663,280.8994002442436
27878966,-2.554431,-2.382761,1.7134101036911011,137.8724213012846,290.4195778092072
27871344,-3.322831,-8.041831,2.511040103691101,115.64933985635072,328.8956453573086
27871345,-3.375501,-8.517911,2.1155661036911013,125.93490812855276,330.3644535877387
27878994,-3.047785,-5.435922,4.604466103691101,31.33276738317696,315.8697839376338
27878994,-3.047785,-5.435922,4.604466103691101,31.33276738317696,315.8697839376338
27878995,-2.010585,-2.41123,1.464121103691101,146.07608390305452,316.37228229712343
27878998,-3.016608,-5.250238,-0.010095896308898844,187.08897215143705,313.0045332068023
27871369,-0.848266,-2.015038,0.46975410369110104,199.13524306469975,378.7625054195345
27879003,-1.828523,-2.226008,0.7199271036911011,183.1608409982926,321.9299363527465
27848319,-8.592758,2.954764,-0.03168689630889898,251.1242927157441,1.8450735948056265
27871386,-1.387895,-5.667652,0.741610103691101,160.31658227510127,372.139875256436
27879017,-1.353913,-1.759885,0.156210103691101,217.87223140402205,340.46278504938863
27871397,-0.637831,-3.476169,0.041344103691101086,201.41831961530792,396.3312743096909
27861145,-7.486681,2.520281,0.1680201036911011,246.34786581122,20.263327320127587
27861146,-6.102009,2.385711,0.2703371036911011,252.91538494662467,27.8871586553729
27804849,-8.108569,2.698745,0.049642103691101,248.3052743694901,12.995388019374474
27876159,-4.72313,2.028542,1.3480351036911011,201.0219218606057,28.99546422694721
27876162,-4.741807,1.895545,1.852279103691101,165.78835954563505,24.485138887126
27876164,-4.794133,1.974893,1.0616111036911011,217.1132379719676,41.82754448047038
27876166,-3.965986,1.732758,2.053681103691101,142.29004616384373,36.35469497921909
27876168,-3.453649,1.766819,1.927038103691101,147.48447614207697,41.31787105152213
27855616,-8.068501,-0.881572,3.890636103691101,97.5900289175628,105.76909382587286
27855621,-5.622547,-0.012477,3.6574411036911014,69.94158810957242,102.320727361419
27861165,-6.605659,2.231072,0.14026910369110102,249.9434286817084,38.59898933228402
27876179,-3.579167,1.51035,1.949745103691101,145.33924287514662,67.29658659552169
27871422,-0.554079,-4.617346,0.982429103691101,151.91572506566484,409.8259767013509
27876180,-4.122847,1.458526,1.783727103691101,163.10057790595155,69.5717258429687
27879051,-0.753586,-4.07076,0.20815310369110107,188.23318800848855,392.5665196531959
27871425,-0.424386,-6.267659,0.5675721036911011,160.8139618072987,414.02060461701865
27876183,-6.205651,1.236203,0.8312871036911011,210.359517268647,80.52330345591864
27876193,-4.374202,1.057758,0.979684103691101,207.5752718501033,112.04326205749956
27855657,-11.828817,-2.484391,6.153388103691101,71.26638300603204,100.1271912841772
27879064,-0.442926,-3.947068,0.13749510369110118,192.4320008890903,409.482980752606
27879067,-0.405832,-4.646856,-0.12243989630889884,196.0479792072677,410.0655467481715
27823895,-7.345266,0.739082,5.197606103691101,12.403129881257456,17.082039446863007
27858202,-10.949225,3.177327,-0.5196258963088989,251.2646073797452,3.246317427574496
27876214,-3.850985,0.69361,1.757176103691101,157.15385159260094,130.45337923863815
27876218,-2.665483,1.294984,0.08319910369110106,289.2294839320799,161.8108321524952
27876218,-2.665483,1.294984,0.08319910369110106,289.2294839320799,161.8108321524952
27876223,-4.41766,0.204883,0.4666281036911011,218.6832549969245,159.95404267268398
27876224,-2.613831,1.089937,0.06562110369110119,282.9216305772137,177.63674467838757
27858214,-7.668067,2.582424,-0.08824789630889884,254.64430293777076,21.78428562343225
27873542,-5.220207,2.286003,0.31429510369110103,259.52059900229256,36.38046905229655
27873544,-6.914176,2.222986,1.058729103691101,211.1812026257903,19.04491070951312
27873545,-7.048898,2.211893,0.9366711036911011,215.5184856959181,22.23091849307943
27876240,-3.743447,-0.135267,2.1176021036911012,130.5216617048332,172.2132561672882
27873549,-6.899753,2.193525,0.8155191036911011,220.81239306932665,26.060087841266864
27876242,-4.83498,-0.597668,0.11836910369110099,219.4924876497032,181.76708577463395
27876242,-4.83498,-0.597668,0.11836910369110099,219.4924876497032,181.76708577463395
27873552,-4.738314,2.009021,1.168409103691101,211.7584694886382,36.18176713971005
27873555,-4.720219,1.904055,1.3546661036911012,198.53259532560597,39.47303781623086
27873557,-4.613912,1.862711,1.6296971036911012,180.1715191532601,35.09481782197085
27873558,-4.779583,1.893713,1.261708103691101,203.86852660984565,42.702420364991184
27873559,-5.051744,1.848642,1.048270103691101,214.0354862962257,50.1430577919304
27873568,-3.760017,1.536378,2.040204103691101,139.86956743721507,59.016249816625134
27873569,-5.07717,1.519599,0.12690810369110106,251.71950723265337,90.71092436452378
27861257,-6.179132,1.541434,0.6711731036911011,220.8911738050164,68.23916142449411
27873582,-4.251034,1.239521,0.8390711036911012,218.89741355986337,106.14476867057505
27873585,-5.729108,0.892255,0.0645021036911011,237.04844340407303,113.0344323254378
27873596,-7.313824,-0.185187,2.725552103691101,132.397411357753,102.42550803118836
27873608,-3.373523,0.888001,1.9611321036911011,138.96760899500828,125.85138166237525
27861297,-7.448008,2.675048,0.19140910369110098,248.47128323677396,11.171613484924109
27876294,-2.954729,-0.137073,2.031446103691101,126.29071160277684,201.88782935105368
27876294,-2.954729,-0.137073,2.031446103691101,126.29071160277684,201.88782935105368
27876306,-2.372469,0.315462,-0.0005328963088988559,264.0314035814581,229.24430430902888
27876306,-2.372469,0.315462,-0.0005328963088988559,264.0314035814581,229.24430430902888
27876323,-2.412541,0.128168,0.005899103691101137,257.41438646245854,234.80773407241352
27876323,-2.412541,0.128168,0.005899103691101137,257.41438646245854,234.80773407241352
27873703,-2.361986,0.254846,-0.01755289630889889,263.2707733241592,232.41385674847845
27873703,-2.361986,0.254846,-0.01755289630889889,263.2707733241592,232.41385674847845
27873709,-2.481102,0.106886,-0.04311589630889889,258.3956999615179,232.78129596574053
27873709,-2.481102,0.106886,-0.04311589630889889,258.3956999615179,232.78129596574053
27873721,-2.320597,0.121975,-0.019337896308898816,260.0366569557773,239.7268592565544
27861354,-3.287092,1.937315,-0.030380896308898953,307.62370589639977,95.60082937923708
27876339,-3.69475,-1.36363,0.5200621036911011,199.3923472303061,229.9119098998893
27873731,-3.335055,-0.558068,1.590633103691101,156.17041488931994,209.40293642712703
27876340,-4.266645,-2.020255,0.03353810369110111,208.7587178204201,231.74614218990476
27876340,-4.266645,-2.020255,0.03353810369110111,208.7587178204201,231.74614218990476
27826638,-7.092619,1.471115,0.23934510369110118,230.90151005685084,71.68728006309405
27873740,-4.357832,-1.867746,0.02422510369110098,210.31227422771093,226.2218775375221
27873740,-4.357832,-1.867746,0.02422510369110098,210.31227422771093,226.2218775375221
27876348,-4.140832,-2.181556,0.030377103691101137,207.6160667602619,238.32289407766083
27876348,-4.140832,-2.181556,0.030377103691101137,207.6160667602619,238.32289407766083
27876349,-2.975668,-0.909241,1.6455391036911011,149.00438243280576,235.22048882817185
27873751,-5.584524,-3.140295,0.886474103691101,175.45713235956342,220.89808810355484
27873752,-5.572907,-3.137971,0.7595261036911011,178.9079671173684,221.59124388028127
27873754,-2.794337,-0.372836,1.967831103691101,128.49902403509628,220.3580670694337
27873754,-2.794337,-0.372836,1.967831103691101,128.49902403509628,220.3580670694337
27873755,-5.541919,-3.194127,0.3210191036911011,190.2025320996499,224.8758880644005
27873758,-6.63417,-0.037822,0.562415103691101,205.34031053066911,129.28889771645328
27873765,-6.638985,-0.212949,1.063895103691101,187.7989282376848,129.8310336575958
27873771,-6.824754,-0.377844,1.5028141036911011,172.47342638013714,128.29956195926866
27772779,-0.900344,1.517167,-0.011998896308898832,428.4053965297288,285.21180535739614
27858371,-8.275146,1.378725,0.7327671036911011,209.50355668262603,61.16182166168901
27873819,-3.722793,0.111029,1.727400103691101,154.53474130672737,166.32661118241407
27861462,-4.993725,1.42979,0.45035010369110107,236.32189462312712,90.7738561444215
27826683,-7.804873,1.427354,1.021841103691101,201.63013535642492,57.40318133732907
27873828,-3.256071,0.323842,1.980299103691101,134.49008841684713,166.45912665867735
27873833,-1.752618,1.266054,-0.031015896308898894,329.8358188248198,214.8816587145357
27855869,-8.005516,-2.646123,4.842282103691101,72.12629272206516,148.5628000176594
27861521,-6.114669,0.971408,-0.02920989630889892,238.9259955853891,106.02667774786184
27873875,-2.337439,0.146782,-0.020511896308898825,260.56592194991345,237.94387241736277
27873875,-2.337439,0.146782,-0.020511896308898825,260.56592194991345,237.94387241736277
27873877,-2.408003,0.043321,-0.009707896308899011,255.9358996475009,238.36866870970408
27873877,-2.408003,0.043321,-0.009707896308899011,255.9358996475009,238.36866870970408
27876425,-5.515525,-3.162785,0.8435241036911011,176.4464998854224,222.8272914106877
27876432,-3.454512,-1.2011,0.5345021036911011,200.9816572113737,233.1053652318334
27876433,-1.657637,0.989831,-0.01667189630889898,314.5789021828911,239.29555677678428
27876433,-1.657637,0.989831,-0.01667189630889898,314.5789021828911,239.29555677678428
27855921,-4.329453,-1.737596,0.037932103691101116,211.25246173733055,223.9665075229649
27855921,-4.329453,-1.737596,0.037932103691101116,211.25246173733055,223.9665075229649
27876436,-3.108071,-1.078223,1.752033103691101,143.49720225274922,234.69643918607653
27861551,-4.70774,1.008429,0.5576311036911011,225.82370536200403,116.120289431934
27855928,-3.744395,-1.208014,0.4484051036911011,203.75622128674837,224.7368086243647
27855928,-3.744395,-1.208014,0.4484051036911011,203.75622128674837,224.7368086243647
27861570,-3.574415,1.257062,1.9618471036911012,142.92931214418712,90.84146495471624
27876455,-5.144846,-5.559806,0.6820811036911011,170.24142607831482,265.4528231362156
27861576,-5.556357,0.743012,0.4142061036911011,222.8365701669841,117.0522215887988
27876460,-3.293165,-2.757844,1.111928103691101,165.8217271345002,270.817157168612
27873922,-4.187573,-3.671937,0.5426341036911011,181.08563767059573,261.8288448261427
27873924,-4.14663,-3.58353,0.888906103691101,171.21205235733376,260.6838477128194
27873925,-4.193342,-3.711427,0.6243331036911011,178.50315643267015,262.10437886240186
27873925,-4.193342,-3.711427,0.6243331036911011,178.50315643267015,262.10437886240186
27861584,-3.101236,1.165799,-0.131039896308899,285.6663789134536,158.0744211249921
27861584,-3.101236,1.165799,-0.131039896308899,285.6663789134536,158.0744211249921
27876464,-2.823293,-2.087443,1.856697103691101,133.5639712507196,272.6752357936151
27876464,-2.823293,-2.087443,1.856697103691101,133.5639712507196,272.6752357936151
27876465,-3.27617,-2.912996,0.960075103691101,170.5793434570882,274.4547132922992
27876465,-3.27617,-2.912996,0.960075103691101,170.5793434570882,274.4547132922992
27861589,-6.988883,0.392845,0.7385941036911011,202.95299582228108,108.46462781464858
27858478,-5.08296,0.915674,0.5198201036911011,223.6619929233388,115.0182494923745
27873933,-4.537676,-4.248953,1.517403103691101,151.19396216009653,259.7967717306228
27873933,-4.537676,-4.248953,1.517403103691101,151.19396216009653,259.7967717306228
27855956,-3.268662,-0.489978,1.7541421036911011,146.74876910194922,207.69819803107663
27855956,-3.268662,-0.489978,1.7541421036911011,146.74876910194922,207.69819803107663
27855958,-4.058092,-1.61419,0.3333581036911011,203.14064234171343,226.6897982441565
27876473,-3.884384,-4.531861,1.534051103691101,147.546579634406,280.2197229182229
27861600,-4.088045,1.005114,1.7706471036911011,160.03752563684932,104.7001169092952
27873945,-2.815853,-2.03991,1.595725103691101,146.28388162926353,272.6202252159162
27873945,-2.815853,-2.03991,1.595725103691101,146.28388162926353,272.6202252159162
27873947,-3.799207,-3.801476,1.301005103691101,156.5265933194467,272.4965436101173
27873947,-3.799207,-3.801476,1.301005103691101,156.5265933194467,272.4965436101173
27814757,-1.542319,1.796386,-0.022147896308899018,395.2084980168932,184.37946285313944
27814757,-1.542319,1.796386,-0.022147896308899018,395.2084980168932,184.37946285313944
27873964,-0.721179,0.98051,-0.054796896308898946,374.8409638889799,341.7207982484566
27861620,-4.47168,0.914526,2.152164103691101,138.0417361208995,95.34217613977049
27855990,-4.332611,-1.007845,4.093474103691101,26.0069313890163,169.48257394474186
27873967,-2.250916,-1.523874,2.034477103691101,117.36822787182432,285.6122512027411
27873967,-2.250916,-1.523874,2.034477103691101,117.36822787182432,285.6122512027411
27869527,-6.967338,2.111437,0.3135871036911011,238.4318136571234,40.45183988144004
27876502,-3.054276,-4.442252,0.28510410369110106,183.5261641682104,303.5355997404561
27861641,-6.617207,0.936894,4.813035103691101,10.99981469017652,13.299250883747646
27876507,-1.732596,-1.326944,0.03651210369110114,229.1795495732655,311.08308954434096
27873990,-3.607437,-5.632829,3.3468861036911015,88.21373084514619,300.116025388371
27869547,-4.391057,1.577842,1.685467103691101,172.44924368584557,59.36132055186934
27869550,-1.499748,1.699978,-0.018291896308898936,386.8862907931878,198.0091080348272
27869550,-1.499748,1.699978,-0.018291896308898936,386.8862907931878,198.0091080348272
27876522,-1.802643,-2.17131,0.834425103691101,178.09216919440416,322.58442100730366
27861662,-6.536472,0.814574,4.783799103691101,12.857071175705984,22.64261843746101
27835163,-8.332831,2.721358,4.3103691101054054e-05,248.52576379892767,12.837708929353312
27856030,-4.434177,-2.350432,0.3688551036911011,195.03661114325377,232.977020071778
27856030,-4.434177,-2.350432,0.3688551036911011,195.03661114325377,232.977020071778
27858532,-3.967829,1.035711,1.739633103691101,161.60841341920576,105.72426741646429
27838337,-8.058421,2.636398,0.047337103691101,247.78961583517588,16.239652563946464
27876547,-1.227586,-2.265479,0.011401103691101033,217.2290835743168,353.5328729570465
27856050,-5.220368,-3.331064,0.12210610369110109,194.65212788682143,234.2719328935623
27856050,-5.220368,-3.331064,0.12210610369110109,194.65212788682143,234.2719328935623
27856056,-4.523623,-1.726209,2.920598103691101,100.53402233660354,201.21946492069995
27856058,-4.177507,-2.392552,0.23720710369110098,199.11531742256156,240.7910275056637
27858545,-5.689158,1.172733,4.295851103691101,11.115679225229144,9.016968957874724
27879493,-8.426462,2.652095,0.26422310369110114,238.3820657986953,11.47747593455412
27876559,-1.019564,-2.661356,0.028449103691100985,211.4412143135181,369.4091302210102
27879498,-6.312511,2.154237,1.569785103691101,188.28625850351017,11.332334352986123
27879499,-6.554386,2.223645,1.331823103691101,200.22077467542695,12.699062367942132
27876566,-1.385964,-6.734585,0.7236181036911011,157.18961528384403,376.5581010255986
27876570,-0.839977,-3.10851,0.02010510369110108,206.3648574692356,382.7649868303725
27879501,-3.71489,2.027206,1.940000103691101,151.52501036708475,6.801917197984466
27876578,-0.648633,-2.175945,1.0574621036911012,161.56446137192194,400.4242935131406
27876580,-0.606441,-2.368902,0.702793103691101,181.2928216450141,400.878315407956
27879509,-5.789837,2.136213,1.2371731036911011,205.64480848196564,21.429121966712216
27858567,-3.17182,0.844378,-0.252131896308899,279.4466265792159,174.98247522728806
27858567,-3.17182,0.844378,-0.252131896308899,279.4466265792159,174.98247522728806
27879512,-3.817743,1.927781,1.950837103691101,150.8913991835921,18.996447603086523
27869598,-6.510613,0.033551,0.2838111036911011,215.07396297538392,131.4323290630153
27879518,-6.895359,2.10832,0.42820710369110104,234.6266601035772,38.67905388837369
27879522,-6.895096,1.597381,2.025141103691101,163.5518679922018,35.24861537618955
27874062,-0.929106,-10.721875,1.5651061036911011,127.4874558228051,402.6607957698628
27879528,-4.696792,1.877491,1.4047241036911011,195.0260447135193,40.32677874791736
27861746,-4.67663,-0.028456,-0.06510689630889899,234.68053509196065,168.49923207919704
27861746,-4.67663,-0.028456,-0.06510689630889899,234.68053509196065,168.49923207919704
27879531,-3.677931,1.787183,1.949314103691101,148.34500401738353,36.270137124673454
27879537,-6.802758,1.58727,1.507141103691101,185.6824532756864,46.40607655788034
27879543,-4.822647,1.855678,1.0643421036911012,214.50892630865167,50.859903927805306
27861761,-3.789709,0.441952,1.753579103691101,155.34196354196095,146.81265509159022
27851822,-6.834677,2.288177,0.09265510369110119,250.6528367451428,35.62487552933919
27856137,-4.562936,-2.094799,4.643679103691101,17.74370774943941,198.22751585251592
27856139,-4.137751,-3.234853,-0.10108189630889886,202.49462491770825,257.77236646382585
27856139,-4.137751,-3.234853,-0.10108189630889886,202.49462491770825,257.77236646382585
27879555,-4.759221,1.761502,0.9705921036911012,218.3669224906309,60.829642036409496
27856157,-5.804139,-3.452958,5.734800103691101,12.707191676172243,198.77930703630025
27856171,-4.140828,-3.377986,0.33659210369110104,188.8465592003521,258.8949165526368
27856171,-4.140828,-3.377986,0.33659210369110104,188.8465592003521,258.8949165526368
27856174,-3.225514,-1.644279,1.675540103691101,146.43255682942475,246.970473283798
27856174,-3.225514,-1.644279,1.675540103691101,146.43255682942475,246.970473283798
27861799,-2.822708,0.471595,-0.13893389630889885,268.4881284495525,203.92497925264968
27861799,-2.822708,0.471595,-0.13893389630889885,268.4881284495525,203.92497925264968
27861803,-7.409998,-0.942366,3.331481103691101,111.52948916134716,120.68954486702457
27879593,-8.380572,-0.277961,3.350613103691101,117.8463986694948,88.66266740015715
27856190,-2.535776,-0.85359,1.962661103691101,125.29821673394484,251.2872013862752
27856190,-2.535776,-0.85359,1.962661103691101,125.29821673394484,251.2872013862752
27879600,-8.442917,0.256115,0.5180141036911011,205.7329912286825,101.39362026657986
27856199,-2.633127,-1.032892,1.982154103691101,125.31309125863396,252.3773248798028
27856199,-2.633127,-1.032892,1.982154103691101,125.31309125863396,252.3773248798028
27879602,-4.449104,1.216484,0.9684061036911011,210.44105177588185,101.42724172303254
27879613,-4.286432,1.038823,1.032421103691101,204.75862822306067,113.8408400270802
27879614,-4.573286,0.968321,0.9357881036911011,207.72394157059992,114.20539641604292
27879617,-6.310338,0.35916,0.8328491036911011,200.61156131286089,116.65039609019198
27879618,-4.895123,0.99731,0.071475103691101,245.2665376948139,121.0586464324
27856205,-2.83821,-1.413662,1.806396103691101,137.38980374232872,255.41487599589897
27879622,-5.242145,0.715644,0.17334310369110106,233.53310079472945,126.3576307415494
27879623,-3.952371,0.728808,1.7376931036911012,159.30312211212822,126.1924370806906
27861848,-7.690278,-1.497952,3.3082771036911014,115.2653451544702,134.34989780946165
27879635,-5.194236,0.394647,0.14308810369110114,230.0769399728433,140.52926096269374
27861871,-6.129847,-0.44238,4.933994103691101,15.072204238437196,95.92752964463152
27861878,-3.109846,0.347712,1.9604811036911012,134.12551685667995,170.76996486087097
27879648,-5.262429,-0.379505,-0.06081589630889894,226.3480193096817,167.92699579176227
27879661,-2.234897,1.057261,1.2050511036911011,200.77628065416943,176.27857358754468
27879665,-2.945864,0.262245,1.9714131036911011,130.89910993334132,182.10243765551263
27879665,-2.945864,0.262245,1.9714131036911011,130.89910993334132,182.10243765551263
27879670,-3.426676,-0.023791,1.719600103691101,152.2010094913212,182.344115100942
27879679,-4.765501,-0.732773,0.13222310369110102,217.6706210162965,187.18060725683932
27869730,-5.184536,0.936265,0.07016110369110118,241.66575409384032,119.10208726659413
27879694,-2.98018,-0.01252,2.023507103691101,127.25191402476172,194.7616911090582
27864325,-9.764,2.430391,-0.32641389630889894,244.47987021850204,29.854881531599887
27879739,-3.875788,-1.279366,0.01709410369110098,218.65725288686536,225.19832712140095
27879739,-3.875788,-1.279366,0.01709410369110098,218.65725288686536,225.19832712140095
27858753,-3.761579,0.209344,1.7552531036911012,153.68627096274872,159.909506223175
27869783,-6.61861,-0.190287,3.3142561036911014,102.730093205147,102.74281037507735
27869787,-6.406778,-0.165406,3.4709401036911007,92.99582968889578,102.036407340024
27835254,-5.976258,1.818232,0.103756103691101,249.5182599539073,65.60598759134692
27879761,-3.122057,-1.243928,1.630029103691101,149.4611459267101,239.95801652325048
27879761,-3.122057,-1.243928,1.630029103691101,149.4611459267101,239.95801652325048
27856290,-2.77606,-3.41364,0.078730103691101,197.34807307073143,299.72421727303936
27879787,-2.317592,-1.035505,2.012066103691101,119.0363526050142,268.39993064828224
27879787,-2.317592,-1.035505,2.012066103691101,119.0363526050142,268.39993064828224
27864403,-7.84709,1.577964,2.158059103691101,161.33783199245312,31.290252809215502
27879795,-4.001017,-3.805845,1.2789651036911012,157.8806008741771,267.10435955470723
27879795,-4.001017,-3.805845,1.2789651036911012,157.8806008741771,267.10435955470723
27879797,-2.268677,-1.153924,2.012554103691101,118.4561936745174,274.6518899273046
27879797,-2.268677,-1.153924,2.012554103691101,118.4561936745174,274.6518899273046
27864406,-5.736018,1.158645,4.334848103691101,10.151654941112042,9.05435474059354
27864409,-3.261096,1.736585,-0.06963889630889897,301.32718677104896,113.5815615246548
27879801,-2.687963,-1.877686,1.8339241036911011,133.78376201880377,273.6556575198716
27879804,-2.701774,-1.912912,1.7862681036911012,136.31416183588914,274.00708356520994
27879804,-2.701774,-1.912912,1.7862681036911012,136.31416183588914,274.00708356520994
27879805,-3.381903,-2.730348,0.7579831036911011,179.16140482479483,268.2861634634612
27856311,-2.78314,-3.807,-0.06297589630889888,198.62338007300104,304.5606040098287
27879807,-3.148576,-2.423542,0.9996501036911011,171.67058962775673,269.6594241912477
27879809,-3.137964,-2.500544,1.136843103691101,165.75060303033223,271.1824664159091
27879809,-3.137964,-2.500544,1.136843103691101,165.75060303033223,271.1824664159091
27871897,-5.92243,2.240191,1.643519103691101,185.319662610768,2.3167846139989763
27879810,-3.002513,-2.160772,0.9123671036911011,176.66731877221213,269.8236288924265
27879810,-3.002513,-2.160772,0.9123671036911011,176.66731877221213,269.8236288924265
27879812,-4.165577,-4.145136,0.026780103691101065,192.56616775913795,270.18414170028325
27879814,-3.603417,-4.51857,2.763776103691101,105.0421830167647,286.4960060169739
27858801,-2.645614,0.151281,-0.12429789630889898,261.34939536836805,224.38709863260408
27858801,-2.645614,0.151281,-0.12429789630889898,261.34939536836805,224.38709863260408
27879818,-3.088221,-2.448775,0.8987611036911011,175.35694452396638,272.4826262049037
27879824,-5.960507,-1.003616,-0.08345589630889894,217.40900250526127,173.01922686078797
27879828,-6.372765,-1.428393,0.028700103691100987,209.3905191356711,175.9031530851256
27879828,-6.372765,-1.428393,0.028700103691100987,209.3905191356711,175.9031530851256
27879829,-5.909177,-1.065897,-0.08087189630889902,216.8880682202192,175.47040100338518
27856328,-3.909014,-4.721911,1.192874103691101,157.2630434631377,282.4662377665881
27862037,-3.415565,-0.464318,1.758329103691101,147.75295560555696,201.337269710096
27862037,-3.415565,-0.464318,1.758329103691101,147.75295560555696,201.337269710096
27871906,-4.551589,2.027679,1.833875103691101,167.42531979931562,12.581959364904066
27862042,-6.001636,-1.97721,3.2890121036911006,102.32378452514924,173.26532434430118
27862042,-6.001636,-1.97721,3.2890121036911006,102.32378452514924,173.26532434430118
27856345,-3.194488,-4.515433,0.22724310369110112,184.83392327056225,300.25979265918374
27864448,-6.745192,1.506832,0.24737510369110116,233.1279582273348,72.56803458150091
27856353,-2.430726,-2.749808,0.7528041036911011,178.03964614102753,302.652656054103
27879843,-5.548881,-1.085505,-0.016078896308898916,215.910448309826,181.976838056039
27871912,-4.645236,1.9968,1.646771103691101,180.7985391086252,22.219105936123785
27879850,-2.875291,0.390491,1.301704103691101,180.36455023166303,187.83940310568917
27879854,-4.385343,-0.342046,0.06681110369110099,226.8856553294168,184.50961188561092
27871916,-4.54794,1.945771,1.641243103691101,180.33337162465008,27.4154940883885
27871917,-4.595851,1.965206,1.4215391036911011,195.5097552985337,32.722830888473595
27864459,-5.956917,1.45108,-0.015302896308899028,247.4756864271164,86.44185152473563
27871918,-4.627442,1.95554,1.333593103691101,200.97039868266967,36.21461705808949
27862071,-3.853572,-1.342257,0.016073103691101043,218.0093192920072,227.40213901244456
27862071,-3.853572,-1.342257,0.016073103691101043,218.0093192920072,227.40213901244456
27871920,-4.612819,1.949389,1.196274103691101,209.55645378762773,41.02779335009984
27869871,-5.623049,-3.186726,0.29857410369110104,190.80673466449204,223.2777953421964
27869871,-5.623049,-3.186726,0.29857410369110104,190.80673466449204,223.2777953421964
27851986,-8.793625,1.132841,-0.22616589630889883,232.21713876737607,78.9594313235549
27869872,-5.671632,-3.221811,0.5618661036911011,183.79221873033896,221.9574961756489
27869873,-5.59276,-3.269733,0.14910310369110102,194.12630304946143,225.8260377185716
27869873,-5.59276,-3.269733,0.14910310369110102,194.12630304946143,225.8260377185716
27862085,-4.102723,-1.554963,0.4018851036911011,201.20911765544705,223.6999986365118
27862086,-4.567738,-2.012819,0.020715103691101078,208.5162387374296,224.2888954803955
27871923,-5.027079,1.96902,0.621579103691101,238.95493611127537,52.48544375053211
27871924,-4.751703,1.91477,0.9306561036911011,223.69851696140665,50.48645130248968
27869875,-5.61435,-3.163565,1.1695661036911011,167.58044829324768,219.58590909744
27862098,-3.889643,-1.537429,-0.013454896308898956,216.5777907408138,231.238868496146
27862098,-3.889643,-1.537429,-0.013454896308898956,216.5777907408138,231.238868496146
27876927,-3.793445,2.576689,-0.17611889630889888,331.7324636612219,32.84888241704235
27869877,-5.573647,-3.233098,1.239465103691101,165.2713552285187,221.372449496794
27876931,-3.71741,2.521176,-0.14376289630889882,329.71156187237045,37.84762709136172
27879874,-2.801974,0.200638,1.989786103691101,127.26028262485237,191.568494312124
27876937,-4.909934,1.910173,1.4391991036911012,193.0974087659544,35.53340145360369
27869889,-4.009986,-2.293985,0.13609010369110108,203.46219990519245,243.6259219131432
27869889,-4.009986,-2.293985,0.13609010369110108,203.46219990519245,243.6259219131432
27879880,-2.923347,0.088629,1.681284103691101,151.3729055842837,196.4465851928164
27879880,-2.923347,0.088629,1.681284103691101,151.3729055842837,196.4465851928164
27876942,-4.910779,1.976424,0.836603103691101,228.91498441181864,47.20462362634663
27876943,-4.994802,1.982527,0.705353103691101,235.26243098678017,49.62382846524159
27869904,-2.98416,-1.384674,1.636700103691101,147.64168731261486,249.37735317607485
27879908,-4.521391,-1.738793,2.3318441036911013,126.5298981607631,205.81319064961323
27864508,-3.037162,1.421024,-0.02518789630889895,291.256687772127,141.96266550592955
27838417,-5.840666,1.884699,0.06913810369110118,253.56338142433628,63.68192507383225
27862143,-5.783388,-2.111617,5.260732103691101,15.490641329059711,164.77143531823305
27869920,-4.133834,-3.680926,0.9849841036911011,167.82133039030634,262.3252384595063
27879917,-3.103616,-0.086684,0.13377710369110107,237.55109135820703,213.03515941946665
27879917,-3.103616,-0.086684,0.13377710369110107,237.55109135820703,213.03515941946665
27876965,-3.564662,1.130878,1.9655101036911011,141.9449903378096,101.68254246339768
27876969,-5.787207,0.81196,0.03306010369110113,236.55187867648775,115.96990036552708
27879921,-5.514687,-3.154419,1.838266103691101,147.91138529954526,218.5550047801105
27879921,-5.514687,-3.154419,1.838266103691101,147.91138529954526,218.5550047801105
27879924,-3.357934,-0.432973,-0.20748489630889888,243.5160077861608,218.62578172305132
27879924,-3.357934,-0.432973,-0.20748489630889888,243.5160077861608,218.62578172305132
27869928,-5.358905,-4.199017,5.418170103691101,26.154842803806787,227.03214925644056
27869931,-3.483303,-3.471034,0.16173610369110114,193.659917732474,278.4186135438076
27876987,-5.249113,0.270277,0.1158711036911011,228.95961085208165,144.56051216001703
27876988,-2.710663,1.251978,0.050622103691100984,288.1628125984872,163.54344075225725
27876988,-2.710663,1.251978,0.050622103691100984,288.1628125984872,163.54344075225725
27869933,-3.418784,-3.363584,0.6091061036911011,180.2423855504368,277.9932904620002
27869934,-3.441783,-3.430089,0.5219591036911011,182.6648327567018,278.46169117146314
27864533,-3.038132,1.341301,-0.04814789630889882,289.29844425060696,147.73645143161835
27869940,-2.760459,-2.071285,1.5230951036911011,149.28286259649298,275.7459776093118
27869940,-2.760459,-2.071285,1.5230951036911011,149.28286259649298,275.7459776093118
27876995,-3.534609,0.33711,2.078615103691101,131.04813917915806,154.76389417076933
27879953,-3.828375,-3.538495,1.2936321036911012,157.76509605576905,267.5761865920099
27879953,-3.828375,-3.538495,1.2936321036911012,157.76509605576905,267.5761865920099
27879957,-3.627979,-3.333564,0.921368103691101,170.4297921189996,270.7677366213683
27862187,-4.710621,-2.748887,0.2761521036911011,194.6734471263302,234.51309178253436
27869950,-3.489821,-3.888573,0.3149611036911011,186.17972944335835,283.9237186626076
27864550,-5.333944,0.341336,4.3034231036911015,16.74878953578383,73.21739874823797
27879967,-2.904861,-2.387381,1.376859103691101,155.42639890519837,276.9009601401985
27879967,-2.904861,-2.387381,1.376859103691101,155.42639890519837,276.9009601401985
27858958,-3.755654,-1.076344,0.09441810369110115,218.90392595215263,222.9476938618414
27858958,-3.755654,-1.076344,0.09441810369110115,218.90392595215263,222.9476938618414
27869952,-2.265023,-1.25707,2.021871103691101,117.94485682430982,277.7825832550242
27869952,-2.265023,-1.25707,2.021871103691101,117.94485682430982,277.7825832550242
27877002,-5.568692,-1.175864,2.9712301036911013,108.61743522590608,159.78222393652857
27879979,-3.769439,-4.592298,2.028536103691101,131.37442002722707,283.5458034197536
27879979,-3.769439,-4.592298,2.028536103691101,131.37442002722707,283.5458034197536
27869958,-4.130627,-5.268056,0.7245581036911011,168.69302545166147,284.02505401435565
27862199,-5.502599,-3.690559,0.029294103691101192,194.60365063938988,234.7620064599521
27862199,-5.502599,-3.690559,0.029294103691101192,194.60365063938988,234.7620064599521
27869960,-4.053111,-5.136556,0.8759561036911011,165.0526822612344,284.2239867021724
27879984,-4.022913,-5.273601,2.230565103691101,126.37956510194466,285.2501294484018
27864563,-5.858541,0.025177,4.811173103691101,5.830271110478833,76.27058187063287
27879997,-3.034909,-3.687926,1.148836103691101,159.46761929167974,294.2440385486619
27877026,-4.786788,-0.60156,0.060893103691101125,221.64645207279776,183.39892466264004
27877026,-4.786788,-0.60156,0.060893103691101125,221.64645207279776,183.39892466264004
27852045,-8.225057,1.38871,3.4659561036911013,109.67475275635306,16.00623595988307
27880011,-2.624438,-3.100108,0.8863951036911011,170.81407228720914,300.3699736277125
27871982,-1.130842,1.450101,-0.02030389630889884,391.3524698879849,258.4628784131255
27880012,-2.520909,-2.829901,0.8355031036911011,174.29434992707397,300.26414376056323
27864576,-5.34922,0.10006,4.469188103691101,10.698790785635223,84.75705987439679
27880018,-2.279501,-2.628513,0.3496471036911011,195.2355711627385,307.04877168800067
27858983,-3.278799,-0.372115,1.7474971036911011,147.7106343900614,202.62971683535804
27858983,-3.278799,-0.372115,1.7474971036911011,147.7106343900614,202.62971683535804
27869981,-3.652876,-4.631892,2.768038103691101,105.59320679699547,286.59064040695256
27869981,-3.652876,-4.631892,2.768038103691101,105.59320679699547,286.59064040695256
27874444,-8.212206,2.640497,0.18533910369110118,242.2030622334617,13.454571095755512
27852059,-7.261793,0.766305,0.05095710369110118,227.29631597801,100.39038943337044
27864586,-2.974561,1.101729,-0.07460589630889891,283.05988672815823,165.23016186587915
27864586,-2.974561,1.101729,-0.07460589630889891,283.05988672815823,165.23016186587915
27848521,-7.708977,1.438091,1.200963103691101,195.7103127549922,54.65089276419732
27852060,-4.133284,1.375286,1.7900071036911012,161.98111160849075,76.0692438054019
27880032,-1.844864,-2.282074,0.37980410369110107,198.22898772255783,321.5270224072001
27862224,-2.390264,-0.250521,1.917198103691101,126.51532031276304,235.8010603349469
27862224,-2.390264,-0.250521,1.917198103691101,126.51532031276304,235.8010603349469
27874451,-5.359849,2.227032,0.28407310369110106,257.569380771378,40.75334677082981
27874452,-4.658192,2.019604,1.5673731036911012,186.56106374936672,22.765861938659494
27869990,-2.254782,-2.143881,2.0068581036911013,119.8696511638,299.35967039676035
27852067,-7.453127,0.64385,-0.001659896308898956,226.63487037476213,103.37618632136557
27862235,-1.953246,-0.407131,0.07646610369110118,245.3858490479899,276.6740316387888
27859009,-3.292271,-0.492722,1.7550971036911012,146.86918475834062,206.92475152026068
27880060,-1.563564,-3.976495,4.020835103691101,3.9767065667597303,367.7516535005525
27874462,-4.551116,1.88335,1.738078103691101,172.78421126966674,29.954655010959414
27880071,-1.498062,-6.551396,0.6451011036911011,160.44984716579626,371.5485787133465
27864623,-5.652231,-0.47682,4.821695103691101,8.864563366876439,106.08123787551484
27880085,-0.744645,-3.771049,0.9700751036911011,157.07624716169636,397.27491453525874
27872014,-4.253802,0.054749,0.4423131036911011,218.3128339855865,170.03768323549488
27872014,-4.253802,0.054749,0.4423131036911011,218.3128339855865,170.03768323549488
27859027,-4.252524,-1.766405,0.13452610369110118,207.99770221407,226.09210420069857
27859027,-4.252524,-1.766405,0.13452610369110118,207.99770221407,226.09210420069857
27862253,-3.037395,-1.106893,1.7468951036911011,143.1229048882987,238.4305723280701
27862254,-4.000248,-2.597264,0.2440711036911012,197.4212896528969,249.34485973505755
27862255,-2.170074,-0.777257,-0.07149089630889893,241.8177200793725,275.9004184607998
27859032,-3.301931,-0.577806,1.7556591036911011,146.5759622916014,209.8663951118017
27859032,-3.301931,-0.577806,1.7556591036911011,146.5759622916014,209.8663951118017
27880100,0.465536,-20.476604,0.15051010369110118,142.93260977249503,428.9359262646079
27862263,-3.928698,-2.635508,0.11459610369110118,201.2799426697908,252.38016003507997
27862263,-3.928698,-2.635508,0.11459610369110118,201.2799426697908,252.38016003507997
27877098,-5.440877,-3.07908,1.193851103691101,166.88067626459048,221.35973499454863
27877098,-5.440877,-3.07908,1.193851103691101,166.88067626459048,221.35973499454863
27880104,0.571912,-17.402401,0.3487711036911011,142.24904869879202,434.3651057383103
27877107,-3.51356,-1.130486,0.5098241036911011,202.6749858583252,229.4199260955228
27877107,-3.51356,-1.130486,0.5098241036911011,202.6749858583252,229.4199260955228
27877113,-3.038114,-0.99534,1.7511731036911011,143.24197280249246,234.81399956476236
27877113,-3.038114,-0.99534,1.7511731036911011,143.24197280249246,234.81399956476236
27877125,-2.542376,-0.949206,1.967797103691101,125.05859033336532,254.1439652104893
27877125,-2.542376,-0.949206,1.967797103691101,125.05859033336532,254.1439652104893
27859061,-3.903379,-1.713315,0.15853310369110107,208.6076416927617,234.1100048869368
27859061,-3.903379,-1.713315,0.15853310369110107,208.6076416927617,234.1100048869368
27859065,-5.58635,-1.925862,5.109009103691101,15.70559034591946,163.9770661572546
27864653,-6.924284,-0.442467,3.1679751036911012,112.54337888081685,110.90223535764638
27862292,-3.833201,-2.827974,0.112412103691101,199.86672184542343,258.406545501254
27862292,-3.833201,-2.827974,0.112412103691101,199.86672184542343,258.406545501254
27864654,-7.267054,-0.32046,1.460852103691101,174.84314776273857,121.46995368798144
27859074,-2.306498,-0.583454,-0.10710589630889888,246.41532491404965,264.1551186269237
27859074,-2.306498,-0.583454,-0.10710589630889888,246.41532491404965,264.1551186269237
27862302,-4.351094,-3.527029,0.06320310369110116,195.52372088154368,256.73941031252446
27852091,-6.180246,0.694614,0.2602211036911011,224.7194676964193,112.51918710617258
27870038,-3.435331,-8.253892,1.9951501036911012,129.1413158255145,327.10622887173867
27862306,-3.833299,-1.73604,4.005974103691101,29.936112935692396,213.76263549006225
27862306,-3.833299,-1.73604,4.005974103691101,29.936112935692396,213.76263549006225
27877143,-2.182665,0.984302,1.247139103691101,195.09811589904027,184.21026799814004
27874508,-3.057292,0.885147,1.989616103691101,132.00838269406762,135.37595253322206
27877153,-2.993184,0.258576,2.013007103691101,128.35961637724452,179.71661472912922
27859103,-4.561854,-2.493089,0.34220910369110114,194.6792717302768,232.84534361667625
27859103,-4.561854,-2.493089,0.34220910369110114,194.6792717302768,232.84534361667625
27872070,-2.801366,0.180749,1.941994103691101,131.0209065457878,193.39631414959973
27872070,-2.801366,0.180749,1.941994103691101,131.0209065457878,193.39631414959973
27859118,-4.047966,-2.182633,0.29323810369110104,199.2598958789655,239.75388071829275
27859119,-2.249539,-0.734055,-0.11456889630889888,244.01277352458868,271.0341795735212
27859128,-1.92814,-0.397644,0.09082110369110108,245.15062168364105,277.7785469013976
27862343,-1.743384,-0.761777,0.09463810369110104,238.0888952529036,298.3140790864592
27864705,-5.023026,0.137491,0.08426910369110119,229.51049999112365,153.97679234645585
27838445,-5.995683,1.809505,0.097764103691101,249.40073261971384,66.03344264406925
27877201,-5.382755,-3.29067,3.3883081036911014,96.41825461631986,216.97389065241669
27877201,-5.382755,-3.29067,3.3883081036911014,96.41825461631986,216.97389065241669
27872086,-5.667662,-2.703475,4.1227221036911015,69.44720052052239,193.13982765870657
27872086,-5.667662,-2.703475,4.1227221036911015,69.44720052052239,193.13982765870657
27877221,-4.10609,-3.512478,0.9812721036911011,168.62485558846294,260.36902746582007
27862370,-3.608519,-2.039791,4.3625171036911015,6.443792403087571,229.11757828573957
27862370,-3.608519,-2.039791,4.3625171036911015,6.443792403087571,229.11757828573957
27877225,-4.615839,-4.731306,1.535348103691101,149.83969524530735,264.7950218654654
27877232,-3.474778,-3.282531,1.0568361036911011,165.74345122619937,274.2327163663068
27877232,-3.474778,-3.282531,1.0568361036911011,165.74345122619937,274.2327163663068
27835316,-5.945283,1.562483,0.08564110369110112,245.7666355116903,79.45983484230095
27852149,-6.080712,1.042756,4.523117103691101,11.084088133708065,13.141062230735656
27877250,-3.598358,-4.33586,1.574292103691101,145.47580014350393,285.4482917228137
27872113,-3.145441,1.031901,1.9323541036911012,138.8329728451398,121.99935190300248
27844618,-8.209136,2.678608,0.020471103691101167,248.1585393264849,14.590044043418942
27870127,-0.522448,-2.229247,0.9658901036911011,166.35756587909955,410.3053722025441
27877267,-2.940288,-3.810278,1.1052551036911011,160.1917148511105,299.10427423503097
27877268,-2.02136,-1.772007,1.960237103691101,119.21708135219852,304.1026358827862
27859204,-4.032334,-2.904548,0.20873410369110101,196.066547639717,254.13717742736569
27872131,-4.065502,0.103326,0.4946171036911011,217.67916426771856,172.33659053366034
27872131,-4.065502,0.103326,0.4946171036911011,217.67916426771856,172.33659053366034
27877278,-2.407511,-3.511571,0.09734710369110111,196.28192895242057,313.9457761317529
27864781,-5.093705,1.369338,0.4151121036911011,235.91682920837752,93.45443418819876
27877285,-2.543413,-4.983292,1.8208121036911011,130.5802945227819,326.51820568982896
27874607,-2.457149,0.18368,-0.004972896308898855,258.9115180812229,230.5986360986647
27874607,-2.457149,0.18368,-0.004972896308898855,258.9115180812229,230.5986360986647
27864795,-5.632033,1.266195,0.13185310369110104,241.38986726830424,96.59398150833194
27872135,-5.026386,-0.54504,-0.002070896308898895,223.43166806709053,177.12685495460656
27859220,-4.361607,-3.486042,0.08313610369110114,195.2464133096534,255.80464836843484
27874614,-1.715925,0.60932,-0.011633896308898883,291.22872342713885,254.71529008779183
27874614,-1.715925,0.60932,-0.011633896308898883,291.22872342713885,254.71529008779183
27874620,-2.389608,0.051934,0.004977103691101048,255.65804623999264,238.82272152748976
27874620,-2.389608,0.051934,0.004977103691101048,255.65804623999264,238.82272152748976
27874633,-4.907098,-2.307952,0.19002610369110107,200.29728091446643,221.91468000792588
27870159,-0.434913,-6.445234,1.137564103691101,140.44012341916775,417.0868662476046
27864820,-2.941032,1.507355,-0.026554896308898845,297.7547901505934,139.03369116412907
27859242,-4.457318,-3.799127,0.22889610369110103,189.20481465364148,257.9566359322283
27859242,-4.457318,-3.799127,0.22889610369110103,189.20481465364148,257.9566359322283
27859252,-1.769495,-0.848775,0.06605910369110113,237.34104882414545,298.8678521485733
27877327,-1.03634,-5.7663,0.841402103691101,155.37991128586793,387.5019072891339
27859255,-2.8031,-1.298516,1.8001201036911012,137.6593583012715,253.683501123072
27859255,-2.8031,-1.298516,1.8001201036911012,137.6593583012715,253.683501123072
27874641,-5.586707,-3.223072,0.677535103691101,180.69071144221687,223.1597016700198
27874642,-5.541592,-3.214077,0.26158710369110105,191.6191188418464,225.446974594702
27862448,-3.683634,-4.037297,1.301101103691101,155.3639850430869,279.21790574528
27862448,-3.683634,-4.037297,1.301101103691101,155.3639850430869,279.21790574528
27874643,-3.620209,-1.260854,0.48122110369110105,202.148696701924,229.7266110044197
27874643,-3.620209,-1.260854,0.48122110369110105,202.148696701924,229.7266110044197
27874645,-5.55068,-3.209774,1.0728331036911012,169.96874915295697,222.07130058361903
27874645,-5.55068,-3.209774,1.0728331036911012,169.96874915295697,222.07130058361903
27874650,-1.411147,0.515715,-0.032563896308899,297.73061542647264,282.1665049759417
27862461,-3.726576,-4.842904,0.09708210369110115,186.6368678406863,289.6635868306385
27864846,-4.08634,1.282986,1.777746103691101,161.76419496873393,84.39765776137244
27838486,-5.860022,1.559223,0.10297110369110118,245.7879380863005,80.1607266879125
27838487,-2.855378,1.291013,-0.029716896308898955,290.8586989993572,157.00257560895847
27838487,-2.855378,1.291013,-0.029716896308898955,290.8586989993572,157.00257560895847
27864854,-4.167966,1.224085,1.757631103691101,163.13011687957436,88.01644475228409
27862474,-2.776498,-3.449978,-0.005978896308898918,199.81037209420208,300.22713054885145
27864855,-5.604141,0.902041,0.3913911036911011,225.728944394632,109.7777176680542
27872170,-2.443545,0.145032,-0.005259896308899004,258.02665077199555,232.76457304114484
27872170,-2.443545,0.145032,-0.005259896308899004,258.02665077199555,232.76457304114484
27872174,-1.73733,0.66497,-0.02833489630889896,294.40963543557007,250.74032384534564
27872174,-1.73733,0.66497,-0.02833489630889896,294.40963543557007,250.74032384534564
27874663,-6.715864,-0.310196,0.9356721036911011,191.2143289626942,133.20529857137876
27874664,-6.729287,-0.314355,0.839977103691101,194.1908871088428,134.08307140484607
27862494,-3.328565,-4.143183,1.0952471036911011,160.45098279736678,291.2492536848232
27872186,-7.325438,-3.628559,5.030044103691101,63.7043689814162,179.76674179122543
27862505,-2.989269,-4.062759,0.3423891036911011,184.09004861254223,301.0342326640899
27864898,-3.496813,1.190624,1.959581103691101,141.84760304500264,98.3730971167856
27864899,-4.094018,1.037386,1.7463731036911012,161.91916207336578,102.92052855559932
27872190,-5.635879,-3.200233,0.8730521036911011,175.60340981892605,221.0378389423224
27872190,-5.635879,-3.200233,0.8730521036911011,175.60340981892605,221.0378389423224
27872191,-5.636754,-3.29653,0.2980981036911011,190.1744421283742,224.89968275437255
27872191,-5.636754,-3.29653,0.2980981036911011,190.1744421283742,224.89968275437255
27862516,-1.675752,-2.035739,-0.09953289630889883,223.42640789015644,325.76560074039094
27880464,-4.877844,2.668147,0.4516131036911011,269.1229381842846,0.5031054117762039
27874699,-3.017697,0.689752,2.631996103691101,70.99768905533597,136.5909676637583
27864924,-4.161033,0.935969,1.772499103691101,159.85247609466393,107.81967169922454
27880472,-7.314723,2.338448,1.4954561036911012,193.19235671818632,2.3550930468877027
27859338,-3.686486,-3.66212,1.306004103691101,156.4393871032542,273.53926989250897
27880475,-6.531158,2.244423,1.488466103691101,193.14649186340884,7.368286374104116
27859352,-2.926289,-3.459262,-0.05874389630889887,201.2073126925144,295.45568717846754
27880492,-6.676942,2.112526,0.582484103691101,230.1719874676176,36.09649751979862
27852306,-2.483371,0.336691,0.020451103691101036,261.63309313249226,222.8417287218028
27852306,-2.483371,0.336691,0.020451103691101036,261.63309313249226,222.8417287218028
27880498,-4.886899,1.76809,1.817156103691101,167.6585827954171,36.16032787529633
27880499,-4.545463,1.917773,1.3618001036911012,198.7328548350664,39.0483940172837
27848593,-6.859319,0.755099,0.14694810369110112,226.0308487818161,103.73768279348276
27864941,-3.011619,1.065318,-0.09766889630889897,282.1801820483165,166.4038928029964
27880506,-4.048252,1.690546,2.063597103691101,142.30133737547732,39.853937674912856
27880509,-5.484888,2.000093,0.37791110369110104,246.58353317224083,52.95182768959481
27880510,-6.975807,1.588343,1.210320103691101,197.6096684340261,51.00756359106165
27859374,-2.160593,-1.196111,1.937168103691101,122.0195063422712,282.1352312968537
27859374,-2.160593,-1.196111,1.937168103691101,122.0195063422712,282.1352312968537
27880517,-5.056264,1.779553,0.8934531036911011,220.9443431899253,58.80175536797057
27852326,-2.492759,0.20301,-0.10582189630889882,264.28355447484086,229.01148653426213
27880524,-6.363561,1.583034,0.554562103691101,225.1295671997562,66.74057128473842
27872232,-3.390771,-3.458774,0.2966301036911011,189.6091337465913,280.7368810815993
27874740,-3.162433,-0.265931,2.059320103691101,127.14557672007476,199.101651645504
27859393,-4.186584,-5.576839,0.5444341036911011,172.14118345635976,286.3025438582464
27864967,-4.565045,0.516479,0.4803731036911011,222.04442627248872,143.45581965585632
27874746,-2.451019,0.194968,-0.00010289630889892543,259.0701634157423,230.3973772599946
27874746,-2.451019,0.194968,-0.00010289630889892543,259.0701634157423,230.3973772599946
27880537,-4.557142,1.602493,0.9443771036911011,218.0594929888626,75.03724708969469
27859400,-2.214133,-1.39333,1.956483103691101,121.649509849993,284.4220954626352
27859400,-2.214133,-1.39333,1.956483103691101,121.649509849993,284.4220954626352
27862578,-1.508296,-2.390899,-0.09506989630889895,218.66227399272003,339.0993514656316
27880554,-3.957417,1.26836,2.0791631036911014,138.30833072230143,79.44426631321323
27874761,-5.527121,-3.182068,1.368805103691101,161.67619131484955,220.82481175170028
27880555,-4.43362,1.464731,0.9703621036911011,214.7531415504905,85.61267000241622
27852357,-0.522613,0.577053,0.011260103691101087,341.35772518631427,383.9601153123952
27862586,-1.267114,-1.752091,0.115435103691101,220.57950996119985,345.5988203688429
27872253,-1.021496,-0.147609,-0.012348896308898905,276.1215049024193,336.96127905450305
27880565,-4.163706,0.884905,2.116895103691101,136.95951255722315,103.67044851619634
27880569,-8.822615,-0.314265,0.015137103691100995,213.22211572391643,118.50875408904022
27880572,-4.284262,0.793641,1.755886103691101,160.57916958182818,114.61997871568008
27872260,-3.034925,-4.916454,0.5448681036911011,173.34919540126418,309.2778059401956
27872263,-3.063528,-4.955602,0.9407571036911011,161.5189735211097,308.8906360522677
27852368,-9.568189,-1.563791,5.251106103691101,70.67579248786038,99.9315923103615
27880573,-6.372763,0.279067,0.8166331036911011,200.3286802621028,119.0077287122484
27880574,-3.222065,1.095331,1.931991103691101,140.18608077279723,114.36341860981628
27872267,-2.133827,-2.471694,1.595988103691101,140.16100182595693,311.3498436636272
27859444,-3.919671,-6.222849,0.124601103691101,179.26775940556195,299.13766046014257
27880583,-4.226496,0.568589,1.748322103691101,159.18088182322415,129.0177105574454
27880590,-5.113449,0.493363,-0.046387896308898835,239.16921407248265,140.3845003838514
27865020,-6.405853,0.732479,4.872845103691101,4.467947271062883,26.29257250514138
27880593,-4.884513,0.490396,0.029110103691101008,237.96905035326407,143.85681367938918
27880595,-7.602597,-1.826701,3.328290103691101,114.33864300663016,144.28555994535793
27865026,-5.173229,0.044725,0.11218310369110118,226.37832278201543,154.10910370872813
27874790,-4.165815,-3.757772,0.7344541036911011,175.01348245223,263.2577967317696
27874790,-4.165815,-3.757772,0.7344541036911011,175.01348245223,263.2577967317696
27862599,-2.603165,-3.673474,2.2213701036911013,115.14739511222214,309.3097161394239
27880597,-5.715007,0.002395,-0.131738896308899,231.23236973544405,148.43931410220392
27862600,-1.891898,-2.018542,1.9596741036911012,117.85377929103932,316.4063614155328
27880605,-13.445401,-4.037279,-1.703126896308899,214.3824214687585,156.13183415174433
27859473,-3.415138,-5.082054,1.222227103691101,153.79872335356174,300.0534312156278
27880618,-3.62748,0.074127,1.751033103691101,152.26477461877192,170.7049258440199
27880618,-3.62748,0.074127,1.751033103691101,152.26477461877192,170.7049258440199
27880624,-5.122532,-0.654231,-0.048090896308898845,223.2084593284971,178.7400308213427
27880624,-5.122532,-0.654231,-0.048090896308898845,223.2084593284971,178.7400308213427
27874808,-2.798321,-2.035847,1.4756311036911012,151.88433436548831,273.5548603907316
27874808,-2.798321,-2.035847,1.4756311036911012,151.88433436548831,273.5548603907316
27874809,-0.714293,1.410677,-0.01891089630889886,436.92824227702897,324.53950902439874
27874809,-0.714293,1.410677,-0.01891089630889886,436.92824227702897,324.53950902439874
27838536,-7.979947,1.306324,-0.06137889630889881,233.48104046477303,76.24134748350244
27874812,-2.738197,-2.002329,1.6497551036911011,143.2455424751281,274.84455805235467
27874812,-2.738197,-2.002329,1.6497551036911011,143.2455424751281,274.84455805235467
27874816,-3.330427,-3.463412,0.32927610369110105,188.55469672770303,282.55724338460743
27848618,-0.574391,0.674663,0.015291103691100982,346.8722171959913,374.0323348928741
27880632,-17.919069,-9.321692,-3.900548896308899,214.66466219331107,184.3441214498864
27880632,-17.919069,-9.321692,-3.900548896308899,214.66466219331107,184.3441214498864
27867703,-3.424432,2.705659,-0.004030896308898857,345.90979653351644,11.234521763225048
27862632,-2.34729,-5.606684,0.11898110369110104,181.29711290734207,336.17903843860074
27880638,-2.272025,0.951026,1.2591841036911011,193.0048789265693,181.46376917914628
27874825,-0.747888,1.096334,-0.015480896308898817,383.0734113444682,333.43078308741104
27880639,-4.807951,-0.74901,0.0388311036911011,220.51205266738063,187.4237357203164
27880639,-4.807951,-0.74901,0.0388311036911011,220.51205266738063,187.4237357203164
27859509,-2.187382,-2.346633,2.086975103691101,114.8955749692213,306.6097105341831
27880643,-2.918484,0.180699,1.947822103691101,132.21495322703714,188.19280058834988
27880643,-2.918484,0.180699,1.947822103691101,132.21495322703714,188.19280058834988
27862651,-1.158494,-3.021513,-0.05876989630889895,209.8580899565505,363.8535992595017
27874832,-2.377012,-2.328723,0.9252051036911011,173.71602327138024,297.8486361596359
27859539,-1.993415,-2.361717,2.063794103691101,113.71545496225288,316.9645520418102
27859541,-2.997347,-7.014229,0.0022731036911010083,178.04446367557443,327.8743188178581
27874840,-3.575798,-4.764051,3.705259103691101,70.57156501447795,289.8215816192202
27874840,-3.575798,-4.764051,3.705259103691101,70.57156501447795,289.8215816192202
27874845,-2.023738,-1.833888,2.0338891036911013,114.78360407423948,305.2647464756451
27880670,-2.79998,0.000608,1.948107103691101,130.3147588661874,202.917043092707
27880670,-2.79998,0.000608,1.948107103691101,130.3147588661874,202.917043092707
27865108,-7.75513,-0.956732,3.2805171036911007,116.10966787964382,117.75571457953008
27874858,-2.158618,-3.639252,0.145330103691101,193.75329935587263,324.84108711308403
27874860,-0.524864,1.020543,-0.015056896308898837,396.28690915398215,375.7277315438053
27880706,-2.902081,-0.095568,0.3672851036911011,227.5432685895272,219.0487503560078
27880706,-2.902081,-0.095568,0.3672851036911011,227.5432685895272,219.0487503560078
27848641,-5.772297,1.046191,4.363815103691101,11.9237136965194,17.514263407414234
27880718,-4.314131,-1.728994,0.12380710369110104,208.57121776916875,223.73034089196528
27880718,-4.314131,-1.728994,0.12380710369110104,208.57121776916875,223.73034089196528
27862694,-1.45679,-3.760692,0.7885411036911011,167.83840168898877,357.78010496836373
27880727,-3.704423,-1.22262,0.4599851036911011,203.2296429566693,226.25940828985
27880727,-3.704423,-1.22262,0.4599851036911011,203.2296429566693,226.25940828985
27874880,-1.300429,-2.035541,0.033924103691101104,219.4974200125084,346.7772260350094
27874893,-1.482247,-3.757705,0.6926051036911011,171.84088632466904,356.1993328640042
27852456,-5.202818,-0.531066,2.826744103691101,109.59807759655496,144.80528796588948
27880757,-3.576111,-2.027028,0.42153110369110103,196.8053919506844,249.48953805670803
27880757,-3.576111,-2.027028,0.42153110369110103,196.8053919506844,249.48953805670803
27867802,-5.189723,2.566986,0.5036281036911011,257.97707888723653,8.642104897518038
27880763,-4.113198,-2.957535,-0.054960896308899,203.4315232858019,253.70651451590032
27880763,-4.113198,-2.957535,-0.054960896308899,203.4315232858019,253.70651451590032
27880765,-5.723684,-6.030859,1.308821103691101,155.7902118119571,258.848475504206
27874910,-1.633385,-10.572702,0.43549610369110103,155.34032482862926,379.5495277966603
27880767,-4.180748,-3.197144,-0.10177089630889902,202.7458786760135,256.09804225015245
27877672,-6.571438,2.145359,1.3195681036911011,199.7921426028912,18.12479516177015
27880773,-5.141303,-5.623719,0.16975610369110106,181.5499432814998,267.0581088850552
27880774,-2.917348,-2.102626,1.441595103691101,153.82592144479943,270.3850124809713
27865210,-5.992818,-0.816838,3.167598103691101,103.87739949411416,137.70259403098694
27877678,-4.686526,2.030975,1.4359381036911012,195.47679355606084,26.041443329464897
27880779,-3.615795,-4.512509,2.691551103691101,107.72342466831029,286.1202208320683
27880779,-3.615795,-4.512509,2.691551103691101,107.72342466831029,286.1202208320683
27880780,-3.114003,-2.439186,0.8117271036911011,178.8452241595403,271.60781937069174
27880780,-3.114003,-2.439186,0.8117271036911011,178.8452241595403,271.60781937069174
27880781,-3.362571,-2.826366,0.4969631036911011,187.6273456584961,271.17247540128363
27877681,-4.695935,2.049998,1.299018103691101,204.61066048580088,28.75196724603273
27877683,-4.67866,1.976396,1.509366103691101,189.80723484627865,28.583826572624417
27877684,-6.760052,2.144275,0.6378711036911011,227.95027618090987,32.906451840893936
27877686,-4.780877,2.008225,1.2440091036911012,206.93846467236304,33.77169846288069
27877688,-4.761384,2.023596,1.123202103691101,214.63577695919545,36.212160950378944
27880798,-5.413532,-0.969358,0.2745491036911011,208.43092880321817,179.37837082627698
27880798,-5.413532,-0.969358,0.2745491036911011,208.43092880321817,179.37837082627698
27880799,-6.322789,-1.449315,-0.19789989630889893,215.38604124647253,178.62993871833078
27880799,-6.322789,-1.449315,-0.19789989630889893,215.38604124647253,178.62993871833078
27865239,-6.525017,-1.313477,3.067105103691101,114.12471455955787,146.9357756935974
27859706,-0.601325,-2.210837,0.7347801036911011,181.19501906965672,401.183923278736
27880802,-6.064437,-1.436412,-0.100059896308899,213.54906805733907,181.9796972312684
27880802,-6.064437,-1.436412,-0.100059896308899,213.54906805733907,181.9796972312684
27880805,-2.846612,0.500281,1.046748103691101,199.4235216176582,186.7209670137148
27877696,-4.917889,2.010821,0.7950581036911011,231.8404928636943,45.67465292448895
27880806,-4.976312,-0.804836,0.16250610369110108,215.05222506487283,184.45064987699328
27880806,-4.976312,-0.804836,0.16250610369110108,215.05222506487283,184.45064987699328
27874924,-0.166578,-6.831727,1.190359103691101,136.45021736206112,429.7285723858103
27877698,-4.942043,1.922325,0.9774651036911011,219.8927995364498,47.3089821979558
27874928,-0.079838,-10.583328,1.779420103691101,117.64603737099232,430.79374373241217
27874931,0.188415,-4.99369,0.13388710369110113,183.08745954364653,445.6254724844516
27848653,-7.549567,0.26739,0.664389103691101,203.21341447273477,107.7173186746882
27880817,-2.106854,0.98454,1.0106191036911012,217.8217746124421,193.48702436364164
27877710,-4.88648,1.937779,0.5081241036911011,245.50517319333107,58.631948841621295
27880830,-4.851199,-1.658096,2.274073103691101,131.5408960986531,195.8192033463285
27880830,-4.851199,-1.658096,2.274073103691101,131.5408960986531,195.8192033463285
27848657,-4.071127,1.071043,1.783213103691101,159.59543537976614,100.17966374357172
27865278,-5.641426,-0.549087,4.645306103691101,20.52667771866757,112.66735987586344
27820369,-6.461027,1.084217,0.6289901036911011,215.2988018726305,88.172097702797
27877729,-5.63283,1.223695,0.4551351036911011,227.89055894903697,93.44111614966002
27877735,-4.556698,1.288184,0.586488103691101,230.72201954756804,102.84344492282608
27877736,-3.26379,1.758152,-0.06476589630889884,301.9380177090854,111.72198606552293
27880839,-3.837299,-0.87338,2.122558103691101,130.5846754278694,199.4459061826525
27880839,-3.837299,-0.87338,2.122558103691101,130.5846754278694,199.4459061826525
27877738,-4.049125,0.951684,1.585332103691101,171.3064638008942,113.04127963509832
27877740,-6.003466,0.13359,1.962914103691101,155.43933158168744,115.37778094771537
27877745,-6.304443,-0.15417,1.633457103691101,167.99058560646438,126.26328938369554
27877747,-5.320296,0.492661,0.122628103691101,231.51907024586436,134.77360219294764
27867894,-5.755429,2.18178,0.10317010369110102,259.5204514732685,45.995029691805456
27880853,-3.522193,-0.798146,1.7714001036911011,146.54132876175493,210.0401787852183
27880858,-3.14757,-0.126628,0.16005210369110112,235.1153891019204,212.67972944422328
27880858,-3.14757,-0.126628,0.16005210369110112,235.1153891019204,212.67972944422328
27880859,-5.678603,-3.236837,2.340983103691101,133.2254054492953,214.6297736844112
27880860,-5.60125,-3.280509,2.3277781036911014,133.1784767665401,217.09599582154783
27880861,-4.456342,-2.145625,2.265014103691101,128.67160056677773,218.66971430553195
27880861,-4.456342,-2.145625,2.265014103691101,128.67160056677773,218.66971430553195
27880862,-4.02216,-1.301676,0.25392310369110116,209.33447575042527,220.37284908944716
27880863,-4.895596,-2.639788,1.8536991036911012,145.86851760555643,221.4117504674755
27880867,-2.974747,-0.207765,-0.04020289630889895,244.4199263330742,223.5257757322743
27880873,-6.901904,-5.412789,1.075957103691101,164.75434939316148,232.0299728800456
27877758,-3.593482,0.567273,1.5754461036911012,166.44427122192187,148.29884249840987
27880877,-4.145289,-2.0157,0.12855910369110113,206.01984894678165,234.35963257350392
27880877,-4.145289,-2.0157,0.12855910369110113,206.01984894678165,234.35963257350392
27880878,-14.043316,-11.888184,-7.5273048963089,241.4099545841926,230.1420736208923
27867927,-6.026508,1.94996,0.24082010369110107,246.10247795293068,55.318381826927805
27877767,-7.405967,-1.873444,-0.23777989630889884,210.5356920179526,172.17841737562037
27877767,-7.405967,-1.873444,-0.23777989630889884,210.5356920179526,172.17841737562037
27880893,-4.718779,-4.061332,2.518965103691101,121.6123223650434,249.9711218782372
27880893,-4.718779,-4.061332,2.518965103691101,121.6123223650434,249.9711218782372
27867948,-5.91367,1.860651,0.052735103691101015,252.97363244742536,64.75541079159754
27848671,-7.501006,0.153474,0.6716851036911011,202.13710019000277,111.83882422156265
27880908,-4.398963,-4.328254,1.889213103691101,139.36766187846098,263.51541424706005
27880916,-2.783179,-1.858975,1.4607701036911012,153.2551066245302,270.2537461914553
27877799,-2.532502,0.788226,0.03235110369110106,275.1068239638041,198.9728779393188
27877799,-2.532502,0.788226,0.03235110369110106,275.1068239638041,198.9728779393188
27880936,-3.011558,-3.357088,1.5876731036911012,144.2196965428818,289.7322539589446
27880940,-3.792183,-5.273484,0.8980681036911011,163.41476983020772,292.2691861323349
27880941,-3.96055,-5.917703,2.039268103691101,131.38523135996388,294.338426591792
27880946,-2.708233,-3.292447,1.399435103691101,150.17827626130793,299.86955110321765
27880947,-2.582856,-3.036389,1.021266103691101,165.79238671608894,300.94711645089217
27877833,-2.509198,0.286814,-0.008549896308899019,261.3016216593185,224.0126892341888
27877833,-2.509198,0.286814,-0.008549896308899019,261.3016216593185,224.0126892341888
27877843,-5.511004,-3.061883,0.982140103691101,173.07635577319223,220.5141238767867
27877843,-5.511004,-3.061883,0.982140103691101,173.07635577319223,220.5141238767867
27880959,-2.302983,-3.189477,0.5923581036911011,180.9857225986561,314.0947983750384
27865385,-3.34954,-0.40388,1.749922103691101,147.9855538464878,201.3325840482622
27865385,-3.34954,-0.40388,1.749922103691101,147.9855538464878,201.3325840482622
27877844,-6.093078,-3.459304,-0.03343189630889887,197.086915618391,220.53850392465617
27877844,-6.093078,-3.459304,-0.03343189630889887,197.086915618391,220.53850392465617
27865388,-2.926702,-0.062411,1.959724103691101,131.10515072098946,200.32471533823272
27865393,-5.70538,-1.787338,3.203068103691101,102.09677676829476,174.14059859459934
27865393,-5.70538,-1.787338,3.203068103691101,102.09677676829476,174.14059859459934
27880970,-2.080917,-3.794127,0.4177121036911011,182.9041827746069,329.90564451886075
27880974,-2.156545,-4.831756,0.4522051036911011,175.3406149451732,336.88782851549536
27865402,-3.702569,-1.069103,0.11088910369110105,218.60594390823096,224.22693447072768
27865402,-3.702569,-1.069103,0.11088910369110105,218.60594390823096,224.22693447072768
27852611,-2.268782,-0.668079,-0.10682089630889902,244.90094315769227,268.3081633898471
27865413,-2.856131,-0.091516,1.9537501036911011,130.56444432476147,204.896321950645
27868060,-4.980458,1.312145,0.42677910369110106,235.24983321655137,97.93106313125868
27865417,-3.308683,-0.505979,1.7531971036911012,147.05486409007847,206.8621155847771
27877870,-3.684519,-1.476787,0.4369581036911011,201.44455630637827,233.5096585602361
27877870,-3.684519,-1.476787,0.4369581036911011,201.44455630637827,233.5096585602361
27881000,-0.633295,-1.882118,1.3327011036911012,144.33615883708586,404.01657916125
27881003,-0.600177,-2.951549,1.0590381036911012,156.04029242768382,405.8988457781751
27881009,-0.246385,-4.257167,0.06313610369110112,192.6079149670103,420.6036383267427
27865440,-3.774403,-1.34021,0.0334761036911011,217.7261601062134,229.5308940916063
27865440,-3.774403,-1.34021,0.0334761036911011,217.7261601062134,229.5308940916063
27868077,-5.249032,1.218338,0.5194521036911011,227.54130057704813,97.53454587959672
27868079,-4.091072,1.314342,1.743906103691101,164.42956242077588,82.77617256922792
27868080,-4.898616,1.24479,0.42788710369110106,234.5991539964297,102.76157069340115
27868081,-3.077378,1.436578,-0.04845789630889885,292.207283772556,140.10471537250422
27852625,-4.372441,-2.016571,-0.01189389630889881,209.96472211442617,229.22614205364928
27852625,-4.372441,-2.016571,-0.01189389630889881,209.96472211442617,229.22614205364928
27877888,-2.461898,-0.913256,1.961190103691101,124.41580114815967,257.0623245719692
27877888,-2.461898,-0.913256,1.961190103691101,124.41580114815967,257.0623245719692
27877890,-2.960632,-1.5867,1.6532071036911011,145.9242007935841,255.6995490504761
27865450,-4.774049,-2.179341,0.23681210369110106,200.1025823856964,222.02644239040532
27865450,-4.774049,-2.179341,0.23681210369110106,200.1025823856964,222.02644239040532
27868087,-4.202122,1.275552,1.642061103691101,171.46487548284773,86.53159004098555
27852628,-4.233592,-1.86781,0.12949410369110104,207.2134369626896,228.8661992224925
27852628,-4.233592,-1.86781,0.12949410369110104,207.2134369626896,228.8661992224925
27844803,-2.83464,1.21057,0.03323910369110106,284.32104872035467,161.7928214137576
27865461,-3.751371,-1.427364,0.031718103691101174,216.81363959009087,232.3413897309187
27865461,-3.751371,-1.427364,0.031718103691101174,216.81363959009087,232.3413897309187
27877899,-2.888382,-1.739986,1.821188103691101,136.42906657108472,261.8863390761547
27877901,-2.42436,-1.128146,2.0288371036911013,119.58830340644982,265.5111661106498
27877902,-3.322711,-2.31837,1.437546103691101,155.08169445511953,260.3132781767639
27877902,-3.322711,-2.31837,1.437546103691101,155.08169445511953,260.3132781767639
27877914,-2.770496,0.617124,1.966583103691101,128.97212772850986,167.13428018322213
27852636,-9.555274,-4.359696,5.676729103691101,71.15296706915856,161.96861684903615
27852636,-9.555274,-4.359696,5.676729103691101,71.15296706915856,161.96861684903615
27877921,-3.977292,0.112796,0.38391810369110113,223.22080694908087,175.51327397864793
27852642,-4.191743,-2.037381,0.04364910369110109,208.4517135998135,233.97531385957265
27852642,-4.191743,-2.037381,0.04364910369110109,208.4517135998135,233.97531385957265
27868118,-2.821602,1.357911,0.0026921036911011775,292.699308260666,153.11122132103358
27877936,-6.08971,-1.877933,5.464242103691101,9.15740870217121,149.11672593933997
27877936,-6.08971,-1.877933,5.464242103691101,9.15740870217121,149.11672593933997
27852658,-2.99331,-0.2793,1.982169103691101,130.15993478557348,207.40464081666255
27852658,-2.99331,-0.2793,1.982169103691101,130.15993478557348,207.40464081666255
27865510,-5.724257,-3.509169,-0.014726896308898896,196.619948276309,227.87387976180767
27865510,-5.724257,-3.509169,-0.014726896308898896,196.619948276309,227.87387976180767
27852662,-6.230396,-2.444179,3.707382103691101,90.7408082487972,178.4922136819713
27852662,-6.230396,-2.444179,3.707382103691101,90.7408082487972,178.4922136819713
27852664,-3.286955,-0.606165,1.724907103691101,148.09799042647563,211.7678409445463
27852665,-4.187972,-2.118286,0.10393010369110112,205.7614192251941,235.5084763066926
27852665,-4.187972,-2.118286,0.10393010369110112,205.7614192251941,235.5084763066926
27865529,-5.383071,-3.112033,0.869748103691101,175.81460871663342,224.44961634112948
27852671,-3.786664,-1.71926,0.39828910369110104,200.26935762402528,236.47428823803205
27852671,-3.786664,-1.71926,0.39828910369110104,200.26935762402528,236.47428823803205
27865535,-5.963388,-3.928277,-0.09348689630889884,195.83097883587837,230.2992771188412
27865535,-5.963388,-3.928277,-0.09348689630889884,195.83097883587837,230.2992771188412
27868139,-4.22263,1.110462,0.905910103691101,213.08139905324893,113.25534535134922
27868140,-4.792314,0.997145,0.582291103691101,223.96241820755037,114.82428479271428
27852684,-2.847744,-0.268429,1.966386103691101,129.3804190841224,213.3825950898665
27852687,-3.332453,-0.66135,2.114335103691101,125.73301438649368,208.6669700603576
27877971,-5.615426,-3.161028,0.39701810369110113,188.41321600309337,222.60029805765933
27877971,-5.615426,-3.161028,0.39701810369110113,188.41321600309337,222.60029805765933
27840288,-8.335891,2.636638,0.3577061036911011,235.67490451700635,10.470168961187111
27868146,-4.285716,1.042038,1.6222621036911011,170.7364180886251,101.7269321448372
27852694,-4.67253,-2.635414,0.30026610369110107,194.8096542788644,233.16635304442607
27852694,-4.67253,-2.635414,0.30026610369110107,194.8096542788644,233.16635304442607
27868154,-3.99229,1.050451,1.7479341036911011,161.31530302188355,104.00002802350384
27865568,-2.97053,-0.872381,1.640024103691101,149.439332431396,234.24137138119656
27865573,-5.502003,-2.928926,3.4691531036911014,93.5077223867437,206.02535910910055
27865573,-5.502003,-2.928926,3.4691531036911014,93.5077223867437,206.02535910910055
27865574,-5.560578,-3.044526,3.291283103691101,100.84584753437284,208.35890326619992
27877986,-2.316619,0.012586,-0.04521289630889891,258.3262428229776,244.19125985102335
27877986,-2.316619,0.012586,-0.04521289630889891,258.3262428229776,244.19125985102335
27877988,-1.438322,1.350242,-0.03087289630889889,355.34768077364856,233.97669033383892
27877991,-1.272138,1.519434,-0.006225896308899026,385.06824980403246,236.51324322494804
27877991,-1.272138,1.519434,-0.006225896308899026,385.06824980403246,236.51324322494804
27865595,-2.558899,-0.502402,1.947482103691101,126.67508916636385,237.22785631575425
27878010,-2.764416,-2.419458,1.7412621036911011,138.10291205084923,282.31417017771275
27865609,-3.082598,-1.273615,1.6292741036911011,149.1200923669617,242.359141024404
27865609,-3.082598,-1.273615,1.6292741036911011,149.1200923669617,242.359141024404
27878022,-2.929367,-3.225059,1.416255103691101,150.81588138770107,290.7318450567404
27865626,-3.918141,-2.823409,0.0961531036911012,200.29282422284703,256.0703038310172
27865626,-3.918141,-2.823409,0.0961531036911012,200.29282422284703,256.0703038310172
27878030,-3.137671,-3.913631,2.602290103691101,105.1911917765136,292.90515840251555
27868215,-5.520022,-0.196654,4.620598103691101,12.1072655894271,96.71611298975238
27868226,-6.759198,-0.330092,3.4813851036911014,97.61968508758676,104.56172808233816
27868227,-6.646285,-0.259718,3.265685103691101,105.33331431443165,105.9031021108092
27878042,-2.167169,-2.135664,1.924757103691101,123.4141398293594,303.66607516800923
27865652,-3.779935,-2.912027,0.2883361036911011,193.7276751760711,260.8651686566965
27865652,-3.779935,-2.912027,0.2883361036911011,193.7276751760711,260.8651686566965
27865653,-2.058362,-0.891433,-0.04256589630889884,239.05689767809488,284.31447926110684
27865661,-1.913136,-0.74397,-0.0039648963088989575,241.8980485610062,288.2870453518473
27878052,-2.458315,-3.314872,1.4852591036911011,145.2749557048653,309.90560183049934
27878057,-2.090923,-2.490235,1.4856021036911011,145.30214455736692,313.6882198508893
27817274,-1.78741,1.863802,-0.005909896308898821,379.3006833919685,158.59125263457855
27878060,-2.028563,-2.378113,1.5838291036911012,140.16534255551306,315.01199027507585
27865694,-1.851834,-0.924906,-0.016358896308898974,239.06523102912772,296.04320245559705
27868270,-5.739605,-0.549101,4.886929103691101,8.83144031066655,107.32275338619584
27868272,-6.965645,-0.565315,3.354450103691101,105.80823721417308,112.72017054377362
27878072,-2.354232,-4.648557,0.154766103691101,185.9346210762294,327.96167815446427
27865704,-4.125534,-4.107208,0.10860410369110118,190.6307083456056,270.50170312905124
27870810,-4.773863,2.6546,0.19363310369110098,285.0008048814453,10.482437509263292
27868278,-2.628023,0.9317,0.01096010369110112,279.6252277364727,187.21710623330748
27848778,-5.241055,0.341241,4.256967103691101,16.982539338216526,75.34474049912987
27878078,-2.101398,-4.394714,0.5249091036911011,175.31905276695366,335.1777338777557
27865718,-3.036188,-2.719092,0.05986710369110115,203.8627200748691,280.6662114225376
27865725,-2.895567,-2.62798,0.07613610369110102,204.4842111242176,283.89289461088885
27848788,-2.417847,0.317024,-0.03132089630889889,265.0031732453554,227.2506718379264
27848788,-2.417847,0.317024,-0.03132089630889889,265.0031732453554,227.2506718379264
27868297,-5.051401,0.152191,0.07775410369110114,229.79557915126017,152.96679471091676
27868301,-2.810899,0.819552,-0.05060689630889881,275.1603513379792,186.62527508202783
27865736,-3.166981,-2.985251,0.3993411036911011,189.78451567406623,280.193242364106
27868311,-7.043579,-0.621196,0.017840103691101117,214.9791878044172,145.9859723028332
27868314,-6.941269,-0.762535,3.219836103691101,111.22019008888066,121.57289675982994
27881328,-6.188533,2.171704,1.712364103691101,181.1459696312654,6.146788027416392
27865745,-2.770233,-2.608345,0.05537810369110119,205.70154955428512,288.0020275774244
27881334,-6.413411,2.139893,1.1380461036911012,208.3707274679857,22.885221009587696
27881335,-4.424343,1.958445,1.905915103691101,160.49225803278637,16.940855388777663
27840341,-5.336148,1.244341,0.3277681036911011,235.484188353644,98.273557935646
27881338,-4.821768,1.937706,1.741087103691101,174.11888323295764,24.156360511251396
27865762,-4.602509,-3.728429,5.327068103691101,9.07040035170823,236.65292719106887
27865762,-4.602509,-3.728429,5.327068103691101,9.07040035170823,236.65292719106887
27868340,-5.08245,-0.153079,0.024240103691101078,227.2933196818408,163.45144970611108
27881346,-6.655486,1.619426,1.849123103691101,170.83756640864027,38.404527859973285
27865767,-2.132019,-1.053033,1.927432103691101,122.163532829878,279.7094743092543
27865767,-2.132019,-1.053033,1.927432103691101,122.163532829878,279.7094743092543
27881353,-4.8958,1.871919,1.249717103691101,203.8172513701848,44.0623235343985
27878110,-1.061114,-5.493182,0.7091901036911011,161.089590221805,384.9396124216154
27872734,-4.789855,2.568711,0.3015601036911011,275.7981623827947,14.710986708580036
27878111,-1.000513,-4.714923,0.691210103691101,165.14435775666234,384.859815414268
27878112,-0.872531,-3.178282,0.0716331036911011,203.14549383058124,381.5168959125375
27881363,-5.822039,1.965626,0.08958110369110117,254.60516777132923,58.833563915836606
27881364,-5.009526,1.838356,0.734012103691101,230.61582307042667,58.9919519862255
27865782,-2.82014,-3.096153,0.11077410369110119,198.97552708089196,293.75272531283315
27865784,-2.171652,-1.223545,1.940925103691101,121.94481209781078,282.26017282588964
27865784,-2.171652,-1.223545,1.940925103691101,121.94481209781078,282.26017282588964
27870868,-4.532985,1.930604,1.5523441036911012,186.24838143038843,31.844716114756324
27870869,-4.698372,1.93686,1.235740103691101,206.5055617262916,40.40315102550991
27881368,-4.820431,1.434172,2.1873871036911012,140.8460482902409,52.81858555207344
27881370,-5.738388,1.712475,0.6829381036911011,225.4783645274356,62.11745501725847
27870873,-1.635924,1.910034,-0.026939896308898925,400.9866523259186,164.2123434041069
27870873,-1.635924,1.910034,-0.026939896308898925,400.9866523259186,164.2123434041069
27881378,-5.676989,1.665563,0.5651261036911011,230.23356213469404,67.67738500671607
27865793,-3.151689,-3.627887,0.3844531036911011,185.65272189212268,290.29115261481667
27878124,-0.449023,-4.696244,0.9914111036911011,150.68219490924787,415.9274066136056
27872752,-6.975497,2.171274,0.685879103691101,225.2253156604785,29.87341877266408
27881384,-6.089219,1.462399,0.6261841036911011,222.0174844593403,73.85663361847955
27870879,-1.76491,1.884556,0.007929103691101114,382.4666981001216,157.19777420901113
27870879,-1.76491,1.884556,0.007929103691101114,382.4666981001216,157.19777420901113
27881387,-4.667521,1.579995,0.9829511036911011,214.8627643378329,74.32875547083648
27868365,-6.730928,-1.137668,3.1916391036911014,111.02389538517608,137.1833989673035
27865803,-2.186378,-1.334994,1.945454103691101,121.93831292764196,284.4421398082434
27865803,-2.186378,-1.334994,1.945454103691101,121.93831292764196,284.4421398082434
27872760,-7.066374,2.096265,0.2760871036911011,238.8457968094781,41.58424067558545
27878129,-0.232786,-8.435433,1.595945103691101,122.75358808532393,426.9699362519988
27881394,-7.959266,0.182879,3.163475103691101,120.92926982169124,77.1905588422878
27868377,-7.431543,-1.601362,3.374797103691101,111.2273030995606,139.93069454144086
27881398,-7.330642,0.358286,2.690760103691101,134.3250883929786,81.51209056828145
27865817,-2.72535,-3.264334,0.12180310369110114,197.2407228002837,299.4032769562217
27881404,-4.734479,1.434101,0.598623103691101,231.5578949157117,91.20147566474978
27865818,-0.50073,0.573769,0.018237103691101098,341.9039393166397,387.7530807359021
27872767,-1.494618,1.938184,-0.03831989630889887,422.03206996080377,172.0818177766281
27872767,-1.494618,1.938184,-0.03831989630889887,422.03206996080377,172.0818177766281
27875288,-4.784223,2.569391,0.3985651036911011,270.5940744343196,11.397335100392496
27881407,-7.772563,0.917442,-0.5946498963088989,244.7292895937564,97.82467423842492
27881410,-7.295423,0.05598,2.7055921036911013,133.22156855924777,93.76818438939364
27881411,-6.315972,0.394929,2.443421103691101,137.51137605310268,93.33678762397248
27881412,-5.114228,0.959037,1.605602103691101,173.46327861514112,93.91601498333034
27881413,-6.971316,0.76076,0.31733410369110104,220.21716514422792,100.28526395517596
27872776,-3.536415,1.515977,2.0152331036911013,138.84999085191737,65.04045489453611
27881415,-4.851348,1.116738,0.803933103691101,215.2621656724272,103.74247508637713
27872778,-6.718576,1.117815,0.19961110369110102,229.56234890733663,90.35295414927596
27881417,-4.412639,1.101454,1.019115103691101,206.0190587302793,108.00782498757675
27881419,-5.024382,1.157243,0.05915410369110119,247.6584503250102,111.45543796563996
27881420,-4.624155,0.746159,1.767576103691101,161.3740303391848,110.70058827856766
27872783,-3.671911,1.363172,2.041935103691101,137.8728661503049,76.96376003473878
27870917,-4.26661,0.997204,0.9846811036911011,206.75460613299293,117.56199217324571
27881424,-4.426772,0.501315,2.490932103691101,115.71877687676466,115.11080122793808
27872788,-3.546486,1.218647,2.030040103691101,136.6692993941561,92.8011846551154
27881431,-5.921258,0.229418,0.138353103691101,224.21476513285103,134.74306882729343
27875304,-4.648449,2.003542,1.701235103691101,177.10608411287103,19.7018526325094
27881432,-4.206732,0.55024,1.6028991036911011,167.31188024670945,132.94720427159132
27881440,-3.539821,0.596063,1.583688103691101,165.90391016199868,148.05233258958106
27881441,-4.450996,0.384403,0.4731661036911011,220.93126647721243,151.71399107831394
27881442,-4.025763,0.088152,2.163239103691101,131.11837594215874,152.6558379592335
27865846,-3.352479,-4.808569,0.17726510369110104,184.59270651298183,299.1166570029268
27875311,-4.971435,1.957895,0.7442461036911011,232.91388766377497,50.579106576672416
27875312,-5.135246,1.85776,1.130276103691101,209.3675279692585,46.82699920273885
27881446,-4.80809,0.107814,0.14460210369110116,228.0776376576352,158.72309017235045
27875315,-4.794404,1.836803,0.8896331036911012,224.06154559544208,57.08275408902196
27865859,-3.220282,-4.746337,0.19269710369110116,184.47426101556596,302.1131595326078
27875322,-3.685072,1.601024,1.957192103691101,146.51304427639064,56.30946684791269
27881457,-5.340191,-1.039937,0.10487110369110098,213.29148900882743,183.925969087703
27881457,-5.340191,-1.039937,0.10487110369110098,213.29148900882743,183.925969087703
27875325,-4.129457,1.322226,1.751641103691101,164.17791349648522,81.35217458026659
27881459,-3.635949,-0.164034,1.5889961036911011,160.30598362007922,183.3497415357045
27881461,-1.66381,1.585395,-0.013619896308898927,360.5346352911907,195.6390280214468
27881461,-1.66381,1.585395,-0.013619896308898927,360.5346352911907,195.6390280214468
27881463,-3.482434,-0.157284,1.747263103691101,150.26539914000494,186.22068515076893
27881463,-3.482434,-0.157284,1.747263103691101,150.26539914000494,186.22068515076893
27865872,-3.592272,-5.771877,0.24269610369110106,178.15721607248696,302.71530614521737
27881475,-3.178196,-0.104885,2.059800103691101,127.37105548676956,190.92766244246243
27881475,-3.178196,-0.104885,2.059800103691101,127.37105548676956,190.92766244246243
27868443,-4.460359,-0.969097,4.150384103691101,25.33305130555874,163.6516824870796
27844897,-7.485574,0.535081,0.660775103691101,205.73969928798172,99.30543939943426
27848834,-2.362264,0.208337,-0.024306896308898818,262.21550972600573,234.3305902938846
27848834,-2.362264,0.208337,-0.024306896308898818,262.21550972600573,234.3305902938846
27865887,-1.452807,-1.645265,0.04154710369110104,224.9909934156803,332.55473827504306
27881494,-2.914841,0.077145,1.667678103691101,152.18229253396805,197.55246094437783
27881494,-2.914841,0.077145,1.667678103691101,152.18229253396805,197.55246094437783
27844898,-7.260842,0.398777,0.03133710369110099,223.81517102454384,113.1195325438984
27868458,-2.448561,0.386233,-0.028478896308898882,266.4890518133908,222.8121437906833
27872820,-1.43212,1.460062,-0.021408896308898973,365.8883583263554,225.87284996412703
27865915,-2.904546,-4.404751,1.181193103691101,155.31951492076348,307.73164065626963
27875375,-5.742527,-1.106542,3.1333451036911013,103.396997976854,152.60015828072625
27881515,-2.312557,0.627124,1.107450103691101,199.0095159356445,203.97514857971828
27875383,-1.943057,1.124009,-0.017044896308898938,311.1083195432849,211.50360479832185
27868480,-4.143682,1.273052,1.609224103691101,173.39789965053018,88.48971139309725
27875390,-4.828788,-0.547417,0.06077910369110118,222.1398734037423,180.8551770841193
27881524,-5.438779,-3.077836,2.299708103691101,133.31096713037647,216.5215282291783
27881525,-4.903166,-2.326828,1.8187411036911012,147.8628765956359,214.45779324155424
27875394,-3.517017,0.082616,1.7508601036911011,151.5100116281953,173.81620316096462
27875394,-3.517017,0.082616,1.7508601036911011,151.5100116281953,173.81620316096462
27881534,-5.324574,-2.975077,1.841790103691101,147.420396040654,218.9405527475653
27881534,-5.324574,-2.975077,1.841790103691101,147.420396040654,218.9405527475653
27881538,-2.624899,-0.176546,1.9888601036911011,124.57998674650652,219.4205300609321
27865957,-1.925768,-2.08965,1.9645891036911012,118.11204687636648,315.7868884624054
27881546,-5.921746,-3.833246,1.661435103691101,152.81003480184103,223.6076634927131
27881551,-2.838481,-0.03152,0.1421601036911011,240.9032976022363,221.08377946809523
27881551,-2.838481,-0.03152,0.1421601036911011,240.9032976022363,221.08377946809523
27844916,-3.98852,1.088208,1.5964941036911011,171.74026541011204,104.90397000129374
27844917,-7.498182,0.356073,0.6749971036911011,203.7276809967468,105.1647838360282
27865965,-2.948336,-4.023629,3.611445103691101,59.52314597355556,300.8194240284203
27881566,-3.91261,-1.665817,0.237528103691101,206.31262722265475,232.38822725730256
27881566,-3.91261,-1.665817,0.237528103691101,206.31262722265475,232.38822725730256
27881576,-2.467696,-0.601208,1.997476103691101,121.79628602245393,245.42726615735464
27881576,-2.467696,-0.601208,1.997476103691101,121.79628602245393,245.42726615735464
27868510,-6.762135,-0.324308,1.2712301036911011,180.3244645785219,129.72234891572162
27881580,-2.617827,-0.935099,2.041324103691101,121.2637401737294,249.55355973517044
27875427,-2.987147,-0.022614,1.966520103691101,131.4599464604759,195.7118179043804
27865973,-4.354876,-6.765776,5.972826103691101,15.584516450594291,291.1382055709929
27844921,-4.016937,1.088231,1.7462711036911012,161.88363835147595,100.87692183496485
27881585,-3.610033,-2.228784,0.2578581036911012,200.6804008270666,253.193911018528
27881585,-3.610033,-2.228784,0.2578581036911012,200.6804008270666,253.193911018528
27875434,-3.045622,-0.148653,2.038283103691101,127.06329632849848,198.56543275993957
27875434,-3.045622,-0.148653,2.038283103691101,127.06329632849848,198.56543275993957
27865978,-1.288557,-2.192704,-0.003163896308898906,218.74208198151223,349.14377802203376
27881602,-2.820241,-2.353263,1.8689991036911011,132.6402872949226,278.470539353639
27881602,-2.820241,-2.353263,1.8689991036911011,132.6402872949226,278.470539353639
27881603,-3.430152,-2.892958,0.4282161036911011,189.4586450082902,270.3795201924309
27881605,-2.064875,-0.963734,1.9745211036911012,117.65115617204626,280.91612629260715
27881605,-2.064875,-0.963734,1.9745211036911012,117.65115617204626,280.91612629260715
27881606,-3.217219,-2.884464,1.344042103691101,156.1187453149225,275.12922361120485
27881606,-3.217219,-2.884464,1.344042103691101,156.1187453149225,275.12922361120485
27881607,-1.32116,-0.250181,2.627786103691101,14.063317581074957,318.0196716281515
27881607,-1.32116,-0.250181,2.627786103691101,14.063317581074957,318.0196716281515
27881610,-3.12675,-2.613461,0.940207103691101,172.7642257526946,274.13684804031413
27881611,-3.130933,-2.559777,0.776500103691101,179.3607092675363,273.36066798809964
27866003,-1.910824,-3.776427,0.7130951036911011,171.856045683178,337.1993034781572
27875485,-5.326962,0.046804,0.22054110369110114,221.7974326993412,150.0796787106788
27875486,-5.432623,0.035067,0.03409910369110114,227.6337809260513,150.51564961941716
27875494,-6.046117,-0.607555,-0.03711889630889886,219.76257234137412,160.61162349893343
27875497,-7.604149,-1.567186,-0.2578748963088988,212.84465085681325,163.270636118929
27875506,-6.076858,-0.935325,-0.075716896308899,217.48599970349568,169.25230527061427
27855090,-10.857469,3.223293,-0.5105578963088988,252.1710460079516,1.1695022182969694
27868566,-2.372743,0.252804,-0.025520896308898866,263.4654559292726,232.03643995200684
27868566,-2.372743,0.252804,-0.025520896308898866,263.4654559292726,232.03643995200684
27868572,-0.985413,1.291123,-0.020942896308898895,385.28064050328686,288.1859124659381
27868584,-5.552329,-3.110371,0.14676110369110118,195.20439376397377,223.8811520830268
27872925,-4.505072,-1.831535,0.055208103691101185,209.3058601162392,221.68024491131848
27868606,-5.31008,-3.087148,3.5259711036911012,89.94477192317808,213.4702691752778
27868606,-5.31008,-3.087148,3.5259711036911012,89.94477192317808,213.4702691752778
27875565,-2.813201,-0.07723,2.010433103691101,125.78457343282132,205.44758716856435
27875565,-2.813201,-0.07723,2.010433103691101,125.78457343282132,205.44758716856435
27868623,-4.956241,-5.239105,0.23441010369110105,181.68256024442343,266.18986867344927
27875578,-5.485374,-3.031853,2.627159103691101,122.92866525080572,213.03756086294905
27875585,-5.274073,-3.184076,0.252427103691101,192.13749234308813,230.2522130303084
27875585,-5.274073,-3.184076,0.252427103691101,192.13749234308813,230.2522130303084
27868634,-3.547969,-3.239327,1.235012103691101,159.95016599498612,270.94241416134554
27872950,-6.891466,-0.405696,0.8383921036911011,193.45364792736876,134.7622133495609
27868638,-4.982409,-5.297541,1.9121001036911012,140.0812024811505,263.4565069997393
27875603,-2.517769,-0.954555,2.035151103691101,120.28754310930157,255.18946724283765
27875612,-4.822619,-5.051204,0.19599310369110112,183.3898343521259,266.7511426345686
27875628,-2.764644,-1.932713,1.723524103691101,139.9666915032262,271.9664141227151
27875628,-2.764644,-1.932713,1.723524103691101,139.9666915032262,271.9664141227151
27875631,-2.654638,-1.878796,1.7795451036911012,136.3129868572169,275.28231091598167
27871114,-3.794373,0.533356,1.565496103691101,167.67212388990794,144.74644541521832
27868660,-3.992759,-4.944092,0.39314210369110103,178.49906248121783,283.93561242158387
27875635,-3.387752,-3.506024,0.41361710369110105,185.59999251461812,281.35525767336054
27875644,-3.715002,-4.943949,0.4746361036911011,176.0634212253303,290.8296815517135
27868688,-1.929857,-2.300398,0.20743010369110104,205.34380734318995,317.52851827240727
27868691,-0.474967,0.579134,0.022706103691101154,343.819627884886,392.1533139827211
27868695,-3.571525,-4.506896,2.933513103691101,98.53400331785672,287.11292617729833
27875688,-1.841458,-2.293133,1.706048103691101,132.05707740087755,323.6762986201013
27866130,-1.463808,-5.117779,0.8985671036911012,157.27629984441148,366.8167413892777
27868709,-2.176177,-2.467107,1.637159103691101,138.44010363333945,309.23823792647187
27868710,-1.869521,-2.372941,0.5757321036911011,188.4331272061421,321.8859227942313
27873013,-2.474028,0.233213,-0.00038589630889895865,259.839665390689,227.7775979386567
27873013,-2.474028,0.233213,-0.00038589630889895865,259.839665390689,227.7775979386567
27866153,-0.700482,-3.439059,0.01618710369110099,202.8045461389569,392.33023388007393
27878544,-3.784809,2.056949,1.947136103691101,151.90400602232853,2.736916538232577
27878546,-3.988776,2.005482,2.040398103691101,145.20451026437482,5.614992177199554
27878549,-6.645385,2.217039,1.175624103691101,206.9694444495416,16.873517712361405
27878550,-3.918114,1.963911,2.034371103691101,144.59196967017743,10.858095017467718
27866157,-0.734988,-3.803737,0.000479103691101157,199.2700509096875,391.4636723883807
27873024,-2.360953,0.170384,-0.028395896308898827,261.319073459254,235.9274975065753
27873024,-2.360953,0.170384,-0.028395896308898827,261.319073459254,235.9274975065753
27878552,-3.769217,1.928133,2.019244103691101,143.78860558357314,15.902253026210388
27873025,-3.25065,-0.50393,1.623488103691101,154.10080035898403,210.12957049329043
27873025,-3.25065,-0.50393,1.623488103691101,154.10080035898403,210.12957049329043
27878553,-4.645062,2.050284,1.522545103691101,190.0595810050062,21.44607732341842
27873028,-2.366308,0.065094,-0.059535896308898995,259.828755373882,239.9228871819701
27868751,-3.078045,-4.57453,4.242185103691101,38.31780105718877,303.7621199988662
27868751,-3.078045,-4.57453,4.242185103691101,38.31780105718877,303.7621199988662
27878563,-4.716366,1.92091,1.536294103691101,187.23482791554088,32.49477211928317
27875736,-0.775749,-3.639982,0.018868103691101146,200.22774983099256,388.7417089596137
27878566,-5.904169,2.173098,0.3075261036911011,248.96213861880327,41.25926088584163
27875741,-0.54013,-4.343376,-0.023336896308898902,195.0013407759876,403.2227926116684
27875756,0.421712,-14.233706,0.930458103691101,134.60571577069518,436.8578447866309
27873038,-5.621207,-3.285054,0.6935611036911011,179.97914791839946,223.51912059272584
27873038,-5.621207,-3.285054,0.6935611036911011,179.97914791839946,223.51912059272584
27878581,-5.097621,1.866999,0.7681481036911011,228.7388630260257,55.47546165895892
27878584,-4.963462,1.861542,0.6333571036911011,236.62882361039163,60.21771786062109
27878590,-5.089818,1.768293,0.699287103691101,230.30497249616863,63.80582588406372
27878592,-5.972051,1.817093,0.029332103691101175,252.4404924077249,67.08304692626888
27878600,-5.779451,1.694709,0.1424991036911012,247.49072486294023,73.18875167713671
27878619,-3.573958,1.296316,1.9602301036911012,143.24518786609346,87.41398723166367
27878622,-3.453698,1.23582,1.951602103691101,142.17624827688667,95.63289143200022
27873081,-2.809306,-2.184303,1.478806103691101,151.21103044424638,276.2729597894387
27873083,-2.30355,-1.207004,2.0240871036911012,118.27974062212029,274.25689328862376
27866223,-0.523676,-4.41304,-0.02728789630889894,194.5068051102528,404.1818414631798
27871204,-5.647131,-3.295324,0.4278761036911011,186.86194001775897,224.20237052337404
27871204,-5.647131,-3.295324,0.4278761036911011,186.86194001775897,224.20237052337404
27871205,-5.623003,-3.292073,0.5545241036911011,183.59409559378508,224.1326503921916
27871205,-5.623003,-3.292073,0.5545241036911011,183.59409559378508,224.1326503921916
27866228,-0.522595,-3.468192,0.35705910369110105,187.4747129332538,405.8369991032872
27868873,-1.954158,-13.96312,1.763752103691101,127.16391785629068,382.2633180223155
27868876,-0.543464,-2.17537,0.9146341036911011,170.23806587856268,407.8572951187016
27855279,-10.039046,1.000246,-0.519159896308899,232.84017328287572,78.78020563012657
27878668,-2.319864,1.010932,1.234925103691101,196.5188183464491,174.71577825507927
27878669,-2.301271,1.018417,1.212599103691101,198.8267664498915,175.60378283515027
27868888,-0.499097,-2.266145,0.913662103691101,169.25631312933774,411.7529857899759
27871224,-2.902703,-1.444603,1.768985103691101,139.89365133362236,253.7353500136615
27871224,-2.902703,-1.444603,1.768985103691101,139.89365133362236,253.7353500136615
27878672,-3.422792,0.023605,1.718296103691101,152.5097928669892,180.24641928122375
27866246,-2.744821,-13.031912,6.5937971036911005,27.782729731796564,372.9356031411382
27878675,-3.217216,0.021551,2.053404103691101,128.3912522539045,183.22477319877083
27873113,-3.064672,-4.995002,1.158215103691101,154.78428486549174,309.3036335704873
27868896,-1.884616,-13.419056,3.6675811036911012,88.97968725705414,387.3824066002715
27878683,-4.744317,-0.689495,0.06502210369110117,220.60211269881583,186.90731433985644
27878683,-4.744317,-0.689495,0.06502210369110117,220.60211269881583,186.90731433985644
27871238,-4.954448,-5.275541,0.09718510369110112,184.66817909811704,266.8765195053406
27871238,-4.954448,-5.275541,0.09718510369110112,184.66817909811704,266.8765195053406
27871240,-5.053297,-5.418113,0.3239151036911011,178.90784281301384,266.1968294950623
27868908,-0.943566,-10.781629,1.343658103691101,132.75743604980647,401.4906211209608
27871242,-4.214822,-4.358458,0.10369610369110105,189.237602980114,271.7109345716908
27868920,-0.42226,-6.935806,0.9816661036911011,144.8230941329992,416.5281957468837
27878708,-3.291404,-0.374174,1.748477103691101,147.7433133016629,202.2408358595104
27878708,-3.291404,-0.374174,1.748477103691101,147.7433133016629,202.2408358595104
27873126,-2.423889,-4.558356,0.03035610369110109,190.3518842061048,324.6271870991529
27871254,-2.709021,-1.92972,1.730240103691101,139.19394195013697,274.2321270058555
27866276,-0.527616,-4.101096,0.907562103691101,157.3324225162137,410.5310949668817
27866283,-0.242038,-4.883461,0.013653103691101176,188.86068589016529,419.8894947860688
27871259,-2.75962,-2.142273,1.5749441036911012,146.57613835665163,277.1757060436375
27878742,-5.587454,-3.240791,0.9927781036911011,172.10146650016864,222.22825769346736
27878743,-3.785745,-1.061698,0.08033710369110114,219.49326650731965,221.75924825736465
27878743,-3.785745,-1.061698,0.08033710369110114,219.49326650731965,221.75924825736465
27871264,-2.726989,-2.134646,1.753240103691101,137.77425130931732,277.9577532957088
27881613,-2.889224,0.533634,1.932734103691101,133.6492930533001,168.4228195099136
27881614,-3.471669,0.074067,2.086004103691101,129.49105370508744,171.04501380219793
27881615,-2.896457,0.591488,1.190066103691101,191.06973009641715,177.34773235382514
27881616,-2.930058,0.543598,1.229698103691101,187.55409906361223,178.14409956340427
27881617,-5.889204,-1.091552,-0.08006989630889882,216.67773443688185,176.46023652921753
27881618,-1.034619,1.747941,1.784557103691101,69.85298665533202,166.16897393361427
27881619,-2.379518,0.89527,1.1143611036911012,204.2137896036814,182.70366861402687
27881620,-5.149253,-0.887225,0.3296141036911011,208.0815469364304,181.9216503440649
27881621,-2.641446,0.586506,1.4678691036911011,169.695011085228,184.13635021363385
27881630,-2.9077,0.37259,1.291582103691101,180.88280343323825,187.606140368529
27881636,-2.948953,0.409027,0.9488401036911011,203.82804915939528,188.74943915883472
27881637,-4.50449,-0.477149,0.005109103691101069,226.615901497828,186.48051164352205
27881638,-2.526431,0.563456,1.5904371036911011,158.52073340131898,189.08750307611933
27881639,-2.549675,0.552915,1.545781103691101,162.37394256835296,189.3486240062226
27881649,-2.197173,0.915586,1.0193511036911012,214.14491728781684,192.99884312764476
27881653,-3.502694,-0.383555,2.121283103691101,127.37255125448377,191.147417541115
27881655,-2.072874,1.048267,0.877308103691101,232.49800734366448,193.35496866829743
27881657,-1.996596,1.046984,1.014062103691101,220.75375312693328,195.59242366404408
27881658,-2.855128,0.518049,0.4711841036911011,235.83826168703945,193.2697561416097
27881661,-2.706377,0.311123,1.370873103691101,174.04244091534903,198.5144101115196
27881662,-2.864661,0.20978,1.228574103691101,182.90891234025665,198.58557203948888
27881668,-2.434961,0.461493,1.5104471036911011,163.55650972353928,201.37574136214457
27881669,-3.416219,-0.229367,0.8259811036911011,199.6471334158399,201.18115929396137
27881673,-1.755989,2.09788,-0.019855896308898835,413.34031541772697,131.48494612588905
27881685,-0.811558,1.860463,1.522859103691101,181.5771317209849,214.00652782709483
27881689,-1.596285,1.146864,1.380365103691101,184.5719740901001,210.22725829868185
27881692,-1.565253,1.163694,1.340028103691101,190.60804778024976,212.4688979555437
27881693,-2.465705,0.378908,0.9958961036911012,201.8752557666525,211.2946511804905
27881694,-1.516091,1.207284,1.3294951036911011,193.6207935995596,213.22221924983407
27881695,-1.647295,1.084509,1.2743631036911012,196.48552322815,213.68706486164743
27881697,-3.029597,-0.045286,0.33471510369110113,229.1936536390914,212.46579605969345
27881700,-5.22193,-2.82486,2.529824103691101,124.35351619421976,214.73248153600764
27881701,-3.119365,-0.099438,0.086409103691101,239.37979578659449,213.3332480925621
27881702,-3.139595,-0.086682,0.011331103691101019,242.9450145443284,212.77848422709823
27881703,-3.179435,-0.236233,0.13625810369110103,233.8337420202332,215.63855649290863
27881707,-2.821815,-0.04486,0.13374310369110098,241.19976462671104,222.32686551819413
27881708,-3.977285,-1.964489,1.669212103691101,150.0274408664264,230.620148686238
27881711,-2.633192,0.018585,0.174831103691101,242.60535143601751,227.5603777972208
27881741,-3.870803,-3.520211,4.523540103691101,28.42502748444727,257.3297635138541
27881756,-3.40498,-3.062793,0.28423410369110114,192.92849977995752,274.2372764527104
27881758,-3.403007,-3.18148,0.3299691036911011,190.5478062643201,276.102360500877
27881760,-3.143887,-2.833951,0.7818541036911011,177.3262592673328,277.7830721928739
27881767,-3.063508,-3.13089,0.4088381036911011,188.36428526857503,285.82932182742263
27881776,-2.073147,-2.056198,1.9909401036911012,118.42243336331126,307.0450983908967
27881780,-1.911905,-1.508149,0.7075821036911011,191.52541794896004,304.91891126170844
27881799,-0.856989,1.485787,-0.0006248963088988368,427.8950539023955,294.4712416328094
27881824,-0.803805,-4.640927,1.1866891036911011,144.47954519543413,397.4815585503071
27881835,-0.510546,1.106969,1.428769103691101,164.8015755637268,427.2946292907399
27881838,0.373724,-13.004261,0.16781310369110103,151.4807845948239,434.03948256571937
27882059,-5.395301,2.534808,0.4502981036911011,256.8867511525219,13.12398804368894
27882061,-5.782928,2.165642,1.4756691036911012,193.56251941091867,12.719829853904798
27882062,-6.588844,2.218436,1.271973103691101,202.81999244590324,14.502557286279256
27882063,-4.716775,2.073955,1.7653531036911012,173.64362767614847,10.628089777941938
27882066,-3.864773,1.977345,1.955228103691101,151.40532378323326,12.729505806940807
27882069,-6.248645,2.147958,0.8800021036911011,220.7960410975711,28.668119368387323
27882075,-4.779588,1.884315,1.498731103691101,189.12558494295783,36.50273793473448
27882076,-6.601658,1.632656,1.684455103691101,178.22375707014166,41.24477041885382
27882081,-5.428628,1.797457,1.267625103691101,200.22005401223828,45.87558280521134
27882084,-6.21778,1.515663,1.7053401036911011,175.65339706663067,49.43800639394945
27882085,-3.487447,2.365814,-0.044241896308898854,323.9444441150169,52.2586688544412
27882090,-5.91624,1.483467,1.541636103691101,182.6688877492447,56.61904773066581
27882091,-6.152329,1.821951,0.2976611036911011,240.40443621978804,60.46207987735005
27882101,-6.202572,1.213095,1.665885103691101,175.06828460126667,67.21999506735361
27882102,-4.672588,1.682217,0.963468103691101,217.79594380419735,67.5901541058935
27882103,-4.541891,1.335588,2.161961103691101,139.30823323345857,63.85777030535221
27882111,-7.235148,0.476856,3.0713031036911014,118.15989326225656,71.49941442260999
27882112,-4.798018,1.37068,1.6372341036911011,174.62760569170874,71.7294458329113
27882113,-5.386832,1.461655,0.9386751036911011,211.76437605424252,74.76250081647058
27882114,-11.023841,0.763116,-0.561257896308899,228.29308174906967,80.42119095591997
27882115,-1.733099,2.056948,1.3046361036911012,240.521977524412,56.03843764615297
27882121,-5.586561,1.127649,1.645191103691101,174.03142968439371,77.96112981271293
27882123,-5.003597,1.543508,0.5082921036911011,235.7843733252901,82.90179472051838
27882128,-4.560698,1.362422,0.9805871036911011,211.7276989941358,90.24793102732431
27882132,-4.512386,1.303139,0.9837341036911011,210.78035449679737,94.68778025246884
27882133,-4.505033,1.302183,0.9320891036911011,213.57062709808164,95.94231665259588
27882136,-4.991488,0.7989,2.040949103691101,148.75398587955956,96.5491924147952
27882137,-4.983454,0.804912,1.9622361036911011,153.03716634883443,97.8179147681769
27882139,-8.109471,-0.832593,4.167059103691101,87.96457188851548,100.7134101535613
27882142,-2.006645,1.494974,2.4560631036911014,7.195659564527801,84.07105415066872
27882145,-4.466592,1.10996,0.892922103691101,212.5727789127827,108.9434673761539
27882146,-6.709913,0.335469,0.7753521036911011,201.7066246719753,113.26203100742512
27882148,-6.916023,-0.373082,2.5831911036911013,134.90330411198866,115.34489028556877
27882152,-6.076408,0.431984,0.5577251036911011,211.6070969107177,120.33252655973692
27882155,-5.991472,0.256628,0.8310311036911011,200.2055295101005,124.88267852167088
27882157,-19.040445,-4.094995,-3.3716548963088995,225.33664937957727,132.18608436507435
27882158,-1.055583,1.931395,1.825358103691101,29.075056458821365,69.8093772839006
27882159,-5.650677,0.395473,0.27805710369110104,222.74423770479336,131.28946579864947
27882160,-8.370425,-0.996074,0.9173751036911011,187.22035463789965,132.98261683588052
27882161,-4.393119,0.532328,1.575151103691101,169.40053199724352,130.2443437543936
27882162,-4.900046,0.530298,0.40871810369110106,223.42623974416864,137.1442037707571
27882166,-1.094798,1.933901,1.7004481036911012,110.34243902959928,88.4369615722797
27882169,-5.005943,0.339203,-0.038377896308898984,237.178292708639,148.20278352949458
27882170,-3.440098,0.570955,1.8911691036911011,143.82981784735546,147.01495043937348
27882171,-4.564093,0.444156,0.11572710369110117,236.17025952434136,151.1746005974616
27882173,-2.726792,1.137704,1.0407681036911012,214.10752333853983,150.38460847292427
27882177,-5.06547,-0.093434,-0.118429896308899,233.1704026748474,163.16576321252282
27882178,-4.639581,0.025682,0.3771521036911011,218.76737544989248,162.86541704679092
27882179,-4.185971,-0.093995,1.633454103691101,161.0794055816798,164.06606089150148
27882183,-4.62924,-0.616857,1.311812103691101,173.96290913969415,176.62196112452182
27882185,-4.260195,-0.49277,1.324686103691101,173.49843980797613,181.23729691981288
27882186,-2.214173,1.055435,1.388781103691101,182.550497471189,173.34416730556083
27882190,-2.095181,1.113881,1.337447103691101,189.13610519989516,176.49151356130403
27882191,-2.340587,0.973155,1.1417031036911012,203.95471441031287,178.50736669221885
27882193,-2.311616,0.91361,1.316768103691101,186.83587378736524,180.96089107382733
27882208,-3.001628,0.244869,1.222254103691101,183.9173303035269,191.336018992624
27882220,-3.113604,-0.078825,1.565413103691101,159.3395562826948,198.1475805821361
27882241,-5.329009,-2.898457,2.511970103691101,125.70671225844973,214.08478509991355
27882248,-4.966285,-2.530201,2.334821103691101,129.52625040111025,214.9252507947922
27882258,-1.955904,0.251492,2.640631103691101,32.63075567683774,228.96537320527224
27882264,-3.110956,-0.067542,0.02237610369110099,243.12471038796863,213.02002881498973
27882269,-5.197543,-2.803053,1.363596103691101,162.3401144903329,220.34011373883425
27882274,-3.004589,-0.160964,0.2814261036911011,229.7776383059475,218.2029152132637
27882276,-2.755757,0.050081,0.11754110369110116,244.9464446607801,221.58056043470611
27882281,-2.729626,-0.002574,0.14377110369110113,242.6474344356064,224.4690332007916
27882302,-7.029138,-7.336488,1.722091103691101,148.16031450914676,250.79458347029296
27882311,-3.415291,-1.988589,0.5515421036911011,192.48733627890329,253.22521687758012
27882313,-5.669887,-6.488474,1.642269103691101,147.3390043432442,264.40919337717867
27882314,-3.800287,-2.744334,0.3874341036911011,191.81536273728776,257.07561152904333
27882316,-2.478381,-1.436931,2.0572721036911013,118.9307793415035,271.5644951195449
27882318,-4.596753,-4.654996,0.593762103691101,175.22549771135505,265.9558690806105
27882323,-3.668314,-4.279462,2.291524103691101,121.9356540460065,281.74572392219983
27882324,-2.940397,-2.043988,0.9776261036911011,174.66225630279112,269.5175855090519
27882325,-3.036536,-2.134259,0.7163941036911011,184.86184150660625,268.5741905596477
27882329,-3.083802,-2.495025,0.9445361036911011,173.25336842002113,273.4094429724545
27871266,-4.42251,-3.872544,4.878024103691101,27.66244790386844,246.58183029518685
27871266,-4.42251,-3.872544,4.878024103691101,27.66244790386844,246.58183029518685
27878771,-2.704837,-0.733558,2.0319891036911013,122.9257484011382,238.33325581705648
27878771,-2.704837,-0.733558,2.0319891036911013,122.9257484011382,238.33325581705648
27878774,-2.629106,-0.725158,2.026712103691101,122.21698993807988,241.6962921747696
27878774,-2.629106,-0.725158,2.026712103691101,122.21698993807988,241.6962921747696
27871272,-2.552098,-2.580602,0.011300103691101127,208.1473587770305,295.6176496972193
27878795,-2.19048,-0.313045,0.02641810369110109,247.52965334713917,261.2066373634951
27878795,-2.19048,-0.313045,0.02641810369110109,247.52965334713917,261.2066373634951
27871277,-2.444084,-2.565084,0.0034281036911010254,208.9140364683612,299.5271479170575
27873174,-0.540948,-2.283071,1.0195881036911012,162.55172037501148,409.3611067394172
27878801,-2.808927,-1.822959,1.7715621036911011,138.13764030113862,267.38701530192355
27878801,-2.808927,-1.822959,1.7715621036911011,138.13764030113862,267.38701530192355
27878804,-3.066756,-4.412424,4.305343103691101,33.280289194093,301.84998916160794
27878805,-2.775063,-1.831178,1.829198103691101,134.87897281984496,268.8258887387934
27878805,-2.775063,-1.831178,1.829198103691101,134.87897281984496,268.8258887387934
27878806,-2.78786,-1.771534,1.676433103691101,142.9288531949373,267.3351481610704
27878806,-2.78786,-1.771534,1.676433103691101,142.9288531949373,267.3351481610704
27878810,-2.463845,-1.44009,1.979198103691101,123.49051899249088,272.62603646483063
27878810,-2.463845,-1.44009,1.979198103691101,123.49051899249088,272.62603646483063
27878813,-2.863531,-1.905253,1.530486103691101,150.17806322818237,267.84677167440304
27878813,-2.863531,-1.905253,1.530486103691101,150.17806322818237,267.84677167440304
27878816,-2.116482,-0.392157,-0.027815896308899024,249.3033610004654,267.7216702131764
27878816,-2.116482,-0.392157,-0.027815896308899024,249.3033610004654,267.7216702131764
27855406,-4.556551,0.72031,0.08144110369110114,242.6428886334568,139.97504022607583
27878867,-2.590832,1.020218,0.061145103691101044,280.9357819623654,182.92970284284357
27878885,-3.419982,-0.670352,2.051605103691101,130.41357254893262,206.42305159476135
27818370,-6.698442,0.823695,4.862366103691101,12.5615599147296,19.891226051022244
27878944,-2.466892,-1.5909,1.982879103691101,123.37505673039864,276.4119864749963
27878978,-2.670784,-2.685073,0.0006941036911010112,207.09390691105287,292.8740193794252
27871367,-1.522086,-5.493505,0.211058103691101,178.50586552083297,364.2440900144319
27879002,-1.806607,-2.156832,1.104200103691101,164.62916813928405,322.51941273063017
27876176,-5.63021,0.764896,4.531306103691101,0.6924376615484391,35.19577689419552
27876194,-4.563409,1.048555,0.5437381036911011,228.1842190408564,116.84361016990016
27811434,-5.82086,1.378529,0.08927610369110117,243.43345054584776,89.69316624052078
27876217,-5.174209,0.335818,0.07171310369110118,231.96471759809089,143.958894680593
27873522,-4.795625,2.598927,0.22123310369110105,281.0572577323335,14.642901615380737
27876220,-3.785645,0.579684,1.752882103691101,156.22991324167657,139.0678280079149
27876221,-1.586852,1.584558,-0.014137896308898945,366.21178366341246,201.7077800982657
27876221,-1.586852,1.584558,-0.014137896308898945,366.21178366341246,201.7077800982657
27858218,-7.82841,2.549578,0.09258910369110107,246.7034310875491,19.94308710573651
27861243,-5.892825,1.593998,0.09720510369110102,246.35345185767952,78.17971407971552
27876241,-3.449038,0.164274,1.576940103691101,162.31599878393226,174.40168197331943
27876241,-3.449038,0.164274,1.576940103691101,162.31599878393226,174.40168197331943
27873659,-1.162471,1.208507,-0.012451896308898869,359.8316369668963,271.4063380032481
27873659,-1.162471,1.208507,-0.012451896308898869,359.8316369668963,271.4063380032481
27873708,-4.918458,-2.324123,4.778795103691101,22.71060050525625,194.97510091833544
27873708,-4.918458,-2.324123,4.778795103691101,22.71060050525625,194.97510091833544
27873728,-4.479237,-2.253143,4.541106103691101,23.723930553588133,206.32941172268767
27873728,-4.479237,-2.253143,4.541106103691101,23.723930553588133,206.32941172268767
27848355,-8.90823,2.657553,-0.12750289630889888,247.31918794612355,18.099618954693995
27876364,-5.042902,-0.15584,0.11417410369110104,224.2877420213895,163.47042955925042
27876365,-5.060477,-0.19391,0.03754510369110098,226.3975224610528,165.10484077359607
27873786,-2.651611,1.021688,0.018747103691101108,282.1045043425734,180.91417159761832
27873786,-2.651611,1.021688,0.018747103691101108,282.1045043425734,180.91417159761832
27873788,-3.790708,0.432906,1.7299201036911012,156.76556941538934,147.6767081328531
27861440,-3.169484,1.652884,-0.034764896308898896,298.1839732551284,121.53888100206886
27876412,-4.813878,-1.411839,4.527366103691101,19.68688772590781,168.55285798541064
27876412,-4.813878,-1.411839,4.527366103691101,19.68688772590781,168.55285798541064
27876419,-1.306043,1.774266,-0.0213098963088989,418.3074937456112,208.59114770488011
27876419,-1.306043,1.774266,-0.0213098963088989,418.3074937456112,208.59114770488011
27873886,-2.362345,-0.001385,0.006134103691101123,254.51699124291756,242.10884340079485
27873886,-2.362345,-0.001385,0.006134103691101123,254.51699124291756,242.10884340079485
27876438,-4.054172,-2.369704,0.03409010369110099,205.93603332283,244.30456951344155
27876438,-4.054172,-2.369704,0.03409010369110099,205.93603332283,244.30456951344155
27861558,-4.123066,1.181282,1.7515831036911012,162.91984807439133,92.07482542215844
27873902,-5.57461,-2.682809,5.182740103691101,22.434863283904377,187.1321921200036
27876448,-2.095889,-0.39626,-0.01905789630889898,249.00184426408092,268.8934430038484
27876448,-2.095889,-0.39626,-0.01905789630889898,249.00184426408092,268.8934430038484
27873912,-2.209121,-0.42217,-0.01033789630889892,246.5145110903654,263.79627888579114
27873912,-2.209121,-0.42217,-0.01033789630889892,246.5145110903654,263.79627888579114
27873916,-4.35145,-2.403101,4.510943103691101,24.488503098833178,214.6936457640929
27873916,-4.35145,-2.403101,4.510943103691101,24.488503098833178,214.6936457640929
27873935,-4.148087,-2.830034,4.499733103691101,26.450414143366288,232.57130756108225
27873935,-4.148087,-2.830034,4.499733103691101,26.450414143366288,232.57130756108225
27873965,-3.994593,-5.0814,1.282985103691101,153.95166207173534,284.60941236879603
27876489,-3.684537,-4.467714,4.503659103691101,36.86895340724556,280.90018629814574
27876489,-3.684537,-4.467714,4.503659103691101,36.86895340724556,280.90018629814574
27876498,-3.388798,-4.338337,4.323938103691101,37.9112966673294,289.02996247255703
27876498,-3.388798,-4.338337,4.323938103691101,37.9112966673294,289.02996247255703
27876512,-2.071891,-2.416158,0.19872510369110108,203.9614479660455,312.7466532758657
27876515,-1.695703,-1.507124,0.021061103691101035,226.82089656271415,316.4187583213824
27861674,-5.077731,0.204656,0.08549310369110108,230.1171275180252,150.4704602479826
27876546,-2.18024,-5.44675,4.376014103691101,24.5203005094202,349.687580867232
27851798,-8.46788,2.730296,-0.01684389630889882,248.1758087400173,12.742648757820632
27856076,-4.173706,-2.619568,0.056827103691101,202.81365750035573,245.8487451252451
27876569,-1.066243,-4.724298,0.6638491036911011,166.33157007987597,381.6132498002452
27856082,-4.865327,-3.215446,0.20001410369110117,193.53331818403427,239.56897290647169
27856082,-4.865327,-3.215446,0.20001410369110117,193.53331818403427,239.56897290647169
27879503,-3.376583,2.603914,-0.0006158963088989111,340.93652885498534,24.161228289537945
27838346,-8.249322,2.682565,0.584681103691101,229.14661269398772,3.5891199206969304
27856098,-4.096792,-2.735841,-0.026236896308899027,204.4673534931068,250.1911765735109
27856098,-4.096792,-2.735841,-0.026236896308899027,204.4673534931068,250.1911765735109
27869597,-6.426721,0.063079,0.42904510369110105,211.03024840843955,130.10794647098413
27874065,-0.18589,-4.805055,-0.043935896308898936,191.7726502063466,422.6282510348325
27861739,-5.023185,-0.098731,0.05089010369110114,227.4015718699981,162.55574544324548
27856122,-8.042697,-5.188527,5.305793103691101,70.73249851836081,197.4367272944134
27856122,-8.042697,-5.188527,5.305793103691101,70.73249851836081,197.4367272944134
27879532,-3.268009,2.379334,0.009433103691101064,330.4902397076043,51.158232555563046
27879536,-4.449926,1.714314,1.8151321036911012,165.11796415493933,43.29748587677656
27879539,-3.275072,2.344523,-0.0074878963088989,329.1054932581143,55.59618615532764
27838351,-8.028406,2.531571,0.043431103691101036,246.51697593305025,21.62565004677134
27856138,-6.705677,-6.08854,-0.45562689630889897,192.21793691511667,246.5144556901496
27856138,-6.705677,-6.08854,-0.45562689630889897,192.21793691511667,246.5144556901496
27879551,-3.376141,2.277208,0.0018051036911010954,320.3739476685422,61.07205597139179
27861771,-4.987434,-0.321323,0.033612103691101014,225.22639789811527,170.7283998367106
27861771,-4.987434,-0.321323,0.033612103691101014,225.22639789811527,170.7283998367106
27861786,-3.714376,0.374434,1.7496831036911011,154.65512001272666,152.7048005558409
27861791,-5.511393,0.273003,4.404870103691101,16.837984671610116,73.41112074215684
27869640,-5.116597,-1.061106,4.601709103691101,17.545784560132688,146.39617192607432
27869640,-5.116597,-1.061106,4.601709103691101,17.545784560132688,146.39617192607432
27879590,-7.340511,0.036609,3.246114103691101,112.55593026942874,86.92808128484049
27879611,-5.690892,0.864544,-0.01909889630889894,239.90219536353885,115.8438013283922
27879624,-6.430453,0.021273,0.6772981036911011,202.56275673148505,128.85899067387385
27869679,-4.92033,-1.643712,4.598507103691101,22.16782236436836,173.92481502743493
27869679,-4.92033,-1.643712,4.598507103691101,22.16782236436836,173.92481502743493
27861872,-7.05192,-1.385947,3.172777103691101,114.78303012421846,140.53285357466177
27879652,-2.697145,1.059451,0.0026891036911009802,283.4632419492233,177.0432086459097
27879652,-2.697145,1.059451,0.0026891036911009802,283.4632419492233,177.0432086459097
27858725,-2.868096,0.337812,-0.20523289630889896,267.16303583553565,208.5244173075484
27879713,-1.575779,1.260133,-0.030174896308899024,338.8095638099199,228.67611707939412
27879713,-1.575779,1.260133,-0.030174896308899024,338.8095638099199,228.67611707939412
27869752,-7.320684,0.383201,3.680091103691101,92.99377312912968,65.53069582062295
27879726,-3.162155,-0.737968,1.758974103691101,144.6773456582772,221.0452110647312
27879726,-3.162155,-0.737968,1.758974103691101,144.6773456582772,221.0452110647312
27856258,-2.977754,-3.423002,-0.06200589630889897,201.5444442453792,293.31267207429926
27856260,-1.659999,-1.65503,-0.0042688963088988174,225.6101549932154,320.8649998271045
27869796,-3.854928,0.279076,1.581647103691101,164.90821840973297,156.29341154377948
27858778,-2.723649,0.182389,-0.15721489630889884,262.6820906642165,220.15640594876797
27858778,-2.723649,0.182389,-0.15721489630889884,262.6820906642165,220.15640594876797
27871884,-5.056885,2.490576,0.44587810369110104,260.8859312901793,16.883946680284794
27861997,-6.051676,-1.201331,5.193611103691101,11.368895357708311,127.34387804967116
27861997,-6.051676,-1.201331,5.193611103691101,11.368895357708311,127.34387804967116
27879796,-3.818159,-3.132894,0.0011281036911010567,200.79000555089945,264.1894282933847
27879798,-4.005331,-3.506746,-0.012579896308898997,198.0890936313568,265.13252939419567
27879802,-2.761961,-1.902411,1.635008103691101,144.43324426144443,271.63138170441346
27879802,-2.761961,-1.902411,1.635008103691101,144.43324426144443,271.63138170441346
27858803,-7.217708,-1.462531,3.2149651036911013,114.73163723962352,140.16176244803677
27838404,-2.933978,1.53235,-0.017416896308898977,298.55014115166153,137.23157070716172
27862058,-3.320692,-0.491394,1.754812103691101,147.11419742797494,205.8349944817581
27862058,-3.320692,-0.491394,1.754812103691101,147.11419742797494,205.8349944817581
27864454,-3.142892,1.620603,-0.034307896308898966,297.4829162878319,124.69368378243384
27864460,-3.053026,1.588743,0.00840910369110115,296.0697681585536,128.70013180872184
27864461,-5.583156,0.846537,4.4286011036911015,4.750727637787207,31.91419798400304
27862075,-5.133413,-1.254049,4.531224103691101,25.250696608170813,154.9033343921127
27879861,-5.076245,-1.235272,4.792111103691101,8.20162995823435,152.2436126462379
27879861,-5.076245,-1.235272,4.792111103691101,8.20162995823435,152.2436126462379
27838412,-3.020321,1.545092,0.015728103691101003,294.6091954637933,132.77989202515863
27876939,-4.896295,2.021377,0.8881921036911011,227.16176701641723,42.4528468833274
27879882,-2.91578,0.049688,1.963057103691101,130.85120373773174,195.09428719771492
27879882,-2.91578,0.049688,1.963057103691101,130.85120373773174,195.09428719771492
27879891,-3.618996,-0.668345,3.0862481036911014,68.90641336165282,188.58701027112875
27879891,-3.618996,-0.668345,3.0862481036911014,68.90641336165282,188.58701027112875
27876950,-4.204497,1.58033,1.796382103691101,163.79709242220204,57.804574706946255
27869908,-2.031072,-0.694771,-0.06130989630889894,244.66380206007196,280.8041845865348
27876952,-4.10469,1.427335,1.7871791036911011,162.4599500077704,72.3141964629711
27869910,-4.400576,-2.380049,4.531907103691101,24.207212400583217,212.44442449981676
27869910,-4.400576,-2.380049,4.531907103691101,24.207212400583217,212.44442449981676
27862142,-3.551584,-1.49527,0.10118210369110114,214.2055025093684,239.62003082863183
27862142,-3.551584,-1.49527,0.10118210369110114,214.2055025093684,239.62003082863183
27876958,-5.670168,1.357778,0.0602591036911011,245.4542639832493,92.8830756455728
27869917,-3.675398,-3.183208,0.058402103691101104,198.8429725800895,268.7791843613753
27869921,-4.165761,-3.754054,0.895311103691101,170.26479295700025,262.84679052957387
27869921,-4.165761,-3.754054,0.895311103691101,170.26479295700025,262.84679052957387
27876967,-5.465726,0.991624,0.067626103691101,240.4699313425892,112.40902686978777
27864517,-5.880527,1.111203,0.036986103691101,240.428854483889,102.05004877570155
27871950,-7.302989,0.373378,3.6197031036911014,95.49051363097192,67.08278081556153
27862165,-3.54759,-1.608212,0.07162310369110103,213.9560070520228,242.510021101855
27862165,-3.54759,-1.608212,0.07162310369110103,213.9560070520228,242.510021101855
27876980,-6.751547,0.078649,0.09452110369110112,220.49448049420693,128.72855659881984
27876989,-3.413254,0.559981,2.052175103691101,131.64619310085044,145.48177090362435
27879945,-4.136438,-3.602904,4.668069103691101,28.174001461798923,250.1792644651516
27876992,-5.10702,-0.023366,0.11715110369110104,225.6229565445292,157.68642869871218
27879949,-3.847698,-3.121336,-0.002982896308898919,200.96493813574543,263.2182076566983
27879949,-3.847698,-3.121336,-0.002982896308898919,200.96493813574543,263.2182076566983
27862181,-3.588513,-1.744048,0.02116310369110108,214.0407580572312,244.53506910296105
27862181,-3.588513,-1.744048,0.02116310369110108,214.0407580572312,244.53506910296105
27869944,-4.134624,-3.226382,4.591249103691101,26.95429258366136,242.21083401100395
27869944,-4.134624,-3.226382,4.591249103691101,26.95429258366136,242.21083401100395
27864557,-5.518003,0.234595,4.480182103691101,12.654284929778868,74.13115947521658
27862200,-3.735289,-2.025816,-0.06335389630889887,213.3303476591553,246.5543955107072
27862200,-3.735289,-2.025816,-0.06335389630889887,213.3303476591553,246.5543955107072
27879989,-3.494556,-4.328884,1.2539821036911012,155.29416111452588,288.6707229621623
27879992,-2.488636,-2.38105,1.9010441036911012,128.0527204094866,293.0599420777565
27880010,-3.849388,-6.417777,3.6964691036911015,82.34499602726757,301.8553720545927
27880010,-3.849388,-6.417777,3.6964691036911015,82.34499602726757,301.8553720545927
27877038,-2.531209,0.694028,0.004351103691101033,273.37781691028727,204.2444007103443
27877038,-2.531209,0.694028,0.004351103691101033,273.37781691028727,204.2444007103443
27877039,-2.669557,0.585884,-0.030538896308898833,268.9985353614401,203.8205889564125
27877039,-2.669557,0.585884,-0.030538896308898833,268.9985353614401,203.8205889564125
27880015,-3.582435,-6.043488,1.299021103691101,149.88083572786513,305.4553943838396
27880019,-2.645432,-3.653046,-0.0010248963088990148,198.09018987288533,307.2519415134581
27864582,-5.678335,0.686319,0.040629103691101065,235.11057811887264,122.48375188937936
27858987,-5.343388,-1.562535,3.089839103691101,102.15524960213746,175.64012289888908
27858987,-5.343388,-1.562535,3.089839103691101,102.15524960213746,175.64012289888908
27858995,-8.53478,-3.488058,5.211219103691101,70.47528744886716,159.00099291413227
27858995,-8.53478,-3.488058,5.211219103691101,70.47528744886716,159.00099291413227
27880039,-1.598752,-1.534023,-0.017562896308898956,228.88769172488367,322.2372173882745
27862233,-3.981851,-2.438571,0.1312451036911011,202.37566241922212,247.21533711434597
27862233,-3.981851,-2.438571,0.1312451036911011,202.37566241922212,247.21533711434597
27872001,-5.30543,-0.058497,0.06069810369110118,226.13916996942007,155.70278933803635
27862236,-7.426868,-4.58844,5.002126103691101,70.60518766886113,197.4164488027656
27862236,-7.426868,-4.58844,5.002126103691101,70.60518766886113,197.4164488027656
27864607,-2.901627,1.030079,-0.04875889630889896,280.60184832077675,171.60564672144926
27864607,-2.901627,1.030079,-0.04875889630889896,280.60184832077675,171.60564672144926
27864620,-2.904257,0.976042,-0.061171896308898965,279.2854514826436,174.75033579049455
27864620,-2.904257,0.976042,-0.061171896308898965,279.2854514826436,174.75033579049455
27862243,-5.694159,-4.335678,-0.06756489630889884,193.11886339007563,240.9323122496269
27862243,-5.694159,-4.335678,-0.06756489630889884,193.11886339007563,240.9323122496269
27864621,-4.676677,0.5908,0.025255103691101066,241.5062012941516,143.8771029965161
27864638,-2.872565,0.917706,-0.06364489630889891,278.02494634418406,179.18971168108013
27864638,-2.872565,0.917706,-0.06364489630889891,278.02494634418406,179.18971168108013
27870016,-3.854741,-5.600951,4.806324103691101,38.745559243843246,291.6766781431718
27870016,-3.854741,-5.600951,4.806324103691101,38.745559243843246,291.6766781431718
27874485,-4.208869,1.246702,1.606852103691101,173.48576519718074,89.38282018651603
27877116,-4.218992,-4.425159,4.786088103691101,34.05303180992252,263.17799034794
27877116,-4.218992,-4.425159,4.786088103691101,34.05303180992252,263.17799034794
27877119,-2.22985,-0.215222,0.0334761036911011,249.15778598009527,255.990291246278
27877119,-2.22985,-0.215222,0.0334761036911011,249.15778598009527,255.990291246278
27877123,-2.196559,-0.251258,-0.04759289630889896,252.9409828273509,259.28095745504845
27877123,-2.196559,-0.251258,-0.04759289630889896,252.9409828273509,259.28095745504845
27877135,-6.228889,-1.019522,0.11938510369110111,210.69549303155776,167.5331765996975
27870040,-3.769627,-7.550426,5.187864103691101,40.53396214086936,315.0836181353998
27870040,-3.769627,-7.550426,5.187864103691101,40.53396214086936,315.0836181353998
27877150,-4.988974,-0.646132,0.06644510369110113,220.0613274715592,180.3426313656473
27877150,-4.988974,-0.646132,0.06644510369110113,220.0613274715592,180.3426313656473
27874509,-1.532865,1.434277,-0.017456896308899017,355.622573669149,219.0247061367973
27874509,-1.532865,1.434277,-0.017456896308899017,355.622573669149,219.0247061367973
27864693,-2.604148,0.831688,0.0007531036911010425,277.0087804935196,193.8882259438744
27864699,-3.711189,0.65265,1.7463761036911012,156.62632854299136,136.81113928823396
27877206,-4.507115,-2.386891,4.475580103691101,29.767271015022203,209.9980050442929
27877206,-4.507115,-2.386891,4.475580103691101,29.767271015022203,209.9980050442929
27874542,-3.615957,0.200263,1.7194881036911012,154.81032947788464,165.24991739705314
27877210,-4.14022,-2.157234,0.12005710369110112,204.98033860450468,237.48447160263672
27877210,-4.14022,-2.157234,0.12005710369110112,204.98033860450468,237.48447160263672
27862363,-1.973445,-1.335403,-0.11587889630889903,234.3280087342721,298.5834931385475
27859153,-2.144141,-0.758876,-0.06619389630889883,242.23039473550307,276.69576607904264
27874552,-1.271547,1.247899,-0.02199989630889898,356.5457899295369,257.1880615480552
27874552,-1.271547,1.247899,-0.02199989630889898,356.5457899295369,257.1880615480552
27877228,-2.098325,-0.514734,-0.047182896308898936,247.47081261283452,272.3298263727349
27859160,-4.007227,-2.48077,0.11468810369110116,202.48854539850237,247.39701084174905
27877243,-1.98894,-0.710529,-0.038860896308898996,243.63085795604127,283.3925507961901
27862382,-5.926816,-5.381797,4.622245103691101,70.3297052947338,238.6191418938285
27859182,-4.013471,-2.683697,0.24002710369110103,196.8400209516139,250.60159908068724
27848555,-0.466751,0.745565,-0.010528896308898972,365.5179351787072,391.2191248460539
27870134,-0.263222,-2.092119,0.267539103691101,211.75295330658236,424.9048832764167
27862408,-4.109205,-4.239028,1.2727711036911011,157.0085580309824,270.7071607828097
27877280,-1.668195,-1.49322,-0.05113889630889901,230.73850495182305,317.62054719312954
27859236,-2.011654,-1.08064,-0.06309689630889892,236.54278012748395,291.1666114226485
27864816,-3.064438,1.49684,-0.02347889630889899,293.63295825416054,135.779163937435
27874640,-5.534857,-3.367943,3.427053103691101,96.78451446829236,215.14708386222856
27874640,-5.534857,-3.367943,3.427053103691101,96.78451446829236,215.14708386222856
27859267,-1.955521,-1.27461,-0.08721389630889886,234.3185864097985,298.2258874041265
27870192,-0.100935,-7.090807,1.5571061036911011,122.70666531099548,434.99046327117264
27874655,-4.349712,-3.010623,4.6391541036911015,26.42087129998936,230.3271550653241
27874655,-4.349712,-3.010623,4.6391541036911015,26.42087129998936,230.3271550653241
27874659,-3.158571,-0.899087,1.745066103691101,144.86872787884306,226.91131083854617
27874659,-3.158571,-0.899087,1.745066103691101,144.86872787884306,226.91131083854617
27862482,-2.672716,-3.28678,0.13244510369110118,196.7434883715563,301.5408057522497
27864873,-4.161489,1.147973,1.750602103691101,162.92532204695357,93.82571125732863
27864879,-3.409388,1.291484,1.9503111036911012,141.96520366416615,91.61574483418572
27862527,-3.173634,-4.759382,0.41913710369110113,177.94099020829222,303.54746461678394
27880474,-3.370394,2.684722,0.027454103691101128,345.0870424404649,12.412379550664468
27872209,-4.617633,-2.639201,4.579044103691101,30.34072183599392,213.3820545329665
27872209,-4.617633,-2.639201,4.579044103691101,30.34072183599392,213.3820545329665
27838505,-2.818188,1.25205,-0.018458896308898964,289.52937930312294,160.700674728646
27880483,-4.637293,2.063382,1.622177103691101,183.3991159133093,16.743213999391656
27872214,-5.115511,-3.887036,4.267880103691101,64.112514572441,231.31662190359324
27872214,-5.115511,-3.887036,4.267880103691101,64.112514572441,231.31662190359324
27880495,-3.909369,1.813234,1.9717101036911011,149.2176635271107,31.122203461700025
27859356,-2.707519,-2.729117,0.5772921036911011,185.3430925994745,291.68656978085426
27859367,-2.756296,-3.208953,0.11848510369110099,197.79854002831493,297.5618216212944
27874726,-4.957347,-0.538635,4.5622621036911015,5.085661029595769,125.62339257558794
27880514,-4.426284,1.646846,1.7840251036911012,166.53672227173274,50.32946737209906
27880516,-3.811996,1.641165,1.969493103691101,147.1875253369147,50.31593200186069
27838516,-5.873152,1.436257,0.08634910369110105,244.1182706598677,86.3887566581862
27872245,-4.223729,-4.011206,4.890842103691101,24.813005959060348,255.08279759922132
27872245,-4.223729,-4.011206,4.890842103691101,24.813005959060348,255.08279759922132
27880553,-3.14606,2.021957,-0.01767289630889901,316.1257060454841,90.74524757417127
27874764,-4.254457,-2.331672,-0.019674896308898848,207.52836994426823,238.60565176151928
27865001,-7.289164,-0.375278,1.416296103691101,175.97706079050727,123.3785931208405
27880568,-2.983638,1.724363,0.0034591036911011397,304.9078700481052,120.27614296067432
27874778,-4.204592,-2.119681,4.382524103691101,23.588375005083066,211.44633716252304
27874778,-4.204592,-2.119681,4.382524103691101,23.588375005083066,211.44633716252304
27859436,-1.639554,-2.13715,-0.1099558963088989,222.47993883550788,329.0354825698115
27862595,-2.262595,-4.360653,-0.0021208963088990007,192.84667094943424,328.2356497247936
27859442,-3.97443,-5.570057,1.1846131036911012,155.29757141093123,290.7781811135981
27880599,-2.794777,1.363826,0.021083103691101,292.5794442522288,153.31552401918162
27880599,-2.794777,1.363826,0.021083103691101,292.5794442522288,153.31552401918162
27880614,-3.466075,0.124152,2.080307103691101,129.84531868492445,168.69765294365814
27880614,-3.466075,0.124152,2.080307103691101,129.84531868492445,168.69765294365814
27862609,-2.279575,-4.427926,0.49005410369110103,176.5430629429205,328.89126363116713
27865040,-3.075268,0.864966,1.9325351036911012,137.23847830401084,137.70584635556543
27880623,-7.515304,-2.216995,-0.5583468963088989,215.05535542225476,179.23069640908486
27880623,-7.515304,-2.216995,-0.5583468963088989,215.05535542225476,179.23069640908486
27844705,-2.955667,1.494912,-0.03985289630889888,297.56981255794767,139.7435578957137
27874819,-2.690415,-2.604592,0.034035103691101076,206.70020237865145,290.84515819119224
27862624,-3.965415,-6.931546,4.163275103691101,71.3309153495068,303.9118662025801
27862624,-3.965415,-6.931546,4.163275103691101,71.3309153495068,303.9118662025801
27862628,-1.325746,-2.830681,-0.10785389630889886,213.8025221274362,353.1989417628258
27865064,-3.799016,0.491138,1.752545103691101,155.77586315624458,143.820622513903
27874824,-0.927891,0.701915,-0.012816896308898817,329.36308653305457,323.286969572669
27880640,-3.000167,0.103838,2.0235061036911013,127.58230861390749,187.86673289296616
27865070,-3.736456,0.473627,1.614479103691101,163.8948951770518,148.84263689936603
27865118,-7.718879,-0.968206,3.5690421036911006,105.8619202845972,115.57964219556932
27865133,-5.792921,0.170442,4.6392051036911015,12.049388960939666,71.82392114265079
27880694,-2.903111,-0.43832,2.0420671036911013,124.84906814516576,217.5641993753133
27865144,-2.556369,0.608258,-0.038137896308898966,272.31919218441664,207.8149017614931
27865144,-2.556369,0.608258,-0.038137896308898966,272.31919218441664,207.8149017614931
27862683,-1.722489,-4.578607,0.7880721036911011,164.3330558706553,352.2149289805783
27874887,-2.761188,-6.182477,4.405749103691101,42.073241038151735,333.3910291971152
27862712,-1.394185,-4.11004,0.658937103691101,170.79944352149246,362.8238447553965
27880752,-2.523103,-0.774152,1.9647191036911011,124.97798821448272,249.14530455190425
27880752,-2.523103,-0.774152,1.9647191036911011,124.97798821448272,249.14530455190425
27865214,-5.605387,-0.19467,4.552975103691101,18.932964807807508,96.62764523802332
27880782,-2.976529,-5.322141,4.571277103691101,30.141815478992584,317.1007195384874
27880782,-2.976529,-5.322141,4.571277103691101,30.141815478992584,317.1007195384874
27838568,-4.618554,1.175528,0.08945110369110099,250.94571176406484,116.81901974881671
27877685,-3.532239,2.450204,-0.04554189630889893,327.0981724371672,42.9723014895464
27838569,-2.736253,1.076036,-0.017648896308898987,284.37869742697734,174.80203518172533
27838569,-2.736253,1.076036,-0.017648896308898987,284.37869742697734,174.80203518172533
27880796,-3.169933,0.204417,2.035631103691101,129.1443322697288,175.50740553604848
27880796,-3.169933,0.204417,2.035631103691101,129.1443322697288,175.50740553604848
27867835,-8.103516,2.750189,0.05191910369110109,249.08837354888897,10.273191534980016
27865243,-2.476249,0.376137,-0.04210989630889883,266.4289127688881,222.07453847415707
27877717,-4.27069,1.605479,1.644882103691101,175.1392708823922,59.500640094516086
27867868,-3.31494,2.129148,-0.005014896308898953,314.94354733279147,76.90728591946842
27877732,-4.569928,1.346014,0.6371561036911011,229.23225562995563,98.21392117542874
27877763,-5.024078,-0.115468,0.1360791036911011,224.1304794451497,162.27600361173745
27865331,-6.503839,-1.532933,4.221546103691101,69.43472915081648,143.192764335482
27877771,-3.527506,0.081092,1.720026103691101,153.47515285244722,173.96690958608676
27865332,-5.510159,-0.739899,4.690594103691101,17.53046825563399,123.21018027051215
27877786,-4.796159,-0.658809,0.12714710369110116,218.6068747409433,184.36932220251288
27852576,-7.528565,-2.429034,4.722881103691101,69.47618743004651,150.16051471942822
27877798,-2.719625,0.662358,-0.03718789630889896,270.9224607201033,198.10462720630647
27877798,-2.719625,0.662358,-0.03718789630889896,270.9224607201033,198.10462720630647
27877801,-1.51388,1.422217,-0.018067896308898934,355.8510244487339,221.60637970483657
27877801,-1.51388,1.422217,-0.018067896308898934,355.8510244487339,221.60637970483657
27877821,-2.570104,0.394421,-0.01526089630889893,263.9015429963289,216.7217211093292
27877821,-2.570104,0.394421,-0.01526089630889893,263.9015429963289,216.7217211093292
27877826,-4.452032,-3.34732,4.732559103691101,28.473858277025755,234.9632569801524
27877826,-4.452032,-3.34732,4.732559103691101,28.473858277025755,234.9632569801524
27840223,-1.738947,2.064435,-0.016231896308898985,410.1747889729304,137.0089564754746
27868022,-5.57445,0.982854,4.391705103691101,3.861915714984377,22.04710901577573
27815714,-5.788426,1.272473,0.017415103691100997,244.5660976338266,96.19212860777012
27877859,-3.112123,-0.953057,1.7445251036911011,144.34758434965113,230.5295039705084
27877859,-3.112123,-0.953057,1.7445251036911011,144.34758434965113,230.5295039705084
27865432,-5.229156,-1.237908,4.586550103691101,24.302235920871283,151.5527267788545
27865432,-5.229156,-1.237908,4.586550103691101,24.302235920871283,151.5527267788545
27877879,-4.114369,-2.442922,0.013755103691101,205.7837688880482,244.2100772603009
27877879,-4.114369,-2.442922,0.013755103691101,205.7837688880482,244.2100772603009
27877896,-3.755728,-2.548322,0.180167103691101,200.1909362864519,255.35420010704524
27877896,-3.755728,-2.548322,0.180167103691101,200.1909362864519,255.35420010704524
27848702,-2.558383,0.582359,-0.04280189630889897,271.66456960559907,209.0091700353334
27877904,-2.148491,-0.334681,-0.03537189630889892,250.7598973749521,264.331545110698
27877904,-2.148491,-0.334681,-0.03537189630889892,250.7598973749521,264.331545110698
27868103,-5.979637,0.433845,4.669293103691101,10.59566485088547,53.08550493277872
27840270,-5.146367,2.456576,0.21240710369110105,270.3484401760461,26.45503473767687
27877930,-6.822001,-2.440519,3.860062103691101,91.4560801128836,167.3573698680406
27877930,-6.822001,-2.440519,3.860062103691101,91.4560801128836,167.3573698680406
27865503,-3.651229,-1.581911,0.04986210369110111,214.6865959411587,238.86496711001783
27865503,-3.651229,-1.581911,0.04986210369110111,214.6865959411587,238.86496711001783
27877950,-2.633216,0.838686,-0.017839896308898817,277.71218041235903,192.5069462465561
27877950,-2.633216,0.838686,-0.017839896308898817,277.71218041235903,192.5069462465561
27877968,-2.551384,0.407467,-0.0035418963088988953,263.9785715688911,216.8777793981025
27877968,-2.551384,0.407467,-0.0035418963088988953,263.9785715688911,216.8777793981025
27877970,-2.450638,0.470108,-0.004270896308898875,267.8102144539489,218.7661618551243
27877970,-2.450638,0.470108,-0.004270896308898875,267.8102144539489,218.7661618551243
27868147,-5.523498,0.297046,4.470021103691101,12.221713692426306,70.32041317577938
27877989,-4.02133,-3.209191,4.622658103691101,22.60874874034556,245.23240840974347
27877989,-4.02133,-3.209191,4.622658103691101,22.60874874034556,245.23240840974347
27877998,-2.734937,-1.890563,1.7820961036911012,136.85071159902742,272.0795738374842
27877998,-2.734937,-1.890563,1.7820961036911012,136.85071159902742,272.0795738374842
27848735,-2.550726,0.498246,0.018677103691101093,265.6050157889867,212.59775874294857
27848735,-2.550726,0.498246,0.018677103691101093,265.6050157889867,212.59775874294857
27865590,-3.943889,-2.437018,0.1443291036911012,202.03374131444176,248.1652074024421
27865590,-3.943889,-2.437018,0.1443291036911012,202.03374131444176,248.1652074024421
27868195,-2.885706,1.085653,-0.026287896308898828,281.7436527997018,168.601093007567
27868195,-2.885706,1.085653,-0.026287896308898828,281.7436527997018,168.601093007567
27865621,-2.097534,-0.707564,-0.022259896308898908,241.6900739752998,277.5850078677064
27848758,-2.514152,0.428963,0.026574103691101136,263.61554745511535,217.3254851984509
27848758,-2.514152,0.428963,0.026574103691101136,263.61554745511535,217.3254851984509
27878033,-2.141169,-1.724751,1.971952103691101,120.0330902539721,296.41578791904413
27878035,-2.066529,-1.597489,2.023091103691101,115.59127993649945,297.60716847446207
27878044,-2.279847,-2.503921,1.6707771036911012,137.53386857956718,304.9712066136333
27865659,-4.393081,-2.315522,4.585470103691101,20.14881318687509,210.36808966718385
27865659,-4.393081,-2.315522,4.585470103691101,20.14881318687509,210.36808966718385
27868253,-2.660094,0.969548,0.002383103691101063,280.84468519209645,183.83478903122605
27868253,-2.660094,0.969548,0.002383103691101063,280.84468519209645,183.83478903122605
27844841,-5.753909,1.036502,-0.009622896308898898,241.86283605885285,107.57760525158778
27870802,-4.567033,2.69906,0.18544210369110115,292.0829286508208,6.190494300696059
27848772,-2.515479,0.379328,0.01074110369110115,262.93510669457703,219.60706523974065
27848772,-2.515479,0.379328,0.01074110369110115,262.93510669457703,219.60706523974065
27878074,-2.121333,-4.091555,0.08795210369110107,192.0626492323521,330.87956700949974
27848775,-2.447062,0.348897,-0.03743289630889901,265.8285803688362,224.5686571663325
27848775,-2.447062,0.348897,-0.03743289630889901,265.8285803688362,224.5686571663325
27868280,-7.410265,-0.743658,3.184671103691101,116.52360260282856,115.6940205280833
27878080,-2.57475,-6.566384,5.2728391036911,7.502631732416631,344.97156052423867
27868312,-4.474333,0.281461,0.049156103691101016,236.74138832026856,160.41163780881038
27870835,-5.09333,2.465287,0.3563691036911011,264.2377554767249,21.667905748704385
27881332,-4.646496,2.096637,1.5714131036911012,187.41538707103476,15.322601585626984
27881341,-4.887088,2.064602,1.159888103691101,212.52961205644547,31.18001016311805
27881345,-4.801345,2.057801,1.0754521036911011,217.9091184419016,34.61247616639011
27865772,-2.877471,-3.145147,0.00821010369110109,201.89426256784768,292.6109889048629
27865797,-3.851879,-4.483231,1.2774351036911011,155.30965976810273,280.7735780756695
27865806,-2.307463,-2.434859,0.03768310369110117,209.52597775963767,302.943239778701
27870888,-3.738171,1.678805,1.964172103691101,147.01040891984627,47.276731928600014
27872761,-2.94502,2.054394,-0.010667896308898861,325.57646156607336,91.99759955944548
27872764,-4.690096,1.853124,0.9949671036911011,219.22737001090368,53.96878434971464
27844875,-2.693911,0.91711,-0.03284789630889895,280.1397493508351,185.88922675323963
27844875,-2.693911,0.91711,-0.03284789630889895,280.1397493508351,185.88922675323963
27865816,-2.823315,-3.457872,-0.017656896308898995,200.05510559536597,298.77806044910585
27868384,-6.963341,-1.414149,3.151745103691101,114.84135913324896,142.784612561235
27872779,-1.22178,1.778563,-0.015544896308898881,429.4594449376352,217.16531716842
27872779,-1.22178,1.778563,-0.015544896308898881,429.4594449376352,217.16531716842
27870914,-1.409063,1.505029,-0.015148896308898818,372.0077425004039,224.17014158856
27870914,-1.409063,1.505029,-0.015148896308898818,372.0077425004039,224.17014158856
27865834,-2.104443,-2.324587,0.03356410369110119,211.71473867380237,309.852197073959
27881423,-7.700443,0.07803,-0.12288389630889895,223.1986287920002,119.88855327413856
27872787,-1.43531,1.661435,-0.01244389630889886,387.7215389586521,207.42898949583576
27872787,-1.43531,1.661435,-0.01244389630889886,387.7215389586521,207.42898949583576
27881433,-7.015374,-0.332249,0.08979110369110099,215.70797573956847,137.7679558247629
27872791,-7.278852,0.169855,3.079456103691101,118.51375055114094,84.3123011751675
27872796,-1.414208,1.585647,-0.019822896308898885,381.1448703955739,216.7028783291929
27872796,-1.414208,1.585647,-0.019822896308898885,381.1448703955739,216.7028783291929
27865845,-3.277256,-4.09806,1.269812103691101,154.7318311660865,292.0637011315921
27868408,-4.708663,-0.909622,4.322868103691101,20.43137135831992,152.56034030855827
27868408,-4.708663,-0.909622,4.322868103691101,20.43137135831992,152.56034030855827
27881452,-2.855256,0.90218,-0.057148896308898856,277.48110045338507,180.5985274673301
27875320,-3.247854,2.016647,-0.08410389630889892,316.25981457188885,91.06685301971802
27875323,-4.788001,1.657571,0.5878191036911011,236.20949144842635,76.73854656036337
27875327,-5.719327,1.203768,0.030211103691101027,243.4721916880744,99.99855845262807
27868427,-2.488346,0.488016,-0.02483589630889882,268.85429353388434,216.39361190339932
27844892,-2.713169,0.835589,0.011558103691100996,274.21159508909,188.87930869577187
27844892,-2.713169,0.835589,0.011558103691100996,274.21159508909,188.87930869577187
27868439,-3.67805,0.082775,1.582906103691101,162.54355867343594,170.98287656359847
27868439,-3.67805,0.082775,1.582906103691101,162.54355867343594,170.98287656359847
27872811,-1.551208,1.488041,-0.029110896308898848,360.4410822547802,213.32174425555047
27875345,-7.083332,0.151753,0.024234103691101128,222.10063295004372,123.07597774648032
27819963,-3.402383,2.56815,-0.026622896308899024,338.9722898136945,29.61222875294928
27848887,-3.637211,0.460883,2.923130103691101,67.45256316571087,127.44651365889877
27872827,-1.531814,1.371773,-0.015210896308898825,349.7587454039621,223.94840903529555
27875386,-3.581997,0.175841,1.7448601036911011,152.86468420887826,167.17909170292043
27844906,-2.614116,0.765161,-0.02415389630889897,275.82208444654015,197.2817479565932
27844906,-2.614116,0.765161,-0.02415389630889897,275.82208444654015,197.2817479565932
27870986,-5.230617,-0.365621,0.032910103691101034,223.54573079884503,167.29231036220233
27865955,-1.460994,-2.308001,-0.05121589630889889,218.2311253814115,340.7243505506192
27875398,-3.562054,0.021007,1.5987711036911012,160.58385690378807,177.30162577764392
27875398,-3.562054,0.021007,1.5987711036911012,160.58385690378807,177.30162577764392
27865958,-1.369544,-2.122008,-0.03599589630889888,220.951731469208,343.5753187106001
27868496,-6.40053,0.070437,0.42455910369110106,211.320226392564,130.2658697135712
27868500,-6.901432,-0.306515,0.190580103691101,213.41052168253884,137.602063479697
27872856,-4.950802,-0.500842,0.02985110369110111,223.23903820965003,177.0999280053276
27872866,-1.349468,1.12518,-0.017508896308898958,339.97071509105706,257.2365348881878
27872866,-1.349468,1.12518,-0.017508896308898958,339.97071509105706,257.2365348881878
27868518,-1.409571,1.502282,-0.017739896308898828,371.8862865416756,224.40231901571104
27868518,-1.409571,1.502282,-0.017739896308898828,371.8862865416756,224.40231901571104
27881597,-4.440705,-4.431228,0.5238701036911011,177.90720799312697,266.6617123751117
27881597,-4.440705,-4.431228,0.5238701036911011,177.90720799312697,266.6617123751117
27881612,-3.465909,-3.014313,0.004402103691101056,202.2096593952255,272.1819356293676
27865992,-2.327633,-5.026556,0.3936741036911011,176.34651964344846,332.533985636055
27875453,-4.665077,-2.796099,4.723924103691101,26.28840884989077,215.4261160828972
27875453,-4.665077,-2.796099,4.723924103691101,26.28840884989077,215.4261160828972
27865999,-1.292333,-2.549944,-0.009502896308899,213.620421957702,352.6577286863932
27875473,-3.42996,-1.182318,0.611792103691101,198.01072132976017,232.977130210749
27875474,-3.881205,-2.700014,4.3463651036911015,26.40930566528468,238.57876705936783
27875474,-3.881205,-2.700014,4.3463651036911015,26.40930566528468,238.57876705936783
27875489,-2.771799,1.234389,0.006961103691101034,288.4739103862871,163.1305304830163
27875489,-2.771799,1.234389,0.006961103691101034,288.4739103862871,163.1305304830163
27866011,-1.206876,-2.530555,-0.053157896308899,216.20885454737973,357.0646116072285
27875500,-5.161646,-0.396487,0.054744103691101165,222.73775871746705,169.40345080265422
27875500,-5.161646,-0.396487,0.054744103691101165,222.73775871746705,169.40345080265422
27866044,-3.30775,-8.493011,2.3415281036911013,120.1096723427137,332.07058204574366
27855105,-8.834799,2.742808,-0.11490189630889902,248.6720203698985,13.955509204356416
27818253,-5.843491,1.470697,0.0967481036911011,244.5800827537966,84.8477391610009
27866046,-1.116413,-2.854849,0.018054103691101053,208.89248748765928,365.2301680428736
27868610,-4.576614,-2.176932,4.580015103691101,22.85084107214638,200.9663501253749
27868610,-4.576614,-2.176932,4.580015103691101,22.85084107214638,200.9663501253749
27871076,-4.831895,-2.432477,4.761019103691101,23.16576298255768,200.56030929817408
27871076,-4.831895,-2.432477,4.761019103691101,23.16576298255768,200.56030929817408
27868617,-4.470531,-2.576346,4.6960881036911015,20.129452636651507,214.9852034077176
27868617,-4.470531,-2.576346,4.6960881036911015,20.129452636651507,214.9852034077176
27868630,-4.1575,-2.802479,4.596327103691101,21.23659565019662,231.0524019605021
27868630,-4.1575,-2.802479,4.596327103691101,21.23659565019662,231.0524019605021
27875588,-4.146742,-2.291252,0.10340110369110111,204.2784173632385,240.08920246729107
27875588,-4.146742,-2.291252,0.10340110369110111,204.2784173632385,240.08920246729107
27875593,-2.181625,-0.178674,-0.01209989630889896,253.2103897382808,257.49641992602113
27875593,-2.181625,-0.178674,-0.01209989630889896,253.2103897382808,257.49641992602113
27866085,-1.453415,-4.082723,0.6566971036911011,171.1859273676466,359.87928600607347
27875597,-4.438954,-2.83499,4.648496103691101,25.550766211715853,223.20806086230985
27875600,-4.035073,-2.466948,4.368562103691101,25.47268424174038,227.1328138087439
27875600,-4.035073,-2.466948,4.368562103691101,25.47268424174038,227.1328138087439
27875634,-1.933356,-0.839315,-0.039297896308899016,241.2983035152298,289.6006822192302
27875646,-1.796226,-1.098712,-0.018750896308898923,235.96848453706565,302.95921834990213
27868670,-2.259965,-2.475692,0.008401103691101142,210.3218911880724,305.5390830841255
27875654,-1.773173,-1.159382,-0.022095896308898855,235.0772111336519,305.5019109618647
27875656,-1.800013,-1.253743,0.018276103691100998,230.9625995578327,305.93989603175214
27875659,-1.777237,-1.320613,0.01407410369110118,230.05071673759016,308.50049064557675
27868678,-2.039841,-2.363444,0.006952103691101108,212.52533785711267,313.2925218139469
27872989,-3.661307,0.004936,1.5739861036911011,162.42078328544832,175.23057921120852
27872989,-3.661307,0.004936,1.5739861036911011,162.42078328544832,175.23057921120852
27875676,-1.947194,-2.357536,0.30692610369110107,200.3632809529161,317.6478334397998
27875680,-1.561309,-1.631426,-0.02443889630889884,227.67941340039476,325.93084377469745
27868702,-2.272636,-2.497504,1.718920103691101,135.0981439497846,305.19041116855306
27875686,-1.498012,-1.703171,-0.0013938963088988565,225.71236975478027,330.6922550078228
27866121,-2.354421,-5.192993,4.741323103691101,7.07904768445448,340.75621240369617
27878535,-3.661548,2.775734,-0.03965089630889884,341.3038742749932,4.469122433793132
27878555,-3.380026,2.538736,-0.021162896308899004,337.71605189681856,33.01482926218242
27878561,-3.375054,2.475746,-0.03866989630889894,334.9756149692675,41.1355494950071
27875730,-1.156614,-4.80247,0.6624591036911011,166.23249386987058,377.7308837764151
27878562,-5.881804,1.066565,4.535780103691101,2.330468125149025,10.728711366916173
27808640,-9.199925,0.130506,-0.361784896308899,224.5486279133699,106.89983839625764
27817476,-5.856036,1.489873,0.09353410369110104,244.9374368226591,83.82494662256758
27875747,-0.296743,-2.092422,0.35464910369110103,206.33104206516592,422.9938194190695
27868775,-1.233359,-2.621068,0.006015103691101142,212.1732073073242,356.663237137257
27868785,-1.672906,-3.904036,0.7343031036911011,169.73998085023254,348.77172928908016
27868786,-1.660458,-3.932915,0.6595791036911011,172.43240641690585,349.3612092208785
27873046,-4.828487,-1.747839,4.599752103691101,21.411863614101065,179.9011931271399
27873046,-4.828487,-1.747839,4.599752103691101,21.411863614101065,179.9011931271399
27868792,-1.100193,-3.027149,-0.017776896308898893,208.2483648600984,367.2468043028426
27873049,-3.147295,-0.983783,1.7425981036911011,144.62731694959376,230.18639211515557
27873049,-3.147295,-0.983783,1.7425981036911011,144.62731694959376,230.18639211515557
27866189,-0.61856,-4.00032,0.01816910369110114,196.6651000634644,398.56900759662506
27878606,-3.158967,2.05743,-0.015860896308898864,317.48468014587564,87.08178222054752
27878614,-4.101506,1.293234,1.754035103691101,163.59472484208692,83.97870493409923
27873073,-3.992992,-2.454528,4.511964103691101,16.191799355814993,227.2786778594004
27873073,-3.992992,-2.454528,4.511964103691101,16.191799355814993,227.2786778594004
27878625,-3.053227,1.779136,-0.029062896308899022,307.3785821811512,114.65286465505052
27878633,-5.438681,0.848611,0.04919210369110116,238.99409828658892,119.27828907334286
27878646,-5.11213,0.274453,0.15884010369110113,228.22005596769824,146.42023882693172
27878653,-2.932464,1.186072,-0.023911896308898895,284.35143793344054,160.7881367214327
27878653,-2.932464,1.186072,-0.023911896308898895,284.35143793344054,160.7881367214327
27873097,-2.290074,-2.498644,0.205274103691101,202.28526504697516,304.6255561102979
27868877,-0.526711,-2.237863,0.8404541036911011,174.24324312388413,408.5487382728562
27873100,-3.894372,-4.121278,4.762679103691101,25.306947356827862,267.6665160575544
27873104,-0.448504,1.186739,-0.004566896308898949,433.55668788134267,389.4502387701712
27868887,-1.844106,-12.904223,2.7954541036911014,106.1002238550637,385.2269309679201
27871222,-6.405999,-4.777276,5.022253103691101,59.980014369318326,218.00569323079569
27871222,-6.405999,-4.777276,5.022253103691101,59.980014369318326,218.00569323079569
27878684,-2.722778,0.77677,-0.007614896308898889,273.05928787000784,191.83733787511292
27878684,-2.722778,0.77677,-0.007614896308898889,273.05928787000784,191.83733787511292
27873117,-0.616386,0.571756,-0.018835896308898814,337.4123245558239,368.8839679480205
27868903,-0.646779,-4.630592,1.319072103691101,137.67196592571742,407.038617259948
27871239,-3.302928,-2.875456,0.04159410369110117,202.519203930868,274.7546053978372
27878692,-1.382585,1.560258,-0.026707896308898915,381.5879070425745,222.1246801327676
27878695,-4.083279,-1.976914,4.279758103691101,24.072726912720725,211.44283599968333
27878695,-4.083279,-1.976914,4.279758103691101,24.072726912720725,211.44283599968333
27868922,-0.454789,-7.104315,1.217511103691101,136.84132271772512,416.46437796155845
27878724,-2.466085,0.469194,-0.010180896308898957,267.82713413671786,218.13728117476683
27878724,-2.466085,0.469194,-0.010180896308898957,267.82713413671786,218.13728117476683
27878737,-2.814583,-0.479701,2.035583103691101,124.081110177229,223.29957477314417
27878737,-2.814583,-0.479701,2.035583103691101,124.081110177229,223.29957477314417
27873140,-2.237243,-5.47943,0.028690103691101143,184.51653403412365,338.60467918749055
27881634,-4.914347,-0.809744,0.07294710369110113,218.2252756367592,186.5858204799188
27881709,-2.436653,0.418715,-0.009238896308898958,266.6717221976471,221.77435407034991
27881764,-3.392334,-3.961435,1.792894103691101,137.71229760032577,286.0950751089175
27881772,-2.217518,-1.762335,1.9856631036911012,120.23498077392888,293.16714855527965
27881773,-4.029249,-6.018432,-0.12279089630889883,185.95994647574,294.8140121107904
27881814,-1.371795,-4.939249,0.9101841036911011,157.18993944823904,369.8156333224054
27882058,-3.402716,2.742787,0.02863210369110103,347.5571324447553,4.583103562364386
27882080,-7.859975,1.512842,1.3942811036911011,189.45299248383373,47.51224457607145
27882131,-6.97112,-0.169039,3.618475103691101,93.66012170903784,93.80391710982414
27882134,-3.094718,1.947675,-0.008307896308898943,313.38210649393307,98.44779018626636
27882141,-3.026858,1.896493,0.025023103691101056,310.94651717805203,103.75577682661442
27882153,-6.954516,0.148667,0.2759201036911011,215.1087916905306,122.16111105980526
27882174,-6.00081,-1.529865,3.094417103691101,108.69778565840454,161.93618734574866
27882287,-3.111728,-1.065573,1.619719103691101,150.68033141699044,234.992852181477
27873143,-3.294326,-6.355084,4.704283103691101,40.6218622770472,317.5157881086455
27866304,-1.323731,-6.966973,4.555904103691101,18.162684097546617,396.4673587984122
27871271,-2.76586,-2.809045,0.4370271036911011,189.95521357538215,290.97977028882684
27866326,0.031105,-5.507041,0.01964810369110115,183.6187716449554,433.7447349394027
27878800,-3.957615,-4.647522,3.0510521036911014,98.5238808991308,277.66259691137066
27878800,-3.957615,-4.647522,3.0510521036911014,98.5238808991308,277.66259691137066
27878808,-4.645381,-4.765686,0.953398103691101,165.52511212238676,265.6700134377567
27878815,-4.456843,-4.428209,0.7712821036911011,171.33334330309572,265.7883086655648
27878821,-3.359237,-4.666282,3.810684103691101,62.62444221535128,295.3650318503543
27878821,-3.359237,-4.666282,3.810684103691101,62.62444221535128,295.3650318503543
27866348,0.140691,-5.414022,-0.011138896308898971,185.42526898533237,439.810110366603
27878824,-3.654048,-3.32589,1.221692103691101,160.41101139762748,269.25367619602343
27878824,-3.654048,-3.32589,1.221692103691101,160.41101139762748,269.25367619602343
27878831,-5.313962,-0.889984,4.833591103691101,6.066659793882451,131.65389451321127
27878831,-5.313962,-0.889984,4.833591103691101,6.066659793882451,131.65389451321127
27871289,-3.767994,-4.845273,2.5904161036911013,113.01928042832368,286.32806979525594
27878838,-5.515503,-1.104971,4.991111103691101,6.604041989500558,135.24035051450485
27878838,-5.515503,-1.104971,4.991111103691101,6.604041989500558,135.24035051450485
27871292,-2.78321,-4.106058,-0.10884989630889885,197.6557488044304,308.08336292933404
27871294,-2.750256,-4.052579,-0.005005896308899027,194.93528145413583,308.53681667655525
27871296,-2.418437,-2.593292,1.692982103691101,137.39744770260495,300.2425666651405
27871300,-0.507523,0.737229,-0.018450896308898956,361.8351526856956,383.80209253800143
27855431,-4.91933,0.481972,-0.07464189630889884,241.51612392216097,144.7688937520577
27878881,-5.13161,-1.902633,4.641266103691101,28.73777353118757,177.53704874221012
27878881,-5.13161,-1.902633,4.641266103691101,28.73777353118757,177.53704874221012
27871306,-3.246267,-5.237677,0.9260681036911012,161.43831120123832,306.5296813554066
27871316,-1.918427,-2.332408,1.058371103691101,166.1797649481324,319.3896041565805
27871318,-1.911829,-2.324351,1.1355711036911011,162.4078770146328,319.68280323955634
27878913,-2.644756,-0.648088,2.027023103691101,122.36082926822716,238.04486656803812
27878913,-2.644756,-0.648088,2.027023103691101,122.36082926822716,238.04486656803812
27871320,-1.491572,-2.05315,-0.08917889630889886,223.78276733560585,335.7734430173359
27878924,-2.271893,0.15278,0.022249103691101002,259.4380944978451,240.6847437231637
27878924,-2.271893,0.15278,0.022249103691101002,259.4380944978451,240.6847437231637
27871326,-1.910956,-2.343312,1.754094103691101,130.05654907265432,320.7584495498179
27878936,-2.432422,-1.241744,1.9644051036911012,123.92676946047678,268.72347919039004
27878936,-2.432422,-1.241744,1.9644051036911012,123.92676946047678,268.72347919039004
27871330,-3.912106,-6.976195,3.6923651036911007,85.18374135114422,305.758388125426
27871331,-1.902104,-2.321064,1.940178103691101,119.5288459437253,321.11366517370186
27871333,-0.38956,0.61774,-0.016681896308898825,358.0721187964048,406.3789215092857
27878962,-3.800688,-4.979573,2.9466101036911008,101.56170168221664,286.8039035020704
27878962,-3.800688,-4.979573,2.9466101036911008,101.56170168221664,286.8039035020704
27871358,-2.946741,-9.240041,2.181043103691101,122.39307454683552,345.03867342118025
27855536,-6.696767,-0.574548,0.02708110369110117,216.1306161962137,149.35593369335572
27871364,-1.661276,-5.281345,0.7021881036911011,163.9851555859516,359.1752715379876
27878987,-1.85021,-1.124735,0.018353103691101103,233.1106660622916,300.5383944866797
27878993,-3.033988,-5.144887,0.7831001036911011,165.4089477694766,311.6960989774512
27878999,-1.948015,-2.359815,0.7514911036911011,180.58184593936085,318.0393348154479
27855574,-4.673578,-0.185685,-0.09079589630889884,233.26462554975376,174.12515101079174
27855574,-4.673578,-0.185685,-0.09079589630889884,233.26462554975376,174.12515101079174
27826523,-5.724801,2.015612,-0.04520589630889882,262.2902350291697,59.36998971928364
27871396,-0.724342,-2.137045,0.9830831036911011,167.01063055364216,393.3074395587833
27876175,-4.572873,1.666753,1.0144761036911012,215.23059327121047,68.53814316591496
27876181,-4.62407,1.546512,0.6460631036911011,232.39550327719743,84.74761613093418
27876185,-4.663798,1.517987,0.5582521036911011,235.88568720370765,87.8858326582772
27876191,-4.385988,1.163246,0.588557103691101,229.5257688357768,113.02132062747869
27876200,-2.949757,1.438308,-0.05437089630889891,296.0894476563186,144.24872505435576
27876215,-5.988256,-1.082673,5.239505103691101,5.199074764341702,122.79394240933028
27876215,-5.988256,-1.082673,5.239505103691101,5.199074764341702,122.79394240933028
27876219,-4.930394,-0.67625,4.655246103691101,0.937051812534861,131.7073757750269
27876219,-4.930394,-0.67625,4.655246103691101,0.937051812534861,131.7073757750269
27855697,-6.613403,-1.021981,3.1741641036911012,110.40890209444623,135.27026253121255
27876229,-4.853354,-1.234235,4.512983103691101,18.578444167038043,160.67479247300935
27876229,-4.853354,-1.234235,4.512983103691101,18.578444167038043,160.67479247300935
27876247,-4.45048,-1.452949,4.591587103691101,6.087425775752337,178.93027065053286
27876247,-4.45048,-1.452949,4.591587103691101,6.087425775752337,178.93027065053286
27876265,-2.529715,0.587813,-0.022339896308898988,271.2562431317592,209.81978053260943
27876265,-2.529715,0.587813,-0.022339896308898988,271.2562431317592,209.81978053260943
27873633,-2.642511,0.823424,-0.02787689630889889,277.5311257156206,193.0566427991725
27876293,-5.226842,-2.322243,2.888287103691101,110.8932059502429,200.8306052955521
27876293,-5.226842,-2.322243,2.888287103691101,110.8932059502429,200.8306052955521
27873656,-3.782277,0.029597,1.575621103691101,163.08656295821342,170.4290938918329
27873656,-3.782277,0.029597,1.575621103691101,163.08656295821342,170.4290938918329
27873660,-5.039498,-1.279973,4.503125103691101,24.861184532397232,158.3419586040518
27873660,-5.039498,-1.279973,4.503125103691101,24.861184532397232,158.3419586040518
27861317,-5.307578,2.223033,0.36011210369110114,254.5569509002731,39.3656269914529
27873732,-2.332807,0.026387,-0.048441896308898835,258.64511485593533,242.91105833829675
27855817,-4.868265,-0.548103,4.265225103691101,22.22308148618322,132.65330869989475
27855817,-4.868265,-0.548103,4.265225103691101,22.22308148618322,132.65330869989475
27855818,-5.5145,-1.057914,3.3370941036911015,91.39003303901076,153.02954783415203
27873759,-6.445491,0.026342,0.25273810369110117,216.17718806348668,132.86310607816512
27873760,-5.551538,0.259159,0.026006103691101012,230.28178196005055,140.75039678756718
27873768,-6.838081,-0.354599,0.4842341036911011,204.5668954537363,137.19572204707214
27876358,-2.192186,-0.257642,0.03423110369110116,248.5061207545976,259.3068160140484
27876358,-2.192186,-0.257642,0.03423110369110116,248.5061207545976,259.3068160140484
27876362,-6.627799,-0.566917,5.367254103691101,6.288707102020027,89.13767120495629
27873794,-3.967068,0.221857,0.6391491036911011,213.3246704195463,168.38995012829082
27876387,-2.628135,0.900127,0.00752010369110101,278.6285276601794,189.02482522826855
27876387,-2.628135,0.900127,0.00752010369110101,278.6285276601794,189.02482522826855
27873815,-1.29385,1.7976,-0.018418896308898924,423.308521995105,207.19622422234707
27873815,-1.29385,1.7976,-0.018418896308898924,423.308521995105,207.19622422234707
27873827,-2.731949,0.602633,-0.055034896308898906,269.72906673956754,200.6821623704577
27876408,-2.609339,0.567698,0.006183103691101088,267.47907625501955,206.8752400426909
27876408,-2.609339,0.567698,0.006183103691101088,267.47907625501955,206.8752400426909
27855887,-0.571129,0.602288,-0.009684896308898905,342.3574969377483,375.4312783637436
27876410,-4.514207,-1.060768,4.527985103691101,4.0759719016360805,161.49975842043588
27876410,-4.514207,-1.060768,4.527985103691101,4.0759719016360805,161.49975842043588
27855895,-5.450884,-1.223115,4.688748103691101,23.94096209595213,145.22547508617728
27855895,-5.450884,-1.223115,4.688748103691101,23.94096209595213,145.22547508617728
27873867,-2.983618,-0.066294,1.9696441036911012,131.13585818895075,197.9826623634258
27861522,-3.027247,1.385412,-0.0257498963088989,290.0720642388424,144.71498920209632
27873887,-2.326799,0.036555,-0.049177896308898905,259.0670502420113,242.83862452850775
27873887,-2.326799,0.036555,-0.049177896308898905,259.0670502420113,242.83862452850775
27873888,-2.356474,-0.068153,-0.003946896308898884,253.3258844405885,244.8667718776545
27873888,-2.356474,-0.068153,-0.003946896308898884,253.3258844405885,244.8667718776545
27873895,-2.30797,-0.187516,-0.002275896308898906,250.7477677563161,251.35214075406884
27873895,-2.30797,-0.187516,-0.002275896308898906,250.7477677563161,251.35214075406884
27861547,-4.923523,0.976185,-0.045799896308899024,249.3518555487551,123.28301906161585
27873896,-3.196511,-0.953821,1.774834103691101,143.34948511731906,227.0816781056841
27873896,-3.196511,-0.953821,1.774834103691101,143.34948511731906,227.0816781056841
27876443,-2.245111,-0.237611,0.013068103691101118,249.4648953392322,256.0631711514961
27876443,-2.245111,-0.237611,0.013068103691101118,249.4648953392322,256.0631711514961
27873900,-2.221675,-0.168842,-0.03274689630889882,254.01643518168916,255.2182386917231
27873900,-2.221675,-0.168842,-0.03274689630889882,254.01643518168916,255.2182386917231
27873901,-2.745864,-0.500365,2.031757103691101,123.3851280564185,227.3512543961141
27873901,-2.745864,-0.500365,2.031757103691101,123.3851280564185,227.3512543961141
27876447,-4.141192,-3.583256,1.1414741036911011,163.41637255776064,260.20989574640186
27876447,-4.141192,-3.583256,1.1414741036911011,163.41637255776064,260.20989574640186
27873905,-2.248479,-0.3419,-0.009536896308898868,247.96879748802124,259.3511273357344
27873905,-2.248479,-0.3419,-0.009536896308898868,247.96879748802124,259.3511273357344
27873908,-2.171309,-0.312178,-0.042146896308898896,251.3974541211434,262.4827962494933
27873908,-2.171309,-0.312178,-0.042146896308898896,251.3974541211434,262.4827962494933
27861573,-2.792556,1.265837,0.004845103691101027,289.38323621816005,160.32810886014835
27876453,-4.128716,-3.815369,0.30698310369110104,186.95596758109164,265.9419085360897
27876453,-4.128716,-3.815369,0.30698310369110104,186.95596758109164,265.9419085360897
27876454,-2.117287,-0.543497,0.008416103691101018,243.70418150988127,271.97051225709095
27873927,-2.058551,-0.789304,-0.01632789630889886,239.97575351238729,281.69940019137044
27855978,-3.69945,-0.515628,3.9515781036911015,4.051440769009759,166.825568490489
27855978,-3.69945,-0.515628,3.9515781036911015,4.051440769009759,166.825568490489
27876485,-1.853822,-1.01014,-0.03303789630889886,238.0212515465746,297.8781615026353
27876491,-4.205986,-6.265347,0.05377810369110114,180.88602268622105,293.14016081319664
27873968,-4.436471,-6.533161,-1.2896308899001951e-05,181.06511589093645,290.7507760751648
27876505,-1.74095,-1.303878,-0.042887896308899,233.43874365478197,310.1491132971505
27873982,-1.693238,-1.724865,-0.03873389630889901,225.7702308239905,320.17367637673186
27869543,-7.69895,1.511165,2.657127103691101,139.89207055664548,25.626836522787983
27876516,-3.054996,-5.281308,0.3997691036911011,175.76252878397543,312.33208057372383
27876520,-1.89465,-2.295987,1.463365103691101,145.67458495087843,320.5055143039308
27876521,-1.901332,-2.30534,1.853793103691101,124.41214405614312,320.7833931845742
27874008,-1.884604,-2.465276,1.8558081036911012,124.15301002541337,324.2682011908448
27876541,-1.316308,-2.215765,0.056877103691101105,215.4566975039712,348.019380548726
27874021,-1.854318,-4.163172,0.8140941036911011,165.7747934198819,343.4336571366031
27858546,-10.137896,0.437088,5.189646103691101,68.37288946337944,29.282340307247324
27879494,-3.533742,2.682936,0.008891103691101021,338.0592938151865,13.640749045915667
27879495,-4.688821,2.102407,1.855259103691101,167.33840411255449,4.40363285466222
27879496,-8.336259,2.368223,0.9754691036911011,211.4260736528131,12.5776748869161
27874036,-0.869368,-2.062724,0.185649103691101,213.75706976650383,375.5964357501673
27879502,-3.47317,2.595237,0.018161103691101133,334.50805785484255,24.11555877282308
27856086,-5.894181,-2.785745,5.207645103691101,28.93289758661496,183.1599963773455
27856100,-4.976041,-3.50828,0.153233103691101,192.8566914731005,242.1323838659773
27856100,-4.976041,-3.50828,0.153233103691101,192.8566914731005,242.1323838659773
27856107,-3.868154,-1.256284,4.214992103691101,8.192098154811447,192.7271234457096
27856107,-3.868154,-1.256284,4.214992103691101,8.192098154811447,192.7271234457096
27879517,-7.601164,2.196095,0.10055010369110118,242.64654971245437,37.95570332477246
27879556,-3.355015,2.227465,-0.0033648963088990236,318.7211828946064,66.5918520828794
27856156,-5.023715,-2.711766,5.299994103691101,4.679155122680555,199.9040812517304
27856156,-5.023715,-2.711766,5.299994103691101,4.679155122680555,199.9040812517304
27869635,-4.879835,-0.837347,4.434737103691101,17.017776177726404,143.8031681230185
27869635,-4.879835,-0.837347,4.434737103691101,17.017776177726404,143.8031681230185
27879570,-4.790944,1.734766,0.5246721036911011,241.0336311488761,73.05962830827337
27861787,-4.533247,-0.211795,-0.04257989630889902,231.99550440858383,177.7101064228912
27879576,-3.273455,2.078043,0.006167103691101072,313.0095263510316,82.14509858690386
27869646,-2.629326,0.466375,-0.040471896308899025,266.47342502466347,211.1766430464709
27869646,-2.629326,0.466375,-0.040471896308899025,266.47342502466347,211.1766430464709
27879598,-3.172384,1.863768,0.01302010369110107,305.0706149623378,103.31480743359089
27879607,-4.243337,1.18247,0.9958161036911011,209.27622529572287,106.65565061583273
27879609,-4.395865,1.211226,0.643227103691101,227.63582447348264,109.04710658230736
27861843,-7.580422,-1.385827,3.4020731036911007,111.18204763948258,131.62390361237306
27879625,-6.388772,0.131182,0.20300910369110103,219.05684939735724,130.7024510509719
27879654,-4.361316,-1.657683,4.582288103691101,8.009320529477122,189.37249102150736
27879654,-4.361316,-1.657683,4.582288103691101,8.009320529477122,189.37249102150736
27864308,-8.649591,2.498631,-0.09389089630889891,245.8701230446196,24.95261363174916
27869704,-4.973056,-1.892843,4.586723103691101,27.797419470315475,181.4581793483613
27869704,-4.973056,-1.892843,4.586723103691101,27.797419470315475,181.4581793483613
27856232,-1.726712,-1.442908,0.015378103691101153,228.05582948371693,313.5624752990284
27879671,-4.416539,-1.975542,4.446411103691101,23.11517423328345,200.067325238682
27879671,-4.416539,-1.975542,4.446411103691101,23.11517423328345,200.067325238682
27869747,-6.88031,-0.004171,0.7240811036911011,200.1416684335071,123.41401501911923
27869751,-6.37321,0.084077,0.3504931036911011,213.9171304003707,130.9552655495562
27869766,-6.904808,-0.536423,0.06319010369110112,214.88152868958124,145.1591573173468
27869769,-7.035713,-0.234827,2.681892103691101,132.12455446461297,107.77294839600056
27869773,-6.826742,-0.181735,3.0359601036911013,116.57898281535418,103.68972969992063
27871865,-4.741664,2.652078,0.38109610369110103,275.24383454364147,4.137169005863029
27861979,-5.562467,-0.812188,4.849681103691101,10.855523121407344,123.32070250050997
27879782,-4.528218,-4.005683,1.0493921036911011,165.4448338399675,257.4627912307251
27879782,-4.528218,-4.005683,1.0493921036911011,165.4448338399675,257.4627912307251
27856307,-1.607907,-2.006434,-0.04775589630889887,221.9975720671594,328.972068102148
27862017,-5.936015,-1.266412,5.149639103691101,11.83848054624974,132.45195938575645
27862017,-5.936015,-1.266412,5.149639103691101,11.83848054624974,132.45195938575645
27879817,-3.750199,-4.776318,2.651371103691101,110.7287433873576,285.8512395910007
27879817,-3.750199,-4.776318,2.651371103691101,110.7287433873576,285.8512395910007
27871901,-8.155899,2.365641,0.16094110369110104,239.4014142297412,27.49689526366052
27869853,-5.421294,-0.942966,4.615045103691101,22.943663649316107,135.01469782234932
27869853,-5.421294,-0.942966,4.615045103691101,22.943663649316107,135.01469782234932
27864440,-3.122724,1.66214,-0.011020896308898909,298.5364749051599,121.56465957217614
27862052,-5.846447,-1.440117,5.138260103691101,12.990830883912082,141.00212920776363
27862052,-5.846447,-1.440117,5.138260103691101,12.990830883912082,141.00212920776363
27862062,-5.955108,-2.064801,3.4927081036911014,94.3666363243442,174.98799923381358
27862062,-5.955108,-2.064801,3.4927081036911014,94.3666363243442,174.98799923381358
27862067,-4.665602,-0.826789,4.550669103691101,2.4608671423877126,146.57735338112516
27862067,-4.665602,-0.826789,4.550669103691101,2.4608671423877126,146.57735338112516
27871919,-6.09834,2.034115,0.2326971036911012,247.37023759044263,50.23835293272046
27879865,-2.777874,0.28047,1.934093103691101,131.44737632016597,188.91589337179911
27876918,-4.813177,2.570161,0.5617911036911011,260.86351914360563,5.75065109249195
27876929,-5.156444,2.420243,0.4273091036911011,258.38259080537074,23.12838120522088
27869878,-4.894159,-1.57406,4.568807103691101,22.06543758807001,172.3087999553951
27869878,-4.894159,-1.57406,4.568807103691101,22.06543758807001,172.3087999553951
27862108,-5.045866,-1.430596,4.534652103691101,25.57796653105225,163.71416943714456
27862108,-5.045866,-1.430596,4.534652103691101,25.57796653105225,163.71416943714456
27820265,-5.936109,1.47602,-0.008389896308898859,247.8451401620704,85.3522393227667
27879873,-2.798835,0.901412,-0.023414896308898925,276.7476119225451,182.35150439406087
27879873,-2.798835,0.901412,-0.023414896308898925,276.7476119225451,182.35150439406087
27864488,-5.901183,1.278149,0.7146391036911011,216.7420392771442,83.43071558327136
27869885,-5.582432,-2.228473,5.379636103691101,6.638195146555006,171.58667476064016
27869885,-5.582432,-2.228473,5.379636103691101,6.638195146555006,171.58667476064016
27851994,-5.05438,1.190256,-0.07491289630889897,253.46937064922972,111.49143852667142
27879879,-2.804529,0.850689,-0.03654989630889882,275.5840699017122,185.04296864406876
27879879,-2.804529,0.850689,-0.03654989630889882,275.5840699017122,185.04296864406876
27869895,-4.7437,-2.079526,4.637204103691101,22.377217452171408,192.9345871958008
27869895,-4.7437,-2.079526,4.637204103691101,22.377217452171408,192.9345871958008
27869900,-4.592333,-2.106978,4.804025103691101,9.77030857732683,196.49592540208465
27858893,-8.305834,-2.679338,3.6684261036911012,110.22418666842928,153.8974821733428
27879911,-5.231021,-2.31116,5.123228103691101,12.360752314405744,184.2383005363324
27879911,-5.231021,-2.31116,5.123228103691101,12.360752314405744,184.2383005363324
27862140,-5.423969,-1.881677,4.804695103691101,26.71227873942445,168.80799379108925
27876956,-4.430539,1.47612,1.024237103691101,211.93335794125264,83.63192952119041
27864516,-5.288151,1.199335,0.506000103691101,227.5523477501512,98.20944017073327
27876963,-4.506725,1.298103,0.530868103691101,234.08958161854852,104.16717623203454
27858917,-5.779245,-1.063638,5.0181381036911015,11.5558510618566,128.40273161832891
27858917,-5.779245,-1.063638,5.0181381036911015,11.5558510618566,128.40273161832891
27879936,-4.095272,-2.386174,4.702240103691101,6.869657037483506,220.7641118998956
27879936,-4.095272,-2.386174,4.702240103691101,6.869657037483506,220.7641118998956
27871958,-7.23017,0.147038,3.270809103691101,110.27702752227836,82.97878145985021
27871959,-7.274023,0.176479,2.9339461036911008,124.27682168432084,86.10925759780648
27864529,-4.922919,1.160661,-0.009872896308898982,251.59371411220937,113.99644251572413
27858936,-4.530685,-0.495912,4.396136103691101,0.9773024230188696,135.327420406204
27858936,-4.530685,-0.495912,4.396136103691101,0.9773024230188696,135.327420406204
27862190,-4.755389,-1.563262,4.874116103691101,0.130609411313344,172.11537315419898
27862190,-4.755389,-1.563262,4.874116103691101,0.130609411313344,172.11537315419898
27858950,-5.763066,-1.700346,2.944896103691101,112.58110436302476,172.58960164202264
27858950,-5.763066,-1.700346,2.944896103691101,112.58110436302476,172.58960164202264
27877007,-9.467278,-2.828674,-0.7765828963088988,211.8255130178255,168.28501817181194
27864568,-4.752339,0.937701,0.022063103691100983,247.50023551504464,127.1127988125346
27877027,-4.323127,-1.669595,4.661529103691101,2.1439988603506777,190.15797700555572
27877027,-4.323127,-1.669595,4.661529103691101,2.1439988603506777,190.15797700555572
27880005,-3.593408,-5.231961,1.2189081036911011,154.07718225785783,296.82664714421475
27880006,-2.500524,-2.462696,0.45928810369110107,192.2810440418275,295.3600080184726
27864573,-4.27387,1.04803,0.553512103691101,229.8984902188361,122.2915624928094
27880008,-2.474096,-2.773526,1.5291651036911011,144.9527221977287,300.9774837428726
27862209,-5.284188,-2.170709,5.015385103691101,16.973517431903645,179.4843092692089
27862209,-5.284188,-2.170709,5.015385103691101,16.973517431903645,179.4843092692089
27869973,-0.551219,0.716478,-0.01646089630889902,355.8582684961105,376.6345573071322
27869977,-1.650007,-1.667176,-0.08361589630889887,229.1681306025508,321.5036227288203
27880023,-3.759769,-7.491254,0.05487410369110113,175.64792415372946,313.2461391071993
27880029,-1.943384,-2.347298,0.682292103691101,183.86090229102356,318.00960767111366
27864594,-5.458425,0.618501,0.025735103691101102,236.07151670292876,128.73207797843585
27869988,-1.620289,-1.671001,0.019915103691101166,224.4492081202237,323.3388086904813
27874455,-7.04677,1.850537,2.571942103691101,139.8098500749244,7.629607909193709
27862231,-4.506844,-1.647813,4.758661103691101,1.3277828533657328,183.14565186922465
27862231,-4.506844,-1.647813,4.758661103691101,1.3277828533657328,183.14565186922465
27869995,-3.780405,-5.00922,3.3465931036911014,87.58477952118193,287.3706644232696
27869995,-3.780405,-5.00922,3.3465931036911014,87.58477952118193,287.3706644232696
27869997,-1.868786,-2.350244,0.09470110369110118,209.67847812017428,321.0296492807306
27869999,-3.800789,-5.076038,3.467884103691101,83.78859639310213,287.5497489120165
27870001,-1.87161,-2.349746,0.19710510369110112,205.3342211536992,321.0032681313581
27877085,-5.60355,-3.14902,2.055212103691101,141.72361849722444,215.69590646014376
27877085,-5.60355,-3.14902,2.055212103691101,141.72361849722444,215.69590646014376
27870003,-3.246918,-5.218804,0.8291621036911011,164.28192778239782,306.316361755908
27870004,-1.9389,-2.345687,0.577951103691101,188.59855221685928,318.1062132061827
27862247,-5.386724,-2.588185,5.1646091036911015,17.985710575357587,188.7030991552736
27862247,-5.386724,-2.588185,5.1646091036911015,17.985710575357587,188.7030991552736
27872012,-3.759402,0.336177,1.609704103691101,163.23641531522068,155.6385160244676
27870008,-3.842117,-5.080281,4.682952103691101,38.42221489737136,285.0437742055555
27880090,-0.596212,-2.222262,1.061923103691101,160.6137712749218,405.0167102791168
27862256,-5.106695,-2.348089,5.268059103691101,2.3485375559150725,187.13449867255065
27862256,-5.106695,-2.348089,5.268059103691101,2.3485375559150725,187.13449867255065
27864631,-5.373949,0.35208,0.01944110369110108,232.86063649152152,140.42732709382977
27862261,-6.291974,-3.498446,5.834200103691101,18.58566879665369,189.48504304692324
27872024,-4.093539,-0.140197,0.09499110369110109,230.6158303538547,184.77497761966464
27872024,-4.093539,-0.140197,0.09499110369110109,230.6158303538547,184.77497761966464
27872034,-4.708372,-1.204048,4.586748103691101,9.318383333382144,162.04959470344153
27872034,-4.708372,-1.204048,4.586748103691101,9.318383333382144,162.04959470344153
27872039,-4.398585,-1.051032,4.385732103691101,9.610265712282311,165.95012607521147
27872039,-4.398585,-1.051032,4.385732103691101,9.610265712282311,165.95012607521147
27862280,-5.180178,-2.720542,5.085397103691101,19.049074110898687,197.86030145754444
27862280,-5.180178,-2.720542,5.085397103691101,19.049074110898687,197.86030145754444
27872042,-4.740671,-1.397468,4.7323831036911015,5.04451060354728,167.50560595643643
27872042,-4.740671,-1.397468,4.7323831036911015,5.04451060354728,167.50560595643643
27862282,-4.753398,-3.726182,0.16719310369110119,191.23161276207128,250.30479430801856
27862282,-4.753398,-3.726182,0.16719310369110119,191.23161276207128,250.30479430801856
27870023,-1.389144,-2.168134,0.027059103691100983,217.21589175232796,343.22295958522176
27862284,-4.757338,-2.30066,5.049931103691101,3.976028437621324,196.263942097121
27870025,-3.90913,-7.20301,3.539607103691101,90.33920105240338,307.93564067038403
27874489,-7.286374,0.170302,3.562589103691101,98.5429565189838,77.2324751370362
27874492,-7.313247,0.043441,3.384588103691101,106.66409323708888,84.97475577131468
27862287,-2.938116,-1.250829,1.635719103691101,147.87895948874925,247.42828047544413
27870032,-2.062032,-3.984906,0.688064103691101,171.87776156264252,333.03751223527934
27862295,-3.854263,-1.590122,4.2837441036911015,10.139016414762123,205.5550956949719
27862295,-3.854263,-1.590122,4.2837441036911015,10.139016414762123,205.5550956949719
27848537,-7.770276,1.589337,3.4375681036911008,105.295328927419,4.977792489901532
27862301,-4.576767,-2.27458,4.958714103691101,3.637693418887807,201.07233242541815
27862301,-4.576767,-2.27458,4.958714103691101,3.637693418887807,201.07233242541815
27862315,-4.857087,-2.698553,5.205339103691101,5.1270199984843146,204.45652776520876
27862316,-5.292998,-3.200816,5.264423103691101,19.580096289194277,206.77894209898105
27862316,-5.292998,-3.200816,5.264423103691101,19.580096289194277,206.77894209898105
27862321,-3.643574,-1.595003,4.165635103691101,11.40641350920444,214.1794719248996
27862321,-3.643574,-1.595003,4.165635103691101,11.40641350920444,214.1794719248996
27862322,-4.493982,-3.918096,0.21668810369110103,188.8175856262837,258.88384466464447
27862322,-4.493982,-3.918096,0.21668810369110103,188.8175856262837,258.88384466464447
27862323,-4.749858,-2.710519,5.154768103691101,5.226796938879005,207.98864286290265
27862323,-4.749858,-2.710519,5.154768103691101,5.226796938879005,207.98864286290265
27877165,-4.614502,-0.680937,4.413394103691101,6.9317958309549965,142.6735008946239
27877165,-4.614502,-0.680937,4.413394103691101,6.9317958309549965,142.6735008946239
27877171,-5.07311,-1.192243,4.603459103691101,18.50955047168128,152.8413139812412
27877171,-5.07311,-1.192243,4.603459103691101,18.50955047168128,152.8413139812412
27874520,-4.759155,-0.501436,4.446674103691101,5.5480525998061125,129.67331637879755
27870073,-2.840956,-9.497334,2.003985103691101,126.05574652473004,348.65247908741725
27870075,-2.674373,-9.62876,1.806764103691101,129.82749429615137,353.0449246548375
27870078,-2.553819,-9.715213,1.642896103691101,133.01899791923603,356.12437657215963
27862348,-0.454216,0.732629,-0.023865896308898904,366.3676294112272,393.39521158444063
27877191,-2.761888,-0.25343,1.960709103691101,128.6407455027603,216.67596264908715
27877191,-2.761888,-0.25343,1.960709103691101,128.6407455027603,216.67596264908715
27872080,-4.362896,-1.832493,4.622593103691101,8.936160095767292,195.2494619291792
27872080,-4.362896,-1.832493,4.622593103691101,8.936160095767292,195.2494619291792
27874534,-5.557912,-1.377164,4.776528103691101,24.11166380284871,148.16385960090105
27874534,-5.557912,-1.377164,4.776528103691101,24.11166380284871,148.16385960090105
27877196,-5.671713,-3.205014,3.636654103691101,90.2638304766443,207.75957858794305
27877196,-5.671713,-3.205014,3.636654103691101,90.2638304766443,207.75957858794305
27870087,-2.363253,-10.541091,1.308217103691101,139.04656025510644,363.3060397438616
27877211,-4.027725,-2.107707,4.5084291036911015,11.25874377647699,215.70965430246065
27877211,-4.027725,-2.107707,4.5084291036911015,11.25874377647699,215.70965430246065
27859143,-0.451539,0.732197,-0.023069896308898885,366.4756349828847,393.9131447382065
27874544,-4.882126,-1.107924,4.562505103691101,14.130943125544718,154.09937614883023
27874544,-4.882126,-1.107924,4.562505103691101,14.130943125544718,154.09937614883023
27859148,-4.11325,-2.460494,0.24879310369110108,198.2632462846648,243.74339803400707
27877219,-6.005903,-5.698778,-0.2846808963088989,190.8526695437572,253.03415874932088
27872098,-4.099782,-2.04071,4.529577103691101,10.81817054688264,211.07919969478965
27872098,-4.099782,-2.04071,4.529577103691101,10.81817054688264,211.07919969478965
27864730,-3.182972,1.785936,-0.013148896308898816,302.58788571165366,110.23097887740734
27859163,-2.406862,-0.273805,1.9174471036911012,126.7451947269479,235.91189268895525
27859163,-2.406862,-0.273805,1.9174471036911012,126.7451947269479,235.91189268895525
27862386,-3.438772,-3.416251,0.30016110369110105,189.78985415087936,278.68773870310827
27874568,-4.906722,-1.611146,4.789103103691101,10.46310968099698,171.0942722562175
27874570,-2.508688,0.502155,-0.03310089630889901,269.4009438799864,214.89355052992727
27874570,-2.508688,0.502155,-0.03310089630889901,269.4009438799864,214.89355052992727
27859180,-5.696734,-2.921131,5.742253103691101,2.595292697247004,187.05650237120352
27877256,-1.884327,-0.961616,0.046428103691101175,234.78068623531524,295.0353277922744
27877264,-3.191375,-4.105169,3.310778103691101,77.29284597268068,293.31979242832494
27877264,-3.191375,-4.105169,3.310778103691101,77.29284597268068,293.31979242832494
27874586,-4.665485,-1.721473,4.582217103691101,17.740630267309854,183.31362957549624
27874586,-4.665485,-1.721473,4.582217103691101,17.740630267309854,183.31362957549624
27864762,-3.125391,1.676217,-0.012111896308898862,299.1648933102243,120.43207915173863
27852177,-6.153388,0.863306,4.573203103691101,13.853474670958263,25.214008548447623
27877298,-1.753097,-3.847563,0.6724461036911011,172.65279622327213,344.56866483408675
27870150,-0.923637,-11.931484,1.970725103691101,118.3204882985942,405.1394432161168
27874632,-2.377039,-0.038757,-0.009191896308898828,254.10752642639028,242.8564013436486
27874632,-2.377039,-0.038757,-0.009191896308898828,254.10752642639028,242.8564013436486
27864830,-5.041451,1.132118,-0.052378896308898915,251.52280955799267,114.13511851385218
27874644,-5.554795,-3.226436,1.7143031036911012,151.58701887617008,219.65608639164344
27859260,-5.025184,-3.163702,5.415014103691101,6.175030229606676,211.43519177960343
27859268,-3.75501,-2.005113,4.024336103691101,31.02854312168753,225.03777076986304
27874654,-2.290522,-0.215159,-0.001595896308898892,250.2263159688777,253.133041671049
27874654,-2.290522,-0.215159,-0.001595896308898892,250.2263159688777,253.133041671049
27859279,-5.116171,-3.61752,5.582685103691101,7.13458690029438,219.38288605726865
27859279,-5.116171,-3.61752,5.582685103691101,7.13458690029438,219.38288605726865
27864865,-3.02064,1.341589,-0.028948896308898853,288.6401502618665,147.91716058180856
27874665,-6.837407,-0.362346,0.31451610369110106,209.4850514810196,138.96401588604238
27852255,-0.417375,0.705237,-0.03098389630889886,367.05824986295056,400.3644736827448
27864887,-2.960535,1.278733,-0.020141896308898843,287.10032246295265,153.88228208076447
27864890,-2.810426,1.30228,-0.0035478963088988458,290.9682888365152,157.40856080709605
27864890,-2.810426,1.30228,-0.0035478963088988458,290.9682888365152,157.40856080709605
27864903,-2.947853,1.207014,-0.028159896308898924,285.042976458353,159.0185623010733
27872201,-4.77188,-1.931798,4.683198103691101,18.27992599333845,186.92682862028292
27872201,-4.77188,-1.931798,4.683198103691101,18.27992599333845,186.92682862028292
27859342,-4.881085,-4.953952,2.703825103691101,117.53416992748411,259.44716876448894
27864935,-2.781619,1.154146,-0.020531896308898956,286.5587446908038,168.31994960239624
27864935,-2.781619,1.154146,-0.020531896308898956,286.5587446908038,168.31994960239624
27872219,-1.99035,-0.910736,-0.009493896308898853,237.6725847255716,288.23977792027654
27859370,-3.580096,-3.849408,1.305118103691101,155.46796342663697,279.45702249015324
27859370,-3.580096,-3.849408,1.305118103691101,155.46796342663697,279.45702249015324
27874735,-3.151564,-0.152135,2.055780103691101,127.27666221458624,194.2826097240268
27859383,-2.725571,-3.3732,0.01991310369110111,199.7009365369817,300.9170385374165
27872234,-4.857432,-5.124678,2.7398801036911014,116.4574286261107,262.30474633960307
27872234,-4.857432,-5.124678,2.7398801036911014,116.4574286261107,262.30474633960307
27872236,-2.390928,-1.370816,1.971895103691101,122.98515147124428,274.43570786342144
27872236,-2.390928,-1.370816,1.971895103691101,122.98515147124428,274.43570786342144
27864970,-2.712022,1.076089,0.0036551036911010026,283.7062263306107,175.42499562390367
27864970,-2.712022,1.076089,0.0036551036911010026,283.7062263306107,175.42499562390367
27880548,-4.758286,1.575177,0.4989761036911011,239.13674968295004,84.2799249617924
27864981,-4.998127,0.287186,0.3584651036911011,221.4163575081232,145.78545916688856
27874763,-4.747643,-1.660702,4.894905103691101,0.5914400128786497,175.82251847761162
27864990,-7.113472,-0.312918,0.8209921036911011,194.5153714646938,129.314409658175
27874766,-2.65928,-0.584567,2.026598103691101,122.55315457721191,234.88796606763336
27874766,-2.65928,-0.584567,2.026598103691101,122.55315457721191,234.88796606763336
27872255,-3.786982,-4.970623,3.192021103691101,92.94648737645252,286.8234985195101
27872255,-3.786982,-4.970623,3.192021103691101,92.94648737645252,286.8234985195101
27872256,-3.320062,-4.239026,2.497878103691101,111.66038988144857,291.6395330327618
27872261,-3.072612,-5.16168,0.3915921036911011,176.5886344304734,310.65213357207136
27865010,-4.172573,0.439657,0.1712131036911011,236.8461407899821,159.59207813617937
27872264,-1.863006,-2.34645,0.2914221036911011,201.3311825552424,321.4769228642748
27880578,-3.467091,0.940506,1.964577103691101,140.0612997048715,119.19424927742206
27880579,-2.98033,1.619721,-0.025917896308898847,301.7507609251692,129.3830194512147
27880584,-3.665749,0.693615,2.073670103691101,133.6083797079163,128.94474370404737
27880587,-5.370124,-1.003288,4.890788103691101,6.443307238117939,134.89933711072902
27880587,-5.370124,-1.003288,4.890788103691101,6.443307238117939,134.89933711072902
27880596,-3.730271,0.56135,1.7253751036911011,157.50645491971264,142.13423524582709
27865038,-2.641254,0.89214,0.0006491036911011605,278.4386268018035,189.0013805956637
27865038,-2.641254,0.89214,0.0006491036911011605,278.4386268018035,189.0013805956637
27880619,-7.082098,-1.805641,-0.14989289630889902,209.5727446647087,174.72751636143752
27880619,-7.082098,-1.805641,-0.14989289630889902,209.5727446647087,174.72751636143752
27852404,-7.89085,-1.354804,3.4860541036911012,110.82087114729316,126.30467626157892
27872287,-3.422426,-7.989122,5.1181981036911015,41.50013923842724,328.2996131694209
27874821,-4.046618,-5.173817,1.032556103691101,160.71182495333417,284.6617673260321
27865069,-6.707353,-0.29701,3.1156111036911014,112.34730626609912,108.59350431069886
27874827,-3.050742,-3.585594,0.39081010369110103,185.70716734886665,292.87489750120017
27872300,-2.178747,-10.197215,1.132174103691101,142.57282965895624,366.2964750539039
27874831,-4.143315,-6.082712,0.7111821036911011,166.17343360461956,292.41098304763455
27874837,-1.690907,-1.425632,-0.05337689630889897,231.9636150128975,315.1668880596103
27865103,-3.939646,0.367007,2.115551103691101,133.48231519829642,140.87425624476424
27874855,-1.99654,-2.244309,2.059917103691101,113.72716066052206,314.7370628491139
27838549,-2.74813,1.117106,-0.014808896308898811,285.55847377845527,171.80584074337582
27838549,-2.74813,1.117106,-0.014808896308898811,285.55847377845527,171.80584074337582
27874868,-2.083802,-4.135994,0.20055010369110104,187.96979409118967,332.889826218892
27859623,-1.715188,-4.547894,0.791574103691101,164.3296919233077,352.29618673825337
27874884,-2.982446,-6.012538,4.484385103691101,40.99061399516541,324.2009962801929
27852451,-6.509192,-1.112132,3.044052103691101,114.5844117914971,141.04924834445347
27867782,-3.315884,2.40821,-0.014669896308898922,331.7727301763191,48.35817431600594
27862715,-1.352169,-3.874245,0.7698561036911011,167.64364684602873,363.6353097360605
27859644,-1.349541,-4.225423,0.6510411036911011,170.31716452569285,365.6334941704197
27877664,-3.605114,2.649919,-0.031983896308898974,335.2709008454841,19.472542525780057
27877691,-3.463662,2.38965,-0.02177589630889898,324.8549065058324,49.16711730021825
27818842,-5.46672,1.797156,-0.006646896308898809,258.9651246791448,73.32274694402349
27874930,0.133635,-5.26842,0.15169310369110112,180.2969243237011,441.3900519158957
27862801,-0.640909,-4.207411,0.11110010369110102,190.91593288520195,398.4030414413305
27877719,-4.224301,1.53922,1.7996661036911012,163.29968359350028,61.04334621305805
27880832,-4.883525,-1.521847,4.754571103691101,10.220359561425395,168.63268229741206
27880832,-4.883525,-1.521847,4.754571103691101,10.220359561425395,168.63268229741206
27880855,-4.925994,-2.065269,4.898643103691101,12.626575934139794,185.57894683588
27880855,-4.925994,-2.065269,4.898643103691101,12.626575934139794,185.57894683588
27880889,-4.083063,-2.53016,0.2481911036911011,197.7460457512316,245.8726885307289
27880889,-4.083063,-2.53016,0.2481911036911011,197.7460457512316,245.8726885307289
27880898,-3.921838,-2.668982,0.032047103691100975,203.57771139419552,253.4207915845865
27880898,-3.921838,-2.668982,0.032047103691100975,203.57771139419552,253.4207915845865
27880899,-2.243225,0.009747,0.0010041036911010437,256.86003688639755,247.68584089053172
27880899,-2.243225,0.009747,0.0010041036911010437,256.86003688639755,247.68584089053172
27880910,-4.345778,-4.308447,1.170307103691101,160.46042589786293,265.99440305247947
27877818,-2.565024,0.445576,-0.003723896308899022,264.93608988007725,214.5745258045756
27877818,-2.565024,0.445576,-0.003723896308899022,264.93608988007725,214.5745258045756
27880942,-3.163121,-4.285903,3.3319711036911013,77.09675258934698,296.95948646110355
27880951,-3.414889,-5.3462,1.0979241036911012,156.64933157925077,302.9458428701883
27842060,-8.233334,2.689583,0.7129541036911011,224.8547220325445,0.6067815381510684
27868011,-3.133072,1.682417,-0.011721896308898971,299.19808017975413,119.72905150128744
27865381,-5.657716,-1.094286,4.954592103691101,12.402244626440194,132.67032081339062
27865381,-5.657716,-1.094286,4.954592103691101,12.402244626440194,132.67032081339062
27865384,-5.729867,-1.226248,4.825963103691101,23.37325468335615,138.44048954388745
27865384,-5.729867,-1.226248,4.825963103691101,23.37325468335615,138.44048954388745
27865387,-4.550632,-0.503454,4.409809103691101,0.8860140330326942,135.0412888284904
27880963,-1.911389,-2.35464,1.191151103691101,159.4672204252815,320.2416191809252
27880964,-1.942633,-2.379446,0.8191521036911011,177.2797959662223,318.6660038092778
27880965,-1.851306,-2.353399,1.188482103691101,159.31789112289013,323.3258025303022
27852602,-5.74563,-1.69053,2.936451103691101,112.73347344200994,172.70522824645366
27852602,-5.74563,-1.69053,2.936451103691101,112.73347344200994,172.70522824645366
27865399,-5.65209,-1.304368,4.809577103691101,23.535596702080625,143.15538203521788
27865399,-5.65209,-1.304368,4.809577103691101,23.535596702080625,143.15538203521788
27865405,-4.582556,-0.616666,4.458202103691101,1.2337108218511617,139.4727330834457
27865406,-5.890399,-1.401801,5.164931103691101,12.069821833412988,138.42002777563258
27865406,-5.890399,-1.401801,5.164931103691101,12.069821833412988,138.42002777563258
27880979,-1.843512,-4.681034,0.7606401036911011,165.16663127978606,348.0390148242724
27865423,-4.693362,-0.755482,4.5487081036911015,1.9414160488231005,142.4876047487724
27865423,-4.693362,-0.755482,4.5487081036911015,1.9414160488231005,142.4876047487724
27865424,-5.658297,-1.394029,4.953150103691101,17.40125552194698,144.8455836907778
27865438,-5.399596,-1.343409,4.875609103691101,14.20968135398354,148.818859384564
27865438,-5.399596,-1.343409,4.875609103691101,14.20968135398354,148.818859384564
27852623,-5.142189,-1.414134,3.198280103691101,94.43428894753166,174.276755493987
27852623,-5.142189,-1.414134,3.198280103691101,94.43428894753166,174.276755493987
27844799,-5.109238,1.285258,-0.02084089630889885,252.6465529716785,105.13631462360236
27877894,-3.258003,-4.474508,4.766846103691101,16.158248804345163,295.429868759315
27868096,-4.85022,1.162321,0.013069103691101036,251.4395430567868,114.74529015851236
27877908,-4.773146,-4.972052,1.833799103691101,141.75549639541097,263.909178858976
27877909,-4.088684,-3.589155,1.230634103691101,160.44173289577546,261.4630745948349
27877909,-4.088684,-3.589155,1.230634103691101,160.44173289577546,261.4630745948349
27877910,-4.08891,-3.470587,0.8482001036911011,172.90788124667418,260.4631367432243
27865471,-5.357482,-1.597613,4.718630103691101,25.63284136542734,161.12248464699752
27865471,-5.357482,-1.597613,4.718630103691101,25.63284136542734,161.12248464699752
27868106,-2.8789,1.384529,-0.021552896308898895,293.7468394982316,149.72103319993448
27877920,-3.497785,0.110326,1.6019841036911011,160.66028343515464,175.10055468371934
27877920,-3.497785,0.110326,1.6019841036911011,160.66028343515464,175.10055468371934
27852643,-2.146831,-0.744978,-0.05823889630889889,242.12095962002732,276.1756425292245
27865495,-4.909178,-1.450948,4.463161103691101,26.48044352866978,168.44778919578
27865495,-4.909178,-1.450948,4.463161103691101,26.48044352866978,168.44778919578
27865499,-5.134495,-1.575469,4.798374103691101,15.441246171308848,164.32933075409764
27865499,-5.134495,-1.575469,4.798374103691101,15.441246171308848,164.32933075409764
27852659,-2.064394,-0.702293,0.0011021036911009752,240.98128215631425,279.0948530402692
27865519,-5.314883,-1.799675,4.941090103691101,15.889693502904692,167.00036130808533
27865519,-5.314883,-1.799675,4.941090103691101,15.889693502904692,167.00036130808533
27865532,-4.876949,-1.611645,4.4816521036911015,27.08063796390761,174.98793000631565
27865532,-4.876949,-1.611645,4.4816521036911015,27.08063796390761,174.98793000631565
27877957,-2.673981,0.685495,-0.00732289630889893,270.9030533376107,198.51838773102256
27877957,-2.673981,0.685495,-0.00732289630889893,270.9030533376107,198.51838773102256
27868132,-4.68083,1.036444,0.5548801036911011,226.62101561822175,115.18566271400798
27852673,-1.91173,-0.668613,0.018627103691100988,242.5122087502684,286.39435964832904
27877965,-2.585658,0.429769,-0.010891896308898863,264.4834412888499,214.4272834234131
27877965,-2.585658,0.429769,-0.010891896308898863,264.4834412888499,214.4272834234131
27868141,-2.968856,1.273479,-0.022803896308899008,286.8400394613656,153.98303519507496
27852688,-2.059,-0.889638,-0.04202289630889888,239.06255107882365,284.2368963101597
27865553,-4.786258,-1.702584,4.4501481036911015,27.95581941549227,180.79628178625177
27865553,-4.786258,-1.702584,4.4501481036911015,27.95581941549227,180.79628178625177
27868150,-5.47901,0.761356,0.03072010369110112,237.97867179885725,122.56623424419308
27865559,-5.137443,-1.942012,4.8766491036911015,17.146449106329925,176.5535186591561
27865559,-5.137443,-1.942012,4.8766491036911015,17.146449106329925,176.5535186591561
27877980,-4.133158,-2.180243,4.667370103691101,6.159129902252573,213.47025567775907
27877980,-4.133158,-2.180243,4.667370103691101,6.159129902252573,213.47025567775907
27865562,-4.650842,-1.512604,4.803629103691101,0.2204538321716143,173.59334638679675
27865562,-4.650842,-1.512604,4.803629103691101,0.2204538321716143,173.59334638679675
27865572,-4.528159,-1.510134,4.737629103691101,0.4668758228506533,177.48043485711065
27865572,-4.528159,-1.510134,4.737629103691101,0.4668758228506533,177.48043485711065
27865576,-3.109043,-1.027315,1.741434103691101,144.24630936289543,233.09880305301368
27865577,-4.943677,-3.310189,0.17717610369110104,193.49310964290683,239.52856953181623
27865581,-4.864045,-1.990422,4.560639103691101,28.012876769090013,187.6082844236144
27865581,-4.864045,-1.990422,4.560639103691101,28.012876769090013,187.6082844236144
27868166,-7.91062,-0.355724,4.525001103691101,69.10792184072906,80.50804527894616
27865593,-4.496445,-1.641551,4.749275103691101,1.461188060523682,183.2921647413691
27865593,-4.496445,-1.641551,4.749275103691101,1.461188060523682,183.2921647413691
27868183,-5.431957,0.546714,0.021717103691101025,235.2983368998036,132.0304408049427
27865605,-5.402885,-2.632612,5.191680103691101,17.670729106674884,189.4194024895665
27865605,-5.402885,-2.632612,5.191680103691101,17.670729106674884,189.4194024895665
27878011,-1.285065,1.026882,-0.013766896308898824,335.34971411167726,269.19285609011143
27878011,-1.285065,1.026882,-0.013766896308898824,335.34971411167726,269.19285609011143
27865607,-3.481767,-2.127738,0.06876610369110114,208.48514395540315,255.66464815882625
27865607,-3.481767,-2.127738,0.06876610369110114,208.48514395540315,255.66464815882625
27865610,-3.728572,-2.359253,0.3382201036911011,196.6095105122902,252.0322341066429
27865610,-3.728572,-2.359253,0.3382201036911011,196.6095105122902,252.0322341066429
27868197,-5.496437,-0.039039,4.570631103691101,11.4871628777274,89.07550275057301
27878019,-1.02506,1.559021,-0.0058638963088988305,418.0777164188306,263.27874959551195
27878019,-1.02506,1.559021,-0.0058638963088988305,418.0777164188306,263.27874959551195
27865617,-4.571268,-1.967353,4.874184103691101,2.6003246272011893,191.7836092801248
27865617,-4.571268,-1.967353,4.874184103691101,2.6003246272011893,191.7836092801248
27865618,-5.337284,-2.741401,5.1681101036911015,18.847323639872428,194.17585838847089
27865618,-5.337284,-2.741401,5.1681101036911015,18.847323639872428,194.17585838847089
27865631,-4.445841,-1.996446,4.801027103691101,3.818947990336767,196.94781153156464
27865631,-4.445841,-1.996446,4.801027103691101,3.818947990336767,196.94781153156464
27868217,-5.330958,0.371483,0.030731103691101103,233.0061613297896,140.3143410880321
27865635,-5.038736,-2.706734,5.019291103691101,18.89984252404014,201.37295488874605
27865635,-5.038736,-2.706734,5.019291103691101,18.89984252404014,201.37295488874605
27878037,-2.720402,-2.920036,0.17836110369110103,198.3594075487428,294.563657479222
27865641,-2.010249,-0.769997,-0.06326189630889889,243.2533752415388,283.8366215730693
27865643,-3.477654,-2.54251,0.04580610369110105,205.13668738293097,263.7196417286997
27865643,-3.477654,-2.54251,0.04580610369110105,205.13668738293097,263.7196417286997
27878045,-1.265074,0.416788,-0.0017348963088990033,295.2295622364967,298.5106395027281
27865649,-4.284492,-2.049732,4.737247103691101,3.915383438988812,204.0172768469909
27865649,-4.284492,-2.049732,4.737247103691101,3.915383438988812,204.0172768469909
27865666,-4.56634,-4.05534,0.19739210369110105,188.52046416899773,259.2489892911352
27865669,-3.46429,-2.758154,0.025702103691101152,203.81104132569163,267.9457862081779
27865669,-3.46429,-2.758154,0.025702103691101152,203.81104132569163,267.9457862081779
27868252,-2.85012,0.912422,-0.04709589630889899,277.38990957780305,180.0942531142377
27868252,-2.85012,0.912422,-0.04709589630889899,277.38990957780305,180.0942531142377
27865675,-4.079367,-2.060627,4.614190103691101,5.481825068911775,211.72960026658276
27865675,-4.079367,-2.060627,4.614190103691101,5.481825068911775,211.72960026658276
27865686,-3.92539,-3.612133,0.17203610369110112,192.12890380521637,268.3942930726777
27865686,-3.92539,-3.612133,0.17203610369110112,192.12890380521637,268.3942930726777
27865687,-3.558378,-3.158079,0.05323510369110118,199.3473165623328,271.6942234626051
27865687,-3.558378,-3.158079,0.05323510369110118,199.3473165623328,271.6942234626051
27865691,-4.251573,-2.456833,4.823987103691101,5.54666047381906,217.1564994297325
27865691,-4.251573,-2.456833,4.823987103691101,5.54666047381906,217.1564994297325
27868316,-2.770895,0.78252,-0.03818389630889896,274.00689164825616,189.9787199309772
27868316,-2.770895,0.78252,-0.03818389630889896,274.00689164825616,189.9787199309772
27870847,-5.196835,2.377899,0.28294610369110107,263.8468351718785,30.429859862552007
27868341,-4.681462,-0.43425,4.1500391036911015,22.10580617328785,132.67565561142072
27868341,-4.681462,-0.43425,4.1500391036911015,22.10580617328785,132.67565561142072
27881358,-3.926198,1.664944,2.0498281036911012,141.7963739710357,43.88935096787464
27868348,-4.718563,-0.525983,4.2529961036911015,18.05214478777407,134.95037415757923
27868348,-4.718563,-0.525983,4.2529961036911015,18.05214478777407,134.95037415757923
27865776,-0.456141,0.734441,-0.021566896308898853,366.19325340775913,393.0690585243176
27868353,-2.56832,0.699413,-0.019835896308898926,274.19610236413354,202.5951015062304
27881365,-3.233328,2.289083,0.008480103691101082,326.4372637058471,61.55447989579247
27878117,-0.490317,0.739099,-0.021863896308898845,363.81553693673607,386.7762860186578
27881371,-3.246369,2.255132,-0.012505896308898867,325.2037654528176,65.7269791526389
27878123,-0.466358,-2.185615,0.6793291036911011,184.74280713105384,411.8695006521701
27868362,-4.548562,-0.629663,4.4426311036911015,1.4437519308789888,141.1939587678109
27868362,-4.548562,-0.629663,4.4426311036911015,1.4437519308789888,141.1939587678109
27868363,-5.129536,-0.85543,4.521802103691101,19.11393839858175,138.11236112142063
27868363,-5.129536,-0.85543,4.521802103691101,19.11393839858175,138.11236112142063
27865799,-0.429389,0.72218,-0.023614896308898903,367.29710560244325,398.13907775577457
27844872,-4.81039,0.885415,0.00504810369110098,246.62199674653183,128.70355833161693
27865809,-0.474631,0.66916,0.036851103691101006,351.7703877955231,391.5772695635581
27868369,-5.182083,-0.911917,4.558902103691101,19.31935358414063,139.0760062794019
27868369,-5.182083,-0.911917,4.558902103691101,19.31935358414063,139.0760062794019
27868376,-5.02476,-0.877711,4.422632103691101,22.61967612894969,142.66408816726977
27868376,-5.02476,-0.877711,4.422632103691101,22.61967612894969,142.66408816726977
27881396,-7.280511,0.067482,3.846545103691101,86.62073623894983,77.53627989589165
27865823,-0.405204,0.698881,-0.013163896308898915,365.67760839841065,403.1395812773542
27881408,-3.209696,1.913033,-0.0023658963088988294,307.2440595465216,98.63180537567747
27878141,0.232207,-5.649699,-0.012906896308898963,183.64378525181144,444.0579787650671
27881427,-4.440625,0.881216,0.4902341036911011,228.53271788554892,128.73675868177224
27881428,-3.559742,0.792133,2.056437103691101,133.69116703461856,125.4169686388129
27881430,-4.31353,0.851781,0.5206991036911011,227.4723186717609,132.37758546079303
27865838,-1.71343,-1.68377,-0.03300889630889903,226.08728644314215,318.43109773276944
27865841,-2.799013,-3.755778,-0.05242889630889902,198.69261433820756,303.4134876095968
27872793,-7.821771,-0.247898,4.676735103691101,60.59173266785712,74.66711851347955
27865842,-0.391087,0.663037,-0.018026896308898976,363.188162653828,405.8903992602684
27865848,-0.432398,0.574322,0.00029210369110099776,348.5255325113335,399.1739970502017
27868412,-2.521413,0.523463,-0.03397189630889885,269.91338900801014,213.34048005240064
27865856,-0.408791,0.591787,-0.01275589630889895,353.3602364804344,403.02824850999775
27881453,-4.380034,-1.996232,4.774303103691101,3.4776548101491755,199.07451566225063
27881453,-4.380034,-1.996232,4.774303103691101,3.4776548101491755,199.07451566225063
27881455,-6.898326,-2.076163,-0.15156889630889903,207.9770441553649,182.98767419147407
27870945,-6.867351,-0.366643,2.672344103691101,131.237652430289,114.67158738655196
27865864,-1.90085,-2.351336,-0.01710389630889897,214.1985632645309,319.42376663221575
27881460,-2.638992,0.942554,0.008897103691101194,279.9106622249251,186.1656680456948
27875331,-4.474655,1.272932,0.6395651036911011,228.4215245303673,104.09775155424217
27868437,-5.080318,-1.378629,4.610079103691101,21.39811937886097,160.09159990299918
27868437,-5.080318,-1.378629,4.610079103691101,21.39811937886097,160.09159990299918
27868440,-4.819105,-1.276326,4.563712103691101,15.319415639467335,162.61694388188948
27868440,-4.819105,-1.276326,4.563712103691101,15.319415639467335,162.61694388188948
27865874,-1.598246,-1.818755,-0.0033858963088988503,223.132611890912,326.8199816057048
27868450,-4.570344,-1.099163,4.232216103691101,25.52409550346067,165.38749523580375
27868450,-4.570344,-1.099163,4.232216103691101,25.52409550346067,165.38749523580375
27872819,-4.252219,0.695049,0.612854103691101,220.70295473738076,140.11212462200913
27865898,-3.41451,-5.314966,1.2118441036911012,153.47221498492405,302.605946693728
27868465,-4.698109,-1.529281,4.814367103691101,1.350520736017188,172.90429867342374
27868465,-4.698109,-1.529281,4.814367103691101,1.350520736017188,172.90429867342374
27875371,-4.697828,-0.905242,4.587676103691101,2.766017821194282,149.00683053631175
27875371,-4.697828,-0.905242,4.587676103691101,2.766017821194282,149.00683053631175
27868469,-4.817683,-1.420676,4.4250811036911015,25.85725752177504,169.91151738747865
27868469,-4.817683,-1.420676,4.4250811036911015,25.85725752177504,169.91151738747865
27865956,-3.07938,-4.222637,3.4393071036911014,70.91584072363446,298.96154605609667
27865956,-3.07938,-4.222637,3.4393071036911014,70.91584072363446,298.96154605609667
27868499,-4.215305,0.579278,0.5057651036911011,224.00709768131367,148.01176484638245
27872855,-5.190461,-1.174479,4.835545103691101,7.766243902621909,146.6799257544518
27872855,-5.190461,-1.174479,4.835545103691101,7.766243902621909,146.6799257544518
27872857,-5.159827,-1.181589,4.819762103691101,7.956653633343592,147.82975795102334
27872857,-5.159827,-1.181589,4.819762103691101,7.956653633343592,147.82975795102334
27868513,-6.870993,-0.378206,1.9880231036911011,156.10183472383284,122.66930514250583
27844919,-2.694566,0.715894,-0.01359089630889887,271.87835289322896,196.20381219588415
27844919,-2.694566,0.715894,-0.01359089630889887,271.87835289322896,196.20381219588415
27868516,-6.869945,-0.368948,2.664998103691101,131.5320749311819,114.80903065946424
27844923,-2.634003,0.675692,-0.06327689630889899,274.4868197720658,201.41200545084948
27844923,-2.634003,0.675692,-0.06327689630889899,274.4868197720658,201.41200545084948
27871010,-5.276425,-1.343354,4.825220103691101,13.77705179186512,151.9522499167814
27871010,-5.276425,-1.343354,4.825220103691101,13.77705179186512,151.9522499167814
27865976,-2.1733,-4.118134,0.5505011036911011,176.1787857035419,329.84212017855657
27872879,-5.362504,-1.767768,4.880893103691101,19.735296323382187,165.44576336570248
27872879,-5.362504,-1.767768,4.880893103691101,19.735296323382187,165.44576336570248
27872891,-4.796341,-1.656839,4.735858103691101,11.306437617400462,176.07582968747573
27872891,-4.796341,-1.656839,4.735858103691101,11.306437617400462,176.07582968747573
27865998,-2.215072,-5.013902,0.24753110369110098,180.76940955485375,336.0334666852455
27872895,-4.278742,-1.448153,4.493178103691101,6.935631699957071,184.681098003499
27872895,-4.278742,-1.448153,4.493178103691101,6.935631699957071,184.681098003499
27875477,-2.719797,-0.547102,2.028270103691101,123.28063400387082,230.4951892331765
27875477,-2.719797,-0.547102,2.028270103691101,123.28063400387082,230.4951892331765
27875478,-2.680637,-0.488192,1.961432103691101,127.367904161169,230.54769248710545
27875478,-2.680637,-0.488192,1.961432103691101,127.367904161169,230.54769248710545
27871033,-3.016079,0.258394,1.978812103691101,131.31349672875697,179.33279471736176
27871033,-3.016079,0.258394,1.978812103691101,131.31349672875697,179.33279471736176
27875483,-2.187113,-0.230028,-0.029452896308898913,252.67825440721288,258.9895011756923
27875483,-2.187113,-0.230028,-0.029452896308898913,252.67825440721288,258.9895011756923
27875508,-4.456148,-0.037987,0.004096103691101138,233.4030764952706,173.115029674801
27875508,-4.456148,-0.037987,0.004096103691101138,233.4030764952706,173.115029674801
27866028,-1.162718,-2.614843,0.04630410369110116,210.7399834513012,360.765614736462
27868588,-5.613348,-3.260781,1.3465611036911012,162.25225608003268,220.6632553637073
27868591,-5.615755,-3.265288,1.497450103691101,157.96403673494927,220.0793962841032
27868591,-5.615755,-3.265288,1.497450103691101,157.96403673494927,220.0793962841032
27868593,-4.899457,-1.634023,4.701697103691101,15.669053890152496,173.02875401925112
27868593,-4.899457,-1.634023,4.701697103691101,15.669053890152496,173.02875401925112
27868596,-5.169543,-1.804448,5.059678103691101,5.783116909969465,169.223055301861
27868596,-5.169543,-1.804448,5.059678103691101,5.783116909969465,169.223055301861
27868597,-5.592577,-3.268075,2.013503103691101,142.74464474825515,218.40954029575903
27868597,-5.592577,-3.268075,2.013503103691101,142.74464474825515,218.40954029575903
27875543,-3.000438,0.171544,1.966903103691101,131.8760982073131,185.00249352386464
27868601,-5.591994,-3.268371,2.716429103691101,120.83365423593467,215.2763841289628
27868601,-5.591994,-3.268371,2.716429103691101,120.83365423593467,215.2763841289628
27872930,-2.29869,-0.09938,-0.06893589630889885,256.71936595475967,249.1980813441196
27872936,-2.828051,1.347072,-0.004641896308898996,292.4930863746145,153.7640250230749
27872936,-2.828051,1.347072,-0.004641896308898996,292.4930863746145,153.7640250230749
27866068,-1.74444,-4.781133,0.774254103691101,163.95623907775015,352.7710432849775
27875575,-5.598601,-3.142415,1.994788103691101,143.55224404120796,215.9377646316019
27872944,-7.024425,-0.229878,1.1252711036911012,185.76321789747047,124.85026406320888
27875579,-4.325925,-1.38705,4.587454103691101,1.0272803476123045,179.85345034957982
27875579,-4.325925,-1.38705,4.587454103691101,1.0272803476123045,179.85345034957982
27875592,-4.050612,-1.778244,4.440132103691101,9.884383121282838,204.48406277796
27875592,-4.050612,-1.778244,4.440132103691101,9.884383121282838,204.48406277796
27875595,-2.170704,-0.228979,-0.019208896308898993,252.38728825126853,259.7530587881941
27875595,-2.170704,-0.228979,-0.019208896308898993,252.38728825126853,259.7530587881941
27875601,-2.145101,-0.452997,0.016245103691101104,245.1471632121933,267.8749135586642
27875601,-2.145101,-0.452997,0.016245103691101104,245.1471632121933,267.8749135586642
27868650,-1.830834,-1.237231,-0.0006518963088988361,231.9590072528606,303.93997152131976
27875636,-1.923192,-0.914936,-0.05448189630889888,240.47535063822443,291.97314621052703
27875651,-2.466562,-2.556622,0.5552311036911011,187.59380972722744,298.20871361706816
27868719,-2.066974,-2.288845,1.9224491036911011,122.4668110269515,311.6978576764474
27875715,-3.015547,-10.238579,2.923616103691101,106.27252723489,349.29750235861167
27878554,-8.192824,2.363447,0.22280210369110098,237.1570803723372,26.475743668111107
27875731,-2.094463,-8.863667,5.521011103691101,16.185118908723098,375.6113332842553
27875732,-1.10575,-4.741919,0.763505103691101,162.57274704640434,380.29690847228767
27873033,-2.319685,-0.012849,-0.055101896308898946,258.08676478514354,245.02551369221013
27873033,-2.319685,-0.012849,-0.055101896308898946,258.08676478514354,245.02551369221013
27873040,-2.354091,-0.196096,-0.03870689630889901,251.814299267034,249.605736819632
27873040,-2.354091,-0.196096,-0.03870689630889901,251.814299267034,249.605736819632
27873042,-2.898663,-0.534288,1.987062103691101,128.45021226693498,222.21208465106844
27873042,-2.898663,-0.534288,1.987062103691101,128.45021226693498,222.21208465106844
27873045,-2.277406,-0.228897,-0.0032768963088989356,250.1308794075446,254.24715219476064
27873045,-2.277406,-0.228897,-0.0032768963088989356,250.1308794075446,254.24715219476064
27873048,-2.877273,-0.614494,1.9879061036911012,128.08558567049022,226.3067345863656
27873052,-4.250628,-1.398974,4.455754103691101,7.468913191592463,183.95495870175543
27873052,-4.250628,-1.398974,4.455754103691101,7.468913191592463,183.95495870175543
27873057,-4.745547,-2.161834,4.658018103691101,22.54611909115573,195.3416927830863
27873057,-4.745547,-2.161834,4.658018103691101,22.54611909115573,195.3416927830863
27868817,-2.466644,-10.357275,1.449962103691101,136.5337720942509,360.431545719405
27868834,-0.748885,-2.066866,0.901411103691101,172.87876504892148,390.24852683826
27868836,-2.000633,-11.188232,0.6129051036911011,151.42994732844076,372.5069510360343
27873090,-4.105552,-4.893372,2.6563561036911008,113.50493504565112,277.67130053371875
27873090,-4.105552,-4.893372,2.6563561036911008,113.50493504565112,277.67130053371875
27878648,-4.672283,-0.999902,4.601469103691101,3.0590489217569825,153.80405007558045
27878648,-4.672283,-0.999902,4.601469103691101,3.0590489217569825,153.80405007558045
27868878,-0.388773,-2.090367,0.4666721036911011,199.2417289682844,416.1550376050173
27878662,-4.941921,-1.979947,4.602053103691101,27.49878798226925,184.97335272212007
27878662,-4.941921,-1.979947,4.602053103691101,27.49878798226925,184.97335272212007
27868889,-0.341946,-2.110221,0.47697010369110104,198.40358327180607,420.4397057236259
27855291,-7.6324,1.617659,3.047564103691101,122.0723636426012,11.681138625040717
27873112,-1.939642,-2.321453,0.731993103691101,181.8120422089006,317.8411998261635
27855308,-10.522306,0.744798,-0.637687896308899,231.38938280267095,84.24045130628164
27871251,-3.403722,-3.364558,0.4420311036911011,185.64325968282725,278.7253548392933
27873127,-1.50395,-2.087333,-0.016357896308898834,219.86851048875812,335.729702988138
27881784,-1.873927,-2.201231,2.039837103691101,113.12729791411483,320.7980314120296
27881787,-1.895447,-2.466871,2.064693103691101,112.59340171908008,324.02582454470297
27881793,-1.857112,-2.319008,0.06160410369110103,211.52066495592285,321.10002667366444
27881810,-1.587545,-5.202511,0.8273111036911011,159.864230221989,361.993807113336
27881830,-0.460316,-2.380063,0.7653271036911011,177.18957230744306,413.4044426450976
27881832,-0.421434,-2.409859,0.7025021036911011,180.57631637676795,415.9531758803163
27882057,-8.071384,2.354879,1.298197103691101,200.2824821194244,6.808525946653504
27882064,-4.646431,2.103673,1.667421103691101,180.78381255456333,11.17607048983561
27882097,-6.113504,1.751042,-0.021087896308898957,251.72292151986807,70.28615045121464
27882104,-3.229207,2.185516,-0.02134989630889894,322.37466055966644,73.43609901984973
27882125,-7.286211,0.058501,3.7242421036911013,92.04724793250196,79.69769469872404
27882154,-7.00893,0.12478,0.17406010369110114,217.72464305410796,123.30951764112302
27882156,-6.33451,0.115515,0.5420151036911011,208.11525397836868,128.39876280027016
27882192,-5.04613,-0.975882,0.18314610369110107,212.3041772943897,187.59792662966456
27866331,-1.224149,-8.73353,4.936803103691101,21.454298287205035,405.2397652391672
27868981,1.07542,-19.767612,1.301367103691101,124.80529244452988,445.4196958357908
27873191,-0.138064,-17.855743,4.874558103691101,65.8017322701229,433.31285729969534
27871303,-3.179755,-5.323545,0.11584510369110101,183.3591636933995,309.1919985592764
27866403,-0.507942,-12.058331,5.505188103691101,22.90478694913972,433.1029633101221
27871335,-3.806124,-7.255654,3.5272741036911013,89.98245217987602,311.0226535210415
27878956,-3.331391,-3.275972,0.07995910369110115,197.8286335989956,280.1027071404146
27878977,-3.224306,-4.309447,4.240443103691101,38.25160379844991,294.5126107998636
27878977,-3.224306,-4.309447,4.240443103691101,38.25160379844991,294.5126107998636
27878990,-2.255137,-2.480939,0.07743910369110107,207.59104048226973,305.8158285640931
27878996,-3.025968,-5.338238,0.9201441036911011,160.685133750915,313.8923658490828
27871378,-2.439902,-6.70697,4.557174103691101,35.82503612110881,349.3915941031257
27879011,-2.55949,-7.066015,4.502677103691101,43.068033735978986,347.50738719972014
27871413,-1.776305,-12.189584,3.6772651036911013,84.87815425311334,387.9699421719369
27876192,-2.964711,1.570212,-0.027442896308898845,299.9956752542328,133.65638906435026
27876208,-5.407673,0.416595,0.004077103691101147,234.14178889070396,137.62136635640582
27855695,-7.403149,-1.353428,3.234819103691101,115.37336541603156,134.3914864806146
27799340,-0.580107,0.665158,-0.008191896308898938,347.6722961575936,372.92480097448
27861267,-3.339822,2.416892,-0.03375989630889897,332.49710305670555,47.9009740616448
27873613,-2.798805,1.047896,0.016130103691101016,279.8424417228452,173.44026634882198
27876291,-6.345906,-3.835841,4.542199103691101,69.49500052849817,203.32082109349247
27861321,-7.803937,2.422261,0.089610103691101,244.99255048798943,26.518356502663774
27858293,-5.223434,1.80903,0.07376410369110098,258.78273214081605,73.45998314908263
27855808,-9.435273,-2.917262,5.386589103691101,71.70322539498915,135.00591970962213
27861379,-5.75061,1.878452,-0.08328889630889891,260.4980996436905,67.69053400070405
27876356,-2.639608,-0.817331,1.9682941036911012,126.28830534175154,244.89365411166327
27876356,-2.639608,-0.817331,1.9682941036911012,126.28830534175154,244.89365411166327
27861391,-6.036574,1.816971,-0.1761968963088989,259.5820589281376,70.28481590693315
27873792,-7.115193,-0.870664,3.151369103691101,115.45271669298964,123.7754831050169
27861499,-4.727839,1.275012,0.09434510369110116,251.69051950484203,109.66352857759648
27861517,-2.901788,1.418837,-0.027979896308898855,295.00172457905245,146.68224744362885
27855915,-5.500337,-1.584271,3.123995103691101,102.52275831023056,172.79335690366003
27855915,-5.500337,-1.584271,3.123995103691101,102.52275831023056,172.79335690366003
27855925,-7.351925,-2.830106,3.938358103691101,95.12698266445553,168.2434566751391
27855925,-7.351925,-2.830106,3.938358103691101,95.12698266445553,168.2434566751391
27855941,-11.853403,-5.66444,6.6005961036911005,72.64196818229485,157.2747669186556
27855941,-11.853403,-5.66444,6.6005961036911005,72.64196818229485,157.2747669186556
27876457,-4.902893,-5.193027,1.823693103691101,142.2427717331278,263.9828341960209
27876457,-4.902893,-5.193027,1.823693103691101,142.2427717331278,263.9828341960209
27876459,-4.901336,-5.229277,2.166578103691101,132.93515848693704,263.85197555933104
27876459,-4.901336,-5.229277,2.166578103691101,132.93515848693704,263.85197555933104
27855950,-5.690889,-1.885893,3.404166103691101,94.22233700637976,175.67091664820902
27855950,-5.690889,-1.885893,3.404166103691101,94.22233700637976,175.67091664820902
27876468,-3.474828,-3.353275,0.07707010369110101,197.15166218990132,277.04926437024875
27869530,-7.034816,1.856099,2.6352131036911013,136.59200156174273,5.728441386934406
27856007,-4.881787,-1.56374,3.6702891036911014,69.09927322190705,180.92338235361512
27856007,-4.881787,-1.56374,3.6702891036911014,69.09927322190705,180.92338235361512
27874017,-3.386895,-8.09796,2.864362103691101,106.92557182006672,327.96727743658374
27876549,-1.562822,-3.785542,0.6923311036911011,171.8557413995971,352.64305196625924
27876557,-1.499728,-5.22756,0.886671103691101,157.4180313430164,365.8972525155999
27856090,-5.071561,-2.438319,2.976881103691101,106.23929021403282,206.6902174831684
27856090,-5.071561,-2.438319,2.976881103691101,106.23929021403282,206.6902174831684
27861711,-4.338104,0.267198,0.07595410369110112,236.44923349158356,163.7914327293621
27874054,-1.601183,-6.722534,4.363065103691101,29.080787178534905,382.35643579893485
27858569,-6.014183,1.026459,4.491693103691101,11.426360532284347,15.30244508807931
27879521,-4.741289,2.043893,1.0029651036911011,222.32215828180412,38.20488500155358
27869624,-6.832397,-1.156705,3.1224221036911013,114.49494132125687,137.03348969777227
27879565,-3.713245,1.564704,1.963148103691101,146.11557621581858,59.46548514534732
27861778,-7.256145,-0.693275,3.278595103691101,111.72271158748148,114.72382825607944
27879583,-3.184943,1.994668,0.04258110369110102,309.43492730323834,90.55712139405952
27861804,-7.684311,-1.074751,3.271317103691101,116.00041061594482,122.29956577373468
27851870,-5.532112,1.81742,-0.028522896308898815,259.5353762526141,71.98073443961201
27879632,-3.356963,0.784286,2.026192103691101,133.24889547930383,132.47407694283527
27864300,-6.075598,2.325428,0.2742981036911011,251.75423542416453,31.745784141182185
27879701,-5.485281,-3.069553,3.461620103691101,94.10135000678076,209.6015207557521
27879701,-5.485281,-3.069553,3.461620103691101,94.10135000678076,209.6015207557521
27861938,-6.706401,-1.564524,3.620615103691101,95.80999434680062,146.78257691591483
27869755,-7.008346,-0.224525,1.7266241036911012,166.13288493647283,118.60418936750598
27871850,-4.379561,2.799974,-0.007026896308898856,312.718868949374,2.66679755101012
27869771,-4.165411,0.413006,0.4972101036911011,221.9140727326221,156.8227033752542
27879746,-2.658756,-0.510912,1.961905103691101,127.03159305266456,232.5134016085358
27879746,-2.658756,-0.510912,1.961905103691101,127.03159305266456,232.5134016085358
27851933,-5.381258,1.505892,-0.054141896308898874,255.6309990756395,90.85592593285836
27879758,-2.637421,-0.729667,1.9692321036911011,126.20625226035764,241.85491579764724
27879758,-2.637421,-0.729667,1.9692321036911011,126.20625226035764,241.85491579764724
27861980,-6.833309,-1.944531,3.692614103691101,95.74105579931206,155.27315352367978
27871880,-4.963405,2.539192,0.4522591036911011,263.48969025956643,12.473599679382431
27832695,-5.679602,1.114334,4.306657103691101,11.317574168117034,13.62880028427682
27879785,-2.580247,-1.370917,1.984381103691101,124.57909774878183,265.06307943153786
27879785,-2.580247,-1.370917,1.984381103691101,124.57909774878183,265.06307943153786
27879790,-4.153782,-3.881124,1.211543103691101,160.17368387470998,264.406512501184
27879790,-4.153782,-3.881124,1.211543103691101,160.17368387470998,264.406512501184
27879794,-4.454419,-4.407656,0.9272401036911011,167.16708440501543,265.26575376195706
27879794,-4.454419,-4.407656,0.9272401036911011,167.16708440501543,265.26575376195706
27879800,-2.817733,-1.897228,1.496759103691101,151.55621215263326,269.61325199110934
27879800,-2.817733,-1.897228,1.496759103691101,151.55621215263326,269.61325199110934
27879820,-3.65245,-3.318492,0.1239521036911011,195.8249355990779,271.39894271432
27879820,-3.65245,-3.318492,0.1239521036911011,195.8249355990779,271.39894271432
27879821,-5.632504,-1.359893,3.000057103691101,108.47863020418802,164.2866315717666
27869874,-2.278229,-0.201846,-0.0809488963088989,254.8659029072767,253.73656894536705
27858863,-5.34199,-0.572966,4.564243103691101,17.49800480327312,120.09883034808504
27869924,-3.748463,-3.458261,0.08830510369110112,195.7674167246784,270.95346981377565
27879942,-2.587268,-0.840309,1.9655911036911011,125.78358000206346,248.2567994345449
27879942,-2.587268,-0.840309,1.9655911036911011,125.78358000206346,248.2567994345449
27876990,-2.87146,1.160575,0.006747103691101097,283.0254970103737,164.03917717120012
27876990,-2.87146,1.160575,0.006747103691101097,283.0254970103737,164.03917717120012
27876991,-1.722198,1.608437,-0.017275896308898808,358.8991246644603,189.34721387684624
27876991,-1.722198,1.608437,-0.017275896308898808,358.8991246644603,189.34721387684624
27880002,-4.245475,-6.605653,0.7293541036911011,164.2839738186845,295.12592968191984
27880021,-2.929964,-5.081765,1.161217103691101,153.97284769384032,314.31611282838355
27880022,-2.849666,-4.952587,1.258308103691101,150.98793564241987,315.54767440979265
27872022,-3.076261,0.489096,1.9522591036911012,134.61169506696348,163.54004695591163
27874473,-7.83461,1.433762,0.598364103691101,215.51414272154756,63.227640531894025
27874474,-4.42733,1.624,1.642296103691101,175.99283851029338,56.445424579426174
27877111,-2.617257,-0.533256,1.958631103691101,126.68877424229606,235.45529062625891
27877111,-2.617257,-0.533256,1.958631103691101,126.68877424229606,235.45529062625891
27877136,-2.863547,1.165207,0.008622103691101168,283.28380817715737,164.0131019634559
27877136,-2.863547,1.165207,0.008622103691101168,283.28380817715737,164.0131019634559
27870077,-0.831328,-1.980996,0.5258701036911011,196.47498890805323,380.2074454590807
27870083,-2.819405,-9.000998,4.340426103691101,64.42737639103598,350.67813558253505
27870084,-0.813822,-2.107975,0.6242841036911011,189.09457602361203,383.1141534078805
27859137,-5.910667,-4.233393,-0.12323789630889892,194.82720999311437,235.7545649330292
27859137,-5.910667,-4.233393,-0.12323789630889892,194.82720999311437,235.7545649330292
27848546,-5.194854,1.074619,-0.11957489630889895,251.5122941565793,115.42592306529669
27870107,-1.803315,-12.524263,0.4529951036911011,151.84879419895037,379.8635511475589
27874566,-3.462311,0.047145,1.7396941036911011,151.60372419171404,177.49929774264248
27870116,-1.80303,-12.323808,2.361980103691101,114.36969320129826,384.0224586278524
27870122,-1.812015,-12.356514,2.9566981036911013,101.71084038176336,385.40450397408296
27870124,-0.332912,-2.066254,0.3262161036911011,208.36502991923888,419.4223737646921
27877314,-0.935881,-1.965387,0.12344710369110112,218.35213918141656,369.78497624269335
27864858,-2.896426,1.395465,-0.036249896308898855,294.6209997695247,148.65657833482882
27874658,-2.814605,-0.561492,2.041193103691101,123.73241353185928,226.5708778425707
27874658,-2.814605,-0.561492,2.041193103691101,123.73241353185928,226.5708778425707
27874707,-6.318794,-1.167596,3.556509103691101,92.50220849014067,140.6439625649327
27880477,-8.098481,2.366011,0.6794671036911011,222.5180678959358,18.228169063625387
27880493,-5.636552,2.308403,0.03905310369110104,266.8335346084117,39.90350016575198
27872215,-4.010122,-3.674595,0.06635810369110118,194.6640928473672,267.3442396131901
27872215,-4.010122,-3.674595,0.06635810369110118,194.6640928473672,267.3442396131901
27872221,-5.403368,-4.639989,4.485219103691101,64.80356189124333,237.87593735040613
27872221,-5.403368,-4.639989,4.485219103691101,64.80356189124333,237.87593735040613
27872224,-4.496266,-3.311061,4.888406103691101,21.56675558832117,232.125789554518
27872224,-4.496266,-3.311061,4.888406103691101,21.56675558832117,232.125789554518
27872246,-2.534768,-2.603429,0.3551911036911011,195.00601920601872,296.400608641262
27865006,-3.215142,0.919614,1.9437221036911012,138.41530708040597,128.61455226020604
27880580,-3.598272,0.847589,2.057610103691101,134.2279107602675,120.40109667404364
27865036,-4.34251,0.246825,0.07528010369110105,236.0910988432391,164.49116564033667
27874818,-4.154405,-5.239653,0.44293710369110106,176.0302666108938,283.421991908509
27862621,-2.126271,-4.629798,0.10213210369110115,187.66971374489088,335.6638989923636
27872302,-0.762318,-2.130715,0.6616991036911011,186.63677520885116,387.457297682775
27865083,-2.661149,0.744976,-0.06473889630889884,276.42168677600046,196.80836520328867
27865083,-2.661149,0.744976,-0.06473889630889884,276.42168677600046,196.80836520328867
27872306,-0.754923,-2.104982,0.8600001036911011,175.0652756548473,389.5917539008013
27880667,-5.432475,-2.934506,3.269627103691101,100.08858027288288,208.7305060885087
27880667,-5.432475,-2.934506,3.269627103691101,100.08858027288288,208.7305060885087
27872323,-0.339107,-2.185054,0.38700710369110103,202.64313612538905,419.47693294088464
27880701,-2.759988,-0.329753,1.959419103691101,128.65722727946326,220.1609934616883
27880701,-2.759988,-0.329753,1.959419103691101,128.65722727946326,220.1609934616883
27872326,-0.235301,-2.057136,0.1828541036911011,217.6718031866288,426.42653403351096
27880709,-2.732427,-0.427594,2.023314103691101,123.74807054386294,225.03932515174264
27880709,-2.732427,-0.427594,2.023314103691101,123.74807054386294,225.03932515174264
27880710,-2.72623,-0.391594,1.9591371036911012,128.18619970793918,224.3988632776128
27880710,-2.72623,-0.391594,1.9591371036911012,128.18619970793918,224.3988632776128
27865161,-7.238796,-1.154312,3.198316103691101,115.11371187713962,130.81373800938053
27874912,-0.688168,-3.738266,0.03691110369110118,198.55475805834664,394.1122346715101
27880793,-5.034403,-0.483848,0.08528310369110104,221.1826233700419,174.3859444639558
27880793,-5.034403,-0.483848,0.08528310369110104,221.1826233700419,174.3859444639558
27859700,-0.719357,-5.418519,-0.21617489630889897,192.49107119547168,395.288307575855
27867836,-3.360239,2.245265,-0.0018258963088988445,319.41818935449726,64.67255864951207
27874925,0.077421,-5.653673,0.021366103691101035,182.45449786450155,435.8638643494762
27826945,-5.891636,0.789042,4.480137103691101,13.280638300218072,33.76971109780345
27865245,-5.623216,-0.359101,4.664739103691101,15.489187637601106,103.11552783895412
27877724,-5.815973,1.545536,0.032359103691101065,248.6552000368932,82.49887113682954
27865325,-6.375557,-1.61766,3.547886103691101,95.2189296424113,154.22628622534276
27867939,-5.790157,1.910314,-0.07710789630889892,260.47768348873194,65.48285703874268
27867956,-3.079757,1.836735,-0.027159896308898812,309.281532359279,109.0719299231227
27865351,-6.412326,-1.901171,3.3676881036911013,103.20134114186308,163.37330979775447
27865351,-6.412326,-1.901171,3.3676881036911013,103.20134114186308,163.37330979775447
27862898,-0.808293,-11.836651,1.6945641036911012,123.94457789986323,407.3213712889327
27880921,-3.507434,-3.056474,0.010604103691101097,201.58763958850037,271.6336930037973
27865374,-6.263364,-1.92404,3.5405351036911012,95.3686827548886,165.14478749906738
27865374,-6.263364,-1.92404,3.5405351036911012,95.3686827548886,165.14478749906738
27880950,-2.469628,-2.57017,0.08818310369110116,205.61549260432253,298.56842331286464
27880961,-2.051332,-2.394931,0.08036010369110103,209.11294224396636,313.28742659790504
27865400,-6.913493,-2.74593,3.2667201036911013,112.335334037286,177.2400740174905
27865400,-6.913493,-2.74593,3.2667201036911013,112.335334037286,177.2400740174905
27868071,-5.321544,0.74887,4.388588103691101,0.2248948782736306,41.900029485356725
27881001,-0.611072,-2.261577,0.909659103691101,169.9924012690833,402.27169778010943
27881002,-0.610099,-2.181527,0.8675741036911011,173.38488255782332,401.7234409467597
27868111,-4.828269,1.0863,0.000527103691100983,250.62195053526167,119.03528823946932
27852669,-3.485255,-1.661262,0.05786810369110107,214.04785037081243,245.69976757736745
27852669,-3.485255,-1.661262,0.05786810369110107,214.04785037081243,245.69976757736745
27822843,-4.671552,2.714746,-0.03770189630889886,302.13360327424635,12.699992288577503
27877993,-4.149502,-3.703238,1.0718541036911011,165.1087372459954,262.0723547944695
27877993,-4.149502,-3.703238,1.0718541036911011,165.1087372459954,262.0723547944695
27868189,-5.538861,0.499961,0.05458310369110109,232.749332084908,131.72162681865376
27865615,-2.074027,-0.67509,-0.08227989630889887,245.69017854598397,278.1036687352303
27878038,-2.614468,-2.650183,0.07656310369110098,204.85455897319088,294.3294171416905
27878046,-2.786932,-3.773642,-0.06471089630889892,198.9451646392808,304.0290144163874
27868245,-6.896605,-0.509378,3.634403103691101,93.47996150079148,108.03192174597248
27878077,-2.80351,-7.249753,4.529530103691101,47.14122942883964,340.6974368725349
27878082,-2.079499,-4.747098,0.07846510369110105,187.61058762661105,338.2858928067845
27868304,-5.131901,-0.403738,4.428771103691101,16.743983616179207,117.4784139987839
27878097,-1.606412,-7.270631,5.015664103691101,7.93185048852655,386.9733612680098
27881337,-5.193909,2.354852,0.3447371036911011,260.22457682431536,30.494770752434132
27865757,-0.578809,0.620453,-0.007327896308898962,343.34357943281594,373.9422300338096
27868359,-6.649504,-1.164251,3.651419103691101,92.51981924990793,134.5851601309279
27878122,-0.471234,-4.38612,-0.10126289630889884,197.68755374578149,406.4858896361609
27875278,-4.531579,2.714526,0.27286910369110107,288.6043437036718,1.2788956891261023
27875287,-4.814983,2.575599,0.48737110369110104,265.2467620714565,7.826336380264024
27881418,-4.486749,1.210979,0.518050103691101,233.12794985202615,109.7710589504003
27868394,-6.344117,-1.275033,3.574695103691101,92.498055559045,143.65259270946189
27865837,-4.124896,-4.059313,4.624812103691101,35.293110569785654,259.7549687015384
27865837,-4.124896,-4.059313,4.624812103691101,35.293110569785654,259.7549687015384
27881435,-3.266231,0.825719,1.952181103691101,138.08594010774007,133.92441355777606
27881438,-3.240561,0.681369,1.958393103691101,136.81241427851623,144.8824757130834
27875307,-3.298245,2.235632,-0.05026589630889888,324.35429697020487,68.26680962283984
27875309,-5.696266,2.102715,-0.041835896308898946,264.49912842630306,54.34315380725485
27870934,-6.672972,-0.163762,2.924712103691101,119.73437249275396,106.20291666300028
27870940,-6.824233,-0.347609,2.906302103691101,121.88481701645948,111.71580746605882
27875328,-7.168118,0.79903,0.6979531036911011,207.71082902639364,92.15179003860707
27865869,-4.213999,-4.559247,5.3243281036911005,12.382313121600788,264.33154755653976
27868441,-6.215244,-1.572914,3.495520103691101,95.33655970061383,155.99154125667354
27875355,-6.855433,-0.379843,1.1162801036911012,185.01017514029397,131.79691772896055
27848852,-3.118581,0.69488,1.9450591036911011,136.28370773062235,148.41262087343728
27848872,-3.09459,0.640937,1.9475071036911011,135.6088076515135,152.9556887602389
27881502,-5.493633,-3.053173,3.127681103691101,105.99101062373803,210.80655282466049
27881502,-5.493633,-3.053173,3.127681103691101,105.99101062373803,210.80655282466049
27868470,-6.652965,-2.099443,3.6707281036911015,95.21683725116432,162.5113626956991
27868470,-6.652965,-2.099443,3.6707281036911015,95.21683725116432,162.5113626956991
27865934,-1.455197,-2.134998,-0.09800189630889888,223.05226438921,338.7894940108373
27816595,-5.711637,1.090011,0.002455103691101135,242.63593445228557,105.62011607494765
27870991,-5.026771,-0.443987,0.007581103691101099,224.3626533437176,173.98029158679614
27870991,-5.026771,-0.443987,0.007581103691101099,224.3626533437176,173.98029158679614
27872859,-5.025076,-0.560481,0.06805710369110107,220.8807659120885,177.0405953121792
27872859,-5.025076,-0.560481,0.06805710369110107,220.8807659120885,177.0405953121792
27881604,-3.227404,-4.440182,3.3348581036911007,78.74113186608773,296.9327171590254
27881604,-3.227404,-4.440182,3.3348581036911007,78.74113186608773,296.9327171590254
27871019,-6.430859,-1.803238,4.010732103691101,78.63822043914652,154.81876581296646
27871019,-6.430859,-1.803238,4.010732103691101,78.63822043914652,154.81876581296646
27865991,-2.111671,-4.658029,-0.0018538963088989835,190.7284330842943,336.2567376528455
27875461,-4.247895,-2.550979,4.4497481036911015,27.43179510200602,222.36688389733584
27875461,-4.247895,-2.550979,4.4497481036911015,27.43179510200602,222.36688389733584
27865993,-2.145894,-4.764514,0.0899301036911011,187.14153876796124,336.10063597041943
27875484,-6.716346,-0.497246,0.04349410369110118,216.33911293731157,146.80477446429094
27866026,-1.180138,-2.750446,-0.08802389630889884,214.66932246994065,360.3652111566065
27866027,-1.709538,-3.911878,0.5146531036911011,178.16562509882866,346.6337479126768
27866036,-1.891677,-4.455874,0.7767251036911011,165.7959330671331,344.3456953410262
27866042,-3.105124,-5.856078,5.027314103691101,19.39915259259581,318.8055092333175
27866042,-3.105124,-5.856078,5.027314103691101,19.39915259259581,318.8055092333175
27866047,-1.099302,-2.919713,-0.08366089630889895,212.4681678449424,366.19882243906216
27820026,-3.243813,2.17086,0.045586103691101165,316.6569068865266,72.34756462052954
27868643,-3.093776,-3.153691,0.077834103691101,199.20395769189804,285.60744310507727
27868646,-3.479781,-3.387053,1.1809881036911012,161.01242706402866,275.5411048831952
27868646,-3.479781,-3.387053,1.1809881036911012,161.01242706402866,275.5411048831952
27875606,-4.115759,-3.565015,0.33680010369110114,187.64625363424128,262.4572076873564
27875606,-4.115759,-3.565015,0.33680010369110114,187.64625363424128,262.4572076873564
27875615,-4.735391,-4.911315,1.3581271036911011,154.61720712182097,264.8380567089762
27875615,-4.735391,-4.911315,1.3581271036911011,154.61720712182097,264.8380567089762
27871108,-6.873117,-0.372139,1.5105521036911012,172.33349538728157,127.41553260429096
27866099,-1.402209,-3.951327,0.761787103691101,167.66778810984863,361.7283944138827
27868672,-2.484887,-2.618055,0.6917801036911011,181.5780521276216,298.3936401491546
27868673,-4.535989,-4.390218,5.4695471036911005,10.469237618964996,251.54548722080204
27868673,-4.535989,-4.390218,5.4695471036911005,10.469237618964996,251.54548722080204
27866108,-1.333692,-4.002639,0.754205103691101,167.48686621699025,365.3477410769042
27868711,-1.531865,-2.026277,-0.11275789630889888,225.03893181011847,333.17417354058074
27866135,-2.238943,-5.275406,4.690090103691101,8.141788467908981,346.4916600164516
27866140,-3.01133,-8.592152,5.659664103691101,23.16279904472779,345.1468625251378
27875709,-3.160151,-9.628767,2.634053103691101,113.09763340353896,342.47568309487747
27866151,-1.952582,-4.677083,4.349677103691101,8.921992805829689,353.63297098315684
27875716,-1.515681,-4.059838,0.754923103691101,167.64121664872218,357.1931420455466
27875729,-1.825366,-7.057638,4.129813103691101,45.83885591325651,373.4742682447426
27875746,-0.880191,-8.262947,4.624738103691101,22.33500220499215,417.8759838910173
27866167,-2.684692,-10.777641,3.437557103691101,93.20200819004944,360.4589345436197
27868787,-3.354056,-8.464673,2.7906051036911013,109.13639304011036,331.1823674822995
27866190,-0.589401,-4.120696,-0.10892189630889892,200.5202571555231,399.5882343491844
27878608,-3.218483,2.022141,0.027663103691101032,310.6496363941609,87.77276216314749
27868812,-0.784948,-2.021358,0.5412401036911011,195.0826954741316,384.1119146295708
27878623,-3.096112,1.809053,-0.043598896308898905,308.3494843425969,111.4064536898356
27866213,-0.507871,-4.249804,-0.08688189630889886,198.4490521821003,404.4204990469585
27878631,-3.018132,1.676519,-0.03531389630889881,303.86021450036617,124.06580155132752
27868858,-1.822742,-12.660568,0.7838991036911012,145.57792173576945,380.45216291233953
27868861,-1.815733,-12.576401,1.0294271036911011,141.03048426884948,380.9997150349468
27868863,-1.845375,-12.720888,1.3231491036911012,135.40810037914952,381.2950414303915
27868869,-1.854509,-12.818213,1.5655081036911012,130.7353057958348,381.84294247550105
27868875,-1.84411,-12.898808,1.998880103691101,122.22827268590544,383.2607533953509
27868881,-1.844196,-13.073941,2.193811103691101,118.4353404221778,384.0546380577572
27868885,-1.862108,-13.024503,2.556530103691101,111.22257475432762,384.429957171226
27873111,-3.20075,-5.393449,0.675111103691101,167.851777860386,309.3666093460512
27868894,-1.840088,-12.759315,3.389798103691101,93.1880026547089,386.5936523661359
27868898,-1.852621,-12.955956,3.974169103691101,80.88110261117009,388.1868896772161
27866256,-2.225455,-9.853714,6.154992103691101,7.02051437682502,376.6928350038088
27866272,-1.512535,-6.305829,4.498671103691101,15.91902123296839,385.5021353036736
27881745,-4.422567,-4.404328,0.5867551036911011,176.34598598308546,266.6044952277233
27881762,-3.364465,-3.252363,0.027105103691100974,199.63393222060603,278.84183752451435
27881765,-3.2183,-3.356454,0.2054241036911011,193.31779247319935,284.55819627080234
27881770,-2.936656,-2.989482,0.05123310369110112,201.78284497683245,288.27826781683507
27881803,-1.936041,-4.20183,0.749838103691101,168.15659525462308,340.285697465626
27882060,-8.222477,2.366906,0.837070103691101,216.58719645570469,15.218062836235902
27882135,-6.988997,-0.088243,3.053032103691101,117.25396588549108,97.97972388345543
27882295,-3.781524,-1.643769,0.0026831036911010298,215.17420710523453,236.6869501732419
27882317,-2.822356,-1.798202,1.585356103691101,147.64615937043317,266.8383600846637
27882319,-4.131135,-3.88301,0.4990211036911011,181.13414401805363,266.48433142770176
27882326,-3.541206,-4.614477,2.766139103691101,104.605523285336,289.6985908688493
27808699,-4.957716,2.578315,0.06574710369110104,285.0121315751155,21.25693857294695
27866300,-0.174464,-4.861097,0.07277010369110104,186.76713839404323,424.12976604159326
27866307,-0.150599,-5.901363,0.02417810369110107,180.83074442993055,423.678031098469
27871270,-4.821358,-5.093373,3.939089103691101,78.84827767462659,260.13280761557934
27871270,-4.821358,-5.093373,3.939089103691101,78.84827767462659,260.13280761557934
27878768,-2.669989,-0.635037,1.9632481036911011,127.05539572150153,236.80684299247648
27878768,-2.669989,-0.635037,1.9632481036911011,127.05539572150153,236.80684299247648
27808710,-5.300777,2.382059,-0.003102896308898817,275.8130352156392,37.33291823846949
27878812,-2.813188,-1.8617,1.6249281036911012,145.4165558576791,268.5918766135252
27878812,-2.813188,-1.8617,1.6249281036911012,145.4165558576791,268.5918766135252
27871281,-4.041096,-4.780018,2.709543103691101,111.12513678156,277.7562226744451
27871281,-4.041096,-4.780018,2.709543103691101,111.12513678156,277.7562226744451
27871285,-3.381879,-4.128013,2.085387103691101,127.14021234701242,288.49478162439385
27878823,-2.804361,-1.913618,1.5384981036911012,149.4001374106124,270.41151623347287
27878823,-2.804361,-1.913618,1.5384981036911012,149.4001374106124,270.41151623347287
27878845,-3.123254,0.179001,1.9408051036911012,135.38918917642684,180.10505040459063
27878845,-3.123254,0.179001,1.9408051036911012,135.38918917642684,180.10505040459063
27855422,-12.568145,0.253389,6.104785103691101,67.34974821662084,21.478658395308656
27871301,-3.190058,-3.280765,4.429215103691101,13.506225170464036,277.18018887597697
27871301,-3.190058,-3.280765,4.429215103691101,13.506225170464036,277.18018887597697
27871302,-3.81831,-5.111697,3.592486103691101,79.71185287864893,287.3927700160759
27871302,-3.81831,-5.111697,3.592486103691101,79.71185287864893,287.3927700160759
27855443,-16.935444,-0.610608,7.717309103691101,68.88899056676959,26.50540755255517
27871309,-3.25873,-4.366421,3.054639103691101,90.0096883700723,295.0165768215288
27871309,-3.25873,-4.366421,3.054639103691101,90.0096883700723,295.0165768215288
27871310,-3.223565,-4.317101,3.133909103691101,86.1974955467526,295.4487883573594
27871310,-3.223565,-4.317101,3.133909103691101,86.1974955467526,295.4487883573594
27878916,-2.616603,-0.630092,1.9560121036911011,126.84020239742092,239.25987098020065
27878916,-2.616603,-0.630092,1.9560121036911011,126.84020239742092,239.25987098020065
27823860,-7.165543,0.713497,4.138067103691101,66.63861613250316,41.43582307259044
27871332,-3.010739,-4.348627,4.345836103691101,29.38511106298492,303.0376530760628
27871332,-3.010739,-4.348627,4.345836103691101,29.38511106298492,303.0376530760628
27855509,-6.841115,0.347553,4.060905103691101,67.90496959830526,64.16604987089715
27855523,-5.705297,0.633221,4.4170111036911015,14.859473616750904,47.447891267357534
27810570,-5.00527,2.543711,0.07103910369110111,282.62591548207763,23.880558916130557
27855532,-6.130709,0.372078,3.828131103691101,66.76053411962079,72.99258475889803
27855546,-6.470582,0.351507,4.858566103691101,14.979912081496169,50.923939055286496
27855561,-12.804852,-1.535834,6.372991103691101,70.35861816285964,70.3373772360004
27832551,-4.773865,1.078874,0.02339110369110098,250.0780332469241,119.9842147805005
27871384,-1.404217,-6.675391,-0.002538896308898808,178.3455320368679,373.2576935770747
27855583,-5.264346,0.440234,4.252737103691101,15.95346288781178,68.52288726744908
27832563,-4.736079,1.020139,0.03712810369110109,248.6861464376732,123.28404469765424
27855592,-6.985679,-0.241682,4.1514111036911014,70.61872318260833,89.1780020379947
27861158,-8.12186,2.394032,0.017961103691101155,244.5876026032659,28.66548005187869
27855637,-6.160026,-0.285286,3.9255561036911013,68.03842540443605,103.8396341975986
27855644,-6.424088,-0.502714,3.4272931036911007,96.5896316320201,116.31794923010834
27879059,-0.73411,-11.807784,3.547822103691101,78.74030138131539,416.7045777058207
27876189,-7.101373,-0.119609,4.392861103691101,60.33480385998058,79.0830393606507
27855658,-7.004187,-0.874441,3.3975231036911007,105.26209814589645,122.68350393358736
27811433,-5.150411,1.378932,0.022333103691100975,252.37217773353512,99.08457466899128
27855667,-7.36412,-1.038528,3.7335021036911007,96.70473594431604,120.1948832321142
27807812,-4.96229,2.571638,0.06363010369110111,284.7975849865357,21.871638241844664
27855675,-5.084392,-0.015443,4.262310103691101,18.83523573745288,99.72204118418604
27855678,-6.842811,-0.931282,3.5744421036911014,96.88281893385616,124.80400056015702
27855679,-5.953124,-0.60412,3.1295451036911013,104.47745696428868,130.8136846674887
27855680,-6.797712,-0.996533,3.098507103691101,114.87956015279694,132.61270787127756
27876211,-5.398209,-0.549281,4.531616103691101,20.674748967584605,118.46662598611104
27855691,-5.50162,-0.241064,4.496397103691101,20.333000580114717,101.6197620605438
27855692,-7.04761,-0.964135,4.337097103691101,68.59770393701089,114.7363177840618
27876227,-6.399818,-1.807351,3.780899103691101,87.25699268658278,157.46020023728477
27876228,-6.465686,-1.816885,3.6851651036911015,91.70335867753552,157.47903006850785
27876228,-6.465686,-1.816885,3.6851651036911015,91.70335867753552,157.47903006850785
27873535,-5.40243,2.402634,0.053248103691101,272.1631066410682,34.02727158914425
27855709,-5.597998,-0.611428,3.054669103691101,103.72744740140593,137.9211315143851
27876235,-3.607226,0.194686,1.6008851036911012,161.9288435985723,167.49233490639156
27876237,-6.351891,-1.978615,3.6751811036911013,91.45462711479816,164.08958166688546
27876237,-6.351891,-1.978615,3.6751811036911013,91.45462711479816,164.08958166688546
27855717,-6.581563,-1.035971,3.531130103691101,96.07350528128356,132.4803231979228
27855730,-5.883447,-0.846712,3.140149103691101,103.924749789357,140.9044460620578
27855731,-7.405647,-1.572265,3.399565103691101,110.14626075976464,139.22694215400253
27873563,-2.083428,1.994686,-0.014719896308899028,370.1685716292883,127.51204612760924
27873563,-2.083428,1.994686,-0.014719896308899028,370.1685716292883,127.51204612760924
27873574,-7.94112,0.459132,4.607309103691101,59.71805665813588,43.00973603613093
27861260,-5.187284,1.539065,0.016742103691101073,255.59064716795163,90.25422761318345
27855741,-7.223724,-1.584402,3.218791103691101,114.7903139927262,143.53680137023645
27873580,-7.245331,0.369329,4.347291103691101,60.67297151642131,55.34208670887904
27873594,-7.062833,-0.262231,4.391097103691101,61.00150522361784,85.81413805598089
27873601,-4.90777,0.074216,4.396300103691101,0.9371181838100996,94.29624629059094
27855750,-5.467678,-0.507025,4.7316141036911015,9.528842403388666,111.99463991443989
27873607,-6.832834,-0.634537,3.9140811036911014,81.429516600145,110.11491819823894
27855753,-5.990887,-1.033985,3.049839103691101,109.35868054600098,146.63438793886775
27855756,-5.702209,-0.867437,3.277843103691101,95.70587910331002,143.25999339098428
27855765,-5.865489,-1.059907,3.0177881036911014,109.47151334988868,149.99150094280887
27855766,-6.382154,-1.337996,3.0396141036911013,113.94908558379396,150.17125373677035
27873619,-6.805189,-0.977006,4.402592103691101,62.17914584027128,117.48722049740124
27873630,-6.434286,-1.249063,4.3000171036911015,62.934667101587166,133.77778545355923
27855785,-6.16007,-1.23403,3.439513103691101,95.71888314496624,146.61184808814755
27855786,-5.427166,-0.895941,3.0459361036911012,102.97660827626974,151.95127509328847
27790440,-7.731418,1.351107,4.125963103691101,71.96910051584095,3.9160157704413336
27861350,-5.591524,2.024574,-0.007158896308898877,262.5919096126214,59.03808062644447
27855813,-6.956304,-1.880278,3.3163741036911007,109.77948838228797,154.70476796784334
27855819,-6.824349,-1.865871,3.1740691036911013,113.52394203832596,157.4132016012212
27873767,-6.850708,-0.357137,0.6299441036911011,200.17612524930937,135.76769332079863
27873770,-6.876155,-0.382226,1.356630103691101,177.3169231875427,129.2457223700082
27876366,-3.5947,0.270608,1.7455531036911012,153.45047062920185,161.88592909403295
27876368,-3.583072,0.219315,1.6009851036911011,161.97503821032004,167.0090441550814
27858353,-5.27263,1.486002,-0.014125896308898822,254.78352491680323,92.54229780468216
27873803,-3.712928,0.264779,1.620723103691101,161.8096162371263,160.49252977796812
27855851,-7.205828,-2.075341,4.532406103691101,70.23042725152288,146.48488083069702
27855852,-6.067477,-1.640946,2.994451103691101,113.32386275214752,164.89829054674777
27855852,-6.067477,-1.640946,2.994451103691101,113.32386275214752,164.89829054674777
27832621,-7.701501,1.470607,3.9427841036911007,79.94435372027934,0.6668633424985444
27855857,-6.331203,-1.495966,5.151221103691101,24.415848732599216,134.79212131390057
27855857,-6.331203,-1.495966,5.151221103691101,24.415848732599216,134.79212131390057
27855862,-5.796286,-1.457162,3.3791591036911015,94.81765509529149,160.83218103553418
27855862,-5.796286,-1.457162,3.3791591036911015,94.81765509529149,160.83218103553418
27873822,-6.695765,-0.901274,4.370988103691101,61.18867819779382,116.43474618457398
27861475,-7.908795,1.581529,3.224961103691101,116.7295271720591,10.168836201226071
27873834,-6.384495,-1.080976,4.058859103691101,71.51845435750599,131.18090553268175
27855870,-5.567147,-1.389828,3.118262103691101,102.9234255983162,165.42840669277837
27855870,-5.567147,-1.389828,3.118262103691101,102.9234255983162,165.42840669277837
27855875,-6.37627,-1.954978,3.0807221036911008,113.2538191910138,167.68551228608084
27855875,-6.37627,-1.954978,3.0807221036911008,113.2538191910138,167.68551228608084
27876402,-6.223669,-2.224647,4.205143103691101,70.71790358945137,169.0096526733896
27876402,-6.223669,-2.224647,4.205143103691101,70.71790358945137,169.0096526733896
27855878,-7.120883,-2.334856,3.8120521036911015,95.63396082250446,160.44882894631343
27855878,-7.120883,-2.334856,3.8120521036911015,95.63396082250446,160.44882894631343
27873845,-6.391838,-1.556122,4.048141103691101,75.17967483766702,147.40852488372406
27873856,-6.288114,-1.830559,3.8262271036911013,84.2644761696211,159.6279559022831
27873856,-6.288114,-1.830559,3.8262271036911013,84.2644761696211,159.6279559022831
27855896,-3.937812,-0.442557,3.166064103691101,68.50178160967349,166.94015551614282
27855896,-3.937812,-0.442557,3.166064103691101,68.50178160967349,166.94015551614282
27855898,-7.103902,-2.514961,3.429525103691101,108.33342739599908,167.8643537539478
27855898,-7.103902,-2.514961,3.429525103691101,108.33342739599908,167.8643537539478
27855899,-6.261114,-2.019995,3.065255103691101,112.93824638475688,171.50264550846168
27855899,-6.261114,-2.019995,3.065255103691101,112.93824638475688,171.50264550846168
27873862,-6.354699,-1.914309,4.382479103691101,63.30867969944444,156.1459945529169
27873862,-6.354699,-1.914309,4.382479103691101,63.30867969944444,156.1459945529169
27873865,-6.119614,-1.900063,4.294963103691101,63.30385053128535,160.55690234660253
27873865,-6.119614,-1.900063,4.294963103691101,63.30385053128535,160.55690234660253
27876421,-5.771683,-3.096193,3.6455921036911008,90.58234149159176,203.26433076940395
27876421,-5.771683,-3.096193,3.6455921036911008,90.58234149159176,203.26433076940395
27855920,-9.672636,-4.05661,5.623168103691101,72.32839189526862,155.21498890116467
27873892,-7.335991,-4.081495,4.860559103691101,71.47679786405115,189.90213969067835
27873892,-7.335991,-4.081495,4.860559103691101,71.47679786405115,189.90213969067835
27858447,-4.698864,1.098222,0.05609310369110099,249.87695895677973,119.84373670732664
27861563,-4.809866,0.915304,0.01243710369110107,246.90375996928665,127.24193422830258
27855935,-5.562264,-1.745329,3.155989103691101,102.34991166444978,176.1151901535337
27855935,-5.562264,-1.745329,3.155989103691101,102.34991166444978,176.1151901535337
27861566,-7.935314,1.136213,4.338114103691101,66.63733064095834,12.235734955347056
27855936,-6.331889,-2.310584,3.099791103691101,112.72198304197138,177.5274413204803
27855936,-6.331889,-2.310584,3.099791103691101,112.72198304197138,177.5274413204803
27784481,-7.61386,1.045032,4.387098103691101,59.09929768958992,16.45225540632802
27784484,-7.719692,0.86056,4.4659321036911015,58.88704313229184,25.27778016559941
27869493,-4.700204,2.648553,0.3066611036911011,280.19419179095894,7.024543351830431
27855945,-5.437209,-1.7511,2.992909103691101,107.6640290707371,180.13029575419063
27855945,-5.437209,-1.7511,2.992909103691101,107.6640290707371,180.13029575419063
27858472,-4.748915,0.951501,0.022877103691101075,247.77359721702624,126.51905921497836
27861583,-4.855105,0.806444,-0.008192896308898856,245.2471512426536,131.60551593969967
27861586,-7.680708,0.976184,4.256525103691101,67.57715470039963,23.117399732625785
27858484,-7.488592,1.210787,4.156735103691101,67.19054384925224,11.546138235651938
27873937,-0.734807,1.235385,-0.013852896308898854,403.8660520569403,329.6249574442874
27861599,-9.177381,0.690229,4.826010103691101,67.78350165478045,25.353942448015488
27869513,-8.280122,2.521411,0.5681041036911011,227.41900361079104,12.377780390322329
27855979,-6.61222,-2.731496,3.7275801036911007,94.88060299833614,178.8521217058276
27855979,-6.61222,-2.731496,3.7275801036911007,94.88060299833614,178.8521217058276
27855984,-5.202687,-1.673496,3.794421103691101,69.36256286066043,176.03795713671434
27858504,-8.572417,0.974693,4.577460103691101,67.2570553192416,16.332107762159154
27855992,-6.271068,-2.670781,3.120943103691101,112.0316265178781,187.1468607179448
27855992,-6.271068,-2.670781,3.120943103691101,112.0316265178781,187.1468607179448
27873976,-3.900992,-4.33534,5.077955103691101,13.756087219956925,270.5860867547359
27873976,-3.900992,-4.33534,5.077955103691101,13.756087219956925,270.5860867547359
27832645,-8.035665,1.279533,4.329067103691101,67.63047964706118,4.201038476288915
27861638,-6.46677,1.015204,4.839213103691101,2.5420188182356758,6.709675073472511
27861642,-7.531886,0.531006,4.286792103691101,67.22071029127878,46.76923742298592
27856015,-6.390422,-2.884846,3.4753311036911008,101.69956785098644,187.81845970154777
27856015,-6.390422,-2.884846,3.4753311036911008,101.69956785098644,187.81845970154777
27869544,-5.231023,1.678271,0.058603103691101,256.37406198448207,81.25703172518868
27861656,-8.462937,0.272756,4.623483103691101,68.69830620916318,49.35883751366126
27856024,-5.032394,-1.952233,2.9169211036911014,107.10185884787867,195.24590701051727
27856024,-5.032394,-1.952233,2.9169211036911014,107.10185884787867,195.24590701051727
27858530,-8.804917,0.709831,4.679651103691101,68.30419048086688,27.423271866434614
27861678,-6.540536,0.689624,4.8272961036911015,12.621083557125672,30.004545170037773
27861679,-6.657298,0.413285,4.006089103691101,66.82325655360103,63.06560748306856
27856041,-5.354091,-2.301226,3.171555103691101,101.15909157722275,195.6918025523672
27856041,-5.354091,-2.301226,3.171555103691101,101.15909157722275,195.6918025523672
27856042,-5.752,-2.653743,3.135129103691101,107.18853276885277,196.41043368116885
27856042,-5.752,-2.653743,3.135129103691101,107.18853276885277,196.41043368116885
27856055,-6.193184,-3.044487,3.646026103691101,94.6130684752906,193.97943065641311
27856055,-6.193184,-3.044487,3.646026103691101,94.6130684752906,193.97943065641311
27856057,-6.399091,-3.297523,3.325762103691101,107.4454829224459,197.50486205760689
27856057,-6.399091,-3.297523,3.325762103691101,107.4454829224459,197.50486205760689
27876553,-2.064258,-5.519603,4.332253103691101,25.07816979448836,355.21262640646137
27861699,-6.956482,0.478363,5.058387103691101,14.412626233852706,36.797474896621225
27856071,-5.885029,-3.017722,3.079174103691101,110.86997726441436,202.37345750797263
27856071,-5.885029,-3.017722,3.079174103691101,110.86997726441436,202.37345750797263
27869586,-7.28615,-0.151137,3.153044103691101,116.0025343296139,96.1127075707855
27766590,-8.533743,1.078491,4.531246103691101,67.94058348758247,11.77034503304924
27879506,-8.171769,1.353355,3.9980581036911014,85.20604389981162,7.18538088439314
27869591,-6.900668,-0.201101,3.286300103691101,107.02871141884611,100.35967332345604
27861714,-8.122874,-0.117543,4.589656103691101,67.8649666932833,68.39936853129944
27784610,-7.7633,1.507738,3.589462103691101,98.20413524876544,6.489356318651488
27832656,-7.104213,1.229834,4.020513103691101,67.05031513685614,13.323076594977977
27861718,-7.305782,0.082267,4.535730103691101,55.316922880009486,65.82661721647375
27858570,-7.1295,0.678931,4.099152103691101,68.27664806052334,44.24465836908246
27879520,-7.732142,1.517833,2.2289341036911012,157.8119836302821,33.30924090154792
27869600,-7.036236,-0.23594,2.742782103691101,129.82484870203683,107.07395323163988
27869601,-6.572514,-0.217951,3.519839103691101,93.1769178649362,101.61422983638644
27856114,-5.258907,-2.743522,3.3763181036911014,93.70318966616762,207.5095832441889
27879534,-6.073525,2.096319,0.058123103691101186,255.8523120271719,50.34838317302297
27858591,-8.468364,0.313677,4.630086103691101,68.21631806093797,47.415873389667695
27861749,-5.918563,0.177323,3.764741103691101,67.9645905046585,86.85754781760087
27879548,-6.045667,1.964516,0.10058510369110119,251.8036464955389,57.14486075075928
27879559,-7.467951,0.425523,4.442442103691101,59.5236146433169,49.61879112762071
27861767,-5.85196,0.303133,4.568284103691101,15.930772093654213,64.6319300943702
27861775,-6.937109,-0.465937,3.5605511036911013,96.8567710618779,106.81474678274584
27858618,-7.183815,0.328126,4.177423103691101,68.24233943125441,60.763608367714426
27869632,-6.565477,-1.440986,4.392836103691101,62.48874630739593,137.4561967317914
27858622,-6.023225,0.716308,4.563260103691101,13.355996724064823,36.33835407205052
27861783,-6.347477,0.092156,4.929308103691101,11.892689059291513,65.48235552507856
27879569,-3.648477,1.53526,1.959141103691101,145.5092933624203,63.44177638182455
27861784,-5.714649,0.021137,3.7277371036911013,67.50133075566629,98.15618412607094
27861785,-7.119524,-0.641484,3.397830103691101,105.8235069960438,113.1488181522682
27869641,-6.526502,-1.639101,4.404885103691101,62.900609139609486,144.49023306628408
27869643,-6.599637,-1.713563,4.443159103691101,62.97235745896515,145.36899003049365
27879587,-3.506128,1.379957,1.949956103691101,143.69130983152323,81.32941129226975
27861811,-8.186053,-1.011841,4.7032491036911015,70.06561296300652,100.08336751021533
27879589,-5.785507,0.008953,4.589866103691101,18.124925801242934,82.35923866889198
27879592,-7.079976,-0.084732,3.769921103691101,88.08386308372428,87.0323712751283
27879599,-6.970327,-0.396987,4.391722103691101,60.56090875033294,92.54640329795816
27858653,-7.253751,-0.167786,3.213099103691101,113.38145663453298,96.30735025635846
27861827,-6.64923,-0.626995,4.118612103691101,69.66123059229585,109.46932065828231
27861832,-5.557553,-0.02625,4.490864103691101,18.36970151298499,89.07544687229154
27861837,-6.977498,-1.004922,3.626455103691101,96.56785518606978,125.00111100043286
27869669,-6.090977,-1.86941,3.580418103691101,91.73975416144262,166.2722404832514
27869669,-6.090977,-1.86941,3.580418103691101,91.73975416144262,166.2722404832514
27858666,-6.610564,0.31954,4.934086103691101,14.962954843121452,50.4206609723295
27835222,-5.541689,1.911642,-0.004949896308898971,260.54603651500327,66.0488707748618
27858672,-5.886601,0.467485,4.732000103691101,2.4720532505590427,50.02241137081609
27861851,-8.518711,-1.560762,4.858973103691101,71.72016682802607,112.8240435970319
27861859,-5.853499,-0.280116,4.689662103691101,19.07923572058874,95.38650965809316
27879631,-6.666501,-1.255267,3.9302211036911014,81.93760450936867,134.50508239567455
27861860,-6.950161,-1.12366,3.624345103691101,96.75902091449736,129.3507430039882
27879633,-3.821556,0.664617,1.751689103691101,157.1153409765987,133.0736782601796
27861869,-6.56973,-1.067099,3.331494103691101,103.97505633917126,135.7908058592986
27879642,-3.191651,0.483013,1.9616881036911011,135.40250742936334,159.5091675736363
27861879,-5.615977,-0.547336,3.761730103691101,68.92308906531736,125.91064773377325
27879646,-6.22166,-2.378689,4.425178103691101,63.02147732179739,171.62308860819067
27879646,-6.22166,-2.378689,4.425178103691101,63.02147732179739,171.62308860819067
27858688,-5.620806,0.407236,4.598224103691101,4.043478281954464,59.22223291082594
27858689,-5.523864,0.397015,4.389633103691101,15.7554332826341,65.61835367861764
27861883,-6.163797,-0.958446,3.4090551036911014,95.99367993134828,137.3903274570922
27861884,-6.183599,-1.013035,3.230699103691101,103.85795036794244,140.88999815784513
27861894,-6.690784,-1.380123,3.100593103691101,114.3883350353152,146.16120393566473
27861903,-6.611015,-1.37557,3.211696103691101,109.62069192906668,146.20295268984722
27879666,-3.532533,-0.031328,1.557809103691101,162.45271408494096,181.17441048266545
27861907,-6.317463,-1.180089,3.472201103691101,95.98898785713163,141.94878405891134
27861911,-5.910002,-1.054649,3.176383103691101,103.2724925385218,147.42062637390447
27861920,-5.855868,-1.119649,3.025459103691101,109.18102922267224,152.09766983222863
27861921,-6.699449,-1.580575,3.123061103691101,113.91520845393688,151.7458567267933
27858715,-6.854974,-0.524326,3.3266411036911014,105.6941819404549,112.87195970755498
27861939,-5.976941,-1.23491,3.209563103691101,103.13680180529492,152.00003318626247
27869753,-7.579928,0.473687,4.224527103691101,71.39023720923765,50.52295465809564
27858740,-6.505801,-0.604811,3.2597431036911013,104.98860588526507,121.16972297726464
27869758,-6.898823,-0.372799,0.36166810369110103,207.88734194668447,138.03966197087055
27869762,-6.87953,-0.374905,0.956904103691101,190.0361038849168,132.8627390817488
27869763,-6.843658,-0.373383,0.8591201036911011,193.08321674686897,134.21069576736625
27858747,-7.536928,-0.827524,4.641153103691101,62.21342797115236,100.56737055839965
27861950,-6.851192,-1.547415,4.297678103691101,71.30516779145572,137.72484944059633
27869764,-7.228316,-0.154624,2.9032081036911013,125.1556085056766,99.9916400947172
27869765,-7.239221,-0.165166,2.9881891036911012,121.99465325520082,99.21535301165852
27869768,-7.103462,-0.132261,3.1496621036911012,114.46402733013583,97.26425240925931
27869770,-6.834849,-0.37287,1.692814103691101,166.15371431599135,126.05884998482654
27861954,-5.969858,-1.323519,3.206388103691101,103.4399866862324,155.03540275921455
27869775,-6.839814,-0.191572,3.118878103691101,113.32026422421406,102.8538963305172
27869778,-6.839592,-0.18204,3.248726103691101,107.91509982634658,100.7651066715466
27861959,-6.973313,-1.936529,3.343407103691101,109.1012982931993,155.7597814990287
27869779,-6.854757,-0.373327,2.793108103691101,126.5330382794466,113.6516068880404
27861964,-6.17439,-1.44575,3.4725211036911015,95.32782638020998,152.92619094236534
27869782,-6.823729,-0.357579,2.9169781036911013,121.46602496170571,111.96542712015852
27858770,-4.34084,0.137225,3.2119271036911012,68.39938152884855,124.86419653964482
27861973,-6.352339,-1.449141,4.148407103691101,69.72483996244333,143.54364703981605
27861977,-6.285062,-1.689112,3.172255103691101,108.71849165225362,161.07559718601445
27858774,-7.10375,-1.184641,3.289993103691101,110.7814412567386,132.6151644207411
27861982,-6.297598,-1.724156,3.3342221036911015,102.87421386544892,160.52499777463362
27861982,-6.297598,-1.724156,3.3342221036911015,102.87421386544892,160.52499777463362
27864386,-7.605239,1.455143,3.6642201036911013,92.59742696382662,7.80375450573726
27861986,-6.134123,-1.729094,3.021974103691101,113.00800820573932,166.0399106937636
27869800,-5.344407,0.335192,4.509674103691101,2.2658759031960187,68.77945759816413
27879769,-4.889204,-5.171126,3.893312103691101,81.39443813238972,259.77734659527005
27879769,-4.889204,-5.171126,3.893312103691101,81.39443813238972,259.77734659527005
27858781,-6.5575,-0.910266,3.503984103691101,96.44653356834596,128.74579275496535
27869805,-6.768746,-0.902707,3.6544431036911007,92.73447042532322,123.90499169124692
27871882,-4.975836,2.530074,0.3479871036911011,268.5747111621488,16.597404890459728
27861994,-6.554766,-1.926671,3.615855103691101,95.62734888729275,159.75551238367936
27861994,-6.554766,-1.926671,3.615855103691101,95.62734888729275,159.75551238367936
27862000,-6.17244,-1.783721,3.3078001036911013,102.7910513724194,164.6057141926593
27862000,-6.17244,-1.783721,3.3078001036911013,102.7910513724194,164.6057141926593
27864399,-7.682699,1.463295,3.159163103691101,117.57333272991936,18.211065055060345
27862008,-6.157068,-1.907888,3.043092103691101,112.69501326898757,170.4587510401206
27862008,-6.157068,-1.907888,3.043092103691101,112.69501326898757,170.4587510401206
27879799,-2.785144,-1.884644,1.5912901036911011,146.80702186268113,270.3837448745787
27879799,-2.785144,-1.884644,1.5912901036911011,146.80702186268113,270.3837448745787
27869824,-7.24132,-1.456615,4.648135103691101,62.22705533644884,125.95074958530724
27862013,-6.135185,-1.863101,3.297642103691101,103.0152475111566,167.60479392741246
27862013,-6.135185,-1.863101,3.297642103691101,103.0152475111566,167.60479392741246
27879806,-3.140032,-4.426099,3.7885921036911014,58.23176880827444,299.55055827738346
27879806,-3.140032,-4.426099,3.7885921036911014,58.23176880827444,299.55055827738346
27864414,-7.864662,1.152199,4.2658001036911015,68.85319743436392,12.817199540392778
27826777,-7.767104,1.454458,3.620387103691101,96.98475034803025,8.976161333628767
27862014,-6.195971,-1.936193,3.174168103691101,108.32333021312309,169.5447987698757
27862014,-6.195971,-1.936193,3.174168103691101,108.32333021312309,169.5447987698757
27879811,-3.226286,-4.145012,3.218094103691101,81.90301903766422,292.7811075014988
27879811,-3.226286,-4.145012,3.218094103691101,81.90301903766422,292.7811075014988
27864418,-7.597569,1.099565,4.379363103691101,58.64216859317298,13.376575541360154
27871898,-5.232236,2.309048,0.37040210369110105,257.2165711128949,33.129423326228704
27862025,-6.158021,-1.890895,3.5212571036911013,94.85336816434376,166.18913083385274
27869841,-6.717593,-1.612541,4.481226103691101,62.41486280540383,139.9649773659729
27862040,-6.946556,-2.355369,4.480334103691101,70.51654968784203,158.51088652013044
27862040,-6.946556,-2.355369,4.480334103691101,70.51654968784203,158.51088652013044
27862041,-6.182928,-2.043782,3.5429121036911013,94.84117163470152,169.88302518406024
27862041,-6.182928,-2.043782,3.5429121036911013,94.84117163470152,169.88302518406024
27864436,-5.688796,1.014462,4.449162103691101,2.9659852090303787,17.597121093798364
27869856,-6.267293,-2.079015,4.094070103691101,74.79203236951182,164.99497759552406
27869856,-6.267293,-2.079015,4.094070103691101,74.79203236951182,164.99497759552406
27862049,-5.890053,-1.977825,3.1024441036911012,108.26003535538555,176.7678442109588
27864446,-5.829431,0.957878,4.414883103691101,12.152715239832672,22.98942537261675
27862053,-6.708197,-2.590304,3.205361103691101,112.53907844011314,177.30507598718188
27862053,-6.708197,-2.590304,3.205361103691101,112.53907844011314,177.30507598718188
27858829,-5.911743,-0.943981,3.3458761036911007,95.60949537252328,141.6845010844094
27858830,-5.976678,-1.013441,3.182029103691101,103.64844463725272,144.80226345909887
27864453,-7.145702,0.995949,4.048119103691101,68.47782580619835,27.14754348212853
27871914,-5.853988,2.115911,0.010215103691101124,260.70244081353894,51.464213468857736
27862068,-4.497612,-0.993323,3.454872103691101,68.41086363541172,171.8899099210597
27862068,-4.497612,-0.993323,3.454872103691101,68.41086363541172,171.8899099210597
27869865,-6.273361,-2.239991,4.419732103691101,62.98599762518202,166.84594729767116
27869865,-6.273361,-2.239991,4.419732103691101,62.98599762518202,166.84594729767116
27862069,-6.530742,-2.623419,3.171544103691101,112.32287940101315,181.23208559021543
27862069,-6.530742,-2.623419,3.171544103691101,112.32287940101315,181.23208559021543
27862080,-6.106911,-2.362538,3.3556941036911008,101.91780022894577,181.0795259126204
27862080,-6.106911,-2.362538,3.3556941036911008,101.91780022894577,181.0795259126204
27862083,-5.866305,-2.269046,3.126837103691101,107.73130695131417,184.75625606795552
27862083,-5.866305,-2.269046,3.126837103691101,107.73130695131417,184.75625606795552
27862084,-6.291125,-2.60619,3.122369103691101,112.05086200943298,185.26953089767628
27862084,-6.291125,-2.60619,3.122369103691101,112.05086200943298,185.26953089767628
27879862,-6.174935,-2.347263,3.661562103691101,91.45279847142316,177.30438405873204
27879862,-6.174935,-2.347263,3.661562103691101,91.45279847142316,177.30438405873204
27864466,-5.593775,0.854557,4.333342103691101,12.23349755319336,33.92016858703795
27862097,-6.192231,-2.323787,4.191140103691101,71.46460337735525,172.43999919996375
27862097,-6.192231,-2.323787,4.191140103691101,71.46460337735525,172.43999919996375
27862100,-6.015766,-2.442902,3.3424201036911008,101.7390663014666,184.88150325355383
27862100,-6.015766,-2.442902,3.3424201036911008,101.7390663014666,184.88150325355383
27876928,-2.813153,2.523418,-0.014559896308898868,368.3951446643674,38.738869220434594
27858849,-4.140222,-0.103834,3.184373103691101,68.23143661805008,143.74839995073037
27862102,-6.261586,-2.738317,3.126384103691101,111.87315784522016,188.84421468092089
27862102,-6.261586,-2.738317,3.126384103691101,111.87315784522016,188.84421468092089
27864479,-8.870283,0.4568,4.746439103691101,68.23448933912925,37.83755687212201
27869880,-5.589551,-3.244413,1.5960461036911011,155.1102908120982,219.79912956239832
27869880,-5.589551,-3.244413,1.5960461036911011,155.1102908120982,219.79912956239832
27862114,-6.040894,-2.610365,3.3651461036911012,101.60612620312028,188.38408900691925
27862114,-6.040894,-2.610365,3.3651461036911012,101.60612620312028,188.38408900691925
27864481,-5.79627,0.697305,4.456933103691101,13.6972235167014,41.3940717954917
27862120,-6.260367,-2.894879,3.138431103691101,111.69179292044493,192.3363819612892
27862120,-6.260367,-2.894879,3.138431103691101,111.69179292044493,192.3363819612892
27864486,-5.771684,0.637697,4.572906103691101,5.857341118529064,42.822861609825
27869891,-5.588623,-3.25596,2.898765103691101,114.85314579551464,214.23750759382276
27869891,-5.588623,-3.25596,2.898765103691101,114.85314579551464,214.23750759382276
27869892,-5.572167,-3.234894,3.048073103691101,109.72719599981768,213.4264217360657
27869892,-5.572167,-3.234894,3.048073103691101,109.72719599981768,213.4264217360657
27858868,-6.828585,-1.727697,3.281117103691101,109.66215336399198,152.6660538089204
27858874,-4.899995,-0.43223,4.252181103691101,21.87950138777424,126.31470026930124
27864499,-5.769567,0.533989,4.675583103691101,0.8018712658366098,47.57707030157874
27858879,-6.094939,-1.32972,3.4381331036911007,95.3815355720402,150.86628419426313
27864510,-5.811708,0.482716,4.616345103691101,7.64450216872649,52.24827867907271
27876955,-3.539323,1.431891,1.9522431036911012,144.1839262611945,75.64417752669874
27871942,-7.579257,0.692618,2.980700103691101,124.79432812153108,60.84882653042851
27869913,-4.077691,-3.58213,0.09732710369110098,194.38391839149588,264.2003882776441
27869913,-4.077691,-3.58213,0.09732710369110098,194.38391839149588,264.2003882776441
27864513,-5.743285,0.763786,3.6323291036911014,66.25059377053614,57.03290040019528
27858898,-5.655825,-1.224017,3.122802103691101,103.22614084460824,158.2696298017956
27862152,-5.907642,-2.775253,3.345523103691101,101.4807080942885,194.95853928508143
27862152,-5.907642,-2.775253,3.345523103691101,101.4807080942885,194.95853928508143
27858905,-6.158012,-1.620635,3.005909103691101,113.65591787466,162.63769117975457
27858905,-6.158012,-1.620635,3.005909103691101,113.65591787466,162.63769117975457
27862162,-6.024421,-3.025891,3.104740103691101,111.1426139430791,199.7473507979164
27862162,-6.024421,-3.025891,3.104740103691101,111.1426139430791,199.7473507979164
27864521,-5.810839,0.473226,4.508557103691101,15.256401963335918,55.41404231802284
27876981,-7.077826,-0.322096,1.202196103691101,182.77560369931905,126.35005499138111
27858922,-6.383576,-1.777287,3.562136103691101,95.32315002690608,158.7158182872679
27858922,-6.383576,-1.777287,3.562136103691101,95.32315002690608,158.7158182872679
27858923,-6.021063,-1.610187,3.253705103691101,102.87742965331782,162.61691395728644
27858923,-6.021063,-1.610187,3.253705103691101,102.87742965331782,162.61691395728644
27876986,-3.275411,0.858384,1.9505651036911011,138.44669167766935,131.2523944912706
27871961,-7.215354,0.08867,3.5299621036911013,99.39352167072283,81.84884446849452
27864532,-5.800287,0.397758,4.528010103691101,15.126470440481969,59.97196456766912
27869937,-4.870857,-5.130301,2.233676103691101,130.98369222766166,263.0822073185703
27869937,-4.870857,-5.130301,2.233676103691101,130.98369222766166,263.0822073185703
27864538,-5.660326,0.339183,4.530896103691101,11.620842246141253,64.90582290262066
27864539,-6.947366,0.330196,4.101962103691101,67.86190996679292,63.56592110810473
27858939,-5.639831,-1.507403,3.017179103691101,108.1764578651022,168.60190706818594
27858939,-5.639831,-1.507403,3.017179103691101,108.1764578651022,168.60190706818594
27864542,-4.713011,1.116045,0.04932810369110108,250.3910074166168,118.81449074825018
27876996,-6.403675,-1.788539,3.936075103691101,81.16058492164774,155.48222503989666
27876996,-6.403675,-1.788539,3.936075103691101,81.16058492164774,155.48222503989666
27862184,-5.831198,-2.894738,3.539961103691101,94.22978448248188,198.08519427039636
27862184,-5.831198,-2.894738,3.539961103691101,94.22978448248188,198.08519427039636
27858945,-5.982249,-1.71536,3.253164103691101,102.78943471348418,166.44056482457285
27858945,-5.982249,-1.71536,3.253164103691101,102.78943471348418,166.44056482457285
27862185,-5.023505,-2.298845,2.957017103691101,106.21286228192496,204.4164299310201
27862185,-5.023505,-2.298845,2.957017103691101,106.21286228192496,204.4164299310201
27871965,-7.176541,-0.154848,3.6959361036911007,92.81373826523352,90.10049787475688
27876998,-3.639944,0.321455,1.725365103691101,155.34206228429008,158.1277599607102
27871966,-7.143033,-0.128022,3.567348103691101,97.73347121631224,91.0937686053554
27862195,-6.026458,-3.319994,3.124178103691101,110.96345021298966,205.8161529253573
27862195,-6.026458,-3.319994,3.124178103691101,110.96345021298966,205.8161529253573
27869954,-4.860674,-5.165745,3.459054103691101,94.87106232199513,261.31568273187634
27869954,-4.860674,-5.165745,3.459054103691101,94.87106232199513,261.31568273187634
27869955,-4.139182,-5.197283,0.2457931036911012,181.15205181340667,283.49718874132867
27871971,-7.084119,-0.129605,2.781457103691101,128.73835676456497,102.07624900621956
27858965,-6.29919,-2.076894,3.211099103691101,108.1870563438717,171.27490867155117
27858965,-6.29919,-2.076894,3.211099103691101,108.1870563438717,171.27490867155117
27877013,-6.017741,-2.009502,3.5962771036911008,90.8535486758894,171.47986712104722
27877013,-6.017741,-2.009502,3.5962771036911008,90.8535486758894,171.47986712104722
27879987,-3.842375,-5.094151,3.0765091036911008,97.846748320151,286.9957349921221
27879987,-3.842375,-5.094151,3.0765091036911008,97.846748320151,286.9957349921221
27879990,-3.50807,-4.581723,2.896347103691101,99.4874275045766,290.1435089422845
27879990,-3.50807,-4.581723,2.896347103691101,99.4874275045766,290.1435089422845
27858971,-6.135847,-1.974543,3.319482103691101,102.49858746984104,170.5360560315193
27858971,-6.135847,-1.974543,3.319482103691101,102.49858746984104,170.5360560315193
27864567,-7.266858,-0.004964,4.246209103691101,68.9720167373635,74.78410181910476
27880001,-2.467398,-2.588538,1.966736103691101,124.55301832788196,297.8300403567749
27864570,-5.777984,0.077266,4.572652103691101,17.729885180935156,78.85618628632517
27862205,-5.08286,-2.489787,2.9885141036911014,106.0197415656589,207.6275322851693
27862205,-5.08286,-2.489787,2.9885141036911014,106.0197415656589,207.6275322851693
27852044,-7.617597,1.459652,3.694027103691101,91.26932540513758,6.874682316779769
27864571,-7.382948,-0.06509,4.290084103691101,69.2628996132917,75.86984624578292
27852052,-8.190347,1.36197,3.736384103691101,97.41606470956002,12.086545038464322
27864578,-7.053903,-0.043055,4.108239103691101,72.22997119698147,80.41853185252435
27871991,-6.862059,-0.363568,0.6835051036911011,198.49735616397464,135.31620781002056
27871992,-6.88039,-0.376659,0.07314110369110116,216.15417178070024,140.93120298703352
27864587,-10.094408,-1.099494,5.3621291036911005,70.53536828752337,81.37749173206899
27858990,-6.216153,-2.119917,3.560461103691101,94.80304762984817,171.25136392091187
27858990,-6.216153,-2.119917,3.560461103691101,94.80304762984817,171.25136392091187
27871994,-6.876767,-0.688817,3.8179351036911013,86.3701886065326,112.82860477590243
27864590,-5.266535,0.025074,4.403580103691101,14.106949207009675,91.76503075302224
27869984,-4.34611,-4.925267,5.500279103691101,12.305680527693909,266.34601895098143
27869984,-4.34611,-4.925267,5.500279103691101,12.305680527693909,266.34601895098143
27864591,-4.995685,0.154291,4.178312103691101,18.395439637400727,92.4553289246239
27858996,-6.314483,-2.330078,3.100446103691101,112.586990744202,178.31123954287378
27858996,-6.314483,-2.330078,3.100446103691101,112.586990744202,178.31123954287378
27859004,-5.598047,-1.85524,3.176828103691101,102.2085211848939,178.42315686877834
27859004,-5.598047,-1.85524,3.176828103691101,102.2085211848939,178.42315686877834
27859005,-6.164597,-2.270659,3.199211103691101,107.80074095702749,178.7759805085937
27859005,-6.164597,-2.270659,3.199211103691101,107.80074095702749,178.7759805085937
27869992,-3.264132,-5.316867,0.09483410369110112,183.98489835264064,306.8283107261058
27869993,-3.281822,-4.201582,2.561909103691101,108.83434148659308,292.2943099211604
27869994,-2.387353,-2.585536,1.7988681036911012,132.04259760058676,301.4458037684295
27872002,-6.773679,-0.970693,4.1497531036911015,72.57703640947813,120.64342543357812
27864604,-4.982775,0.04042,4.203081103691101,18.563239890544597,99.19038615146974
27864608,-7.029885,-0.381571,4.218050103691101,69.3219575424871,93.72664289931603
27864611,-6.805165,-0.334621,4.131543103691101,69.3556924525532,95.33641097374186
27870000,-3.255514,-4.206994,2.710810103691101,102.88060124051133,293.1157181516919
27870000,-3.255514,-4.206994,2.710810103691101,102.88060124051133,293.1157181516919
27859018,-6.419994,-2.586895,3.149520103691101,112.13596352368076,182.39667796186168
27859018,-6.419994,-2.586895,3.149520103691101,112.13596352368076,182.39667796186168
27864624,-5.332961,-0.252603,4.438771103691101,19.279442100243383,105.85350849112326
27864626,-6.792116,-0.47181,4.1322851036911015,70.13988629610145,101.24669520136844
27880086,-0.563083,0.930436,-0.007009896308898922,379.0063724285032,370.5377327227701
27859026,-5.875026,-2.210422,3.1336371036911013,107.4426706959911,183.0283429598265
27859026,-5.875026,-2.210422,3.1336371036911013,107.4426706959911,183.0283429598265
27870009,-3.168247,-4.256066,3.2034891036911013,82.34472283713882,296.42930767117275
27870009,-3.168247,-4.256066,3.2034891036911013,82.34472283713882,296.42930767117275
27859035,-6.279556,-2.638243,3.127490103691101,111.83497636934284,186.1957627041606
27859035,-6.279556,-2.638243,3.127490103691101,111.83497636934284,186.1957627041606
27859041,-5.689143,-2.183674,3.231739103691101,101.93303393706,185.2537958269941
27859041,-5.689143,-2.183674,3.231739103691101,101.93303393706,185.2537958269941
27862269,-3.820046,-1.577155,3.296569103691101,69.46589986050554,214.3965270435152
27862269,-3.820046,-1.577155,3.296569103691101,69.46589986050554,214.3965270435152
27862285,-9.136942,-6.966682,5.941891103691101,71.29611235902374,207.05767168548292
27862285,-9.136942,-6.966682,5.941891103691101,71.29611235902374,207.05767168548292
27859060,-5.801088,-2.406096,3.281193103691101,101.79886037829282,188.46694884496048
27859060,-5.801088,-2.406096,3.281193103691101,101.79886037829282,188.46694884496048
27864652,-5.269717,-0.463057,4.508808103691101,16.84573905313252,116.75775008090646
27864656,-6.977305,-0.215555,0.9268411036911011,192.07683836298636,126.95464845820138
27852090,-7.766382,1.180729,4.255675103691101,67.39798228739306,11.324260266536498
27862297,-10.270009,-8.34234,6.537843103691101,71.50480682068232,209.0790839966629
27862297,-10.270009,-8.34234,6.537843103691101,71.50480682068232,209.0790839966629
27864660,-6.658299,-0.489435,3.559616103691101,93.67322466436036,111.08807877956242
27864661,-6.782385,-0.514261,3.519188103691101,96.9649296029315,111.02467395828153
27872047,-5.97025,-1.971141,4.057522103691101,71.5390905757445,167.48101037658907
27872047,-5.97025,-1.971141,4.057522103691101,71.5390905757445,167.48101037658907
27859083,-5.757541,-2.65375,3.026262103691101,111.06134413229633,196.9510016861039
27859083,-5.757541,-2.65375,3.026262103691101,111.06134413229633,196.9510016861039
27862310,-4.24403,-3.51994,0.10014310369110113,194.6229637559136,259.1249443249741
27862310,-4.24403,-3.51994,0.10014310369110113,194.6229637559136,259.1249443249741
27862317,-13.087639,-11.751867,8.074658103691101,71.01451742773423,212.22298084454852
27862317,-13.087639,-11.751867,8.074658103691101,71.01451742773423,212.22298084454852
27859110,-5.82338,-2.83347,3.3300331036911013,101.38995848075956,198.04632468503465
27859110,-5.82338,-2.83347,3.3300331036911013,101.38995848075956,198.04632468503465
27874523,-4.456653,0.168746,0.018490103691101156,236.1882924547257,165.44997383580147
27864690,-6.933919,-0.719184,3.362107103691101,105.56262857702109,118.56387241819588
27852113,-8.10568,1.000973,4.410007103691101,67.18658477736616,18.31907471113098
27864697,-6.793226,-0.755814,3.5612841036911007,96.2338301246278,119.38599437757996
27852128,-7.424036,0.946593,4.1886981036911015,66.68608925149817,26.56193167175587
27864719,-5.464065,1.728808,-0.010120896308899008,257.64489637450345,77.23204460517042
27874545,-7.5482,-2.622487,4.943410103691101,63.25463969763919,153.24577901027666
27874545,-7.5482,-2.622487,4.943410103691101,63.25463969763919,153.24577901027666
27862365,-7.294143,-6.81872,5.285596103691101,71.33082577948517,232.9488428401969
27862365,-7.294143,-6.81872,5.285596103691101,71.33082577948517,232.9488428401969
27874553,-7.046955,-2.440346,4.722128103691101,63.51159904015663,157.3791224524465
27852141,-11.344221,0.392726,5.5525581036911005,70.53625865036005,24.505061421814787
27872112,-7.012168,-0.235288,0.9518141036911011,191.1461054049857,126.89878757596266
27852161,-9.502054,0.427454,4.974849103691101,68.14385972139968,34.03072595849798
27877265,-3.25372,-4.282166,3.653658103691101,64.73281005389524,293.5186380393685
27870126,-1.802936,-12.372263,3.199338103691101,96.34693201514384,386.305815830878
27852174,-13.326628,-0.256765,6.420245103691101,68.3777681138775,33.24273686948058
27848560,-4.856814,1.053486,-0.007168896308898942,249.98074115544352,120.23881245804978
27870137,-1.802271,-12.300276,4.147225103691101,74.37455896733323,388.82766278289176
27864792,-3.031838,1.582058,0.025510103691101182,295.3361132591496,129.44217856017718
27852189,-12.46603,-0.326646,6.149444103691101,67.85153815243848,39.79029849229008
27864796,-5.006533,1.329408,0.03301610369110097,252.4325164738296,103.51198858390036
27788004,-7.426682,1.158822,4.115490103691101,68.67282397924882,15.61902505158153
27852200,-8.987192,0.139801,4.833478103691101,68.50180626715434,49.74015749227681
27826851,-8.542249,0.997649,4.572804103691101,66.8107479370392,15.229310710925771
27848564,-7.624678,1.47583,3.935249103691101,79.02075008803601,0.3417413642902147
27848565,-7.771845,1.442928,3.4611481036911007,104.64123881582792,13.061498688419505
27788018,-7.602895,0.775226,4.442214103691101,58.71571437571421,30.683215436309297
27874627,-5.254089,-2.717864,3.3740571036911007,93.64176757613212,207.0176027032269
27874627,-5.254089,-2.717864,3.3740571036911007,93.64176757613212,207.0176027032269
27870158,-0.854945,-11.916883,2.4410311036911008,107.1363026176656,408.7513939189328
27852209,-6.150833,0.644069,4.629458103691101,14.425914944634314,39.148666453809966
27870161,-0.846909,-11.91645,2.670065103691101,101.67381123279446,409.8369486842568
27870166,-0.799812,-12.096199,2.984845103691101,94.1732002646311,412.4412275189189
27870169,-0.787921,-12.042714,3.211780103691101,88.41071405585282,413.6770674090644
27870171,-0.76383,-11.975303,3.380923103691101,83.81016952034778,415.0795105792155
27872152,-7.243165,-1.833416,4.390828103691101,74.51720746563905,140.18345616622415
27852235,-9.080714,-0.239879,4.962830103691101,67.24850813178205,62.58291081925614
27852238,-6.361839,0.401313,4.796719103691101,14.725604644920937,49.8697669060561
27862467,-4.116514,-5.413782,0.5264651036911011,173.14827121633795,286.17491476777354
27864859,-7.91938,1.339782,4.312921103691101,65.85874007243291,0.7369143280720607
27852251,-6.921901,0.115777,4.075416103691101,70.45536254734839,74.72804415409732
27859278,-16.495377,-17.111586,10.0791761036911,71.24502240068887,222.21728709083035
27859278,-16.495377,-17.111586,10.0791761036911,71.24502240068887,222.21728709083035
27874668,-6.768371,-0.151654,3.329884103691101,103.6301880918126,99.22206489779168
27852258,-7.185473,-0.12695,3.195150103691101,113.39891131274422,95.62665361288296
27864885,-6.855547,1.207924,3.9477391036911014,66.40673760631637,16.471582520082535
27852267,-5.675109,0.384911,4.454527103691101,16.401723095268437,63.53133477257086
27864896,-8.65557,0.968423,4.613495103691101,67.00479605882089,15.965232223726415
27826868,-9.521598,0.829946,4.932423103691101,67.42084370014913,16.89289819615138
27852276,-5.965721,0.22672,3.7743711036911014,67.88808058865973,83.53612302510433
27852281,-5.231806,0.454903,4.328926103691101,8.798322014360423,66.02095821429836
27864909,-6.309465,1.081082,3.766996103691101,66.95118983335448,30.04218457644956
27812334,-6.064112,2.039954,0.09547710369110107,253.3204883866677,52.87669337464945
27872199,-5.594368,-3.252582,2.821445103691101,117.42913565893171,214.4165129278697
27872199,-5.594368,-3.252582,2.821445103691101,117.42913565893171,214.4165129278697
27862526,-5.039807,-5.953825,6.150109103691101,12.04599079773098,262.7575226487816
27862526,-5.039807,-5.953825,6.150109103691101,12.04599079773098,262.7575226487816
27874702,-5.98246,-0.974682,3.1717841036911008,104.03427267978108,143.46269102659886
27864921,-4.932773,0.669243,-0.05466089630889881,243.89478617074764,136.6770507290306
27859327,-6.833555,-6.915378,5.174772103691101,70.52914823913548,242.01326971437288
27859341,-4.799277,-4.788604,2.8021131036911013,113.86995511457938,258.7138686646889
27859341,-4.799277,-4.788604,2.8021131036911013,113.86995511457938,258.7138686646889
27880479,-7.94457,2.383957,0.5132691036911011,229.22485909064216,20.493777674994504
27852302,-7.0139,-0.247584,4.206696103691101,68.58128348047057,88.3519857337698
27874710,-7.911984,-1.862203,4.941561103691101,63.13078183430278,127.54420708719933
27848592,-9.163596,1.159849,4.6986231036911015,69.65312616078586,4.8887274117018364
27859359,-4.815813,-4.611484,4.155120103691101,68.8949299927111,252.11743936746623
27859359,-4.815813,-4.611484,4.155120103691101,68.8949299927111,252.11743936746623
27864943,-14.403321,-0.360197,6.764165103691101,69.6226375944573,31.263070197990288
27874727,-6.226991,-1.833482,3.624925103691101,91.40874681715432,162.4705118705868
27874727,-6.226991,-1.833482,3.624925103691101,91.40874681715432,162.4705118705868
27864953,-4.709906,0.523871,0.009889103691101075,240.6523674378805,146.17574282841042
27874734,-6.223348,-2.151963,3.7397151036911014,88.29166918441646,170.62890918856235
27864958,-6.233474,1.058677,4.592593103691101,10.981110709427668,10.030372547786186
27864959,-7.71862,0.515612,4.348739103691101,67.52344096356546,45.64001584924168
27852335,-7.125436,-0.522036,4.260251103691101,69.93532710381064,97.902924570791
27852336,-7.410271,-0.718674,3.485098103691101,105.50106934906486,111.55782431191246
27864966,-6.615679,-0.061028,0.13332810369110115,218.35602052964143,134.51057845349428
27838517,-5.152305,1.392092,0.023966103691101193,252.5575867559155,98.35179667573824
27864971,-4.608526,0.453475,0.019670103691101115,239.84631833427423,151.01330188514336
27864976,-5.683108,1.053011,4.440571103691101,2.4297316073087245,14.653356377528894
27791883,-7.773769,1.454862,0.736541103691101,211.45009921232065,60.66644714948575
27864987,-6.793795,0.471643,4.0047371036911015,68.87158715518467,59.04141724466035
27852354,-7.244828,-0.725741,3.6718541036911008,96.73988428360327,111.54919640672118
27880557,-7.390245,0.020721,3.0474421036911012,120.83986115987358,89.78756321383099
27874765,-2.710099,-0.513132,1.9621841036911012,127.70055435332851,230.1442924463536
27874765,-2.710099,-0.513132,1.9621841036911012,127.70055435332851,230.1442924463536
27864996,-6.132591,0.852539,4.585083103691101,12.569472229697055,25.722722770756604
27852363,-7.20049,-0.802351,3.443611103691101,105.24511395704724,117.30690029632386
27872258,-3.20644,-5.235988,0.023447103691101034,186.29895856501344,307.5966954184252
27865014,-6.963849,0.279834,4.113665103691101,67.98736612686244,65.77131946950391
27852369,-7.006696,-0.734867,3.598019103691101,97.0727417738034,115.53202857083014
27859453,-2.998821,-2.666761,3.7844301036911014,35.98903666756323,273.2562735302528
27859453,-2.998821,-2.666761,3.7844301036911014,35.98903666756323,273.2562735302528
27874796,-0.923404,1.092556,-0.009166896308898886,366.1164147417242,307.5746528389637
27865035,-6.106438,0.638206,4.620643103691101,13.73072096915459,39.955646897428295
27852394,-5.081102,-0.048943,4.257851103691101,19.70817035288056,101.82813111390227
27852395,-6.5035,-0.693797,3.462103103691101,96.76716209079278,122.1254907250465
27880622,-6.505891,-1.629598,-0.015120896308898901,208.6580513710688,178.68226025738988
27880622,-6.505891,-1.629598,-0.015120896308898901,208.6580513710688,178.68226025738988
27865048,-7.524197,-0.094438,4.337123103691101,69.56556882603326,75.3390076740869
27874813,-4.872568,-5.162034,3.5772891036911014,91.26916333751716,260.7310456522003
27874813,-4.872568,-5.162034,3.5772891036911014,91.26916333751716,260.7310456522003
27865056,-6.094518,0.543588,4.708373103691101,9.386457752414913,44.269439340246265
27880628,-3.081365,0.239413,1.931485103691101,135.68793442065785,178.5448604264085
27848617,-8.65914,0.925764,4.637069103691101,66.33773275145774,17.703407384403278
27865063,-6.242705,0.434586,4.729073103691101,14.835803248102309,49.99953266012119
27848621,-5.938464,1.143521,4.426446103691101,10.917389192477115,7.7810404973391485
27865072,-6.848297,-0.083614,4.131851103691101,68.09419672053014,83.7873360255224
27865073,-3.217004,0.718848,1.954043103691101,136.95454226898926,143.15890453474375
27865078,-5.831229,0.514319,4.6839261036911015,2.852833096737328,48.34896749655184
27865088,-6.698314,-0.33781,3.481693103691101,96.91096744712468,105.58492732451622
27865089,-7.054198,-0.514178,3.3677851036911015,106.04649064326576,109.64187086839092
27852421,-6.805754,-0.918329,4.234077103691101,69.0716251998006,117.30242861388308
27852422,-6.897164,-1.027514,3.607380103691101,96.51650111080389,127.02201191290636
27865095,-8.148622,-0.629448,4.622402103691101,70.29539579946092,87.81405191782179
27874848,-3.10048,-5.1027,1.2901471036911012,150.5751607558198,309.3881251986275
27865099,-3.188242,0.651345,1.9524111036911012,136.5115585560592,148.83042409059777
27865107,-5.850036,0.274552,4.563614103691101,16.734466608969882,66.51684630277356
27865112,-5.997983,0.240581,4.7280241036911015,11.223249673502664,63.79690757392936
27865117,-7.054189,-0.478621,4.229690103691101,69.88495391489488,97.31331213974072
27865119,-3.688253,0.300049,1.593134103691101,163.59964656071548,159.82258642149594
27865122,-7.206046,-0.747521,3.668553103691101,96.52280278707524,112.80683100052578
27852438,-8.088409,-1.712781,3.4141961036911015,115.0191902209094,134.64947493551244
27865130,-5.797588,0.164634,4.5586781036911015,17.57030006916588,73.78647874831796
27865131,-3.212735,0.549021,1.959698103691101,135.9919761586935,154.60992377435912
27852441,-6.751936,-1.089383,3.572125103691101,96.52577658027228,131.4503600808452
27865141,-6.938745,-0.774832,3.594596103691101,96.5961996312326,117.84092120623164
27852442,-6.639678,-1.067027,3.3491101036911015,103.99451986019946,134.59674680250612
27865154,-6.031754,-0.354836,3.8508371036911013,70.13220112728507,109.7962002884974
27859612,-5.245027,-12.155596,5.343700103691101,73.08284608334407,315.65913938489706
27880720,-3.151453,-0.877285,1.7412351036911011,145.1015874958322,226.4737731808866
27880720,-3.151453,-0.877285,1.7412351036911011,145.1015874958322,226.4737731808866
27865167,-7.457775,-0.87143,4.646819103691101,61.11367331195856,102.9535501138347
27835437,-7.446447,1.373929,4.1175241036911014,67.00937208981148,2.141158013601
27865168,-7.071777,-0.983693,3.649914103691101,96.60407172953184,122.8262175369647
27838552,-7.659198,1.51713,3.617133103691101,95.3996449651255,5.160261031524044
27795064,-7.717015,1.358463,4.0373091036911015,76.18903713129421,5.447991798023423
27872335,-1.285394,-14.615282,5.4784551036911004,48.87963338562972,408.6741046741416
27865175,-5.795055,-0.017074,4.722385103691101,10.447204647570317,81.16760019304505
27852450,-6.337683,-0.850977,5.026567103691101,21.766586825877223,110.60976053176314
27848646,-6.974067,0.864231,4.031459103691101,67.33578551015862,35.71848074726847
27867785,-4.87299,2.633821,0.05655710369110101,289.238049044091,16.882532021778474
27865182,-5.853341,-0.054949,4.853541103691101,4.584772537687286,80.12320439301794
27865183,-7.076392,-1.141239,3.4494551036911014,104.6479776931257,130.0318423326508
27874901,-1.451506,-5.52806,0.05085710369110119,183.2284811718728,366.6012485379544
27865196,-5.771804,-0.150307,4.627477103691101,18.27559605320613,90.6622571660048
27835453,-6.955272,1.279507,3.9894301036911015,65.34061387647475,10.739593039620049
27865197,-6.809452,-1.032912,3.586831103691101,96.3816573344778,128.60024257389364
27865198,-3.154526,0.396613,1.960896103691101,134.78237666982625,166.17396689690634
27865198,-3.154526,0.396613,1.960896103691101,134.78237666982625,166.17396689690634
27852464,-6.554207,-1.05969,4.096991103691101,72.23488362917655,127.49746519767017
27880772,-3.81629,-5.101331,3.505838103691101,82.72684549120433,287.4005441519661
27880772,-3.81629,-5.101331,3.505838103691101,82.72684549120433,287.4005441519661
27865209,-6.815468,-0.88613,4.402868103691101,61.5972648238895,113.9228937822864
27867815,-5.085643,2.519533,0.06740410369110106,280.4586104510902,25.772231877243517
27880776,-3.226683,-4.314041,3.5107171036911007,70.6542015806661,295.0384476462961
27880776,-3.226683,-4.314041,3.5107171036911007,70.6542015806661,295.0384476462961
27865215,-6.897677,-1.200153,3.621931103691101,96.55028153965378,132.5891578284585
27865216,-7.281499,-1.479357,3.350474103691101,110.64323688310596,138.6035099560787
27852485,-6.303043,-1.20374,3.1311971036911013,109.49780347735624,146.33628276027142
27865225,-6.722386,-0.989541,4.226924103691101,68.63374996033534,121.11816238679206
27852491,-5.794008,-0.939705,3.312511103691101,95.60339305743942,143.91652619863137
27865238,-6.113852,-0.99306,3.398765103691101,95.96863939194048,139.52661866348558
27852499,-8.848835,-2.438506,5.145163103691101,70.63823126865387,131.21925006836133
27852500,-6.404217,-1.373493,3.1678611036911013,109.36780980669316,149.7392904917511
27852506,-5.930418,-1.116542,3.366300103691101,95.63374003423544,147.2416571980146
27867848,-7.959611,2.631641,0.5881141036911011,229.93431895812265,5.880816835175835
27865250,-6.154516,-0.545788,5.121577103691101,6.773566139686551,97.63059250791171
27865251,-5.897405,-1.02606,3.161211103691101,103.69371522478724,146.80632627244148
27865255,-6.253196,-1.180089,3.450699103691101,96.13210904208702,143.1856973635065
27865256,-6.916157,-1.603833,3.3082841036911015,109.24129336492383,147.61996762792953
27819756,-7.550736,1.538898,2.780397103691101,133.47739635107018,21.823868945415
27877718,-5.976465,1.76601,0.10283210369110107,248.5609318258386,68.41101657404033
27865270,-5.580166,-0.447397,4.661173103691101,16.081640631345977,108.34223713747862
27865271,-6.658308,-1.573363,3.119492103691101,113.69301560850884,152.19345481345664
27852517,-6.718868,-1.603776,3.415050103691101,103.64416052131271,149.60096799764204
27865273,-6.119768,-1.199104,3.435651103691101,95.27680887333996,146.14803024094772
27877723,-7.328942,0.357805,3.537921103691101,99.44851110679863,68.91508330400615
27865280,-5.924931,-1.184229,3.1840011036911013,103.48834797617798,151.47601435183353
27852522,-6.5741,-1.585045,3.223674103691101,109.2381530109948,152.93539744671318
27835473,-6.288966,1.146077,4.600530103691101,10.383922881932364,3.0697676908650635
27867881,-5.66535,2.250893,-0.03339289630889897,268.1025124782772,45.16769367506637
27865289,-5.205892,-0.3491,4.580794103691101,7.924408571893394,110.66833335390528
27865291,-6.580003,-1.66577,3.106504103691101,113.63073015033387,156.16830531012062
27852525,-6.922375,-1.627397,5.469180103691101,23.702758394384745,127.22078884719754
27852526,-7.519246,-2.055062,3.883191103691101,96.14265414331648,147.01017010613697
27877743,-7.1046,0.07717,0.05778110369110112,220.29800494809456,124.81503954339756
27852527,-6.438247,-1.565961,3.0682401036911013,113.68551995924796,155.86116593415142
27865299,-5.76199,-0.686741,4.725194103691101,21.36330327731,116.06280433279971
27848665,-6.375553,0.798492,4.706760103691101,13.23648383595156,25.951084150416023
27852533,-6.646993,-1.664295,3.397659103691101,103.74636825657748,152.61966142976098
27877749,-6.440985,-1.449645,4.4701451036911015,57.24125680482683,138.84931330218504
27877751,-3.244774,0.776258,1.9497301036911012,137.8435657464584,138.26213531186858
27852542,-8.124414,-2.443591,4.897701103691101,70.60265916603964,141.49916583725803
27852543,-6.660359,-1.738761,3.624734103691101,95.7636296476504,152.62825829270002
27865310,-6.642825,-1.440668,4.249244103691101,69.65947297804439,137.76460899624865
27877753,-3.69822,0.547322,1.7517341036911012,155.4853028196885,143.376371023581
27865316,-6.145325,-1.453157,3.262656103691101,103.3732318278225,155.58447653958325
27867915,-5.541494,2.018977,0.002371103691101162,262.700394259821,59.55018189377324
27852557,-6.254255,-1.684854,3.0391891036911014,113.34551660104302,162.57420693465664
27852557,-6.254255,-1.684854,3.0391891036911014,113.34551660104302,162.57420693465664
27865338,-5.410012,-0.742722,4.5696201036911015,22.013069781837828,126.8822971534832
27865339,-6.359709,-1.765915,3.3515761036911007,102.94268820037551,160.5498606110921
27865339,-6.359709,-1.765915,3.3515761036911007,102.94268820037551,160.5498606110921
27877776,-3.49707,0.03006,1.7221821036911011,152.84388737455006,177.39629743442427
27877776,-3.49707,0.03006,1.7221821036911011,152.84388737455006,177.39629743442427
27865341,-6.274036,-1.791962,3.054461103691101,113.10974546559366,165.1452093702268
27862888,-0.170037,-5.819252,0.05552810369110106,180.3030460921919,423.0328719373324
27852574,-7.327236,-2.356997,3.861642103691101,95.9756219598984,157.66158483518305
27852574,-7.327236,-2.356997,3.861642103691101,95.9756219598984,157.66158483518305
27867960,-7.754431,1.465263,3.268551103691101,113.3141545708794,15.817439428789411
27865347,-6.408742,-1.216922,5.389618103691101,10.294734967684462,120.00675568817348
27852577,-5.922819,-1.518837,3.9480821036911014,72.48884601198773,155.1410823431557
27852577,-5.922819,-1.518837,3.9480821036911014,72.48884601198773,155.1410823431557
27865350,-6.600025,-1.752683,4.294917103691101,69.27490502696273,147.9883265810692
27865357,-5.971116,-1.740456,2.988143103691101,112.86007272312985,169.53386009709556
27865357,-5.971116,-1.740456,2.988143103691101,112.86007272312985,169.53386009709556
27823729,-7.840796,1.442602,3.584605103691101,99.69602783679386,10.496553938918993
27865363,-5.961552,-1.766832,3.107734103691101,108.29855445828863,169.50038334133103
27865363,-5.961552,-1.766832,3.107734103691101,108.29855445828863,169.50038334133103
27865366,-6.434353,-2.054361,3.385320103691101,103.15479316241183,167.0670546229765
27865366,-6.434353,-2.054361,3.385320103691101,103.15479316241183,167.0670546229765
27867988,-6.192532,1.136629,4.631194103691101,4.964459198722494,2.683927307404701
27852590,-6.645079,-2.099552,3.6586661036911012,95.56822933327928,162.734340499112
27852590,-6.645079,-2.099552,3.6586661036911012,95.56822933327928,162.734340499112
27880944,-3.164077,-4.438218,3.6368031036911015,65.25453321025321,298.9384381314921
27852593,-5.66627,-1.569593,3.161505103691101,102.73039671065888,168.74988310950118
27852593,-5.66627,-1.569593,3.161505103691101,102.73039671065888,168.74988310950118
27865378,-6.211926,-2.058907,3.0634681036911013,112.6477244256323,173.40348432205332
27865378,-6.211926,-2.058907,3.0634681036911013,112.6477244256323,173.40348432205332
27868012,-7.570075,0.976767,4.221363103691101,67.3838313875321,23.94229128567133
27852601,-10.005491,-4.107337,5.804552103691101,70.80983747685133,151.71501147740298
27852601,-10.005491,-4.107337,5.804552103691101,70.80983747685133,151.71501147740298
27868025,-11.371078,0.327032,5.636496103691101,68.46221789108645,25.7725138273386
27865382,-6.487628,-2.238951,3.257136103691101,108.51028964523644,171.9698847879311
27865382,-6.487628,-2.238951,3.257136103691101,108.51028964523644,171.9698847879311
27848684,-5.443196,0.847238,4.245944103691101,13.632016576919654,37.561565174465954
27865392,-6.524494,-2.066426,4.303440103691101,69.93035462014413,158.54020927754337
27865392,-6.524494,-2.066426,4.303440103691101,69.93035462014413,158.54020927754337
27868039,-5.494889,0.908793,4.2674901036911015,12.41603135300241,31.891937337965004
27865396,-6.366282,-2.196427,3.610689103691101,94.78366912140336,170.32583836455393
27865396,-6.366282,-2.196427,3.610689103691101,94.78366912140336,170.32583836455393
27868040,-7.395196,0.765413,4.202529103691101,67.03539158400153,36.508103330943726
27842074,-7.764756,1.498961,3.4528871036911015,104.77385097433208,9.98397752208794
27852608,-6.317379,-1.973529,4.142514103691101,72.90306375043374,160.65274119234363
27852608,-6.317379,-1.973529,4.142514103691101,72.90306375043374,160.65274119234363
27868052,-4.986475,1.34542,0.047494103691101186,252.37871210525037,102.73157864731348
27865407,-6.44293,-2.427059,3.276459103691101,107.8224367518605,177.313292529259
27865407,-6.44293,-2.427059,3.276459103691101,107.8224367518605,177.313292529259
27868057,-5.945411,0.686643,4.603731103691101,8.571162845182016,37.72616033716412
27868058,-5.521332,0.793396,4.300143103691101,13.550996170414408,39.83235885474073
27865412,-5.904326,-2.053111,3.274145103691101,102.12238435628964,177.2696400310689
27865412,-5.904326,-2.053111,3.274145103691101,102.12238435628964,177.2696400310689
27852613,-6.188236,-1.986561,3.538308103691101,94.86998476643448,168.23164536246415
27852613,-6.188236,-1.986561,3.538308103691101,94.86998476643448,168.23164536246415
27848691,-8.346871,0.370782,4.602491103691101,67.16790128852875,45.75017287336979
27852614,-5.962359,-1.874317,3.264532103691101,102.58240768161224,171.2950624016699
27852614,-5.962359,-1.874317,3.264532103691101,102.58240768161224,171.2950624016699
27868068,-5.000492,1.282876,0.02173910369110099,251.99386780460543,106.17281620780086
27852617,-5.87908,-1.897416,2.984520103691101,112.42379403623316,175.6562532116457
27852617,-5.87908,-1.897416,2.984520103691101,112.42379403623316,175.6562532116457
27848696,-4.802554,0.27573,-0.08211589630889882,239.25418656925817,155.0767883038913
27865433,-6.144603,-2.302323,3.558268103691101,94.76555144065088,177.41681822969986
27865433,-6.144603,-2.302323,3.558268103691101,94.76555144065088,177.41681822969986
27852622,-10.928253,-5.008457,6.340866103691101,69.11659839762243,156.18484408577217
27852622,-10.928253,-5.008457,6.340866103691101,69.11659839762243,156.18484408577217
27865436,-6.33125,-2.613955,3.131802103691101,112.06448417634503,184.6872754711656
27865436,-6.33125,-2.613955,3.131802103691101,112.06448417634503,184.6872754711656
27868074,-7.994362,0.416695,4.476272103691101,66.90460405368128,47.104941397870334
27782871,-4.711641,2.679053,0.06549710369110118,294.23793662807424,12.519297154890296
27868078,-5.690255,0.665023,4.410515103691101,14.136626042101112,45.452434821566925
27868082,-4.817887,1.226703,0.04492710369110098,251.795439867308,111.52288400276208
27848699,-6.073493,0.622096,4.600886103691101,14.343019414972416,41.67856256024163
27877887,-4.898839,-5.213897,3.1421291036911008,104.97457463096016,261.78111498874847
27877887,-4.898839,-5.213897,3.1421291036911008,104.97457463096016,261.78111498874847
27865447,-5.727558,-1.975115,3.9970991036911014,70.60462122146663,172.7439484755009
27865447,-5.727558,-1.975115,3.9970991036911014,70.60462122146663,172.7439484755009
27852626,-6.674356,-2.519105,3.190208103691101,112.676637938182,176.2673536231602
27852626,-6.674356,-2.519105,3.190208103691101,112.676637938182,176.2673536231602
27865455,-6.271096,-2.724252,3.1279591036911008,111.87574050686112,188.34162318006355
27865455,-6.271096,-2.724252,3.1279591036911008,111.87574050686112,188.34162318006355
27865467,-6.027257,-2.571988,3.3537151036911013,101.7821345943804,187.78089272245217
27865467,-6.027257,-2.571988,3.3537151036911013,101.7821345943804,187.78089272245217
27865472,-6.025199,-2.690718,3.0770911036911013,111.57119743792514,192.36119319447565
27865472,-6.025199,-2.690718,3.0770911036911013,111.57119743792514,192.36119319447565
27868102,-6.271224,0.330245,4.947190103691101,3.767788639015748,51.52907876520155
27852637,-7.154467,-2.92889,3.467550103691101,108.23459150052588,176.39535283091513
27852637,-7.154467,-2.92889,3.467550103691101,108.23459150052588,176.39535283091513
27852639,-6.108547,-2.230048,3.3447131036911006,101.98190090763384,177.70812314218415
27852639,-6.108547,-2.230048,3.3447131036911006,101.98190090763384,177.70812314218415
27829629,-4.829285,1.036469,0.0026931036911010953,249.50961822366577,121.37591736872328
27865486,-6.01314,-2.713581,3.3655741036911007,101.59975777383168,191.3717823405884
27865486,-6.01314,-2.713581,3.3655741036911007,101.59975777383168,191.3717823405884
27865487,-6.110286,-2.877212,3.1009601036911008,111.72365727166616,194.88903410945005
27865487,-6.110286,-2.877212,3.1009601036911008,111.72365727166616,194.88903410945005
27868113,-5.392831,0.704477,3.510592103691101,66.74798932229263,66.71249694744972
27868120,-5.584754,0.638983,3.582783103691101,67.17913582424043,67.45739645038574
27865501,-5.96206,-2.791575,3.355276103691101,101.6864188568454,194.2351321631129
27865501,-5.96206,-2.791575,3.355276103691101,101.6864188568454,194.2351321631129
27852663,-5.086602,-1.656807,3.212059103691101,94.14080081694593,183.1085614879207
27852663,-5.086602,-1.656807,3.212059103691101,94.14080081694593,183.1085614879207
27865520,-5.956904,-2.952151,3.213178103691101,106.86298027295592,198.810715338883
27865520,-5.956904,-2.952151,3.213178103691101,106.86298027295592,198.810715338883
27865527,-5.858264,-2.863384,3.3406001036911013,101.42259822724652,197.9886639106884
27865527,-5.858264,-2.863384,3.3406001036911013,101.42259822724652,197.9886639106884
27865533,-6.082436,-3.024431,3.633547103691101,93.89715797445427,195.6620871705904
27865533,-6.082436,-3.024431,3.633547103691101,93.89715797445427,195.6620871705904
27868138,-5.836537,0.292704,4.561830103691101,16.085021275642788,65.55653740857807
27852685,-8.095629,-4.130053,3.773283103691101,108.03530842343372,185.24658169833484
27852685,-8.095629,-4.130053,3.773283103691101,108.03530842343372,185.24658169833484
27868145,-7.268637,0.068036,4.247770103691101,68.37104277309646,71.41858569477196
27848727,-8.029504,0.040831,4.503384103691101,69.00896512383122,63.53742561579648
27865575,-5.383091,-2.924706,3.0969741036911014,105.80741894321896,210.49536347267957
27865575,-5.383091,-2.924706,3.0969741036911014,105.80741894321896,210.49536347267957
27868170,-5.730474,0.025198,4.6717891036911015,10.880012406020512,80.45862162116401
27789303,-7.619197,1.144889,4.375564103691101,58.80776922769343,10.737924945752413
27878007,-3.951829,-4.630868,3.0508741036911013,98.4263577272041,277.5843097089965
27878007,-3.951829,-4.630868,3.0508741036911013,98.4263577272041,277.5843097089965
27868182,-5.299904,0.135608,4.326463103691101,18.24937050134824,86.18272590202199
27868187,-6.979743,-0.213878,4.136302103691101,71.01305285493939,88.25131042454547
27848741,-7.832574,-0.011661,4.451450103691101,68.66532400093067,67.83245744499189
27844824,-7.603088,1.491535,3.836824103691101,83.63657157239498,1.606400695420774
27848745,-5.909582,0.359175,4.589641103691101,15.20145125723414,60.16954808315043
27868200,-6.837056,-0.111571,3.3403971036911013,103.82813257771538,96.66792275303855
27868204,-6.924644,-0.319939,4.1748521036911015,69.16270858236476,92.82221526494148
27878025,-3.507558,-4.59633,2.961882103691101,97.12026671541392,290.30087864864663
27878025,-3.507558,-4.59633,2.961882103691101,97.12026671541392,290.30087864864663
27878028,-3.350106,-4.317932,3.017977103691101,92.30630022897004,291.33337181366323
27878028,-3.350106,-4.317932,3.017977103691101,92.30630022897004,291.33337181366323
27865628,-3.573648,-2.454494,-0.002038896308898863,207.34962723890743,259.3953853229958
27865628,-3.573648,-2.454494,-0.002038896308898863,207.34962723890743,259.3953853229958
27868218,-4.651767,0.556754,0.02242310369110112,241.21582763753932,145.84282806381884
27848760,-5.48144,0.369738,4.360220103691101,16.995666934853062,68.49695554054918
27868243,-5.449233,-0.32605,4.565927103691101,15.966495797111293,105.71876296819704
27868244,-5.278402,-0.228387,4.388098103691101,20.490060730094,106.31637060046631
27844834,-4.657819,1.129784,0.06707110369110114,250.5086337568932,118.82032282823424
27868251,-4.478419,0.475149,0.06780710369110099,239.3435869306725,152.3332860094549
27868255,-5.276728,-0.250729,4.389216103691101,20.78190057281193,107.53287082107308
27878058,-3.035949,-5.128601,1.2770701036911012,150.66551661433843,311.59835404386973
27822874,-4.980612,2.53318,0.09135310369110106,281.7600276514231,24.183882789104388
27868256,-15.487835,-3.981973,7.626014103691101,71.63306998177268,100.37836085096276
27870804,-4.639464,2.689719,-0.0187538963088989,300.96613765943994,14.362610434436649
27868271,-6.394452,-0.390225,3.4045191036911007,96.79272885545608,112.51751687056708
27865697,-9.066292,-8.737927,6.178037103691101,71.71766906773769,228.59850403092776
27865697,-9.066292,-8.737927,6.178037103691101,71.71766906773769,228.59850403092776
27870811,-4.79139,2.621048,0.4045761036911011,271.84988091048444,6.384720787256413
27844850,-6.675674,1.295493,3.832889103691101,68.54503819901768,13.403517661242176
27868284,-4.557843,0.348167,0.01795810369110118,238.48401963600696,156.31636644638655
27868296,-6.845873,-0.693635,3.6532991036911007,92.84227143626887,115.364947936413
27844858,-4.750757,0.956115,0.0263721036911011,247.70227232113692,126.21781181071258
27870828,-4.970382,2.518084,0.2696071036911012,272.3991195381694,20.058992055083337
27868300,-5.284676,-0.426875,4.436724103691101,21.18161334211541,115.83024062866356
27840335,-7.786585,1.514705,2.820504103691101,133.5128949617539,22.126876925009668
27868305,-6.932239,-0.905257,4.231444103691101,70.96620683071194,115.24512447259198
27868313,-6.999696,-0.855355,3.622472103691101,96.44775889762909,119.61321744036675
27829718,-7.82941,1.436488,3.639590103691101,96.96871013958076,9.668021351814303
27817309,-5.252519,2.444634,0.06291310369110104,275.38111509371333,31.21432854740948
27868318,-6.498863,-0.719673,3.5515341036911012,93.02321785698282,122.09699417642284
27868325,-6.632703,-0.776785,3.305039103691101,104.91618322104206,125.18359488309972
27848798,-6.662028,-0.100467,4.040782103691101,69.4832814616438,87.8140995745928
27868330,-6.738876,-0.833872,3.0724081036911013,115.1506591124851,128.26488911479225
27878102,-0.884995,-1.977545,0.11601210369110104,218.82625382293696,373.3857108490163
27870844,-5.207041,2.437665,0.0020201036911011716,278.81919241158647,33.51872015854187
27868335,-6.334135,-0.8996,4.010247103691101,71.6396942025635,125.76128171150113
27870849,-8.009846,2.492736,0.49093510369110105,231.11300278071224,15.270985026521402
27881354,-7.460264,0.722368,4.402225103691101,58.56274246916757,34.74129559052383
27868346,-6.581053,-0.992654,3.5130681036911007,96.64061036322404,131.18998175979615
27868347,-6.337575,-0.845698,3.260539103691101,103.81124692619896,132.34039011811387
27870864,-1.630546,1.94859,-0.008473896308898832,405.19550233325,159.18467096860772
27870864,-1.630546,1.94859,-0.008473896308898832,405.19550233325,159.18467096860772
27878113,-0.71177,-2.0916,0.8158031036911011,177.8118267274014,392.5811346718404
27870865,-6.960275,1.856711,2.8002261036911014,127.51749159393252,1.466646005799447
27870867,-7.02271,1.838025,2.7273691036911014,131.8357982470141,4.654680068002165
27844867,-6.254306,1.115282,4.582174103691101,11.19328546583003,5.956145971519533
27865787,-0.548593,0.568159,-0.009468896308898911,340.6525619168592,379.5451557109874
27823780,-7.755949,1.327652,4.236008103691101,66.9395820552449,2.8967459300285725
27868360,-6.136923,-0.895183,3.384450103691101,96.48230984853018,135.81875837903604
27881375,-7.51989,0.63853,3.307053103691101,110.71600630479088,58.42761075840218
27868361,-5.66458,-0.63704,3.080524103691101,103.4136373471183,137.45082894522997
27872750,-5.694375,2.262295,0.05525210369110112,264.21965656932923,42.270227814595785
27881385,-6.957639,0.254967,4.268126103691101,60.40364141463934,64.37483147167464
27870882,-1.578642,1.862976,-0.013587896308898895,399.5060865922828,173.6616464645987
27870882,-1.578642,1.862976,-0.013587896308898895,399.5060865922828,173.6616464645987
27870883,-7.751284,1.528123,2.9256711036911014,128.65576356522666,19.3199763816269
27868364,-6.016043,-1.008578,3.957362103691101,69.8503850141395,135.435299451432
27881391,-7.436867,0.340003,3.2133961036911014,114.31948899915004,73.87613259386015
27868372,-6.067969,-0.942754,3.369471103691101,96.480695350323,138.7973180227895
27844880,-4.83534,0.819342,-0.00453889630889881,245.52121145791023,131.3474191267815
27872777,-3.598959,1.462452,1.9568111036911011,144.69669055911572,71.50185451841662
27848821,-6.864717,-0.2716,4.150632103691101,68.95049488435328,91.7120531847309
27872785,-7.298738,0.36143,3.353611103691101,107.0325136702642,71.84541477332044
27881425,-6.844122,-0.176779,1.074068103691101,187.72996261897197,125.8927648225638
27868401,-5.748824,-0.958489,3.125855103691101,103.35316256793078,147.40332710696296
27870926,-7.164136,-0.149982,2.9995631036911012,120.93573588264204,99.2631759162674
27868406,-5.973902,-1.145996,3.386718103691101,95.39963817512296,147.2982294421341
27870927,-7.130083,-0.127819,2.879779103691101,125.29861756794357,100.28488607301112
27881443,-3.733581,0.395415,1.726237103691101,156.3808405811194,151.39091743425965
27875310,-7.680991,1.528456,3.030326103691101,123.36147718026756,17.190846857899317
27870929,-6.740275,-0.151676,3.342237103691101,102.78293791395566,99.3670623214356
27868409,-6.096282,-1.396043,4.032540103691101,70.536988810017,147.14531091448572
27881448,-3.661508,0.325966,1.5833031036911012,164.26286394895538,159.42030010888223
27868413,-5.933407,-1.137566,3.185318103691101,103.3926990318338,149.7517268301748
27872799,-5.613541,0.125057,4.596311103691101,10.130239979691735,77.38126004487458
27844888,-4.73679,0.776936,0.027570103691101133,244.3179486190856,134.63161315353577
27868416,-5.779687,-1.122266,3.3332551036911013,95.24948018764492,150.43087281149343
27868417,-6.132013,-1.244178,3.096082103691101,109.31574827279152,150.7613091820984
27872803,-7.096551,-0.193373,3.7607171036911007,89.22159726931412,91.57658583878032
27848829,-8.279565,-0.796539,4.700691103691101,70.06440311214786,91.806934399149
27870942,-6.92438,-0.318278,2.196631103691101,149.14965368957542,117.6789881843156
27870943,-6.922431,-0.310325,2.0895331036911013,152.96911707881122,118.61304110556814
27870944,-6.83357,-0.365106,2.773980103691101,127.11121258315164,113.83294921461844
27875324,-5.161396,1.617082,0.03704610369110117,256.7475095264822,85.9192636118712
27829777,-7.583164,1.131581,4.205461103691101,67.09112554520127,15.270619830824302
27844891,-7.979638,0.840981,4.382508103691101,67.66904090971434,27.56648397462652
27872807,-7.063966,-0.34888,4.422074103691101,60.33681297137102,89.10816688905706
27875326,-7.279458,0.257337,4.400594103691101,59.71262883345929,59.80371082804825
27868432,-6.491611,-1.591492,3.2029621036911013,109.26918109576584,154.59999678158465
27868438,-6.120275,-1.505726,3.538780103691101,92.26520812613704,155.1237933421865
27870954,-6.860878,-0.381397,2.1917271036911012,148.859508996102,120.70010790526592
27820529,-7.586119,1.342232,4.157280103691101,67.79927459045169,3.4919725177348937
27809450,-4.684209,2.666367,0.0068261036911010375,297.5279405880797,15.649902355098106
27865889,-3.645645,-3.979434,4.872560103691101,12.653439498526865,273.0292985088226
27865889,-3.645645,-3.979434,4.872560103691101,12.653439498526865,273.0292985088226
27868451,-6.218011,-1.618506,3.299594103691101,103.11847096238344,159.0524975398641
27868451,-6.218011,-1.618506,3.299594103691101,103.11847096238344,159.0524975398641
27865890,-2.418782,-2.641047,1.942409103691101,125.27760468726524,300.9496888678859
27870960,-6.843218,-0.368584,0.24343610369110102,211.47391552180852,139.70035888015883
27868456,-6.466358,-1.849673,3.592334103691101,95.3159632290674,159.19634752781573
27868456,-6.466358,-1.849673,3.592334103691101,95.3159632290674,159.19634752781573
27875358,-6.421894,-0.53903,2.9838331036911008,115.41208121647372,123.13010114773944
27875360,-3.88383,0.60821,1.6004531036911012,166.56524451012885,137.55642133988906
27848856,-7.251549,-0.677785,3.4358431036911012,105.73830898597367,112.47361509278586
27875362,-7.501517,-1.779042,4.944039103691101,56.84175872050571,129.98600031417357
27868462,-6.270507,-1.74325,3.325557103691101,102.98329689855083,161.60840726970343
27868462,-6.270507,-1.74325,3.325557103691101,102.98329689855083,161.60840726970343
27848865,-3.807261,0.447693,2.9767671036911008,68.14375416322665,122.63701712669712
27848866,-6.9888,-0.667479,3.6039651036911007,96.39899087897706,113.23619451466286
27808506,-4.825379,2.635171,0.06078910369110102,290.14359335001177,16.64511718703838
27872823,-6.869075,-0.378832,2.088673103691101,152.56228306938186,121.6316357423658
27848879,-6.849845,-0.68752,3.3426541036911015,105.40688560205356,118.713778663107
27844901,-4.619037,1.110065,3.184256103691101,65.39995895144031,52.30331102921798
27809467,-5.127823,2.450163,0.008581103691100989,280.32895012016905,32.68488585691773
27816577,-7.810308,1.493335,0.9353401036911011,205.1512435682777,55.82890777996332
27844904,-4.837991,0.625261,-0.026151896308898914,242.8046087913469,139.92323124592258
27829798,-7.46738,0.993864,4.183318103691101,67.33228704971998,23.88695250495647
27809478,-5.288,2.372449,0.00977310369110107,275.16586504084427,37.74394642808059
27870978,-6.730347,-0.890303,3.6473701036911015,92.52071692714102,124.05872157699912
27870979,-6.52292,-0.953792,4.321572103691101,60.99583808625195,121.37962550077916
27829802,-7.621664,0.987872,4.407175103691101,58.77779327121215,19.36367791376
27872843,-6.645199,-1.232726,3.7675911036911014,88.12078751342622,135.7370216727963
27868495,-7.628016,0.654826,4.297308103691101,67.33371211440371,39.83273710539581
27823806,-8.970085,1.021407,4.6806091036911015,68.5134131768261,12.070044352763516
27868503,-4.547279,0.398364,0.02645710369110099,239.0995665190716,154.4561069810794
27868504,-7.298242,0.32197,4.134663103691101,72.2144285968528,61.06557191567671
27868505,-6.86105,-0.379149,0.2241611036911011,211.88778755373207,139.9398050037896
27820535,-7.937721,1.246402,4.293711103691101,67.95551963787236,6.782683142352852
27868508,-6.828704,-0.375154,0.5205841036911011,203.3313324441576,137.59870192326105
27872862,-6.491613,-1.847365,4.4212111036911015,63.25790939442479,151.47933850212735
27872862,-6.491613,-1.847365,4.4212111036911015,63.25790939442479,151.47933850212735
27868514,-6.93193,-0.389515,2.173255103691101,149.81670650443402,120.29935760185576
27844920,-6.209032,0.758959,3.7811331036911007,67.26020609653898,50.86237183167441
27868515,-6.780671,-0.176126,3.246320103691101,107.385343910547,101.2163562162596
27875433,-5.979819,-2.953489,3.688155103691101,90.7102372675962,195.6762152136513
27875433,-5.979819,-2.953489,3.688155103691101,90.7102372675962,195.6762152136513
27868519,-6.802539,-0.349862,2.9714781036911013,119.12736056743262,111.27008857575156
27808546,-5.543125,2.231407,0.008742103691101066,267.536176512464,46.11161643151718
27871013,-6.42741,-1.767667,4.148310103691101,72.88940109150067,152.55482986799962
27871013,-6.42741,-1.767667,4.148310103691101,72.88940109150067,152.55482986799962
27881594,-3.123303,-4.546614,4.2208441036911015,39.84473737474238,301.71072279932093
27881594,-3.123303,-4.546614,4.2208441036911015,39.84473737474238,301.71072279932093
27868522,-6.496615,-0.162916,3.4788551036911013,93.80424983529664,100.73928536356804
27871028,-6.480011,-2.268718,4.5131691036911015,62.46399087183576,163.34265856565946
27871028,-6.480011,-2.268718,4.5131691036911015,62.46399087183576,163.34265856565946
27868541,-6.837471,-0.740431,4.387879103691101,61.42465801751095,108.1847271404163
27868547,-6.609704,-1.131752,3.630203103691101,92.77854192430507,134.28802731518584
27844931,-4.612912,0.531561,0.03787610369110106,240.46582336631775,147.4983557958854
27868552,-6.70841,-1.125579,4.409843103691101,61.51152464277908,124.16064515386348
27866009,-5.013814,-10.309496,5.447825103691101,62.39967150561176,308.24709658744723
27866009,-5.013814,-10.309496,5.447825103691101,62.39967150561176,308.24709658744723
27868557,-6.492468,-1.277589,3.7755091036911015,86.14020766617517,139.4179064156231
27872910,-5.851283,-2.672968,3.619473103691101,90.7608402426269,191.9248557057853
27872910,-5.851283,-2.672968,3.619473103691101,90.7608402426269,191.9248557057853
27818947,-4.93116,2.572008,-0.001939896308899014,288.7364747296985,23.87107167139368
27868570,-6.706834,-1.809607,4.4946151036911015,63.16528946594249,146.2471241250389
27820548,-8.009492,1.107665,4.3165761036911015,69.19541375516016,14.326236099252014
27875529,-6.49904,-1.609787,3.8242071036911014,85.84812832538057,149.5002791389468
27868581,-5.666236,-2.310447,3.0825501036911014,107.61260770615586,190.02915369309463
27868581,-5.666236,-2.310447,3.0825501036911014,107.61260770615586,190.02915369309463
27818954,-5.043322,2.519923,0.07848510369110118,280.7402164378792,25.511363983725204
27868592,-5.474329,-2.65373,3.236745103691101,100.9118760202024,201.49400956089687
27868592,-5.474329,-2.65373,3.236745103691101,100.9118760202024,201.49400956089687
27875536,-6.427053,-1.761533,3.672486103691101,91.5411033849192,156.5941811683403
27875536,-6.427053,-1.761533,3.672486103691101,91.5411033849192,156.5941811683403
27868598,-5.607178,-3.271805,2.195169103691101,137.29862457972183,217.39482954188207
27868598,-5.607178,-3.271805,2.195169103691101,137.29862457972183,217.39482954188207
27868599,-5.625726,-3.072337,3.034752103691101,110.34862299536702,208.9536863954901
27868599,-5.625726,-3.072337,3.034752103691101,110.34862299536702,208.9536863954901
27786537,-7.873006,1.11201,4.260450103691101,69.58636283956784,15.235728962112148
27875570,-5.906213,-2.868081,3.6534561036911013,90.8561774052738,195.31852463015304
27875570,-5.906213,-2.868081,3.6534561036911013,90.8561774052738,195.31852463015304
27872951,-7.129959,0.111589,4.043141103691101,75.33956386943638,73.73675056675174
27875591,-4.289273,-2.288031,3.5648171036911007,69.99630529374642,219.3364843936062
27868639,-3.506238,-3.291364,1.170871103691101,161.84316968971982,273.2017321334639
27868639,-3.506238,-3.291364,1.170871103691101,161.84316968971982,273.2017321334639
27871098,-7.100799,-0.253648,1.215155103691101,182.80874074681265,123.7802946389284
27871106,-6.831596,-0.370631,1.187762103691101,182.78476763776027,131.1212162400672
27868655,-4.891218,-5.188388,2.9772981036911013,109.78156588873044,261.937553372171
27868655,-4.891218,-5.188388,2.9772981036911013,109.78156588873044,261.937553372171
27871110,-7.134167,-0.139108,3.2739401036911007,109.76563948289795,95.58790993839872
27871111,-6.912,-0.375299,2.089694103691101,152.71541007507312,120.96623991425514
27875627,-4.89647,-5.1814,3.390059103691101,97.3583718175964,260.8572198462613
27875627,-4.89647,-5.1814,3.390059103691101,97.3583718175964,260.8572198462613
27868661,-4.92124,-5.253872,3.769576103691101,85.99378565979711,260.50651485270294
27868661,-4.92124,-5.253872,3.769576103691101,85.99378565979711,260.50651485270294
27868663,-4.886204,-5.183557,4.125286103691101,73.8452305075609,259.5085545437603
27868663,-4.886204,-5.183557,4.125286103691101,73.8452305075609,259.5085545437603
27871120,-6.984886,-0.490741,3.805230103691101,87.31803376834333,104.13093791526654
27820577,-7.941041,0.892789,4.337708103691101,68.73989884263449,25.736052652899843
27875665,-3.261503,-4.290125,2.824488103691101,98.77819908427578,294.0116324962201
27875665,-3.261503,-4.290125,2.824488103691101,98.77819908427578,294.0116324962201
27868683,-3.879682,-4.575191,3.562806103691101,78.82784265136979,278.03358945447746
27868683,-3.879682,-4.575191,3.562806103691101,78.82784265136979,278.03358945447746
27871131,-6.894099,0.003101,5.392725103691101,1.870658088157768,57.44709151532689
27868690,-2.469211,-2.595891,1.897058103691101,127.98950375094628,297.929308717524
27868703,-3.261004,-5.290608,0.7086531036911011,167.44076309302224,306.6581382411788
27866122,-2.723778,-6.684297,5.008644103691101,22.675422040636988,339.93969017571544
27873011,-7.688856,-2.536296,4.975861103691101,63.35544099724822,148.8404699327045
27873011,-7.688856,-2.536296,4.975861103691101,63.35544099724822,148.8404699327045
27868730,-1.891519,-2.286911,1.679810103691101,134.00838399820066,320.7939352180184
27878539,-4.445561,2.751928,-0.0027218963088988524,308.2120597891264,7.595585472437818
27820598,-8.054411,0.734636,4.427009103691101,67.6550678319667,32.10501029746763
27878551,-8.04175,2.351581,0.38164810369110114,232.69708515495253,24.443594270559515
27871150,-6.691369,-1.021821,3.756652103691101,88.16485436203195,128.01039639311043
27871151,-6.701139,-1.059507,3.654661103691101,92.56846326775288,130.27627904994353
27820607,-7.55466,0.754606,4.4098371036911015,59.63712047062043,32.5697427501307
27871159,-6.617295,-1.3093,3.7457091036911008,89.00015626697368,138.89342311384684
27871164,-3.11556,0.363252,2.727748103691101,70.07395222231915,155.492060531506
27873041,-5.584835,-3.223783,1.701319103691101,152.0816051127515,219.06133263073727
27873041,-5.584835,-3.223783,1.701319103691101,152.0816051127515,219.06133263073727
27868789,-1.600565,-3.978347,0.4938091036911011,178.357630743996,351.909009352931
27866182,-2.361101,-7.444025,5.002525103691101,24.77289582811082,358.0688061344081
27878587,-4.274854,1.606305,1.7724041036911011,166.17470775385334,55.557955419683736
27868796,-2.339427,-4.385548,4.096410103691101,27.54782501441403,331.4565746288445
27866208,-0.609434,-4.447921,0.04230710369110113,191.4451533454581,400.1261691713791
27878621,-1.815043,2.172399,-0.013323896308898853,416.82950267628985,117.07911457958272
27868838,-1.956618,-10.930904,0.7974601036911011,147.9950751436558,373.270462757478
27878632,-6.893353,-0.495679,3.073945103691101,116.03265368606569,114.35034455954424
27878639,-6.601854,-0.712925,3.035311103691101,115.22069277352205,126.34952653621248
27878642,-3.927417,0.592901,1.568567103691101,168.55349357379396,137.8755350062046
27878650,-3.68696,0.438144,1.7481821036911012,154.94590820152547,150.0067782341917
27871208,-5.602341,-3.258529,2.113983103691101,139.76609058536792,217.5922317752125
27871208,-5.602341,-3.258529,2.113983103691101,139.76609058536792,217.5922317752125
27873096,-3.968624,-4.715252,3.282013103691101,90.720630075665,277.9791735987676
27873096,-3.968624,-4.715252,3.282013103691101,90.720630075665,277.9791735987676
27871212,-13.378147,-10.123029,7.9590431036911005,70.31619084869811,194.86487649627688
27871215,-5.375575,-3.137622,3.449166103691101,93.65408876770309,213.53821686508775
27871215,-5.375575,-3.137622,3.449166103691101,93.65408876770309,213.53821686508775
27871218,-13.076884,-11.083793,7.8217031036911004,73.1755623135956,206.8987582738924
27871218,-13.076884,-11.083793,7.8217031036911004,73.1755623135956,206.8987582738924
27873107,-3.166938,-4.982307,0.6691861036911011,169.65974378417835,306.12307800619783
27873110,-3.267066,-4.34152,2.915852103691101,95.45678581627512,294.48559126704566
27873110,-3.267066,-4.34152,2.915852103691101,95.45678581627512,294.48559126704566
27871227,-4.056432,-3.577942,0.23742210369110106,190.43135861348608,264.3758932983184
27871227,-4.056432,-3.577942,0.23742210369110106,190.43135861348608,264.3758932983184
27783706,-7.775929,1.517349,3.806508103691101,87.69577593186384,1.0656596597279415
27823834,-7.59746,0.84371,4.242421103691101,67.9314473514587,30.89494525991836
27803374,-4.886078,2.60416,0.0668071036911011,287.3735013177121,19.113275245769984
27866274,-1.763148,-8.788997,4.985914103691101,28.977381904450283,385.1311932263272
27871258,-4.844348,-5.145164,2.8609531036911013,112.8325334017599,262.6416992662938
27871258,-4.844348,-5.145164,2.8609531036911013,112.8325334017599,262.6416992662938
27871261,-4.807676,-5.085268,3.205852103691101,102.0529628780605,261.93610516495977
27871261,-4.807676,-5.085268,3.205852103691101,102.0529628780605,261.93610516495977
27868948,-0.819509,-8.114746,4.285858103691101,33.21416679715671,418.5655863065677
27881730,-3.475756,-2.421026,4.366289103691101,9.717764956165183,245.4590046116552
27882065,-7.621488,1.377624,3.6775581036911014,92.5532407484973,12.174906168889976
27882109,-6.019503,1.640999,-0.008310896308898919,250.08354499148885,76.44100084279606
27882143,-5.615393,1.040031,0.10114810369110105,238.87013858605997,107.6866170600298
27882167,-6.477256,-1.478197,3.7469161036911007,88.03426540159498,146.4493051636935
27882172,-6.346428,-1.860388,4.037063103691101,76.81980249635237,157.70550384129334
27878791,-5.043492,-4.421283,0.0438811036911011,190.25128145675723,254.4127774926492
27878791,-5.043492,-4.421283,0.0438811036911011,190.25128145675723,254.4127774926492
27871283,-3.905867,-4.581957,3.350973103691101,87.02768432393071,277.70737417997015
27871283,-3.905867,-4.581957,3.350973103691101,87.02768432393071,277.70737417997015
27878941,-3.899613,-4.072541,4.543505103691101,34.78438119784627,267.1458759305546
27878941,-3.899613,-4.072541,4.543505103691101,34.78438119784627,267.1458759305546
27878971,-4.294589,-6.132566,0.5908691036911011,169.12656512969696,289.5806174110925
27879035,-0.94009,-1.899996,0.095880103691101,220.9606631874668,368.7577164089185
27876248,-6.170655,-2.365335,4.097675103691101,75.05800295199941,174.67109045367857
27876248,-6.170655,-2.365335,4.097675103691101,75.05800295199941,174.67109045367857
27873571,-1.811214,1.823207,-0.0058958963088988625,372.891709233861,161.57313550624986
27873571,-1.811214,1.823207,-0.0058958963088988625,372.891709233861,161.57313550624986
27876292,-6.076858,-3.523508,4.305382103691101,72.73460934609605,203.06278552944167
27876292,-6.076858,-3.523508,4.305382103691101,72.73460934609605,203.06278552944167
27876296,-5.214765,-2.38255,3.0110641036911012,106.18894185572591,201.848709577912
27876296,-5.214765,-2.38255,3.0110641036911012,106.18894185572591,201.848709577912
27876310,-5.400186,-3.376545,4.278126103691101,64.16618300535671,214.01515886472976
27876310,-5.400186,-3.376545,4.278126103691101,64.16618300535671,214.01515886472976
27876314,-5.370727,-3.373366,4.057788103691101,72.1631394634465,215.72306119221335
27876314,-5.370727,-3.373366,4.057788103691101,72.1631394634465,215.72306119221335
27873712,-5.945711,-2.944791,4.185238103691101,72.21032220042801,193.12712761933923
27873712,-5.945711,-2.944791,4.185238103691101,72.21032220042801,193.12712761933923
27873737,-5.616681,-3.417832,4.361788103691101,64.22547456296229,209.7815639207472
27873737,-5.616681,-3.417832,4.361788103691101,64.22547456296229,209.7815639207472
27873742,-3.954741,-2.226173,4.497806103691101,11.982845024587649,221.87852979968724
27873742,-3.954741,-2.226173,4.497806103691101,11.982845024587649,221.87852979968724
27873744,-4.473562,-2.689689,4.517051103691101,30.95916029904205,219.1443282190253
27873744,-4.473562,-2.689689,4.517051103691101,30.95916029904205,219.1443282190253
27873745,-5.595526,-3.253602,2.991747103691101,111.82638813433506,213.60321927618787
27873745,-5.595526,-3.253602,2.991747103691101,111.82638813433506,213.60321927618787
27873747,-5.592028,-3.254717,2.8079911036911014,117.85327928681107,214.5713140762634
27873747,-5.592028,-3.254717,2.8079911036911014,117.85327928681107,214.5713140762634
27876350,-3.64742,-3.194058,4.660359103691101,11.264729252771788,257.3367452213114
27876350,-3.64742,-3.194058,4.660359103691101,11.264729252771788,257.3367452213114
27873907,-3.568704,-1.951959,1.3103691101079562e-05,212.50313770463725,249.6758387069034
27873907,-3.568704,-1.951959,1.3103691101079562e-05,212.50313770463725,249.6758387069034
27873915,-3.54377,-2.492686,0.019452103691101064,206.3414422785017,260.9170572487733
27873915,-3.54377,-2.492686,0.019452103691101064,206.3414422785017,260.9170572487733
27873918,-5.417628,-3.982468,4.374925103691101,64.78948909964234,225.8408507318628
27873918,-5.417628,-3.982468,4.374925103691101,64.78948909964234,225.8408507318628
27855967,-5.614443,-1.998129,3.0552711036911013,107.49335741990018,183.01533802175229
27855967,-5.614443,-1.998129,3.0552711036911013,107.49335741990018,183.01533802175229
27873946,-2.849725,-2.516989,0.009492103691101095,208.10805601522765,283.72904132734834
27855985,-5.430445,-1.995265,3.0198331036911013,107.07521021616202,186.961162920486
27855985,-5.430445,-1.995265,3.0198331036911013,107.07521021616202,186.961162920486
27855991,-5.649992,-2.101553,3.5036171036911012,90.6276244669103,181.82974529929447
27855991,-5.649992,-2.101553,3.5036171036911012,90.6276244669103,181.82974529929447
27856001,-5.795888,-2.291872,3.471634103691101,94.2638039142254,184.31944618756603
27856001,-5.795888,-2.291872,3.471634103691101,94.2638039142254,184.31944618756603
27856014,-5.867281,-2.450308,3.5042931036911007,94.36540118031736,186.8086660720212
27856014,-5.867281,-2.450308,3.5042931036911007,94.36540118031736,186.8086660720212
27856035,-5.698937,-2.462841,3.467314103691101,93.99832009383933,190.6978800358252
27856035,-5.698937,-2.462841,3.467314103691101,93.99832009383933,190.6978800358252
27856040,-5.811507,-2.513077,4.114081103691101,70.53979849373141,185.3332316458704
27856040,-5.811507,-2.513077,4.114081103691101,70.53979849373141,185.3332316458704
27856066,-6.035539,-2.872748,4.260165103691101,70.12427825568003,189.15757147497405
27856066,-6.035539,-2.872748,4.260165103691101,70.12427825568003,189.15757147497405
27874034,-1.035407,-2.850583,0.06177610369110109,207.28736517404636,370.0243720523048
27856095,-4.879708,-2.140335,3.7248771036911013,70.91804582900687,198.4053884368909
27856095,-4.879708,-2.140335,3.7248771036911013,70.91804582900687,198.4053884368909
27869618,-4.544759,-0.042116,-0.021299896308898836,233.71258155064191,171.4747726645924
27869618,-4.544759,-0.042116,-0.021299896308898836,233.71258155064191,171.4747726645924
27856136,-3.061831,-1.123368,1.756163103691101,142.7638534657165,237.9133443019094
27856151,-5.037197,-2.798636,3.876487103691101,71.23980025999322,211.0834038847608
27856219,-6.124797,-4.885011,4.5496231036911015,72.21047331835351,226.97756966479625
27856219,-6.124797,-4.885011,4.5496231036911015,72.21047331835351,226.97756966479625
27879662,-4.415329,-0.223056,0.003806103691101015,230.8296924221188,180.4237562968896
27879662,-4.415329,-0.223056,0.003806103691101015,230.8296924221188,180.4237562968896
27869712,-6.267739,-2.507288,3.6136861036911014,94.71851887590933,180.0714984446234
27869712,-6.267739,-2.507288,3.6136861036911014,94.71851887590933,180.0714984446234
27879773,-2.978122,-1.333369,1.768238103691101,140.83992704234828,247.5068148645103
27879773,-2.978122,-1.333369,1.768238103691101,140.83992704234828,247.5068148645103
27879775,-4.929893,-4.971195,3.238646103691101,101.78285167731757,257.38088638887945
27879775,-4.929893,-4.971195,3.238646103691101,101.78285167731757,257.38088638887945
27856326,-4.983625,-5.134096,4.201235103691101,72.17379797411678,256.28716005980186
27856326,-4.983625,-5.134096,4.201235103691101,72.17379797411678,256.28716005980186
27869886,-7.058195,-3.932974,4.9809151036911015,63.93320994733094,190.69116343381867
27869886,-7.058195,-3.932974,4.9809151036911015,63.93320994733094,190.69116343381867
27862125,-5.479387,-2.291749,3.054767103691101,106.86324890248471,193.5574507113016
27862125,-5.479387,-2.291749,3.054767103691101,106.86324890248471,193.5574507113016
27869893,-6.087081,-3.327039,4.514249103691101,64.24731158428159,197.3668190252028
27869893,-6.087081,-3.327039,4.514249103691101,64.24731158428159,197.3668190252028
27862129,-5.886959,-2.390123,4.134608103691101,69.96572849308023,180.39753957244983
27862129,-5.886959,-2.390123,4.134608103691101,69.96572849308023,180.39753957244983
27862130,-5.784297,-2.474061,3.489396103691101,94.12394837381795,189.13458759931203
27862130,-5.784297,-2.474061,3.489396103691101,94.12394837381795,189.13458759931203
27862131,-5.714931,-2.472769,3.270067103691101,101.54802848171607,191.91555464129328
27862131,-5.714931,-2.472769,3.270067103691101,101.54802848171607,191.91555464129328
27862135,-5.774715,-2.629618,3.016437103691101,111.50991311593164,196.10386094758184
27862135,-5.774715,-2.629618,3.016437103691101,111.50991311593164,196.10386094758184
27862145,-5.538942,-2.480322,3.084693103691101,106.7162373535772,196.8583450587381
27862145,-5.538942,-2.480322,3.084693103691101,106.7162373535772,196.8583450587381
27862151,-5.959955,-2.761831,3.5687751036911015,94.05901272742491,192.2794231585936
27862151,-5.959955,-2.761831,3.5687751036911015,94.05901272742491,192.2794231585936
27862168,-5.770498,-2.780756,3.3087411036911014,101.50714094235668,197.9943896683174
27862168,-5.770498,-2.780756,3.3087411036911014,101.50714094235668,197.9943896683174
27879934,-3.954068,-2.117952,4.4628251036911015,12.080599093195929,218.78030519268935
27879934,-3.954068,-2.117952,4.4628251036911015,12.080599093195929,218.78030519268935
27879940,-4.672633,-3.548574,4.801551103691101,32.133117283312345,233.08997903906365
27879940,-4.672633,-3.548574,4.801551103691101,32.133117283312345,233.08997903906365
27862183,-6.566221,-3.320035,4.502689103691101,70.5804527939506,188.48370850487885
27862183,-6.566221,-3.320035,4.502689103691101,70.5804527939506,188.48370850487885
27871973,-0.906186,1.52804,-0.0035058963088989703,428.6894863982175,283.4063310262948
27871973,-0.906186,1.52804,-0.0035058963088989703,428.6894863982175,283.4063310262948
27869979,-3.890279,-4.636209,3.686788103691101,74.61349499502796,278.4447481389893
27869979,-3.890279,-4.636209,3.686788103691101,74.61349499502796,278.4447481389893
27869998,-3.573078,-4.125001,4.3790381036911015,36.54546740555509,279.098931831
27869998,-3.573078,-4.125001,4.3790381036911015,36.54546740555509,279.098931831
27880081,-0.822881,-2.063912,0.587345103691101,191.79330917383027,381.86777753710624
27859042,-5.599739,-2.149346,3.071553103691101,107.05954286593528,187.26191523513037
27859042,-5.599739,-2.149346,3.071553103691101,107.05954286593528,187.26191523513037
27862268,-4.263866,-1.801509,4.223856103691101,29.23019098254366,200.55947020294448
27862268,-4.263866,-1.801509,4.223856103691101,29.23019098254366,200.55947020294448
27859045,-5.864676,-2.176601,4.065131103691101,71.07917098087657,175.40593150118536
27859045,-5.864676,-2.176601,4.065131103691101,71.07917098087657,175.40593150118536
27859046,-5.878963,-2.310674,3.497699103691101,94.240394099819,183.02009307989715
27859046,-5.878963,-2.310674,3.497699103691101,94.240394099819,183.02009307989715
27862281,-4.653295,-2.287286,4.523013103691101,29.26487699711137,202.6982445982509
27862281,-4.653295,-2.287286,4.523013103691101,29.26487699711137,202.6982445982509
27877121,-2.965637,-1.354598,1.798108103691101,139.08288981225127,248.473723730364
27877121,-2.965637,-1.354598,1.798108103691101,139.08288981225127,248.473723730364
27859059,-5.999049,-2.508592,3.544950103691101,94.45124132087976,185.49110507008112
27859059,-5.999049,-2.508592,3.544950103691101,94.45124132087976,185.49110507008112
27859068,-5.31561,-2.139526,3.0006761036911014,107.02310798759598,193.430591717791
27859068,-5.31561,-2.139526,3.0006761036911014,107.02310798759598,193.430591717791
27859076,-5.712689,-2.482031,3.270968103691101,101.51816903094182,192.18510096141537
27859076,-5.712689,-2.482031,3.270968103691101,101.51816903094182,192.18510096141537
27859092,-5.748782,-2.611027,3.498489103691101,93.89676603055976,193.2017968225861
27859092,-5.748782,-2.611027,3.498489103691101,93.89676603055976,193.2017968225861
27859093,-5.303144,-2.335286,3.006226103691101,107.12336283555094,198.74093822147503
27859093,-5.303144,-2.335286,3.006226103691101,107.12336283555094,198.74093822147503
27862335,-6.923604,-5.680915,5.000500103691101,70.712809477983,223.79955193775945
27862335,-6.923604,-5.680915,5.000500103691101,70.712809477983,223.79955193775945
27870072,-1.584423,-5.421771,0.06926610369110109,183.38591315180625,361.0648819520751
27859122,-5.5137,-2.722747,3.103552103691101,106.32024535875,203.074571308144
27859122,-5.5137,-2.722747,3.103552103691101,106.32024535875,203.074571308144
27862350,-4.761631,-3.474144,3.9200361036911007,70.02235624191684,233.0297106701636
27862350,-4.761631,-3.474144,3.9200361036911007,70.02235624191684,233.0297106701636
27870088,-0.800777,-2.119462,0.6958841036911011,184.7961140614361,384.7352981157411
27877214,-5.423532,-4.11996,4.417663103691101,64.20295979087325,228.20174066231024
27877214,-5.423532,-4.11996,4.417663103691101,64.20295979087325,228.20174066231024
27872093,-5.713261,-2.87575,3.596826103691101,90.88473637209368,199.6741201058311
27872093,-5.713261,-2.87575,3.596826103691101,90.88473637209368,199.6741201058311
27877229,-4.075841,-3.993269,4.611944103691101,34.19804107359863,260.0272451259456
27877229,-4.075841,-3.993269,4.611944103691101,34.19804107359863,260.0272451259456
27872100,-5.4006,-2.641356,3.4101471036911013,93.58284445276028,201.73227852589795
27872100,-5.4006,-2.641356,3.4101471036911013,93.58284445276028,201.73227852589795
27859197,-5.14724,-2.689087,4.822091103691101,30.403305705175853,199.6115323302033
27859197,-5.14724,-2.689087,4.822091103691101,30.403305705175853,199.6115323302033
27877282,-2.903128,-5.253437,5.116303103691101,2.847958770415005,319.4416771633872
27877282,-2.903128,-5.253437,5.116303103691101,2.847958770415005,319.4416771633872
27870140,-1.760504,-11.687061,4.788078103691101,55.3034856404461,390.8346688332374
27877297,-0.686728,1.082956,-0.01493689630889894,387.45258284389854,344.122318665345
27877311,-1.972452,-7.780521,5.178185103691101,14.840741610724706,374.6653304190272
27859250,-4.798004,-3.07351,3.846304103691101,70.90483901737929,223.6634124125202
27859250,-4.798004,-3.07351,3.846304103691101,70.90483901737929,223.6634124125202
27874638,-5.437126,-3.194299,3.2744991036911006,100.67548448961634,214.30896192152176
27874638,-5.437126,-3.194299,3.2744991036911006,100.67548448961634,214.30896192152176
27859261,-6.510756,-5.070138,4.766698103691101,70.52827707497391,222.0990682627882
27859261,-6.510756,-5.070138,4.766698103691101,70.52827707497391,222.0990682627882
27872194,-5.875534,-2.682881,4.324610103691101,64.21492268133562,187.0518310874812
27872194,-5.875534,-2.682881,4.324610103691101,64.21492268133562,187.0518310874812
27859321,-4.584534,-3.7988,3.8611191036911015,71.9897667982222,244.3632102698864
27859321,-4.584534,-3.7988,3.8611191036911015,71.9897667982222,244.3632102698864
27872203,-5.373117,-3.246909,3.212885103691101,102.37521842789089,217.10424917352609
27872203,-5.373117,-3.246909,3.212885103691101,102.37521842789089,217.10424917352609
27859346,-5.900147,-5.946539,4.690717103691101,70.72079060880213,247.2751020986636
27859346,-5.900147,-5.946539,4.690717103691101,70.72079060880213,247.2751020986636
27872213,-4.632125,-2.879697,4.8373291036911015,21.11065526140069,217.85299823117748
27872213,-4.632125,-2.879697,4.8373291036911015,21.11065526140069,217.85299823117748
27862573,-3.22493,-3.623256,4.514123103691101,15.382952745721012,282.42873562969265
27862573,-3.22493,-3.623256,4.514123103691101,15.382952745721012,282.42873562969265
27862577,-3.367203,-3.977231,4.579706103691101,20.72484554232008,283.4346199435761
27862577,-3.367203,-3.977231,4.579706103691101,20.72484554232008,283.4346199435761
27874755,-5.526265,-2.580356,2.969371103691101,110.99230729458095,200.2416212589829
27874755,-5.526265,-2.580356,2.969371103691101,110.99230729458095,200.2416212589829
27874770,-5.541341,-3.543559,4.344713103691101,64.6859916620939,214.2337117438011
27874770,-5.541341,-3.543559,4.344713103691101,64.6859916620939,214.2337117438011
27880642,-4.231229,-0.332033,0.026047103691101192,229.4731386690684,188.3468466494804
27880642,-4.231229,-0.332033,0.026047103691101192,229.4731386690684,188.3468466494804
27862656,-1.897847,-5.336761,0.0678921036911011,184.093767145886,349.139691163347
27880659,-4.246907,-2.389043,4.619908103691101,15.703731580310574,216.6708361984929
27874844,-3.220223,-4.133333,3.6891601036911013,61.47730033373719,292.4034598330792
27874844,-3.220223,-4.133333,3.6891601036911013,61.47730033373719,292.4034598330792
27880663,-3.970083,-2.125873,4.484627103691101,11.372109288212926,218.34481275395467
27880663,-3.970083,-2.125873,4.484627103691101,11.372109288212926,218.34481275395467
27862675,-3.632278,-8.225128,4.564755103691101,62.39860494313345,323.93228363250506
27862676,-1.734178,-5.492909,0.047608103691101133,183.68050084214852,355.92591933182064
27872325,-1.576499,-8.490438,5.303818103691101,11.047694671756688,392.6796185830135
27874879,-2.828543,-4.824807,4.969060103691101,1.3757023990070252,316.9674059598893
27874879,-2.828543,-4.824807,4.969060103691101,1.3757023990070252,316.9674059598893
27874892,-1.438712,-3.769595,0.11907010369110105,194.11514611126373,356.3788113543022
27880852,-5.478161,-2.726274,3.3421961036911014,97.25819709451696,202.5216297662569
27880852,-5.478161,-2.726274,3.3421961036911014,97.25819709451696,202.5216297662569
27880856,-5.381343,-2.858633,3.2520361036911014,100.01094515831576,208.2024157157693
27880856,-5.381343,-2.858633,3.2520361036911014,100.01094515831576,208.2024157157693
27880865,-6.013949,-4.264585,4.6535971036911015,64.27522034225976,217.62028329395835
27880865,-6.013949,-4.264585,4.6535971036911015,64.27522034225976,217.62028329395835
27880869,-5.49076,-3.830472,3.4828411036911007,95.87207836374574,225.036050468224
27880869,-5.49076,-3.830472,3.4828411036911007,95.87207836374574,225.036050468224
27877813,-3.922793,-2.294472,4.586677103691101,7.030478837403393,224.43096094709267
27877813,-3.922793,-2.294472,4.586677103691101,7.030478837403393,224.43096094709267
27877824,-5.638871,-3.561042,3.0642491036911013,110.25168927328536,218.544474292657
27877824,-5.638871,-3.561042,3.0642491036911013,110.25168927328536,218.544474292657
27880956,-2.050401,-2.228149,1.979314103691101,119.02471636023488,311.50168070196173
27865428,-5.810763,-2.093065,3.249260103691101,102.2387716586917,180.3195849938793
27865428,-5.810763,-2.093065,3.249260103691101,102.2387716586917,180.3195849938793
27865435,-5.525005,-1.999062,3.030303103691101,107.59825716028789,185.0333473763204
27865435,-5.525005,-1.999062,3.030303103691101,107.59825716028789,185.0333473763204
27865443,-6.078842,-2.426181,3.3432841036911007,102.26074776708477,183.2865157327147
27865443,-6.078842,-2.426181,3.3432841036911007,102.26074776708477,183.2865157327147
27865448,-6.186642,-2.479435,3.589682103691101,94.66092016005712,180.989784289716
27865448,-6.186642,-2.479435,3.589682103691101,94.66092016005712,180.989784289716
27865481,-3.795959,-1.60569,0.017004103691101058,215.0618386834143,235.33446673088943
27865484,-6.204565,-2.604777,4.262316103691101,70.61248385758302,179.20214448397493
27865484,-6.204565,-2.604777,4.262316103691101,70.61248385758302,179.20214448397493
27865485,-5.952133,-2.60518,3.5469851036911013,94.22493491963768,188.77107059822185
27865485,-5.952133,-2.60518,3.5469851036911013,94.22493491963768,188.77107059822185
27852651,-5.75474,-2.111722,3.101922103691101,107.29686136301709,182.97188711421808
27852651,-5.75474,-2.111722,3.101922103691101,107.29686136301709,182.97188711421808
27877929,-4.369347,-0.215553,0.006386103691101042,231.13168166797905,181.2512534808561
27877929,-4.369347,-0.215553,0.006386103691101042,231.13168166797905,181.2512534808561
27852656,-5.47964,-1.929961,3.149829103691101,102.25419229889413,183.16037580156487
27852656,-5.47964,-1.929961,3.149829103691101,102.25419229889413,183.16037580156487
27852657,-6.137602,-2.440998,3.0665181036911013,112.47696027250892,184.4111839606589
27852657,-6.137602,-2.440998,3.0665181036911013,112.47696027250892,184.4111839606589
27865506,-5.941032,-2.898345,3.070366103691101,111.43069711048268,198.7153582700288
27865506,-5.941032,-2.898345,3.070366103691101,111.43069711048268,198.7153582700288
27852661,-7.795409,-3.473439,4.9309711036911015,71.18520998922895,170.10789898441013
27852661,-7.795409,-3.473439,4.9309711036911015,71.18520998922895,170.10789898441013
27877948,-6.406656,-2.834612,4.365632103691101,70.72885971198272,180.68452379017305
27877948,-6.406656,-2.834612,4.365632103691101,70.72885971198272,180.68452379017305
27865526,-5.658555,-2.453403,4.056495103691101,70.34845408489221,187.2376739026876
27865526,-5.658555,-2.453403,4.056495103691101,70.34845408489221,187.2376739026876
27852675,-5.686476,-2.282914,2.981485103691101,111.45785210689016,189.59656824957912
27852675,-5.686476,-2.282914,2.981485103691101,111.45785210689016,189.59656824957912
27865540,-5.722569,-2.909443,3.037552103691101,110.7873621980073,203.41870535221136
27865540,-5.722569,-2.909443,3.037552103691101,110.7873621980073,203.41870535221136
27852682,-6.09639,-2.542293,3.564215103691101,94.86822821476474,184.3877843857338
27852682,-6.09639,-2.542293,3.564215103691101,94.86822821476474,184.3877843857338
27852683,-5.073059,-1.81986,3.043692103691101,101.87345891188798,189.6272405420477
27852683,-5.073059,-1.81986,3.043692103691101,101.87345891188798,189.6272405420477
27865546,-6.524765,-3.309263,4.487825103691101,70.54097099523207,189.0552418771848
27865546,-6.524765,-3.309263,4.487825103691101,70.54097099523207,189.0552418771848
27852693,-5.640349,-2.386328,2.965858103691101,111.7917623098374,193.2160703343197
27852693,-5.640349,-2.386328,2.965858103691101,111.7917623098374,193.2160703343197
27865554,-5.490565,-2.828872,3.1006331036911012,106.44216351631042,206.0229165393216
27865554,-5.490565,-2.828872,3.1006331036911012,106.44216351631042,206.0229165393216
27865565,-3.513334,-1.799042,0.02986410369110115,213.3543724968617,247.9902806620019
27865565,-3.513334,-1.799042,0.02986410369110115,213.3543724968617,247.9902806620019
27865582,-6.003759,-3.255185,4.329459103691101,69.45791500093947,198.40871683833169
27865582,-6.003759,-3.255185,4.329459103691101,69.45791500093947,198.40871683833169
27865599,-5.015679,-2.296269,4.692665103691101,28.858206191329145,192.3936547431928
27865599,-5.015679,-2.296269,4.692665103691101,28.858206191329145,192.3936547431928
27865601,-5.220349,-2.804831,3.9610721036911007,70.38885903846275,206.44720603933308
27865601,-5.220349,-2.804831,3.9610721036911007,70.38885903846275,206.44720603933308
27865614,-5.053899,-2.518738,4.753983103691101,29.56760252726144,197.555481225308
27865614,-5.053899,-2.518738,4.753983103691101,29.56760252726144,197.555481225308
27865619,-5.362229,-3.13856,4.080023103691101,69.75722813351595,210.52364076588435
27865619,-5.362229,-3.13856,4.080023103691101,69.75722813351595,210.52364076588435
27865636,-2.911663,-1.25243,1.800617103691101,138.71242531748516,247.70794135183812
27865636,-2.911663,-1.25243,1.800617103691101,138.71242531748516,247.70794135183812
27865638,-4.732447,-2.524176,4.604468103691101,30.067743584377325,206.92191828850576
27865638,-4.732447,-2.524176,4.604468103691101,30.067743584377325,206.92191828850576
27865639,-5.976269,-4.08654,4.414312103691101,70.86440892351592,215.9957435785413
27865639,-5.976269,-4.08654,4.414312103691101,70.86440892351592,215.9957435785413
27865650,-5.092347,-2.998345,4.881811103691101,30.287817429190795,208.76993956293583
27865650,-5.092347,-2.998345,4.881811103691101,30.287817429190795,208.76993956293583
27865655,-5.689268,-3.9819,4.314592103691101,70.31967512380575,220.23781160197524
27865655,-5.689268,-3.9819,4.314592103691101,70.31967512380575,220.23781160197524
27878073,-2.679295,-6.25153,5.2374281036911015,6.9286636751078845,338.3672043563557
27865705,-4.134703,-2.636215,4.338114103691101,31.87191676250072,228.7966200980603
27865705,-4.134703,-2.636215,4.338114103691101,31.87191676250072,228.7966200980603
27865707,-3.632064,-3.484041,0.051060103691101144,196.78033992714592,274.5914567134202
27865708,-2.955029,-2.540214,0.020358103691101137,207.21004487908573,280.4602435007832
27865728,-4.647319,-3.812705,3.9269171036911015,70.35398530155862,242.75926785338945
27878093,-2.177788,-9.372106,4.169138103691101,64.61977799934132,370.7217103912502
27865790,-5.006411,-5.303675,3.9215681036911008,82.22801899735998,258.925849479602
27865805,-4.320044,-5.910438,0.08958110369110117,181.688908315148,287.1574941515772
27865926,-3.334911,-3.904778,4.534707103691101,21.20718227866078,283.4067017441154
27865926,-3.334911,-3.904778,4.534707103691101,21.20718227866078,283.4067017441154
27865982,-3.779219,-6.403197,4.017360103691101,71.2740982376304,303.55537881706925
27865982,-3.779219,-6.403197,4.017360103691101,71.2740982376304,303.55537881706925
27875442,-6.062404,-3.504091,4.361911103691101,70.47009209900503,202.62224475517115
27875442,-6.062404,-3.504091,4.361911103691101,70.47009209900503,202.62224475517115
27875462,-4.64329,-3.029712,4.661970103691101,31.79758677873244,222.3958094425164
27875462,-4.64329,-3.029712,4.661970103691101,31.79758677873244,222.3958094425164
27875465,-4.102168,-2.560635,4.522400103691101,20.144494815675586,226.6950436751183
27875481,-3.767912,-1.835336,-0.03834489630889881,214.4661201493604,241.50727068843327
27875481,-3.767912,-1.835336,-0.03834489630889881,214.4661201493604,241.50727068843327
27872920,-4.874438,-2.58539,4.677924103691101,30.299034231721635,204.45575927199675
27872920,-4.874438,-2.58539,4.677924103691101,30.299034231721635,204.45575927199675
27866045,-1.819216,-5.246479,0.10291710369110119,183.5505702049808,351.4242492904053
27872932,-4.665791,-2.697943,4.605260103691101,30.84328004850147,213.50898850912847
27872932,-4.665791,-2.697943,4.605260103691101,30.84328004850147,213.50898850912847
27868622,-4.194844,-2.511018,4.557812103691101,19.755748416032475,222.19777016780463
27868622,-4.194844,-2.511018,4.557812103691101,19.755748416032475,222.19777016780463
27866076,-1.584626,-5.069676,0.11830610369110106,184.08303051274447,359.1263208209038
27868636,-2.757753,-2.52914,-0.002002896308898938,208.63471636451067,287.2146429495192
27875623,-3.136608,-2.703732,-0.012829896308898858,206.2686042432853,277.2529036594429
27875626,-3.937447,-3.283775,4.377344103691101,33.983686148261626,250.59607019268057
27875626,-3.937447,-3.283775,4.377344103691101,33.983686148261626,250.59607019268057
27875640,-3.950634,-4.598243,2.819166103691101,106.37076347726688,277.5033553281692
27875640,-3.950634,-4.598243,2.819166103691101,106.37076347726688,277.5033553281692
27875648,-3.777303,-4.464974,4.016344103691101,58.96563058112051,278.69286422862297
27875648,-3.777303,-4.464974,4.016344103691101,58.96563058112051,278.69286422862297
27868684,-3.924031,-4.708663,3.4726431036911007,83.34519140671111,278.8643358002305
27868684,-3.924031,-4.708663,3.4726431036911007,83.34519140671111,278.8643358002305
27868687,-3.886967,-4.63033,3.781414103691101,70.93563631338401,278.3053638912876
27868687,-3.886967,-4.63033,3.781414103691101,70.93563631338401,278.3053638912876
27868689,-3.625755,-3.883541,4.353066103691101,36.00415272169508,273.0796151369649
27868689,-3.625755,-3.883541,4.353066103691101,36.00415272169508,273.0796151369649
27868694,-3.884612,-4.682206,3.9706711036911013,63.943173005452,278.8631969160035
27868694,-3.884612,-4.682206,3.9706711036911013,63.943173005452,278.8631969160035
27868697,-4.596862,-5.808769,5.206009103691101,37.36683410908026,273.52221796178344
27868697,-4.596862,-5.808769,5.206009103691101,37.36683410908026,273.52221796178344
27868731,-4.118194,-7.22494,3.571528103691101,91.23784058746276,302.95399633052
27873060,-1.194763,0.78076,-0.015175896308898817,321.563747091916,290.55790772598306
27868824,-0.757976,-2.015187,0.790187103691101,180.33668419128048,388.2654639762095
27871201,-6.126894,-2.595652,4.418582103691101,63.47023126227677,179.28197215629245
27871201,-6.126894,-2.595652,4.418582103691101,63.47023126227677,179.28197215629245
27866227,-2.231403,-8.353978,5.481794103691101,14.451466753978425,368.67706825060895
27873095,-3.960341,-4.687413,3.307405103691101,89.6227101518653,277.76994488958223
27873095,-3.960341,-4.687413,3.307405103691101,89.6227101518653,277.76994488958223
27871216,-5.611105,-3.547488,3.1386061036911013,107.59275837416725,218.520129834042
27871216,-5.611105,-3.547488,3.1386061036911013,107.59275837416725,218.520129834042
27871223,-5.433748,-3.802773,4.363004103691101,64.27573254742077,221.9370809237689
27871223,-5.433748,-3.802773,4.363004103691101,64.27573254742077,221.9370809237689
27868900,-1.863099,-12.283602,4.566749103691101,64.70852009979328,388.4059797604208
27873120,-3.144832,-4.267564,3.384900103691101,74.49776168714871,297.3061099411792
27873120,-3.144832,-4.267564,3.384900103691101,74.49776168714871,297.3061099411792
27868917,-1.396501,-8.437187,5.203601103691101,10.965879178422824,399.27062464685184
27871257,-2.652835,-2.458047,0.004251103691101044,209.48845614216455,289.8571775944328
27878745,-3.637547,-2.999647,4.609493103691101,10.508690134093769,253.32446299162984
27878745,-3.637547,-2.999647,4.609493103691101,10.508690134093769,253.32446299162984
27868959,-0.481769,-14.447063,4.1013151036911015,72.72525475524492,424.9288588010678
27881647,-4.223278,-0.377655,0.020241103691100992,229.05979442698265,190.0786937751168
27881706,-4.402664,-2.362534,3.6150331036911014,70.04745676404457,217.82826497418523
27882182,-4.461042,-0.121227,-0.010155896308899015,232.61697108906648,176.02866694206298
27882184,-6.820365,-3.778794,4.8562391036911015,64.31071959690254,192.102634362682
27882290,-3.787648,-1.521354,0.022100103691101047,215.89611687209188,233.5821909547612
27866394,-0.535706,-10.30457,4.699734103691101,34.010718084242114,430.4212794817627
27871329,-3.044334,-4.339446,4.049965103691101,43.96840598463422,301.7067026226028
27871329,-3.044334,-4.339446,4.049965103691101,43.96840598463422,301.7067026226028
27871414,-0.278081,-2.10629,0.16438310369110098,217.49530344257084,422.2196065628061
27876519,-2.947643,-4.729645,4.638101103691101,19.01663616308673,310.83765310835247
27876519,-2.947643,-4.729645,4.638101103691101,19.01663616308673,310.83765310835247
27877127,-4.9,-5.006717,3.109293103691101,105.58157396741504,258.8792949026209
27877127,-4.9,-5.006717,3.109293103691101,105.58157396741504,258.8792949026209
27870049,-0.935495,-1.847376,0.03157410369110103,225.3581462139861,368.2191774491652
27870065,-2.55929,-4.763555,4.768903103691101,3.776843466760369,327.2639708481904
27870065,-2.55929,-4.763555,4.768903103691101,3.776843466760369,327.2639708481904
27865723,-3.809204,-2.272217,4.522291103691101,7.163055132413263,228.06252184515307
27865723,-3.809204,-2.272217,4.522291103691101,7.163055132413263,228.06252184515307
27865748,-3.788301,-2.516701,4.577919103691101,7.843668302074718,235.5703256332172
27865748,-3.788301,-2.516701,4.577919103691101,7.843668302074718,235.5703256332172
27878132,-0.087769,-5.03622,-0.045362896308899,189.83310283588563,427.7358981220029
27865931,-3.283162,-3.81951,4.6161201036911015,14.533451325767205,283.67494723192186
27865931,-3.283162,-3.81951,4.6161201036911015,14.533451325767205,283.67494723192186
27865975,-3.197269,-4.457713,4.5581001036911015,24.59153698446684,297.5451558789974
27865975,-3.197269,-4.457713,4.5581001036911015,24.59153698446684,297.5451558789974
27866001,-2.907324,-4.26582,4.507645103691101,17.883748213708827,305.86711211329265
27868642,-3.768524,-2.41646,4.621221103691101,2.7504188691219724,233.15255459009032
27868642,-3.768524,-2.41646,4.621221103691101,2.7504188691219724,233.15255459009032
27868666,-4.939681,-5.276179,4.471644103691101,63.444808606847175,258.8280868669218
27868666,-4.939681,-5.276179,4.471644103691101,63.444808606847175,258.8280868669218
27868698,-3.842706,-4.607863,4.250490103691101,51.61206145654211,278.5415277463984
27868698,-3.842706,-4.607863,4.250490103691101,51.61206145654211,278.5415277463984
27868923,-0.099951,-6.018394,0.12603010369110113,176.51410117025364,426.7423497704058
27882226,-3.794565,-2.354107,4.6503631036911015,0.5089263243480673,230.22278576461804
27871356,-1.432442,-3.77476,0.5341621036911011,177.9996634850054,358.1443060195003
27874015,-2.82039,-4.731241,4.574070103691101,19.300667603409263,315.82795101994697
27874015,-2.82039,-4.731241,4.574070103691101,19.300667603409263,315.82795101994697
27870026,-3.812348,-6.596224,4.325054103691101,62.66494622968705,304.6142271840909
27870026,-3.812348,-6.596224,4.325054103691101,62.66494622968705,304.6142271840909
27862392,-6.020274,-5.695217,4.7085991036911015,70.22661018155421,241.26075769484416
27880892,-3.893891,-2.783929,4.585852103691101,14.93779621394657,239.12803560218853
27880892,-3.893891,-2.783929,4.585852103691101,14.93779621394657,239.12803560218853
27881599,-3.115953,-4.282963,3.5688881036911013,66.28042415806863,298.4568861542264
27881599,-3.115953,-4.282963,3.5688881036911013,66.28042415806863,298.4568861542264
27866035,-3.129505,-5.686244,4.831218103691101,26.09026431109541,315.9660672644436
27868603,-3.502362,-1.996929,0.04891310369110102,210.51110165705927,252.44527510043383
27868603,-3.502362,-1.996929,0.04891310369110102,210.51110165705927,252.44527510043383
27868781,-1.470656,-3.757617,-0.017952896308898847,199.2937038833056,354.38453288236474
27868801,-2.981032,-9.356932,2.731935103691101,109.45467131286962,345.58677995439865
27882322,-2.741478,-4.790637,4.542911103691101,19.882754380465546,319.72195210550666
27874657,-4.140868,-2.964657,4.768619103691101,14.260883203781958,234.8384647814032
27874657,-4.140868,-2.964657,4.768619103691101,14.260883203781958,234.8384647814032
27802980,-0.586919,0.640365,-0.007992896308898878,344.7519418818964,372.2941525014144
27865802,-3.788156,-3.037035,4.702274103691101,10.006147635840051,248.54095762968956
27865802,-3.788156,-3.037035,4.702274103691101,10.006147635840051,248.54095762968956
27865819,-4.485318,-4.421439,4.890007103691101,34.434758329899154,255.30492630100792
27865819,-4.485318,-4.421439,4.890007103691101,34.434758329899154,255.30492630100792
27881521,-3.809252,-2.692472,4.633724103691101,8.397762004061576,239.35636724092288
27881521,-3.809252,-2.692472,4.633724103691101,8.397762004061576,239.35636724092288
27872259,-3.752206,-4.667999,4.3845221036911015,45.160513456804495,282.073068063884
27874898,-2.566842,-6.859237,5.522119103691101,0.8003305079738823,348.0398215963464
27868771,-2.940052,-4.616253,4.775235103691101,10.480020774619533,309.6218384277687
27868771,-2.940052,-4.616253,4.775235103691101,10.480020774619533,309.6218384277687
27871446,-0.717103,-9.884343,5.168263103691101,16.600955157947254,426.5747562305697
27880052,-2.262632,-6.187985,4.945475103691101,10.06380567594681,353.5541187069203
27873152,-2.74975,-9.633618,3.021090103691101,101.32043040807106,353.27137571820083
27866345,-1.185893,-10.19882,5.025196103691101,31.633886572168198,408.0952955224283
27873189,-0.591731,-10.210892,5.196321103691101,16.945130019936016,431.2758312756579
27873190,-0.41215,-10.568913,4.739922103691101,33.1470334658363,434.9761419012595
27868984,-0.183922,-11.106155,4.672257103691101,36.58019354475928,442.1420136947638
27868985,0.241475,-16.361109,4.133961103691101,73.11756834753814,441.98140630157775
27866371,-0.63082,-11.82752,3.738746103691101,72.91306387091035,420.7530934170618
27866374,-0.70068,-11.198956,4.305232103691101,54.76210169853192,421.44031932818825
27866417,0.194095,-20.500298,4.727439103691101,74.12680565762463,437.2088879753841
27871366,-2.945691,-9.454892,2.9376161036911013,104.34349409843814,347.28055932750243
27879007,-2.455483,-5.709174,4.591676103691101,23.64865129173893,341.0015183571242
27879010,-2.677434,-7.228746,4.9020721036911015,31.625007885088223,345.41604604067936
27871391,-2.579003,-10.432104,4.508272103691101,64.40738607406001,364.0712730899896
27871392,-2.38798,-10.530874,3.646806103691101,85.31873933863841,367.58327830037695
27871404,-2.257129,-10.666608,4.960882103691101,50.11851722859208,374.8617834338031
27871427,-1.21832,-7.885156,4.447701103691101,31.29105407108997,402.0662569299427
27879056,-0.842226,-11.814106,4.312233103691101,59.459920518685465,416.5885788170263
27879066,-0.332976,-11.453662,5.470721103691101,15.98515669466616,440.4158463887684
27879073,0.270848,-19.522449,5.005324103691101,66.03446579945842,441.0764845790601
27876583,-0.832008,-9.94583,5.045883103691101,23.39996201606627,421.3012941448373
27876590,-0.058812,-15.76631,4.139048103691101,73.22183290346041,435.01490044327215
27874058,-1.666721,-8.233429,4.776305103691101,29.70142433492944,386.3229714089315
27874086,-0.500593,-13.160099,4.645180103691101,54.25025499278348,427.7737381207482
27869953,-3.938478,-3.025043,4.777900103691101,9.614337314825462,242.82766265641027
27869953,-3.938478,-3.025043,4.777900103691101,9.614337314825462,242.82766265641027
27880055,-2.475707,-7.973697,4.057034103691101,63.71882559689877,354.8608734713458
27880064,-1.786356,-6.984656,4.545189103691101,27.79514228126908,376.3167058478816
27880093,-0.434143,-16.056479,4.661525103691101,65.93365571135519,427.0544944429898
27870062,-3.486638,-8.461327,4.511897103691101,63.63868785974438,329.42287518653575
27870069,-3.289575,-8.658173,4.457006103691101,64.18555820993095,335.9210850974827
27870070,-2.466255,-5.132442,4.608707103691101,15.336012783377583,335.0681629635492
27870071,-2.437442,-5.1106,4.462406103691101,21.46548822358361,335.78294742839694
27870086,-2.70767,-9.891566,3.1746291036911014,97.7448325193074,355.7847952096877
27870094,-3.060828,-11.72877,4.915929103691101,64.29232930069327,357.72967863455966
27870097,-2.473199,-10.285169,3.499490103691101,88.94433156124606,364.12676139308985
27870152,-1.227178,-7.820872,4.531979103691101,27.415822086765672,402.047913749948
27870170,-0.870685,-11.689152,3.9384441036911007,69.20647078016219,414.1261504312465
27870185,-0.607504,-12.172384,4.085884103691101,65.00306213437909,422.8225388288632
27872296,-2.451063,-6.98347,4.324237103691101,47.34628212457346,350.3338593145669
27872311,-1.856734,-6.516106,4.595284103691101,21.505416659092987,371.38749707249406
27872312,-2.25755,-10.862675,3.875648103691101,79.62385196992142,372.6625471784668
27872318,-2.10905,-12.06899,4.636756103691101,64.2281673581546,381.7091250358272
27862691,-4.392656,-11.175446,4.894846103691101,73.29404358516678,325.9812104802325
27872338,-1.019377,-9.18666,4.668101103691101,32.426100743017145,412.2070675356323
27874890,-3.1322,-9.202538,2.719695103691101,110.46135133905705,340.9995113638509
27862728,-5.129046,-15.865646,5.902409103691101,72.63905683141084,335.3656710181639
27862736,-3.037116,-8.917171,4.113273103691101,72.65565333154495,343.82149605349787
27874913,-1.879547,-8.132129,5.4445431036911005,6.925148237292291,380.5422216334896
27859682,-3.416896,-10.948659,4.559262103691101,72.61153067437962,345.54537016504
27862768,-2.958082,-9.851152,4.245321103691101,72.2896582888335,351.0407709512553
27859704,-2.506096,-7.892001,3.811548103691101,71.46792918117353,352.9055865626342
27874927,-0.300818,-15.643478,4.192919103691101,73.41300760667028,429.0612646081856
27874932,0.207897,-18.94772,4.942570103691101,65.76986933525433,440.2390724829337
27862807,-2.509543,-9.960417,4.124271103691101,71.90031379855117,363.2747954458871
27880984,-1.903186,-6.584372,4.502673103691101,27.226968455975395,369.4278547952492
27852677,-3.514615,-1.780401,0.034379103691100976,213.4033045532855,247.52786756291468
27852677,-3.514615,-1.780401,0.034379103691100976,213.4033045532855,247.52786756291468
27878099,-1.560183,-7.916082,4.975499103691101,16.81813539711314,390.5184391079696
27866065,-3.590494,-8.716366,4.268033103691101,72.70609688749005,328.2926782547709
27866084,-3.466227,-8.980213,4.270960103691101,72.59334768807398,333.17683047734647
27866114,-3.4474,-10.07203,4.439326103691101,72.46444113212723,340.2403882860605
27866129,-3.81552,-12.170609,5.283042103691101,63.908047919255495,343.3129635306769
27866145,-2.955997,-9.841867,4.258589103691101,71.88325636746123,351.07296209877194
27866147,-2.761057,-10.083735,3.341539103691101,94.4283090646688,355.5602099115007
27866155,-3.740984,-14.356627,5.1900071036911015,72.77549559896738,353.23565788768803
27875727,-2.436909,-10.785015,4.539477103691101,63.89263279738629,369.21917466195447
27868802,-3.130947,-8.673664,4.417361103691101,63.75939043958408,340.26724975203217
27866197,-2.218466,-7.116642,5.181429103691101,11.317503084866756,361.995735655172
27868819,-2.648497,-6.988143,5.603346103691101,0.8845194858989487,346.16327252438174
27868832,-2.315063,-6.478756,5.271082103691101,0.7960522100148069,354.419093784292
27868833,-2.876513,-10.918214,4.372996103691101,72.5654170677104,358.0286606713804
27868847,-2.044932,-6.592512,4.599816103691101,25.874629011106062,363.9875954600536
27866221,-2.428813,-11.209771,4.290301103691101,71.97111220039588,370.2313206328407
27868868,-2.285176,-11.252396,4.236413103691101,72.2603369057698,373.9762528410535
27868872,-2.0725,-7.849183,5.493569103691101,5.151937202379202,372.2709784278584
27866237,-2.360818,-11.469659,4.649361103691101,63.51410995472818,373.6364457447481
27868902,-1.700028,-8.556737,5.427915103691101,9.35529989895346,388.6057708147116
27866257,-2.012254,-11.234433,4.112624103691101,72.97271540988766,380.9076912858668
27868907,-1.788295,-11.83823,4.948162103691101,52.199918727471385,390.8147051725687
27868911,-1.408719,-8.021714,4.607603103691101,29.692392132881963,395.1968566724471
27868918,-1.502248,-11.727336,4.979053103691101,47.74667443331654,399.002189824259
27868926,-1.300448,-9.646099,5.466862103691101,13.189091798006784,405.6288275298001
27868927,-1.320848,-12.747323,5.104684103691101,48.42597823458681,405.5816237972827
27868933,-1.157631,-9.592866,5.173973103691101,20.616706221813843,409.55465233967766
27868943,-0.887401,-11.854013,4.1097851036911015,65.54470129206337,414.3168248629686
27868946,-1.047137,-9.820674,5.374047103691101,14.103911715823273,414.8108740104072
27868956,-0.836531,-10.035061,5.283290103691101,16.075630697067112,422.3583457540216
27868957,-0.697681,-11.826096,4.605725103691101,49.86297384860282,422.5377749557954
27878753,-3.778308,-3.294649,4.668503103691101,15.754906150329871,255.0232427935296
27878753,-3.778308,-3.294649,4.668503103691101,15.754906150329871,255.0232427935296
27871276,-4.840018,-5.112219,4.673123103691101,54.14653857835478,258.2476842336763
27871276,-4.840018,-5.112219,4.673123103691101,54.14653857835478,258.2476842336763
27871279,-4.872855,-5.127249,4.958647103691101,44.52898370767454,256.9697134485471
27871279,-4.872855,-5.127249,4.958647103691101,44.52898370767454,256.9697134485471
27871295,-3.904295,-4.706276,4.205495103691101,55.18772806921845,278.27171218143565
27871295,-3.904295,-4.706276,4.205495103691101,55.18772806921845,278.27171218143565
27878930,-4.954567,-5.01995,3.4864741036911013,94.41907223539236,256.9559207598359
27878930,-4.954567,-5.01995,3.4864741036911013,94.41907223539236,256.9559207598359
27878932,-3.921983,-3.505505,4.893924103691101,10.907717740583962,254.06243297178284
27878932,-3.921983,-3.505505,4.893924103691101,10.907717740583962,254.06243297178284
27871325,-3.052033,-4.259984,3.921711103691101,49.22063671595666,300.2987536500328
27871325,-3.052033,-4.259984,3.921711103691101,49.22063671595666,300.2987536500328
27871349,-2.774127,-5.252447,4.497039103691101,28.68123270764579,323.8082755913645
27871349,-2.774127,-5.252447,4.497039103691101,28.68123270764579,323.8082755913645
27871354,-3.090463,-8.805824,2.433424103691101,116.85586590865552,339.45183863960165
27873991,-3.099292,-3.741199,4.603846103691101,9.255227480313096,289.4455350239672
27873991,-3.099292,-3.741199,4.603846103691101,9.255227480313096,289.4455350239672
27876513,-2.984327,-4.275036,4.450939103691101,22.65587729609072,302.9453065621109
27876513,-2.984327,-4.275036,4.450939103691101,22.65587729609072,302.9453065621109
27874001,-3.025726,-4.218841,4.5573501036911015,17.449976648944926,300.42223622357034
27874001,-3.025726,-4.218841,4.5573501036911015,17.449976648944926,300.42223622357034
27879757,-4.852837,-5.112845,4.531613103691101,59.2758830521083,258.2860400066273
27879757,-4.852837,-5.112845,4.531613103691101,59.2758830521083,258.2860400066273
27879770,-4.953541,-5.023668,3.540824103691101,92.71444859393742,256.9068705036105
27879770,-4.953541,-5.023668,3.540824103691101,92.71444859393742,256.9068705036105
27869949,-4.179411,-3.385653,4.518060103691101,33.45812165757445,244.75492436205317
27869949,-4.179411,-3.385653,4.518060103691101,33.45812165757445,244.75492436205317
27870015,-3.097585,-3.792291,4.505801103691101,15.327485813379838,290.54514416915333
27870015,-3.097585,-3.792291,4.505801103691101,15.327485813379838,290.54514416915333
27877110,-5.306744,-4.961756,4.501918103691101,64.98213198547776,245.37134847724096
27877110,-5.306744,-4.961756,4.501918103691101,64.98213198547776,245.37134847724096
27877115,-4.138683,-4.056937,4.6626201036911015,33.86155954670215,259.18853339727576
27877115,-4.138683,-4.056937,4.6626201036911015,33.86155954670215,259.18853339727576
27877126,-3.970014,-4.858616,4.732971103691101,36.36787248801818,277.7911610095173
27877126,-3.970014,-4.858616,4.732971103691101,36.36787248801818,277.7911610095173
27870031,-3.825114,-7.702907,3.156197103691101,101.51042296116316,314.2346497733839
27870033,-3.70883,-7.475902,3.380642103691101,93.97109014565557,315.3566707379924
27870037,-3.537532,-7.818684,3.095365103691101,101.3216123376185,322.2928215816621
27870043,-3.43942,-8.052218,2.9389251036911013,105.2414292242346,326.3762226755823
27870054,-2.842598,-5.693855,4.237307103691101,45.65102177199617,325.65958780338
27870128,-0.221459,-2.101264,0.03521210369110106,225.49057860022847,425.62573027832303
27872273,-3.066125,-4.25096,3.835780103691101,53.32024469134589,299.6778080648006
27872273,-3.066125,-4.25096,3.835780103691101,53.32024469134589,299.6778080648006
27874800,-5.075558,-4.674107,4.481584103691101,61.01625725107158,245.95468464814343
27874800,-5.075558,-4.674107,4.481584103691101,61.01625725107158,245.95468464814343
27874802,-4.523428,-3.736219,4.733866103691101,34.40356893767313,241.4848959497194
27874802,-4.523428,-3.736219,4.733866103691101,34.40356893767313,241.4848959497194
27862645,-4.357178,-9.066147,4.555169103691101,73.39503069588045,312.82318384512087
27859582,-3.915138,-7.057761,4.169622103691101,71.22302052477082,306.4483122526701
27859582,-3.915138,-7.057761,4.169622103691101,71.22302052477082,306.4483122526701
27862704,-2.985069,-7.0717,3.836005103691101,71.77993072431727,332.63690984296693
27880748,-3.303145,-3.487491,4.551737103691101,13.14209616227066,276.6856523365538
27880748,-3.303145,-3.487491,4.551737103691101,13.14209616227066,276.6856523365538
27880897,-4.401215,-3.820369,4.704852103691101,34.31529557579114,246.7572257774592
27880897,-4.401215,-3.820369,4.704852103691101,34.31529557579114,246.7572257774592
27880953,-4.017042,-7.418727,4.269356103691101,71.00519781352023,307.21002805770746
27880960,-2.773072,-5.180442,4.662393103691101,20.20539478809684,323.2149835178422
27877997,-3.707276,-3.377263,4.637112103691101,16.938928092000452,259.3988003414657
27877997,-3.707276,-3.377263,4.637112103691101,16.938928092000452,259.3988003414657
27878053,-2.95005,-4.660005,4.764296103691101,11.92416547896798,309.83050939354456
27878053,-2.95005,-4.660005,4.764296103691101,11.92416547896798,309.83050939354456
27878054,-3.899477,-7.461953,4.524278103691101,62.353862479557904,310.6427373793736
27878067,-2.752824,-5.447264,4.558650103691101,27.83898582555653,326.80019595824365
27865766,-4.79922,-4.550603,4.122262103691101,69.50278315596609,251.599536500669
27865766,-4.79922,-4.550603,4.122262103691101,69.50278315596609,251.599536500669
27865774,-4.97784,-4.953974,4.170492103691101,72.19350551480181,253.71736420227057
27865774,-4.97784,-4.953974,4.170492103691101,72.19350551480181,253.71736420227057
27865853,-3.524997,-3.18401,4.5826971036911015,12.15863257681164,261.80679206892074
27865853,-3.524997,-3.18401,4.5826971036911015,12.15863257681164,261.80679206892074
27881560,-5.038444,-4.6971,4.151267103691101,72.18231270514829,248.20440252910248
27881560,-5.038444,-4.6971,4.151267103691101,72.18231270514829,248.20440252910248
27881564,-3.472993,-3.256633,4.484225103691101,17.396255894640262,265.640552634432
27881564,-3.472993,-3.256633,4.484225103691101,17.396255894640262,265.640552634432
27881584,-3.919842,-4.750391,3.930058103691101,66.45248023970345,278.90872178753546
27881584,-3.919842,-4.750391,3.930058103691101,66.45248023970345,278.90872178753546
27881596,-2.924529,-5.016148,4.8244111036911015,13.656365964553714,315.51786847230204
27866002,-3.844736,-7.217233,4.161395103691101,71.50954194262735,309.78455723983325
27866015,-2.972481,-4.717786,4.529482103691101,24.56753176775854,309.6968182398143
27866015,-2.972481,-4.717786,4.529482103691101,24.56753176775854,309.6968182398143
27866029,-3.599062,-7.544329,4.1294321036911015,71.50013011361088,319.14371114610867
27866043,-4.281234,-10.167155,4.762048103691101,71.88001841058826,322.16491722617815
27866079,-2.612624,-5.170244,4.601806103691101,19.456045336212952,329.40180937032125
27866079,-2.612624,-5.170244,4.601806103691101,19.456045336212952,329.40180937032125
27866080,-3.220607,-9.180542,2.6442801036911012,112.7683939033858,338.62118653248933
27868662,-4.238361,-3.760369,4.634351103691101,33.66687847129273,250.5039301593052
27868662,-4.238361,-3.760369,4.634351103691101,33.66687847129273,250.5039301593052
27868668,-4.837485,-5.114372,4.756767103691101,51.16267092450022,258.13984283629134
27868668,-4.837485,-5.114372,4.756767103691101,51.16267092450022,258.13984283629134
27875692,-3.848261,-7.699834,4.256176103691101,71.00822068687293,313.9782371229026
27868741,-3.998425,-7.483514,3.398541103691101,95.7631298080628,308.2059942653061
27868767,-3.219737,-5.455772,4.478644103691101,39.84770116625703,310.08855368379403
27868767,-3.219737,-5.455772,4.478644103691101,39.84770116625703,310.08855368379403
27868768,-3.637771,-7.547071,3.255970103691101,97.07126943269238,317.704535106894
27868769,-3.682817,-7.88305,2.9755131036911013,105.63465043250994,319.07312707916395
27868788,-3.232943,-8.480412,2.230903103691101,122.43271591712254,333.7264745596689
27868791,-3.16893,-8.662133,2.358374103691101,119.03973927012984,336.5614450862889
27873080,-4.952356,-5.009626,3.6487551036911015,89.23923283853657,256.4681823001932
27873080,-4.952356,-5.009626,3.6487551036911015,89.23923283853657,256.4681823001932
27873136,-3.829124,-7.725561,4.5138681036911015,63.33659902099063,314.77664812259894
27871260,-4.945624,-5.000635,4.0165181036911015,77.19945926448872,255.5922944255608
27871260,-4.945624,-5.000635,4.0165181036911015,77.19945926448872,255.5922944255608
27873138,-3.467202,-6.555409,4.6888441036911015,45.439994629299406,314.17856371690976
27873141,-3.684898,-7.689198,4.5147831036911015,61.529989459210384,318.26073584889946
27871265,-4.044264,-3.306185,4.647048103691101,23.2692279306103,246.6292521526332
27871265,-4.044264,-3.306185,4.647048103691101,23.2692279306103,246.6292521526332
27882299,-4.979344,-5.053615,3.404159103691101,97.29101458954534,257.0771874699861
27878785,-5.22686,-4.238074,0.022705103691101014,191.7245197803543,248.24632030269203
27878785,-5.22686,-4.238074,0.022705103691101014,191.7245197803543,248.24632030269203
27876446,-3.901109,-2.444683,4.520760103691101,13.041965580341468,229.992485567918
27876446,-3.901109,-2.444683,4.520760103691101,13.041965580341468,229.992485567918
27873929,-5.637628,-4.75126,4.587878103691101,64.8323510801014,234.38374901032628
27873929,-5.637628,-4.75126,4.587878103691101,64.8323510801014,234.38374901032628
27856244,-5.254219,-4.388944,4.153499103691101,72.9774731228926,237.94545176669743
27856244,-5.254219,-4.388944,4.153499103691101,72.9774731228926,237.94545176669743
27856266,-5.073364,-4.456536,4.179297103691101,70.30013914579771,243.21336490882544
27869901,-5.225143,-4.461564,0.014788103691101062,190.6862139948984,251.3738224133992
27869901,-5.225143,-4.461564,0.014788103691101062,190.6862139948984,251.3738224133992
27877218,-5.183733,-4.548241,4.382822103691101,65.06783484638899,241.5797688281557
27877218,-5.183733,-4.548241,4.382822103691101,65.06783484638899,241.5797688281557
27880778,-3.438716,-2.818374,0.006608103691100986,203.9259928115052,269.76772974621235
27880778,-3.438716,-2.818374,0.006608103691100986,203.9259928115052,269.76772974621235
27865612,-5.388976,-4.343331,-0.015438896308898942,191.9915267037017,246.6343319608557
27865612,-5.388976,-4.343331,-0.015438896308898942,191.9915267037017,246.6343319608557
27865742,-5.408047,-4.986143,4.334649103691101,71.78330823478888,244.0248850200481
27865742,-5.408047,-4.986143,4.334649103691101,71.78330823478888,244.0248850200481
27875482,-5.241293,-4.251173,4.181592103691101,71.09205583004896,235.65873529388216
27875482,-5.241293,-4.251173,4.181592103691101,71.09205583004896,235.65873529388216
27868627,-4.40122,-3.089023,4.558637103691101,32.45790206650264,231.1618473957147
27868627,-4.40122,-3.089023,4.558637103691101,32.45790206650264,231.1618473957147
27868635,-4.378722,-3.248247,4.576098103691101,33.10966560483786,235.4991229740101
27868635,-4.378722,-3.248247,4.576098103691101,33.10966560483786,235.4991229740101
27868645,-4.221295,-3.239163,4.494587103691101,33.65539252412785,240.29136055914412
27868645,-4.221295,-3.239163,4.494587103691101,33.65539252412785,240.29136055914412
