uid,px_world,py_world,pz_world,u_rectified,v_rectified
27757421,-2.999583,-3.193137,0.7817531036911011,168.07835697279756,121.41811019182936
27757424,-4.862671,-6.250004,0.6763441036911011,155.91190089731228,124.92769834741694
27739445,-1.46716,-4.244257,0.3047111036911011,184.4247935197884,194.6524421469836
27757434,-4.786547,-6.109083,0.16549710369110104,169.74173384671917,126.45890557801415
27757438,-0.739409,0.182718,1.620431103691101,131.94026732026697,107.31324088153086
27757443,-3.350381,-3.999376,0.747197103691101,164.2493743382309,127.44352300642544
27739460,-1.314104,-4.020018,0.35792410369110106,184.8066168673932,197.8420299493933
27727390,0.57922,-9.904875,2.432572103691101,122.74419237323907,263.6875984570286
27757453,-0.879331,-0.128206,1.9018221036911012,81.41899724345748,112.10209858912246
27757454,-1.742902,-1.645305,2.1101201036911013,90.32421206797738,123.6458670669286
27757458,-0.86557,-0.119426,1.9308621036911011,75.29804230299098,112.44836886523048
27757489,-3.152645,-3.829679,-0.18438989630889902,198.3950091113654,134.8372161251701
27757493,-2.319234,-2.814229,1.2392291036911012,151.16775833864563,137.46438338773254
27757504,-4.159027,-6.0552,-0.177593896308899,180.0399667671198,141.52134633274096
27757514,-3.453851,-4.916342,-0.05393389630889889,184.8872393820153,143.45348840617226
27757524,-5.233458,-8.714853,-0.37500389630889885,172.1492356446358,148.53669861313085
27757530,-17.1665,-31.847092,-6.0466368963088994,177.73300254339546,150.55691235877777
27757546,-3.574682,-5.893076,-0.16486589630889892,181.9442896000782,153.465369021744
27757553,-5.01123,-9.163287,-0.34896189630889896,170.77233804516877,156.16342863067305
27757555,-2.667998,-4.483006,1.319831103691101,143.85301762643616,156.6771098600941
27757556,-2.700268,-4.529007,1.215711103691101,147.54877775736358,156.59302493371175
27757565,-10.93346,-22.514732,-3.530328896308899,176.05303381360076,160.5416584472664
27757566,-4.023083,-7.306663,-0.406011896308899,179.9671097582902,158.67033984071514
27757580,-3.473623,-6.104043,-1.009923896308899,201.14897908994928,159.7289622680287
27757585,-2.660753,-4.562654,-0.04356889630889893,189.3683644775452,161.18988398320408
27757591,-2.118935,-3.493097,0.3896471036911011,184.9967024137445,162.6132044276497
27753969,-2.031802,-1.880361,1.758262103691101,120.2766947423782,118.53795041571658
27753970,-1.387205,-0.772503,1.396175103691101,153.9157415400399,115.48868104417345
27753971,-1.523718,-0.977038,1.3288981036911012,157.76037243864533,116.71416097104644
27753977,-1.107203,-0.320121,1.360452103691101,165.11319317967173,112.86771204108967
27757628,-2.507459,-5.250543,-0.22835789630889902,190.24042104736915,173.75405018509997
27754008,-0.775829,0.081569,1.962142103691101,56.21535003123651,101.75018382580411
27757654,-2.334848,-5.521486,-0.22320389630889892,188.78740300633936,180.89934838010845
27754032,-2.401738,-3.108224,1.213582103691101,151.31493603783187,141.13734336325174
27730388,6.403698,-14.819954,-0.1640238963088989,170.7157458771344,330.3639884820725
27757710,-0.52358,0.594356,-0.05690989630889898,404.5954452290328,140.8540363781695
27757715,-0.482317,0.667808,0.03402010369110098,413.3180506986714,139.39311785197827
27748408,-0.66029,-4.367902,0.183692103691101,190.1656705229354,221.9669391264641
27757725,-1.645812,-6.480888,0.7559141036911011,160.22333678649866,205.41475622129656
27757729,-1.045889,-3.521794,0.3907741036911011,188.80289410138613,203.20558172941685
27757743,-1.217259,-5.423649,1.055517103691101,155.17329277378855,211.4874180331128
27757749,-3.821614,-23.800514,5.182959103691101,102.11419057265888,220.53457568846824
27757761,-1.394463,-7.387251,1.029064103691101,151.9245335561386,215.88465198586903
27757762,-0.625094,-2.204978,1.124959103691101,168.00538586705005,210.85126888095024
27757763,-0.937806,-3.901731,0.30810210369110114,188.8651055024908,210.0530037375858
27757771,-2.49235,-15.219499,0.8461651036911011,147.20559890712985,218.30220841038863
27757772,-0.784508,-3.403562,1.0770471036911011,162.41970318995862,213.70291749589103
27757774,-0.40516,0.569299,-0.05801489630889889,403.51189808856486,159.12785326140238
27757777,-0.911074,-4.448083,1.053791103691101,158.78446156037768,215.6911191770033
27757778,-0.394968,0.602868,-0.051244896308898946,409.6063014459543,158.3377391454686
27757782,-0.89218,-4.530318,1.141653103691101,155.37115625012973,216.97010279839645
27757788,-0.772016,-4.911543,4.406790103691101,7.538220169829117,232.3021481031402
27750272,-1.044003,-3.507437,0.9884411036911012,164.79679596446107,203.77056852180093
27757794,-0.690021,-3.10847,0.5200241036911011,189.092560908116,214.33144569940708
27757796,-2.126848,-16.792835,3.597580103691101,110.97801101447482,227.53529019116985
27757797,-0.981944,-6.287384,1.4967061036911011,141.08793292000814,222.75918887597
27757798,-0.698973,-3.72197,1.138072103691101,158.73136810960233,219.44756271633528
27757803,-0.61494,-4.064134,3.7394111036911015,26.360613842120983,233.4481855698548
27757804,-1.132737,-8.259744,2.376550103691101,118.61185759861525,226.63069140869132
27757805,-1.166732,-8.51693,2.274839103691101,121.64990079942385,226.3598566636952
27757806,-1.016446,-6.373639,0.5658661036911011,167.01292371904546,220.5501520031404
27757809,-0.900037,-6.26029,1.805701103691101,131.8397291914561,225.52315130363283
27750281,-0.933032,-3.120608,0.9639771036911011,168.48436259205914,204.75671406792384
27757815,-0.602395,-5.026431,4.320860103691101,15.539345826625578,239.38551319878025
27757817,-0.697517,-4.194648,0.2681471036911012,188.64200181614905,220.0816786537248
27750283,-1.142311,-3.908151,0.34453810369110105,186.77829635093707,202.88862838989004
27757827,-0.974884,-9.154783,1.518561103691101,140.02384100773548,230.4733055141048
27757830,-1.627502,-18.037594,2.0777521036911013,132.2874497444331,233.12952016931703
27757833,-0.509784,-3.856386,0.961657103691101,166.03844755563557,227.04150689649256
27757837,-0.443362,-4.936528,4.123354103691101,24.644177840724296,244.9282911041432
27757838,-0.818676,-9.714577,3.059844103691101,106.1454647056114,237.3429463680966
27757840,-0.657319,-6.913337,2.040666103691101,126.0531732540456,234.32146425783964
27757841,-0.571737,-6.336186,2.325072103691101,116.02702124969588,236.26295633147527
27757844,-0.52803,-6.44565,2.8195551036911013,99.91035688840456,239.16412141150613
27754248,-1.006109,-4.200513,1.161748103691101,155.19037453653783,210.956597522868
27757849,-0.444812,-5.784472,2.3857981036911013,112.2280343315998,239.2466802500024
27754253,-0.997775,-3.818998,0.3445441036911011,188.0518410642168,207.35400746074083
27757855,-0.359501,-7.349309,5.5334061036911,6.924961008884367,254.4989804027707
27757864,-0.153607,-2.617009,2.924827103691101,47.32642651627589,250.7466790902728
27757865,-1.296398,-35.596481,0.8736771036911011,143.03440760401338,242.50574483278015
27754262,-0.973216,-4.404743,1.071614103691101,158.0829174125367,213.314100837043
27757868,-0.169883,-10.181873,6.693607103691101,11.175723217512283,261.28270955525164
27757869,-0.142301,-4.829855,3.806934103691101,40.14026021844845,255.7810919786004
27757870,-0.830624,-41.701694,8.422764103691101,99.57925820675187,250.561958607714
27754269,-0.877402,-3.675899,0.43566310369110106,186.3667787809208,210.85644670085148
27757878,-0.027311,-11.072419,6.9627861036911005,14.92140690233063,264.22902736803985
27757879,-0.037958,-9.638015,6.186303103691101,19.943202749981022,263.2963779574681
27757884,-0.120082,-11.234006,1.650771103691101,138.5172811996128,248.30664930279983
27757885,-0.136536,-9.778529,1.142250103691101,148.84035603328834,246.5527752486813
27757886,-0.17799,-8.764993,0.1366971036911011,170.8904644363846,243.00558830747775
27757887,0.100772,-9.971601,6.266738103691101,21.877307095634137,266.3548814217254
27757888,0.004077,-4.817093,3.684209103691101,46.69970815904637,261.15703288933923
27757890,-0.127097,-11.254238,0.2960401036911011,162.2611539875843,245.5143215753601
27754289,-0.56123,0.696335,0.0011091036911010654,419.3401516578279,125.51946768096764
27754298,-1.076203,-6.692435,1.3627581036911012,144.55103906962233,221.49418718255976
27757900,0.096748,-12.771601,1.471004103691101,141.74229745633235,251.44861955290165
27757903,0.393601,-11.880858,6.799948103691101,28.81178077126657,271.01235458334736
27757909,0.666574,-29.365776,-2.1517668963088985,166.17220342098153,251.55532055125667
27757911,1.694984,-56.448822,-2.113218896308899,153.87418043863846,254.69956414430067
27757913,0.531903,-10.575603,6.005068103691101,36.94703919998375,273.8315120731482
27757915,0.569972,-19.106792,-1.329969896308899,170.80103843874628,252.2047182591232
27750303,-0.907061,-3.243343,0.4914241036911011,188.0191002314828,206.3593622147793
27754310,-0.765142,-3.947472,0.3385211036911011,188.0151164604804,216.54009897444317
27757920,0.977071,-23.877781,1.957629103691101,136.5820263343835,258.9716578572427
27757922,0.261282,-4.656744,3.407057103691101,59.08399786992996,270.5658029471197
27757923,2.241802,-50.022827,1.2513431036911011,141.3289352005339,259.3849345860571
27757924,0.224749,-5.864183,0.9940251036911011,159.52783466427684,254.3283211839948
27757925,1.087768,-28.617832,-3.5972168963088995,176.81082777119812,253.1093016493898
27754318,-1.077692,-7.909115,1.318244103691101,144.88979575809486,225.15342560754436
27754325,-0.510919,0.5996,-0.03435089630889898,404.2364235381952,141.86528080305914
27757933,0.822835,-12.061041,6.427727103691101,40.284335567452274,277.73391309130415
27754329,-0.719461,-4.569305,0.20642210369110114,187.6629039621785,221.0066966585775
27727475,1.47674,-9.42065,4.691991103691101,64.48047641098836,293.4916496112123
27757939,0.361715,-7.308544,-0.00369089630889885,180.33347510095297,253.7418592063636
27757951,0.74532,-8.190369,5.690903103691101,16.160458585222216,285.80979798788485
27757951,0.74532,-8.190369,5.690903103691101,16.160458585222216,285.80979798788485
27757952,1.268581,-14.792314,7.335430103691101,42.04308961313734,281.95189865000987
27757959,1.536803,-19.999222,0.10898210369110117,156.14719017859352,263.3175793246984
27757977,1.612707,-13.884545,6.594185103691101,51.28167096088757,287.5950126061731
27757982,0.989389,-7.755525,5.076783103691101,33.00339548790569,291.4529598735171
27757983,1.007358,-8.229091,4.394375103691101,62.68462285008533,285.66687435070645
27750321,-1.061099,-5.156642,0.3664811036911011,177.8800510667818,213.7010897155992
27757992,1.433158,-9.649467,5.652070103691101,37.89878619602186,296.3605268095843
27750332,-1.104294,-5.970889,0.12384710369110108,180.22283821032173,216.0226146231238
27754424,0.035876,-17.916788,-1.149579896308899,170.26212823156203,247.04182219203497
27750339,-0.917942,-5.345586,1.735068103691101,133.30984528680307,221.34005779978628
27750344,-0.818726,-4.598944,2.351641103691101,107.11273061613022,222.64781114874987
27750348,-0.848023,-4.943017,1.1510831036911011,154.11332742871082,220.5440927285439
27758052,2.318807,-8.084124,3.301798103691101,97.4709353084712,314.3976137613188
27750356,-0.74364,-3.792928,0.3846391036911011,187.7504033503294,216.49449335100735
27754468,0.530693,-8.51334,2.3358671036911014,122.71244849454216,264.2269396115989
27750367,-1.0466,-6.837043,0.0701701036911011,177.5855378622493,220.66555694279967
27758113,3.509254,-8.504031,3.4661731036911014,96.41092340540484,342.5506070883346
27739674,0.45127,-8.709162,2.934513103691101,107.66044963125218,264.2640222279281
27758120,3.205588,-7.247822,3.236885103691101,96.41095894087326,347.0575695797549
27716587,-1.352531,-2.389663,-0.004529896308898884,218.24481247732112,176.68545816494523
27758148,134.610977,-317.723541,9.869957103691101,139.81360774790227,344.8361454669913
27754550,0.911364,-4.676191,4.271874103691101,10.507875009892786,307.3717079839046
27754551,1.806559,-9.760657,4.499816103691101,72.7918698718949,298.46511005812545
27716588,-1.268165,-2.464224,0.023269103691101023,216.1964514474469,181.64398874898276
27716588,-1.268165,-2.464224,0.023269103691101023,216.1964514474469,181.64398874898276
27758163,2.057587,-3.353402,3.5373471036911015,23.60113164169431,388.8109695319207
27758177,4.203452,-7.823452,3.400951103691101,95.84675180143849,369.4959597826389
27750388,-0.932405,-9.139506,0.3220241036911011,164.88627183580337,229.32143259758192
27758197,2.934765,-4.63947,2.6046051036911013,104.84508339899456,375.9548185276511
27758200,2.180782,-2.891244,3.391781103691101,19.81168764569975,414.2874153564993
27754593,2.800035,-10.68541,4.092141103691101,89.60650589505624,312.685126128693
27754606,2.314987,-7.649366,3.473255103691101,89.68989408293817,319.09969196871725
27758231,4.821237,-6.929766,3.013915103691101,105.11536366170836,399.6532798437157
27716605,-0.444871,0.732373,-0.020067896308898936,432.9805367568183,140.64622894416598
27724296,0.973181,-17.51067,4.0577251036911015,108.13214228656008,265.7316647663322
27710295,-1.821006,-9.468557,5.538683103691101,37.08596823943634,219.5961266148017
27716612,-0.406783,0.703799,-0.01921589630889886,427.7370163308522,148.9354854099779
27758311,22.601805,-27.610435,0.2419631036911012,163.98543453875493,423.4130903654191
27750403,-1.418796,-19.403692,2.811227103691101,124.4659810460468,237.140148222197
27750404,-0.689418,-8.121155,0.47183110369110104,164.73000207804046,232.51736072540373
27750406,-1.375668,-19.68037,3.469018103691101,117.01059646606488,238.4467822826335
27750425,-0.457058,-6.99716,1.209587103691101,149.68041487843004,237.5118907663836
27758509,-0.61565,0.660404,-0.14321889630889895,420.8630869497101,124.14658986180656
27758517,-0.968921,-9.787587,6.412113103691101,14.282395239023458,241.7918714708545
27758517,-0.968921,-9.787587,6.412113103691101,14.282395239023458,241.7918714708545
27758521,-0.776676,-9.60599,6.177344103691101,19.422538950504787,245.5734174943452
27758521,-0.776676,-9.60599,6.177344103691101,19.422538950504787,245.5734174943452
27758524,-0.419267,0.569307,-0.027100896308899003,400.7623757772096,156.82423459914946
27758524,-0.419267,0.569307,-0.027100896308899003,400.7623757772096,156.82423459914946
27758531,0.46964,-4.321062,1.1564651036911011,159.6312479461957,265.266776332188
27758532,-0.571124,-10.556958,6.324001103691101,26.960040128590972,250.87950877556608
27758532,-0.571124,-10.556958,6.324001103691101,26.960040128590972,250.87950877556608
27758534,-0.400084,0.609606,0.01136410369110119,405.96193914375056,156.44330124089765
27758542,4.227587,-58.502514,6.6220671036911005,120.05386623598844,268.31887547433814
27758546,-0.341505,-6.266969,5.086239103691101,4.670500152005616,253.7193856731724
27758546,-0.341505,-6.266969,5.086239103691101,4.670500152005616,253.7193856731724
27750465,-0.491549,0.655475,0.006243103691101037,412.6489090809274,139.53480668234965
27707355,-0.484554,-9.917425,4.634247103691101,68.0360118067556,248.0988965138236
27758633,2.504315,-9.002675,3.744694103691101,89.7366434713839,315.0883441984426
27758656,1.69975,-4.779305,2.877110103691101,90.04223239375415,324.62138940695854
27758733,1.955555,-3.80747,2.7192481036911014,88.91388010766306,351.9549201448707
27750496,0.148121,-11.159656,0.7549201036911011,154.96706276786438,250.8933212960717
27758761,2.330046,-4.298817,2.822884103691101,89.47227592482116,360.4390929174656
27758774,16.393074,-31.414553,-0.314952896308899,161.18640792141736,356.74382562776816
27758787,19.354725,-36.075138,0.14989110369110104,156.9825445163097,362.0909925266128
27758792,2.597196,-4.229063,2.835300103691101,88.70297178805365,375.0559702451516
27758794,5.816214,-9.246462,-0.017995896308898862,183.387469190028,361.0925201167728
27734712,-0.527561,0.706247,0.011544103691101038,421.8142479958124,129.4916012972048
27750506,-0.116768,-12.28094,6.609737103691101,37.22793230888371,260.0096279594211
27758802,7.941324,-13.184997,0.8404851036911011,161.12423805207794,368.2654063612637
27758826,2.64311,-3.675076,2.749680103691101,87.3146520623487,392.5968092652137
27758854,2.759501,-3.455837,2.7180971036911012,86.79108338500279,406.5571459574379
27716764,-0.546627,-4.10542,-0.06730189630889893,201.16259336491245,224.0259159715847
27724397,0.837946,-7.45752,5.093346103691101,27.71334237307579,288.6724825054697
27707399,-0.067918,-7.645666,4.455102103691101,53.46016099802924,258.3621222467182
27750534,0.33934,-12.716469,6.381151103691101,46.62210261849012,267.2634049230714
27750543,0.460773,-7.691818,2.755605103691101,109.0880824791536,265.4847518618743
27734763,-0.440515,0.729253,-0.01902589630889895,432.3340540461626,141.58078590077966
27750549,0.426949,-6.631186,2.746955103691101,104.97570739662044,266.6579762557176
27750554,0.465196,-6.080938,1.781812103691101,135.3698412708582,264.4211988619822
27750575,0.968984,-14.470638,6.482826103691101,57.00277681767983,275.296419635648
27750576,0.671433,-6.985061,1.175499103691101,152.9352041373727,265.7178864744436
27750580,1.379234,-14.625975,1.567066103691101,141.3485935145397,268.6494267130857
27717634,-0.375675,-5.789476,0.15611210369110107,182.21842326854448,234.830874954088
27717635,-0.247537,-4.598405,-0.01742789630889896,195.98178792180877,235.55684332265096
27724461,4.681262,-18.223789,5.651157103691101,89.62992701636,314.0655903034793
27750595,4.208069,-36.125492,1.689456103691101,140.41035260851055,274.3902313973939
27750603,1.59241,-13.563179,5.6241381036911005,69.4841322720329,284.8647581374122
27722388,-1.000584,-3.051558,-0.04894089630889886,211.29664859092736,200.2345312611076
27734865,2.966836,-10.591975,3.4870071036911012,103.63796609235138,313.4772303517699
27755287,2.379713,-4.31557,2.843086103691101,88.69118179262094,362.6973336982081
27755298,4.01943,-7.758864,3.596222103691101,88.86775315581713,367.2446683189144
27755303,17.092497,-32.601795,1.192398103691101,150.5563340930483,361.1264264452778
27755304,15.497375,-29.249554,0.7518911036911011,154.31299299572552,360.5970551036512
27750635,0.69881,-5.23347,4.612285103691101,5.081630703566447,295.46550795051246
27755310,7.813802,-13.584595,0.7313611036911011,162.00285850529758,362.4345761948107
27750662,0.908771,-4.717304,4.359376103691101,6.166749247172362,307.7476576697358
27721474,-0.765973,-0.93349,-0.009396896308898839,262.3118675950796,180.67299307888845
27721479,-1.044922,-11.326427,2.205377103691101,127.03810854586423,233.77840563760995
27750717,2.84188,-9.425299,3.5354481036911007,97.88130456357332,318.6705097828132
27750753,4.081256,-11.067015,3.568198103691101,104.63283349739751,333.109839344905
27742681,-0.959116,-5.317507,1.5104821036911011,140.99234716555162,219.4795397881586
27742695,-1.069313,-6.876487,1.3926291036911012,143.62312804080818,222.35725940265493
27736921,-1.586097,-4.429505,0.25756810369110106,184.26045206867136,192.4543314331516
27750831,5.233819,-9.622765,0.3429111036911011,173.84877339319883,348.0276499130698
27726904,-2.265054,-14.35923,4.694503103691101,87.68224824235634,222.9204277692621
27726904,-2.265054,-14.35923,4.694503103691101,87.68224824235634,222.9204277692621
27723134,-0.975932,-3.018229,-0.03418589630889901,211.3144882812417,200.91386782127037
27723134,-0.975932,-3.018229,-0.03418589630889901,211.3144882812417,200.91386782127037
27750908,7.174632,-10.227161,4.306755103691101,86.74262716530802,416.4523186739871
27721560,-1.332856,-2.195797,-0.02880589630889885,223.03506856745247,174.32250700687248
27721560,-1.332856,-2.195797,-0.02880589630889885,223.03506856745247,174.32250700687248
27737124,0.300435,-4.929002,2.439813103691101,107.7303158577976,264.97373328515914
27760707,-3.326513,-1.964074,0.2934381036911011,201.00222017987304,70.83769519075713
27760744,-0.53689,0.691786,1.732818103691101,80.69997845084245,35.05328396937404
27760745,-5.090239,-4.797517,1.1251771036911011,144.2189124650309,89.1138536210756
27760746,-3.850277,-3.02093,0.2342961036911011,188.52171383454453,88.41713337578739
27760751,-1.020611,0.091181,1.692928103691101,114.5872619409392,69.38541710394867
27742901,-0.552745,0.72032,-0.004073896308898872,425.2755242779742,124.61721638338456
27760778,-5.742862,-5.662122,-0.5027678963088988,186.31928699374672,99.66674067993152
27760787,-2.117337,-1.41562,1.330108103691101,151.28528254955057,96.97554443346864
27760800,-1.332273,-0.487592,1.7420361036911012,113.4526763332962,93.10721601126735
27729867,-0.253923,-8.110493,4.776182103691101,47.40757923242552,254.165707373959
27760816,-10.088136,-13.387606,2.146411103691101,120.728967883933,112.93636755297103
27760824,-1.101067,-0.21996,1.584757103691101,135.49207303169212,99.5771461302702
27760827,-0.725667,0.305818,1.684367103691101,115.52666375437671,88.91010910499816
27760848,-10.816991,-15.913301,3.616498103691101,102.56332457571648,121.67844007064276
27760852,-3.973135,-4.877952,1.7384521036911011,125.3841570070884,120.51655012488156
27760858,-11.318455,-17.258104,4.804838103691101,88.7933704848497,123.66784859359574
27760860,-0.977532,-0.162098,1.714439103691101,115.69623731691748,106.5938869184292
27760873,-4.960027,-7.119905,4.137173103691101,53.77136503568127,122.91378370047428
27760874,-4.710382,-6.617875,3.6022301036911015,67.67028353255881,123.2056151978116
27760884,-3.346351,-4.128493,1.730596103691101,125.55982841336736,125.28469280641424
27760893,-0.900686,-0.151557,1.906043103691101,81.44941503246471,111.24745510373468
27729903,-0.980349,-11.683388,2.480807103691101,122.32091526418829,235.74063788663227
27760956,-22.251593,-39.249733,-6.7570658963089,172.60039411646676,144.8029429513009
27760960,-2.006912,-2.084523,0.2670201036911011,207.5878171805761,138.39864319022703
27760965,-3.356084,-5.047157,1.240696103691101,144.4082061866239,144.2062899751784
27760966,-6.748778,-11.035568,-1.344815896308899,179.2358703895925,145.1618172440625
27760971,-9.541284,-16.460636,-3.0077618963088995,182.88756761225133,147.46285819921178
27760972,-2.325341,-2.75676,-0.02496889630889898,208.46042416563225,142.22298757115345
27760975,-3.176656,-4.522767,-0.08897389630889885,189.4464691359482,145.51627992482298
27760981,-2.339256,-2.907063,0.06998410369110108,202.61701237046665,144.4680920261996
27742967,0.920445,-7.47681,5.650874103691101,4.993598765842819,294.8353724791564
27760986,-2.160897,-2.583735,-0.07471089630889893,213.82326194540929,145.41446919965313
27760997,-2.476072,-3.455976,0.08597410369110103,195.26264793975915,149.89933918926272
27761001,-6.522955,-12.55742,0.8539571036911011,143.9702895713542,155.92207037896742
27761007,-5.651619,-11.031114,0.7564121036911011,147.33260551866906,158.3920201635653
27761008,-8.940497,-17.710896,-1.9883758963088989,170.95193586886143,158.11941865820577
27761009,-2.893431,-4.68452,0.29515410369110107,177.44344043422942,155.18322184894686
27761014,-3.670948,-6.849915,1.1545641036911012,144.91051897742597,159.31369809720042
27761015,-2.776989,-4.518909,0.165468103691101,182.86659018603964,156.65232479312533
27761016,-1.430101,-1.467682,0.39741310369110106,216.39944551251773,151.0631629566732
27761017,-0.557896,0.705184,0.041212103691101065,418.2231672309113,124.2259002019623
27761022,-4.436505,-8.017316,-1.8189408963088989,203.1023460466681,158.95383172374457
27761026,-1.849259,-2.644913,0.6378551036911011,183.43653858576636,157.40441402932044
27761027,-2.074772,-2.956777,-0.15775189630889885,211.9405786707602,156.64005670885808
27761028,-2.390885,-3.833476,0.04170610369110106,193.52178616460387,159.21554275000815
27761038,-1.617076,-2.407358,0.679184103691101,185.0297035878061,163.10899318593968
27761050,-0.507662,0.619949,-0.002879896308898955,405.7861189587352,140.2175506209568
27761050,-0.507662,0.619949,-0.002879896308898955,405.7861189587352,140.2175506209568
27761059,-3.951302,-8.968328,-0.21263789630889884,170.5362161811359,173.05509129485532
27761067,-3.729688,-8.706904,-0.350947896308899,174.31275765831515,175.36968231771874
27761070,-5.919739,-15.00995,-1.3068258963088988,170.86597425759643,177.32928167215255
27761084,-1.383431,-2.586674,0.7716771036911011,179.7696302630593,177.373895305443
27761094,-0.756681,-0.842479,1.232601103691101,174.06422027506034,176.0524966693556
27761101,-0.379324,0.620686,-0.01941589630889884,411.1561641244215,159.08447454727204
27761101,-0.379324,0.620686,-0.01941589630889884,411.1561641244215,159.08447454727204
27761115,-1.137583,-2.354409,0.14395010369110106,213.47785044964883,185.89515040237467
27715118,6.737663,-19.31496,4.888439103691101,104.263696027722,332.1897606546212
27761135,-1.037401,-2.442351,0.16689210369110108,211.5086365470244,191.79419107338865
27761147,-2.480333,-10.145209,0.3601841036911011,159.68828493325162,204.63697267341692
27761153,-1.036978,-3.564413,0.9221031036911012,167.31401555107587,204.48934456016127
27761159,-0.944717,-3.039567,0.082220103691101,206.62460282799572,202.4935041200447
27761159,-0.944717,-3.039567,0.082220103691101,206.62460282799572,202.4935041200447
27761169,-1.165049,-5.070719,0.7262381036911011,166.88876298449827,210.61283909321085
27761170,-0.933497,-3.397333,-0.1316618963088989,209.9753062583372,205.83725098464652
27761170,-0.933497,-3.397333,-0.1316618963088989,209.9753062583372,205.83725098464652
27761172,-1.933207,-11.226043,2.7049061036911013,116.18503948478543,219.15296855344096
27761172,-1.933207,-11.226043,2.7049061036911013,116.18503948478543,219.15296855344096
27761175,-1.424467,-7.358016,1.192772103691101,147.80353286242882,215.27800266788307
27761176,-1.624589,-10.135753,3.216081103691101,102.92110627800746,222.5238756714456
27761176,-1.624589,-10.135753,3.216081103691101,102.92110627800746,222.5238756714456
27761177,-1.214548,-6.06672,0.9820801036911011,155.93552593975164,214.72954472550592
27761180,-1.006667,-8.171281,5.799328103691101,10.812376913865222,237.0534941020327
27761180,-1.006667,-8.171281,5.799328103691101,10.812376913865222,237.0534941020327
27761182,-1.488476,-8.237617,1.027728103691101,150.66520291780762,216.88703748617695
27761183,-1.505693,-9.567802,2.636919103691101,114.7095395783387,222.58688469068736
27761183,-1.505693,-9.567802,2.636919103691101,114.7095395783387,222.58688469068736
27761186,-0.92031,-7.537522,5.145031103691101,25.665290208811346,236.49993558008785
27761187,-1.321517,-8.877523,3.1552801036911013,100.13458523517046,225.35823030537009
27761188,-1.26924,-8.258362,2.825034103691101,106.56872046851583,224.2813895768057
27761189,-1.424696,-9.154415,2.423598103691101,118.88855960133014,222.8130694441158
27761190,-1.54456,-9.640437,1.744737103691101,134.4045173738936,220.87978655157272
27761190,-1.54456,-9.640437,1.744737103691101,134.4045173738936,220.87978655157272
27761191,-1.590023,-9.638469,1.1167831036911011,147.26629584902673,219.2870841717296
27761193,-0.921833,-4.300328,0.261145103691101,187.2737656529276,213.1051148167344
27761193,-0.921833,-4.300328,0.261145103691101,187.2737656529276,213.1051148167344
27761196,-0.821222,-4.068392,1.1758091036911011,155.6048901570942,216.9057431190992
27761200,-1.116458,-7.454248,2.538137103691101,112.07172638019554,225.05334750955504
27761200,-1.116458,-7.454248,2.538137103691101,112.07172638019554,225.05334750955504
27761202,-1.193966,-8.656421,2.906899103691101,105.91632132700931,227.1827359882049
27761202,-1.193966,-8.656421,2.906899103691101,105.91632132700931,227.1827359882049
27761203,-1.644049,-11.365962,1.393805103691101,141.20572980843986,222.8746555798809
27761204,-0.801397,-4.102964,0.8139841036911011,169.4861769022042,217.092718504891
27761205,-1.279429,-9.337269,2.382809103691101,120.38338059789568,226.16655461194705
27761205,-1.279429,-9.337269,2.382809103691101,120.38338059789568,226.16655461194705
27761206,-1.515932,-11.170859,2.107684103691101,128.17900345794175,225.4286912116133
27761206,-1.515932,-11.170859,2.107684103691101,128.17900345794175,225.4286912116133
27761207,-1.157644,-7.594222,1.3147901036911012,145.03764671040318,222.4348318713646
27761207,-1.157644,-7.594222,1.3147901036911012,145.03764671040318,222.4348318713646
27761209,-0.758013,-3.862219,-0.017141896308898952,201.2292630266317,215.61247771666143
27761210,-0.800653,-4.17205,-0.2651218963088988,205.8984679572768,215.4915162439682
27761222,-0.606451,-8.499942,5.566329103691101,24.690294014979827,247.4950927309754
27761222,-0.606451,-8.499942,5.566329103691101,24.690294014979827,247.4950927309754
27761226,-1.014611,-8.605382,0.9461061036911012,152.8276339384201,227.59761991971823
27761230,-0.852625,-7.422067,1.310025103691101,145.85377305656095,229.03202010818612
27761232,-0.525304,-4.337838,1.9653551036911012,123.59003754889127,231.5033420474042
27761234,-1.548908,-20.370647,4.0949481036911015,110.36017850338156,237.73919150288324
27761234,-1.548908,-20.370647,4.0949481036911015,110.36017850338156,237.73919150288324
27761235,-1.408554,-16.67174,2.358438103691101,128.28304958754546,234.67945480614924
27761235,-1.408554,-16.67174,2.358438103691101,128.28304958754546,234.67945480614924
27761236,-0.120455,0.604745,1.916938103691101,2.207669861771052,210.8705383816785
27761236,-0.120455,0.604745,1.916938103691101,2.207669861771052,210.8705383816785
27761237,-0.29479,-6.044567,4.852939103691101,11.223697215412956,254.40074041070716
27761238,-0.432962,-8.810955,5.577539103691101,28.714930660818226,252.0522022633033
27761238,-0.432962,-8.810955,5.577539103691101,28.714930660818226,252.0522022633033
27761239,-1.445076,-19.412874,3.4749741036911015,116.5965921833386,237.5639014349868
27761239,-1.445076,-19.412874,3.4749741036911015,116.5965921833386,237.5639014349868
27761240,-0.874441,-8.862312,0.8825051036911011,154.0697696620688,230.83535654609548
27761241,-0.650258,-6.234731,0.950950103691101,157.7331114341804,230.39085883898457
27761241,-0.650258,-6.234731,0.950950103691101,157.7331114341804,230.39085883898457
27761243,-0.590013,-4.867725,-0.14362989630889889,196.39066863909315,225.46178419748267
27761244,-1.104156,-16.99011,3.694668103691101,110.72976645523202,240.1428760564188
27761244,-1.104156,-16.99011,3.694668103691101,110.72976645523202,240.1428760564188
27761245,-1.25204,-18.157595,2.802123103691101,123.76000031576648,238.0971437098584
27761245,-1.25204,-18.157595,2.802123103691101,123.76000031576648,238.0971437098584
27761248,-0.811594,-11.567995,1.669494103691101,137.32743786824523,237.08005129935
27761249,-0.725617,-9.341599,1.0592061036911011,150.03113378287418,234.8394808782708
27761250,-0.109112,0.555325,1.9285001036911011,8.736324020040513,219.27569500757093
27761250,-0.109112,0.555325,1.9285001036911011,8.736324020040513,219.27569500757093
27761252,-0.52463,-6.162962,0.9244941036911011,158.95259818449554,233.5257104226332
27761252,-0.52463,-6.162962,0.9244941036911011,158.95259818449554,233.5257104226332
27761253,-0.566086,-6.693261,0.613360103691101,165.73183853070017,232.8533066010528
27761253,-0.566086,-6.693261,0.613360103691101,165.73183853070017,232.8533066010528
27761254,-0.453443,-4.448792,0.32448110369110106,185.5968723260228,229.4627851983448
27761254,-0.453443,-4.448792,0.32448110369110106,185.5968723260228,229.4627851983448
27761255,-0.498888,-5.107487,-0.15554789630889898,195.0817770092624,228.90875531212163
27761255,-0.498888,-5.107487,-0.15554789630889898,195.0817770092624,228.90875531212163
27761264,-0.101853,0.492818,1.945010103691101,14.61779480740688,225.6124819185549
27761264,-0.101853,0.492818,1.945010103691101,14.61779480740688,225.6124819185549
27761265,-0.390215,-5.124338,-0.10333689630889897,193.79256682246813,232.2441528636162
27761266,-0.06786,-10.318929,5.765137103691101,40.71136090239597,260.299212299947
27761266,-0.06786,-10.318929,5.765137103691101,40.71136090239597,260.299212299947
27761267,-0.352235,-5.63291,0.9999501036911012,158.55395302036726,237.50186622944068
27761267,-0.352235,-5.63291,0.9999501036911012,158.55395302036726,237.50186622944068
27761270,-0.354586,-7.487034,1.398914103691101,144.47361997350563,241.1016666078235
27761272,-0.328376,-7.471035,1.2222411036911012,149.0343309012846,241.25270269414847
27761274,0.089978,-8.080347,5.3647281036911005,26.30722576721945,265.9705024687904
27761275,-0.256374,-5.297095,1.108875103691101,156.23990855989229,240.1611957412003
27761275,-0.256374,-5.297095,1.108875103691101,156.23990855989229,240.1611957412003
27761281,0.050456,-6.03637,4.122841103691101,45.6759246572619,262.89883622948025
27679743,-0.290887,-4.478737,-0.02201989630889889,197.03757559281917,233.86776199548763
27761285,0.348103,-7.589669,5.796533103691101,0.7782466688730096,277.195090622086
27761286,0.061345,-5.945847,3.474513103691101,72.30240874963948,260.0934807344907
27761286,0.061345,-5.945847,3.474513103691101,72.30240874963948,260.0934807344907
27761288,-0.095657,-6.017241,1.6356701036911012,138.7827853651504,247.45118572932853
27761288,-0.095657,-6.017241,1.6356701036911012,138.7827853651504,247.45118572932853
27761291,-0.006266,-15.346236,0.517015103691101,153.9546674289094,248.4913160827257
27761292,-0.069429,-6.825912,0.756564103691101,162.7289134031904,245.72799338805896
27761293,-0.077667,-7.120473,0.38259010369110114,171.09278146636382,244.6496681370153
27761293,-0.077667,-7.120473,0.38259010369110114,171.09278146636382,244.6496681370153
27761294,-0.090839,-5.437477,0.016528103691101137,189.0225486053004,241.7646666260418
27761294,-0.090839,-5.437477,0.016528103691101137,189.0225486053004,241.7646666260418
27761295,-0.090649,-5.360888,-0.16361289630889897,194.56857669129616,241.1221700807128
27761295,-0.090649,-5.360888,-0.16361289630889897,194.56857669129616,241.1221700807128
27761302,1.243137,-19.428465,11.0750271036911,6.642115240597718,282.1127631688681
27761302,1.243137,-19.428465,11.0750271036911,6.642115240597718,282.1127631688681
27761303,0.231437,-6.013694,3.9439891036911012,53.45421425184358,268.2310371231454
27761305,0.116112,-11.964406,1.483986103691101,141.71678599897194,251.8474802378585
27761307,0.124468,-10.335896,-0.09367789630889889,171.293418377332,248.65601947634008
27761307,0.124468,-10.335896,-0.09367789630889889,171.293418377332,248.65601947634008
27761308,0.04469,-5.202174,0.15633510369110115,187.01576568108544,245.9421180718359
27761308,0.04469,-5.202174,0.15633510369110115,187.01576568108544,245.9421180718359
27761310,0.825204,-10.51364,6.821896103691101,12.15885822294598,284.0258392017553
27761312,0.671559,-11.566976,5.5447741036911005,57.904721805435656,272.8393407216168
27761312,0.671559,-11.566976,5.5447741036911005,57.904721805435656,272.8393407216168
27761313,1.008978,-35.447544,-0.8310988963088988,154.34275245105988,254.24071717982963
27761314,0.584249,-17.440125,1.420271103691101,142.0749165381098,256.60154699906565
27761315,0.612429,-8.237274,5.049771103691101,40.20682463670207,278.43839604157245
27761315,0.612429,-8.237274,5.049771103691101,40.20682463670207,278.43839604157245
27761317,2.016609,-49.023731,2.2823831036911013,136.57651032722708,259.2512565107987
27761320,1.878252,-20.523237,11.2309491036911,12.566307655092231,288.3614113588226
27761320,1.878252,-20.523237,11.2309491036911,12.566307655092231,288.3614113588226
27761321,0.729902,-9.472833,5.354551103691101,44.599066623854696,278.7153341640281
27761325,0.830161,-11.242818,5.276346103691101,62.24848251754918,275.7370549562519
27761325,0.830161,-11.242818,5.276346103691101,62.24848251754918,275.7370549562519
27761326,0.201425,-5.673817,0.3971901036911011,177.67186539513574,251.46270063828857
27761326,0.201425,-5.673817,0.3971901036911011,177.67186539513574,251.46270063828857
27761331,2.445498,-45.098244,-1.1135788963088988,153.0507517769002,259.6814992669991
27761332,0.503886,-10.219303,0.1110181036911011,168.57567342432606,255.6866527853644
27761333,0.213411,-4.812864,0.44927210369110104,181.13257778946456,252.20638446563345
27761333,0.213411,-4.812864,0.44927210369110104,181.13257778946456,252.20638446563345
27761334,0.242757,-5.357656,0.15069910369110118,186.71086076083017,251.78024581050263
27761334,0.242757,-5.357656,0.15069910369110118,186.71086076083017,251.78024581050263
27761335,-0.064494,0.617458,1.658890103691101,129.25794085477605,226.0065819748252
27761336,0.818877,-14.111683,1.1442701036911012,147.0755582505102,260.6073597713687
27761336,0.818877,-14.111683,1.1442701036911012,147.0755582505102,260.6073597713687
27761337,0.573233,-10.387087,0.653806103691101,158.50230625047135,258.15878883258546
27761338,1.889923,-33.265697,-1.943919896308899,162.59428226198074,258.7537905523064
27761339,0.254787,-5.061018,0.11056810369110104,189.9926047344757,252.04520339927447
27761339,0.254787,-5.061018,0.11056810369110104,189.9926047344757,252.04520339927447
27761341,0.759108,-10.468308,3.077722103691101,109.8630976911715,268.42473791372913
27761342,-0.063257,0.622477,1.643650103691101,135.32763488297422,225.8262268621533
27761343,42.364246,-652.874146,-8.265887896308898,143.39783215866527,263.6026761317643
27761344,0.74637,-10.794005,1.869564103691101,135.4342137795936,264.1116397973181
27761344,0.74637,-10.794005,1.869564103691101,135.4342137795936,264.1116397973181
27761345,0.671529,-10.6044,0.10866510369110105,167.95312889279217,258.35844861079454
27761347,0.77704,-9.759531,2.767358103691101,115.15781608057893,268.97322397608133
27761347,0.77704,-9.759531,2.767358103691101,115.15781608057893,268.97322397608133
27761348,0.76699,-10.585291,1.629362103691101,140.13126858951057,264.04929343520865
27761349,0.755526,-9.197822,2.4582001036911008,121.24495521341416,268.4651651277887
27761350,1.60301,-21.535412,0.0002441036911011718,156.09250781056215,262.9145788046745
27761350,1.60301,-21.535412,0.0002441036911011718,156.09250781056215,262.9145788046745
27761351,0.397535,-5.59671,0.3271921036911011,180.619837908734,256.8213332378928
27761351,0.397535,-5.59671,0.3271921036911011,180.619837908734,256.8213332378928
27761353,1.155635,-10.077639,5.350449103691101,51.04846036424706,286.4660230030754
27761354,0.680602,-8.09674,2.035004103691101,130.0721178689152,267.2660060099956
27761355,2.983793,-38.164104,-2.2915418963088987,162.1024721566405,263.141336751483
27761355,2.983793,-38.164104,-2.2915418963088987,162.1024721566405,263.141336751483
27761356,0.367602,-4.771373,0.07939710369110098,193.54199828323016,255.5584547317208
27761357,0.361493,-4.652107,-0.016355896308899,197.48871713660063,255.03054897209407
27761357,0.361493,-4.652107,-0.016355896308899,197.48871713660063,255.03054897209407
27761360,2.141078,-19.63879,7.177981103691101,70.67103966270545,283.42838435536225
27724122,-0.688511,-3.858521,-0.07445789630889887,203.4760541382745,217.9178763061747
27761363,0.403041,-4.502272,-0.09832389630889882,201.55869224129023,256.126189032423
27761363,0.403041,-4.502272,-0.09832389630889882,201.55869224129023,256.126189032423
27761367,2.117381,-16.97224,6.232968103691101,74.69512969004052,286.1621054086642
27761368,1.315048,-13.074741,0.42961610369110104,159.18286093306295,266.92618212450736
27761371,2.061756,-14.444327,7.111274103691101,44.58053658822317,295.1574663356255
27732311,-1.476951,-4.214823,0.31872110369110107,184.13593650322585,194.06385410151705
27761378,1.566959,-13.215047,0.4764281036911011,158.60220744485605,270.4863025121167
27761381,2.954771,-20.603287,6.782203103691101,79.87925859651833,289.96331719302145
27724136,-0.400439,0.585992,-0.020246896308898865,403.8830381833464,158.32503641330717
27724136,-0.400439,0.585992,-0.020246896308898865,403.8830381833464,158.32503641330717
27761394,1.097795,-7.341028,0.250017103691101,175.93708339583958,271.6178991746916
27761396,3.545298,-20.768988,6.362971103691101,86.21028444390834,295.1545231837396
27761400,1.45014,-8.949397,0.07781210369110103,174.43545750766782,274.8261198194177
27761406,5.03167,-27.257111,7.2953911036911006,91.0152396571372,298.0200449783658
27724142,-0.595095,-3.875802,-0.0352398963088989,202.31375839744064,221.37301122656496
27761417,10.490461,-58.471687,-2.8392178963088988,158.5770460120607,284.74260648861843
27761421,9.27338,-47.528561,9.175491103691101,103.33912092782889,298.8675778465275
27732360,-0.612655,0.659649,-0.027608896308898956,412.2726623841478,122.03726321176968
27730103,0.341438,-4.396507,-0.0710998963088989,201.5273835669255,254.30095755816012
27761451,4.161291,-15.017888,5.002125103691101,89.59754090453586,317.93547270495736
27761452,2.322251,-8.105443,3.3010271036911014,97.60503510011024,314.3180526130388
27727252,1.822348,-4.576051,2.709746103691101,96.60738589489108,330.80284089433053
27761478,4.259543,-13.336866,1.259420103691101,149.76787020486807,312.2625181763549
27761482,4.535201,-13.773785,-0.061131896308898925,169.10583772673417,309.63823353100304
27761495,12.561855,-34.33403,12.967301103691101,56.73219273083123,351.45442578543737
27727279,-0.761447,-4.296606,1.433108103691101,145.05684317489408,220.96469930918596
27761510,1.591168,-3.396377,2.4916711036911012,96.98696954757985,338.3463707904089
27761531,29.371317,-70.894196,1.269161103691101,146.91842255698958,339.22850581216795
27761542,1.145067,-1.561063,2.161813103691101,96.83822711009236,355.63653215415366
27761545,12.66683,-27.69606,-0.09031689630889894,159.98004433439218,342.34185322410576
27761557,0.639263,-0.312448,1.925227103691101,96.98092089121396,357.2560997037905
27761559,2.2415,-3.710618,0.953684103691101,177.4733530936237,340.66746664603767
27761564,1.245266,-1.510281,2.2299381036911012,89.13969740037251,369.6696345263862
27761569,0.410735,0.226408,1.822554103691101,97.17789188002122,356.5282901368781
27761570,0.016339,1.000975,1.610957103691101,170.77091416984842,257.8569469393733
27761580,2.497885,-3.679388,2.728001103691101,88.30400965310588,384.1032474825795
27761581,0.341736,0.39517,1.7907391036911011,97.21741620752712,356.94481350894705
27727315,-0.406435,0.563565,-0.023843896308898938,399.8380931689196,158.96095445008962
27761597,0.317996,0.469384,1.777468103691101,97.0846620420431,359.56422727804954
27761599,0.868139,-0.533211,1.928906103691101,104.29217609965052,375.1940154853783
27727321,-0.386309,0.587337,-0.02500789630889888,404.9211855642951,160.3055699368636
27761606,1.681467,-1.925919,2.345917103691101,87.76352877238969,391.1332792551887
27757210,-2.535995,-0.539113,0.552454103691101,222.75783395192752,23.39498357663979
27727341,-0.082201,-5.146283,-0.07391189630889894,193.7076544693456,241.3753517869826
27757327,-1.118349,-0.033563,1.7068651036911011,113.32336441473004,71.65561159068739
27757329,-2.235514,-1.505771,2.026750103691101,93.4494969895751,82.65421300994592
27757332,-0.709347,0.45014,1.819852103691101,67.13254719345838,52.94861229869886
27757340,-0.430879,0.808457,1.727419103691101,69.7517008088706,23.16243604194301
27757341,-0.428853,0.811355,1.7244001036911012,71.29907191787296,23.046687803884907
27757346,-0.534687,0.660163,1.806313103691101,47.85869569764952,38.8840756853175
27757376,-2.354702,-1.931156,1.292159103691101,150.71259533631783,106.74439569244932
27757380,-3.540961,-3.329489,0.15361310369110104,189.9297396063869,108.93505753399432
27757395,-3.72745,-3.811646,0.180005103691101,184.3064842654744,113.99594883795376
27757404,-3.00388,-2.700376,0.03151310369110116,203.84414339448057,113.22321233329392
27757412,-1.430163,-0.856455,1.759941103691101,115.19951112294969,110.9212987842906
27757413,-0.689917,0.327608,1.6233901036911011,130.95639587927622,95.5572222268444
27761683,-0.562964,0.699293,0.010957103691101144,419.15425501004825,124.74196694039108
27763977,-6.091619,-4.149559,2.633474103691101,79.5245426530224,21.7358421070235
27764142,-1.184972,-0.172241,1.831005103691101,93.85560461558536,75.32993139114333
27764157,-2.831546,-2.050593,0.5986721036911011,187.08219570097367,94.35755648711336
27764158,-0.366327,1.03985,0.8899861036911011,447.10401348549857,67.69706059049673
27764162,-1.09996,0.12708,0.781218103691101,252.6968251621782,87.88584086649604
27764169,-2.943138,-2.278071,0.5503301036911011,186.31526396465105,98.08259977817528
27764182,-0.355718,1.025164,0.8927161036911011,439.3279711914258,76.00395021583697
27764192,-3.014134,-2.48638,0.3026841036911011,195.03713998095063,104.27522293834733
27764208,-1.889915,-1.279277,1.468402103691101,142.06231820177567,103.36823179871756
27764218,-0.339556,1.011257,0.9122241036911011,429.8645888440508,84.16731563487045
27764222,-2.764549,-2.784082,2.175312103691101,97.13960184939424,108.71267263399572
27764232,-8.664535,-11.480131,1.6065551036911012,129.1433381996568,115.7001072886152
27764234,-2.36541,-1.879242,0.6005601036911011,191.72190020879705,111.296639719407
27764236,-6.072614,-8.034402,2.864095103691101,98.05427115065154,116.04952022449062
27764237,-3.911435,-3.990279,-0.478676896308899,203.4840819615559,115.7482664042028
27764240,-1.429461,-0.796039,1.7699101036911011,113.36209466202529,106.75104630587865
27764257,-4.0727,-5.057229,1.9280491036911012,118.68942560286918,120.1272285070457
27764261,-4.488724,-5.717949,1.722127103691101,126.41855055404332,121.57599346917152
27764268,-4.334774,-6.120671,3.7756551036911015,56.24035567348923,124.0423411755734
27764269,-4.377962,-5.983508,3.087421103691101,80.99153329210637,123.37154970605066
27764273,-4.503131,-6.208385,2.949843103691101,87.45807375083126,124.48644145825529
27764275,-4.156142,-5.882915,3.519512103691101,63.80425283532105,126.03545306585272
27764276,-4.794718,-6.330692,1.4282541036911012,135.32656952174312,125.01448190839156
27764282,-3.383498,-4.699584,3.560497103691101,46.45191617138451,126.91304209725038
27764289,-3.668969,-5.072336,3.081716103691101,73.64107081358526,127.51217216715804
27764290,-3.774714,-4.857704,1.721530103691101,126.42352200432347,126.32845292180126
27764296,-4.399065,-5.820687,0.9233831036911011,150.87697061407732,128.83992330283323
27764314,-2.638566,-2.79702,0.043015103691101064,203.76758361294972,130.23562995839924
27764324,-4.327266,-6.091274,0.8505351036911011,152.64698665707192,134.93727253456936
27764338,-2.205779,-2.281412,0.08772010369110106,211.5394126876212,135.39329230912892
27764339,-0.505635,0.614277,-0.014935896308899022,405.6890651571473,141.16139963515235
27764348,-2.26977,-2.618152,0.6816881036911011,179.73893220917176,137.79601049524848
27764351,-1.353586,-1.07247,1.392422103691101,152.69072587929742,134.25162062301806
27764353,-1.688719,-1.472406,0.035660103691101064,234.22308380399704,138.53518627762986
27764355,-2.135287,-2.385812,0.3782151036911011,197.14830040387136,139.64706259414214
27764359,-1.892017,-2.125321,1.2199961036911011,156.61032558573788,139.57067698838833
27764367,-2.220579,-2.725547,0.6775961036911011,179.1847948281775,142.5977424285845
27764368,-2.313629,-2.878179,0.520644103691101,184.39118291448688,142.88370621760257
27764369,-3.065868,-4.137116,-0.7863898963088991,213.99544542345257,144.97905408536982
27764372,-2.209524,-2.686031,0.08124410369110113,205.67700891273483,144.9420714327211
27764378,-11.353539,-21.981834,0.4554561036911011,142.45562315601967,152.92972167898216
27764380,-1.861197,-2.16237,0.1905671036911012,210.70155788984843,147.82102182697164
27764387,-1.40573,-1.321405,0.45733310369110103,216.49452062261545,147.7013864489753
27764391,-0.391893,0.591555,0.0031561036911009754,403.3814528443986,158.93697651532392
27764392,-0.976057,-0.497161,0.6989561036911011,228.7939551192221,146.14951151947383
27764395,-3.795639,-6.852545,1.171030103691101,144.23626898447856,156.4058063835653
27764396,-3.549084,-6.275392,1.0702051036911011,147.9535521154792,156.02849048031726
27764410,-0.91063,-0.476428,0.926256103691101,210.01163125079475,149.12312372807207
27764413,-2.454308,-4.192227,1.3151821036911011,144.89805623563802,159.41087116125212
27764414,-0.698209,-0.048587,1.230373103691101,193.71703257499647,144.69379397970337
27764416,-0.780465,-0.259166,1.2490431036911012,183.724556313926,147.85299776206477
27764433,-1.999336,-3.35337,0.43932710369110106,184.72590981217093,164.7280646348079
27764438,-2.950921,-5.943188,0.35233610369110113,169.74033938461798,168.5704263636113
27764445,-1.513686,-2.320127,-0.077662896308899,221.7914194244532,168.293731107906
27764447,-1.515065,-2.370271,-0.192902896308899,225.7119063760149,169.40541688757216
27764449,-2.317357,-4.66857,0.45097110369110105,174.2921516698485,172.00898154557643
27764477,-2.059002,-4.847933,0.15839010369110107,183.1033348132385,181.9764494175664
27764499,-1.929032,-5.563835,0.49159510369110104,169.90991399472318,191.8732398013576
27764506,-1.223418,-3.162389,0.6002661036911011,182.94886463662945,192.64037303141825
27764513,-0.993662,-2.50805,0.7413661036911011,183.90239146990035,194.844338064376
27764518,-1.320971,-7.153856,4.845737103691101,31.16396736167289,222.9397214249004
27739441,-1.529277,-6.604834,4.810244103691101,23.413098437804138,213.89799056566235
27757418,-3.177767,-3.640349,1.5475971036911012,133.07829580721813,121.0191623417644
27743256,10.622145,-17.897903,10.7752661036911,0.474846132653056,428.76874925517217
27743257,11.052111,-18.665533,10.8130951036911,7.071418232307167,426.37540113966
27707738,10.497694,-18.59844,11.041369103691101,1.7762500886269663,420.174176181653
27757423,-1.194137,-0.572198,1.9279061036911012,90.27307730635148,111.25411942928514
27730288,2.382154,-12.301104,2.228883103691101,131.4391025577177,290.06382991248984
27730289,1.136258,-14.307531,7.852345103691101,26.984412640167506,282.6203896817945
27730289,1.136258,-14.307531,7.852345103691101,26.984412640167506,282.6203896817945
27739447,-1.221569,-2.304241,-0.001043896308899006,220.3551198288846,181.3226996904384
27739447,-1.221569,-2.304241,-0.001043896308899006,220.3551198288846,181.3226996904384
27757431,-12.067552,-17.914875,-0.2408208963088989,150.07709619717363,127.98990921381686
27757433,-1.573127,-1.180011,1.593413103691101,133.07470060537617,119.98319340985157
27757439,-7.822046,-11.262411,0.09712510369110117,155.2210314702125,129.27162179783437
27757441,-0.386907,0.750825,1.7476671036911011,67.73106314987479,68.47052228704803
27739457,-1.354289,-6.26085,4.133265103691101,46.955691507805824,216.48758172311983
27739457,-1.354289,-6.26085,4.133265103691101,46.955691507805824,216.48758172311983
27757450,-0.402789,0.717267,1.7691191036911011,60.4452372108488,72.45249776544767
27757451,-5.062012,-6.998371,0.8305291036911011,150.34838032298558,130.41641896986533
27743271,5.839116,-8.72845,0.1949191036911011,181.29678600648336,368.9661650740429
27730304,2.694392,-10.249762,-0.0367918963088989,174.64522569614658,293.9409625499385
27757456,-3.704242,-4.897481,1.444988103691101,136.57869175824075,130.47339111561445
27757459,-3.678586,-4.858464,1.220359103691101,144.45189070840112,131.4844463318974
27707742,10.647669,-18.246973,10.8793651036911,1.739770528124609,425.5848821347224
27757468,-2.856144,-3.007951,-0.18590489630889895,208.8647675647322,128.08470126889006
27757473,-2.699742,-3.325683,1.1816931036911011,151.1686621099036,134.136171190023
27701464,3.791853,-19.302952,10.9072921036911,9.16418542496055,316.12325562499063
27746219,10.536424,-18.554201,7.170109103691101,71.12058530949685,396.2411718647001
27757480,-2.606981,-3.04126,0.5405991036911011,180.8690625606498,134.57553582930362
27732642,3.080193,-10.743719,2.3134361036911013,129.62694490388415,309.0347301219473
27757487,-4.059673,-5.681469,0.15263210369110114,173.49248541071697,137.95141959578058
27730318,5.570236,-19.469475,0.10116210369110101,160.11047621027632,304.59485203645755
27746225,9.239629,-15.261745,6.563612103691101,65.28608202431514,406.1863650412379
27739491,-1.030283,-2.882128,0.059799103691100974,209.3098218768468,197.3450272783663
27739491,-1.030283,-2.882128,0.059799103691100974,209.3098218768468,197.3450272783663
27743295,12.360849,-18.348492,10.297298103691102,14.832287048715898,447.0928559786452
27732659,2.712476,-9.408976,0.2279261036911011,172.2863297973876,298.75133465172644
27732660,2.72078,-9.528482,0.07727910369110114,174.8268501124945,297.73445388906305
27730332,7.413713,-24.97543,3.288437103691101,128.4149116625149,315.26029078829606
27730333,3.052976,-17.556601,10.4875601036911,1.6710434184646772,311.32505890245216
27730333,3.052976,-17.556601,10.4875601036911,1.6710434184646772,311.32505890245216
27748373,-1.092941,-3.267761,0.8190421036911011,173.3068072849837,199.28715122383537
27730348,6.553079,-19.478695,0.8470801036911011,152.95154176434832,316.8410656495373
27743310,7.905339,-10.86816,-0.35798789630889893,186.78752579965035,382.0593590229842
27757584,-5.340409,-10.957393,-0.943089896308899,175.38912983197096,164.28115459520205
27730365,6.184279,-20.642235,7.119453103691101,77.17368108276617,327.5949998381664
27757597,-2.838476,-5.453497,0.22534110369110105,175.62334239286403,166.4594312140931
27732683,9.839214,-19.926991,11.134258103691101,11.456962871172124,397.1069452095264
27753980,-1.78679,-1.543376,1.938932103691101,103.837553893831,117.78506343363784
27753981,-10.516277,-15.012885,-1.7951028963088989,171.73739189227513,127.85926615749548
27732685,3.806993,-10.590948,-0.0722848963088989,176.04938745953112,312.1481152282006
27757614,-3.141363,-6.851017,0.17813810369110117,170.3851726654349,172.73630149642014
27757615,-2.312335,-4.602888,0.4417611036911011,174.9591012627409,171.39314050013098
27743329,13.100025,-18.381084,4.7832231036911015,108.66932932090756,418.6315635068727
27730374,4.419802,-10.69594,0.157654103691101,172.70441261269747,323.5731548608244
27757620,-2.820624,-6.821824,5.144113103691101,12.170317053508626,175.7287434030338
27757620,-2.820624,-6.821824,5.144113103691101,12.170317053508626,175.7287434030338
27753987,-4.762738,-6.324143,0.549697103691101,159.27616656245397,128.81010839873392
27732687,11.033821,-21.465084,12.260570103691101,4.094398804866785,405.9667369099426
27757629,-2.037486,-4.178267,0.3952651036911011,179.93794628244865,175.0634527805301
27754012,-3.547112,-4.565204,0.3465361036911011,174.5718069027757,133.75542793251122
27743334,11.178152,-15.298832,5.584053103691101,85.6707339700551,430.825392284181
27757639,-2.491843,-5.588598,-0.2662338963088988,189.07112221220652,177.47309520813033
27757639,-2.491843,-5.588598,-0.2662338963088988,189.07112221220652,177.47309520813033
27743338,11.611135,-15.790697,6.9803421036911,61.60254947270403,442.9293337856072
27757645,-2.272463,-5.140822,0.08808910369110112,182.74380274811617,178.79783522271197
27757645,-2.272463,-5.140822,0.08808910369110112,182.74380274811617,178.79783522271197
27730383,5.620544,-13.10125,-0.170343896308899,173.52993144825822,328.049765969521
27754024,-2.525751,-3.165836,1.1984921036911012,151.42110932247277,137.37441091770944
27754030,-1.806077,-1.151968,-0.04035389630889896,246.87355957902537,121.1131891770927
27754031,-3.107907,-4.118457,0.3090461036911011,179.79211758283327,139.57234664670443
27757657,-1.95893,-4.592835,0.34285110369110106,179.26709882918362,182.29745060178183
27714384,10.461905,-18.962259,10.243220103691101,20.35461996022749,410.1051783504448
27754033,-3.863749,-5.626172,0.19058610369110118,173.19097861149905,142.00779575138066
27754035,-1.791823,-1.254606,0.026230103691101014,240.1350423619521,125.25666533655628
27714385,12.495399,-17.60747,4.153685103691101,116.06680327975802,414.2423474973458
27743343,9.785082,-12.952406,4.147563103691101,104.2571908176013,426.59617797706176
27743344,11.337875,-15.269791,3.2790241036911008,125.65577289227204,416.44655605844
27743345,10.985397,-14.758266,2.817834103691101,132.37991205153202,413.503324565456
27719345,13.160219,-19.233858,-0.20670789630889885,170.63280383679813,386.2653684933736
27746251,9.857102,-13.025655,0.512386103691101,169.13435583991946,398.5394205266965
27732695,10.960135,-20.675838,11.8893261036911,4.175971100761615,410.2966739254815
27754046,-1.706475,-1.300074,0.05512510369110113,237.87115319983357,131.66435512407332
27757673,-2.199811,-5.81056,-0.054994896308898866,182.99770989406213,186.74417735630044
27757673,-2.199811,-5.81056,-0.054994896308898866,182.99770989406213,186.74417735630044
27727426,3.099524,-21.424751,0.36027910369110105,153.8579664843103,277.3034928589412
27757681,-0.593977,0.623358,-0.02699489630889884,405.6875958231835,128.00972759129328
27757681,-0.593977,0.623358,-0.02699489630889884,405.6875958231835,128.00972759129328
27750225,-1.282004,-2.179926,0.08321410369110116,218.5761489070553,176.27387670288192
27746259,10.15278,-13.139418,5.408878103691101,78.64506900293352,442.5935083450567
27754063,-1.656667,-1.413111,0.06069210369110101,234.74375992700223,138.29214472554645
27754064,-1.6823,-1.394592,-0.03243689630889901,239.96517699659768,136.8950320397617
27746261,8.378532,-10.104594,0.3525481036911011,177.6782232757651,406.2484419674011
27757690,-0.562368,0.708035,-0.05561489630889893,426.1311346478224,125.53770293828688
27743353,6.46409,-7.975298,0.24370410369110118,185.0371280100865,394.2200299956255
27754074,-2.834049,-4.889826,1.195575103691101,147.41854451763157,157.69885408335284
27743356,11.704709,-15.322792,5.637168103691101,85.1950860879283,439.7849265023154
27730406,6.154627,-13.210464,-0.30745289630889894,175.96975539606714,334.8064606300942
27707773,11.685436,-17.455147,9.860102103691101,15.662482662787824,444.8944176192848
27754080,-1.650521,-1.511848,-0.042744896308898994,237.45428946909072,142.3603313296734
27719363,10.82941,-15.651791,4.579881103691101,104.31638762721164,413.33207027378177
27732715,11.89027,-20.284285,11.9292731036911,0.2333124096648191,428.00147089194274
27754094,-1.607351,-1.576272,-0.03560389630889893,235.68129850740772,146.53129300115074
27671621,5.862102,-10.274187,0.006736103691101114,179.09821601018072,352.3609972727036
27750244,-1.59082,-4.322845,0.2972401036911011,183.6998306013484,191.32073096077843
27750244,-1.59082,-4.322845,0.2972401036911011,183.6998306013484,191.32073096077843
27730427,7.437697,-19.827948,8.592358103691101,52.84808599087916,352.54287467658173
27730428,3.565329,-7.463086,3.081880103691101,103.19813935252618,353.224679017716
27719372,11.447354,-15.726995,5.6711471036911005,85.93172105721314,430.3673217212056
27754111,-1.48655,-1.528555,0.047337103691101,233.55953959777045,151.39623657134763
27754117,-2.763215,-5.305349,0.269523103691101,175.2907970708283,166.76568494828635
27757738,-0.438118,0.567597,0.019120103691101065,396.31055108098286,153.7387499362465
27757738,-0.438118,0.567597,0.019120103691101065,396.31055108098286,153.7387499362465
27685685,-2.898309,-9.02197,2.7171341036911008,109.55732433401656,192.315836557628
27754126,-2.399595,-4.488403,0.1310371036911011,185.32163824568187,167.78422933996185
27754132,-1.462013,-1.717399,0.01922910369110098,230.3930734940336,157.7483080701993
27757747,-0.417375,0.618765,0.0007241036911009857,408.0486354268296,153.40128576132813
27757747,-0.417375,0.618765,0.0007241036911009857,408.0486354268296,153.40128576132813
27757750,-3.302943,-20.121037,3.938509103691101,110.72075746948832,219.6216227696487
27757750,-3.302943,-20.121037,3.938509103691101,110.72075746948832,219.6216227696487
27757751,-4.849633,-29.684795,2.782811103691101,127.85841801883014,218.2917567815493
27757751,-4.849633,-29.684795,2.782811103691101,127.85841801883014,218.2917567815493
27754142,-2.246961,-4.656278,0.5797561036911011,170.38618572869947,173.86137009340837
27743376,6.830172,-7.906199,0.21558210369110098,186.8607791323668,404.0595651968525
27754149,-1.445995,-1.939369,-0.03464289630889894,227.96591947527764,163.83597604150404
27757756,-3.098141,-18.742783,2.028029103691101,131.96284917959275,218.4036889933429
27750260,-1.492901,-4.934635,0.8264701036911011,163.27342868390343,199.7566528093998
27750260,-1.492901,-4.934635,0.8264701036911011,163.27342868390343,199.7566528093998
27743382,7.651095,-8.952634,-0.10418489630889893,190.1068630915855,403.3824062231656
27754163,-2.074001,-4.539943,0.04157910369110107,188.75746985686703,178.43660682103683
27754163,-2.074001,-4.539943,0.04157910369110107,188.75746985686703,178.43660682103683
27750264,-1.520746,-5.335083,0.877138103691101,160.24040210510952,201.8547900181373
27750264,-1.520746,-5.335083,0.877138103691101,160.24040210510952,201.8547900181373
27743395,12.31551,-14.273815,0.8952931036911012,164.1107261461982,426.1662110371507
27730464,6.059248,-10.49798,-0.18326089630889886,182.0294191419808,352.91767848270223
27750268,-1.26307,-4.06893,0.18294910369110107,190.6233925217742,199.91221811660847
27748419,-1.069833,-7.270507,5.645054103691101,0.2543980606068601,232.83969832905984
27748419,-1.069833,-7.270507,5.645054103691101,0.2543980606068601,232.83969832905984
27757808,-1.085699,-8.033926,2.006897103691101,127.79368255987336,226.46678590665027
27757808,-1.085699,-8.033926,2.006897103691101,127.79368255987336,226.46678590665027
27754225,-1.520985,-5.432662,0.8698111036911012,160.17306106125395,202.5072647190372
27754225,-1.520985,-5.432662,0.8698111036911012,160.17306106125395,202.5072647190372
27757816,-0.916316,-6.864505,0.8672251036911011,157.94805585522278,225.18228329364916
27757816,-0.916316,-6.864505,0.8672251036911011,157.94805585522278,225.18228329364916
27757820,-1.457568,-14.532187,2.394197103691101,126.23559359682328,231.90004775957576
27757820,-1.457568,-14.532187,2.394197103691101,126.23559359682328,231.90004775957576
27757825,-1.526324,-16.571079,3.307270103691101,115.1778689818446,234.2429250759353
27757825,-1.526324,-16.571079,3.307270103691101,115.1778689818446,234.2429250759353
27757826,-1.532015,-16.444996,2.9261921036911014,120.31437742743978,233.6240342942296
27757826,-1.532015,-16.444996,2.9261921036911014,120.31437742743978,233.6240342942296
27757839,-0.582368,-6.150819,2.4959801036911013,109.5659462109358,236.0699798262852
27757839,-0.582368,-6.150819,2.4959801036911013,109.5659462109358,236.0699798262852
27748424,-0.83255,-7.810696,5.638795103691101,10.897441839676816,240.9398812259093
27730483,6.789692,-11.036634,-0.3146598963088989,183.56214102570183,360.6170449485593
27757842,-1.130669,-13.027081,0.3428341036911011,157.56614848864285,232.0694368507434
27757842,-1.130669,-13.027081,0.3428341036911011,157.56614848864285,232.0694368507434
27732800,5.983079,-9.35108,0.12662110369110113,180.43686211635364,364.5169949135201
27730485,6.150455,-9.779974,0.07562210369110112,180.10063980964773,363.0823688463111
27757853,-1.128424,-19.305363,2.328268103691101,130.21436840290903,239.56996133740853
27757853,-1.128424,-19.305363,2.328268103691101,130.21436840290903,239.56996133740853
27732809,6.296112,-9.502825,0.08716610369110112,181.2048294433124,369.0430522558369
27757860,-0.472362,-10.038345,3.079904103691101,107.10252894572427,244.5910841984527
27757860,-0.472362,-10.038345,3.079904103691101,107.10252894572427,244.5910841984527
27730497,6.101448,-9.247263,0.09676410369110111,181.665746735889,367.8983580076127
27754267,-0.592835,0.655219,-0.023266896308898888,411.67261071656617,125.23243943239514
27732817,6.42757,-9.333632,0.08973110369110104,182.0790019616752,373.7011899770692
27748428,-0.778407,-9.214584,6.0845771036911005,17.005524812166556,245.0368629191242
27743420,8.43413,-8.447356,-0.08114989630889902,194.02424396086133,430.0045608641459
27757889,-0.04061,-2.25351,2.514021103691101,73.10744147321455,254.92917810510448
27757889,-0.04061,-2.25351,2.514021103691101,73.10744147321455,254.92917810510448
27754279,-0.999396,-5.399728,1.324484103691101,147.0755978712807,218.28442017597948
27754279,-0.999396,-5.399728,1.324484103691101,147.0755978712807,218.28442017597948
27743424,13.276056,-14.010062,0.184221103691101,176.40327362527484,439.1036505282967
27757905,0.879763,-30.161724,5.993377103691101,105.30289787657436,260.6715690133029
27757905,0.879763,-30.161724,5.993377103691101,105.30289787657436,260.6715690133029
27757910,2.279779,-46.158791,22.3056791036911,14.24628085551717,277.80884687733305
27757910,2.279779,-46.158791,22.3056791036911,14.24628085551717,277.80884687733305
27754308,-0.966903,-6.226792,1.099659103691101,152.79910316093913,222.21762947048688
27730515,9.282259,-18.43899,10.7478991036911,5.923921995719184,401.01571541509776
27727467,1.23437,-11.474623,6.7157281036911005,27.182028132035867,288.9668684581736
27727467,1.23437,-11.474623,6.7157281036911005,27.182028132035867,288.9668684581736
27727468,1.115402,-10.12499,6.138464103691101,28.310740321111496,289.0672461767901
27727468,1.115402,-10.12499,6.138464103691101,28.310740321111496,289.0672461767901
27757919,3.708198,-87.393707,4.677441103691101,131.5581285124905,260.30528583515843
27757919,3.708198,-87.393707,4.677441103691101,131.5581285124905,260.30528583515843
27739622,-0.379489,-4.468813,0.3197521036911011,185.84642609636637,231.95737193716724
27754322,-0.695258,-4.153094,0.559767103691101,178.81948839229395,220.5897232868897
27754338,-1.11083,-8.734235,6.172804103691101,6.3350637838707655,236.2385944391945
27748438,-0.379497,-8.697415,5.555683103691101,27.96420115465065,253.38218373761413
27732846,7.230412,-9.493317,-0.13231889630889881,187.25676495660704,386.69597428410594
27730531,9.56944,-17.815914,10.580905103691101,3.527877424977703,411.1923734235952
27757958,0.659482,-6.509521,4.855336103691101,21.28452511582532,286.6552739440951
27757958,0.659482,-6.509521,4.855336103691101,21.28452511582532,286.6552739440951
27727480,1.434537,-10.884089,6.309158103691101,32.17341081556401,293.8115560334241
27754375,-0.409695,0.587206,-0.012264896308898932,403.2220591904419,156.83490363461797
27754375,-0.409695,0.587206,-0.012264896308898932,403.2220591904419,156.83490363461797
27748443,-0.267622,-10.686487,6.1976691036911005,32.19575027695487,257.0177084805377
27754377,-0.574461,-8.815769,5.737534103691101,23.23514353586424,248.95915839669397
27754377,-0.574461,-8.815769,5.737534103691101,23.23514353586424,248.95915839669397
27732863,7.625736,-9.518539,-0.16357889630889888,188.50489015513557,394.3041033619076
27757981,1.441519,-11.520119,6.699808103691101,28.216076638728538,293.04438058885046
27754397,-0.383741,0.619639,0.002914103691101122,409.0937640808325,158.26012627937737
27754397,-0.383741,0.619639,0.002914103691101122,409.0937640808325,158.26012627937737
27754399,-0.365055,-7.876177,5.229192103691101,28.00858434402056,252.88380464198715
27754399,-0.365055,-7.876177,5.229192103691101,28.00858434402056,252.88380464198715
27739645,1.01067,-45.623554,8.110729103691101,105.3784829498978,259.2012642812263
27758000,1.237358,-7.440661,4.836489103691101,37.92825904445408,299.2571944534827
27758000,1.237358,-7.440661,4.836489103691101,37.92825904445408,299.2571944534827
27732875,12.183155,-15.191635,0.12524210369110111,173.04360309089225,408.9344390667692
27758008,2.722818,-16.905357,2.412654103691101,131.25581876073434,284.2645018978694
27730551,8.493441,-10.703009,-0.36458289630889884,188.5795282472444,394.768248341457
27758021,3.554067,-18.529442,2.561843103691101,130.75182016734436,291.0592907335908
27739651,-0.170583,-5.573195,0.19270110369110105,183.0072411266085,240.2223165597508
27739651,-0.170583,-5.573195,0.19270110369110105,183.0072411266085,240.2223165597508
27730556,8.200809,-10.011398,-0.07972489630889901,185.84904563722975,400.1828858369058
27754433,0.17806,-12.936014,0.661180103691101,154.46995825630376,251.0911963579319
27754433,0.17806,-12.936014,0.661180103691101,154.46995825630376,251.0911963579319
27727499,5.614244,-21.973576,0.08169410369110097,158.05063908541112,299.143149944888
27748451,0.025396,-10.64287,5.957330103691101,38.65993897746407,262.58138279983285
27754439,0.344631,-14.061511,1.4561951036911012,141.9871988517604,254.73955765119973
27754439,0.344631,-14.061511,1.4561951036911012,141.9871988517604,254.73955765119973
27758041,2.706434,-11.225256,0.04137010369110117,170.6671922529557,291.1298531993224
27754448,0.192155,-7.302833,4.971497103691101,29.65519655456012,268.8986991372205
27754448,0.192155,-7.302833,4.971497103691101,29.65519655456012,268.8986991372205
27758058,2.369092,-8.379066,0.266527103691101,174.24103968476766,296.5323904515077
27758061,3.37785,-12.11573,0.6641181036911011,159.56750836186228,301.2462167783302
27748455,0.360245,-11.90657,6.113938103691101,46.4326446616862,268.0661415058647
27758070,3.770153,-12.444433,1.223144103691101,150.4695621851381,308.35340160726884
27758076,2.700542,-8.189304,0.4081671036911011,172.48755867012434,305.4841260158856
27727511,6.325638,-22.313431,-0.09493189630889898,159.95834829397583,304.53482207123113
27754478,0.551812,-8.152708,4.926845103691101,43.409020314842365,276.461507392718
27754478,0.551812,-8.152708,4.926845103691101,43.409020314842365,276.461507392718
27758080,9.873654,-31.037594,7.508633103691101,97.40633584413622,328.4764534116583
27730573,8.037598,-9.294493,0.028404103691101135,186.5989628950776,407.9348535893416
27754480,0.500055,-6.421593,2.495373103691101,112.68578015645772,268.0879898951243
27758086,3.440169,-9.69077,0.07039510369110102,175.68975708794494,310.73757764971566
27748459,-0.411133,0.584701,-0.023687896308898893,403.5873384295505,156.92419920724586
27748459,-0.411133,0.584701,-0.023687896308898893,403.5873384295505,156.92419920724586
27758090,6.838466,-20.022484,0.2824021036911011,158.76529354981244,316.5307562475465
27730579,13.826031,-19.128481,5.200165103691101,104.6836664815582,423.3592718248068
27758094,4.984828,-13.638127,4.419100103691101,96.32418205664796,336.137006741493
27758095,3.682981,-9.972566,0.22497910369110108,172.33704211584984,314.5677529060001
27730584,13.62107,-20.17874,9.261297103691101,46.705863984383456,435.523389672388
27758102,4.88031,-12.976225,0.10271210369110118,168.785340450058,318.7089319399733
27730587,17.962914,-24.126053,4.7174631036911014,120.10364682051409,424.4478726271096
27727518,5.95642,-21.670492,2.401108103691101,135.2970221906802,308.36115409222214
27730589,7.792577,-8.514854,0.14514510369110112,187.41943468463757,416.13964593272647
27730590,8.307557,-9.132866,-0.1634678963088989,191.7313492163846,414.45119964918194
27758114,4.618476,-11.570474,3.7076651036911015,103.74974331258966,340.5520960535989
27754514,0.563087,-4.852957,0.3839591036911011,184.03607862013124,263.11860940414937
27754520,1.326015,-12.084436,7.002333103691101,26.08951509910588,289.7925542429664
27754520,1.326015,-12.084436,7.002333103691101,26.08951509910588,289.7925542429664
27754521,1.258153,-10.788447,6.203881103691101,34.018192592906985,289.8658196011336
27754521,1.258153,-10.788447,6.203881103691101,34.018192592906985,289.8658196011336
27734502,-2.178878,-5.732747,4.503738103691101,20.424450202174057,184.90617960426343
27734502,-2.178878,-5.732747,4.503738103691101,20.424450202174057,184.90617960426343
27730595,11.364546,-13.345789,0.8782651036911011,164.79809998394205,422.1795216077104
27754526,1.544174,-11.823739,6.425456103691101,38.59020589755161,292.7031806648816
27754526,1.544174,-11.823739,6.425456103691101,38.59020589755161,292.7031806648816
27748467,1.02079,-14.103903,6.3412811036911005,57.624379804418055,276.4251342123954
27739678,0.755981,-12.138993,4.944256103691101,75.49790500574642,271.3778547134807
27739678,0.755981,-12.138993,4.944256103691101,75.49790500574642,271.3778547134807
27754531,1.072966,-7.140093,4.101426103691101,61.9680376094332,291.26935782405803
27754535,1.73617,-11.977494,6.369723103691101,41.53591776830862,295.6606564459606
27754535,1.73617,-11.977494,6.369723103691101,41.53591776830862,295.6606564459606
27754539,3.379392,-20.961304,-0.005575896308898987,157.9843443155059,279.8597693484368
27754542,1.348825,-7.600981,0.2728781036911011,174.9107809280909,276.84983600296385
27739683,0.038914,-5.146427,0.12422810369110104,188.32577245706912,245.6211841633016
27739683,0.038914,-5.146427,0.12422810369110104,188.32577245706912,245.6211841633016
27754548,6.061649,-35.255238,3.3767111036911013,130.31518552855084,288.0411029766715
27758145,2.736449,-5.436028,0.8666831036911011,171.76855191613635,332.74618681293384
27727532,5.732425,-19.858744,2.975842103691101,128.12359217569417,312.7500472159226
27758147,3.553912,-7.245402,3.030878103691101,103.8151692601368,355.3824165178431
27758149,4.756032,-10.12235,0.19861110369110113,174.1945946605088,333.77915220130706
27748472,1.354528,-15.521357,6.589360103691101,61.24364135157768,279.47773242413297
27730612,8.126934,-8.24864,0.147230103691101,189.5023952908046,428.9957603950785
27754562,2.035251,-9.951387,4.3595501036911015,78.06299822641972,301.87821052067073
27758168,3.624121,-6.966979,0.5136321036911011,176.85908083551402,338.1436682017574
27754565,1.953053,-9.127254,0.251037103691101,171.33698469104553,284.96318238831685
27732921,5.892855,-9.958892,-0.1310898963088989,182.8152507328201,354.8891393778872
27758173,9.107503,-17.702305,10.4116071036911,5.850981719474532,403.8344432158436
27758175,7.396348,-14.824729,4.336566103691101,103.41711868819372,365.9854695201659
27758180,8.199293,-16.110565,5.434553103691101,88.96090803024006,373.8813734812399
27758182,4.436586,-8.24842,0.34298610369110105,177.23034397718476,343.75629537554994
27730625,8.692377,-8.666197,0.04110710369110104,190.796874825266,433.3719323347226
27758184,5.042859,-9.399057,-0.003111896308898965,181.0207579558389,343.89704162590533
27716593,-1.188061,-2.583119,0.038913103691101014,213.9647090253009,186.9166786779553
27716593,-1.188061,-2.583119,0.038913103691101014,213.9647090253009,186.9166786779553
27734530,-2.559141,-9.251625,5.594322103691101,32.36791707126622,201.7265181449908
27734530,-2.559141,-9.251625,5.594322103691101,32.36791707126622,201.7265181449908
27758186,9.563304,-17.716545,10.1966401036911,10.513340848732357,409.4917991725718
27754575,2.109229,-9.011769,0.1685681036911011,173.6250014394787,288.1324089856331
27758199,6.707025,-11.901672,4.252490103691101,95.26370347599148,381.8422965767995
27758201,10.227714,-18.414494,4.855116103691101,105.50862269147638,380.7738705116072
27758204,10.730287,-18.234261,10.5709591036911,7.921733150738106,424.7504316709154
27758213,11.361372,-19.366539,5.064560103691101,105.23709389175336,388.9743573104125
27758214,6.341693,-10.22302,-0.18513989630889882,183.57507644770547,360.6736641597505
27758217,6.376269,-10.124252,3.8972631036911007,95.98980043272394,395.1788951244489
27754600,4.386967,-16.203785,0.3496171036911011,159.728671239665,300.8802881439675
27754602,3.436015,-12.239103,2.425788103691101,129.08019205856831,308.65766420291925
27754607,3.041524,-10.295322,2.008442103691101,135.65044834091026,309.178267116448
27758230,6.705883,-10.275496,3.951461103691101,95.67555635466226,401.0257266363295
27758233,7.088595,-10.392399,4.007157103691101,95.24118840524892,408.541779001435
27732944,8.544715,-18.649551,10.6969371036911,8.643190947372346,387.40801149527806
27758238,7.281797,-10.394584,4.027846103691101,94.95816967476053,413.16769577887726
27732948,6.784012,-10.064922,-0.15815289630889895,184.4919608774504,370.939457005341
27701572,6.267356,-9.271448,0.07317710369110109,182.35328037647008,370.9284755244069
27754620,7.250811,-23.937765,7.707265103691101,80.07588750822475,328.25914892205185
27758243,10.664132,-15.612241,0.4820031036911011,165.67880239480726,385.9815641781813
27758248,6.283878,-8.454633,0.04195110369110111,186.6900108399683,381.1177735375341
27727551,8.462784,-27.273418,2.140310103691101,139.66459528392463,315.7464328270855
27758251,7.062369,-9.473512,0.03261010369110107,183.83368225503875,384.8137871651995
27754633,3.231671,-9.209549,0.137087103691101,175.63829047729348,309.58715895620355
27758255,5.357593,-6.905895,3.2961731036911015,95.89068248156292,421.76557180845737
27754637,10.936755,-32.858871,7.941726103691101,96.77233028822285,332.3447859283781
27754643,4.910976,-13.757319,1.350744103691101,148.8180672455175,320.4707309846096
27758258,5.15562,-6.39462,0.48366810369110114,184.52216224747093,388.4538792843207
27758266,5.974227,-7.531375,3.4477591036911015,95.41510078136346,428.41623684898445
27732963,10.749566,-17.934362,5.942482103691101,88.44605773179643,397.7006940201628
27732966,9.724584,-19.404837,11.185237103691101,6.12257143458163,400.7443198662044
27754658,7.012456,-18.762878,1.534578103691101,145.96433144172886,326.4880171373878
27754659,6.406377,-17.249769,10.387165103691101,1.4018232001576507,364.6988707127796
27758280,7.257621,-8.964966,3.7817491036911015,94.75067732672844,437.03015788239134
27758281,7.204283,-8.772845,0.08919110369110106,186.09788024045983,397.9296795576959
27754662,6.048523,-15.75422,0.26485710369110116,163.14751099290737,323.00874729514425
27758289,7.755109,-9.243119,-0.13588189630889902,189.51973885884763,401.0882297900466
27754665,5.171518,-13.256107,4.337298103691101,96.81970508316948,341.49618494498014
27754667,5.267825,-12.970046,4.2973551036911015,96.74257647171164,345.06694787449186
27754672,5.313052,-12.567517,4.2354901036911015,96.65502055747272,348.6890866168588
27758294,5.934716,-6.85515,3.1200401036911014,103.02303918129402,439.5845611170452
27758295,7.530277,-8.91795,3.8087661036911014,94.0837498817496,445.8580037229453
27748490,0.803512,-7.634283,5.530658103691101,12.964060376277075,289.4252176726159
27727557,7.862581,-23.089582,0.25900310369110113,157.21871686946525,317.26656262626256
27734566,-2.135463,-9.372344,3.3167031036911014,97.07011170187997,209.95337940263985
27734566,-2.135463,-9.372344,3.3167031036911014,97.07011170187997,209.95337940263985
27758306,7.183518,-8.015918,0.20650510369110098,187.29209769364903,410.80463479504544
27758307,8.240523,-9.34962,-0.15288589630889882,190.30698438671408,409.75149426071823
27754682,7.879627,-17.769554,10.2609561036911,9.27146618566968,382.701170268959
27754685,6.002157,-12.946642,4.350144103691101,96.31228770612258,358.62587770835523
27754686,4.163677,-8.596985,3.282134103691101,103.06636558881388,356.69606308565614
27754688,8.164197,-17.988932,10.096200103691102,14.564801123652783,384.0846339354725
27732972,10.148626,-19.810045,11.134251103691101,10.579251062031716,402.6305277066487
27754691,7.745867,-16.780897,9.119789103691101,23.784242043829806,382.80031576955855
27758317,6.987926,-7.46667,0.24709410369110119,188.92905736420656,416.3702474215309
27754694,8.263336,-17.785957,10.3347351036911,8.017230584023451,389.02742959882494
27758331,7.432141,-7.646427,0.22123610369110103,189.5737361641498,424.1363760904308
27732974,7.241785,-9.784833,-0.1564568963088988,186.4579743435528,383.1513101497043
27754702,6.175703,-12.408839,4.280866103691101,96.00686107569582,366.3578787724337
27758337,7.763003,-7.871238,0.04726010369110112,193.0472615443265,426.0876588858919
27701608,8.263039,-18.580368,10.6200671036911,9.464791167150508,383.34846807177024
27734577,-1.222695,-7.577068,4.594569103691101,46.5409617368868,226.70620936200888
27734577,-1.222695,-7.577068,4.594569103691101,46.5409617368868,226.70620936200888
27732977,10.616122,-16.837681,5.784594103691101,87.32141488849726,405.4246568026685
27750405,-0.94449,-6.999382,5.4260391036911,4.336013422096244,235.46867562463436
27727562,5.923112,-17.969707,2.698340103691101,130.74591949219447,320.6845038303559
27732981,9.678023,-17.759912,10.567115103691101,3.29441748880339,413.4990434362136
27754709,8.728404,-17.534615,9.543541103691101,21.834174618220487,393.7622566207047
27758363,8.250824,-7.616185,0.04681910369110098,195.83116349215115,443.9038263598569
27732983,7.568474,-9.792589,-0.176454896308899,187.4098590004212,389.47962346415375
27750408,-0.581309,0.682509,-0.019900896308898908,417.3684846144501,124.304944020907
27732985,10.513112,-18.979486,10.9015001036911,8.013554927735754,415.09610359075936
27732986,6.693799,-8.389933,0.16817710369110106,185.17346311464024,392.6484981772656
27732988,12.378096,-18.948164,6.277729103691101,87.54167626968305,412.4434278545899
27754715,7.634848,-14.76123,5.157629103691101,88.67203026314078,375.2105591223868
27754716,6.582805,-12.546933,4.339390103691101,95.68781747883406,373.000111477627
27754717,9.83989,-19.34819,5.004299103691101,104.939745865982,369.9543760909872
27701616,8.107641,-17.098915,9.2762321036911,23.377338997221894,386.529612450268
27754726,11.517401,-21.87775,5.460599103691101,104.72576072997514,375.2494497555078
27732993,10.201353,-17.753691,10.641806103691101,1.7720677843610986,422.665315612501
27739758,0.955176,-6.478491,0.18997810369110102,181.01642770732545,269.89899037828945
27701618,7.547202,-9.124163,0.045036103691101115,186.0664885714336,399.9697623744119
27754729,8.109416,-14.730823,5.202710103691101,88.11111091493945,383.5826974984272
27727571,7.340253,-23.752552,6.170471103691101,97.37372727277224,325.46232206743633
27754732,5.731414,-9.864852,-0.08907389630889884,182.1120016740795,352.8855464421567
27732995,7.556048,-9.198395,-0.1079748963088989,188.78636567556103,397.706468700153
27727575,6.885561,-18.390942,0.02762610369110119,163.31111520996487,321.79983224998523
27701626,8.788886,-18.449219,10.658491103691102,7.677644906654734,392.765057166892
27754743,13.031164,-23.383551,5.779058103691101,104.3901524947001,383.4379782144118
27754748,7.821055,-13.408925,4.948667103691101,87.6060582741652,390.8307897215717
27732997,7.309629,-8.682986,0.10876510369110104,186.3368492586093,401.85783180779
27750423,-0.936779,-8.361268,5.882181103691101,10.910064540490763,239.49799024806197
27727581,4.955059,-14.845148,4.591071103691101,96.90607407336098,329.1972226910572
27701640,7.984218,-8.959459,0.032797103691101004,187.97984455829965,412.0053068599604
27732999,10.663404,-17.623577,10.6659551036911,0.0425050309724497,432.1711997908666
27733000,14.452563,-20.246059,5.438776103691101,104.01773041547828,421.95271556007566
27750428,-0.564465,0.711078,-0.010824896308898824,423.3495443243568,123.88355962918546
27754762,10.168536,-17.104055,10.3576801036911,1.3017607216893907,428.2519235403439
27758489,-0.52758,0.714357,0.15001010369110102,412.32256377067256,125.45750894558128
27754764,19.945259,-34.661255,7.776909103691101,103.9966999770312,390.4477254992237
27758499,-1.275025,-8.208845,6.077183103691101,0.6784668047170328,230.4188674853264
27758499,-1.275025,-8.208845,6.077183103691101,0.6784668047170328,230.4188674853264
27758500,0.35646,-11.50875,1.774183103691101,136.88792598002595,256.5425465999882
27754768,7.148143,-11.379669,4.161932103691101,95.72995741000702,396.67338932033056
27758506,-1.248591,-9.393407,6.470171103691101,6.429219870332389,234.66665861375589
27758506,-1.248591,-9.393407,6.470171103691101,6.429219870332389,234.66665861375589
27758507,0.930688,-20.986757,0.880914103691101,147.29678113296228,258.163145051299
27758508,2.107075,-39.288929,-3.6238018963088994,167.93501080973974,257.44176610559754
27758513,0.345933,-3.581511,0.2820551036911011,197.8614399152468,256.95408474367935
27758514,0.362469,-3.63737,0.637536103691101,183.63480722863835,259.5652887503077
27758515,-0.460343,0.66624,0.06531810369110103,411.2060952366355,142.33118077518122
27748534,5.909071,-18.062485,0.7308521036911011,154.76089481217255,314.1115938186667
27748535,5.60956,-17.05616,0.46388210369110106,158.593740700063,313.25341016514847
27758520,0.421286,-3.795176,0.33775510369110107,193.85668703666397,259.86575417496573
27754775,9.522042,-15.267182,5.373410103691101,88.10341449938167,402.297440327882
27758523,0.668621,-6.738452,0.01010510369110107,183.455800326972,261.50879294048747
27733003,11.11875,-15.443284,5.5718881036911005,86.40624070805057,427.85185018654914
27758527,0.729401,-8.317343,0.9517991036911011,156.22664649890143,264.1087636360586
27733006,17.545277,-22.478289,0.6289941036911011,161.79299323439344,413.6221877476255
27733007,7.8108,-8.852857,0.06920410369110108,187.3889707470993,410.17634950611887
27733009,8.394148,-9.528506,-0.18952789630889888,190.4540285231746,409.9871960090556
27758541,-0.194075,-7.874634,5.079200103691101,33.68397710438839,257.1105248573429
27758541,-0.194075,-7.874634,5.079200103691101,33.68397710438839,257.1105248573429
27758543,-0.396204,0.615847,-0.03499589630889899,410.8651225910018,157.1191436329068
27758547,-0.406937,0.626624,-0.08815489630889894,416.6118058297287,155.45796474771015
27758550,0.039162,-8.641814,5.173883103691101,40.47209263924333,262.81070046099944
27758550,0.039162,-8.641814,5.173883103691101,40.47209263924333,262.81070046099944
27758551,1.008416,-6.500696,0.3543701036911011,176.81936822211043,271.9434098946104
27758552,-0.397667,0.678584,-0.02972689630889902,423.3063252775563,152.40713892081584
27727597,6.301604,-14.739044,-0.15200589630889882,170.59411284306967,329.43283193387765
27758556,0.25122,-8.924758,5.069675103691101,47.24328988345482,267.2568916257319
27758556,0.25122,-8.924758,5.069675103691101,47.24328988345482,267.2568916257319
27754789,6.161575,-8.773122,0.14433310369110108,182.812382673558,375.14582400065206
27758560,0.164978,-8.956068,5.612884103691101,29.832772405033808,267.2530144557487
27758560,0.164978,-8.956068,5.612884103691101,29.832772405033808,267.2530144557487
27758561,1.330295,-7.683826,0.26601110369110104,174.70964800576013,276.16733519700324
27758563,0.352915,-9.28949,5.518320103691101,37.17562521249087,270.815721471105
27758563,0.352915,-9.28949,5.518320103691101,37.17562521249087,270.815721471105
27701666,8.574731,-8.669117,0.04061310369110105,190.536892178383,430.5628977859994
27758564,0.563318,-8.420293,4.578733103691101,58.071537430646856,274.27050245678544
27758565,1.398939,-7.585142,0.14862510369110105,177.91020498900872,277.5195050382209
27758570,0.780894,-8.485157,4.4502881036911015,63.02029926261415,279.0577683927162
27758571,1.583883,-7.945825,0.3385251036911011,172.63866461199905,281.3844598439514
27701668,9.822931,-17.499365,10.490680103691101,2.36990388406727,418.4276480956581
27758579,1.079264,-9.239593,4.469763103691101,69.06916399330709,283.7832216928999
27750451,-0.3123,-6.347075,0.17625910369110098,178.9327208873729,237.53648400047865
27750451,-0.3123,-6.347075,0.17625910369110098,178.9327208873729,237.53648400047865
27758581,1.322124,-12.763005,6.2454971036911004,50.71923004648124,284.5497547442197
27758582,1.226298,-8.923056,4.221571103691101,74.06095648284997,287.3542576745305
27758583,2.069701,-9.107578,0.2671671036911012,171.28357916026616,287.4126161963593
27758584,1.919168,-8.283467,0.265172103691101,173.72501529024447,287.23327978422043
27733017,11.234239,-13.078211,0.657625103691101,168.64652266960496,421.6771983533828
27754801,11.17763,-16.064581,0.46292010369110104,165.77594548386858,389.0772641647784
27754802,10.992342,-15.827796,7.678984103691101,47.42110757886636,437.72486556985
27758590,1.147806,-17.702101,10.0652631036911,10.90814605547277,281.6220066093242
27758594,1.56209,-9.698355,4.211188103691101,79.93527336596188,291.81635429960795
27758596,1.705107,-9.840535,4.139446103691101,82.83597644393075,294.02299766471504
27754805,10.363215,-14.700252,7.806800103691101,35.63768501749564,444.5006323462184
27733018,7.483748,-7.998271,0.17770110369110115,188.7222023077456,418.2227420382576
27754806,10.682744,-15.198617,6.867468103691101,59.76358871791842,434.3253101193393
27701671,13.798059,-16.302889,0.784473103691101,164.13714403474802,424.2697715923196
27758599,33.476311,-522.21051,249.24926110369108,0.8335769969326634,284.0243952806552
27754809,6.282746,-8.156443,0.22134810369110114,184.2447681969209,386.894651209768
27754810,8.063854,-10.814018,-0.345044896308899,187.051333779274,385.6542042640023
27758604,2.457143,-15.633138,6.296006103691101,67.8580183150527,294.68022778084475
27758605,1.840354,-9.917978,4.050765103691101,85.71971097754681,296.20712549740847
27701673,8.770707,-8.605381,0.04714610369110117,191.1660741691384,436.437093520508
27733021,13.348283,-17.381727,6.139070103691101,85.26552533733636,442.600987413862
27754813,7.779498,-10.499669,4.056666103691101,95.29457298216656,423.1660786609624
27758609,2.653664,-21.222639,10.117446103691101,35.01513640251315,293.2897003232332
27754814,15.944611,-22.840376,5.8933851036911005,103.919606179477,419.1018109727566
27754815,30.842054,-44.919815,-0.709537896308899,162.2982436068933,395.714748073045
27733022,12.407125,-14.553868,0.8762951036911011,164.02814921253147,424.1231862601725
27733023,8.514678,-9.22756,-0.15924189630889884,191.59014520027188,417.4994674196031
27758614,3.666108,-20.599745,7.2524041036911004,73.87943362352462,299.1570970047161
27758615,3.208946,-16.919659,6.050126103691101,78.15308140410323,300.5549999797948
27758616,2.609143,-12.3947,4.284822103691101,92.37553942168644,301.38432080942835
27758617,1.596598,-4.933659,0.7584501036911011,174.54336263811368,299.1368842468107
27724319,1.977566,-20.61746,1.557914103691101,141.21545134747254,269.44392299570774
27724319,1.977566,-20.61746,1.557914103691101,141.21545134747254,269.44392299570774
27758622,4.59705,-21.438635,6.735633103691101,83.81568907178595,305.89719717123546
27754821,7.436955,-9.480657,-0.139795896308899,187.8564743781794,391.08246836157787
27733032,7.646047,-7.80986,0.19338810369110115,189.7924288439871,426.0691289712852
27754822,13.167725,-17.97521,7.6648371036911005,61.67772337344792,443.8858280007848
27758630,8.099274,-27.195112,0.856930103691101,149.9576596844932,310.51118491262
27754823,12.160367,-16.200859,1.518021103691101,152.61683759185556,407.2798084223872
27758634,3.695998,-10.580775,0.33396310369110105,168.72512939255955,312.0637410480528
27758635,3.223333,-8.979783,0.34325210369110104,172.24306278797454,311.7776682198035
27758636,2.324173,-6.04157,0.5934331036911011,175.85931614885072,311.72831307484324
27727621,10.272963,-28.644848,9.4937331036911,74.1679580124862,344.2302737848585
27701680,8.926296,-8.492458,0.06148410369110113,191.8216924135581,442.53071353793337
27739805,4.026149,-15.166718,0.3889171036911011,160.11810606078865,299.4702032433914
27754829,9.144162,-11.719523,1.016597103691101,162.42184604951973,405.1128407751935
27727625,6.718993,-16.936108,5.052847103691101,96.5463749310768,344.81638962750986
27754832,11.696592,-15.174077,0.4508961036911011,168.07440477808248,404.1978230713536
27739811,8.647245,-31.016968,2.776879103691101,134.94662724699333,310.282803428782
27754834,8.857715,-10.987371,1.054127103691101,162.74690826150658,409.6321707241467
27758653,6.220397,-16.981657,-0.7855448963088991,173.98477552525654,316.8637870695365
27754836,9.642085,-11.914753,0.40925110369110107,173.19499107202486,406.9020527338546
27754838,22.025873,-28.995972,7.219257103691101,102.63960741889184,437.8447843277367
27748558,3.535864,-7.63748,1.298410103691101,154.49203291443925,335.18034620508035
27739813,7.600296,-25.286158,8.9647051036911,69.40699646341733,330.47446842557446
27758661,2.813491,-6.678532,0.48375810369110106,177.01133157695733,319.19674401959094
27754843,10.995129,-13.451595,4.370581103691101,102.4763022474879,443.72095652482335
27733046,13.236654,-14.279714,0.13023110369110102,176.44045619204175,434.6678539046478
27758670,4.743433,-12.019064,0.5484031036911011,163.50167242613867,323.35350083987083
27750471,-0.162283,-5.684228,1.6142321036911012,139.3336572416153,245.20576893950093
27750471,-0.162283,-5.684228,1.6142321036911012,139.3336572416153,245.20576893950093
27754847,9.114552,-10.689824,0.8310561036911011,168.06931520751672,416.9462387206761
27758682,5.21386,-15.105386,4.671668103691101,96.490859336184,332.03939523222374
27758683,6.098961,-15.010367,0.32878610369110106,163.45802144159688,327.25255191097307
27750474,-0.516276,0.740133,-0.006073896308898874,431.2030436575443,128.41487823078407
27739819,2.710794,-9.094926,0.15412610369110102,174.73691965105058,299.79832139075125
27758688,4.01914,-8.90566,0.4877591036911011,170.96853864746396,329.8032137045144
27754852,7.977649,-9.030499,0.019729103691101146,187.88929047916255,410.6041674525554
27758689,3.85463,-8.438746,0.41702310369110107,173.71687098442123,329.47190940006124
27734673,-0.611987,0.65511,-0.021964896308898973,410.9510131914213,122.43023225490414
27734678,-0.02768,-9.938538,4.4652201036911014,73.1005844495833,257.4023223552743
27734678,-0.02768,-9.938538,4.4652201036911014,73.1005844495833,257.4023223552743
27758699,5.018177,-14.334749,5.877069103691101,70.97198756122077,339.47746311262915
27758700,4.373369,-9.647929,0.967074103691101,159.79980689801314,334.32724553064526
27754858,11.723267,-13.744789,0.8779951036911011,164.54352003251142,423.0887602081387
27750481,-0.454731,-9.33889,5.8293661036911,27.293291028575595,252.2253308008844
27701688,10.549659,-17.301456,10.509355103691101,0.1018846806841509,433.31981921229226
27733056,11.133998,-11.188877,-0.315179896308899,190.29578427631375,437.9658888842743
27758709,4.017607,-8.653611,1.5806041036911012,147.11182104676158,339.1460854164566
27758710,3.37575,-6.577592,0.45992910369110107,179.51914504004395,335.1668139054043
27754881,11.388343,-12.087405,0.3347251036911011,176.63377500747993,435.0461642859194
27754882,9.48103,-9.693129,-0.09835889630889882,190.05594836952088,431.1973024776925
27748577,10.615064,-18.194839,4.882871103691101,104.96686546436318,387.7295371293717
27758718,7.900192,-22.784906,9.4003131036911,54.93720659747561,345.3851129179176
27750487,-0.334064,-5.255903,4.597842103691101,5.870392693061916,251.9801696299529
27750487,-0.334064,-5.255903,4.597842103691101,5.870392693061916,251.9801696299529
27758721,5.970491,-14.752994,4.672950103691101,96.0465140675139,345.9081947814702
27758728,4.771328,-12.509045,5.970742103691101,57.595406044349374,349.67684109911033
27727647,9.125481,-22.140245,6.571598103691101,90.19682344854454,351.8986933214767
27750490,-0.060548,-5.61168,0.20969610369110114,182.604773090029,243.40782789041916
27758734,3.364239,-6.068067,0.611317103691101,177.97904478412806,341.99617158426497
27750494,-0.42275,0.576101,-0.01682589630889897,401.1199709459624,155.76916135664737
27750494,-0.42275,0.576101,-0.01682589630889897,401.1199709459624,155.76916135664737
27727648,8.651828,-20.606329,5.7800771036911005,96.43182337202376,351.5564605473372
27758737,6.819567,-20.074902,10.6338171036911,20.64182631703457,351.8571981619998
27754901,9.075006,-8.455588,0.02572210369110106,193.1303958198095,446.42667853112994
27748587,7.328451,-10.606756,-0.28178589630889883,185.5134702720652,374.7355826695715
27758743,6.793383,-14.31752,2.020457103691101,140.37949352511703,348.3174995330511
27758752,15.782124,-44.524254,20.070186103691103,27.91342556369949,356.97708404180486
27727651,5.559059,-10.359276,-0.13578389630889887,180.8363273173008,345.10089357668403
27739837,3.248279,-8.61888,3.197337103691101,104.21225409146562,332.7296907835541
27724348,3.283062,-23.703739,0.12796510369110115,154.67908449334612,276.063751534872
27724350,3.759666,-28.063477,1.439281103691101,142.5541334565424,277.44721071688883
27724351,3.04442,-21.912394,0.888906103691101,148.42616115131827,277.1239259262809
27724354,1.460347,-8.597672,0.09659310369110119,175.27560680871704,275.93384778749925
27758758,6.34089,-13.993659,4.552516103691101,96.18495479711788,356.883199785798
27758759,5.751743,-10.570091,0.05798310369110116,177.01048552650218,348.1107672606935
27713550,-1.993628,-7.751507,5.195972103691101,26.26395447589266,207.2249022403263
27750498,-0.465929,0.742858,-0.012972896308898862,434.1484472693129,136.2554969032808
27758766,16.095922,-32.343605,0.8972551036911011,152.16270736868415,354.4863608311075
27758775,17.651228,-33.582329,-1.3716888963088991,167.16953517605444,355.7962093387946
27758776,14.920062,-27.640015,-2.419579896308899,178.90697111596373,353.92882059306294
27750499,-0.173046,-5.567871,4.565398103691101,15.30477484261604,257.94369603400526
27750499,-0.173046,-5.567871,4.565398103691101,15.30477484261604,257.94369603400526
27758781,50.87603,-100.05497,0.16811010369110102,150.80542657105053,360.3012113422492
27758786,13.465901,-25.207964,1.8666401036911011,145.47009362299875,363.8953579733537
27758793,6.940861,-13.371009,4.513824103691101,95.4048936131146,372.4423851556884
27758801,8.025696,-18.330935,10.4986681036911,9.593089842420568,381.27762578640255
27758807,8.058901,-13.75773,2.098693103691101,140.63041003842034,372.5677404473272
27758810,7.826755,-14.595649,5.128035103691101,88.7682296450231,379.73980165131854
27758812,8.276454,-13.184276,0.3337131036911011,169.38750414500672,370.6303681393714
27758813,5.348659,-7.879905,0.2975911036911011,181.79048338822747,368.9803347567167
27758816,8.190029,-17.798897,10.3194831036911,8.428539954832047,387.6526270920601
27758830,8.922016,-13.048547,-0.49335089630889883,182.93610704227484,377.04122395207605
27758833,9.145585,-18.171162,10.623871103691101,5.917801899806705,400.8581475759979
27758834,9.61845,-16.360561,5.598997103691101,88.08158594810774,394.01657706149
27758835,13.453512,-21.317469,2.331879103691101,141.64932019489487,386.6539697096251
27758836,8.160287,-11.817861,0.45149910369110113,170.4928806263655,382.2350294042362
27727671,6.177203,-13.047005,4.388085103691101,96.064557410237,361.1025163636018
27758839,13.880422,-21.459751,1.4098821036911011,151.77054598724874,386.37038562565147
27758847,7.868172,-12.551048,4.427791103691101,95.12776298613858,397.97285278754345
27758849,9.183825,-17.414755,10.3442311036911,4.5060867671313645,407.81993251070696
27758855,15.211917,-22.156528,0.3783801036911011,162.65844417184886,391.3209217702256
27758856,5.464497,-6.852555,0.4071751036911011,184.6930241305909,388.33103026477306
27758858,9.234619,-16.909071,10.1408721036911,3.851292813714707,413.14643300253897
27758868,3.909124,-4.346873,0.7058211036911011,188.3794214174804,392.7100490917189
27758871,11.482862,-17.852638,6.037006103691101,87.20467893580107,409.3583662588336
27758872,13.53509,-18.811476,0.5113351036911011,163.6802588221367,396.9387966685049
27724380,1.206664,-17.3193,9.6413251036911,15.867347985371197,282.10185147982327
27750519,0.013898,-7.270001,5.042479103691101,26.1320963061732,263.8820428660685
27758875,8.276168,-12.074353,4.377078103691101,94.82435898781318,411.9891167660248
27758879,9.936179,-16.906427,10.249802103691101,1.5807909811038314,426.0261829946835
27758883,24.620649,-34.037174,0.6416091036911011,157.65135670388017,405.0583818349705
27748627,12.614712,-12.859318,0.4791231036911011,173.97681333955225,446.53346393830543
27758887,67.172035,-92.891647,-2.727900896308899,162.13422027181653,406.82102053946073
27739870,8.479239,-19.422546,10.9765281036911,9.915507512263844,381.25648716015456
27758890,8.830897,-10.780957,0.5405691036911011,172.77320486409894,407.5398012109376
27750523,-0.392178,0.63677,-0.01648689630889888,413.7526121097446,156.06336132828983
27750523,-0.392178,0.63677,-0.01648689630889888,413.7526121097446,156.06336132828983
27758893,14.292782,-20.440466,6.765614103691101,86.12345262635355,425.85869569311205
27758896,8.652922,-11.574142,4.324974103691101,94.39359918020956,427.0055369776298
27758898,9.24159,-10.681575,-0.22712289630889892,187.59454071830783,410.2920231556882
27758902,10.231247,-14.648528,7.8230821036911005,34.753574699708594,442.97700870070855
27758903,7.603987,-9.743656,4.276034103691101,85.3293313566679,435.8295104092096
27758905,14.650334,-17.845251,0.7611011036911011,163.1355037488198,419.995955804163
27758906,6.464294,-6.827827,0.251717103691101,191.42386709824905,414.867304544268
27750528,0.473339,-13.640975,5.199901103691101,77.50495957196807,265.1359560441318
27750528,0.473339,-13.640975,5.199901103691101,77.50495957196807,265.1359560441318
27750530,-0.388899,0.680445,-0.006565896308898811,422.2470307276433,153.29601028094112
27750530,-0.388899,0.680445,-0.006565896308898811,422.2470307276433,153.29601028094112
27724398,1.63624,-12.051697,5.5861401036911005,61.10651616102339,290.1647294146587
27724398,1.63624,-12.051697,5.5861401036911005,61.10651616102339,290.1647294146587
27758909,8.796767,-12.126378,6.548818103691101,42.71550962950755,444.04228143650846
27758919,9.056919,-11.135699,4.289373103691101,93.81947877999896,443.1642178088525
27727701,8.340546,-16.022385,5.4335691036911005,88.78580906358113,376.75718081165616
27758920,3.541147,-2.972773,0.961263103691101,190.20372931850665,425.71264966513365
27758937,10.639897,-11.266187,0.4245421036911011,176.39745009326177,434.2763288325149
27727706,8.311466,-17.994781,9.624222103691102,23.80961678467989,383.44811704871046
27724404,1.978476,-15.61982,7.913174103691101,36.7330172547216,292.7915122395218
27724404,1.978476,-15.61982,7.913174103691101,36.7330172547216,292.7915122395218
27739878,8.875883,-19.447739,10.2757071036911,22.9531052956838,382.80138881663663
27724405,1.105728,-8.959862,5.897327103691101,20.73070981534792,293.04458384857395
27758947,5.982657,-5.402489,0.563315103691101,191.53691109920192,439.0130374413144
27758954,6.740615,-6.058333,0.42539310369110106,192.9128711991604,443.76852674036405
27724406,2.22173,-13.953279,5.742672103691101,69.63892100245386,294.5134038751229
27724409,1.559649,-10.792521,5.895542103691101,42.87077552992102,294.97389607367626
27724409,1.559649,-10.792521,5.895542103691101,42.87077552992102,294.97389607367626
27709658,-1.991243,-9.589428,3.8554821036911013,84.7412069475194,214.27137687147868
27727729,12.047317,-20.610849,5.360132103691101,104.09571054382006,389.3812534320026
27724413,1.802192,-11.537783,6.008865103691101,46.86944224686286,297.2624069840498
27739891,10.084576,-21.15077,11.954343103691102,6.727077121199642,394.2566293891055
27724416,4.506127,-18.006224,0.2803261036911011,158.68749974960804,297.3313559298658
27724421,1.45159,-7.9784,4.6305821036911015,52.56821825044389,300.51773559283134
27716819,3.608932,-15.990357,0.34180110369110106,159.2735463351542,291.8711052101486
27750569,0.488002,-8.527798,5.151374103691101,40.207401870524336,274.6473718872202
27704495,2.883505,-10.520456,-0.04359589630889893,174.27419195281016,296.2724695472748
27727740,11.729896,-17.194309,-0.07155189630889902,171.09279075820945,384.5699010974981
27726782,-2.140756,-7.853261,5.3198031036911,23.09373567168828,203.9224033835226
27726782,-2.140756,-7.853261,5.3198031036911,23.09373567168828,203.9224033835226
27726783,-2.295265,-8.022324,5.111697103691101,32.9562639151263,200.7288884707581
27739899,8.628949,-17.31609,9.4541141036911,21.779401894179017,393.8169266691124
27739902,5.911479,-12.287503,-0.1657458963088989,175.92319873981083,337.2851400977781
27718526,5.243203,-20.299372,11.2241681036911,11.744944276829557,332.1957556184053
27750584,0.495276,-6.638001,4.412961103691101,42.665860540599056,277.6153980882564
27724452,7.024988,-25.513931,3.233720103691101,128.91226173195372,310.430054327552
27739907,9.80027,-19.101698,11.090269103691101,5.291624788131287,404.3055454508983
27750589,1.476732,-17.13973,7.019264103691101,62.066159053345245,279.23867029253626
27750591,1.83417,-26.704441,14.7528531036911,2.008199417961663,284.2929367469888
27718533,6.839967,-16.371357,6.378486103691101,72.67580595294439,356.5269724341736
27727757,11.677242,-18.168406,4.988951103691101,104.17209311759778,402.740440810681
27724462,1.883556,-6.176749,2.765718103691101,104.7684623837456,314.0640449629413
27718535,8.216383,-15.940524,5.404012103691101,88.91964591182966,375.4034806873793
27716870,7.726864,-16.321058,6.653790103691101,68.1036000136796,371.8417791981775
27727759,9.714352,-17.430195,10.4329191036911,2.888757529461316,417.039821473464
27739916,4.869906,-9.241229,0.18156510369110102,177.67137729816687,342.92429081172304
27750596,3.052772,-25.79055,0.5765861036911011,149.65369506547728,272.9271665278048
27750597,1.978548,-16.339296,0.8543271036911011,150.8430249788998,272.6444735475102
27724473,9.739952,-31.588791,2.241229103691101,139.48096004744053,315.7592749849292
27716887,9.593729,-18.748512,10.1109791036911,20.895410900744366,398.5423421631472
27739926,10.158022,-18.536417,10.905672103691101,3.8542240325586192,414.6161624191839
27739931,8.813018,-15.774322,8.902757103691101,19.91425562708909,410.3405824600352
27718551,11.033871,-18.743654,10.3235561036911,17.262744461901548,421.6531174088195
27718552,10.998867,-16.059887,5.664901103691101,86.92909634230261,419.0246989626723
27727777,7.677646,-8.91655,0.07728010369110105,186.64174379936964,406.2638184075609
27727782,12.07969,-17.162052,5.458786103691101,94.78526460892196,421.4708441618226
27739945,11.000551,-19.312511,11.4339061036911,0.7575235765717991,422.4319487101171
27739946,11.4405,-20.709347,6.525666103691101,88.47976697525874,386.99796652473526
27734858,3.207086,-15.367505,0.35621410369110107,159.4080344367274,288.330377595751
27718564,11.737858,-18.028793,10.0497701036911,16.839662452981912,439.4453646179934
27727796,17.967407,-22.952961,0.5512871036911011,162.3981080145304,414.0641895233455
27739951,6.229189,-11.12221,-0.3022928963088989,182.14454676766405,350.113797348905
27727797,8.218102,-9.17297,0.01914210369110103,187.71058286089064,413.6523784828624
27755266,2.226989,-5.058685,3.4490231036911014,66.22850769170864,349.29550812353926
27734875,5.080469,-19.139051,2.756825103691101,129.86737166805858,307.1488788697172
27755272,5.607933,-15.643449,7.139205103691101,54.00538701474184,346.5704081125782
27755275,6.374541,-13.314095,2.023130103691101,139.94838464045466,348.7825199527751
27716915,13.072293,-18.464846,7.2533511036911005,70.88900135658102,433.5234238384711
27716916,11.457714,-18.014484,10.020532103691101,17.21873300681986,434.91361618710346
27755279,3.051679,-8.980885,6.085293103691101,15.402856425449045,347.169711454079
27755291,12.728191,-25.138954,1.128714103691101,151.58880728449327,355.46689726360506
27750630,1.283412,-10.455317,6.607857103691101,18.17838127867049,293.82677916075875
27750630,1.283412,-10.455317,6.607857103691101,18.17838127867049,293.82677916075875
27755299,11.91836,-21.977158,-0.3486308963088989,167.12351332809777,357.3462499745295
27750631,1.279426,-9.77098,5.7712321036911005,35.50041546900073,292.6888680017784
27727810,12.787875,-18.426685,8.818275103691102,43.57650731258991,441.136852609073
27739972,10.62542,-17.462776,10.335178103691101,5.486333831000877,431.01671413080624
27727811,13.417889,-18.234104,6.281893103691101,85.90516034868725,434.3841831947013
27727812,12.839237,-15.17948,0.48319410369110105,169.00097083974347,420.7860085900868
27755308,11.350259,-20.939423,1.888832103691101,144.88124933753716,364.7536632417009
27727818,11.766011,-15.279184,5.148300103691101,94.10516478428448,437.3725980360248
27704533,2.604172,-16.979628,7.936625103691101,45.78777449781549,297.94656688850847
27750642,2.073618,-13.460896,5.636879103691101,69.01418528643791,293.32362297038594
27755320,3.947132,-5.88153,0.9905121036911011,169.22210892876993,366.4350188693925
27739978,6.263821,-10.298309,-0.18110889630889893,183.08030810467957,358.5230631411717
27727823,13.788481,-15.98752,0.4812801036911011,168.6429284570011,425.518592245586
27755327,18.182583,-32.662472,2.682167103691101,140.5802311380317,372.184386280093
27755328,9.221626,-17.547249,5.784071103691101,88.65633720079217,378.82977095303977
27755331,5.161027,-7.786592,0.8317641036911011,169.1667757967654,370.4162806895779
27734895,2.644761,-9.599551,0.07709910369110107,174.47098581105956,295.983423709088
27755335,4.94851,-7.209012,0.3782651036911011,182.2333179202394,368.6658943336695
27717700,5.931447,-16.449688,5.671224103691101,84.48685421228217,339.32411245659534
27755341,9.231966,-16.633709,5.623399103691101,88.30765299484452,385.8358147409156
27755346,8.956675,-19.802971,11.2298411036911,8.504688598584806,386.24888058368526
27672384,1.075205,-10.663685,6.294460103691101,29.94382911717861,286.7327194767311
27727834,10.004187,-10.437981,-0.20402289630889903,189.59165450611147,428.8498434138829
27755349,10.225446,-15.550544,0.11867110369110101,170.07236218877125,378.5688119288682
27755352,14.838515,-23.574322,1.4181541036911012,151.23827459195743,383.2702565045767
27755355,9.620179,-16.49461,5.635139103691101,87.92819065185185,392.9769854037799
27755358,12.938956,-20.278088,2.284468103691101,141.9132361465933,387.7768380782478
27755360,12.703752,-18.938931,-0.16388989630889883,170.1975192091797,383.3172007062437
27755362,8.91409,-18.210167,10.5857561036911,6.9908062667074375,396.5983315931976
27727844,15.476807,-16.992577,-0.06932089630889893,175.5628383284283,434.0508271219996
27755366,15.155865,-22.985119,1.383442103691101,152.137447040493,389.6708284363554
27755374,9.185903,-18.111652,10.5823191036911,6.214821754703536,401.8385647376173
27755375,13.105726,-19.081505,0.648625103691101,161.39065205909844,390.611113137924
27724514,10.09196,-33.779495,11.2936701036911,69.60191714203322,330.84474208078456
27755381,9.724735,-18.367481,10.7853911036911,4.608895329863685,408.9009086095058
27755386,13.784916,-19.194954,0.502915103691101,163.52440596046617,396.8935454235948
27672411,4.140098,-17.439266,7.784068103691101,51.94482960912134,317.44128646718104
27755390,11.013593,-16.884426,5.794197103691101,87.61121234167769,410.9344229333774
27727854,14.276969,-15.129089,0.13299210369110104,175.67654037358704,439.8662491908647
27755391,6.635097,-8.202543,0.19569010369110118,185.3583706070483,394.3506272781634
27727855,10.01161,-9.84322,-0.135579896308899,191.082198558078,439.4443747891793
27755392,9.859563,-17.987087,10.654827103691101,3.7051154184270274,414.4128342210081
27755397,7.744337,-9.501943,-0.1493518963088989,188.5390196139154,397.1198113620829
27734909,2.815972,-9.474976,0.10651910369110107,174.6076865423528,299.93304241300905
27755399,12.936959,-23.236649,13.163561103691102,3.0844272264611163,419.46575863843697
27755400,12.693186,-16.614559,0.024680103691101074,172.0489857735344,401.97830994718805
27755405,9.715657,-12.31474,1.041382103691101,161.7275155407648,408.1589657664292
27734913,2.937063,-9.473635,0.23177710369110116,172.40974187966344,302.86230855401527
27755413,14.141706,-23.65955,13.5508501036911,0.2078483218367068,432.877062087183
27755414,9.565281,-12.997249,5.015020103691101,86.0253612210912,429.59773477993
27755415,13.156251,-16.218159,0.094876103691101,172.4687459610796,412.1346907642314
27755418,9.59071,-11.468135,1.054016103691101,162.91784308176045,417.04350399168345
27755419,7.177737,-7.988517,0.18657510369110097,187.8747816338234,410.9242232562768
27755420,13.201236,-19.00407,8.0715851036911,59.936823323990325,434.8410968281198
27750666,1.248191,-5.854692,3.7757621036911013,60.07034842306663,303.9008287155932
27750667,3.310805,-16.85956,5.927403103691101,79.98532391441049,301.74792659789944
27750668,2.001479,-8.889229,0.165438103691101,173.89242803737568,286.37536308298144
27755425,9.190825,-12.776072,6.727454103691101,44.23538827624182,442.6550746123567
27734925,8.220452,-18.537897,10.6185931036911,9.112985776265162,383.0796023232055
27740018,5.68668,-7.733063,0.28400710369110105,183.5686452632318,379.1271656738212
27755447,12.699537,-13.736571,0.22860810369110118,175.6687475004881,433.8602617859764
27755448,5.866109,-5.488123,0.5387071036911011,191.24465220062268,432.126180986845
27755469,7.157146,-6.672872,0.35256910369110106,191.7001486005116,439.67388784982734
27750685,2.413482,-10.48898,5.317667103691101,56.61644282569151,312.3143842413099
27724554,6.386172,-17.533821,7.0912871036911005,65.48786184553651,345.6577648334985
27734938,4.062099,-11.498944,-0.2201728963088989,176.25210196178614,311.4612684084768
27740035,6.95185,-9.090972,-0.05950689630889894,187.1209020552203,386.60469667983466
27704559,3.172619,-18.929195,11.1610581036911,1.16312240417804,309.972044842371
27704559,3.172619,-18.929195,11.1610581036911,1.16312240417804,309.972044842371
27740038,6.243599,-7.91011,0.2571171036911011,184.5638625236248,389.96736577725926
27734947,3.977108,-10.351589,-0.058070896308898945,176.82267325447168,316.53348443070433
27734949,6.794816,-17.777197,0.09906710369110105,163.1922330013369,323.29090506446653
27750692,4.576886,-17.684223,0.2830551036911011,159.05742122598932,298.9289438722255
27734951,9.376595,-18.503393,10.7654471036911,6.181851809108252,401.9183395149774
27681165,2.969776,-9.98728,0.0069441036911011,175.11484736363911,300.1717935986065
27734958,9.760865,-18.45208,10.837708103691101,4.351816923830143,408.896578886854
27734967,10.070979,-18.060024,10.754867103691101,2.385753022511608,417.6749940699456
27750708,7.449265,-31.55826,17.244553103691104,0.1249039187587754,330.0697980873384
27740067,6.883652,-8.255868,0.012777103691101077,189.62837935314468,397.6191496130481
27750715,7.089334,-24.745075,0.009046103691101148,157.64254795673546,306.00930975331244
27734982,10.067515,-16.938164,10.331931103691101,0.1206203413546802,428.5346848207463
27704579,3.940175,-19.811054,11.209484103691102,7.889532190312224,317.1029500059116
27720636,-1.046633,-11.265144,2.245937103691101,126.20283018651064,233.730070705416
27750722,8.213614,-27.096851,0.9468081036911011,149.3431432723646,311.787562543361
27715974,8.582541,-16.606028,6.827463103691101,66.91333354339889,383.4671622357913
27750728,2.9635,-9.016948,3.479825103691101,97.717622022516,324.2861235380616
27740092,7.61141,-8.376669,-0.025990896308898837,191.41734507779364,412.4226099019369
27735016,5.680375,-10.131142,-0.13636989630889884,181.8840382831608,349.25970302675927
27715982,8.668861,-14.917024,5.748340103691101,79.00392938712162,394.6257382083193
27750746,3.5744,-9.815544,3.9547801036911014,89.65181685464336,334.9652611447777
27750754,6.202008,-16.960913,1.016311103691101,152.47989768222857,322.4951212714355
27736824,-2.482957,-6.503871,4.811233103691101,20.867151474376016,182.9938139282801
27736824,-2.482957,-6.503871,4.811233103691101,20.867151474376016,182.9938139282801
27740134,9.128937,-8.658439,-0.15263289630889898,195.8488125753328,441.5068878841277
27750771,4.87025,-13.261438,5.695524103691101,68.74157189595536,343.67705181089855
27716002,13.965906,-21.22591,6.845022103691101,87.07369220804372,414.9614615545881
27750772,5.885914,-15.28092,0.2705061036911012,163.5860181293582,322.97021243141234
27720701,-1.393891,-2.067397,-0.03304389630889881,225.4663009220277,169.0147443344286
27750785,5.677189,-14.445003,4.568663103691101,96.71898644930025,342.83020220325227
27701066,-2.777993,-8.886971,2.758004103691101,108.31014152191118,194.0208349656138
27724640,9.541196,-20.646675,10.7466121036911,23.510883525964545,384.6423880351544
27736881,-1.758433,-6.458581,4.400881103691101,38.23924827432998,205.23940080676
27736881,-1.758433,-6.458581,4.400881103691101,38.23924827432998,205.23940080676
27735097,6.540942,-8.932029,0.145670103691101,182.85841644158916,381.5009052924563
27726881,-1.785205,-4.132995,0.8116461036911011,166.22724328753378,182.64966363066767
27726881,-1.785205,-4.132995,0.8116461036911011,166.22724328753378,182.64966363066767
27750815,8.533591,-19.431276,10.7082371036911,14.934762683184005,380.4738142678974
27750818,8.265412,-18.610945,10.6711671036911,8.74149875229034,383.4115515103271
27736917,-1.303492,-6.505542,4.637177103691101,29.35507769680035,220.2846483689141
27736917,-1.303492,-6.505542,4.637177103691101,29.35507769680035,220.2846483689141
27750826,7.466721,-15.465565,6.417238103691101,68.0240344738747,373.7787359040225
27724659,9.256874,-18.390596,9.8809221036911,22.324945144973213,395.56681536986594
27723098,3.588216,-12.872649,7.653961103691101,18.57743241991062,333.7511457971552
27735118,7.738897,-9.913209,-0.21849489630889884,187.9807275715352,391.0474411498674
27724666,9.162028,-18.231365,10.6378401036911,6.195532315251057,400.57922618002857
27726892,-2.306268,-12.951761,4.487735103691101,86.12877956865464,219.0819371746908
27726892,-2.306268,-12.951761,4.487735103691101,86.12877956865464,219.0819371746908
27724670,8.947004,-14.80345,4.332515103691101,104.84307493269156,390.8504085980178
27735137,7.081617,-8.298353,0.17299510369110105,186.35797473938555,403.2414647486323
27736940,-1.50609,-4.567676,0.22980810369110105,184.4370591763493,196.1698160182484
27736940,-1.50609,-4.567676,0.22980810369110105,184.4370591763493,196.1698160182484
27726898,-1.212486,-10.246665,5.349997103691101,50.76003503442391,234.55734090450463
27726898,-1.212486,-10.246665,5.349997103691101,50.76003503442391,234.55734090450463
27750849,4.959539,-8.501897,3.2732661036911015,104.10444862217744,378.5353913057997
27735147,7.544305,-8.58873,0.10595210369110108,187.3536649501076,408.7084664086602
27724677,9.55607,-18.233585,10.699050103691102,5.067901551323843,407.1317360543476
27735148,8.271846,-9.584935,-0.198797896308899,190.12250291180115,406.5161256103565
27724679,8.250125,-13.180838,4.549476103691101,95.27142714453048,398.3266353158626
27742738,-1.191605,-11.708554,6.830153103691101,25.44281028477141,239.8666004827139
27742738,-1.191605,-11.708554,6.830153103691101,25.44281028477141,239.8666004827139
27750865,5.268272,-8.300858,3.2368491036911013,104.81290450915712,389.6067462843856
27735158,13.142291,-15.355809,0.09675910369110108,174.23894353332363,420.67777844524886
27704645,5.892108,-10.1989,0.03349610369110101,178.92402496556073,353.7668659675253
27724692,10.530162,-16.779072,5.732570103691101,87.92958300059257,404.4058523362537
27670638,1.5897,-11.48734,6.176680103691101,41.9309826587631,293.8985309457097
27750874,16.859499,-29.8986,16.401124103691103,1.9069837010417243,423.86697612764505
27724701,10.115935,-17.763502,10.6144541036911,2.42722063887706,420.9382311819676
27735174,8.124305,-8.405324,0.10956010369110114,189.47884280847083,425.561477260335
27724706,8.93501,-13.118385,4.604923103691101,94.57446977075016,412.24829838108576
27726917,-1.331731,-2.073873,0.07895510369110115,220.5406561674361,171.91815207422667
27719890,-0.737855,-11.319864,3.5067651036911007,101.41850760420284,241.36297509688472
27742753,-0.648164,-3.931612,0.012181103691101036,199.9196358467464,219.9005218336877
27742753,-0.648164,-3.931612,0.012181103691101036,199.9196358467464,219.9005218336877
27726918,-1.363574,-2.122055,-0.030761896308898917,224.4179439799049,171.5184248986648
27735183,9.208904,-9.298055,-0.21949389630889882,193.82753080661533,430.8298811313051
27724712,10.165799,-17.282602,10.4203601036911,1.7659136966661038,426.35277265735385
27750890,7.25842,-10.689341,-0.279232896308899,185.0302634768576,372.610038269112
27735193,9.722415,-9.536591,-0.2887998963088989,194.95700846925496,437.053247565252
27729681,-2.44857,-7.034333,5.270695103691101,10.994608337407982,189.00436814075
27729681,-2.44857,-7.034333,5.270695103691101,10.994608337407982,189.00436814075
27736986,-0.841157,-8.049169,4.777904103691101,46.10524289886828,238.54056232583997
27736986,-0.841157,-8.049169,4.777904103691101,46.10524289886828,238.54056232583997
27742764,-0.58505,-3.612586,0.03400810369110108,202.85910677758076,220.54931725455108
27742764,-0.58505,-3.612586,0.03400810369110108,202.85910677758076,220.54931725455108
27750892,9.912026,-15.56711,5.474429103691101,87.68231754455411,405.9940090650987
27724716,7.886821,-9.446606,0.0024201036911011276,186.12872593420656,402.23607778158953
27726928,-1.306679,-2.21559,0.059572103691101,218.8404025668636,175.75768030696503
27726928,-1.306679,-2.21559,0.059572103691101,218.8404025668636,175.75768030696503
27724727,12.814227,-18.303209,5.089906103691101,103.83564304765918,417.4392105260464
27750900,7.248918,-10.230478,-0.2179878963088988,185.7417544211623,377.7112458426694
27724734,7.810497,-8.859354,0.07112210369110117,187.31722262744108,410.08496739150905
27750904,11.897677,-17.421034,-0.02936189630889885,170.37263858611078,385.1609634683829
27724736,11.912922,-16.825262,5.412813103691101,94.43133249310117,422.4577761046344
27724737,12.711428,-17.647768,4.667300103691101,108.72458361435568,420.0655966939885
27707527,3.255203,-19.252434,11.3283691036911,0.900742017098878,310.4578354581556
27707527,3.255203,-19.252434,11.3283691036911,0.900742017098878,310.4578354581556
27724744,13.348343,-19.154665,6.961168103691101,78.44127602089941,427.7708501186072
27724745,11.755469,-16.47193,5.832204103691101,86.06960860942465,427.19762518159
27724749,14.890516,-21.669695,8.3231541036911,68.53486671241589,430.58653398210527
27737011,-0.916154,-15.675417,6.599924103691101,60.55157126035377,246.28464577496567
27737011,-0.916154,-15.675417,6.599924103691101,60.55157126035377,246.28464577496567
27724754,13.394933,-18.106741,5.059490103691101,104.3178774999838,427.24751342072045
27724756,8.23065,-8.950462,0.05179010369110104,188.1445645459084,417.86909803499634
27724765,13.807072,-19.07732,6.896112103691101,79.45175526942259,434.4909541127482
27729731,-2.179022,-8.929216,5.625541103691101,27.57442068177073,209.06934920714733
27729731,-2.179022,-8.929216,5.625541103691101,27.57442068177073,209.06934920714733
27724766,13.035184,-17.749949,6.181379103691101,85.62528309993445,433.781850361614
27750917,11.73249,-16.340603,1.827485103691101,147.81324817514576,401.8872041869394
27750918,12.143604,-17.356625,7.521214103691101,60.414494317005165,434.9315811018156
27750919,14.815398,-21.349787,7.610391103691101,77.4051047694843,428.5596863053893
27742799,-0.429033,-3.889896,0.055147103691101096,199.70216458970413,227.53638154078996
27742799,-0.429033,-3.889896,0.055147103691101096,199.70216458970413,227.53638154078996
27724771,10.174252,-13.169254,4.684295103691101,94.32772659908647,435.5975687005111
27724777,13.031723,-15.09318,0.8172281036911011,164.73465028558317,426.8473692567678
27726939,-1.282851,-2.298548,-0.03228489630889886,221.49222836324645,178.42307688438183
27726939,-1.282851,-2.298548,-0.03228489630889886,221.49222836324645,178.42307688438183
27710522,2.545607,-17.090012,9.6291601036911,14.52954409465275,302.4184324129314
27742809,-0.190165,-6.046742,1.6199081036911012,139.0709809037809,244.679748251802
27742809,-0.190165,-6.046742,1.6199081036911012,139.0709809037809,244.679748251802
27742813,-0.130049,-6.398082,2.791886103691101,101.30339712945272,250.75420205208337
27724789,12.933992,-16.600958,5.935119103691101,85.63338855298443,444.7834137888393
27750948,10.938303,-14.800644,5.772207103691101,79.78327861629384,435.10130542479214
27726949,-1.864561,-13.493602,3.312372103691101,109.58999960644404,225.72423763341865
27726950,-1.464364,-5.243269,0.886436103691101,160.3767502675762,202.89014134031623
27760538,-4.676636,-1.744713,0.028905103691100997,209.91106457678177,1.914685755808449
27737081,-0.334906,-4.516471,0.30709510369110105,186.05287803613223,233.52087873728365
27724794,14.566214,-16.130283,0.020625103691101154,175.23930300099275,431.6813356593879
27726952,-1.241976,-2.397175,-0.03540589630889901,220.02822066122792,181.864136750374
27726952,-1.241976,-2.397175,-0.03540589630889901,220.02822066122792,181.864136750374
27750963,6.780159,-7.948834,0.19974410369110118,186.88249536734943,401.9433029228709
27760554,-12.181923,-8.21815,2.148395103691101,108.74410948443416,4.690562842412049
27760555,-5.1828,-2.174404,-0.16051889630889882,208.8685093695406,8.085499992918471
27742843,-0.103396,-5.496411,0.22364110369110102,182.7747788254402,242.1217516126769
27722567,13.616481,-15.934423,0.04901010369110104,174.1772363786281,420.9231702412984
27704706,8.196625,-18.685715,10.663096103691101,9.53169230985867,381.67383282209016
27729790,-2.110838,-4.649077,0.004622103691101165,188.96525710482683,178.52312281708473
27729790,-2.110838,-4.649077,0.004622103691101165,188.96525710482683,178.52312281708473
27760594,-4.174109,-2.233149,1.867575103691101,106.89526997593428,16.8104131910616
27729793,-1.479689,-1.910762,-0.05098589630889894,229.1564888511012,161.5835485445802
27720880,12.696612,-18.69973,0.27573610369110113,165.6806356955272,386.8790058647212
27750981,7.848961,-9.147284,1.115591103691101,163.9597837525515,416.8979147841216
27760601,-2.752776,-1.044839,1.637425103691101,121.42066465871972,19.700757681994787
27760607,-7.19657,-4.459637,-0.3646088963088989,186.07984588284975,34.88616040142463
27760608,-5.500968,-2.944683,-0.3453738963088988,204.4403540852348,33.63678133519639
27729797,-1.020461,-8.045576,5.389195103691101,24.151518963249885,235.34027591342823
27729797,-1.020461,-8.045576,5.389195103691101,24.151518963249885,235.34027591342823
27737107,-0.181156,-5.489082,0.1286971036911011,185.28850544854103,239.6152011882971
27737107,-0.181156,-5.489082,0.1286971036911011,185.28850544854103,239.6152011882971
27750990,7.357677,-8.064439,0.16971110369110098,188.25690599163303,413.8288673357263
27760621,-1.985602,-0.496225,1.719794103691101,111.66324841286875,25.649322869850156
27707552,4.05499,-20.142765,11.3717081036911,7.705213059365946,317.8336552400117
27737108,0.692218,-14.461695,3.727107103691101,106.96770900945596,264.0961416034755
27724811,14.571972,-15.675995,0.025382103691101054,176.20371838276748,436.8807111849469
27760629,-4.587329,-2.595561,0.4651931036911011,179.73480971518617,41.728763529216906
27760631,-2.297385,-0.498362,0.6532951036911011,218.52621367108745,35.15364393331248
27750995,11.655116,-13.591389,0.931781103691101,163.89774646778247,424.283411897194
27760641,-2.5321,-1.056728,1.647789103691101,121.79049895007718,37.04998750679377
27760647,-5.600201,-3.290715,-0.8429688963088988,216.46958951788565,48.567323305551696
27760654,-1.047061,0.322147,1.6327121036911012,123.22722455563006,25.078353795516648
27713061,12.281855,-17.248512,4.565028103691101,109.1740769691674,417.5297518212242
27751002,8.015274,-8.477644,0.099764103691101,189.06920419899544,421.5504546540594
27729815,-1.724687,-4.92169,0.7487421036911011,165.21209451852295,192.50825791622188
27742870,-0.591462,0.663838,-0.016845896308898878,412.9602528556185,124.49056584655048
27760665,-2.888577,-1.579971,1.7893721036911012,111.85252980644768,48.44615946450424
27713063,10.033926,-16.480297,9.297726103691101,18.21111406969294,425.6591138393353
27726969,-1.158996,-2.502671,0.07412110369110114,213.9335683717225,187.08210042265063
27726969,-1.158996,-2.502671,0.07412110369110114,213.9335683717225,187.08210042265063
27704721,7.296531,-8.846124,0.083000103691101,186.07144413121077,398.8583963679226
27729819,-1.736266,-12.162682,4.639148103691101,80.0659336221143,226.91752415206028
27729819,-1.736266,-12.162682,4.639148103691101,80.0659336221143,226.91752415206028
27704722,8.604266,-18.529671,10.6967611036911,7.602126917744869,389.4225778140794
27751016,13.722644,-14.884924,0.1075821036911011,175.90133660896566,434.4659954657535
27760681,-3.502582,-1.925011,0.3209461036911011,199.282581854208,60.39867316534239
27751017,8.677816,-8.849776,0.0352521036911011,189.92786637429623,429.5919338601388
27720921,13.263095,-14.565934,1.509735103691101,155.61084956388376,441.9899096090153
27760684,-3.732109,-2.212627,0.36146310369110113,192.26799135956105,62.28238276316014
27760685,-3.947205,-2.262694,-0.17490489630889883,214.2082664184627,62.23922790157639
27760687,-10.211719,-8.627254,-1.4151558963088988,182.72752468788184,67.84940955745853
27760692,-1.965696,-0.79535,1.9570751036911012,87.70746134485472,51.60901080237059
27742881,-0.535074,0.572013,-0.002103896308898845,395.9695419888879,140.07366723634414
27742881,-0.535074,0.572013,-0.002103896308898845,395.9695419888879,140.07366723634414
27760693,-2.093738,-0.927499,1.931984103691101,93.02110756029712,53.170965996137966
27760694,-4.631838,-3.095182,-0.12567589630889886,198.29940054925143,66.26332000242772
27659170,0.566909,-13.621663,5.373964103691101,74.05922459591025,267.12195513780745
27742883,0.105108,-4.853578,0.10954510369110104,191.12851304427676,247.41976319494705
27742883,0.105108,-4.853578,0.10954510369110104,191.12851304427676,247.41976319494705
27704728,8.710338,-17.606318,9.5710131036911,21.872210005602085,392.9395074979602
27760710,-4.58896,-3.293184,-0.138842896308899,196.8799205236066,74.16604841460332
27719993,-0.790876,-3.476933,-0.045957896308898905,206.4931010407288,211.89766931329763
27760714,-4.734764,-3.692659,0.19010710369110106,181.41951785579727,78.25813946852008
27760719,-2.463137,-1.550864,1.998329103691101,95.74804584661791,70.2166918451853
27760720,-4.124788,-3.454984,1.910082103691101,112.8483200456398,75.85020179295083
27742891,-0.507718,0.56188,-0.0011748963088988873,394.86746014813554,144.6362164329119
27742891,-0.507718,0.56188,-0.0011748963088988873,394.86746014813554,144.6362164329119
27742892,0.423666,-7.063784,4.903959103691101,28.762624039998343,276.4944490972721
27742892,0.423666,-7.063784,4.903959103691101,28.762624039998343,276.4944490972721
27760725,-4.723689,-3.689453,-0.22371089630889895,195.47535628175024,81.96748122757316
27760738,-2.935271,-2.233819,1.830924103691101,113.78368325766378,81.6020614081169
27704736,9.211442,-18.557625,10.7872981036911,6.205404382766147,398.9703985463602
27760752,-2.184744,-1.521826,2.5015531036911014,47.27436107897304,78.2965133332527
27760755,-3.995697,-3.933927,2.992107103691101,62.58200050824024,86.32335500125438
27760759,-3.860137,-3.144141,0.06723910369110109,193.70261034873795,93.18139817661552
27760765,-1.7294,-0.941722,2.1262311036911012,72.09265706738424,81.9714306198677
27760766,-4.978605,-4.920649,1.1279051036911012,144.30358524050732,95.174164006399
27760767,-1.210511,-0.274136,2.0867491036911012,50.92657972581526,74.84873053818356
27760770,-4.446047,-4.445253,1.861513103691101,118.3929859997801,94.81200535130225
27760771,-5.821185,-5.713073,-0.24407789630889898,179.39916073088548,97.44958895060812
27729846,-1.208266,-2.419903,0.071043103691101,215.2040328833708,183.64891278229635
27729846,-1.208266,-2.419903,0.071043103691101,215.2040328833708,183.64891278229635
27760773,-2.85294,-2.546794,2.660540103691101,60.21180663491981,89.2267546463458
27760774,-3.360565,-3.173747,2.4057311036911013,86.08837320494712,92.48966026024098
27760777,-4.248677,-4.200192,1.482423103691101,133.37367048357038,97.72122859294213
27704741,8.217159,-9.178455,0.03663210369110104,187.3317362477781,413.716852171852
27760780,-3.964047,-4.153338,2.9751891036911013,66.76980092036911,94.69837269332244
27760781,-3.577163,-3.412087,1.758132103691101,121.59779908625208,97.5288444130925
27723982,-0.52962,-4.157265,0.029537103691101185,197.53459630632688,225.0569716293953
27723982,-0.52962,-4.157265,0.029537103691101185,197.53459630632688,225.0569716293953
27704744,9.412246,-18.137131,10.659049103691101,4.946617537277376,405.6452961106555
27760783,-2.981319,-2.665866,1.830914103691101,116.29560506755575,97.332430286966
27760784,-1.592448,-0.759611,1.647923103691101,125.78837131045027,91.35569654094668
27760785,-5.554586,-5.628713,-0.18640789630889887,178.98604485998558,101.9230252283568
27760790,-3.002201,-2.705837,1.568567103691101,131.2900354162294,100.48250593657882
27704747,9.32751,-17.290207,9.548920103691101,19.877867271466958,405.9230373894581
27760794,-3.78038,-3.832518,1.651634103691101,127.08177987045246,102.9307455471112
27760796,-3.786932,-3.360554,-0.16351089630889892,200.10107854037955,103.37831299560678
27742911,1.679959,-19.513384,5.962317103691101,87.01108731067544,275.60733690578394
27742911,1.679959,-19.513384,5.962317103691101,87.01108731067544,275.60733690578394
27729864,-1.102368,-2.536809,0.09322710369110099,212.8434373998126,190.0885870894036
27729864,-1.102368,-2.536809,0.09322710369110099,212.8434373998126,190.0885870894036
27760806,-2.740868,-2.364223,0.9746701036911011,165.04506061461387,106.4352400587613
27760807,-3.742003,-3.592467,0.2137751036911011,184.7572309993949,108.1489132870224
27737212,5.354006,-20.944504,12.147531103691101,0.882499309434138,334.0201980788199
27727029,-0.915718,-3.042591,0.07261610369110105,207.09160993854923,203.69400234813577
27727029,-0.915718,-3.042591,0.07261610369110105,207.09160993854923,203.69400234813577
27760813,-2.966154,-2.820511,1.367110103691101,142.18082178580966,107.84010529556066
27760818,-3.284607,-3.020365,0.239285103691101,190.6136851964219,109.59201673552064
27760821,-4.535683,-4.917262,0.2554461036911011,172.8312670800589,112.45906738812944
27760823,-4.118351,-4.694945,1.6207751036911011,129.04409702726088,112.80073339012264
27760825,-3.753618,-4.107216,1.4099141036911012,137.52469333660883,112.54248362647012
27760828,-5.023691,-6.000975,1.187548103691101,141.75584529367234,114.96335393325616
27710618,5.305101,-16.132433,7.1989271036911004,55.62627836348375,338.9136871581359
27745954,-0.913824,-3.412313,0.10451010369110114,201.2625025453691,206.99549651384584
27760830,-3.267003,-3.104295,0.1889111036911011,191.82173596909905,112.83964943986766
27760836,-3.811832,-4.374198,1.777182103691101,123.08351671839152,114.59873310241836
27760837,-3.060717,-3.11108,1.206590103691101,149.26104646147593,113.87135207305272
27704764,12.50582,-16.927019,3.5316211036911014,124.39688763816952,417.39646685985264
27721659,1.279166,-10.927898,6.6647161036911005,22.38743559287289,291.89254389817484
27760839,-1.685017,-1.225111,1.951249103691101,98.5712726832907,108.57352877221142
27729880,-1.066873,-2.714633,-0.01739989630889882,214.78926514135765,193.8697003759614
27729880,-1.066873,-2.714633,-0.01739989630889882,214.78926514135765,193.8697003759614
27760840,-4.410271,-5.187069,1.133523103691101,145.25807368880214,116.74186775463974
27760841,-3.375702,-3.485636,0.6423371036911011,170.71650389985842,115.53840017250464
27704765,14.27776,-16.966068,0.7420841036911011,164.2173743521858,423.6403708194008
27760842,-3.318681,-3.165004,-0.15219189630889884,203.73698046358496,114.7355835058348
27760845,-2.846323,-2.848251,1.001063103691101,160.6355065888544,116.8239308997048
27742928,0.736329,-7.483421,5.196648103691101,23.91087623968616,286.07391861390386
27742928,0.736329,-7.483421,5.196648103691101,23.91087623968616,286.07391861390386
27760853,-12.319051,-17.966846,1.4333611036911011,131.506336335379,123.48803718824657
27760854,-5.058424,-6.4586,1.171553103691101,141.96667598065568,121.62125045166432
27760855,-3.175585,-3.082278,-0.26366389630889886,209.380220777056,118.55978287045556
27737234,6.898914,-22.507257,11.8798921036911,17.110450451753593,344.33377398735104
27704768,10.264703,-17.824495,10.6922021036911,1.4248755699221365,423.2055658241982
27760864,-4.544214,-6.230211,3.3320811036911007,73.9517364889447,122.07907225910746
27760866,-15.169817,-22.220875,-1.3820888963088989,155.94570435984343,125.89582658534503
27760867,-6.149718,-7.969548,-0.34424789630889885,172.19577720722094,124.1724957562616
27737239,7.264016,-27.407902,3.239147103691101,129.6939996943688,308.15752383790755
27760877,-6.320751,-8.37884,-0.18989389630889897,167.66610304770805,125.35632286329816
27760883,-4.870339,-6.925776,3.071466103691101,87.72278092088942,126.23599124673198
27760885,-5.639107,-7.860952,1.5024091036911011,132.7468492150359,127.33021655164062
27704776,13.8035,-14.703754,0.09007810369110114,176.68833115959796,437.7321540299951
27760890,-9.338264,-13.504487,-0.9447338963088987,165.19740449557025,129.2906220618238
27760891,-9.890405,-14.28745,-1.469021896308899,169.838845874706,129.29949584633763
27760892,-4.739877,-7.105939,4.417557103691101,43.8212416549932,127.31183924053104
27727044,0.172035,-12.852146,4.942219103691101,78.68677604510242,260.28121726668667
27727044,0.172035,-12.852146,4.942219103691101,78.68677604510242,260.28121726668667
27737249,2.674374,-9.490746,0.09802910369110118,174.47049911291867,297.08958819929205
27760900,-2.898689,-3.009821,-0.172308896308899,208.15288739813676,126.46730608597802
27760902,-3.737437,-4.948656,1.4955341036911012,134.74782937808902,130.19001688530744
27760903,-4.192029,-5.597847,0.9588131036911011,150.6533934952279,130.56592890622136
27737256,2.793638,-9.311327,0.23748710369110104,172.5424380257547,300.83218636643136
27737257,4.819108,-14.258659,4.487464103691101,96.86770546072424,329.9331555929061
27760911,-3.299313,-4.673221,3.256391103691101,61.23800778238808,131.01995552145814
27760912,-2.447872,-2.482184,0.25865210369110114,199.7408567802381,128.9151728364905
27729910,-0.509037,-11.88269,3.7063691036911015,99.34932181692146,246.08336742470803
27729910,-0.509037,-11.88269,3.7063691036911015,99.34932181692146,246.08336742470803
27742944,0.885807,-7.842434,4.857009103691101,42.29860218755224,286.67337391171543
27737261,7.499073,-19.924976,11.5129361036911,4.051887471829332,366.2815164968381
27662893,3.435008,-21.620005,-0.02425389630889896,157.663278464777,279.502516263936
27760922,-3.153842,-3.949265,0.5012771036911011,174.02558451870397,134.13794141387962
27760924,-3.772032,-4.768353,-0.541548896308899,198.76664489171785,134.08341288803445
27760925,-2.684208,-2.902271,-0.1661158963088989,210.29723838275777,132.0555421436673
27715034,-0.250501,-5.458152,0.09988310369110098,186.1006940789815,237.52003835327693
27745981,-0.526062,-3.285841,0.3637701036911011,194.31980396070924,221.8854961583297
27729918,1.660697,-21.391933,11.5038051036911,14.276273820436105,284.5977623158396
27760929,-4.089879,-5.391111,-0.6235468963088988,195.312697179474,135.49978802081387
27760937,-2.681442,-3.405582,1.333250103691101,144.26880106946396,135.92492019466204
27737278,2.79775,-7.055184,2.956492103691101,104.08427112655605,334.7444755640977
27760947,-2.397453,-2.620693,-0.06040389630889886,211.52683094929137,136.3594057896321
27760951,-2.665996,-3.527392,1.182426103691101,150.77264552127508,139.93808852450724
27742960,0.970778,-8.008158,5.5440881036911005,18.948272197420152,292.4012019500148
27742960,0.970778,-8.008158,5.5440881036911005,18.948272197420152,292.4012019500148
27760968,-2.321189,-2.673533,-0.12070189630889883,213.5146073684539,140.99580230821414
27673350,-0.078045,-5.21748,0.03463010369110098,190.07933164946064,241.93152517301596
27745998,-0.350985,-2.850065,0.09048310369110113,211.77383955350652,226.08413656580947
27746001,-0.349261,-5.789265,0.1967841036911011,181.1809257940463,235.6527926780672
27746001,-0.349261,-5.789265,0.1967841036911011,181.1809257940463,235.6527926780672
27727067,2.621287,-15.608747,9.6021991036911,0.8891097429232957,309.5393747298749
27727068,-0.753555,-3.344442,0.005899103691101137,206.40377536822868,212.47323355357457
27727068,-0.753555,-3.344442,0.005899103691101137,206.40377536822868,212.47323355357457
27737306,3.86653,-9.852769,0.018101103691101184,176.87512202547595,317.70476022685114
27729949,-0.730113,-3.388183,0.10684810369110109,202.21581308197284,213.86617932013965
27729949,-0.730113,-3.388183,0.10684810369110109,202.21581308197284,213.86617932013965
27727072,0.619024,-13.91101,5.150423103691101,79.79328387163301,267.0099430493796
27727072,0.619024,-13.91101,5.150423103691101,79.79328387163301,267.0099430493796
27690972,3.280888,-15.337055,0.33113310369110105,159.85242959818663,289.2722945343212
27662944,3.11778,-18.747953,11.085845103691101,0.958120432454706,309.6382113822592
27761036,-3.704867,-7.087949,-0.7661528963088988,189.3185752227913,163.73942729434384
27761039,-3.012007,-5.734917,-0.3449838963088989,188.82345642378712,165.8564214286221
27761042,-2.29575,-4.184456,0.5004281036911011,175.43898931863146,166.45844088215776
27761045,-2.301518,-4.13697,0.02745210369110107,191.65483538100057,166.5015221611476
27761049,-2.582854,-4.931869,-0.08940189630889894,188.31508386150784,168.05963361209314
27742995,-0.382941,0.661031,-0.011462896308898962,418.6735340257632,155.67763675480427
27742995,-0.382941,0.661031,-0.011462896308898962,418.6735340257632,155.67763675480427
27761055,-2.038322,-3.792852,0.6019801036911011,175.04993861632573,169.63299178569406
27761056,-0.468588,0.673104,0.05597310369110109,413.1339998072898,140.64937218558674
27737339,8.284307,-17.319618,6.945990103691101,68.0645029755278,373.58108521129975
27761075,-2.36451,-5.161059,-0.15306389630889883,189.17724977036573,176.65796247660668
27727085,1.43036,-10.838545,6.150770103691101,36.15016632843,293.1700177345598
27727085,1.43036,-10.838545,6.150770103691101,36.15016632843,293.1700177345598
27729979,-0.618448,-3.590739,0.008666103691101101,203.8812022061146,219.1351879218713
27729979,-0.618448,-3.590739,0.008666103691101101,203.8812022061146,219.1351879218713
27737349,9.381435,-18.290766,10.7168511036911,5.203326091253587,403.9028261804132
27761091,-1.741352,-3.848946,0.39816510369110103,183.1975803319233,181.15803000273075
27727089,-0.650321,-3.826161,0.039490103691101064,200.072787849247,219.33174753376088
27727089,-0.650321,-3.826161,0.039490103691101064,200.072787849247,219.33174753376088
27727090,-0.622993,-3.520296,0.028406103691101192,203.9788506233888,218.61024078536133
27684677,3.794267,-19.888367,11.1763321036911,9.064294824559424,314.7389373677692
27684677,3.794267,-19.888367,11.1763321036911,9.064294824559424,314.7389373677692
27662968,4.327378,-16.495863,0.3115981036911011,159.7948714508803,299.23240851066737
27673435,6.219571,-11.541941,0.11819310369110103,173.85120093929078,349.0590632470476
27761122,-2.189734,-6.815725,0.5001321036911011,164.6918597903586,194.15265516730443
27761122,-2.189734,-6.815725,0.5001321036911011,164.6918597903586,194.15265516730443
27737360,9.844872,-17.988708,10.7130891036911,2.5145421348616424,414.5788062024436
27761127,-1.086052,-2.469117,0.026444103691101173,216.9298974150478,189.93280978466305
27721767,14.881119,-16.461287,-0.00974089630889896,175.2749309663612,432.17916714795007
27761134,-1.293861,-3.637348,0.46794310369110104,183.9123580131502,194.99651694973687
27761134,-1.293861,-3.637348,0.46794310369110104,183.9123580131502,194.99651694973687
27723343,10.70011,-20.812164,4.548404103691101,113.70869801089653,368.87218193095055
27761143,-0.994129,-2.617941,0.04428910369110106,214.1537182707505,195.9143143232964
27761158,-2.235286,-12.384993,4.369749103691101,86.18875681046512,218.7216163607088
27761158,-2.235286,-12.384993,4.369749103691101,86.18875681046512,218.7216163607088
27761161,-0.73033,-2.095004,0.7573071036911011,189.3842866774288,203.07491486692172
27761161,-0.73033,-2.095004,0.7573071036911011,189.3842866774288,203.07491486692172
27761162,-0.91465,-2.962013,-0.009226896308898835,211.4336129783598,202.89522926910783
27761167,-1.083871,-7.63219,5.7079631036911005,4.732858423889468,233.49069311224773
27761167,-1.083871,-7.63219,5.7079631036911005,4.732858423889468,233.49069311224773
27761168,-1.566981,-9.19783,3.708704103691101,86.89042895649732,221.7713665714833
27743032,1.979448,-9.150668,0.11020510369110115,174.09444294833366,284.85490739651334
27746046,0.263387,-4.681647,0.2519591036911011,188.52364268111813,253.0218119428135
27761174,-1.735882,-10.443829,3.020581103691101,108.08017108714904,220.97921860223155
27724081,-0.997336,-3.015193,0.03217010369110107,208.68131509650323,200.06877125389525
27724081,-0.997336,-3.015193,0.03217010369110107,208.68131509650323,200.06877125389525
27727126,-0.377404,-4.30328,0.07960410369110105,195.07515536192676,230.83032424236723
27727126,-0.377404,-4.30328,0.07960410369110105,195.07515536192676,230.83032424236723
27761181,-1.598139,-9.641631,2.1981391036911013,124.5685487394722,220.41347998832504
27761181,-1.598139,-9.641631,2.1981391036911013,124.5685487394722,220.41347998832504
27730027,-0.294543,-4.275689,0.021915103691101168,197.4902929686477,233.3437345215879
27730027,-0.294543,-4.275689,0.021915103691101168,197.4902929686477,233.3437345215879
27761192,-3.938065,-26.150093,-1.1257938963088987,158.55349273547762,219.24484846877388
27761192,-3.938065,-26.150093,-1.1257938963088987,158.55349273547762,219.24484846877388
27746051,0.252893,-6.213058,4.738847103691101,20.6490453090814,273.0549594235493
27761195,-0.924194,-6.035945,2.994987103691101,90.3441545141506,226.69110642198265
27761197,-5.605698,-39.061893,-2.929780896308899,161.19375491132075,220.0353766216472
27761197,-5.605698,-39.061893,-2.929780896308899,161.19375491132075,220.0353766216472
27761198,-0.987948,-4.813755,-0.3794388963088988,202.4086341249433,212.9898553033544
27715158,8.121732,-16.545425,6.744221103691101,67.82076065472398,376.485009642863
27761199,-0.799578,-3.498142,-0.07650989630889882,207.2893991552953,211.67031150497215
27761212,-1.41776,-10.913166,1.694158103691101,135.99005376584864,226.04830055042
27746062,-0.531268,0.736364,-0.0061918963088989365,429.8142679559835,126.43247423838956
27699751,7.474195,-8.896482,0.05016710369110111,186.87555242450287,401.76574929596507
27761217,-1.163251,-8.703032,0.6556641036911011,158.63273122822005,224.39913407250336
27761217,-1.163251,-8.703032,0.6556641036911011,158.63273122822005,224.39913407250336
27761218,-0.915081,-6.21707,0.5864081036911011,167.24689111891996,222.63061321406303
27699753,8.522461,-18.198206,10.531189103691101,7.883350197428655,390.3059486416432
27761227,-0.256979,-1.881495,2.758317103691101,38.47698020812899,240.7359528327821
27761228,-1.424973,-14.725472,1.894593103691101,133.7790765667212,231.97351133041855
27727145,-0.287757,-4.366299,0.004985103691101056,197.21658498145655,233.759827871286
27727145,-0.287757,-4.366299,0.004985103691101056,197.21658498145655,233.759827871286
27761229,-1.559756,-16.11487,1.635634103691101,137.49678909383596,231.55722261431228
27761231,-0.618256,-4.031196,-0.11615789630889894,203.27022996020435,221.144114738562
27761231,-0.618256,-4.031196,-0.11615789630889894,203.27022996020435,221.144114738562
27715170,9.773409,-17.611458,7.169710103691101,66.4890329046336,394.03492292167056
27732229,-2.284078,-8.005867,5.139575103691101,31.75382079363885,200.93285585993988
27732229,-2.284078,-8.005867,5.139575103691101,31.75382079363885,200.93285585993988
27761242,-0.764789,-7.593696,0.5011871036911011,165.35287156256186,229.89691268441976
27761242,-0.764789,-7.593696,0.5011871036911011,165.35287156256186,229.89691268441976
27724090,-0.928083,-3.222073,-0.05571689630889898,209.5298526083637,204.6642734576704
27732238,-2.752268,-11.474594,6.564452103691101,29.20760134691673,208.5534344217664
27732238,-2.752268,-11.474594,6.564452103691101,29.20760134691673,208.5534344217664
27743060,3.348262,-12.279381,4.412079103691101,89.96205379831369,315.79878417486856
27761259,-0.470636,-10.461828,3.4157981036911007,100.82874119492544,245.5962715420785
27761259,-0.470636,-10.461828,3.4157981036911007,100.82874119492544,245.5962715420785
27730037,-0.243208,-4.545164,0.10673710369110112,192.56786764982692,235.95990284429925
27730037,-0.243208,-4.545164,0.10673710369110112,192.56786764982692,235.95990284429925
27761260,-0.46923,-5.556751,-0.4302518963088988,199.12132127263732,230.3475214124801
27714236,-2.289187,-6.495099,4.247591103691101,44.559208513638936,189.10101878582148
27714236,-2.289187,-6.495099,4.247591103691101,44.559208513638936,189.10101878582148
27737427,7.344962,-10.847946,-0.09557989630889896,181.42144790419783,373.8492992245631
27737428,6.790866,-9.955814,-0.199539896308899,185.7042240899952,371.9351436965213
27761271,-0.312273,-4.464026,-0.048886896308898864,197.93988367583,233.0596926099596
27761271,-0.312273,-4.464026,-0.048886896308898864,197.93988367583,233.0596926099596
27715186,10.468177,-16.844727,7.047642103691101,65.30515213313436,411.5316049222543
27715190,11.433639,-20.092159,10.8028731036911,19.091671374672217,416.03495580815775
27715191,11.479796,-17.393906,7.280586103691101,64.51461078672557,422.505671153261
27699761,7.587895,-8.668407,0.10981610369110117,186.97161745575136,408.46501391666425
27761278,-0.302707,-7.323086,-0.29187189630889887,185.27379547177208,238.03851715951996
27761278,-0.302707,-7.323086,-0.29187189630889887,185.27379547177208,238.03851715951996
27761279,-0.271222,-5.867902,-0.210511896308899,191.72665734409364,236.81909026899024
27761279,-0.271222,-5.867902,-0.210511896308899,191.72665734409364,236.81909026899024
27761289,0.138796,-4.517779,3.8203701036911015,33.19806711795766,268.80588591422367
27737442,5.852821,-7.978053,0.26042910369110106,183.28416769345816,379.50202708181496
27743074,2.786032,-9.327537,0.1316931036911011,174.54576713234172,300.1257199262304
27699783,8.982839,-17.065178,10.168251103691102,4.768860881957664,407.2501890449668
27727176,1.638147,-19.764793,1.515506103691101,141.50879403920936,266.6988114173842
27727176,1.638147,-19.764793,1.515506103691101,141.50879403920936,266.6988114173842
27727178,0.083008,-5.195458,0.012529103691101051,191.3514506804952,246.5649063731607
27727178,0.083008,-5.195458,0.012529103691101051,191.3514506804952,246.5649063731607
27761311,1.41943,-18.528763,10.097117103691101,17.114397141694525,283.74798382566576
27761311,1.41943,-18.528763,10.097117103691101,17.114397141694525,283.74798382566576
27730060,-0.054298,-4.878064,0.004469103691101095,193.6054815786921,242.1373220598832
27730060,-0.054298,-4.878064,0.004469103691101095,193.6054815786921,242.1373220598832
27730063,1.629831,-11.98801,4.164195103691101,92.3733137759194,284.8728548766768
27761322,0.142926,-4.918179,0.09115210369110116,191.30504901398055,248.5450552698616
27720097,8.421453,-17.553688,5.753507103691101,88.5986722352944,367.5114116847601
27724108,-0.78155,-3.631577,-0.07592789630889896,205.73739139123148,213.2335285856051
27737466,7.31882,-9.736908,-0.19415089630889892,187.515401943779,384.98306866120765
27761328,0.587242,-10.24032,2.823207103691101,114.73282924402857,264.6192974641314
27761329,-0.069503,0.608643,1.651913103691101,132.02472755800582,224.4261199094613
27761329,-0.069503,0.608643,1.651913103691101,132.02472755800582,224.4261199094613
27719125,-0.563702,0.710767,-0.00030589630889887864,422.4990561287712,123.77934255027516
27732274,-2.470274,-11.22439,4.288431103691101,82.42241625856644,211.17441075384684
27732274,-2.470274,-11.22439,4.288431103691101,82.42241625856644,211.17441075384684
27710705,8.555291,-19.404369,11.0243741036911,8.891396663529179,382.77298639313335
27761340,1.425459,-12.969129,7.557287103691101,21.194582329610316,290.7925093323692
27761340,1.425459,-12.969129,7.557287103691101,21.194582329610316,290.7925093323692
27761346,0.721616,-6.196677,4.494251103691101,32.18109286064464,288.1414661133249
27761346,0.721616,-6.196677,4.494251103691101,32.18109286064464,288.1414661133249
27727196,3.261486,-23.961819,1.7150321036911012,140.30155737737402,278.07949531190854
27727197,3.387162,-25.469473,1.440042103691101,142.67558568474672,277.10229093934737
27727198,2.572639,-21.459618,0.3825701036911011,153.21734509525876,272.42013794655054
27727200,3.279825,-24.864338,0.9591531036911011,146.89323371316743,276.1247869634202
27732299,-2.045191,-12.218222,3.8823981036911013,95.45523612211608,220.94964210881
27732299,-2.045191,-12.218222,3.8823981036911013,95.45523612211608,220.94964210881
27724127,-0.664886,-3.865976,0.016138103691101024,200.4034531970485,218.9779647294296
27761370,2.371292,-16.298237,8.140448103691101,37.3645834949412,297.4046482802445
27761370,2.371292,-16.298237,8.140448103691101,37.3645834949412,297.4046482802445
27714259,-1.882211,-7.555587,5.084768103691101,27.581421385053147,209.0853704073357
27730072,0.118714,-5.270032,0.008107103691101125,191.03937053449985,247.62963265257767
27730072,0.118714,-5.270032,0.008107103691101125,191.03937053449985,247.62963265257767
27732320,-1.434213,-4.509076,0.23577210369110113,184.88425051967175,197.95230329659853
27732320,-1.434213,-4.509076,0.23577210369110113,184.88425051967175,197.95230329659853
27720127,10.142778,-15.998335,4.602201103691101,104.16708743794236,399.2316150507407
27710719,8.993418,-19.228729,11.020401103691102,7.569000719868114,390.67669609680354
27720128,11.81613,-18.305759,5.018371103691101,104.13192245083034,403.5243317128176
27743122,4.38569,-13.069377,0.0026611036911010633,169.4281015531235,310.5201694673989
27737501,7.113249,-8.454726,0.13331710369110117,186.50977771417456,401.10515559216265
27732341,-0.616489,-10.961161,5.206273103691101,60.78140367629533,247.1032878941284
27732341,-0.616489,-10.961161,5.206273103691101,60.78140367629533,247.1032878941284
27737502,7.761925,-9.384782,-0.1656918963088989,189.43643264281752,398.9604261899044
27761410,1.451304,-7.927451,0.047647103691101034,178.83936534844867,277.30362399054513
27727231,12.780237,-35.955715,14.1149171036911,51.07152368505365,350.39407199886364
27743124,7.714808,-23.130135,8.856020103691101,63.47175192402312,339.877488191769
27737507,12.813114,-16.155825,0.010799103691101042,173.26559589138753,407.6275612883828
27720133,10.42837,-16.556862,6.9766821036911,65.10293522337872,413.6474165485117
27761425,2.650916,-13.582416,-0.3763528963088989,171.5535110332077,282.913939700835
27761427,1.648789,-7.96151,0.15745010369110113,176.71341432483814,281.9974845605582
27761435,2.402654,-9.330844,4.158939103691101,79.97950346982165,312.9142186527053
27761436,1.895947,-7.861339,0.3257381036911011,173.8661682272658,288.6291764021455
27761439,2.101052,-8.43655,0.40166710369110104,170.63434258216628,291.15656063545794
27730108,7.225452,-23.376717,12.2736951036911,16.853911043884324,345.2510444205419
27707667,7.888698,-18.211523,9.6556591036911,24.74599721753012,375.4079911146415
27737522,12.163396,-14.453745,0.851958103691101,164.2504546584793,421.3872876793712
27761447,3.444903,-13.293416,0.5503981036911011,159.69346889421354,297.75625822098846
27737525,8.108112,-9.076711,0.03970610369110106,187.52975532675347,412.9595774533853
27761458,2.910839,-10.307071,0.7744341036911011,159.97284324188226,300.98601468751764
27732385,-0.54877,-11.422756,3.258806103691101,107.05396383484296,244.2853707997524
27732385,-0.54877,-11.422756,3.258806103691101,107.05396383484296,244.2853707997524
27761461,2.491699,-8.492434,0.2454081036911011,174.52716783949643,298.5242241796018
27761466,11.620497,-39.922504,9.208796103691101,96.52513901461562,322.8148478014496
27761469,2.966564,-9.637449,1.2601201036911012,151.4391674815854,307.5270149755368
27737529,8.29755,-9.249666,-0.16120589630889892,191.07678569443732,412.4253847705455
27707679,8.427612,-18.992228,10.8852771036911,7.974973188846008,383.6918477392224
27761473,4.207588,-13.516829,-0.2764028963088989,172.2603401330274,305.2143500991889
27761479,2.219472,-6.360629,0.553767103691101,175.16569818981804,306.0668593883383
27761481,5.108599,-14.919169,5.274393103691101,85.1067917349466,334.251690106985
27730129,2.130529,-8.846815,3.188339103691101,103.7638493513428,303.89188037294565
27761490,5.721036,-16.127384,4.854761103691101,96.74526107918756,334.58713512485406
27707689,8.883411,-19.10655,10.9667151036911,7.510724983568394,389.8614890351923
27727274,-0.562319,0.681086,0.0008081036911011807,416.091538838871,126.80399423804316
27730135,7.059685,-24.270432,8.645765103691101,69.75886352145133,327.84354099543776
27730139,4.762536,-14.848324,6.739592103691101,56.4921314971557,336.1976251754639
27707695,7.497253,-8.949806,0.072865103691101,186.20610721185824,401.69621412125855
27707699,9.237415,-18.975538,10.945044103691101,6.8594745496587,396.2208456162796
27701384,3.706118,-17.556055,0.22722210369110107,159.01246671710584,289.2790868150525
27730144,6.553858,-22.164932,7.268225103691101,80.12128799291744,326.21500419419743
27761517,8.592422,-22.297216,-0.216889896308899,162.86132316337898,325.0893312006964
27761518,2.916121,-6.770053,0.4480431036911011,177.7533065186149,320.88460801711875
27707703,10.542622,-16.884993,4.763786103691101,103.92882527597328,397.51901259036765
27761527,9.280025,-21.786331,-1.2570378963088988,173.62389070974325,330.4019396245364
27761530,6.642642,-14.884482,4.698182103691101,96.57096981857148,355.6521835377555
27761532,35.977325,-87.050591,-0.21083389630889893,150.60388445492822,338.19198679840065
27730148,1.619687,-8.221579,0.1052771036911011,176.77783816064738,280.33346430463524
27761537,8.972456,-17.942816,10.500824103691102,6.252673699375322,399.7090065961459
27761538,16.862581,-39.308273,-0.818347896308899,159.75562820074003,337.391589295573
27761539,4.757695,-10.27802,0.04654810369110107,176.48829731530353,331.8637271892297
27710761,11.555216,-15.637406,3.4710331036911013,123.16297293467856,416.9769635964024
27761544,8.766537,-18.892307,2.194578103691101,139.61185589536544,348.2240941918621
27761547,9.767968,-18.214012,10.7176181036911,4.553505117105402,410.81186930626336
27710766,10.770463,-18.729553,11.107700103691101,1.7327422765394829,423.37081886859306
27746148,2.372919,-9.430919,0.07835310369110116,174.508508544317,291.4280515739008
27671420,-1.346169,-8.977478,5.103111103691101,45.44954269046758,228.5009260709403
27737552,8.948869,-8.960286,-0.15438589630889887,193.797248854658,431.70117612506016
27710767,13.78324,-16.1835,0.7457331036911011,164.8162967651043,425.0769039625407
27761558,5.964689,-11.605357,0.10041810369110116,173.58839364575925,344.14051112185507
27761563,10.013688,-17.574141,10.5053831036911,2.839178669594787,420.7689621335724
27737555,8.622964,-8.312319,0.08936210369110098,191.54185168702548,439.1554272138932
27761565,6.244709,-11.863602,-0.353222896308899,180.5664760127054,344.5617467661502
27727305,-0.434063,-4.404828,0.022346103691101016,195.81505175967308,229.13201241266609
27727305,-0.434063,-4.404828,0.022346103691101016,195.81505175967308,229.13201241266609
27761575,2.61622,-4.082559,0.9996311036911011,174.34653111762194,350.3755720812774
27724177,-0.285241,-4.630455,-0.057991896308899005,196.824791783896,234.3187927650012
27743167,5.499571,-13.821394,0.3677601036911011,164.09790430624685,324.81450646196987
27743170,13.637566,-33.908035,9.146602103691102,89.43405049521002,351.48510075876715
27727314,-0.369377,-4.671619,0.002654103691100973,194.34433008558167,231.95759505868347
27761588,12.41207,-22.280579,5.564156103691101,104.71742658724828,382.9354735608656
27761589,24.308907,-44.956665,-2.403861896308899,167.76083669391903,360.00529633512565
27724182,-0.253582,-5.154408,0.1563211036911012,186.46355775523887,237.04210415842425
27724182,-0.253582,-5.154408,0.1563211036911012,186.46355775523887,237.04210415842425
27730178,4.401174,-16.64666,0.247393103691101,160.47536493571675,299.52865906516104
27710786,10.683027,-13.671913,4.384849103691101,102.5242111583954,434.7793463289108
27710788,13.207875,-18.127832,6.953867103691101,74.49426266514735,437.3381300522403
27707718,9.717147,-18.487097,10.8502181036911,4.41691267244056,407.9211796931595
27730189,3.025852,-10.090231,0.03561010369110118,174.37092860199868,300.88467094791577
27730190,9.681179,-18.600782,10.8832591036911,4.798184716941819,406.3661945448144
27761608,17.190899,-29.929218,2.616985103691101,140.69720369742572,375.8802224594598
27743188,8.578299,-19.092625,10.861757103691101,9.315672522992486,384.88544230290825
27730198,9.485832,-16.925148,10.2456921036911,1.7732476764785474,418.0288973727304
27732493,-0.295814,-4.433776,-0.026547896308898977,197.57075864395608,233.5783675244512
27732493,-0.295814,-4.433776,-0.026547896308898977,197.57075864395608,233.5783675244512
27727331,-0.19236,-5.070375,0.003201103691101048,191.7263453703651,238.2489873866435
27727331,-0.19236,-5.070375,0.003201103691101048,191.7263453703651,238.2489873866435
27743192,11.550826,-25.462849,7.402973103691101,89.33647156414284,363.1440739795105
27743194,8.889962,-19.256571,10.1353551036911,24.066692767926213,383.83247192607234
27743195,6.474721,-13.773383,-0.39940489630889897,176.29368556361797,335.8809697484202
27757207,-2.442104,-0.851998,1.739937103691101,111.07834960643412,22.286251203139077
27757208,-2.249752,-0.658538,1.6254461036911012,123.01781945116224,22.71038483040701
27757209,-4.000937,-1.766018,0.2058181036911011,204.73280123333905,30.759114671611627
27732505,-0.177141,-4.736069,0.10148310369110103,191.40129792409763,238.43141949099316
27732505,-0.177141,-4.736069,0.10148310369110103,191.40129792409763,238.43141949099316
27757219,-1.857524,-0.364875,1.729360103691101,109.2191125049043,22.05775541404489
27727343,-0.054528,-5.203029,0.047310103691101,189.886785446768,242.64553382385043
27727343,-0.054528,-5.203029,0.047310103691101,189.886785446768,242.64553382385043
27757220,-3.95182,-1.868692,0.3441191036911011,196.52807815427664,36.11685951997879
27707723,13.656228,-16.667044,0.02526710369110119,173.01821431059696,414.0684467803083
27757223,-3.101986,-1.585724,2.128666103691101,82.30075188698638,26.91450476428236
27743201,8.036365,-16.685598,6.806461103691101,67.33903484178308,374.3539330958462
27757229,-1.277105,0.131607,1.679616103691101,113.47777765846791,21.716454790554536
27757231,-2.370775,-0.148991,-0.03169289630889893,286.0215070877108,18.006324119081995
27757233,-1.32976,0.081693,1.6255161036911012,124.30364980063726,26.271742161920628
27757234,-4.555683,-2.639369,0.3218801036911011,185.67429806001385,46.83759540726368
27757246,-1.974974,-0.616235,1.724662103691101,112.797481287196,40.17242776283263
27757251,-4.278269,-2.416905,-0.03368989630889896,204.43771164224196,53.306127747739225
27757255,-2.278256,-0.227893,-0.0017248963088989377,280.3328332395582,31.894354595254924
27743204,8.951654,-18.766146,10.7985001036911,7.788286597292796,393.0483813267349
27732530,0.514305,-6.05466,2.061999103691101,126.24539009521573,267.2851856653297
27732530,0.514305,-6.05466,2.061999103691101,126.24539009521573,267.2851856653297
27757266,-4.875293,-3.300495,0.202564103691101,183.41237009946104,61.32844124643117
27757270,-2.146916,-0.207543,0.08105610369110106,277.4030381726553,38.05212777068593
27757275,-3.804404,-2.296116,0.32317510369110103,192.6808851706122,63.19806180129149
27757280,-2.028356,-0.850387,1.745012103691101,113.01596103872676,57.30589534790317
27757285,-2.157518,-0.268187,-0.024335896308898874,281.00115394172013,45.540060468957
27743212,9.231495,-18.407242,9.891459103691101,22.24764114107603,395.0895198243975
27757295,-2.43614,-1.484135,2.048498103691101,90.2473973936971,66.70583658713144
27757299,-2.182638,-0.384636,-0.06204289630889881,276.68613597548216,53.92758986623392
27714324,3.908852,-15.434505,4.617115103691101,97.29058305573236,310.8795183203355
27757314,-2.176346,-0.496084,-0.08709089630889899,272.60366717054194,63.07827439206841
27732555,5.143823,-21.641041,12.2911231036911,3.950752485637565,328.5949412424379
27757323,-2.086057,-0.524097,0.03796710369110112,264.2758993460874,68.81333475484547
27757333,-1.061062,-0.012799,1.8743431036911011,80.16164564492345,70.13850679233911
27757335,-6.261535,-6.169627,-0.3660378963088988,179.21622976428034,96.21858055359836
27757338,-2.096239,-0.623771,-0.08059689630889899,266.9758578296859,76.91225177046536
27757342,-0.88053,0.19977,1.826990103691101,81.66913967714484,69.23182511942181
27743220,9.521164,-18.429609,10.7691871036911,5.464847680513572,404.9509208378322
27757350,-2.927867,-2.560139,1.594725103691101,129.80171943104142,98.41953752945342
27757351,-2.225724,-1.597281,1.530071103691101,135.35280445463883,96.3446533252796
27757353,-4.481124,-4.1864,-0.019796896308899026,185.6982791773208,100.28138954242264
27757358,-2.004176,-0.636988,-0.03344989630889894,264.43331111883987,83.21602723636212
27757360,-1.995236,-0.705125,0.051900103691101096,256.3011990103764,86.36843685461062
27743230,9.828849,-18.204807,10.7401451036911,4.021832300348791,412.035318252159
27757364,-3.990894,-4.209166,2.011641103691101,112.31051938491552,102.88431450754608
27757366,-3.633488,-3.451674,0.860868103691101,161.24703156973035,103.79115607099814
27757368,-2.674247,-2.101402,0.7530161036911011,179.22886780140448,102.3640629621498
27707732,12.576332,-17.819571,4.262484103691101,114.85547272670053,413.9181481867111
27757370,-3.637858,-3.23267,-0.10219889630889889,199.88250354381464,104.80013355496732
27732582,2.90537,-18.228722,2.464264103691101,131.3035202003021,284.0703475237817
27757375,-3.120283,-3.054441,1.345334103691101,142.5341395746953,108.6747192647812
27743237,10.294504,-18.287649,10.8565081036911,2.530534150620781,419.2903983130728
27757377,-2.053884,-0.846181,-0.11287489630889902,259.8297751128967,92.8218702540864
27757379,-4.372024,-4.790124,0.8362611036911011,155.64029056735103,111.52932280596734
27707734,11.865612,-16.037973,3.3867401036911007,125.1742052118403,416.6436392133096
27757381,-1.959738,-0.816654,0.038833103691101156,252.95785555958312,95.15529028633682
27743243,8.362839,-14.276243,5.168207103691101,87.22573764378444,392.32579003640245
27757383,-4.309821,-4.636141,0.45429210369110107,168.62935283028568,112.23719333473308
27757387,-3.339321,-3.618728,1.957525103691101,113.54254366470234,111.43050221498471
27757388,-3.402153,-3.51651,1.061008103691101,153.5206504314479,112.6047659229194
27730270,3.285022,-22.021864,-0.10119389630889897,157.94767494441862,277.52979825405583
27757390,-6.225896,-7.852426,1.287075103691101,136.90229794932463,116.01958836730982
27757391,-3.286552,-3.4563,1.3313411036911011,142.33562375143822,113.525254368851
27757392,-3.822496,-4.011939,0.4681501036911011,172.68710505967712,113.7336522441303
27757393,-1.954805,-0.832049,-0.046439896308899,257.4622387792087,97.530286389818
27746199,4.740362,-10.712619,0.4899801036911011,167.24533859264903,330.96323983960406
27757407,-5.781197,-7.453226,1.117788103691101,141.68516343609835,120.23658467001847
27757408,-1.898357,-0.855763,-0.027175896308898828,255.92213978417809,102.13645609701258
27739438,-1.339633,-3.995235,0.755228103691101,170.4766628558448,196.899151885088
27739438,-1.339633,-3.995235,0.755228103691101,170.4766628558448,196.899151885088
27727384,0.387558,-4.374318,0.20003610369110114,193.13729758955176,257.1372758259668
27757414,-9.363706,-12.864876,-0.45139089630889884,159.50003629965045,123.23117026735912
27761635,-1.838382,-3.492451,0.34578810369110113,187.7303809043273,173.0691492201455
27761636,-0.405229,0.181984,1.150835103691101,221.1754747537216,172.7422549281298
27761638,-1.759582,-3.355043,0.7965221036911011,171.12349605591197,173.37064160869437
27761639,-3.29567,-7.301447,-0.09508189630889885,174.7053864804353,173.36612901826228
27761640,-4.69731,-10.85428,-1.820605896308899,189.7847240142673,173.63928248184163
27761641,-1.403176,-2.236394,-0.09244689630889891,224.6424671023724,171.8763468395265
27761645,-0.257093,0.494667,1.309712103691101,219.8848569913665,177.7126491133709
27761648,-1.888352,-4.046501,0.17901910369110108,188.77903621392463,178.66589508364171
27761653,-1.081602,-1.853576,0.20422910369110103,220.53185413593096,180.37764784223933
27761654,-1.317598,-2.720561,0.890690103691101,173.11850875631038,182.4709370778404
27761655,-1.719768,-3.969843,0.654316103691101,173.1005621243068,183.15316429594185
27761660,-1.629089,-3.773549,0.4396451036911011,182.66337408636932,184.22651738720788
27761661,-0.754274,-1.154138,1.2169081036911011,171.17459194450544,185.1242047017974
27761662,-1.466821,-3.207175,-0.268339896308899,215.1635602913589,183.8514300375745
27761664,-1.03169,-2.08391,0.17497610369110106,217.5729631100427,186.89942060702847
27761665,-1.646437,-4.216964,0.8437091036911011,165.10944262696796,188.34260958347045
27761666,-1.06883,-2.278025,0.18185910369110103,213.4560940398813,188.01365222894225
27761668,-1.328377,-3.393682,0.8435821036911011,170.52493639996908,191.06762993867625
27761669,-0.837597,-1.76693,1.078786103691101,173.66447909074373,192.2112845977516
27761673,-1.564346,-4.420219,0.8209841036911011,165.2943362590794,193.1278470618251
27761675,-1.326631,-3.749826,0.787326103691101,170.67945586104295,194.999795925601
27761678,-0.560544,0.687778,0.059058103691101094,412.9518978717296,125.09789690047738
27761681,-0.859985,-2.293853,0.28921510369110104,209.34348569396548,198.37502014490076
27761682,-0.736768,-1.787608,0.41921210369110107,212.9075682874764,198.19498627908357
27761687,-0.570167,0.701235,-0.07237089630889892,425.64080234431833,125.3949656179023
27761689,-1.173903,-4.008022,1.0350871036911011,160.23734353675914,203.21318189595533
27761692,-0.85103,-2.787329,0.569477103691101,189.65096060327332,204.6009552191352
27761694,-0.347794,-0.465939,1.4126591036911011,164.55673466961142,205.8550434720425
27761695,-0.505118,0.615788,-0.004991896308898847,405.2248325652523,140.95133870012478
27761698,-0.461828,0.675714,0.06920610369110114,412.8461454150737,141.23641512399547
27761699,-0.517333,0.735608,-0.04174689630889894,432.79706889337126,129.48411999021468
27761703,-0.723651,-2.651394,0.657069103691101,187.71473811774564,209.29394014931805
27761705,-0.803509,-3.163412,0.11376610369110107,204.39852934883064,209.32900980770413
27761710,-0.451576,0.54763,-0.04179289630889893,397.0655040377703,153.92958036351794
27761716,-1.169664,-5.586511,0.8499111036911011,161.2023097446215,213.45617485950777
27761717,-0.992792,-4.649827,0.8012651036911012,166.6980856581669,213.68702497950164
27761719,-0.549061,-2.375984,0.7041181036911011,189.527874685633,215.47427378000893
27761726,-0.730073,-3.740521,0.8801441036911011,169.15280155257906,217.73917543287
27761727,-0.130443,0.207486,1.4450101036911012,177.62376953695468,219.54132045037247
27761728,-0.470664,-2.253471,0.710835103691101,191.1766763325241,218.53596796758828
27761731,-0.599477,-2.980654,1.207827103691101,158.990737858204,219.1233470182967
27761739,-0.722196,-3.764188,1.526023103691101,141.696594920783,219.7290084632377
27761740,-1.109209,-6.947497,0.712816103691101,161.28919818374706,220.5316660214868
27761742,-0.710049,-4.334045,0.8397271036911012,167.66519395909597,221.60115595789628
27761744,-1.064136,-6.856679,1.035711103691101,153.2482996512802,221.8240794824719
27761758,-0.770571,-5.931012,1.365008103691101,145.7633324849296,227.14429444672348
27761760,-0.413376,-3.594755,0.22527910369110105,196.7883713812545,227.40913652690315
27761776,-0.440163,-5.416328,-0.22103089630889894,194.71381837740088,231.27220598224784
27761782,-0.17343,-1.078786,1.572581103691101,144.23774211624328,233.47659041231856
27761788,-0.066397,0.14556,1.6602381036911011,133.2543567758459,236.6013888025417
27761789,-0.081917,-0.099732,1.641051103691101,137.529814366277,236.40851080355844
27761793,-0.146888,-0.905248,1.7169341036911012,129.19079568227295,236.04951008530452
27761797,-0.198233,-4.123437,0.23800010369110103,192.02207258962036,236.9567321486122
27761802,-0.107701,-0.501883,1.7353671036911011,124.62108199703658,237.71003775316825
27761804,-0.868403,-15.61282,0.825820103691101,148.87080649136027,238.4975444311604
27761807,-0.105149,-0.536068,1.785250103691101,117.93431069909886,238.91160509743668
27761808,-0.09049,-0.332829,1.797856103691101,113.12716839265,239.59453618785105
27761809,-0.140795,-1.479282,1.754945103691101,127.9712741602205,239.94431327843284
27761811,-0.239227,-4.627246,1.4961661036911011,143.7727429635748,241.06069771777172
27761815,-0.352431,-8.862804,1.166522103691101,148.83830398297073,241.87632422790563
27761816,-0.073898,-2.349066,1.1528051036911011,168.06522748038378,242.53651052958185
27761817,-0.061559,-4.123981,0.20081210369110103,193.7755803623878,241.5996044821036
27761819,-0.016339,-0.869688,1.3308791036911012,170.69618730642097,244.6017419604576
27761822,-0.349291,-4.95013,2.5583841036911013,101.36746680316008,241.7501644233199
27761825,-0.117535,-3.767022,1.622442103691101,139.27265574798707,245.1311389726941
27761830,-0.125202,-8.5343,1.0504181036911011,152.1555284618804,246.08211775959123
27761831,0.043223,-4.895704,0.17710210369110113,188.55694017610523,245.7706924590241
27761834,-0.826101,-5.313524,4.671797103691101,2.9318544154254766,232.48004123386983
27761835,0.12959,-24.064512,-2.1447838963088985,171.10405552671875,247.6021559204628
27761836,0.135175,-5.44664,-0.032380896308898954,190.96529693566464,248.0230295181793
27761841,0.034707,-4.575562,1.230248103691101,154.70328749968053,249.5955604856328
27761843,-0.708785,-5.205666,4.550871103691101,6.990866577117515,236.4196865260872
27761844,0.071296,-4.395646,1.135677103691101,158.9103653577202,250.46181119270173
27761849,0.30452,-7.2744,-0.4120458963088989,189.51280485332467,251.2345369123041
27761852,-0.635771,-5.505106,4.6142581036911015,10.94538747535455,240.25367974190704
27761855,-0.571631,-5.687495,4.616046103691101,15.073794693494932,242.99600395064203
27761856,0.165038,-8.573346,1.733025103691101,136.9450234479654,254.11780913713324
27761857,0.232973,-10.205973,1.4841281036911012,142.31513541211092,254.21664761276944
27761859,0.270297,-4.76505,0.4694311036911011,180.96860594670085,254.15541557515365
27761861,0.297725,-5.044622,0.5183791036911011,177.77458114852277,255.06603645176784
27761864,-0.485637,-5.620204,4.509383103691101,19.12008296681671,245.69828353643155
27761868,0.62852,-10.028163,-0.503413896308899,180.14509564452484,256.45193951275365
27761869,0.281009,-3.011918,0.44624810369110113,197.64333859663876,255.8844747633462
27761877,0.409464,-4.476648,0.18013510369110097,192.9761673856108,257.6664518118872
27761879,-0.291949,-5.606843,4.327846103691101,28.17561139364264,252.13365475353575
27761883,1.04967,-11.99236,-1.2385788963088988,185.84151058467972,260.2798780944547
27761888,-0.491144,-8.584973,6.123873103691101,5.866112678268365,252.46535504751364
27761895,12.88242,-210.676376,7.475499103691101,133.4536515322456,264.1741615569138
27761897,-0.090709,-6.646288,4.546506103691101,36.59918834225502,259.2712177582881
27761899,0.421615,-3.759411,1.2677991036911012,156.94292095150183,265.6457798984733
27761903,-0.24182,-8.832242,5.922224103691101,17.239194514622227,258.18823027286254
27761904,1.07499,-10.919153,0.5966891036911011,159.39682915960623,266.16630223745153
27761907,-0.156402,-8.374332,5.611260103691101,21.5069119398232,259.74857903952585
27761910,0.526221,-5.66138,1.782650103691101,135.26474857275247,267.212386193405
27761915,0.655453,-4.714914,0.581901103691101,178.8014864999854,267.50112677075384
27761916,1.169092,-9.339616,-0.37260989630889885,181.18248167691945,267.2084314893796
27761919,0.0682,-5.575544,4.031167103691101,42.5188198615015,264.0485733522328
27761921,0.965455,-11.83029,2.856043103691101,117.61752467110009,269.34734763269404
27761922,0.152729,-5.655034,3.9570741036911015,47.441986691645866,266.5303463642349
27761923,0.05093,-12.110866,7.166574103691101,21.489063058475665,265.05970025190817
27761924,0.115446,-8.782888,5.527633103691101,30.39689697572797,265.9690991066598
27761925,1.248735,-8.76012,-0.04286789630889887,177.12120082557982,270.79156848474923
27761927,0.320635,-7.54332,4.5102591036911015,50.68769570908617,269.7787948830474
27761932,1.633312,-10.391991,-0.2054928963088989,175.46387616589237,274.2513839375292
27761934,1.297017,-7.576338,0.09931310369110102,178.8444151557212,275.018004834841
27761939,1.110775,-6.014413,0.5277031036911011,174.68533340878253,277.00991068350265
27761943,1.569998,-9.257794,0.8511611036911011,158.18674766890956,279.2661156593751
27761945,0.738486,-7.539164,4.146473103691101,64.08435820208689,279.8473067565285
27761954,1.388833,-14.251152,6.707146103691101,51.28355491929747,283.24426824804084
27761955,0.840843,-6.690839,3.7369011036911015,70.69421549641797,284.26841680480413
27761958,2.72311,-12.922291,-0.24232389630889895,171.16211237033966,285.7993587218113
27761961,1.144449,-15.080376,8.918293103691102,10.46497798510211,284.2675074998956
27761962,1.134053,-8.166844,4.0396791036911015,73.71050041839962,287.3864561664945
27761963,2.456155,-11.132884,-0.15359789630889886,173.76374592313454,286.5822436927743
27761968,9.343809,-53.741013,4.014375103691101,131.44697932931814,288.69130823353635
27761976,1.446924,-12.991869,7.240769103691101,29.22662416463345,289.86508087966047
27761977,1.46222,-9.044689,4.049793103691101,80.13076867349918,291.62564922018964
27761981,2.339168,-15.616188,6.3914661036911005,65.96768057161844,293.28820720300945
27761984,2.18385,-17.100933,8.529079103691101,35.57525589113095,293.44121226399693
27761987,1.837378,-10.107017,4.155247103691101,84.07024854166627,295.7755286959523
27761989,2.486758,-14.214923,5.671222103691101,72.58119668386254,297.66122297800734
27761992,2.099898,-10.186563,3.9334441036911008,90.3419229667831,299.93938122512753
27761996,3.156703,-16.110435,5.875176103691101,77.8386373075823,301.924809064666
27762013,3.773552,-14.729616,4.483066103691101,97.45279597352176,311.30600273115533
27762015,8.142971,-27.904133,0.7963171036911011,150.18365989283177,309.2403180196793
27762027,3.33501,-10.451447,1.510198103691101,146.1944959751013,311.59028831370347
27762037,3.126152,-8.506412,0.39137810369110104,172.60554725041305,312.84880050757124
27762042,3.098779,-8.197298,0.271863103691101,176.25183386422117,313.54472602008366
27762046,22.565453,-67.947235,-5.960253896308899,168.7737075167586,314.86565294818735
27762064,3.015005,-7.212843,0.4019711036911011,177.11952624427698,319.4498705698119
27762066,4.493918,-14.084663,4.431862103691101,97.05909072942204,325.47003248053073
27762069,4.492857,-14.715736,5.648603103691101,76.85901748841098,327.4321883011424
27762070,3.856636,-9.670008,0.7671211036911011,162.92891489002545,322.59729776184145
27762079,6.425698,-20.203697,7.037673103691101,76.9777069645449,332.0374780619312
27762087,3.868244,-8.524432,0.38402010369110107,174.15222892829075,328.87860230047664
27762098,4.909698,-12.881153,4.268895103691101,96.66460513159495,339.2463702091904
27762099,3.313207,-6.98655,1.1098701036911012,160.4262635961077,334.4607050660519
27762112,5.46323,-12.073496,1.521382103691101,147.86535792219553,339.84773021570913
27762115,218.404785,-587.788147,112.4408891036911,96.58212131408308,344.9594366781989
27762124,5.870465,-16.61623,9.4691861036911,14.529339228156829,356.00748536855576
27762128,2.663937,-4.363536,0.7875061036911011,180.69600454777893,344.5833368171724
27762134,5.728775,-12.938036,4.349217103691101,96.0368728525132,353.80449835401134
27762136,3.284147,-5.637644,0.6920851036911011,177.71502204884044,345.9411329299212
27762142,10.830006,-29.350998,16.1503551036911,1.1052409054899217,366.96410049742576
27762143,5.777865,-12.396265,4.2503401036911015,96.20250890507744,358.83076636555023
27762155,21.34696,-43.084335,0.9614911036911011,150.61884556762502,355.52604649567235
27762158,6.558922,-11.495169,-0.1834638963088988,179.481494613508,353.5238854886473
27762160,6.031848,-12.356143,4.248869103691101,96.34534099486844,363.953376100341
27762161,25.823326,-49.598427,-2.770815896308899,167.2410657486891,355.9815341245553
27762167,49.631615,-97.711838,0.4622621036911011,150.17814014257868,360.3560187492511
27762168,4.578106,-7.338873,0.30562810369110105,182.4694091337288,356.78436650983633
27762176,21.50012,-40.710884,2.014073103691101,145.44564181078994,364.6593704082343
27762177,15.9482,-28.585293,-0.9810778963088989,168.01103828219232,361.9257964582867
27762181,7.832411,-16.107586,6.6007551036911005,68.08441177480722,374.9934691255168
27762182,7.254038,-14.256726,5.013718103691101,89.1778108504189,372.6514495023778
27762183,6.047573,-11.530149,4.129543103691101,95.864483483453,371.9403059846533
27762184,6.545301,-11.128194,1.135229103691101,157.40782998463453,364.62695864966975
27762186,4.454021,-7.9233,3.145585103691101,104.69711112701007,372.365411915919
27762190,7.725651,-17.131237,9.956923103691102,9.590317465271482,384.4106964695107
27762191,0.855508,-0.27988,1.4174361036911012,181.989501811424,365.7959303162632
27762193,5.505201,-8.787189,1.068803103691101,161.46553506672774,367.90992116049466
27762196,7.35692,-13.662193,4.917725103691101,88.84396252920473,379.5778565520063
27762197,6.563629,-11.907358,4.230282103691101,95.62548056226554,378.7703281767919
27762198,7.616219,-12.86735,2.036881103691101,141.2748039222215,372.97217875627433
27762202,8.316712,-17.421665,10.175519103691101,7.909432798163465,392.4839527811459
27762203,9.298794,-16.706369,4.5706431036911015,105.54598044396197,380.1989924037951
27762206,0.999917,-0.437191,1.392304103691101,182.8454563476625,372.9595233274763
27762208,6.502272,-11.255292,4.111841103691101,95.67616024193288,384.3737976750499
27762210,8.00912,-14.168194,5.067408103691101,88.45327371368089,386.706664357048
27762211,8.479784,-16.942842,10.0098161036911,6.850115723920766,399.1075212161364
27762214,6.624604,-10.984938,4.069745103691101,95.69983538099814,390.11098776425166
27762215,12.217973,-18.875839,0.2780251036911011,164.95442337197244,380.17132076119145
27762218,7.289252,-10.542564,0.5676361036911011,170.3775149211435,380.8372854353907
27762220,4.390408,-6.795691,3.443201103691101,88.05812935831278,394.3058687276557
27762221,2.791169,-3.135465,0.9890211036911011,183.3512962273468,380.7438869012881
27762223,8.913151,-16.86096,10.065985103691101,4.926013362832464,407.7180193991763
27762224,14.094738,-23.678455,5.895816103691101,104.16346026494296,393.10460695073385
27762225,8.204266,-12.426127,2.050488103691101,141.87194556246612,387.6798340719258
27762229,10.063087,-15.084202,1.451047103691101,152.2080791829153,387.49451664226274
27762231,7.155231,-11.333683,4.170975103691101,95.34129754271596,397.5315099516829
27762232,2.396452,-2.412778,1.085760103691101,184.41620519694783,384.7483030041364
27762234,7.816119,-12.508788,4.752118103691101,87.90328167243095,400.1511471077668
27762235,9.349377,-16.952785,10.170561103691101,3.6718065630608976,414.7828241882636
27762236,8.490649,-13.259014,4.921166103691101,88.15682238139249,404.7196357046993
27762237,7.1869,-10.910435,4.100124103691101,95.30125129679756,403.6294673760215
27762239,22.10257,-35.337715,8.080964103691102,103.24773699686094,403.67636045386325
27762240,3.716719,-4.16828,0.808997103691101,185.31585833641444,391.1808073000562
27762244,28.211399,-40.513176,-0.7526308963088988,163.90224728126756,396.8615471103516
27762246,5.948171,-7.140312,0.23934110369110106,188.46835483832956,394.6928473468277
27762247,7.320506,-10.569883,4.064843103691101,94.8514094492837,411.55574495999554
27762248,9.987261,-16.656078,10.163395103691101,0.8864462929933836,429.5929621239584
27762250,9.312588,-13.502827,5.024180103691101,87.79228102993676,417.5848145396534
27762251,10.455215,-13.39645,0.35400110369110105,171.55449482852808,403.0935628724732
27762255,25.497149,-34.670982,-0.03748589630889887,162.14942530647323,406.03337733186936
27762256,7.262756,-9.833484,3.9114321036911015,95.40363027672092,421.2691826820627
27762257,8.984885,-11.093611,0.7759691036911011,167.87048612465674,408.28634253129127
27762258,6.334773,-7.306096,0.831507103691101,173.64196389163357,408.94981598058166
27762262,7.333239,-8.348772,0.14447410369110103,187.27607966647764,408.0957491933282
27762265,9.875568,-13.568459,5.116753103691101,86.66547729035415,427.9083094767021
27762266,7.502367,-8.879742,1.164631103691101,162.87332420597207,413.8751878218956
27762269,14.711084,-21.347626,8.8837601036911,58.94318124662576,434.98563380238375
27762270,8.001822,-11.061848,5.908306103691101,49.76355522710958,438.81296110553046
27762271,6.004286,-7.515078,3.462706103691101,94.85677150331608,429.9729594479065
27762275,6.470292,-8.679955,5.247826103691101,43.792254412528735,441.9790385014511
27762278,11.845373,-14.178783,0.9004161036911011,163.5999368463276,420.0089155131189
27762279,8.041776,-8.826069,0.05227510369110111,188.35339359318596,415.6702190477803
27762285,8.239,-10.348185,4.077653103691101,94.63097101959832,436.9486575058108
27762288,11.785364,-15.012671,4.605344103691101,103.13647432577724,436.88535718938886
27762289,7.87881,-8.750644,1.139391103691101,164.52469504782064,424.8941478847232
27762292,5.622761,-6.611946,3.5112041036911013,86.06359267106632,442.5424324812523
27762295,7.933299,-9.531524,3.926583103691101,94.3985523821638,444.3065471120676
27762306,1.253157,-0.224514,1.404537103691101,191.32488405678237,432.1018100422025
27762310,8.862027,-9.174412,0.641378103691101,176.13472025063578,434.5736800576104
27762328,7.623607,-7.153633,0.271782103691101,191.83141619716,440.4681815405892
27763915,-4.317271,-1.473126,0.08217910369110104,214.39969266414303,0.5362972366117731
27763938,-4.241039,-1.611295,0.08691210369110114,211.96741568688967,12.811267493403136
27763945,-4.677628,-1.993425,-0.004198896308899025,207.37119297711664,16.57105842035955
27763954,-2.611351,-0.894198,2.040943103691101,76.95386313334856,1.291128994223243
27763962,-3.799626,-1.884588,1.7922911036911011,110.456832260171,15.273283242425322
27763964,-3.068196,-1.350016,2.046244103691101,85.3180251230531,11.85258408438756
27763967,-3.354332,-1.522393,1.628530103691101,122.009331124477,19.018641041029497
27763973,-4.320444,-2.088418,0.43370810369110113,187.4108151045653,29.290292955213232
27763974,-7.597747,-3.633105,-4.284226896308899,288.08818476232466,38.06841149679286
27763978,-5.211019,-3.07517,1.211355103691101,141.73562426891027,27.78584421078267
27763984,-3.285815,-1.582937,1.647268103691101,121.22636371338028,27.211377189091166
27763985,-5.247957,-3.124066,0.8064551036911011,159.28101595514354,34.34238149450647
27763986,-9.408183,-6.362702,-1.0416068963088991,186.5935152990565,39.01065164797183
27763989,-2.596326,-1.065914,1.9852351036911011,87.59664377408538,22.642747966567867
27763990,-4.542699,-2.529441,0.7951171036911011,165.28566035912456,35.60882075670574
27763998,-6.136894,-3.904557,0.21643810369110117,174.66513943578218,41.08046143710635
27764001,-4.251027,-2.311276,0.585160103691101,178.17094996952812,40.89813770218416
27764002,-4.950735,-2.865185,0.22645010369110108,185.8874651965715,42.41806303837657
27764006,-2.803748,-1.290555,1.7964121036911012,108.73826536776863,32.5684850971291
27764016,-1.782414,-0.015813,0.34325210369110104,274.29514489895246,43.10116006899588
27764017,-1.90117,-0.085604,0.18312510369110102,280.78766597954257,44.38997602738101
27764021,-2.517756,-0.897235,0.9211311036911011,185.3261083668302,44.52227498244403
27764025,-0.943012,0.429324,1.6351711036911012,122.3657977415462,19.588933618547088
27764027,-2.026386,-0.223087,0.06803110369110099,278.9321165219718,49.62722636106341
27764037,-2.484025,-1.19998,2.041853103691101,85.08324384024439,41.87894701436119
27764038,-0.946969,0.473662,1.346087103691101,193.38411771195416,31.897628048019868
27764045,-0.862951,0.452487,1.740216103691101,91.69685962882966,21.419274897961657
27764047,-0.746839,0.663224,1.3371301036911012,215.3851224537416,27.949281887931196
27764053,-1.353019,-0.053578,1.7168541036911011,109.5570000573878,40.37836900507173
27764063,-0.782914,0.590321,1.3721621036911011,199.0068000556553,36.36425014484328
27764064,-2.00611,-0.367713,0.04652310369110113,272.4681157169512,63.39937673736446
27764065,-2.119173,-0.659039,0.683064103691101,212.8171608917174,61.60793299084122
27764068,-0.549639,0.807274,1.453200103691101,202.4287310656429,21.30557258292288
27764076,-0.561089,0.78655,1.4564221036911011,198.40894013489125,25.55883796926093
27764077,-2.228425,-0.649019,-0.08075389630889895,264.5263599071566,69.48817431535772
27764079,-0.6381,0.708431,1.415537103691101,201.34030934876577,34.951035162766146
27764085,-0.657392,0.677376,1.437814103691101,191.26428698898667,37.08317479616417
27764087,-2.237292,-0.714378,-0.10416489630889902,263.0097797678779,73.38839552564619
27764101,-2.005335,-0.556627,-0.004992896308898986,266.3448262461514,77.64095347688377
27764107,-4.430624,-3.339887,-0.11034389630889896,196.00618863312712,80.62548446064412
27764108,-2.193788,-0.772777,-0.09124889630889887,260.2381601935424,79.44793126015779
27764111,-1.920522,-0.52874,0.052796103691101104,264.8650567849286,80.89098821440717
27764113,-4.407393,-4.411201,3.9803551036911013,16.71858921688394,76.43678978561849
27764114,-4.028601,-3.474039,1.961557103691101,110.69198164902292,79.75176846704053
27764116,-4.389535,-3.418769,-0.10369389630889891,195.15616278584497,84.2224250300342
27764119,-4.354329,-3.441376,-0.19327189630889885,198.1571671642883,86.76021895011272
27764125,-3.370104,-3.145622,3.110995103691101,41.06137677194605,82.94372731795727
27764126,-5.091297,-5.214391,2.917500103691101,79.64030267455414,86.45685075714866
27764127,-6.995726,-7.393564,2.241083103691101,111.0571902611889,88.64972354716659
27764128,-4.912745,-4.268171,-0.14344689630889884,187.61378978630495,90.37052195290543
27764129,-4.19147,-3.384166,-0.13435389630889882,197.30322699053832,90.11454416069584
27764133,-1.553251,-0.614344,1.861808103691101,98.09885558696084,77.80629413604049
27764134,-5.34735,-4.87674,-0.05392089630889885,179.84920127048673,91.54449402615188
27764135,-3.339851,-3.133762,2.9346421036911012,52.695647690917326,86.0479172005056
27764136,-4.284026,-4.288089,2.8295691036911013,75.15895495906813,88.17117271206789
27764137,-2.181614,-0.969593,-0.13034389630889898,254.98718538745263,91.361232678967
27764140,-3.407645,-3.212671,2.7697631036911012,64.65017725029821,87.87932390766869
27764141,-1.918042,-1.186507,2.186894103691101,71.57327677437428,82.67178432070827
27764143,-4.333411,-3.692853,-0.1263448963088989,193.5874359623141,93.6237191512778
27764147,-3.061523,-2.801112,2.739582103691101,59.50111799763744,88.36211521049711
27764149,-5.799405,-5.869598,1.034964103691101,144.59317802140382,94.0658521222994
27764153,-3.288131,-3.069566,2.524207103691101,77.79558442130994,90.65115314953108
27764155,-3.925488,-3.794078,1.982356103691101,111.71984148951115,93.83552976688244
27764156,-3.614835,-3.343645,1.787282103691101,119.80923140003766,93.57845494992516
27764163,-1.821766,-0.664374,0.07715010369110109,258.162793210891,95.73397996158096
27764174,-3.342422,-3.108371,1.677413103691101,125.33714943421772,98.15576717479976
27764175,-2.095083,-1.051014,-0.10134489630889898,251.2364113625299,100.12316840325708
27764176,-3.183411,-3.07086,2.234023103691101,95.36825237318388,98.53244534010815
27764179,-3.103945,-2.820355,1.525069103691101,133.44484904869182,100.27031282713396
27764180,-3.526898,-3.370759,1.4172341036911011,137.71030704764885,101.14508998263392
27764181,-3.887535,-3.783633,1.088722103691101,150.21181826061294,101.96564379438652
27764185,-4.701965,-5.140657,1.878339103691101,119.384602013919,103.41110126692328
27764190,-4.511472,-4.521525,0.152612103691101,178.07587910922058,105.71794301993968
27764191,-2.889191,-2.378973,0.6047621036911011,182.86193013373756,103.52654001689024
27764193,-3.656529,-3.279028,-0.13759489630889887,200.5707715387899,105.59552300517608
27764196,-4.409192,-4.760166,1.554950103691101,130.85201455958708,105.6591499846694
27764197,-4.679375,-5.097986,1.391530103691101,136.1857243413699,105.99559417585064
27764198,-4.288417,-4.227361,-0.010729896308898867,185.72531617535904,106.86900301703206
27764199,-2.109832,-1.185004,-0.14295989630889894,248.87148670302224,105.7009403189784
27764202,-2.87391,-2.782354,2.093177103691101,101.82513362847376,104.12068352115772
27764203,-3.052874,-2.790267,1.108066103691101,154.90575594128055,105.31548984466347
27764206,-3.149867,-2.886617,0.7727441036911011,169.75843985321484,107.01983621546844
27764209,-2.091775,-1.235224,-0.1479588963088989,247.6718553476895,108.88611188425166
27764213,-4.039299,-4.312402,1.047186103691101,150.32624510301764,110.13760928786871
27764214,-4.76403,-5.289894,0.744927103691101,156.30744440054497,110.93515887229684
27764215,-3.25321,-3.001163,0.27011610369110106,189.70372240621865,110.0416826932612
27764216,-3.44153,-3.187416,-0.13946889630889903,202.51829661523823,110.8310527267956
27764217,-1.762602,-0.833493,0.07181610369110114,252.13712949976735,108.72283559683544
27764224,-4.441607,-4.759483,0.22408310369110107,174.80344030146048,112.15841190274227
27764226,-2.416776,-2.268513,2.0338191036911013,102.18385769244604,108.8890910470696
27764227,-3.877147,-4.260484,1.405913103691101,137.38296899880834,112.03122064591818
27764228,-4.071517,-4.33248,0.5000571036911011,169.20153754561244,112.74630331117608
27764233,-3.784367,-3.911148,0.2881211036911011,179.67786503816006,113.75530204092222
27764238,-1.836392,-1.013453,-0.030841896308898997,250.81668687114023,113.44050267911643
27764241,-4.446787,-5.227392,1.2297821036911012,142.04499616569575,116.0180729865458
27764242,-3.024737,-3.06659,1.193119103691101,150.1214412743747,114.18403514666667
27764243,-3.312602,-3.469772,1.058025103691101,154.07522702550602,114.75259800901692
27764246,-3.837591,-4.493102,1.7753111036911011,123.40771299633104,116.45353329368632
27764247,-7.324871,-9.677967,1.217522103691101,137.08557011727217,118.65389516797528
27764248,-3.542357,-3.540011,-0.45483489630889884,208.87814067522143,117.6191114833706
27764252,-1.985453,-1.297165,-0.10398889630889885,244.28966740495025,116.91540497187384
27764254,-1.800438,-1.058772,-0.015151896308899016,248.6548116679041,117.43073132194978
27764260,-3.951623,-5.340775,3.4002681036911007,62.579076719086885,122.22407930076044
27764262,-5.013955,-6.513688,1.584046103691101,130.6165166170067,121.950918732432
27764264,-6.926726,-9.282599,0.545169103691101,150.8320192271618,122.84827380933385
27764265,-6.375186,-8.086924,-0.889968896308899,182.00182753304767,122.99530191439572
27764271,-8.443293,-11.591926,-0.3314398963088989,160.63932337786517,124.36740324986438
27764277,-11.058657,-16.14028,-0.092237896308899,150.28001257881664,126.873131293532
27764278,-4.689322,-5.847072,0.12016410369110098,172.14364087149033,125.01232012255272
27764281,-3.438791,-4.830588,3.6894211036911013,42.16700014826182,127.1729483974286
27764283,-4.213841,-5.784516,2.663257103691101,95.22468072595072,126.3170002257721
27764286,-3.589904,-4.138876,0.2109111036911011,181.39180800654128,125.1351754015583
27764287,-1.760178,-1.145342,-0.02053689630889899,246.37673135544537,123.42738349232428
27764301,-3.496191,-4.906534,2.937385103691101,78.46387874700969,130.6045275368681
27764303,-4.191449,-5.645064,1.365516103691101,138.24477938114703,129.81315839973894
27764304,-2.726192,-2.836105,-0.11181889630889885,208.94169366635276,128.59579195950215
27764305,-1.752358,-1.235246,-0.034611896308898826,244.3230377166058,127.40366100083676
27764309,-4.143733,-5.578497,1.171678103691101,144.3559330915367,130.74749526136844
27764310,-1.868184,-1.448713,-0.07098989630889885,239.0687793111985,128.6100170592523
27764313,-4.201473,-5.577779,0.4818711036911011,164.49579073247935,131.73288941977495
27764316,-2.968281,-3.387754,-0.0634938963088989,199.44094300724825,131.7397230373727
27764329,-2.613028,-3.772643,3.237627103691101,48.09287233159813,137.53874674498246
27764334,-2.603073,-3.040365,0.5534591036911011,180.3512063391896,134.64352758082526
27764335,-3.267734,-4.097452,-0.17424889630889884,195.21340829819763,136.04457050021486
27764336,-1.736965,-1.3999,-0.068199896308899,241.258652500919,134.24791000108934
27764337,-1.736311,-1.697744,1.439837103691101,144.49898508271713,132.7461890002899
27764347,-1.646388,-1.334009,0.001151103691101163,240.22908740968543,136.73191639613793
27764349,-2.288425,-2.59265,0.36209010369110106,194.5132778435201,138.06943948075647
27764354,-2.263436,-2.713349,0.8124661036911011,172.8029655187146,139.74022261489023
27764370,-1.622712,-1.496099,-0.027676896308898913,237.3138192052754,143.33237570555008
27764373,-1.784504,-1.866275,-0.11828289630889888,231.4018547273336,145.63289718114723
27764375,-1.583004,-1.514848,-0.012870896308898816,236.333232757458,145.98625078395048
27764381,-0.419448,0.585344,0.027918103691101148,399.44150459731645,155.09181101492
27764382,-0.410214,0.599138,0.015025103691101105,403.3466560496345,155.63859059670557
27764393,-1.556786,-1.658686,-0.029133896308898954,233.59141846059708,151.4482648474641
27764399,-1.522507,-1.809404,0.961684103691101,176.59401203378656,152.49823319163642
27764415,-1.318275,-1.487606,1.0464691036911011,176.01116692629654,155.08207183214722
27764417,-1.648029,-2.114354,-0.10030189630889885,226.0412438709476,158.02775890143633
27764418,-2.648865,-4.540713,0.25681510369110105,180.23513929925272,160.62761985295472
27764422,-1.517456,-1.900365,-0.06928189630889903,230.00973799590707,159.52635246678685
27764425,-2.62135,-4.562921,-0.04386689630889884,189.49740634743236,162.36424489126276
27764431,-2.580677,-4.677922,-0.04420389630889887,188.7876892231855,165.02177219815837
27764439,-2.585965,-4.986625,0.3561641036911011,174.81659379424107,167.9310204524284
27764440,-2.419489,-4.526564,0.21587310369110102,182.3235467492021,167.51331786212447
27764442,-1.441485,-2.004961,-0.052795896308899026,227.40506561444,165.49168984563448
27764457,-1.993526,-4.083758,0.6635061036911011,171.21366531609664,175.0260529832564
27764459,-2.443984,-5.347612,-0.20971389630889892,189.25995045126504,176.39632280383665
27764460,-1.426333,-2.48352,-0.059216896308898814,218.53706999944532,175.01144312790697
27764466,-2.091332,-4.691581,0.19249210369110115,182.97418501200104,179.3965166020248
27764467,-1.311401,-2.309665,-0.061400896308899,222.3908511800258,177.32932090885924
27764470,-2.291075,-7.532293,4.994708103691101,30.340325596433928,197.50010693595425
27764472,-2.090441,-4.749538,-0.006761896308898896,188.63871866163817,180.17915846342837
27764478,-1.890925,-4.312025,0.21486610369110104,185.51758868810987,181.5514014852906
27764480,-1.397711,-2.864904,-0.27160889630889895,220.7549879094934,182.139863977924
27764482,-2.090849,-5.245361,0.20733510369110109,179.20762277207348,184.78296366413795
27764483,-1.414312,-2.976916,-0.17655489630889898,215.3505750325351,182.8896452724794
27764486,-1.519148,-3.47414,0.8194941036911011,170.32651878692235,184.48057048170352
27764488,-1.409592,-3.166769,-0.2289988963088989,214.56308160421816,185.50049400495956
27764492,-1.38283,-3.272043,0.779744103691101,173.8276632615523,187.39962282316336
27764495,-1.178398,-2.626409,0.045718103691101186,213.032972909754,187.924604217561
27764496,-1.250708,-2.899284,-0.18480989630889888,217.60450982895924,188.4525947689833
27764498,-1.915797,-5.548546,0.6637531036911011,164.9936496218261,192.12202709231263
27764505,-1.477985,-4.211624,0.629579103691101,173.3842027722451,194.0575043999303
27764508,-1.178104,-3.059841,-0.07820889630889893,211.4963767853205,193.22545840664927
27764509,-1.509368,-4.554625,0.6639651036911011,170.2676335992659,196.0960529599902
27764512,-1.193538,-3.302245,-0.2542948963088989,214.51574947662655,195.1527560487725
27764520,-1.03096,-6.434657,5.219485103691101,1.6770691897659162,230.44813364854355
27764521,-0.901633,-2.455735,0.727055103691101,185.6390968219859,198.6722178991215
27764527,-0.958559,-3.016021,0.07893310369110118,207.0094089410503,201.6989156134518
27764530,-0.907343,-6.745352,5.222074103691101,8.274611728496467,235.44922539986317
27764532,-0.335375,0.060541,1.474431103691101,164.80808570559708,189.4252308924791
27764534,-0.923149,-3.152747,-0.06284989630889881,210.7588739984197,204.2431931278341
27764538,-1.708857,-9.898958,3.827431103691101,87.36469048246417,221.01887780829605
27764540,-0.206697,0.729111,1.557928103691101,167.7986677237841,161.85590311473825
27764541,-0.909047,-3.4083,-0.13389989630889887,210.015878631839,206.83770045102835
27764542,-0.906407,-7.986513,5.675021103691101,12.487603464006211,239.1932434807826
27764543,-1.847519,-10.635408,3.091282103691101,106.95669853871296,219.5198904499424
27764545,-1.659035,-9.964458,3.349627103691101,99.18577828257496,221.57207288665165
27764546,-1.787802,-10.380983,2.877591103691101,110.95442290329083,219.6801129233508
27764550,-1.653641,-9.576415,2.2051631036911012,124.2497233333216,219.16143047547877
27764551,-0.869785,-3.630048,-0.017132896308899026,203.3443280220473,210.1109402601062
27764554,-1.148114,-7.416725,3.3478631036911013,87.2999421013107,225.66340739131584
27764555,-1.542383,-9.714495,2.963728103691101,107.49603124376962,222.69136148636647
27764557,-0.740205,-2.844972,0.6122791036911011,187.598818964995,210.2055640449235
27764559,-1.271971,-8.390757,3.241434103691101,95.73512955332669,225.2954376757743
27764561,-1.031359,-6.792686,3.093595103691101,91.78940656606363,226.31932656915723
27764562,-1.193234,-7.699346,2.8487361036911008,103.86705798489552,224.46341743246973
27764563,-1.411152,-8.423797,1.769008103691101,133.47905982688883,220.06297617159817
27764564,-1.295754,-7.249329,1.198385103691101,148.01866346140616,217.8832811029328
27764565,-17.162615,-119.312347,-11.064127896308898,159.47549464658124,219.5301882124353
27764566,-0.801991,-3.631464,-0.11674789630889881,207.07748952891683,212.42253058512333
27764570,-1.303671,-8.751882,2.492594103691101,116.53748149998192,224.36124708264904
27764574,-1.322032,-8.684432,1.8441291036911012,132.00692480630642,222.82104752614808
27764575,-0.762248,-3.750097,0.018562103691101006,201.1825082730906,214.85180137229415
27764576,-0.879862,-4.73025,-0.47816289630889885,206.3430126942775,215.6024425874631
27764579,-1.173342,-8.390661,2.566192103691101,113.96499159378192,226.3833070107766
27764580,-1.221363,-8.561235,2.322988103691101,120.45469804776695,225.36394696531264
27764581,-1.349806,-9.516049,2.186988103691101,124.9911273597796,224.90288087666568
27764583,-1.136262,-7.118687,1.3316491036911011,144.9752246386388,221.4285536524278
27764584,-1.272774,-8.029532,0.836198103691101,155.70917884224127,220.5353061143977
27764585,-1.589575,-10.514228,0.4411151036911011,158.9379860998007,220.80050926990336
27764591,-0.685884,-3.383784,0.4485131036911011,189.28751991755445,216.2648732923488
27764593,-0.566947,-8.625499,5.628725103691101,24.315897106102938,248.7672917778192
27764594,-0.154087,0.928472,1.638622103691101,130.58743178712945,133.4640943893425
27764595,-16.231289,-319.177521,119.71270910369111,36.97575691447847,249.49545772414243
27764596,-0.723763,-4.146306,-0.055924896308898964,199.74837111849632,218.2846281297983
27764600,-1.29357,-9.490221,0.42244210369110113,161.5743153876008,223.51112373213095
27764605,-0.453814,-9.188006,5.747344103691101,28.01103268117629,252.014608132476
27764607,-0.68733,-4.528963,-0.29068989630889885,203.4607498366261,220.82657382195345
27764610,-0.631395,-4.04923,0.15764510369110107,193.89184175157496,221.3945345494638
27764613,-1.11105,-9.428886,0.596171103691101,158.60645896967202,226.9697443157597
27764614,-0.59618,-3.874233,0.29160810369110113,190.9422204265514,222.0996888152207
27764624,-0.280183,-9.515199,5.760802103691101,31.78383114915627,256.1202385120404
27764625,-0.992477,-13.337161,3.831945103691101,100.85686432643128,239.3318798397648
27764630,-0.120386,0.768477,1.822756103691101,16.34644641812892,190.58818255702832
27764632,-0.665765,-6.143302,0.663512103691101,165.98911500468378,229.0979244604324
27764633,-0.517326,-4.335447,0.020602103691101048,196.21068654259827,226.15325728671516
27764634,-1.742056,-25.451727,2.7583001036911012,128.07511243682816,237.57900101008667
27764635,-0.649776,-6.430975,0.9188921036911011,158.15449729509362,230.8219895669204
27764644,-0.564494,-6.522332,0.911953103691101,158.31494877340947,233.21838123133935
27764645,-0.46587,-5.220469,-0.358591896308899,199.91811888737823,229.70033162970893
27764648,-0.052747,-10.109168,5.677697103691101,41.07683529486971,260.565824491271
27764653,-0.529802,-6.943577,0.5955661036911011,165.48030368326172,234.19377663918044
27764654,-0.392053,-4.525622,0.04751810369110099,194.10770920410863,230.94187038860463
27764655,-0.476045,-6.513494,0.7683851036911011,162.40790096525615,235.1267833495779
27764658,0.199086,-9.432594,5.9454451036911005,25.13617476111713,268.4890523309777
27764659,-0.406639,-12.171002,3.673672103691101,101.01055951961682,247.839395037663
27764664,-0.36604,-6.041333,0.9598871036911011,158.62517589861113,237.7051940352515
27764666,-0.330081,-5.863254,-0.4541918963088989,197.8074263950228,234.6585095793401
27764667,-0.309026,-5.663489,-0.17163489630889894,191.9892166383242,235.5404089245068
27764674,-0.266767,-5.478082,1.088633103691101,156.40567367247672,240.050381064878
27764675,0.282249,-10.382142,5.460014103691101,50.09798965444642,266.79787692725915
27764676,-0.221282,-5.312054,-0.04750289630889881,191.31718015359783,237.6751972839092
27764677,-0.214176,-5.597861,-0.3112458963088989,196.41376469895505,237.61950853391093
27764679,0.090615,-8.102669,4.017844103691101,72.65234204787791,260.3704978084856
27764680,-0.234459,-6.542268,0.5090101036911011,169.70350580252926,240.6476239503726
27764682,0.394789,-7.90218,5.148613103691101,31.953842482817947,274.01010223920514
27764685,1.277982,-16.889912,9.672049103691101,11.580085263558884,284.20694358102685
27764688,1.051145,-13.936154,8.161651103691101,16.310576877356738,283.1728325694724
27764689,0.495109,-9.04801,5.417336103691101,37.66484647311026,274.52763983269915
27764690,-0.111039,-6.841531,1.6348121036911012,138.78730419992712,247.34929327168385
27764692,-0.141778,-6.026347,0.6961491036911011,166.75944159655842,243.067318327608
27764693,-0.104369,-6.613635,-0.5267678963088989,195.01536095012207,241.18291517133036
27764694,-0.088877,-6.354481,-0.21392489630889888,189.21302623417984,242.127226761741
27764696,0.672048,-8.668122,5.718601103691101,22.51219442873344,281.8570833075808
27764703,-0.012207,-4.914582,-0.002158896308898983,193.6428861092013,243.4432082399794
27764708,0.152912,-11.85112,-0.3347678963088989,171.51770093557937,248.82359789597425
27764711,2.963696,-29.169899,13.8998701036911,26.079453846706684,289.2579333256496
27764717,0.120442,-5.288731,-0.014413896308898888,191.5490500736831,247.60726956622423
27764722,1.819141,-15.320187,8.2946741036911,26.450439892471167,292.5037443092861
27764723,0.706606,-6.223317,4.475107103691101,33.514021467692885,287.30629572430166
27764731,0.227539,-5.341702,0.45773510369110104,177.75651352467335,252.52546066755687
27764732,0.20712,-4.710035,0.30104210369110107,186.56665304421375,251.4000522010303
27764733,0.200287,-4.458867,0.24832610369110109,190.19515077331124,250.9814713803812
27764734,-0.085173,0.971993,1.745528103691101,1.552688279701158,164.26287813393546
27764735,0.686392,-11.05879,2.703675103691101,118.9906905981317,265.07724991962243
27764737,0.183317,-4.059629,0.608522103691101,180.7458162934074,252.10764866177172
27764740,1.062733,-8.356991,5.168201103691101,37.94355898145113,290.839869670623
27764741,0.691742,-10.070869,2.861510103691101,113.61892582722024,267.0432948400143
27764746,-0.084584,0.971295,1.7382041036911011,13.216455273472349,165.67368909705624
27764747,0.592759,-7.505892,2.738680103691101,109.12587722073782,269.1895314863488
27764749,0.536392,-8.31148,-0.0631538963088989,177.83746191375002,256.8431492900706
27764750,0.39152,-5.366208,-0.3480808963088988,200.9786339427026,254.1441799452421
27764753,0.264551,-3.36659,2.162394103691101,112.0000406558396,266.3397796185343
27764755,0.418975,-6.08331,1.638608103691101,139.83317292257982,262.40839248820566
27764759,0.325405,-4.102386,2.0562871036911012,121.09848155757024,265.8554610207027
27764763,0.500647,-6.370259,-0.31836789630889895,193.14838494151888,256.5297791908019
27764766,-0.070225,0.854373,1.763700103691101,38.40615218282039,207.9935149637093
27764767,0.306824,-3.848373,1.854275103691101,129.86788887005625,264.4611156923657
27764773,-0.063973,0.836669,1.7670651036911011,41.27635105558,214.63121163176464
27764777,1.288229,-12.532648,0.671802103691101,156.14082023467222,267.7524894576649
27764782,-0.026788,0.595228,1.807501103691101,65.30265092266018,246.21190142073195
27764785,1.993725,-16.815733,-1.7837378963088988,181.0063198804692,267.226538496427
27764788,1.781054,-14.582397,-1.1230048963088988,178.10562653107314,268.1355888855062
27764792,0.023067,0.339575,1.8178831036911012,86.59009108145321,261.3987401363791
27764797,-0.05167,0.737872,1.553304103691101,176.06111814225088,222.1913320098923
27764798,10.432627,-57.865356,13.4557191036911,90.64860681766028,298.0680882320877
27714349,4.942205,-14.640634,7.606672103691101,36.94369204517855,345.24878768165854
27698960,7.988907,-18.343924,10.532822103691101,9.029227327986632,380.8052116193912
27757464,-3.952306,-5.030864,0.029350103691101026,180.41741596398435,131.32057044587242
27666748,5.922287,-21.278786,2.384007103691101,135.38991309625382,309.0300399570268
27732637,3.356069,-12.506437,2.390974103691101,129.81247690623945,305.9958635531969
27666754,6.355599,-22.016773,3.010174103691101,129.24170670464397,312.8485825210835
27730319,3.131598,-10.064445,0.15073610369110102,172.52067292090143,303.4453256419598
27701466,6.040143,-17.877026,2.294483103691101,135.97337373179698,321.13074222976707
27730344,4.005199,-20.971678,11.618063103691101,9.874586473823,314.78627971881724
27730354,4.491007,-22.056856,12.159026103691101,9.09087574052873,318.43628562159086
27666808,6.982167,-19.734352,2.5247351036911008,134.32253686289368,325.50464370227854
27730376,4.845968,-20.157848,11.4789341036911,6.094353924444334,328.611359025653
27753994,-4.225013,-5.533076,0.7401181036911011,157.15647509391886,129.47790344963573
27719331,9.13945,-24.367701,10.462290103691101,48.08974699460688,354.8910925210397
27730396,5.702879,-12.553818,-0.40453489630889883,178.5210300975366,331.2944910842781
27730402,6.043291,-20.012566,10.8160741036911,16.837767480853557,342.6541261873557
27754073,-2.945852,-5.159114,1.256915103691101,144.77865715562774,157.9213372538386
27757707,-1.480074,-4.459424,0.26941310369110116,184.00353373446472,196.0990697867257
27757707,-1.480074,-4.459424,0.26941310369110116,184.00353373446472,196.0990697867257
27754088,-1.551151,-1.495333,0.09892810369110117,231.28251812366247,146.5521435285678
27746269,1.193448,-0.100098,-0.009997896308898913,343.9339467280615,356.5321495761566
27730422,9.464472,-25.601063,10.0023681036911,58.91471434076959,350.742460684085
27754138,-2.211195,-4.428656,0.47724810369110104,175.07204809186248,172.39621058894974
27730449,6.83304,-17.683847,9.332460103691101,26.475987592412395,362.07962802946247
27754157,-2.455076,-5.725609,0.08966910369110104,178.97169576341054,179.40013601004966
27701484,4.490102,-20.654575,11.640049103691101,7.171876666066055,322.30255312911095
27730478,7.492023,-17.778706,10.2153291036911,10.178817756063069,376.3038296251239
27685756,5.808913,-9.97737,-0.09286989630889897,181.8931653134004,353.34674700483095
27757850,-0.43962,-4.463581,0.9029071036911012,165.63522761098483,231.64640704063183
27757850,-0.43962,-4.463581,0.9029071036911012,165.63522761098483,231.64640704063183
27757856,-0.900834,-18.239017,4.5653881036911015,101.22817958632986,244.2475523054569
27757856,-0.900834,-18.239017,4.5653881036911015,101.22817958632986,244.2475523054569
27750305,-1.767851,-7.089012,4.892195103691101,27.951305091541712,209.48221034604245
27757921,1.235854,-20.174496,10.4558571036911,22.77262408044203,279.1637457414169
27757921,1.235854,-20.174496,10.4558571036911,22.77262408044203,279.1637457414169
27701523,5.611685,-19.250158,10.242069103691101,21.13569563841992,338.6547108362485
27701524,5.870496,-18.086288,7.621506103691101,59.02307681629878,337.61509407984965
27701538,6.019793,-19.2859,10.517164103691101,16.608278170249008,345.258474047531
27758012,3.861543,-20.426853,11.9290351036911,0.1858437396799104,316.0831176755082
27758012,3.861543,-20.426853,11.9290351036911,0.1858437396799104,316.0831176755082
27758013,2.431118,-13.152944,6.359474103691101,51.72101670620541,303.645085751108
27758014,4.548178,-23.812313,12.927753103691101,9.417427744247306,315.21667886346535
27758026,5.166446,-24.176945,13.2365681036911,7.391245914643576,321.73945524541057
27748450,-0.074413,-6.600734,4.900349103691101,20.430559031910462,261.61046400509457
27754438,0.081031,-7.056412,4.872884103691101,29.65427467565462,265.5778766031077
27754438,0.081031,-7.056412,4.872884103691101,29.65427467565462,265.5778766031077
27758042,2.813609,-11.713305,-0.24218989630889887,174.17967221538817,290.40331681998885
27758057,11.010763,-42.054089,4.2490691036911015,128.6184758914285,308.56570754535915
27727506,3.937738,-14.997631,2.655682103691101,127.83831589502498,306.0470245333206
27758065,5.921272,-20.438957,7.074388103691101,76.98006754314065,325.20606314125547
27758093,5.990949,-15.883702,8.9597631036911,18.71259907061653,361.0001188080645
27758099,5.258801,-13.504434,7.5943121036911005,27.314258939611364,360.62400737783264
27748460,0.328649,-7.333238,4.7977681036911015,37.09788740017083,272.0506702504891
27758103,4.350972,-11.436179,-0.179288896308899,176.20407219059138,316.7157229087774
27758108,6.874056,-18.121231,5.7119411036911005,89.89184297887763,342.92557834263744
27758109,6.938889,-17.294735,9.881856103691101,12.43877064627648,369.8800499236213
27727525,2.969251,-17.633121,10.547749103691102,1.1674535809203803,309.9799121315782
27727525,2.969251,-17.633121,10.547749103691102,1.1674535809203803,309.9799121315782
27732916,6.971383,-18.475702,10.151948103691101,17.202070643249982,362.4738089888108
27727531,4.528436,-17.492462,5.485516103691101,89.8683931666138,314.3210873814055
27732927,5.488516,-8.863047,0.18817210369110104,180.17977565604025,359.71461477848
27754574,2.614642,-11.42279,0.000927103691101161,170.71616170076408,288.8769355267882
27732930,6.22961,-10.048394,-0.11805289630889892,182.8329359827948,360.64432281392885
27758192,5.793305,-10.464314,-0.1652168963088989,181.3815977305385,348.4058493946624
27758194,5.904491,-10.564557,-0.18069289630889895,181.48441682714133,349.5296836745067
27754582,3.998702,-16.998266,4.514371103691101,102.84512776262092,305.9842860668524
27758203,5.19431,-8.652687,0.19773310369110098,180.25552583310068,355.58969946446257
27758218,5.867712,-9.185421,0.12192610369110102,180.96478812046752,363.8500243705644
27754599,4.10981,-15.262626,4.616080103691101,96.98621216929946,314.5371839957533
27732939,5.695678,-8.851838,0.17600010369110097,180.88708586359508,364.24582051070615
27754611,5.492386,-18.8356,7.183647103691101,69.21882833842955,327.1685135967383
27727546,4.056356,-20.558958,11.4253881036911,10.018637652283786,316.3732183943623
27754618,5.584144,-18.80563,10.0261181036911,21.687394476625173,339.85111469794685
27754635,7.9809,-24.208326,9.3463421036911,61.311610356979685,339.6405039584401
27754645,7.430511,-21.358822,6.739661103691101,85.0947793642946,337.464574999284
27754652,5.837747,-15.626716,1.097285103691101,152.10049649146265,323.82068596238696
27754666,4.143192,-10.244402,0.07396210369110112,175.06880272138815,320.8392021509409
27754669,7.646346,-19.329964,9.993606103691102,26.71263496215937,365.05358766836855
27754680,7.863307,-18.178062,10.1155011036911,15.704563386107168,377.9267878296406
27701595,7.916168,-18.669373,10.6029731036911,10.480681883248508,377.299801300583
27739736,-0.43504,0.735571,-0.007664896308898994,433.14242496284095,141.69700003972457
27739736,-0.43504,0.735571,-0.007664896308898994,433.14242496284095,141.69700003972457
27748494,1.317952,-9.468535,4.764056103691101,62.63683290212524,289.89641457655347
27739753,3.157864,-18.883635,11.1565301036911,0.8396252129879826,309.9254617106321
27739753,3.157864,-18.883635,11.1565301036911,0.8396252129879826,309.9254617106321
27754718,6.021157,-11.183854,-0.2739478963088988,181.13223260181576,346.1786642682392
27727576,6.368894,-17.160885,1.152277103691101,150.80274903530648,324.16381137369723
27739765,4.139256,-21.879459,12.006051103691101,10.199232204150263,314.3630762116053
27739765,4.139256,-21.879459,12.006051103691101,10.199232204150263,314.3630762116053
27727580,5.478846,-18.018265,6.943707103691101,69.5598391747892,329.9321571102863
27706571,-2.633582,-9.629078,3.308390103691101,97.73046383614282,200.9975837956921
27754756,6.121934,-9.813276,-0.09434089630889897,183.11672598648352,360.9970443980615
27758485,-0.542692,0.63583,0.07677810369110105,401.438508073812,132.24439350024488
27758497,-0.472221,0.561091,0.007051103691101179,395.0992168038498,149.534682490137
27758497,-0.472221,0.561091,0.007051103691101179,395.0992168038498,149.534682490137
27758510,-0.432557,0.576059,0.032295103691101,396.9798069247357,153.7897143706826
27758510,-0.432557,0.576059,0.032295103691101,396.9798069247357,153.7897143706826
27727587,7.086239,-19.234535,2.5295681036911013,134.23091421690623,328.6322417439759
27704361,-0.41382,-12.957362,3.773694103691101,101.39221500672986,248.07196995964185
27758539,1.92904,-18.88204,-0.0660768963088989,159.29085876700566,267.7516462497955
27739785,5.127552,-22.202526,12.4011491036911,6.381503972330961,326.3398330659858
27758549,-0.213187,-6.905543,5.123559103691101,16.18541682246797,257.69182280526303
27758549,-0.213187,-6.905543,5.123559103691101,16.18541682246797,257.69182280526303
27750453,-0.275838,-4.302077,0.13320610369110097,193.68367864149883,234.38523836131156
27750453,-0.275838,-4.302077,0.13320610369110097,193.68367864149883,234.38523836131156
27758592,1.778352,-13.862235,6.135553103691101,60.84363896585043,288.8534066066167
27758593,1.869619,-13.664357,5.922294103691101,64.12798145650137,290.24178896749777
27727607,8.869175,-25.773716,8.515001103691102,76.5037512026785,339.57966368817904
27727611,6.753979,-20.960089,9.693295103691101,41.43760658718148,342.1471053792691
27758611,4.860645,-36.133339,14.9082721036911,42.70796236161891,295.11597844865764
27727616,6.066534,-19.458225,10.5810161036911,16.80034770595981,345.15800186902266
27727617,5.936633,-16.856167,7.3216781036911005,57.80985447651156,344.45259017179785
27758638,4.247962,-25.25375,14.150054103691101,1.213752678761466,310.81628920614
27758639,4.35211,-24.317125,13.0770281036911,10.5069177134107,311.8570513670507
27739806,5.456152,-18.451252,9.8738061036911,21.747469396720334,339.4188089884208
27758642,4.46955,-15.791968,4.724901103691101,96.95187459243397,317.84128979413686
27758643,4.624557,-17.949936,6.845726103691101,70.34699765983754,318.47487462698007
27758644,4.52876,-16.161329,5.211880103691101,90.10254608684431,318.8880346398622
27758649,5.76895,-29.776983,15.6910861036911,8.580451961345545,316.6243684339377
27758660,3.395601,-16.10618,9.7232761036911,3.547203268435851,320.40774400747034
27758664,5.148928,-18.068724,6.929829103691101,69.80692941896618,325.2341730525458
27674255,4.417486,-18.321114,8.527284103691102,44.35462927807538,320.183626986604
27758678,3.647093,-8.456525,0.31975810369110114,175.340491569921,324.1436698632412
27748565,6.464228,-14.206274,4.927414103691101,89.9574439207615,359.3593006341817
27758685,5.518057,-16.186022,5.305126103691101,89.37565200105507,333.27737181053715
27739821,6.207497,-19.644123,8.1891061036911,57.65779588113264,336.20650685681755
27758703,6.179762,-20.916922,10.862248103691101,22.489546622584925,339.74584649992295
27674271,6.322322,-18.817175,7.311088103691101,67.62305852012474,338.4717689367953
27758717,5.957911,-19.211126,10.5370151036911,15.653271148417332,344.93516032176285
27727646,6.767226,-18.269711,8.9778331036911,37.14823940199244,355.1200122826167
27758732,7.896064,-21.569773,9.133572103691101,53.28491791127453,350.54068343956794
27758747,9.150466,-19.048756,1.117415103691101,152.50150811157394,347.8179968479532
27758751,7.334086,-17.103474,5.562264103691101,89.44768627571781,354.61767048706497
27739843,6.745875,-18.150856,10.704343103691102,3.614697639146499,364.5095546197585
27739844,7.118914,-19.331587,9.8005851036911,29.91427589357193,356.8438303717413
27758762,5.908124,-10.680489,-0.22126289630889895,181.78415946630992,348.4091160765051
27758765,6.493763,-16.532293,8.844646103691101,26.8837568997746,363.209189977648
27727654,6.775967,-18.180946,9.431228103691101,28.31508428138653,358.0929487650312
27739846,7.127421,-19.009142,10.591574103691102,13.339039357146618,363.0592990410848
27758773,7.005519,-17.872297,10.143697103691101,12.31227606401842,367.6117361195103
27758779,7.336375,-15.289166,5.213366103691101,89.31696060787846,366.1871560316947
27758785,7.188475,-17.383837,9.979655103691101,11.312517421882577,373.6244193750724
27750504,0.034961,-5.034029,0.13235410369110112,188.87435463857432,245.452653093892
27750504,0.034961,-5.034029,0.13235410369110112,188.87435463857432,245.452653093892
27727663,6.747033,-17.397079,9.201357103691102,26.758582938557907,362.27287942531177
27750511,-0.10913,-6.494864,4.862988103691101,20.090986248449724,260.4320800815087
27750511,-0.10913,-6.494864,4.862988103691101,20.090986248449724,260.4320800815087
27739857,8.120561,-20.710649,10.5905171036911,26.123610477569628,364.7006471669198
27727670,8.086405,-21.868513,12.531365103691101,2.1865590883909363,365.4810175147685
27727676,6.183065,-10.741032,-0.215515896308899,181.9295579854758,352.9159123907183
27727686,7.523008,-18.087627,9.562491103691102,25.43221687320033,370.47515152053177
27739863,3.724473,-9.283308,0.2303391036911011,174.44710669660378,319.53953240877814
27727687,7.418309,-18.153049,10.330376103691101,11.188046810433375,372.6321977949829
27739865,8.150743,-19.648798,10.719465103691102,16.331653784345377,373.3907701482808
27739868,7.203629,-17.005909,9.125618103691101,25.31915093226837,372.13011747982193
27727699,6.66766,-10.545279,-0.20507089630889896,183.27552196148596,363.6029987112783
27722333,-0.771342,-3.544599,0.02823310369110099,203.1012065824722,213.21675377829868
27734781,3.507035,-20.549545,11.9009491036911,1.640378115892247,310.9124985034341
27734781,3.507035,-20.549545,11.9009491036911,1.640378115892247,310.9124985034341
27718521,5.561436,-17.200069,5.836156103691101,84.16950025174592,330.7548138753419
27724432,5.434241,-21.771267,3.097257103691101,127.55803232759015,304.61998389830217
27750571,0.453928,-5.004566,0.3716751036911011,183.0685980114354,259.3469526246959
27734800,4.42146,-22.360453,12.2839981036911,9.261872717237935,316.87621428275224
27716839,2.328657,-16.311056,8.5867711036911,28.724636433941583,298.241075691408
27716839,2.328657,-16.311056,8.5867711036911,28.724636433941583,298.241075691408
27724445,3.007682,-17.473106,10.526834103691101,0.0623411844034365,311.1464220519797
27724445,3.007682,-17.473106,10.526834103691101,0.0623411844034365,311.1464220519797
27716847,6.094644,-22.915922,7.136295103691101,83.6026087379579,318.3624849530447
27724453,5.873956,-20.695705,2.375938103691101,135.3451687315212,310.140977031744
27716856,5.627102,-21.333939,10.5456521036911,30.039977558038743,329.71763016728505
27750588,0.903348,-13.512882,8.085068103691102,13.685965384076129,281.38547623213265
27750588,0.903348,-13.512882,8.085068103691102,13.685965384076129,281.38547623213265
27726794,-2.121286,-8.434623,5.438172103691101,27.291380068881807,207.83188367445825
27726794,-2.121286,-8.434623,5.438172103691101,27.291380068881807,207.83188367445825
27683341,5.362107,-19.18943,10.740886103691102,11.625017952298464,337.6510892947576
27716871,8.25431,-19.989777,10.3179641036911,25.87275387180034,370.2092581649314
27713638,6.823472,-18.992916,6.920286103691101,74.59725716732572,342.4438451293912
27739919,5.133745,-9.725596,-0.043445896308898835,180.7120318843777,342.7001465801424
27724471,4.366946,-21.026497,11.745633103691102,8.221799962906147,319.55628915975296
27724472,5.108922,-18.147547,5.132741103691101,97.25269828573067,318.0319138570111
27676513,6.618826,-19.547028,2.9091881036911014,129.43370783674936,323.3798511703693
27724478,7.524823,-24.069546,2.624320103691101,134.54070013555787,317.1417444434868
27750608,1.04618,-9.615856,5.934515103691101,28.35250695457753,288.5865432273116
27750608,1.04618,-9.615856,5.934515103691101,28.35250695457753,288.5865432273116
27734856,5.382198,-19.256239,7.234129103691101,70.08824421188532,324.10931547059124
27734863,5.763194,-19.61195,7.390866103691101,69.36233657876073,327.86059087720207
27734867,2.039081,-7.438731,2.142129103691101,128.84276362269728,304.131185016798
27755300,5.564991,-9.345443,0.11169210369110116,179.96511603392935,355.8166124881281
27734887,6.701536,-17.749544,10.050237103691101,13.013798754547024,363.4256490259876
27755314,7.593236,-19.600368,10.9144761036911,12.29748316049148,366.96031334575446
27755317,5.238932,-8.244359,0.26760210369110116,180.5796159003852,361.6593556375319
27755318,5.469958,-8.646124,0.08587010369110115,183.18299990423975,360.887996758885
27739977,5.111812,-8.110953,0.27906210369110107,180.6423836138454,360.3475418376416
27750643,1.492262,-8.210048,0.196861103691101,174.61253516558898,278.0047359342914
27755326,7.558702,-18.398273,10.448782103691101,11.03907530358876,373.3739080131532
27755340,8.259455,-19.14492,10.8547891036911,9.816819760851672,379.7413499707375
27739989,5.879273,-9.014672,0.12447510369110115,181.6308939166052,365.9917929975925
27724511,8.723751,-24.910583,2.586503103691101,135.79646027672266,325.26141311019563
27717706,6.246388,-10.245259,-0.159706896308899,182.86725179072397,358.824843458473
27715934,4.794979,-18.404259,5.671556103691101,89.9213152876915,314.890503144651
27672408,4.023807,-17.715538,8.454941103691102,41.74275800961215,317.1051723956776
27672418,5.886618,-20.379576,2.884468103691101,129.5579068807079,312.5459665445801
27672419,5.327156,-19.573925,10.4207351036911,20.290318360012265,333.80095143725725
27672421,5.841716,-19.785837,3.415152103691101,122.92249478191955,315.4276281927929
27704548,5.411048,-19.042868,2.871879103691101,128.6832422853874,311.47557795104586
27750665,2.103542,-9.638356,0.202556103691101,171.04500816837054,286.0630880764902
27672438,6.394156,-18.935707,3.7356631036911008,118.53943455976663,325.83266124627164
27715948,6.446105,-18.237358,5.765237103691101,89.150002293667,336.9637245213947
27724553,6.327367,-19.647982,10.7019551036911,16.16677584536285,348.1252396328048
27750686,4.716936,-20.240137,4.958123103691101,103.71281428907685,305.8760716444272
27724559,5.439116,-14.934731,6.937956103691101,53.43193481571467,347.8473890953268
27750687,4.751076,-19.977919,4.922669103691101,103.70772505085716,306.9199948800283
27704562,3.524914,-19.801016,11.087948103691101,9.87368157444226,311.21000677312384
27704562,3.524914,-19.801016,11.087948103691101,9.87368157444226,311.21000677312384
27734952,9.561935,-21.637781,6.559124103691101,89.36359477125998,359.3341665302707
27715960,6.906154,-17.185072,6.729986103691101,70.29351909661926,353.58409109560944
27750698,4.170796,-16.473631,4.7665751036911015,97.87707674372648,311.0005626129516
27750702,4.16881,-15.529762,4.614178103691101,97.81307600801571,314.2387761481317
27704570,3.619542,-19.598881,11.537292103691101,0.1302036562510977,314.8073217426238
27704570,3.619542,-19.598881,11.537292103691101,0.1302036562510977,314.8073217426238
27750710,6.927205,-24.850405,2.536438103691101,135.11536861689066,309.6633913631299
27750714,4.289364,-14.705601,2.574351103691101,129.2392525317306,311.8796338376216
27724585,7.964053,-19.483923,7.433961103691101,69.3822042980868,356.3617224309786
27724586,7.954213,-18.59458,5.870309103691101,89.63296848947405,354.86476193304713
27750721,5.265667,-18.041315,5.604569103691101,90.1814350075399,322.0761366845471
27724589,7.242525,-20.063438,11.605070103691101,3.49780300022195,362.1872955071289
27720641,-0.498244,-4.657976,0.8568321036911011,166.22595000872963,230.1430447428748
27704591,4.406807,-20.788078,11.673084103691101,7.628818968861452,320.78728251563257
27750735,5.799025,-19.138769,10.164539103691101,21.745290029651244,341.5277622514927
27724604,8.733785,-21.755289,10.9582821036911,27.11603998719491,367.246371672094
27707468,1.127073,-11.621387,6.560144103691101,32.86058848158612,285.5704472462767
27724612,7.561546,-18.692686,10.5423201036911,11.751875720223095,371.5310979109549
27724614,7.283869,-15.769051,6.456939103691101,68.69591218570696,368.4592628584753
27724625,8.594014,-19.892035,10.4179851036911,23.57030099911455,376.0730540984646
27750764,6.2077,-16.787144,1.571525103691101,145.51242971830678,325.1915705317168
27750773,3.906615,-9.67516,0.17616510369110117,174.5512582541936,320.36982860116774
27724630,8.036173,-18.495796,10.565700103691102,9.730233404918067,380.3721551116902
27750779,6.052083,-16.864891,8.759991103691101,31.010569444720545,353.23421820184507
27750781,5.44701,-14.739876,6.868630103691101,53.585578276704894,349.0589961181907
27750782,6.974624,-18.452324,4.780435103691101,104.24090837127632,338.76598942658103
27750789,7.047207,-18.711727,10.4463881036911,13.598388988776207,363.3481907333624
27750790,5.829254,-14.064906,4.524903103691101,96.46955492193054,347.722531112735
27736869,-2.08292,-7.020984,4.760994103691101,31.881002915292783,199.64513018325732
27736869,-2.08292,-7.020984,4.760994103691101,31.881002915292783,199.64513018325732
27750797,7.791094,-18.861526,7.313212103691101,68.58219405327279,357.48143330980884
27750803,7.651279,-18.536892,10.5093281036911,11.082534897128596,373.94645695804377
27750809,8.980083,-20.106985,5.171504103691101,103.55105378097714,355.7181254311899
27742691,-0.870756,-2.906564,0.04466910369110111,210.31027444016297,204.25119186163013
27742691,-0.870756,-2.906564,0.04466910369110111,210.31027444016297,204.25119186163013
27704631,5.60231,-19.184191,10.2033781036911,21.332534784060755,338.7282807832162
27742739,-0.667855,-3.476897,0.028319103691101022,204.31400813447092,216.6614087071772
27742739,-0.667855,-3.476897,0.028319103691101022,204.31400813447092,216.6614087071772
27726907,-2.114356,-15.341143,5.228449103691101,82.19620282000753,227.28271389568135
27726907,-2.114356,-15.341143,5.228449103691101,82.19620282000753,227.28271389568135
27707516,5.970006,-21.016905,2.944267103691101,129.23728370414312,311.6777737181905
27670659,2.497387,-13.844612,6.291551103691101,57.95768228230119,301.59211623385266
27707520,3.523282,-21.409767,11.6458511036911,12.52039793551711,307.3842422811423
27707520,3.523282,-21.409767,11.6458511036911,12.52039793551711,307.3842422811423
27704656,6.20817,-19.614933,10.6734101036911,16.390174412361148,346.570430772002
27670687,5.578843,-21.511829,3.0930491036911008,127.56794132834553,306.71345934305
27742766,-0.469268,-4.739327,0.858131103691101,165.9165617552651,231.3582257864496
27707523,4.111087,-18.389784,6.916681103691101,70.7545714554791,310.2980102823917
27729689,-2.318182,-7.374138,5.5412161036911005,6.170839111075509,195.72667342591984
27729689,-2.318182,-7.374138,5.5412161036911005,6.170839111075509,195.72667342591984
27670700,5.773361,-20.488239,2.376567103691101,135.22664957403305,309.69318241365136
27670701,6.419806,-22.575554,3.0489741036911013,129.1217803484118,312.01078752262464
27742775,-0.589136,-5.641451,-0.01853389630889901,187.26615307450655,228.2588900834336
27710506,5.438522,-20.77244,2.6343941036911014,132.18967113216345,306.10603289500176
27707532,3.783768,-20.841776,11.4647671036911,11.423540457131397,311.98131370328935
27737048,-0.27077,-13.921656,5.390283103691101,74.5835381474462,253.5792532358984
27737048,-0.27077,-13.921656,5.390283103691101,74.5835381474462,253.5792532358984
27675088,5.556248,-21.256641,2.6964871036911013,131.7530330072201,306.18380878506554
27713030,5.994246,-19.194853,10.9484321036911,7.987327209121531,347.39790732980595
27675092,5.989773,-20.114801,3.8010271036911014,118.676415551195,317.0736341873842
27704682,7.138412,-18.558582,9.724089103691101,25.828981473584605,362.10113796627775
27710523,5.821445,-20.972307,2.867716103691101,129.95951824836771,310.08161245935275
27742814,-0.341049,-4.179762,0.027270103691101166,198.06337376383613,231.51653334158368
27742814,-0.341049,-4.179762,0.027270103691101166,198.06337376383613,231.51653334158368
27675099,7.137121,-20.081207,3.4430191036911006,123.78024106630151,328.7339827996081
27704694,7.904834,-19.777721,11.5863091036911,1.498969783080355,373.4831868664544
27742828,-0.142701,-7.214496,5.246357103691101,16.654560998992224,260.099133384977
27742828,-0.142701,-7.214496,5.246357103691101,16.654560998992224,260.099133384977
27721562,-1.452363,-3.839765,0.077008103691101,195.6501266117232,191.28672693299592
27721562,-1.452363,-3.839765,0.077008103691101,195.6501266117232,191.28672693299592
27721564,-1.127834,-2.65943,0.04776310369110104,212.67761173120095,190.5616678021132
27721564,-1.127834,-2.65943,0.04776310369110104,212.67761173120095,190.5616678021132
27704696,7.76251,-18.77199,10.607275103691101,11.234000002614124,374.2002580514394
27760556,-5.099683,-2.277082,0.23035210369110115,191.03129216402888,9.742015752499071
27760577,-4.010441,-1.58614,0.36052510369110113,199.6353675978304,16.756299483834482
27710552,4.574525,-20.184813,8.5962011036911,53.27767794472868,315.0086192383385
27710565,4.185454,-17.376276,8.000567103691102,47.79535034396957,319.1772722078724
27710574,8.194843,-29.40461,8.825092103691102,81.77714974546865,322.5956569801153
27726991,-1.048681,-2.629389,0.017987103691101014,214.79240616113145,193.64344988908127
27726991,-1.048681,-2.629389,0.017987103691101014,214.79240616113145,193.64344988908127
27737174,3.524888,-20.825491,11.4363151036911,11.722947520389738,308.6952961008532
27707567,4.531354,-20.723497,11.699898103691101,6.69215927016694,322.7513535950325
27729841,-1.639734,-5.009602,0.12161610369110099,184.3902993085763,195.65231042057536
27710600,5.000107,-20.501625,11.655534103691101,5.791507234795631,329.67783277894154
27760760,-4.203716,-3.473464,-0.3034908963088989,202.12120859460524,93.4250705455409
27737194,4.599912,-21.763496,12.120090103691101,7.597676413366685,320.76710244474486
27707575,6.961649,-19.428926,3.4359461036911014,123.21830670458934,329.3830985622053
27760801,-4.731908,-4.803767,0.06065010369110113,178.62961877933162,105.88502535140653
27727035,-0.90197,-2.98151,0.006568103691101168,210.5926808005715,203.61615785333416
27727035,-0.90197,-2.98151,0.006568103691101168,210.5926808005715,203.61615785333416
27721666,3.347658,-16.149443,5.649929103691101,81.9336734817231,303.7515390986417
27742929,1.576278,-16.545647,8.263535103691101,36.42321925667295,285.2895258369378
27724002,2.824419,-28.650814,1.684726103691101,140.07171558671195,270.4981915264919
27724003,0.118568,-5.298013,0.007791103691101142,190.846117908383,247.6349960487269
27737235,6.440421,-21.053331,10.927736103691101,22.410516345534063,342.58285863304354
27721672,4.00028,-16.881453,5.375042103691101,89.35941427229582,309.224167557837
27737237,5.997152,-20.046356,7.555262103691101,68.7771829930777,329.3939337703623
27724009,0.29308,-5.387653,0.16570110369110114,186.226811831344,253.29562546661103
27710629,7.346251,-20.765022,7.822544103691101,68.40076297474599,343.18470789651974
27760915,-3.244328,-4.204288,1.2686571036911012,144.43769540682638,132.6994078735005
27760923,-2.996524,-3.636393,0.3976571036911011,180.3722084029224,133.72292940658687
27729916,-0.946098,-3.141001,-0.05443389630889883,210.5018411636584,203.2414414307534
27729916,-0.946098,-3.141001,-0.05443389630889883,210.5018411636584,203.2414414307534
27737271,7.214722,-18.726763,10.5490531036911,11.82566829262771,366.21319886144425
27760928,-3.003186,-3.894862,1.134944103691101,150.85106111607058,135.389043497148
27760946,-2.70753,-3.371969,0.4847431036911011,180.08895749492893,138.25857253542475
27721706,6.803858,-18.856739,9.870845103691101,25.241226691090787,355.9696482505849
27737283,7.530742,-18.566338,10.479465103691101,11.876885114537204,371.7511322101265
27737299,8.273579,-18.962912,10.7661091036911,9.955367666802829,380.9968773417369
27761006,-2.369797,-4.50426,4.321255103691101,0.3186709335820126,159.68102664213194
27761006,-2.369797,-4.50426,4.321255103691101,0.3186709335820126,159.68102664213194
27699716,6.022173,-18.817106,9.643099103691101,28.76486875912144,344.2227195678289
27710665,7.055142,-19.544228,10.432554103691102,20.349384836278944,357.52839966318743
27742984,-0.433058,0.731408,-0.008042896308898984,432.2709982442015,142.37557611145547
27742984,-0.433058,0.731408,-0.008042896308898984,432.2709982442015,142.37557611145547
27710668,7.242695,-20.117008,11.354764103691101,8.448901669925021,360.6139517620518
27746015,-0.401359,-6.298392,5.114719103691101,3.959049000720796,251.7194994225813
27746015,-0.401359,-6.298392,5.114719103691101,3.959049000720796,251.7194994225813
27737323,6.443326,-14.019493,5.9439391036911005,68.96673717553102,366.77317192649
27727080,3.54175,-20.812117,11.437318103691101,11.610892924702512,308.95554604977553
27727080,3.54175,-20.812117,11.437318103691101,11.610892924702512,308.95554604977553
27723326,6.673493,-19.337479,10.652873103691102,14.72864327096778,354.65038122950943
27742998,1.316197,-8.156061,0.1055891036911012,176.41650008768005,274.0154230736142
27662952,3.650268,-20.658705,11.401134103691101,11.09859579068862,310.74370587947266
27737340,11.688345,-25.562956,7.4812831036911005,88.76110547395959,364.2450736447429
27715106,4.503873,-10.443963,-0.07256889630889884,177.65610978976255,325.4786524567174
27699730,9.712663,-21.855412,6.563696103691101,89.93379310925383,359.83447003190247
27710678,7.94912,-19.962177,10.2200961036911,27.257777302319084,365.81259165089705
27737354,5.636312,-12.462442,-0.406678896308899,178.7165075837562,330.7771863574676
27729992,3.080953,-18.254009,10.8649721036911,0.7101883931376278,310.2672081655724
27729992,3.080953,-18.254009,10.8649721036911,0.7101883931376278,310.2672081655724
27727094,4.033718,-21.789104,11.9181531036911,10.942416828208565,313.1343735376221
27727094,4.033718,-21.789104,11.9181531036911,10.942416828208565,313.1343735376221
27699733,10.353398,-22.284111,6.7097551036911005,89.51226568233369,365.0858270956612
27673436,5.793267,-10.635467,0.05390410369110099,176.94327114975007,348.3147854858853
27743014,3.207911,-18.589098,11.0213421036911,0.7718418358677752,311.31038820311835
27737374,5.113113,-9.785339,-0.06364889630889903,180.8300216073713,341.6852393412774
27730009,3.885883,-21.123287,11.6712841036911,10.09403259687116,312.9085992128295
27730009,3.885883,-21.123287,11.6712841036911,10.09403259687116,312.9085992128295
27715141,8.26732,-21.866249,10.080093103691102,41.02623209062432,357.09791153678066
27715144,7.418768,-17.14077,6.779253103691101,69.56970359804302,361.5180210767537
27761166,-1.256976,-7.569879,4.485930103691101,50.30364618745492,225.5153382916951
27761166,-1.256976,-7.569879,4.485930103691101,50.30364618745492,225.5153382916951
27715147,7.717978,-17.006329,6.638523103691101,71.55863414394844,366.1434551218573
27743029,4.328152,-22.05159,12.147716103691101,9.202870981658094,316.46091676386305
27730022,4.426967,-21.686584,12.051977103691101,8.107530599962132,318.72448705604506
27727127,4.866575,-20.327343,11.5403001036911,6.384089014974677,328.3133432660427
27743038,4.579751,-21.81444,12.1821731036911,6.9597676454828274,320.5248986249179
27761184,-1.721073,-10.69173,1.906774103691101,131.42967201937026,220.59473639492415
27761184,-1.721073,-10.69173,1.906774103691101,131.42967201937026,220.59473639492415
27743042,3.715204,-15.886673,4.271540103691101,103.8766114915488,305.20843868781174
27737402,6.62201,-10.816123,-0.2402028963088989,182.8163153280462,360.0439152849366
27710689,7.81851,-19.66749,11.4591991036911,2.889586821805068,372.4477008581542
27743052,4.679799,-18.91976,7.070669103691101,70.83626397824693,316.08856247234326
27724085,-0.94689,-3.093799,0.04626310369110098,207.29048631539692,202.8791753136009
27724085,-0.94689,-3.093799,0.04626310369110098,207.29048631539692,202.8791753136009
27720073,5.541638,-17.774994,5.5930031036911005,89.76440497364447,326.7879278995772
27761221,-0.380985,-4.905791,4.421036103691101,6.8011771173038085,249.06677713306476
27746065,0.581188,-8.163369,4.943033103691101,42.998904697276686,277.3079685958992
27746065,0.581188,-8.163369,4.943033103691101,42.998904697276686,277.3079685958992
27743057,4.771579,-19.511061,11.212228103691102,5.537699317819801,329.725713674444
27761247,-0.949701,-17.831169,4.325902103691101,103.63249660255283,243.21304491410712
27761247,-0.949701,-17.831169,4.325902103691101,103.63249660255283,243.21304491410712
27743059,2.668193,-10.241477,0.1497851036911011,171.2791978953248,294.2327620708525
27743068,6.713714,-24.234688,3.0838961036911012,129.63978140477883,310.48773753148845
27743069,5.270547,-18.789177,2.261699103691101,135.87190805147776,308.95940397763457
27743072,5.141694,-17.824541,4.5679491036911015,104.64856822003684,317.81911412927326
27720091,8.458874,-21.479576,10.5527711036911,31.6914018692726,363.8028355144532
27746100,1.298196,-9.997537,5.011462103691101,59.99914431066796,288.4257615898599
27743076,5.580975,-19.461437,10.291308103691101,21.80414896821728,337.29012776565213
27743078,5.883017,-20.458569,11.650960103691101,5.69109721275953,341.52190253894776
27727180,5.565499,-18.833012,10.0561791036911,21.343901000129108,339.5637065087451
27761316,0.648739,-13.639226,3.602499103691101,107.22364251348928,263.9475961711592
27727183,6.20729,-19.805662,10.745624103691101,16.560932945613246,345.743882328237
27743088,5.907947,-19.019527,5.898881103691101,89.10459165344673,326.98937425314364
27707640,7.463664,-20.551884,10.2457031036911,30.54127660463752,355.65984422184704
27730070,0.114047,-5.350984,0.10863010369110104,187.5908654877605,247.88065844976256
27730070,0.114047,-5.350984,0.10863010369110104,187.5908654877605,247.88065844976256
27761379,3.541416,-20.046421,11.433411103691101,5.747314848934877,311.6673937173597
27761379,3.541416,-20.046421,11.433411103691101,5.747314848934877,311.6673937173597
27707645,7.117103,-19.261902,10.694788103691101,13.475041484783134,361.60872921420696
27761385,3.758506,-20.573771,11.370752103691101,10.996833072475397,312.3274712141973
27743109,6.075548,-18.946653,10.4454611036911,15.268147080906772,347.79413734251114
27727220,5.138326,-14.230625,7.229940103691101,42.05566953179613,349.7334303697166
27761393,4.197409,-21.392336,11.8351031036911,9.442462688334928,316.3121970801381
27761397,6.074823,-40.356594,-1.4977798963088989,158.14807698928394,278.5145013961057
27761398,4.775396,-22.7826,12.569344103691101,7.8405195004745,320.38333249892463
27707649,7.331415,-18.98617,9.883244103691101,26.12402111986017,362.566686834779
27730093,3.421304,-21.607002,3.431082103691101,122.4671299961431,285.7908758441137
27730100,5.527738,-18.336872,9.8618001036911,21.11302651679253,341.0617596309471
27743123,3.476408,-10.105301,0.17281810369110118,172.57075661235473,309.74010665455046
27727238,5.256419,-17.117466,5.452722103691101,89.75002849273409,325.5100136800171
27746130,2.416287,-12.052462,4.798381103691101,79.6979448860948,301.53013412280626
27707665,7.785625,-18.807615,10.6737921036911,10.276064573057395,374.6151804678893
27761443,5.166041,-19.229383,7.214982103691101,70.15233213564687,321.45210417935544
27730110,3.908577,-26.669458,0.9440501036911011,146.8774769380617,279.24504396056165
27761450,5.930485,-19.401876,10.3019591036911,21.284443752595053,342.41403870323825
27761464,5.40543,-18.223928,5.678801103691101,89.70162758384632,323.34853850555123
27724159,-0.427408,-4.26608,0.055884103691101084,196.0122812664547,228.973063652424
27724159,-0.427408,-4.26608,0.055884103691101084,196.0122812664547,228.973063652424
27743137,6.472224,-18.709085,10.4036721036911,14.231698610508374,354.8199759941301
27697433,6.408195,-19.713306,10.721293103691101,16.342407178157885,348.91595393560544
27761494,8.133173,-20.956339,10.6535101036911,26.708695044733105,363.52304618230994
27743142,5.508721,-15.085678,5.8358101036911005,75.77068782804221,342.2048352824274
27743145,6.289783,-17.408438,2.9627221036911013,127.26540925025144,328.4266814064728
27730138,7.008963,-18.548964,10.3909361036911,13.289045278038714,363.71796537095616
27743146,5.457675,-14.972898,2.0803951036911013,138.02483861749582,325.42233941555446
27730140,5.178489,-18.794418,5.764368103691101,89.92703760535554,318.4752464766658
27761521,10.244669,-25.009605,7.226986103691101,89.65190410685128,352.0371087340356
27724168,-0.356818,-4.422343,-0.03292189630889886,197.66893001668,231.54714752866667
27724168,-0.356818,-4.422343,-0.03292189630889886,197.66893001668,231.54714752866667
27761533,6.179787,-14.03199,-0.1004118963088989,171.17798094218983,331.5448938211597
27761543,4.462302,-9.122476,0.21163510369110106,176.7366355040858,335.68310973700994
27730154,1.970812,-9.396847,0.18172910369110107,171.91957315358286,284.19721716951005
27743154,6.096367,-16.807196,9.968988103691101,5.839561349747754,360.9436889397758
27743155,6.728869,-18.578711,10.093812103691102,19.04072864490089,357.905602705235
27693634,6.020484,-20.263815,4.127098103691101,114.91348262998106,317.85401773070026
27730163,7.824252,-19.278002,9.9702951036911,26.814640515655128,367.7879118350302
27730167,3.606221,-13.077394,2.454771103691101,129.3772623149598,307.880536959872
27743162,3.847514,-9.777441,0.16198310369110103,174.39296402628975,318.52349818073606
27743164,7.47079,-19.525953,10.038960103691101,27.23021052454925,361.48025782204354
27701407,2.906198,-10.126165,0.140326103691101,172.16120686923762,298.98004947725315
27730171,6.273908,-22.947529,2.399422103691101,135.72705672936974,308.12145712818415
27743173,8.520255,-20.681585,10.5844241036911,26.151203310795324,370.0838408538041
27727316,-0.340404,-4.536525,-0.06582289630889893,197.71517568907908,232.3066548813712
27727316,-0.340404,-4.536525,-0.06582289630889893,197.71517568907908,232.3066548813712
27743174,7.964369,-19.079758,10.760955103691101,10.963447413441996,375.4775759474418
27761594,5.479167,-9.137742,0.12391810369110101,180.36862581308,356.18671149099595
27743180,10.007661,-23.083469,2.255529103691101,139.7454123984291,342.4551236988402
27743184,8.593607,-19.538799,10.1921041036911,25.002991550592185,377.65309908247
27724186,-0.186119,-4.776352,0.06794110369110107,192.08312526410865,238.11664077868284
27724186,-0.186119,-4.776352,0.06794110369110107,192.08312526410865,238.11664077868284
27727324,-0.268051,-4.739239,-0.071025896308899,196.33755847122455,235.07219257678184
27757216,-2.3893,0.001975,-0.08931189630889902,299.9768898467179,2.694288794270932
27746169,6.030437,-20.179583,7.092896103691101,75.90232201892235,327.6255998823699
27732518,4.051529,-21.526674,11.8878291036911,9.53794247911884,314.18999040677124
27732518,4.051529,-21.526674,11.8878291036911,9.53794247911884,314.18999040677124
27757252,-2.293249,-0.169196,-0.07458789630889884,288.6885634545176,27.537997059204287
27730222,3.865612,-9.851753,0.15562910369110106,174.31090151994437,318.3909116975108
27757258,-4.132941,-2.453232,0.24657210369110105,192.72611053117183,56.97885348562113
27701443,3.261042,-16.901142,7.017816103691101,61.89615204733943,304.4882966262798
27743205,7.608634,-15.485683,4.409764103691101,103.97350063548876,364.3818157519423
27724196,-0.101761,-5.005914,-0.03722689630889886,193.67720560457008,240.7267171197484
27757308,-5.460959,-4.610721,-0.059514896308898946,181.22477792984063,82.53554260708808
27757321,-3.779762,-2.879727,0.2671221036911011,188.85785392269835,86.30747063563462
27743216,5.264013,-9.84351,0.11124110369110118,177.61276761692665,345.2253689461521
27757322,-4.246367,-3.214283,-0.3479998963088988,206.3674287192796,85.22943718778905
27757325,-5.266963,-4.700079,-0.03109189630889886,180.41303151558876,89.67034541234537
27671497,4.348769,-19.773609,11.305748103691101,5.945617521555931,323.0885124478318
27743235,6.110523,-10.47628,-0.19437189630889895,182.3905681447374,353.9833222882792
27743239,5.359382,-8.883466,0.1801551036911011,180.00821750881943,356.64665971308546
27671501,4.082846,-17.965452,8.1742051036911,48.170389071975535,315.84038678454056
27671502,4.066957,-17.759527,6.656550103691101,72.25055348323431,311.16536282531814
27671506,4.128617,-17.146675,8.538703103691102,36.50559044915926,321.5303383406147
27671507,4.170059,-17.293007,7.992772103691101,47.42751690376639,319.3045405961954
27724226,0.096494,-5.424958,0.07700410369110111,187.94229083104236,247.29213755970997
27724226,0.096494,-5.424958,0.07700410369110111,187.94229083104236,247.29213755970997
27761647,-2.556186,-5.902506,0.03064610369110099,179.38384958455484,178.45135502698946
27761652,-2.279477,-5.469688,0.13327410369110115,179.57534141669694,181.68176780407444
27761658,-1.64935,-3.826192,0.682523103691101,173.14666724500952,183.966856266933
27761659,-1.959111,-4.770777,0.2939971036911011,179.72544125863715,184.1110124054869
27761735,-0.399742,0.673525,-0.03471989630889882,422.5286258996152,152.53391773524655
27761765,-0.551028,-5.015274,0.8077861036911012,166.20629128034238,229.4481518918492
27761779,-0.360362,-3.795322,0.9957811036911011,165.48637246538794,232.7145151556557
27761812,-0.237006,-6.134803,0.950766103691101,158.94937361776948,241.35030871206425
27761937,0.638365,-12.886316,6.861122103691101,36.964450917924296,273.8861653375873
27761951,0.901919,-15.738293,9.211902103691102,10.400078016851523,279.6641994045913
27762011,2.534341,-14.804516,9.233080103691101,0.6147799049295486,310.26337130481375
27762014,5.27147,-18.86644,2.811410103691101,129.2212430578099,310.28118510279853
27762024,3.973483,-21.970654,12.623553103691101,0.8209715816202561,313.9632432942189
27762025,4.271127,-22.684978,12.311703103691102,11.06659854055738,314.0491370932152
27762026,4.924888,-19.384222,5.868640103691101,89.91511815830188,313.57151562437565
27762036,4.497916,-16.581299,5.270575103691101,90.44566306744238,316.8451362497186
27762051,4.558383,-21.190556,11.8292781036911,8.101550146560754,321.58505154426564
27762055,4.730683,-17.370972,6.689738103691101,70.46984251471147,321.8534106915602
27762059,3.958192,-10.083964,0.1244811036911011,174.3296708569615,318.6055971850567
27762063,4.857527,-16.962933,6.640849103691101,69.56155051568442,325.3457491196328
27762065,5.092853,-16.486248,5.321155103691101,89.76522694324711,325.7534677867012
27762067,3.011782,-7.535471,1.196480103691101,156.2267306675414,322.1581845187776
27762072,5.094385,-16.912584,6.612290103691101,69.963449141202,328.8362158028616
27762080,5.735602,-17.271399,5.5045581036911,89.74606155083256,331.4472910203428
27762086,4.63977,-15.805355,8.769940103691102,21.614915996014048,338.0863375794776
27762090,6.206085,-17.663643,5.588559103691101,89.95613503819067,336.07902473873065
27762091,6.205531,-14.345428,-0.14885289630889886,171.2262554144007,330.09072258992205
27762104,7.525271,-21.690025,8.2330311036911,66.28941990962625,342.2366584479418
27762107,5.80387,-18.312773,10.087691103691101,16.773809143821637,346.23773855050223
27762108,4.290907,-8.799073,0.24611210369110115,176.88792780322575,334.9378712812226
27762113,4.43436,-11.778101,5.7322871036911005,57.71921467936548,347.91973984405905
27762114,6.126324,-16.469639,6.820647103691101,64.85243218519446,347.3768850151108
27762121,3.562705,-9.146683,5.208541103691101,48.00688549539527,351.2251137290372
27762122,4.665443,-9.06604,0.19019010369110112,177.75809394119986,340.24777857346953
27762125,5.52866,-11.558863,1.981652103691101,139.75354017837782,347.434317508836
27762127,6.83134,-16.089596,5.314340103691101,89.89044020666304,353.0380215060283
27762135,9.486705,-19.920238,1.588492103691101,147.0100310798184,348.9357404297906
27762140,6.658154,-17.420731,9.9221521036911,12.672508350351675,364.659972345996
27762149,7.002076,-15.310602,5.198451103691101,89.39128637168167,360.7139025670092
27762154,6.577371,-16.458431,9.502011103691101,12.5774570495839,369.0439740710676
27762159,7.014025,-14.763777,5.070342103691101,89.77921645012958,364.58388601945205
27762173,7.499146,-17.483593,10.068871103691102,10.47724160612043,378.1748633164405
27763926,-2.447502,-0.070947,-0.060667896308898905,292.07743507978034,4.7774691562209455
27763971,-2.437104,-0.292784,-0.10756489630889887,281.71501843603613,28.68190619242597
27764040,-2.254484,-0.469904,-0.05064389630889887,270.76159184321466,54.79428959156167
27764084,-2.838312,-1.799707,1.8064901036911012,112.62847766913804,64.95807992228885
27764121,-4.531234,-4.591472,3.3714071036911015,52.55168740645067,83.68229063440833
27764122,-4.10832,-3.268647,-0.010614896308899002,194.36927689165236,88.68025261190328
27764148,-4.824016,-4.916338,2.230198103691101,105.1574870418481,92.16343880475436
27764186,-4.076322,-4.130538,1.2699581036911012,142.11076295253417,103.1724694401108
27764223,-3.344633,-3.398121,1.258470103691101,145.44090497218377,110.2290603119882
27764379,-2.214245,-4.150346,4.137554103691101,1.46576824628724,160.11001298370377
27764403,-2.059522,-4.224564,4.060670103691101,8.77980868743282,168.7335478988675
27764409,-2.029939,-4.208595,4.046304103691101,9.2608638303507,169.80517679503643
27764450,-2.446686,-4.929664,-0.15826989630889887,190.7053447465709,171.967879758964
27764471,-2.287484,-5.393701,0.1690581036911012,178.96045654960423,180.74515048638372
27764485,-2.022117,-5.197523,0.685388103691101,165.3467991770747,186.1188489506341
27764533,-0.354381,-0.039723,1.4458661036911011,167.19728883336936,191.0828615401108
27764549,-1.22385,-12.228018,7.055191103691101,25.040549047479203,240.1995468976384
27764560,-1.536802,-9.537166,2.445276103691101,118.97455151538772,221.63407109116383
27764573,-1.334339,-9.854262,3.0486941036911013,106.20673469616432,227.26994891001
27764637,-1.063285,-20.693232,5.1694191036911015,98.3637566502602,244.03012132757135
27764706,0.5689,-7.285643,4.685051103691101,41.0333787318416,278.85682748181625
27764716,0.684009,-15.493193,3.824942103691101,107.54196411449632,263.28834663960123
27764724,0.538988,-9.872776,3.0837121036911013,107.77289033151206,264.9765414711541
27764752,3.116824,-18.590389,10.6944421036911,6.990086759628127,308.85843341429046
27764754,0.36455,-4.97549,2.0150871036911013,125.43311942685358,264.7493515814969
27764784,5.034094,-23.354557,12.8792811036911,7.1138907649857686,322.1982508584403
27727399,0.69315,-11.463795,3.252612103691101,108.65105958513595,266.2500428407335
27757644,-2.253879,-5.12994,0.20588910369110103,179.44287476717523,179.11871158238674
27757644,-2.253879,-5.12994,0.20588910369110103,179.44287476717523,179.11871158238674
27750237,-1.245654,-2.298052,-0.00524189630889893,220.52244840736452,180.1076852311494
27754086,-3.331361,-6.062858,0.2637861036911011,170.72472718488888,160.50834853477966
27754165,-3.085471,-8.051309,5.524623103691101,18.03303068474952,180.26670259309336
27754165,-3.085471,-8.051309,5.524623103691101,18.03303068474952,180.26670259309336
27754173,-1.656337,-3.818689,0.7414131036911011,170.9190326473751,183.58639621594605
27754195,-1.546053,-4.337409,0.8216641036911011,165.68706587731523,192.96317850759945
27754195,-1.546053,-4.337409,0.8216641036911011,165.68706587731523,192.96317850759945
27685738,4.683881,-20.391819,0.31685910369110104,156.2921788514348,294.0190201499637
27704255,-2.189764,-11.919865,4.688390103691101,77.42093079732973,218.60822557047263
27704255,-2.189764,-11.919865,4.688390103691101,77.42093079732973,218.60822557047263
27754379,-0.495994,-9.83743,3.425548103691101,98.25019610885953,244.80960287455272
27754379,-0.495994,-9.83743,3.425548103691101,98.25019610885953,244.80960287455272
27754545,1.722905,-10.014693,5.422111103691101,48.84265271000041,300.05530967142994
27754552,3.653815,-20.3498,0.023838103691101065,158.44575697519952,283.40220591053287
27758573,0.758017,-11.3847,6.105281103691101,42.31798387290084,276.9700180906536
27758578,1.137673,-13.517708,6.6752261036911005,46.60691397718415,280.73680150223714
27739789,5.02252,-23.256584,-0.15967489630889897,158.77631630803808,291.00937172208114
27739795,4.244957,-16.803377,2.7744341036911013,127.6481536289064,304.4060067119826
27739859,4.21591,-11.256644,-0.15688389630889898,176.1483261619177,315.4654346299036
27718509,2.683551,-18.418127,10.782331103691101,3.726212451043068,303.66847855148814
27704537,2.349773,-13.978447,6.585433103691101,52.553750024208114,299.7117605258257
27750689,3.418379,-13.385112,2.4784801036911013,128.98378640530046,303.7721403837678
27742633,-0.865685,-2.240162,0.600796103691101,194.906983476324,197.62599088431116
27750749,4.31542,-11.498309,-0.21539489630889896,176.55753488285086,315.65750583598395
27662648,-2.176772,-11.888238,4.677289103691101,77.50843531705922,218.73824189354391
27662648,-2.176772,-11.888238,4.677289103691101,77.50843531705922,218.73824189354391
27742719,-0.775134,-3.500784,0.03873910369110112,203.21547618088044,212.79747486207933
27742719,-0.775134,-3.500784,0.03873910369110112,203.21547618088044,212.79747486207933
27742729,-0.735415,-3.410194,-0.00012589630889880965,205.88204499226268,213.6119271807015
27726908,-1.657028,-4.540117,0.7990281036911011,165.27379189459933,191.19970705862505
27726908,-1.657028,-4.540117,0.7990281036911011,165.27379189459933,191.19970705862505
27710485,3.861093,-19.128674,3.8377531036911012,115.57656633832174,296.3032117563416
27742785,-0.502665,-4.087317,0.05643510369110105,197.4102228760233,225.75669246207497
27742785,-0.502665,-4.087317,0.05643510369110105,197.4102228760233,225.75669246207497
27710511,2.482917,-14.557736,6.770422103691101,52.65635918172006,300.4104015048045
27721563,-1.177722,-2.608373,0.03992910369110114,213.5667152392429,187.71417915099937
27721563,-1.177722,-2.608373,0.03992910369110114,213.5667152392429,187.71417915099937
27760595,-4.993782,-2.509837,0.25805010369110115,187.803306354362,24.967677395739628
27760642,-5.661716,-3.592466,0.007333103691101073,185.33431139542884,47.52674226294244
27760658,-4.338367,-2.547228,0.1841471036911011,193.4142377230927,53.39988646678009
27760670,-4.048667,-2.384229,0.27241610369110103,192.7752462905404,57.23857825195125
27760680,-2.894707,-1.681755,1.7973271036911012,112.09455595601682,54.548921317839415
27727003,-0.833751,-10.741934,2.990113103691101,110.56982545157987,238.1150628967516
27737183,0.312263,-4.121537,0.0199321036911011,201.2487112561186,253.89205234141727
27737243,2.764481,-10.520045,-0.061919896308898936,174.40439593259927,294.1120471070377
27761089,-0.406217,0.616168,0.006033103691100994,407.4709400171538,155.1544282097161
27761089,-0.406217,0.616168,0.006033103691100994,407.4709400171538,155.1544282097161
27732196,-2.48779,-6.414537,4.856428103691101,17.210788778547453,181.86936143333503
27743053,3.140087,-12.197346,2.454606103691101,128.1665732556586,303.9457339239727
27761251,-0.751595,-13.391394,3.037442103691101,115.1802320418828,241.73195959801708
27727157,-0.181557,-4.704112,0.09260110369110097,191.9153268110785,238.2057215836282
27727157,-0.181557,-4.704112,0.09260110369110097,191.9153268110785,238.2057215836282
27761297,0.902966,-15.988458,9.191218103691101,13.190821394237162,279.08337988965746
27761297,0.902966,-15.988458,9.191218103691101,13.190821394237162,279.08337988965746
27724101,-0.81466,-3.368813,0.04415510369110098,204.42884700622523,210.3653601357626
27724101,-0.81466,-3.368813,0.04415510369110098,204.42884700622523,210.3653601357626
27727224,0.691507,-4.874831,0.2949201036911011,187.0887557314373,266.73954520522807
27727234,1.549959,-8.541491,0.14486710369110112,174.64710745237545,278.1104254820651
27761431,4.792583,-22.962143,-0.1792358963088989,159.02160191899125,289.4522476892257
27743132,3.897852,-11.157096,-0.1285068963088989,175.47693556962827,310.7086397476548
27701381,2.231672,-10.071486,0.14557810369110102,171.1093535299024,286.87102069256025
27732452,0.685734,-21.671415,4.923220103691101,104.08256322012316,261.2560405134981
27732452,0.685734,-21.671415,4.923220103691101,104.08256322012316,261.2560405134981
27724176,-0.286377,-4.54315,0.06677710369110113,193.70293106483524,234.4411574203073
27724176,-0.286377,-4.54315,0.06677710369110113,193.70293106483524,234.4411574203073
27757244,-2.257193,-0.148036,0.03618110369110106,282.8053033044315,24.83623069933398
27685181,0.007045,-11.473769,4.899845103691101,72.08897099939071,258.26411560906644
27685181,0.007045,-11.473769,4.899845103691101,72.08897099939071,258.26411560906644
27757298,-2.082534,-0.350625,0.080506103691101,270.1733647397343,55.343296680369605
27757311,-4.116649,-3.098144,0.15196410369110103,189.9336711247353,81.83230389569582
27757352,-4.711104,-4.55365,0.11273410369110115,178.5377407489895,100.94967226845576
27739426,-1.892227,-7.591866,5.105974103691101,27.317487782259093,209.031647997948
27739426,-1.892227,-7.591866,5.105974103691101,27.317487782259093,209.031647997948
27666705,2.178947,-13.294127,6.364663103691101,52.46311847435362,298.565720869125
27761676,-1.341757,-3.977767,0.6904451036911011,172.98848220535947,196.63308456908013
27761948,1.186025,-14.067416,6.873031103691101,46.40392095280356,280.868907961754
27761988,8.351198,-61.440269,23.753622103691104,43.52194252848429,295.8059482897757
27763927,-2.235791,0.070251,0.019539103691101012,299.46965975206496,3.782166390094318
27763935,-2.26739,0.009377,-0.01651289630889896,297.0889890725665,9.419732761635458
27763958,-5.176818,-2.622334,0.2040071036911011,188.17598743622685,23.965912503269465
27763996,-2.30578,-0.319425,-0.04387189630889887,277.61335375883647,39.00752207746811
27764091,-6.032225,-6.081787,4.672541103691101,16.731778812522776,67.20865107418763
27764097,-3.903378,-2.660529,0.042696103691101106,199.85807590832357,76.40844251280981
27764300,-2.917355,-4.066456,3.3745141036911015,45.45185250952824,131.05434465111148
27739467,-2.453146,-14.051492,4.691744103691101,86.46579192121527,219.5480033424436
27739467,-2.453146,-14.051492,4.691744103691101,86.46579192121527,219.5480033424436
27710221,-2.427324,-7.602918,5.373057103691101,16.906471989959016,194.3391240464272
27710221,-2.427324,-7.602918,5.373057103691101,16.906471989959016,194.3391240464272
27757730,-0.43982,0.736068,-0.005412896308898851,432.9187361289932,140.85433398461333
27757730,-0.43982,0.736068,-0.005412896308898851,432.9187361289932,140.85433398461333
27750288,-1.651331,-6.799776,3.5529141036911014,75.05755981550118,209.65346826630525
27750288,-1.651331,-6.799776,3.5529141036911014,75.05755981550118,209.65346826630525
27739595,-0.516348,-12.243143,5.762791103691101,56.78571651687841,250.49328971099249
27754564,4.302936,-21.315887,-0.06391389630889899,158.97524986672803,287.9057022260146
27734553,-2.410668,-9.525946,4.002136103691101,80.16703081160156,205.41844154473648
27734553,-2.410668,-9.525946,4.002136103691101,80.16703081160156,205.41844154473648
27750400,-0.588989,0.64689,-0.02737289630889883,410.4487100122189,126.63885702938336
27750450,-0.573808,-9.562174,4.803753103691101,60.53423121480802,246.47835671088944
27750450,-0.573808,-9.562174,4.803753103691101,60.53423121480802,246.47835671088944
27758586,4.508598,-21.850599,-0.08254789630889903,158.85001360475795,288.89389682428856
27758591,1.304196,-17.623682,9.653642103691102,18.15035717104402,282.8778162317524
27758621,3.323776,-10.999372,0.011885103691101184,172.6763242645131,302.2340777952236
27734690,-0.118488,-8.42675,3.090700103691101,101.6142144872732,251.8446937376934
27713554,-2.044221,-8.035664,5.5460891036911,17.573947742502355,207.7929334439084
27724363,0.682883,-9.469145,5.391391103691101,43.39540164200696,277.76521473205065
27724363,0.682883,-9.469145,5.391391103691101,43.39540164200696,277.76521473205065
27750592,0.927646,-9.896517,5.334195103691101,49.62679122838969,281.8613291773036
27750592,0.927646,-9.896517,5.334195103691101,49.62679122838969,281.8613291773036
27712857,-1.794322,-4.325368,0.800600103691101,165.72800475373435,184.49440875172616
27720643,0.988556,-10.771549,5.6752131036911,48.28254497233982,281.8137124930795
27736863,-2.134888,-7.086925,4.794181103691101,31.531737789143165,198.6244357073277
27736863,-2.134888,-7.086925,4.794181103691101,31.531737789143165,198.6244357073277
27726870,-2.303786,-10.105672,3.542616103691101,94.4965835967709,209.6559372574099
27726870,-2.303786,-10.105672,3.542616103691101,94.4965835967709,209.6559372574099
27723078,1.276738,-10.82647,6.557115103691101,24.308652569467423,291.7641034488526
27723078,1.276738,-10.82647,6.557115103691101,24.308652569467423,291.7641034488526
27742683,-0.659078,-2.188645,0.7767651036911011,187.50164132895247,208.06293822526632
27736918,-1.445314,-7.346984,4.7182451036911015,38.7986315594336,219.87270087178135
27736919,-2.451096,-12.695263,4.5509511036911015,83.69792129923457,216.17296384376107
27736919,-2.451096,-12.695263,4.5509511036911015,83.69792129923457,216.17296384376107
27701094,-2.624641,-9.62952,3.108880103691101,102.4924981466762,201.09361487935683
27736943,-1.310138,-7.838231,4.556345103691101,50.86430558690952,225.09668784276093
27736943,-1.310138,-7.838231,4.556345103691101,50.86430558690952,225.09668784276093
27714867,-2.449997,-10.166117,1.4337041036911011,139.54159315457912,205.7998175696785
27714867,-2.449997,-10.166117,1.4337041036911011,139.54159315457912,205.7998175696785
27736952,-0.86555,-5.557764,3.902337103691101,47.20626504728688,229.3433655320176
27736952,-0.86555,-5.557764,3.902337103691101,47.20626504728688,229.3433655320176
27726906,-1.409001,-10.184149,4.618779103691101,69.45879404495113,229.0109542761601
27701111,-2.537442,-10.008385,3.2993931036911013,99.5068397001362,204.59196770129316
27701111,-2.537442,-10.008385,3.2993931036911013,99.5068397001362,204.59196770129316
27710479,4.259675,-21.098314,3.4417301036911008,122.52752996235412,295.1750922251176
27675073,1.109473,-11.040714,6.2165981036911,36.21490707321775,285.7613963816502
27737032,-0.472719,-12.82314,5.906079103691101,57.59143412559038,251.5637188418099
27729738,-1.821796,-7.666376,5.269512103691101,22.291312799124483,211.59187408347967
27729738,-1.821796,-7.666376,5.269512103691101,22.291312799124483,211.59187408347967
27742806,-0.411391,-4.326228,0.04629910369110113,195.83073345950595,229.6816453519431
27742806,-0.411391,-4.326228,0.04629910369110113,195.83073345950595,229.6816453519431
27701160,-2.267138,-11.310154,4.246133103691101,83.96263957265182,215.06670230574443
27701160,-2.267138,-11.310154,4.246133103691101,83.96263957265182,215.06670230574443
27726947,-1.242863,-2.302667,0.07738510369110108,216.7952178615163,180.21367493078776
27726947,-1.242863,-2.302667,0.07738510369110108,216.7952178615163,180.21367493078776
27742838,-0.174238,-4.828716,0.0549311036911011,192.10270986525452,238.537779763404
27742838,-0.174238,-4.828716,0.0549311036911011,192.10270986525452,238.537779763404
27760544,-5.308078,-2.321869,0.18125010369110117,191.74022416719689,4.62548083963884
27760613,-3.910768,-1.812279,0.3665281036911011,196.4267882043414,34.63116589917465
27726964,-0.648266,-12.44956,5.614280103691101,61.448742880759056,247.8244899405349
27726964,-0.648266,-12.44956,5.614280103691101,61.448742880759056,247.8244899405349
27726970,-1.184339,-2.536003,-0.03394289630889902,217.8263163286332,186.4667087502282
27726970,-1.184339,-2.536003,-0.03394289630889902,217.8263163286332,186.4667087502282
27737203,3.601901,-22.415024,-0.07088889630889894,157.59468810081967,279.9415275634733
27714099,-1.214149,-2.359964,-0.00037389630889883563,219.34086630670572,182.532665410167
27714099,-1.214149,-2.359964,-0.00037389630889883563,219.34086630670572,182.532665410167
27723260,1.683277,-13.152227,7.029979103691101,35.85394368796753,292.8341237837506
27723260,1.683277,-13.152227,7.029979103691101,35.85394368796753,292.8341237837506
27742972,1.505701,-11.491024,6.362254103691101,37.02716787796524,292.98317241297104
27742972,1.505701,-11.491024,6.362254103691101,37.02716787796524,292.98317241297104
27761033,-0.565702,0.597574,-0.004869896308898891,399.9608186555087,133.77748403138904
27761033,-0.565702,0.597574,-0.004869896308898891,399.9608186555087,133.77748403138904
27690970,2.437788,-10.842669,-0.07980889630889898,173.28950470601922,287.35864722093424
27761060,-0.4381,0.73683,-0.005183896308898817,433.14101579586224,141.05687995072782
27761060,-0.4381,0.73683,-0.005183896308898817,433.14101579586224,141.05687995072782
27724053,-1.697521,-4.440744,0.8094361036911011,165.21021082233557,188.90945735869985
27746055,0.424795,-10.083982,6.471150103691101,17.108162799860878,274.52408738020875
27724088,-2.390347,-10.148978,3.4806731036911014,96.01916566383194,208.11015346353537
27727156,-0.125053,-6.113491,0.0036151036911011847,185.06511154051785,241.56359787128375
27666390,-2.499969,-10.094841,3.3899171036911007,97.7834609174108,205.7289578103179
27666390,-2.499969,-10.094841,3.3899171036911007,97.7834609174108,205.7289578103179
27746106,-0.400347,0.703516,-0.0029658963088989854,426.6650152581759,149.7151440207886
27746106,-0.400347,0.703516,-0.0029658963088989854,426.6650152581759,149.7151440207886
27675721,-2.844828,-9.410779,2.858299103691101,107.41560811106848,195.56552311276067
27675721,-2.844828,-9.410779,2.858299103691101,107.41560811106848,195.56552311276067
27727239,4.216039,-21.03363,-0.0349888963088989,158.87512721904227,287.607717197142
27730152,4.094517,-19.518997,0.09703110369110113,158.82912400380167,289.32728514262453
27730158,3.645824,-16.196329,0.3578901036911011,158.872483488127,291.8768409376572
27671428,-1.174035,-9.669491,5.179844103691101,50.25401192477884,234.0814055773321
27671428,-1.174035,-9.669491,5.179844103691101,50.25401192477884,234.0814055773321
27666656,3.111109,-19.888767,0.09314910369110119,157.70065915437266,278.8545002257116
27761650,-2.157892,-4.954384,0.12576010369110113,183.11673881052943,180.17557982874504
27761657,-1.815763,-4.304647,0.8034131036911011,165.65295533074703,183.54685320464463
27761677,-0.569667,0.619034,0.008319103691101004,402.8484098132037,131.14213764059588
27761803,-0.272488,-6.311614,-0.057508896308898994,185.12931127435215,237.89244536956735
27761866,0.335328,-4.118467,0.018518103691101073,201.41243184603456,254.69330581667649
27763944,-5.413036,-2.617703,0.13553610369110114,190.0524984153377,15.964608512580895
27763991,-2.128531,-0.159156,0.02514110369110112,284.5762585563417,36.80585110454632
27764398,-2.343377,-4.426457,3.2237841036911012,60.77186034639493,162.45655363228454
27764697,0.345181,-18.932167,4.514403103691101,104.10986323364122,258.315714642814
27739442,-1.434557,-6.119678,4.389709103691101,33.56381167506643,213.5083409714495
27739442,-1.434557,-6.119678,4.389709103691101,33.56381167506643,213.5083409714495
27739443,-2.568354,-12.619162,4.900788103691101,76.19125595226552,214.34957523838767
27739443,-2.568354,-12.619162,4.900788103691101,76.19125595226552,214.34957523838767
27739466,-1.518706,-7.718743,4.867371103691101,38.2399045904115,219.61756704951864
27724233,-0.523429,-11.011885,4.868821103691101,69.504930841148,248.13668776591095
27724233,-0.523429,-11.011885,4.868821103691101,69.504930841148,248.13668776591095
27719278,-1.817311,-12.301115,4.817996103691101,76.91855775735095,226.04092396855543
27739481,-1.94344,-12.162178,4.286637103691101,87.20135063835258,222.964872344122
27739481,-1.94344,-12.162178,4.286637103691101,87.20135063835258,222.964872344122
27724235,-0.195618,-14.654232,4.030484103691101,101.60185832295996,251.8879225476835
27724235,-0.195618,-14.654232,4.030484103691101,101.60185832295996,251.8879225476835
27710218,-2.690553,-11.821832,4.840053103691101,73.18405164740824,209.72791650810845
27710218,-2.690553,-11.821832,4.840053103691101,73.18405164740824,209.72791650810845
27710224,-2.342581,-10.955483,4.223467103691101,82.66595460958422,212.53384538504287
27710224,-2.342581,-10.955483,4.223467103691101,82.66595460958422,212.53384538504287
27710225,-2.255156,-10.935493,3.901549103691101,89.89367426682739,213.7898933154148
27710225,-2.255156,-10.935493,3.901549103691101,89.89367426682739,213.7898933154148
27724244,-0.120385,-16.389168,4.589354103691101,97.17500232237968,253.649908641782
27724244,-0.120385,-16.389168,4.589354103691101,97.17500232237968,253.649908641782
27754042,-1.738208,-1.232509,-0.019731896308898822,243.71819600191492,128.00883455467107
27757669,-1.809081,-4.614877,0.7704261036911011,165.4929158558047,187.0257229303561
27757669,-1.809081,-4.614877,0.7704261036911011,165.4929158558047,187.0257229303561
27709532,-2.103615,-7.374598,5.370429103691101,13.268193226025517,201.8985547202546
27750226,-1.292222,-2.137869,0.007919103691101048,222.76343723999665,175.16510742996374
27757724,-2.465463,-11.662511,4.327126103691101,83.67921959212663,212.7343563978593
27757724,-2.465463,-11.662511,4.327126103691101,83.67921959212663,212.7343563978593
27710234,-2.206406,-7.321235,5.201073103691101,19.09422391434174,198.4508020484776
27710234,-2.206406,-7.321235,5.201073103691101,19.09422391434174,198.4508020484776
27724251,0.111643,-17.723036,4.3786631036911015,103.44419527442446,255.8328824727457
27695905,-2.290749,-7.494658,4.338287103691101,53.61352375644651,197.0185739724413
27695905,-2.290749,-7.494658,4.338287103691101,53.61352375644651,197.0185739724413
27685703,-2.063673,-6.79969,4.5063701036911015,38.73211389634869,198.45257370891667
27685703,-2.063673,-6.79969,4.5063701036911015,38.73211389634869,198.45257370891667
27754166,-2.122478,-4.852205,0.1410401036911011,183.4118214394097,180.16819226981696
27754166,-2.122478,-4.852205,0.1410401036911011,183.4118214394097,180.16819226981696
27727443,3.421679,-19.241686,0.16817910369110112,157.7579388148417,283.0684758572941
27710241,-2.11241,-11.114437,4.0823791036911015,86.81596795725059,217.11217742297728
27710241,-2.11241,-11.114437,4.0823791036911015,86.81596795725059,217.11217742297728
27757789,-4.665146,-39.388283,18.042825103691104,24.62386549541557,234.26442838814805
27757789,-4.665146,-39.388283,18.042825103691104,24.62386549541557,234.26442838814805
27750274,-2.273547,-9.418322,3.973788103691101,80.40818753057337,207.7930616501176
27754227,-3.097,-13.505066,4.813067103691101,81.56696880425423,208.57650913473503
27704205,-2.857465,-11.14854,4.751289103691101,71.14490644961501,204.1458491196149
27704205,-2.857465,-11.14854,4.751289103691101,71.14490644961501,204.1458491196149
27695934,-0.196105,-9.443552,5.215380103691101,47.78156250053371,256.3485061875221
27704221,-2.419508,-10.625654,4.195997103691101,81.53141818084404,209.90460793015484
27704221,-2.419508,-10.625654,4.195997103691101,81.53141818084404,209.90460793015484
27704222,-2.297746,-10.5769,3.7181941036911015,92.43327791563874,211.6371527425761
27727455,3.630758,-20.515007,2.594071103691101,131.22129849995048,288.05627975644603
27739591,-0.522702,-10.816303,5.182264103691101,60.38311119382735,248.88359031207096
27739591,-0.522702,-10.816303,5.182264103691101,60.38311119382735,248.88359031207096
27739592,-0.630088,-12.064009,3.729749103691101,99.34194900697575,244.1403528986652
27710249,-2.115543,-7.101888,5.3088301036911005,10.83058196818726,199.56138582539035
27710249,-2.115543,-7.101888,5.3088301036911005,10.83058196818726,199.56138582539035
27754261,-2.412285,-13.89381,4.663902103691101,86.41050232390438,219.7808746826255
27754261,-2.412285,-13.89381,4.663902103691101,86.41050232390438,219.7808746826255
27707194,-2.598284,-6.793869,5.352022103691101,2.6489168977899737,182.06876283801083
27754276,-1.474565,-8.514718,4.768575103691101,51.00085220325508,223.45950066558703
27754276,-1.474565,-8.514718,4.768575103691101,51.00085220325508,223.45950066558703
27724256,-0.144173,-11.383862,4.792541103691101,73.91794415033937,255.17473872898165
27724256,-0.144173,-11.383862,4.792541103691101,73.91794415033937,255.17473872898165
27704244,-2.202456,-7.481859,5.466174103691101,11.262831560892096,199.8478115559211
27704244,-2.202456,-7.481859,5.466174103691101,11.262831560892096,199.8478115559211
27704245,-2.272799,-8.229206,5.519760103691101,21.38123321129862,202.8354056166847
27704245,-2.272799,-8.229206,5.519760103691101,21.38123321129862,202.8354056166847
27739612,-0.445628,-20.861544,5.051774103691101,100.4785466009682,250.24715624232115
27739612,-0.445628,-20.861544,5.051774103691101,100.4785466009682,250.24715624232115
27757914,1.293022,-30.886108,6.079800103691101,105.5866940721482,263.43086051787765
27757914,1.293022,-30.886108,6.079800103691101,105.5866940721482,263.43086051787765
27739618,-0.193144,-12.236716,4.990058103691101,74.23762608114927,254.448932992357
27739618,-0.193144,-12.236716,4.990058103691101,74.23762608114927,254.448932992357
27707207,-2.68345,-11.257902,4.414908103691101,79.57520758740881,207.54531795292735
27707207,-2.68345,-11.257902,4.414908103691101,79.57520758740881,207.54531795292735
27739628,-0.012638,-18.48105,4.480622103691101,103.45960274678488,254.3466723304673
27739628,-0.012638,-18.48105,4.480622103691101,103.45960274678488,254.3466723304673
27750316,-1.847942,-7.951262,5.347195103691101,23.7519542955977,212.4254963312631
27707218,-2.35029,-10.281057,4.078640103691101,82.5626442275651,209.8426543345849
27707218,-2.35029,-10.281057,4.078640103691101,82.5626442275651,209.8426543345849
27704260,-1.918715,-7.74932,4.823756103691101,39.875658314827575,208.87562359013413
27704260,-1.918715,-7.74932,4.823756103691101,39.875658314827575,208.87562359013413
27704263,-2.10296,-8.725118,5.500715103691101,29.083577774370752,209.8167563511769
27704263,-2.10296,-8.725118,5.500715103691101,29.083577774370752,209.8167563511769
27707241,-2.093092,-11.205833,4.124919103691101,86.31160111772323,217.7690545295988
27707241,-2.093092,-11.205833,4.124919103691101,86.31160111772323,217.7690545295988
27754421,-0.097052,-6.138306,4.648085103691101,23.20412902669321,260.3269327312848
27754421,-0.097052,-6.138306,4.648085103691101,23.20412902669321,260.3269327312848
27758022,4.016443,-21.424225,-0.05932589630889895,158.61209077362182,285.0741828620957
27704281,-1.948651,-8.443145,5.583765103691101,22.44443220516041,212.44159832052347
27754450,0.77923,-20.42869,4.493539103691101,107.20477821500477,262.22286723141144
27754450,0.77923,-20.42869,4.493539103691101,107.20477821500477,262.22286723141144
27748453,-0.491426,0.748186,-0.01272989630889887,434.4722768613168,131.71604550573167
27682801,-0.5855,-12.081429,4.0716151036911015,92.5314721719906,245.58476702030103
27682801,-0.5855,-12.081429,4.0716151036911015,92.5314721719906,245.58476702030103
27754463,0.962335,-17.241703,3.9871801036911014,108.63815422362,265.6991526100952
27710275,-1.736542,-7.699454,4.671577103691101,44.81907724324287,213.33848599760944
27682823,4.208059,-20.898666,2.393745103691101,133.957637574326,292.7523631033697
27704297,-1.748799,-8.410313,5.415001103691101,28.00094378926798,217.21112250267203
27704297,-1.748799,-8.410313,5.415001103691101,28.00094378926798,217.21112250267203
27739673,0.960456,-18.217119,4.580345103691101,102.262637153169,265.96357577475163
27739673,0.960456,-18.217119,4.580345103691101,102.262637153169,265.96357577475163
27707265,-1.879854,-7.036568,5.185420103691101,14.944759031648744,206.1220724935192
27707265,-1.879854,-7.036568,5.185420103691101,14.944759031648744,206.1220724935192
27750382,-0.932314,-7.152436,3.738688103691101,72.60169238641333,231.5954585120837
27750382,-0.932314,-7.152436,3.738688103691101,72.60169238641333,231.5954585120837
27704320,-1.552374,-10.20733,5.536314103691101,45.01263064746675,227.61339468760528
27704320,-1.552374,-10.20733,5.536314103691101,45.01263064746675,227.61339468760528
27707281,-1.904612,-8.581991,5.633217103691101,22.740992891078434,214.2635842581417
27724277,0.238509,-14.41135,5.197044103691101,80.77421755864682,260.75593121582887
27724277,0.238509,-14.41135,5.197044103691101,80.77421755864682,260.75593121582887
27750391,-0.928659,-7.346138,4.423737103691101,50.22124589914168,233.89308175026747
27750391,-0.928659,-7.346138,4.423737103691101,50.22124589914168,233.89308175026747
27724278,0.828507,-21.36215,4.619298103691101,107.1848377342005,262.38567723208047
27724278,0.828507,-21.36215,4.619298103691101,107.1848377342005,262.38567723208047
27754608,3.037868,-10.269387,0.11475510369110098,172.43513027260667,300.6732869637091
27734538,-3.961782,-16.939337,8.678009103691101,29.38327868939905,208.27203444126536
27734538,-3.961782,-16.939337,8.678009103691101,29.38327868939905,208.27203444126536
27734543,-2.298933,-9.22042,5.399178103691101,38.233622920714,207.4449775824864
27734543,-2.298933,-9.22042,5.399178103691101,38.233622920714,207.4449775824864
27704330,-1.367846,-8.814177,5.314433103691101,36.84805710496335,227.96668194522437
27704330,-1.367846,-8.814177,5.314433103691101,36.84805710496335,227.96668194522437
27734559,-3.087548,-14.08949,4.852974103691101,83.22454166058793,210.46713930623616
27734559,-3.087548,-14.08949,4.852974103691101,83.22454166058793,210.46713930623616
27707299,-1.611613,-13.345945,5.326757103691101,71.99023660916677,231.8952792648676
27707299,-1.611613,-13.345945,5.326757103691101,71.99023660916677,231.8952792648676
27704340,-1.258861,-9.443048,5.4130771036911005,41.01046282629878,232.21587914977871
27710303,-1.448886,-8.325158,4.720483103691101,50.575065442013226,223.4019618380642
27710303,-1.448886,-8.325158,4.720483103691101,50.575065442013226,223.4019618380642
27707315,-0.852952,-11.869158,3.9297381036911014,94.3966051624779,240.57666433687007
27750418,-0.925255,-9.97695,5.333565103691101,48.96571898435224,240.33524834926425
27750418,-0.925255,-9.97695,5.333565103691101,48.96571898435224,240.33524834926425
27750419,-0.761465,-8.21694,4.556665103691101,55.44415717881739,240.24534683268075
27750419,-0.761465,-8.21694,4.556665103691101,55.44415717881739,240.24534683268075
27707325,-0.753046,-11.531891,4.309273103691101,85.03088832583981,242.8284172880037
27707325,-0.753046,-11.531891,4.309273103691101,85.03088832583981,242.8284172880037
27758512,0.323153,-20.173519,4.587365103691101,105.360862220253,257.7030419184356
27704360,-0.807341,-9.543712,4.676127103691101,63.755156341619966,240.9371543437933
27704360,-0.807341,-9.543712,4.676127103691101,63.755156341619966,240.9371543437933
27758518,0.426929,-4.153897,0.016556103691101054,201.4471959524908,257.84710267552765
27758526,1.05632,-18.883577,2.907185103691101,124.78638347682174,263.54632866285573
27707335,-0.359739,-13.479609,4.229074103691101,94.6015317610748,249.86931267900368
27707335,-0.359739,-13.479609,4.229074103691101,94.6015317610748,249.86931267900368
27704370,-0.091522,-16.596218,4.254918103691101,102.71294580535198,253.4046659215734
27724314,0.965193,-14.912462,3.994375103691101,103.8084061626814,268.14064533413705
27758574,3.34891,-18.857182,0.17436710369110098,157.98275872795017,282.9354910317047
27674215,-0.845557,-11.699239,3.975879103691101,92.80330863382552,240.6531165311632
27707341,-0.136532,-14.998476,3.971285103691101,103.4599755165122,252.5672542131747
27750458,-0.554361,-11.059339,4.892334103691101,69.21598264275067,247.6026728148016
27750458,-0.554361,-11.059339,4.892334103691101,69.21598264275067,247.6026728148016
27750459,-0.66187,-18.432262,4.733788103691101,99.51955826964154,247.2743052789513
27750459,-0.66187,-18.432262,4.733788103691101,99.51955826964154,247.2743052789513
27707348,-0.798494,-7.918911,5.133504103691101,31.85297949331664,240.51415098831345
27704383,0.03585,-17.017794,4.682697103691101,97.46818879090868,255.6411895864005
27704384,0.232894,-19.138021,4.534349103691101,104.1544179258214,257.0143211890249
27704384,0.232894,-19.138021,4.534349103691101,104.1544179258214,257.0143211890249
27707356,0.15376,-15.185301,3.938192103691101,104.6612961212174,256.4686880509209
27707356,0.15376,-15.185301,3.938192103691101,104.6612961212174,256.4686880509209
27704395,-0.251002,-10.838631,4.642218103691101,74.14615413076154,252.90444010117827
27704395,-0.251002,-10.838631,4.642218103691101,74.14615413076154,252.90444010117827
27704404,-0.103033,-11.283468,4.797633103691101,73.24478859009338,256.015944886915
27704404,-0.103033,-11.283468,4.797633103691101,73.24478859009338,256.015944886915
27750470,-0.451601,-7.495404,4.828932103691101,37.52472920585083,248.97373327690903
27710330,-0.831849,-11.83341,4.375444103691101,84.91245831358461,241.75978915420697
27710330,-0.831849,-11.83341,4.375444103691101,84.91245831358461,241.75978915420697
27707374,-0.433894,-10.990412,5.822018103691101,45.356904816782105,252.33843811086808
27707374,-0.433894,-10.990412,5.822018103691101,45.356904816782105,252.33843811086808
27707375,-0.119468,-10.932589,4.665228103691101,74.27771228055269,255.5151327118793
27707375,-0.119468,-10.932589,4.665228103691101,74.27771228055269,255.5151327118793
27655310,-2.586904,-11.824373,4.407082103691101,82.62191195915003,211.2177113593582
27694432,-0.386724,-10.540042,4.732525103691101,69.8991669697894,250.46421251257863
27694432,-0.386724,-10.540042,4.732525103691101,69.8991669697894,250.46421251257863
27689528,-0.430121,-12.24684,4.478279103691101,84.9587945859978,249.14617968711403
27689528,-0.430121,-12.24684,4.478279103691101,84.9587945859978,249.14617968711403
27750500,-0.074192,-6.128552,4.0631641036911015,49.51842759339081,258.16995051815366
27724359,3.656813,-26.112595,1.902669103691101,138.82958388545097,279.2744869243546
27724364,3.4732,-21.977001,-0.03562989630889901,157.51461402709933,279.3878118530843
27709640,-2.348775,-10.179398,4.110100103691101,81.25272997194253,209.50410303067085
27709640,-2.348775,-10.179398,4.110100103691101,81.25272997194253,209.50410303067085
27734724,1.059681,-33.617458,6.645054103691101,104.039879861907,261.3831355011879
27734727,0.942131,-28.891138,5.561852103691101,107.5585353919806,261.1186890355543
27704453,3.596394,-21.265619,-0.021724896308898956,158.05620523925188,281.46140984120126
27724384,3.95614,-23.447853,2.747237103691101,130.87794993273295,286.62162729288565
27724393,3.482769,-18.992401,2.5567141036911014,130.95099952314152,289.2927695687091
27750533,0.147651,-8.090465,5.297279103691101,28.983708727624418,267.2544338789247
27750533,0.147651,-8.090465,5.297279103691101,28.983708727624418,267.2544338789247
27710353,-0.548264,-10.704622,4.834268103691101,68.31073976572605,247.48861264842603
27710353,-0.548264,-10.704622,4.834268103691101,68.31073976572605,247.48861264842603
27722316,-1.323025,-2.231046,-0.036806896308898995,222.75733906392287,175.41816419976135
27722316,-1.323025,-2.231046,-0.036806896308898995,222.75733906392287,175.41816419976135
27726748,-2.137307,-6.552659,5.178831103691101,5.626147694402732,194.3816419615448
27726748,-2.137307,-6.552659,5.178831103691101,5.626147694402732,194.3816419615448
27726752,-2.378061,-7.560883,5.391885103691101,15.49370645288954,195.4046244636052
27726758,-2.190377,-7.325517,5.4105411036911,10.704317585081412,199.04498608143209
27726758,-2.190377,-7.325517,5.4105411036911,10.704317585081412,199.04498608143209
27726760,-2.083295,-6.120913,4.500209103691101,28.05059094733372,192.13080575278505
27704483,3.393405,-19.260275,2.590987103691101,130.58439371017317,287.8701662160174
27704490,4.811393,-25.273115,2.9095431036911013,130.48170502853282,291.49017389154204
27726781,-2.107769,-8.054848,5.557733103691101,17.410145835800762,206.20333812723817
27726781,-2.107769,-8.054848,5.557733103691101,17.410145835800762,206.20333812723817
27712715,-2.191177,-8.37406,5.480670103691101,24.92306363854541,205.7571416378105
27712715,-2.191177,-8.37406,5.480670103691101,24.92306363854541,205.7571416378105
27710374,-0.213798,-11.425994,4.763278103691101,74.77638025948008,253.7734697295829
27710374,-0.213798,-11.425994,4.763278103691101,74.77638025948008,253.7734697295829
27726800,-1.77139,-6.258423,4.357848103691101,36.926453035383645,203.3652843962742
27676502,3.58236,-20.771753,3.006789103691101,126.70687098151656,287.9685955208339
27726812,-3.152738,-11.69341,4.950536103691101,69.62988230156898,201.2023408499524
27726812,-3.152738,-11.69341,4.950536103691101,69.62988230156898,201.2023408499524
27707426,3.207677,-23.300701,2.9404701036911014,128.43570482804043,280.4208006870607
27750632,3.6136,-23.396614,-0.15122189630889893,157.57752994202926,278.75465805468787
27672352,-0.064435,-14.425667,4.299929103691101,96.52317218973866,254.34069736938903
27672352,-0.064435,-14.425667,4.299929103691101,96.52317218973866,254.34069736938903
27721457,-1.829615,-8.282355,4.707984103691101,50.180530672239485,213.66924829807888
27721457,-1.829615,-8.282355,4.707984103691101,50.180530672239485,213.66924829807888
27750651,3.929778,-21.903322,2.680211103691101,131.0050980714106,288.7524704174938
27721466,-1.595312,-11.586894,4.978313103691101,69.62268473819137,228.7801061525291
27721466,-1.595312,-11.586894,4.978313103691101,69.62268473819137,228.7801061525291
27720592,-2.413304,-6.318621,5.132855103691101,2.5882251035419586,183.06541184717764
27670338,-2.212099,-6.729465,5.077521103691101,13.642528627350856,193.5386451243249
27670342,-2.583824,-10.236763,4.193895103691101,79.2986652801412,205.18443082970663
27670342,-2.583824,-10.236763,4.193895103691101,79.2986652801412,205.18443082970663
27742588,-1.937683,-6.134951,4.905183103691101,9.6557880186663,197.22157719122663
27742589,-2.139316,-7.077147,5.164843103691101,16.380278298999627,198.5922421398297
27698157,-0.221321,-11.829412,4.614387103691101,80.27278639119561,253.159968369112
27698157,-0.221321,-11.829412,4.614387103691101,80.27278639119561,253.159968369112
27670367,-2.393717,-11.379817,4.287304103691101,83.27330723017772,213.0608954903207
27670367,-2.393717,-11.379817,4.287304103691101,83.27330723017772,213.0608954903207
27670372,-2.029553,-8.546194,4.553764103691101,57.55323632345917,209.81612590658295
27742604,-1.813642,-6.477965,4.445705103691101,36.60739785612492,203.68613822077936
27742611,-2.351869,-10.144148,4.107700103691101,81.11383617974275,209.30312702161325
27726842,-1.500077,-8.02745,5.1837671036911015,31.037833175883947,221.8631782146973
27742612,-2.440767,-10.709538,3.6815421036911014,93.65351559886764,209.4324550622733
27670384,-1.886591,-8.125629,5.222194103691101,30.75043904669772,212.10139176316537
27670384,-1.886591,-8.125629,5.222194103691101,30.75043904669772,212.10139176316537
27742616,-1.875619,-7.335539,4.671289103691101,40.03083882025314,207.5803053561804
27742617,-2.00935,-8.536793,3.986562103691101,74.531068774018,209.7102370222908
27670402,-1.691223,-8.459786,5.161790103691101,37.32788655204132,218.5009468949912
27670402,-1.691223,-8.459786,5.161790103691101,37.32788655204132,218.5009468949912
27742625,-1.935386,-7.98589,5.238379103691101,28.177815342328472,210.12529219193308
27742628,-1.794382,-7.762865,4.734940103691101,43.30747500102984,212.1768696844817
27742629,-2.401629,-11.824963,4.399633103691101,82.94659141058102,214.4017801424684
27742632,-1.750831,-7.708626,5.049699103691101,31.24268096619602,213.49069360362049
27670424,-1.493892,-8.95945,5.1974541036911015,42.18255565154317,225.0968109196745
27726847,-2.951527,-12.939548,4.707746103691101,81.26003513194496,209.0005950999167
27726847,-2.951527,-12.939548,4.707746103691101,81.26003513194496,209.0005950999167
27742644,-1.568613,-7.38887,4.851409103691101,34.2367849961924,216.77189936945555
27742644,-1.568613,-7.38887,4.851409103691101,34.2367849961924,216.77189936945555
27742645,-1.634463,-8.063548,4.710173103691101,47.867948032322175,217.69870712611376
27742645,-1.634463,-8.063548,4.710173103691101,47.867948032322175,217.69870712611376
27742646,-2.025971,-11.192371,4.152794103691101,85.69731362606967,218.97455369854123
27742646,-2.025971,-11.192371,4.152794103691101,85.69731362606967,218.97455369854123
27726855,-1.536439,-8.967384,5.201377103691101,42.11487216886067,224.10952504047293
27742656,-1.021649,-2.974898,0.026031103691101176,209.37318155131425,198.662891999928
27742656,-1.021649,-2.974898,0.026031103691101176,209.37318155131425,198.662891999928
27736837,-2.461694,-7.072523,4.948950103691101,24.899482790557077,189.01020855853096
27736837,-2.461694,-7.072523,4.948950103691101,24.899482790557077,189.01020855853096
27726859,-2.559558,-11.764831,4.332459103691101,83.9533414914913,211.43824117683064
27726859,-2.559558,-11.764831,4.332459103691101,83.9533414914913,211.43824117683064
27670491,-0.66386,-12.079539,4.650755103691101,80.33661733743298,245.40375424032604
27742665,-1.434227,-8.11877,4.641419103691101,50.9692825180702,222.94725940009465
27742665,-1.434227,-8.11877,4.641419103691101,50.9692825180702,222.94725940009465
27723063,-2.016048,-12.531731,4.342268103691101,87.53522177579805,222.63903713855905
27670503,-0.495628,-10.648632,4.790857103691101,69.06418713293166,248.42389312953824
27670503,-0.495628,-10.648632,4.790857103691101,69.06418713293166,248.42389312953824
27710441,3.442047,-19.331797,0.1177901036911011,158.22596658712385,283.0349097257739
27742675,-1.73353,-11.699203,4.381252103691101,83.34861362038146,225.6923680325551
27736855,-2.014368,-6.220853,4.811441103691101,15.79086143916308,195.37358074140863
27736855,-2.014368,-6.220853,4.811441103691101,15.79086143916308,195.37358074140863
27736862,-2.206094,-7.535336,5.486685103691101,11.390233734331504,200.13054661660172
27736862,-2.206094,-7.535336,5.486685103691101,11.390233734331504,200.13054661660172
27670523,0.050389,-15.582919,4.092604103691101,103.03236010895424,255.21475476176724
27726869,-1.370153,-9.604727,5.5326571036911005,39.08381717748833,230.2461355020137
27670527,-0.231342,-10.506927,4.570301103691101,73.88849279820212,253.18884490817223
27670527,-0.231342,-10.506927,4.570301103691101,73.88849279820212,253.18884490817223
27726876,-2.324045,-11.652035,4.2918201036911015,84.51477104130865,215.1341752153909
27726876,-2.324045,-11.652035,4.2918201036911015,84.51477104130865,215.1341752153909
27736886,-1.756411,-6.727376,4.777232103691101,26.76738796284917,207.4752698634441
27736886,-1.756411,-6.727376,4.777232103691101,26.76738796284917,207.4752698634441
27726877,-1.310862,-8.825897,5.023910103691101,46.33364756965375,228.8138099447245
27726877,-1.310862,-8.825897,5.023910103691101,46.33364756965375,228.8138099447245
27736898,-1.872245,-8.323595,5.209048103691101,33.86437533492,213.39179840022945
27736898,-1.872245,-8.323595,5.209048103691101,33.86437533492,213.39179840022945
27736899,-1.530381,-6.315002,4.305448103691101,40.29202170549144,211.42336123347212
27736899,-1.530381,-6.315002,4.305448103691101,40.29202170549144,211.42336123347212
27736902,-2.346841,-10.234504,4.0559651036911015,82.86506894667244,209.71332528611148
27736902,-2.346841,-10.234504,4.0559651036911015,82.86506894667244,209.71332528611148
27662629,-2.525578,-11.16384,4.304971103691101,81.70083978930816,209.9768300663387
27662629,-2.525578,-11.16384,4.304971103691101,81.70083978930816,209.9768300663387
27736905,-2.095931,-10.435965,5.945053103691101,35.54483421181783,217.37009467816955
27736905,-2.095931,-10.435965,5.945053103691101,35.54483421181783,217.37009467816955
27736910,-1.905943,-9.366892,5.169752103691101,47.02129014989839,216.8112082488658
27736910,-1.905943,-9.366892,5.169752103691101,47.02129014989839,216.8112082488658
27742694,-1.318088,-8.446775,5.138613103691101,38.22942883232287,227.8675799269955
27742694,-1.318088,-8.446775,5.138613103691101,38.22942883232287,227.8675799269955
27742700,-1.300002,-8.833456,5.064210103691101,45.15158375854253,229.1754740558801
27742700,-1.300002,-8.833456,5.064210103691101,45.15158375854253,229.1754740558801
27742707,-1.312353,-10.464242,4.611521103691101,71.59013461103228,231.50129473814857
27742707,-1.312353,-10.464242,4.611521103691101,71.59013461103228,231.50129473814857
27742712,-1.095364,-8.916471,4.627384103691101,59.60012954747998,233.3369939679785
27742712,-1.095364,-8.916471,4.627384103691101,59.60012954747998,233.3369939679785
27742716,-0.997674,-7.237378,5.103579103691101,22.39579669832395,233.45307989308543
27742716,-0.997674,-7.237378,5.103579103691101,22.39579669832395,233.45307989308543
27742717,-1.094667,-9.044932,5.000346103691101,49.5314933177506,234.4087025672953
27736937,-1.4449,-8.869761,5.341218103691101,36.5913909600238,226.2835398804154
27736937,-1.4449,-8.869761,5.341218103691101,36.5913909600238,226.2835398804154
27742725,-1.044245,-9.306906,5.213402103691101,45.77366230255055,236.51185905087172
27742725,-1.044245,-9.306906,5.213402103691101,45.77366230255055,236.51185905087172
27736938,-2.238127,-13.193494,4.529749103691101,86.34393588507658,220.7534672024333
27736938,-2.238127,-13.193494,4.529749103691101,86.34393588507658,220.7534672024333
27710464,4.883998,-26.340475,2.986046103691101,130.18895777683022,290.55212572532605
27726899,-1.723146,-4.457772,0.798535103691101,165.44223755071465,188.2372580967496
27726900,-1.382007,-1.898305,0.09847710369110119,222.9237524542853,165.78543747106173
27736954,-0.924183,-6.939706,4.978725103691101,22.533303927458377,234.63111691913787
27736954,-0.924183,-6.939706,4.978725103691101,22.533303927458377,234.63111691913787
27710470,4.556951,-22.418737,2.483499103691101,133.61408682549842,293.3916003551526
27742735,-0.95968,-9.663741,5.059842103691101,53.8133065095864,238.5842894369717
27742735,-0.95968,-9.663741,5.059842103691101,53.8133065095864,238.5842894369717
27719884,-0.837722,-11.9111,4.682570103691101,78.6584367102704,242.30869908145488
27719887,-0.914092,-11.708435,3.518909103691101,102.19102360885324,238.63522617528028
27729659,-2.833906,-7.530217,5.705591103691101,2.179735973083524,182.18198995843304
27726914,-1.155956,-10.808126,5.161434103691101,60.33911100196039,236.17381738331943
27726914,-1.155956,-10.808126,5.161434103691101,60.33911100196039,236.17381738331943
27742749,-0.881136,-11.903286,3.9186511036911007,94.722005516637,240.0982620434303
27719889,-0.993706,-11.799982,2.933921103691101,113.88303613885664,236.38493592474805
27742757,-0.867784,-12.481094,4.336834103691101,88.4523971077709,241.5352974287084
27742757,-0.867784,-12.481094,4.336834103691101,88.4523971077709,241.5352974287084
27701130,-2.675686,-11.441027,4.410323103691101,80.61645346282168,208.35435490659432
27701130,-2.675686,-11.441027,4.410323103691101,80.61645346282168,208.35435490659432
27720796,1.103638,-13.219557,4.434606103691101,91.1074541845,273.87660643060724
27742780,-0.545681,-8.449368,5.207166103691101,36.525949549839225,247.92156235865943
27742780,-0.545681,-8.449368,5.207166103691101,36.525949549839225,247.92156235865943
27742781,-0.592483,-11.075924,5.234872103691101,60.93047017138045,247.67786172613472
27742781,-0.592483,-11.075924,5.234872103691101,60.93047017138045,247.67786172613472
27658948,-2.425339,-10.833338,4.212330103691101,82.22367194876497,210.5665376196796
27658948,-2.425339,-10.833338,4.212330103691101,82.22367194876497,210.5665376196796
27701136,-2.290932,-10.422665,3.651909103691101,93.30350537384392,211.16319356111444
27701136,-2.290932,-10.422665,3.651909103691101,93.30350537384392,211.16319356111444
27742789,-0.4953,-11.68018,3.6604411036911007,99.64206689768687,246.15544010406575
27742789,-0.4953,-11.68018,3.6604411036911007,99.64206689768687,246.15544010406575
27675062,0.084071,-11.388904,4.570697103691101,79.25233607923369,258.8778477757526
27675062,0.084071,-11.388904,4.570697103691101,79.25233607923369,258.8778477757526
27701143,-2.316132,-7.582462,5.354890103691101,17.336722597859108,197.29353863953676
27701145,-2.437393,-11.313887,4.320167103691101,82.1891428877843,212.0924419271749
27701145,-2.437393,-11.313887,4.320167103691101,82.1891428877843,212.0924419271749
27742795,-0.508995,-11.291196,5.449420103691101,57.29105607527092,249.86412974892747
27742795,-0.508995,-11.291196,5.449420103691101,57.29105607527092,249.86412974892747
27675070,2.990901,-21.842228,2.084239103691101,136.4979406180621,278.7725607925505
27729739,-1.976961,-7.646832,4.834581103691101,38.09580864197076,206.741044152176
27695138,-0.934807,-11.52054,4.606886103691101,78.21408032283637,240.10472292670312
27695138,-0.934807,-11.52054,4.606886103691101,78.21408032283637,240.10472292670312
27695141,-0.916983,-9.954443,5.079127103691101,55.87012333232877,239.90518375871483
27695141,-0.916983,-9.954443,5.079127103691101,55.87012333232877,239.90518375871483
27695145,-0.977723,-8.073629,5.367265103691101,25.403974100790577,236.502131592724
27701158,-2.191023,-7.286262,5.402410103691101,10.318290701189142,198.73326825047985
27737055,-0.254667,-13.107563,3.759810103691101,102.21754297768186,250.5726424384695
27742812,-0.21689,-11.984071,4.953463103691101,73.63036564981223,254.01872544176663
27742812,-0.21689,-11.984071,4.953463103691101,73.63036564981223,254.01872544176663
27729748,-1.662439,-7.543278,5.160961103691101,24.628111202133823,215.3102361347677
27742819,-0.282581,-4.56864,0.06000610369110104,193.71309953232597,234.60480812228255
27742819,-0.282581,-4.56864,0.06000610369110104,193.71309953232597,234.60480812228255
27701159,-2.465362,-12.089142,4.812971103691101,75.3993729529447,214.4548925117657
27701159,-2.465362,-12.089142,4.812971103691101,75.3993729529447,214.4548925117657
27737064,-0.084755,-13.503434,3.724270103691101,104.06221698940836,253.0947524950884
27729762,-2.530295,-9.933992,4.137801103691101,78.9947788497864,204.88953821261416
27729762,-2.530295,-9.933992,4.137801103691101,78.9947788497864,204.88953821261416
27742835,0.109609,-11.093037,4.476551103691101,79.8671737240229,259.3334756598459
27742835,0.109609,-11.093037,4.476551103691101,79.8671737240229,259.3334756598459
27729764,-1.421439,-6.930771,4.819364103691101,28.633308524940475,218.92649966204303
27742842,0.079091,-9.31147,4.983722103691101,53.6490032615817,262.13653312648074
27729777,-2.404258,-11.03278,4.262848103691101,82.1030570139923,211.6964578852029
27729777,-2.404258,-11.03278,4.262848103691101,82.1030570139923,211.6964578852029
27742846,0.434633,-19.972942,4.577595103691101,105.21393863558828,258.9506646081635
27729789,-2.117807,-10.424011,4.0704781036911015,83.73756774371267,214.85113738606464
27729789,-2.117807,-10.424011,4.0704781036911015,83.73756774371267,214.85113738606464
27742854,0.262929,-11.446635,4.760614103691101,75.3749282908258,262.72764631865505
27742854,0.262929,-11.446635,4.760614103691101,75.3749282908258,262.72764631865505
27742859,0.315111,-11.690759,4.978061103691101,71.83628479933833,264.058811427844
27742859,0.315111,-11.690759,4.978061103691101,71.83628479933833,264.058811427844
27726963,-0.503868,-9.842798,5.042936103691101,56.25790323214707,248.7614330491136
27659104,-0.310454,-14.001684,4.2746831036911015,95.48027796645312,250.71411887095397
27659118,0.207949,-17.776789,4.3144731036911015,104.50818182506352,256.8548831295847
27659118,0.207949,-17.776789,4.3144731036911015,104.50818182506352,256.8548831295847
27729814,-1.973913,-12.211105,4.304588103691101,87.01204044752674,222.5833168445248
27760666,-6.986872,-5.128342,-0.419687896308899,184.09429734646855,58.50298564471106
27659133,-0.177714,-11.18033,4.691968103691101,75.05201937249046,254.3553107572045
27659133,-0.177714,-11.18033,4.691968103691101,75.05201937249046,254.3553107572045
27760677,-6.567607,-4.901546,-0.3078258963088989,183.5073081680617,62.43356328940061
27701171,-2.06544,-7.45886,5.413644103691101,13.03703686780571,203.5991400027965
27701171,-2.06544,-7.45886,5.413644103691101,13.03703686780571,203.5991400027965
27726975,-0.525383,-10.733572,4.831835103691101,68.58525172443456,247.94711563869373
27726975,-0.525383,-10.733572,4.831835103691101,68.58525172443456,247.94711563869373
27742879,0.619343,-12.11975,4.703502103691101,80.52004182788735,268.2263279651192
27742879,0.619343,-12.11975,4.703502103691101,80.52004182788735,268.2263279651192
27760722,-3.748839,-2.531548,-0.07805789630889892,207.1472987155485,79.23152174094898
27727007,-0.158482,-11.501293,4.8132341036911015,74.107368622568,254.91070075961335
27727007,-0.158482,-11.501293,4.8132341036911015,74.107368622568,254.91070075961335
27729856,-0.692943,-9.360727,4.592105103691101,64.76702301842329,243.12708993824643
27729856,-0.692943,-9.360727,4.592105103691101,64.76702301842329,243.12708993824643
27701183,-2.007815,-8.404438,5.372061103691101,29.235615844999217,210.50140172350405
27701183,-2.007815,-8.404438,5.372061103691101,29.235615844999217,210.50140172350405
27742910,1.309943,-15.109331,5.313995103691101,82.27907274779565,276.11952213328715
27742910,1.309943,-15.109331,5.313995103691101,82.27907274779565,276.11952213328715
27727026,-0.463739,-15.058491,4.152956103691101,100.38682774110048,248.3485048472361
27727026,-0.463739,-15.058491,4.152956103691101,100.38682774110048,248.3485048472361
27729872,-0.47772,-9.903059,4.616244103691101,68.4193150112765,248.19467521728023
27701192,-1.686653,-7.267395,4.554019103691101,43.68073825398676,212.39726314055895
27714110,-1.110095,-12.442994,2.088044103691101,129.97475554708697,233.97778779233744
27729906,-0.159751,-12.070303,4.9626531036911015,73.95354415598084,255.0370706074728
27729906,-0.159751,-12.070303,4.9626531036911015,73.95354415598084,255.0370706074728
27742940,1.554998,-14.28224,5.4488191036911005,76.49509634113119,281.9039018772144
27742940,1.554998,-14.28224,5.4488191036911005,76.49509634113119,281.9039018772144
27681782,3.510009,-21.944637,2.678439103691101,130.7501540939664,284.6547093943057
27673315,-1.800441,-12.127554,4.908440103691101,74.09845861037479,226.09941804761027
27729928,-0.332785,-12.985306,3.7697891036911013,101.6199929144646,249.35431180540115
27729928,-0.332785,-12.985306,3.7697891036911013,101.6199929144646,249.35431180540115
27745990,-0.90282,-11.831779,3.6858571036911014,99.2049409221999,239.24215648097277
27745994,-0.798385,-9.820812,5.182906103691101,51.87665719087073,242.6162801350841
27745994,-0.798385,-9.820812,5.182906103691101,51.87665719087073,242.6162801350841
27662916,3.304088,-20.861603,3.3268651036911008,122.97857600710758,285.6404832780949
27701214,-1.632202,-8.248102,5.114775103691101,36.30796517543982,219.11134817093017
27673373,3.136677,-22.400978,3.179745103691101,125.49450648789136,281.3760140402296
27662929,4.076572,-22.724146,2.717962103691101,131.00218744081485,288.82231157950287
27701230,-1.459116,-12.375055,5.049954103691101,72.68038648540056,232.61292637167443
27727073,0.211096,-19.173059,4.541289103691101,104.11446396097304,256.7714230405839
27727073,0.211096,-19.173059,4.541289103691101,104.11446396097304,256.7714230405839
27729966,0.109953,-13.486664,3.7339021036911006,104.02773155198736,256.10554642342765
27729966,0.109953,-13.486664,3.7339021036911006,104.02773155198736,256.10554642342765
27701252,-1.102816,-10.154678,4.968479103691101,60.36484822377267,235.95997189198349
27701257,-1.101933,-10.620966,5.397847103691101,52.8090433929566,237.4894565271548
27701257,-1.101933,-10.620966,5.397847103691101,52.8090433929566,237.4894565271548
27761076,-2.241406,-6.376285,4.685922103691101,24.227100558673698,189.41073346757327
27727086,0.579968,-21.016701,4.733989103691101,105.1544846223909,260.2311454298916
27727086,0.579968,-21.016701,4.733989103691101,105.1544846223909,260.2311454298916
27729988,0.618286,-19.097557,4.453209103691101,105.38748400178292,261.1892499123179
27729988,0.618286,-19.097557,4.453209103691101,105.38748400178292,261.1892499123179
27761106,-2.234959,-7.121305,3.5599611036911014,76.74720337093086,195.65787591208252
27701268,-0.711398,-11.304157,4.306487103691101,84.0527865697891,243.4392704763275
27701268,-0.711398,-11.304157,4.306487103691101,84.0527865697891,243.4392704763275
27701274,-1.016418,-8.455435,5.4997861036911,26.142355395010128,236.49478854286752
27727101,0.85159,-22.206169,4.760057103691101,106.8544806610363,262.3544210641145
27727101,0.85159,-22.206169,4.760057103691101,106.8544806610363,262.3544210641145
27761130,-1.859941,-7.294472,3.766374103691101,71.73269577942384,206.91296298905328
27761132,-3.087897,-13.311775,4.766812103691101,81.62866558002105,208.085920303055
27746037,0.058281,-7.717008,5.247228103691101,25.19180984205596,265.2757300088602
27761142,-2.949395,-13.859678,4.853652103691101,82.39655593326606,211.8604884433898
27761165,-1.256689,-8.298622,5.534653103691101,22.48423907609262,229.9076889417841
27761165,-1.256689,-8.298622,5.534653103691101,22.48423907609262,229.9076889417841
27746043,0.747605,-13.603729,5.2827711036911005,75.91106663858022,269.8342669230512
27746043,0.747605,-13.603729,5.2827711036911005,75.91106663858022,269.8342669230512
27724084,-2.161796,-6.171196,4.538871103691101,27.146587813424105,190.03429666297345
27724084,-2.161796,-6.171196,4.538871103691101,27.146587813424105,190.03429666297345
27701294,0.025873,-16.929684,4.282133103691101,103.1178996429784,254.85170883365996
27701294,0.025873,-16.929684,4.282133103691101,103.1178996429784,254.85170883365996
27761269,-0.291022,-11.186027,3.565873103691101,100.20349981855242,249.48565690115532
27761269,-0.291022,-11.186027,3.565873103691101,100.20349981855242,249.48565690115532
27666387,-2.675023,-10.511213,4.237618103691101,79.68884836936229,204.61957589783268
27666387,-2.675023,-10.511213,4.237618103691101,79.68884836936229,204.61957589783268
27701305,0.058308,-17.01498,4.7138921036911015,97.01688873920992,255.97803287558395
27761287,0.074475,-14.569027,3.815453103691101,105.19892190125418,255.34365914489263
27724096,-2.180914,-7.080861,4.792685103691101,31.46176609141031,197.24019147848236
27724096,-2.180914,-7.080861,4.792685103691101,31.46176609141031,197.24019147848236
27724098,-2.236657,-9.629653,3.970712103691101,81.76335595434321,209.45434239825912
27724098,-2.236657,-9.629653,3.970712103691101,81.76335595434321,209.45434239825912
27761304,0.389098,-17.149549,4.086421103691101,106.6356798143567,258.9168502258269
27732258,-1.71001,-7.876491,5.390629103691101,21.07286472726193,215.8868537227107
27732258,-1.71001,-7.876491,5.390629103691101,21.07286472726193,215.8868537227107
27666404,-2.305663,-10.444805,3.6775721036911007,92.79366211823525,210.9855934457237
27666404,-2.305663,-10.444805,3.6775721036911007,92.79366211823525,210.9855934457237
27719120,-1.865688,-7.577483,4.701267103691101,42.11508498038822,209.2501148524267
27719120,-1.865688,-7.577483,4.701267103691101,42.11508498038822,209.2501148524267
27724116,-1.848949,-7.616248,4.732818103691101,41.487285154347546,209.9492552141095
27724116,-1.848949,-7.616248,4.732818103691101,41.487285154347546,209.9492552141095
27724117,-1.991117,-10.937285,4.055495103691101,86.71892887429894,218.79536233976867
27724117,-1.991117,-10.937285,4.055495103691101,86.71892887429894,218.79536233976867
27701321,-0.127207,-10.933409,4.669016103691101,74.18456033570016,255.3734654148342
27701321,-0.127207,-10.933409,4.669016103691101,74.18456033570016,255.3734654148342
27727201,3.293839,-19.469494,3.228521103691101,123.02713637926388,287.81369815139925
27724128,-1.96194,-8.30932,5.322433103691101,29.6938461623586,211.1552648379466
27724128,-1.96194,-8.30932,5.322433103691101,29.6938461623586,211.1552648379466
27719141,-0.540342,-11.660932,5.594787103691101,56.497713882815134,249.63704866441716
27719142,-0.625495,-9.367671,4.608780103691101,64.414045931249,244.69910556512176
27719142,-0.625495,-9.367671,4.608780103691101,64.414045931249,244.69910556512176
27727213,3.7992,-21.162773,2.663284103691101,130.82397937283588,288.73884620747026
27701336,0.230753,-12.893465,4.856293103691101,80.68163444850799,261.0191069171877
27701336,0.230753,-12.893465,4.856293103691101,80.68163444850799,261.0191069171877
27727222,3.290964,-19.721903,0.120717103691101,157.7139004059607,280.92840353282287
27666463,-1.570591,-9.091543,5.270226103691101,41.31472479345459,223.79015260967324
27666463,-1.570591,-9.091543,5.270226103691101,41.31472479345459,223.79015260967324
27724146,-2.070189,-9.554005,5.993637103691101,23.90126002961611,214.77972474964145
27724147,-1.803029,-11.632217,4.518072103691101,79.98913766050845,224.4977563894944
27714276,-0.773122,-9.565388,4.938014103691101,56.57033404307319,242.35886677407197
27714276,-0.773122,-9.565388,4.938014103691101,56.57033404307319,242.35886677407197
27701356,3.282433,-21.263422,0.011488103691100982,157.49186484595484,278.5979899422224
27724154,-1.614785,-8.108135,5.249836103691101,29.71630715559951,219.2300332500793
27724154,-1.614785,-8.108135,5.249836103691101,29.71630715559951,219.2300332500793
27724156,-1.6432,-9.253897,5.346648103691101,40.69233004303965,222.71026169452665
27730120,3.542544,-23.229628,-0.15830389630889896,157.71447736332465,278.3256676489758
27727260,-1.725406,-6.699103,3.339487103691101,81.63701789209105,206.75329804411533
27693595,-2.264101,-10.819975,3.837987103691101,90.803746377209,213.19160338901773
27693595,-2.264101,-10.819975,3.837987103691101,90.803746377209,213.19160338901773
27701370,3.426154,-24.37072,2.422739103691101,133.8855832501917,280.157627431158
27677763,0.448171,-12.881547,4.719883103691101,83.56764909152017,264.3237085173335
27677763,0.448171,-12.881547,4.719883103691101,83.56764909152017,264.3237085173335
27732420,-0.124775,-8.027,3.025428103691101,101.74079203360212,251.54936499330773
27693624,0.200669,-11.980921,4.689882103691101,79.75765701518884,260.85399914877075
27693624,0.200669,-11.980921,4.689882103691101,79.75765701518884,260.85399914877075
27724170,-1.37197,-8.870049,5.315277103691101,37.486525627982445,228.01469722334485
27724170,-1.37197,-8.870049,5.315277103691101,37.486525627982445,228.01469722334485
27701393,3.967345,-22.117739,2.707868103691101,130.81923098476926,288.79895066470806
27666547,-0.325054,-13.39793,3.890211103691101,100.57823027155872,249.73906327705848
27701395,3.624654,-21.10199,3.3917271036911014,122.654674261846,288.6108632980302
27666565,-0.219309,-11.207125,4.721086103691101,74.4875791037114,253.6264343729354
27666565,-0.219309,-11.207125,4.721086103691101,74.4875791037114,253.6264343729354
27666566,0.148997,-15.975943,4.112171103691101,103.68914908024816,256.42832021160507
27732465,0.850195,-20.985144,4.494706103691101,108.08314399828008,262.6297254071201
27732465,0.850195,-20.985144,4.494706103691101,108.08314399828008,262.6297254071201
27671449,0.599655,-18.101015,4.664293103691101,100.6161135829576,261.9464063123082
27671449,0.599655,-18.101015,4.664293103691101,100.6161135829576,261.9464063123082
27724187,-1.179502,-11.165526,5.550847103691101,53.29577034919143,236.93087400486996
27724187,-1.179502,-11.165526,5.550847103691101,53.29577034919143,236.93087400486996
27724189,-1.165903,-10.725403,5.677607103691101,46.276091748625646,236.8855913527424
27724189,-1.165903,-10.725403,5.677607103691101,46.276091748625646,236.8855913527424
27724190,-0.944695,-9.999981,4.806082103691101,63.63736375338246,238.75286399833917
27698871,-2.235927,-6.877033,5.337555103691101,5.155786843060952,194.10575386976484
27698871,-2.235927,-6.877033,5.337555103691101,5.155786843060952,194.10575386976484
27727349,-0.386815,-15.378321,4.136328103691101,101.5089233287822,249.4071882348049
27666631,1.356428,-17.138298,4.674940103691101,98.82535415164922,272.13846834209244
27666631,1.356428,-17.138298,4.674940103691101,98.82535415164922,272.13846834209244
27685176,-0.849044,-11.765409,4.202754103691101,88.2777150244547,241.07400018517413
27671478,3.557571,-21.020214,3.369331103691101,122.79684909681404,288.03114268742115
27724201,-0.690588,-11.405405,4.3199061036911015,84.25932315419399,243.90954136808776
27724202,-0.554405,-11.333624,3.643574103691101,98.771775846612,244.93080186663929
27724202,-0.554405,-11.333624,3.643574103691101,98.771775846612,244.93080186663929
27671485,4.225209,-21.238375,3.091781103691101,126.48751341785346,293.7604291097656
27739400,-2.051804,-6.670786,5.157919103691101,9.040462412553468,198.1100952591494
27739400,-2.051804,-6.670786,5.157919103691101,9.040462412553468,198.1100952591494
27727369,0.252975,-20.912691,4.759683103691101,104.4780517549498,256.9770775709869
27666676,3.598654,-22.31534,3.3771251036911014,123.67271016440849,286.2607885594955
27739420,-2.140237,-8.563161,5.745730103691101,18.411109608049287,208.3072494419588
27739420,-2.140237,-8.563161,5.745730103691101,18.411109608049287,208.3072494419588
27739421,-2.002609,-8.014013,4.9090171036911014,40.16320005621651,208.1637893540026
27739421,-2.002609,-8.014013,4.9090171036911014,40.16320005621651,208.1637893540026
27724219,-0.386037,-14.304512,4.023137103691101,100.66075533345564,249.13791811819613
27724219,-0.386037,-14.304512,4.023137103691101,100.66075533345564,249.13791811819613
27739431,-2.317383,-10.297603,4.099546103691101,82.18079729829734,210.56287306221407
27739431,-2.317383,-10.297603,4.099546103691101,82.18079729829734,210.56287306221407
27730281,2.982352,-17.511993,2.474481103691101,130.9359211265302,286.34326145516235
27761644,-2.281833,-4.908122,0.05884310369110102,185.03117393868325,176.18919895134206
27761715,-2.455543,-9.31708,4.034453103691101,77.9935572779608,203.5111696330484
27761724,-3.426396,-14.737044,5.108810103691101,80.99847803872825,207.61689777464807
27761743,-2.790461,-13.941977,4.803826103691101,83.75910263923981,214.40401376081505
27761846,-0.458913,-15.44763,4.2059621036911015,100.51335872010954,248.5538013150744
27762018,3.845956,-11.375668,-0.1641778963088989,175.36644166028185,308.6862944315935
27764086,-5.59936,-4.443029,-0.05173789630889902,181.60832723477583,74.58078611071386
27764504,-1.702567,-6.402634,3.323174103691101,79.84139496045077,205.56065080010677
27764514,-2.84521,-13.212754,4.681253103691101,83.03622716827215,211.4834677773733
27764522,-2.480225,-12.742873,4.545628103691101,83.98332819135612,215.82626554110783
27764531,-0.99516,-6.71125,4.834271103691101,24.64908146002014,231.3854689822197
27764618,-1.233612,-14.683225,3.2633711036911013,113.19941344272324,236.1906981413501
27764683,-0.184168,-5.847734,0.0687721036911011,184.74355104617973,239.86236408464143
27710166,-2.824105,-9.602859,2.9733331036911013,105.34299591148188,196.99727021706877
27710166,-2.824105,-9.602859,2.9733331036911013,105.34299591148188,196.99727021706877
27710173,-2.888186,-9.020448,4.106408103691101,73.62642792455364,192.5776844212752
27710173,-2.888186,-9.020448,4.106408103691101,73.62642792455364,192.5776844212752
27710175,-2.711861,-9.834956,3.1298311036911013,102.60873387701004,200.36855215605223
27710175,-2.711861,-9.834956,3.1298311036911013,102.60873387701004,200.36855215605223
27710178,-2.804093,-8.66039,4.308237103691101,65.22005700055757,192.18291402432368
27710178,-2.804093,-8.66039,4.308237103691101,65.22005700055757,192.18291402432368
27710183,-2.636565,-10.041172,3.280316103691101,99.95262579918274,202.8233586059905
27710183,-2.636565,-10.041172,3.280316103691101,99.95262579918274,202.8233586059905
27710186,-2.801298,-10.096354,4.250956103691101,76.86730009484455,200.29264570215045
27710186,-2.801298,-10.096354,4.250956103691101,76.86730009484455,200.29264570215045
27710194,-2.518245,-10.285193,3.450222103691101,97.10964668204038,206.19943545337776
27710194,-2.518245,-10.285193,3.450222103691101,97.10964668204038,206.19943545337776
27757611,-3.04581,-7.228476,3.875681103691101,66.00279557103596,174.92810312998947
27757611,-3.04581,-7.228476,3.875681103691101,66.00279557103596,174.92810312998947
27757708,-0.524009,0.561312,-0.00867489630889895,394.8869041450632,142.53040487156713
27757708,-0.524009,0.561312,-0.00867489630889895,394.8869041450632,142.53040487156713
27754097,-2.887937,-5.071213,0.114385103691101,180.6772852702533,160.82926412172836
27754107,-2.711597,-4.949727,0.3207461036911011,175.72874307629468,163.93069096434849
27754114,-3.053751,-6.347326,3.7720981036911008,60.60175206489549,165.129641882008
27754129,-3.02214,-6.743363,3.829262103691101,62.83016452005714,170.58198584831553
27754129,-3.02214,-6.743363,3.829262103691101,62.83016452005714,170.58198584831553
27704166,-2.876093,-9.433745,2.874435103691101,107.06646164869528,195.07104378961827
27704166,-2.876093,-9.433745,2.874435103691101,107.06646164869528,195.07104378961827
27754146,-2.695934,-5.980583,4.790038103691101,11.41869722445827,169.90899932131498
27754146,-2.695934,-5.980583,4.790038103691101,11.41869722445827,169.90899932131498
27704175,-3.230581,-10.205321,4.4192601036911014,72.95520835802685,192.4431786976023
27754167,-2.704478,-7.372722,3.802853103691101,70.16810534397152,185.21003658043463
27704186,-2.703807,-9.902507,3.185904103691101,101.55560265080274,200.86190633250763
27704186,-2.703807,-9.902507,3.185904103691101,101.55560265080274,200.86190633250763
27704190,-2.860175,-9.458562,4.490139103691101,66.3096874368538,195.81990409031195
27704190,-2.860175,-9.458562,4.490139103691101,66.3096874368538,195.81990409031195
27704194,-2.595658,-9.979542,3.273154103691101,99.94061948516824,203.33263997731825
27704194,-2.595658,-9.979542,3.273154103691101,99.94061948516824,203.33263997731825
27707171,-2.786467,-9.772701,3.063539103691101,103.84472705159864,198.6030352336137
27707171,-2.786467,-9.772701,3.063539103691101,103.84472705159864,198.6030352336137
27707178,-2.944635,-9.780739,4.262749103691101,74.47896616102216,195.80345109607964
27707178,-2.944635,-9.780739,4.262749103691101,74.47896616102216,195.80345109607964
27707195,-2.582703,-9.508781,4.052614103691101,78.57338999890163,201.77991272397327
27707195,-2.582703,-9.508781,4.052614103691101,78.57338999890163,201.77991272397327
27707208,-2.403884,-10.498932,3.632034103691101,93.95027384909856,209.3032669390949
27707208,-2.403884,-10.498932,3.632034103691101,93.95027384909856,209.3032669390949
27739637,-0.31537,-5.720596,0.06865810369110115,185.1551616621887,236.10737889718808
27739637,-0.31537,-5.720596,0.06865810369110115,185.1551616621887,236.10737889718808
27734539,-2.297871,-7.470563,3.6459281036911007,76.61357703068373,196.4584870465043
27734539,-2.297871,-7.470563,3.6459281036911007,76.61357703068373,196.4584870465043
27709592,-3.132939,-9.659395,4.313282103691101,72.19330502101255,191.26617048890452
27709592,-3.132939,-9.659395,4.313282103691101,72.19330502101255,191.26617048890452
27686228,-2.787894,-9.578726,2.9868301036911014,104.99369448709244,197.5885302901056
27686228,-2.787894,-9.578726,2.9868301036911014,104.99369448709244,197.5885302901056
27706575,-2.716327,-9.832797,3.149005103691101,102.15194263480586,200.279163830428
27709603,-2.987636,-10.021734,4.242906103691101,76.43856415319644,196.2206011998917
27709603,-2.987636,-10.021734,4.242906103691101,76.43856415319644,196.2206011998917
27750452,-0.309817,-5.774252,0.050947103691101114,185.3254558865674,236.3100614193236
27750452,-0.309817,-5.774252,0.050947103691101114,185.3254558865674,236.3100614193236
27750483,-0.442362,0.563125,-0.004394896308898888,397.21864865279895,153.72902575411396
27750483,-0.442362,0.563125,-0.004394896308898888,397.21864865279895,153.72902575411396
27694396,-2.720875,-9.749119,3.097830103691101,103.04822370338876,199.77372380727743
27694396,-2.720875,-9.749119,3.097830103691101,103.04822370338876,199.77372380727743
27726700,-2.752214,-7.128844,5.547734103691101,0.9144516065171332,180.7036883818403
27726700,-2.752214,-7.128844,5.547734103691101,0.9144516065171332,180.7036883818403
27709650,-2.765943,-9.755714,3.0685451036911013,103.6969446225614,198.91969463489016
27709655,-2.669442,-9.993824,3.2245281036911013,101.02698008624692,201.9566875899024
27709655,-2.669442,-9.993824,3.2245281036911013,101.02698008624692,201.9566875899024
27726802,-3.252568,-11.051929,4.480599103691101,76.47774175941112,196.3993613263818
27726802,-3.252568,-11.051929,4.480599103691101,76.47774175941112,196.3993613263818
27672272,-2.618969,-9.98575,3.2496741036911008,100.47802477450485,202.90031782025105
27672272,-2.618969,-9.98575,3.2496741036911008,100.47802477450485,202.90031782025105
27712744,-3.011409,-9.354067,4.167146103691101,74.12639389863295,191.9694712810952
27712744,-3.011409,-9.354067,4.167146103691101,74.12639389863295,191.9694712810952
27720582,-2.647624,-6.728871,5.353891103691101,1.1794466033684046,179.83562253288537
27712808,-2.789218,-9.774963,3.181006103691101,101.11749803021536,198.59637141549047
27712808,-2.789218,-9.774963,3.181006103691101,101.11749803021536,198.59637141549047
27670299,-2.869856,-9.03439,4.4009031036911015,65.5026653451012,193.0847765566879
27670299,-2.869856,-9.03439,4.4009031036911015,65.5026653451012,193.0847765566879
27712810,-2.790173,-9.665021,3.030332103691101,104.25611191527084,197.9893628088489
27712810,-2.790173,-9.665021,3.030332103691101,104.25611191527084,197.9893628088489
27670306,-2.923342,-9.734342,4.216600103691101,75.3903578402709,195.97685808553277
27670306,-2.923342,-9.734342,4.216600103691101,75.3903578402709,195.97685808553277
27712820,-2.50267,-10.34519,3.494305103691101,96.3557843577676,206.7618535871041
27712820,-2.50267,-10.34519,3.494305103691101,96.3557843577676,206.7618535871041
27670322,-2.720869,-9.430179,4.107034103691101,76.51371761808778,198.50780155143525
27670322,-2.720869,-9.430179,4.107034103691101,76.51371761808778,198.50780155143525
27662552,-3.159436,-9.463319,4.256309103691101,72.34254621604785,189.52673152487205
27662552,-3.159436,-9.463319,4.256309103691101,72.34254621604785,189.52673152487205
27662559,-3.115585,-9.615535,4.598103103691101,64.34143985383784,191.35989260273143
27662559,-3.115585,-9.615535,4.598103103691101,64.34143985383784,191.35989260273143
27662582,-2.961152,-10.067293,4.271549103691101,76.02613538042189,196.98917335709984
27662582,-2.961152,-10.067293,4.271549103691101,76.02613538042189,196.98917335709984
27690203,-2.449875,-10.399323,3.552675103691101,95.29998650642148,208.0061687517374
27690203,-2.449875,-10.399323,3.552675103691101,95.29998650642148,208.0061687517374
27736864,-2.546685,-8.287277,3.8619501036911013,75.77932767222688,195.716546259026
27736864,-2.546685,-8.287277,3.8619501036911013,75.77932767222688,195.716546259026
27736875,-2.765065,-9.967785,4.2034081036911015,77.31846566850353,200.37151785508848
27736875,-2.765065,-9.967785,4.2034081036911015,77.31846566850353,200.37151785508848
27701090,-3.145042,-10.714911,4.463837103691101,75.04711729151552,196.74753163916827
27701090,-3.145042,-10.714911,4.463837103691101,75.04711729151552,196.74753163916827
27701092,-2.746556,-6.910051,5.446709103691101,0.8152171860100452,178.65579441233564
27701093,-2.930103,-9.530441,4.502505103691101,66.44804671368499,194.75036741058435
27701093,-2.930103,-9.530441,4.502505103691101,66.44804671368499,194.75036741058435
27701110,-2.847246,-10.560682,4.318787103691101,77.87263486803454,201.59641286297472
27701110,-2.847246,-10.560682,4.318787103691101,77.87263486803454,201.59641286297472
27658892,-2.989158,-9.032114,4.428039103691101,64.59888086002707,190.43297290839504
27658892,-2.989158,-9.032114,4.428039103691101,64.59888086002707,190.43297290839504
27658893,-3.086763,-9.672436,4.303451103691101,72.58142969487238,192.29212797796689
27729672,-2.349106,-5.927249,4.616716103691101,18.801812630467964,181.18576590877947
27729672,-2.349106,-5.927249,4.616716103691101,18.801812630467964,181.18576590877947
27658908,-3.073199,-10.46124,4.4011001036911015,75.11429922622332,196.83833045633517
27729740,-2.89843,-9.897585,4.214187103691101,76.4913566418426,197.34736798353111
27729740,-2.89843,-9.897585,4.214187103691101,76.4913566418426,197.34736798353111
27760655,-5.961528,-4.03569,-0.10450189630889883,184.80334219893405,53.60044122849269
27760711,-5.224447,-4.045041,-0.19878889630889884,190.01424404460124,76.14037325235356
27742933,0.448643,-4.905005,0.38859110369110106,183.18254623152603,259.39193461237505
27742952,0.430436,-4.246307,0.21856610369110108,193.8103449601389,258.865535462984
27761035,-2.785575,-5.084317,0.28847410369110105,175.78983350583627,163.5283490658397
27761058,-3.192352,-8.067334,4.021594103691101,68.53882567780221,178.75203619931932
27761066,-3.596269,-9.726228,4.423667103691101,69.33089803091974,182.18990238818392
27761077,-2.748416,-7.662513,3.823798103691101,71.89507001736084,186.42381168088644
27761098,-1.749951,-5.002922,3.329111103691101,64.72878384413346,192.6219721407894
27761098,-1.749951,-5.002922,3.329111103691101,64.72878384413346,192.6219721407894
27761099,-4.090171,-13.685028,5.175383103691101,74.79124235372353,194.35215502825503
27761124,-2.086861,-7.732224,3.6583801036911012,78.46425585693132,203.4467923042023
27724076,-2.55764,-9.599052,3.1769861036911013,100.8486962215252,202.3075312019115
27724076,-2.55764,-9.599052,3.1769861036911013,100.8486962215252,202.3075312019115
27730010,-0.362347,-5.800785,0.034765103691100974,185.4606188880578,234.9031582586524
27730026,-0.234399,-6.059888,-0.0044608963088990095,185.30215086522924,238.63132913833928
27666372,-2.724218,-9.761784,4.167307103691101,77.02221727730506,200.1668368838592
27666372,-2.724218,-9.761784,4.167307103691101,77.02221727730506,200.1668368838592
27732239,-2.530861,-8.18791,3.8441981036911015,75.6014888802006,195.4587100813357
27732239,-2.530861,-8.18791,3.8441981036911015,75.6014888802006,195.4587100813357
27679723,-2.59138,-10.416712,3.6031311036911013,94.07116621433346,205.4495864951365
27679723,-2.59138,-10.416712,3.6031311036911013,94.07116621433346,205.4495864951365
27732253,-2.082553,-7.029126,3.516024103691101,77.6864749369206,199.10381342709115
27732253,-2.082553,-7.029126,3.516024103691101,77.6864749369206,199.10381342709115
27732261,-2.117198,-7.849699,3.609564103691101,80.77649085334514,203.3284870765591
27732261,-2.117198,-7.849699,3.609564103691101,80.77649085334514,203.3284870765591
27671370,-2.814669,-9.837998,3.1922481036911012,101.05102581870138,198.41517375544925
27671370,-2.814669,-9.837998,3.1922481036911012,101.05102581870138,198.41517375544925
27675720,-2.946376,-9.641859,3.029703103691101,104.00515609213572,194.8198821217873
27675720,-2.946376,-9.641859,3.029703103691101,104.00515609213572,194.8198821217873
27682271,-2.372461,-7.503702,4.373691103691101,52.39641419612539,194.9129476893009
27682271,-2.372461,-7.503702,4.373691103691101,52.39641419612539,194.9129476893009
27757259,-3.520226,-1.706195,0.05092110369110103,216.205400689032,53.15560527721527
27757273,-8.572263,-8.011008,5.858429103691101,2.836945003169859,42.25662005078968
27761649,-2.058159,-4.593671,0.12105510369110117,185.9536605669247,179.42499350468867
27761670,-3.164963,-7.639147,3.9690911036911007,66.5407079384907,175.6836883401532
27761679,-3.162204,-8.509367,4.134561103691101,68.74833640965855,182.93507361325945
27761688,-3.212264,-9.845911,4.280321103691101,74.18639416119964,190.755241557258
27761696,-0.480937,0.556629,-0.0036568963088989825,394.8909219978107,148.77690523360812
27761702,-2.514188,-8.481413,3.898967103691101,76.11947366521491,197.66667054644023
27761722,-0.439416,0.731373,-0.014131896308898995,432.49630304661065,141.48365922872568
27761756,-0.66606,-5.15593,1.028654103691101,158.16732263350562,226.88299563917667
27761791,-0.331638,-5.63794,0.0891771036911011,185.05230823909795,235.5581383588588
27764074,-3.548036,-2.889063,3.424583103691101,10.08420801161617,57.24514023316459
27764168,-3.491156,-3.171759,1.274252103691101,144.51096390746056,97.7007327509248
27764356,-0.504072,0.557263,-0.0026368963088989616,394.2652150030335,145.50252746777102
27764374,-2.894073,-5.170321,3.5227761036911014,56.32895395761346,153.88943639449366
27764421,-2.222343,-4.611969,3.444731103691101,52.51050841196528,169.71775336629725
27764427,-2.718221,-6.736811,5.074758103691101,13.604753131188176,177.98097356083235
27764437,-2.61644,-6.186769,3.598959103691101,66.08439979880953,176.49961282525382
27764456,-3.301245,-9.237374,4.252732103691101,70.72548375832099,185.0602281043686
27764464,-3.033224,-8.892218,4.092961103691101,72.94696988742095,188.574574403977
27764474,-2.848015,-8.831637,4.048873103691101,73.94861529278762,192.28187953956825
27764484,-3.3738,-11.721926,4.646848103691101,76.28990194943486,197.38398426518285
27764497,-2.384858,-8.938132,3.951995103691101,77.86788512395975,203.11620576818984
27757472,-4.015631,-6.057521,4.048851103691101,44.70096535710383,131.1840103764746
27754092,-3.241009,-5.855337,0.088185103691101,176.42168012931785,160.7610341038739
27754104,-3.677527,-7.630225,4.150044103691101,59.98554422388682,162.50120228706422
27754104,-3.677527,-7.630225,4.150044103691101,59.98554422388682,162.50120228706422
27748409,-0.686766,-5.028356,0.17356010369110098,185.5220076529829,223.85440310481712
27704159,-2.93845,-9.215015,2.7327591036911008,109.68881644610693,192.6104310944189
27754162,-2.112312,-4.702081,0.10169510369110113,185.63035321469283,178.9536594625339
27754162,-2.112312,-4.702081,0.10169510369110113,185.63035321469283,178.9536594625339
27739652,-0.19057,-5.834758,0.05250610369110098,185.23859197287385,239.62644563519976
27739652,-0.19057,-5.834758,0.05250610369110098,185.23859197287385,239.62644563519976
27739672,-0.531563,0.561872,-0.008400896308898842,394.7499609952844,141.43792922441935
27739672,-0.531563,0.561872,-0.008400896308898842,394.7499609952844,141.43792922441935
27748464,0.509551,-4.850211,0.32588210369110104,185.72370895619807,261.12086346573847
27750427,-0.520771,0.558621,-0.007821896308898957,394.4355510452682,143.1661101455594
27750427,-0.520771,0.558621,-0.007821896308898957,394.4355510452682,143.1661101455594
27758548,-0.452524,0.73733,-0.013161896308898857,433.3453110432056,138.87640864006966
27750472,-0.220164,-5.85153,0.05707910369110114,184.93861686214848,238.86824134094127
27750472,-0.220164,-5.85153,0.05707910369110114,184.93861686214848,238.86824134094127
27713537,-2.981969,-9.202057,2.219255103691101,121.53800859362794,191.66127978211335
27715879,-0.312758,-5.91358,0.03134910369110111,185.01380395168732,236.4304646245416
27712803,-2.987205,-9.234571,2.710565103691101,110.20726712471384,191.7452019762938
27742674,-0.941624,-2.931282,0.009917103691100992,211.0011104703485,201.50449011720363
27742674,-0.941624,-2.931282,0.009917103691100992,211.0011104703485,201.50449011720363
27742810,-0.372855,-5.936491,0.029535103691101128,184.7714561002703,234.87863228259533
27742810,-0.372855,-5.936491,0.029535103691101128,184.7714561002703,234.87863228259533
27742837,-0.155681,-5.986658,0.016894103691101003,185.3752388149538,240.65313945669072
27742837,-0.155681,-5.986658,0.016894103691101003,185.3752388149538,240.65313945669072
27760691,-6.059607,-5.557096,4.683819103691101,5.415014899360301,50.08338152831317
27760703,-5.591843,-4.304096,-0.05214189630889887,182.5131520648957,71.21578965213078
27737163,-0.444649,0.740136,-0.008363896308899,433.9225347877606,139.78600067053185
27737163,-0.444649,0.740136,-0.008363896308899,433.9225347877606,139.78600067053185
27760718,-5.548284,-5.503732,4.510411103691101,12.957224246395157,66.60545960522381
27760728,-5.570902,-4.792064,-0.0945278963088989,180.87626328413444,84.01873070019303
27760729,-4.490873,-3.577181,0.023740103691101133,188.9355940190365,84.2918693715327
27760737,-5.10397,-5.260479,4.2562751036911015,20.57576362389784,76.19238189911198
27760750,-4.973376,-5.10193,3.156578103691101,68.69507040025218,85.30790666967411
27714086,-2.840108,-9.501155,1.9993691036911012,127.0275176173854,195.9684117208413
27714086,-2.840108,-9.501155,1.9993691036911012,127.0275176173854,195.9684117208413
27714092,-2.564391,-9.990809,1.5878641036911012,136.31299023176396,203.15046388505493
27714092,-2.564391,-9.990809,1.5878641036911012,136.31299023176396,203.15046388505493
27724012,0.285207,-4.351513,0.18750810369110105,193.39750030976523,253.6119259268305
27760950,-3.797112,-6.314718,4.029717103691101,49.25551424766084,142.164638465219
27745999,-0.315372,-2.16361,0.263334103691101,216.0005226445884,224.4520717149801
27746012,-0.213973,-7.218442,0.0764591036911011,177.63442978650508,240.77771485284435
27746012,-0.213973,-7.218442,0.0764591036911011,177.63442978650508,240.77771485284435
27746020,-0.212141,-2.113467,0.016143103691101057,229.31206689798412,228.48450749348405
27746020,-0.212141,-2.113467,0.016143103691101057,229.31206689798412,228.48450749348405
27761047,-0.533819,0.569652,-0.006032896308898916,395.88851678632847,140.49450759735237
27761047,-0.533819,0.569652,-0.006032896308898916,395.88851678632847,140.49450759735237
27746031,-0.565566,0.597764,-0.002234896308898948,399.7941247442792,133.73153307144744
27746031,-0.565566,0.597764,-0.002234896308898948,399.7941247442792,133.73153307144744
27727123,-0.381643,-5.907218,0.014434103691101097,185.3175462719328,234.5505322867153
27727123,-0.381643,-5.907218,0.014434103691101097,185.3175462719328,234.5505322867153
27714226,-2.839633,-9.397429,2.0266831036911013,126.31423640654448,195.4548378827997
27714226,-2.839633,-9.397429,2.0266831036911013,126.31423640654448,195.4548378827997
27714227,-2.739278,-9.702436,1.835480103691101,130.84851972836904,198.7927157821617
27714229,-2.57604,-10.039032,1.598690103691101,136.0910846601637,203.14525907299617
27761268,-0.384762,-5.756284,0.05729310369110108,185.06232511256283,234.2651125559705
27761268,-0.384762,-5.756284,0.05729310369110108,185.06232511256283,234.2651125559705
27701307,0.462348,-4.902683,0.3928941036911011,183.1046015044752,259.8518712768843
27724124,-0.430626,0.729019,-0.01070189630889895,432.0032119214045,143.01022260293325
27724124,-0.430626,0.729019,-0.01070189630889895,432.0032119214045,143.01022260293325
27727311,-0.439276,0.734666,-0.0068038963088989934,432.7155934060489,141.0880435868113
27727311,-0.439276,0.734666,-0.0068038963088989934,432.7155934060489,141.0880435868113
27732502,-0.167385,-5.871517,0.04604510369110115,185.2536664121093,240.2796497472285
27732502,-0.167385,-5.871517,0.04604510369110115,185.2536664121093,240.2796497472285
27757250,-5.554329,-3.728518,0.019484103691101096,184.26627532367533,55.13732451772165
27757279,-5.395491,-3.971026,0.022077103691101163,182.97854927619875,67.19039508081241
27757283,-5.357014,-4.729738,4.263527103691101,8.013558191666476,49.21194458135682
27757294,-5.030727,-4.59057,4.144964103691101,11.347350164598367,57.37096448625661
27757315,-5.252286,-5.212766,4.364858103691101,14.05015242343643,68.67558092433794
27761646,-4.413446,-8.583223,4.525084103691101,56.56428031758247,154.67302652685729
27761684,-0.52375,0.56672,-0.002738896308899008,395.3950569475511,142.066944993944
27761732,-0.406604,0.710269,-0.009288896308898842,428.44778878824354,148.30059633430528
27763957,-3.787449,-1.392801,0.03302410369110098,221.99296687973128,22.91910897281681
27763970,-3.846149,-1.537544,-0.011187896308898937,220.70089749499144,29.46096218194782
27764054,-5.126649,-4.498379,4.212407103691101,5.07845915961957,49.350058840435366
27764058,-5.049026,-4.455219,4.178557103691101,5.937637304872311,51.01808728709534
27764075,-5.954267,-4.653419,-0.15492889630889883,182.36084455768415,70.99098327048722
27764090,-5.351806,-5.268741,4.4393271036911015,11.474686030875404,66.37021447174249
27764106,-4.64771,-4.581939,4.089499103691101,14.521102699994373,72.0413410818825
27764117,-4.562192,-3.691385,0.006395103691101189,188.338270357138,85.27504960249865
27764150,-3.534311,-2.751193,-0.0031568963088988156,202.2036461627366,94.15203528318042
27764161,-3.48626,-2.803296,0.007848103691101116,201.33237263919705,97.49777892228536
27764344,-0.531405,0.563409,-0.004598896308898981,394.7309467322145,141.28296538550055
27764412,-3.830115,-8.519403,4.308655103691101,63.00764782167696,167.60347817141306
27764441,-2.274619,-4.124534,0.04252010369110115,191.3580272511764,167.17400616103473
27764665,-0.356099,-5.91956,0.013533103691101056,185.33539211217544,235.24824330993584
27758488,-0.514677,0.559574,-0.005186896308899014,394.5722611068145,143.89963932831444
