uid,px_world,py_world,pz_world,u_rectified,v_rectified
28083977,-3.077199,-0.77224,1.631059103691101,136.11133419709012,239.813917860347
28083977,-3.077199,-0.77224,1.631059103691101,136.11133419709012,239.813917860347
28083991,-4.073642,-2.37712,0.021545103691101186,192.64466552857428,243.54596950753356
28084013,-2.783279,-1.397056,1.7424521036911012,129.4777199596603,270.0626103520441
28084015,-4.308631,-4.219704,1.184871103691101,149.60810683992366,268.3115539096306
28080660,-0.760684,-4.338392,1.137076103691101,154.2314589991173,394.63225112073866
28084021,-3.55974,-2.97332,0.9525941036911011,160.7680490873085,269.8586579726232
28049442,-2.560895,0.669624,-0.018827896308898806,251.0023200966,210.61314752355008
28049442,-2.560895,0.669624,-0.018827896308898806,251.0023200966,210.61314752355008
28080680,0.921434,-11.133417,1.0197451036911012,147.30896594379058,447.0122823550757
28084032,-5.405446,-1.042262,-0.08550189630889893,198.39692873123457,183.42087355349693
28084036,-3.131018,0.467502,1.2449321036911012,164.03559665723924,189.57164956783944
28084038,-3.110004,0.46196,1.3018101036911012,160.25360307079325,190.3953183096085
28084041,-3.153165,0.397207,1.4340201036911011,150.77383065231467,191.01570423304517
28084043,-3.165151,0.400079,0.8695081036911011,186.75744083413272,193.4330872884631
28084045,-3.17054,0.28178,1.434739103691101,150.26078081416304,195.8463182389706
28084045,-3.17054,0.28178,1.434739103691101,150.26078081416304,195.8463182389706
28049450,-6.656064,-0.431455,3.2669871036911013,68.9101880105535,119.6441542604189
28084047,-2.926298,0.513333,1.252618103691101,164.7524622037168,196.15693697638665
28084052,-2.944528,0.403243,1.708544103691101,130.5623192865267,198.57798507101052
28084054,-2.994007,0.365629,1.3103231036911012,159.49095366790942,200.09816518795083
28084058,-2.92672,0.354708,1.740318103691101,128.0826992877262,201.77892290989703
28084058,-2.92672,0.354708,1.740318103691101,128.0826992877262,201.77892290989703
28049465,-2.557023,0.585452,-0.03978989630889895,249.98662417024144,214.4852604312757
28049465,-2.557023,0.585452,-0.03978989630889895,249.98662417024144,214.4852604312757
28084064,-2.921561,0.293443,1.7281041036911011,129.09557950903314,205.1569356107524
28084064,-2.921561,0.293443,1.7281041036911011,129.09557950903314,205.1569356107524
28084069,-3.05607,0.123695,1.403514103691101,151.90494684650773,208.02519928450013
28084069,-3.05607,0.123695,1.403514103691101,151.90494684650773,208.02519928450013
28056041,-5.712283,1.251245,0.4335611036911011,197.45544402101305,91.89396743390816
28084089,-2.703531,0.391866,0.05919710369110098,237.3950866096937,215.74178432120996
28066381,-3.797893,-1.181672,0.05061210369110114,202.8620153905009,225.8477288548423
28084094,-4.790362,-2.235807,0.07068610369110107,188.70787045600085,223.3298932519043
28084096,-5.284948,-3.153988,2.094986103691101,121.80478957111012,228.7743734380168
28084098,-2.574614,0.431253,0.06413810369110107,240.34493371824263,219.84126741874445
28084098,-2.574614,0.431253,0.06413810369110107,240.34493371824263,219.84126741874445
28084102,-2.413301,0.538751,0.036162103691101066,247.69532645647192,223.02235385603868
28034404,-2.494681,0.527041,-0.017999896308898977,248.6176568759136,219.7391446175247
28084119,-2.946956,-1.991886,0.7557271036911011,174.2120945178525,272.42611092613305
28077379,-3.841078,1.789196,2.035233103691101,100.15773328760169,52.367808177564456
28077385,-5.322946,1.46557,0.8298761036911011,183.9473923952646,80.386545599469
28059237,-4.143097,1.285994,1.608128103691101,140.37486751983386,101.4372392016558
28077519,-2.947204,0.061651,2.021478103691101,107.34845145615031,213.99964845489183
28077519,-2.947204,0.061651,2.021478103691101,107.34845145615031,213.99964845489183
28077530,-2.871873,-0.044398,1.960492103691101,112.16269765915796,222.6186808418641
28080922,-3.915754,2.11344,2.025057103691101,98.48005550274684,11.788608413382237
28080931,-4.649114,2.019171,1.6570991036911011,138.0466236306949,29.2055339227704
28084234,-0.226123,-3.820482,0.19007310369110098,198.10578926385145,408.90790932809387
28066537,-0.859823,1.598532,-0.010347896308898985,387.6168369138656,291.7797166214424
28077786,-2.181382,-2.439938,1.660461103691101,133.20244987964162,316.9872745943116
28038018,-2.881243,1.222193,0.011713103691101123,257.6707501731852,168.78403974563685
28066553,-3.91202,-2.415932,0.1457461036911012,189.26061516712173,248.67663544321584
28081178,-3.332758,-0.388669,1.593883103691101,138.77047127663388,216.40627227851004
28081200,-2.600242,0.374236,-0.051948896308898984,244.5543599305161,221.12467212819053
28056417,-5.100486,-0.531095,-0.018539896308898962,202.21903252005583,175.5687501102925
28056417,-5.100486,-0.531095,-0.018539896308898962,202.21903252005583,175.5687501102925
28070393,-2.380135,-1.142687,2.031286103691101,109.694166256474,285.37862193674925
28081243,-0.981491,1.943017,0.013996103691101158,421.4522976455096,250.36287385781307
27956394,-9.136527,0.558638,4.854533103691101,7.181880472466759,26.0330909328944
28066630,-2.069324,-0.529598,-0.03599589630889888,233.56193060853397,274.54915409661567
28056465,-6.474146,-1.058358,3.2967451036911015,71.39879242009141,145.88981079150642
28081332,-0.802638,-5.299728,1.453582103691101,139.99269244408214,397.7082135607576
28009386,-4.966789,1.136195,-0.023196896308898873,222.5009705028828,116.0539696512244
28084475,-10.098268,0.001474,3.4814671036911014,81.54677812635086,62.09493673373706
28084477,-4.857198,1.79959,0.6078821036911011,203.3592490319766,70.50863294109718
28084490,-5.548441,0.961659,1.508732103691101,145.76108700310508,94.576281576261
28084491,-5.911454,0.945997,0.8665701036911011,175.14719189310557,98.0255207427416
28081603,-7.121458,2.641385,0.04942010369110106,217.0192455513954,7.518061853128046
28081608,-6.418069,2.497643,0.21863510369110117,215.3190345948219,16.06086841604406
28084510,-4.8954,0.822241,0.9130701036911011,176.96713010061407,121.91419646595376
28084517,-4.953081,0.710133,0.43436910369110104,197.70911918146717,131.05727456451913
28084521,-5.364694,0.45296,-0.12612689630889884,213.7627625483948,138.21870456609827
28066770,-1.805357,-1.079643,-0.02685789630889901,226.95342111072017,299.87867867029627
28084526,-5.505062,0.149263,0.22670710369110103,196.8186731716144,143.91693860879624
28074602,-2.505659,0.229397,-0.018953896308898877,241.29500785676137,230.75417409905612
28074602,-2.505659,0.229397,-0.018953896308898877,241.29500785676137,230.75417409905612
28084533,-4.898238,0.332633,0.3085441036911011,199.5790705618885,149.0026195483889
28081657,-1.849061,2.271412,-0.00024989630889882264,367.8874231912997,132.1021206452179
28081657,-1.849061,2.271412,-0.00024989630889882264,367.8874231912997,132.1021206452179
28084543,-5.374461,-0.300976,-0.24563289630889895,209.9963656449531,164.12062628881418
28084561,-3.614748,0.179944,0.6457891036911011,192.80275670546555,187.65445550652757
28084562,-3.055654,0.526418,1.366547103691101,156.30555429453813,189.05247435214463
28084570,-3.035571,0.38392,1.480612103691101,147.61320133122504,196.5300703621242
28084570,-3.035571,0.38392,1.480612103691101,147.61320133122504,196.5300703621242
28084580,-2.889855,0.341734,1.6077761036911011,138.19186038238968,204.7914654481893
28084586,-2.722334,0.602468,0.5255641036911011,215.40886510198217,204.44491199018563
28084586,-2.722334,0.602468,0.5255641036911011,215.40886510198217,204.44491199018563
28084587,-3.068497,0.033203,1.7045191036911012,131.43081775139137,210.48015663511143
28084587,-3.068497,0.033203,1.7045191036911012,131.43081775139137,210.48015663511143
28081745,-5.23914,-2.837083,1.262167103691101,148.89870824830177,224.14624368663763
28084611,-5.883987,-3.972811,0.046990103691101126,177.572221186867,230.3942330495732
28084611,-5.883987,-3.972811,0.046990103691101126,177.572221186867,230.3942330495732
28084613,-2.226637,0.588129,1.608053103691101,137.6263152966713,229.69363468592832
28084615,-7.243202,-6.112182,-0.022758896308898935,170.04077186809997,235.4586541093065
28084642,-4.079015,-3.459402,0.659277103691101,167.5526772575397,262.2625033725828
28084642,-4.079015,-3.459402,0.659277103691101,167.5526772575397,262.2625033725828
28084650,-2.933593,-1.725392,0.9636321036911011,166.91080810819227,268.329359404717
28056740,-4.327719,-1.995317,0.08568410369110113,191.94101136120065,229.62829247807568
28074692,-2.920962,0.135027,2.0093621036911014,107.63026376918368,211.88218626507745
28084657,-3.42728,0.363285,1.116087103691101,170.02751494720428,183.72204853744728
28081796,-2.410539,-0.995541,2.024868103691101,109.55934576402557,279.90488198554834
28081796,-2.410539,-0.995541,2.024868103691101,109.55934576402557,279.90488198554834
28084659,-3.023567,0.55604,1.3699111036911011,156.31816929694403,188.88734116130735
28084661,-2.977761,0.548904,1.236464103691101,165.91094239266988,192.1129326257845
28084668,-3.121035,0.392933,0.8466241036911011,188.39885311601432,195.62819263036897
28084668,-3.121035,0.392933,0.8466241036911011,188.39885311601432,195.62819263036897
28084670,-3.006242,0.368675,1.517302103691101,144.95677111404882,198.4212117730769
28084672,-2.994466,0.402736,1.1419061036911011,171.02365984796828,199.085877927687
28081828,-3.382718,0.203502,1.275393103691101,159.57561666093005,191.73164804771105
28081829,-3.369014,0.184695,1.233042103691101,162.07211619897996,193.2926872809551
28081830,-3.335473,0.189438,1.2727091036911011,159.80788419991163,194.18231298328297
28084678,-2.960047,0.303723,1.394078103691101,153.4985517180839,204.20350844310747
28084678,-2.960047,0.303723,1.394078103691101,153.4985517180839,204.20350844310747
28084680,-2.995065,0.373278,0.7503191036911011,194.9901099784259,202.07981061516287
28084680,-2.995065,0.373278,0.7503191036911011,194.9901099784259,202.07981061516287
28081837,-3.250063,0.138578,1.669723103691101,134.15608032475575,198.03224591544884
28084681,-2.840209,0.395041,1.478200103691101,148.02931233102555,205.0820396362633
28084681,-2.840209,0.395041,1.478200103691101,148.02931233102555,205.0820396362633
28084683,-3.067021,0.183327,1.223814103691101,163.75396645060115,205.5706422455411
28084683,-3.067021,0.183327,1.223814103691101,163.75396645060115,205.5706422455411
28081847,-3.256979,0.245837,0.31484710369110114,213.74601061139063,198.9102662651092
28084685,-2.979172,0.336728,0.740394103691101,195.2425974031603,204.3732888589696
28084686,-2.707694,0.498672,0.9461281036911011,187.16660719033771,208.46257689602595
28084687,-3.146775,0.104021,0.6699281036911011,194.66081328558312,207.3827001046837
28084689,-3.10315,0.10485,0.781720103691101,188.9612635185959,208.74232173356128
28084689,-3.10315,0.10485,0.781720103691101,188.9612635185959,208.74232173356128
28084691,-2.971612,0.125172,1.2766091036911011,160.37626859676297,212.06063052781505
28084691,-2.971612,0.125172,1.2766091036911011,160.37626859676297,212.06063052781505
28084694,-3.004398,0.084357,1.1706021036911012,166.670415065426,212.61272195031637
28084694,-3.004398,0.084357,1.1706021036911012,166.670415065426,212.61272195031637
28081866,-2.918246,0.415647,0.19315310369110117,227.4362840824245,205.46531110003224
28084705,-2.730644,0.360388,0.07909310369110112,235.2275517469821,215.78490412854364
28084707,-3.553481,-1.042866,1.249730103691101,155.22884464634953,229.45954554675487
28084708,-4.818994,-2.603487,0.8296011036911011,163.61980877981793,229.4930027604876
28084709,-3.822647,-1.368908,0.8737941036911011,169.61280718543657,229.39677748424464
28062101,-6.686483,1.49527,0.5889411036911011,186.77483768650245,65.09883102835983
28084713,-3.135043,-0.698805,1.6332521036911012,136.0799591221187,235.05678474164804
28078322,-3.106856,0.266401,2.025261103691101,106.92609703224392,196.36507591119857
28056841,-3.906605,-2.290052,0.16639810369110108,189.44431374072556,246.52562322385631
28056841,-3.906605,-2.290052,0.16639810369110108,189.44431374072556,246.52562322385631
28084724,-3.16449,-2.499128,0.8811241036911011,166.02170232784638,274.36617610540645
28084735,-2.935869,-3.276475,0.24365210369110102,185.15913183400903,291.1864622635886
28081947,-3.836026,-6.133512,4.936725103691101,27.400055910413897,317.3393797054921
28078401,-5.643216,-3.591707,1.169244103691101,150.23985663162813,228.9383469453588
28030254,-2.969703,1.426043,0.016611103691101192,261.5188830837898,152.99297222460143
28082033,-0.223204,-6.592579,1.2940071036911012,144.4145635801101,420.6324700169779
28070698,-1.379933,-2.040045,-0.019631896308898833,217.05857203919655,335.86053626984574
28082037,-0.049232,-7.581614,1.2251891036911011,145.49995970211256,424.9767453632636
28082042,0.231229,-7.121229,1.314290103691101,143.18021357529318,439.3420952667663
28057055,-3.629409,-3.905277,1.304378103691101,146.68393284201727,282.5290380641603
28078526,-2.372047,-0.843804,1.9412671036911011,114.38661654101011,277.4485509177946
28078527,-3.090116,-2.326608,1.145777103691101,156.37182192684878,274.81860342523663
28069088,-4.109138,1.185122,1.747028103691101,130.10309613190014,107.00164205600473
28069104,-5.510267,0.693047,0.09176810369110111,207.04191587887087,124.25799189506236
28069107,-4.071428,1.136887,1.7457641036911011,130.13971393617825,111.435240683422
28074990,1.197335,-19.971333,-1.144762896308899,170.87933639868405,422.5597418314523
28038266,-2.558532,0.661671,-0.019875896308898966,250.8972299242445,211.07410520743733
28085029,-5.907693,0.912829,2.9478081036911012,64.02904632995615,68.321093699725
28085032,-4.142638,1.42853,2.547552103691101,58.679516450434136,67.74417840666598
28062371,-5.567327,1.323909,0.16703010369110105,210.7571785327808,94.06705158440067
28078640,-0.516273,-2.246595,0.8088471036911011,182.4163951051889,402.0029673865696
28085062,-4.153358,0.937533,0.3167991036911011,213.60749046748293,140.23154000279897
28085078,-3.185394,0.492315,1.203942103691101,166.68046454068124,186.34802768302788
28085081,-2.976946,0.630997,1.194559103691101,169.52900488759684,188.1110687028849
28038287,-2.531896,0.616884,-0.018796896308898914,250.2202045776189,214.2367639204128
28038287,-2.531896,0.616884,-0.018796896308898914,250.2202045776189,214.2367639204128
28052660,-5.815846,1.555271,0.11810510369110117,213.28097995797148,79.39042164100275
28085085,-2.992999,0.542054,1.237889103691101,165.68497271752034,191.78141221188685
28085086,-2.973251,0.605094,0.9769271036911011,184.0666354894491,190.97167143892045
28085086,-2.973251,0.605094,0.9769271036911011,184.0666354894491,190.97167143892045
28085094,-2.893561,0.404237,1.7315291036911011,128.5969597399033,200.87676653564404
28085095,-2.603201,0.854952,0.7927271036911011,204.54958827640604,195.9563252413232
28085099,-1.944069,1.414475,1.302707103691101,178.66813543216858,193.878604052343
28085099,-1.944069,1.414475,1.302707103691101,178.66813543216858,193.878604052343
28085101,-2.800329,0.63967,0.4301591036911011,220.61817315946092,199.634719844136
28085101,-2.800329,0.63967,0.4301591036911011,220.61817315946092,199.634719844136
28085102,-2.943928,0.318794,1.527655103691101,144.10109570940773,203.6827221482938
28085102,-2.943928,0.318794,1.527655103691101,144.10109570940773,203.6827221482938
28085103,-2.83989,0.586633,0.3636361036911011,222.7705617429949,200.673482642158
28085103,-2.83989,0.586633,0.3636361036911011,222.7705617429949,200.673482642158
28085108,-2.869,0.457643,0.7847661036911011,195.35422315266368,203.56258258136356
28085110,-2.9173,0.254158,1.458096103691101,148.8968489459442,208.24952911503112
28085110,-2.9173,0.254158,1.458096103691101,148.8968489459442,208.24952911503112
28085119,-2.865633,0.214797,1.3900781036911012,153.5712932084519,212.68121568975823
28085119,-2.865633,0.214797,1.3900781036911012,153.5712932084519,212.68121568975823
28085120,-2.829748,0.275099,1.2066511036911012,166.56011944821316,212.17879336331325
28085120,-2.829748,0.275099,1.2066511036911012,166.56011944821316,212.17879336331325
28085122,-2.692273,0.468216,0.982275103691101,184.4949819880721,210.53112952930204
28038306,-2.522393,0.581105,-0.018708896308898826,249.47758312817203,216.20065559291632
28038306,-2.522393,0.581105,-0.018708896308898826,249.47758312817203,216.20065559291632
28085126,-3.626524,-0.690194,1.182555103691101,159.67014290743094,216.49890009655465
28060099,-3.936328,-3.884409,1.287293103691101,147.1507737908247,273.61365994168955
28062484,-3.010267,1.416497,-0.09029489630889898,266.22838291061095,153.3502550869382
28082403,-5.246105,0.296907,0.0460511036911011,206.73377148195075,144.997399972942
28038313,-5.135122,-0.020058,0.10941110369110119,202.10279484150203,158.04523418413086
28085141,-3.368549,-1.475347,1.6154761036911012,136.90907390533775,247.79094768370987
28082411,-4.966627,0.159924,0.18956210369110105,202.06013656613624,154.83562965439222
28060116,-3.941242,-4.1942,1.277819103691101,147.01867274309654,277.6307886297312
28082420,-3.034361,0.53111,1.9447161036911012,111.32412572835672,185.80159841683283
28085147,-4.814259,-5.073707,1.3530791036911012,143.7335499978064,267.71282981588433
28082447,-4.082405,-1.057213,1.692890103691101,134.01414965058513,211.94790428615968
28082454,-2.938368,0.401414,0.14898010369110115,229.12556846643915,205.38852936661516
28085157,-3.715561,-3.314364,1.000100103691101,157.87522752830188,270.7357625424202
28085157,-3.715561,-3.314364,1.000100103691101,157.87522752830188,270.7357625424202
28082477,-5.53804,-3.180903,0.19084110369110108,178.01360938705312,224.5337955387696
28069256,-6.637051,-0.613653,3.292268103691101,69.17343733342472,126.87411649238776
28085166,-2.990138,0.802964,1.928606103691101,110.6779815710105,171.03766875816217
28085166,-2.990138,0.802964,1.928606103691101,110.6779815710105,171.03766875816217
28085168,-3.165916,0.555046,1.065709103691101,176.3024343375792,184.89209861972125
28085168,-3.165916,0.555046,1.065709103691101,176.3024343375792,184.89209861972125
28085169,-3.306545,0.37799,1.181810103691101,166.6999136837551,187.20493287532204
28085169,-3.306545,0.37799,1.181810103691101,166.6999136837551,187.20493287532204
28085170,-3.385338,0.284788,1.1265751036911011,169.02197409648153,188.79448528453744
28085170,-3.385338,0.284788,1.1265751036911011,169.02197409648153,188.79448528453744
28085171,-4.487237,-0.558005,0.6063031036911011,182.5733544505237,188.30899085598463
28082516,-2.641083,-1.089175,1.9873121036911012,113.76534430840928,270.06083986973675
28085174,-3.352382,0.291715,0.6872321036911011,194.1514674724712,191.965123858391
28085176,-2.936934,0.54136,1.3788641036911011,155.8334333981042,193.5182562482085
28085177,-4.162082,-0.424031,0.32713710369110105,196.84580945397707,193.84080575351095
28085178,-3.199273,0.346147,0.5608991036911011,203.15965223451303,195.93485277119763
28085179,-2.977215,0.389764,1.665556103691101,133.9625401408603,197.950122940585
28085179,-2.977215,0.389764,1.665556103691101,133.9625401408603,197.950122940585
28082535,-5.934726,-1.044915,0.15215810369110105,188.3953793406376,172.33020037957553
28082536,-5.451294,-0.814407,0.2826961036911011,187.91208192509092,175.00371559830293
28082536,-5.451294,-0.814407,0.2826961036911011,187.91208192509092,175.00371559830293
28085180,-3.049314,0.345147,1.181822103691101,167.66497452013851,199.22974521314413
28085180,-3.049314,0.345147,1.181822103691101,167.66497452013851,199.22974521314413
28082537,-5.851028,-1.20918,0.15874010369110114,187.57299623519648,178.05321188293684
28082537,-5.851028,-1.20918,0.15874010369110114,187.57299623519648,178.05321188293684
28085181,-1.850894,1.402764,1.251438103691101,186.0481057511159,203.07630710594748
28085182,-2.988142,0.364481,0.8298991036911011,190.2240514927028,202.4429958283508
28085182,-2.988142,0.364481,0.8298991036911011,190.2240514927028,202.4429958283508
28085184,-2.688281,0.547972,1.001554103691101,184.2094134152302,206.8113219133188
28082544,-3.271681,0.322166,1.2864471036911012,159.89048703688803,190.5964034856326
28082554,-3.349127,0.138318,1.244183103691101,161.20577214307096,196.01066404573712
28082556,-3.286144,0.180166,1.199560103691101,164.3652769347899,196.84973678743333
28085188,-3.242416,-0.007462,0.7371311036911011,189.03933567542543,207.79339310405976
28085189,-2.900123,0.246702,1.520273103691101,144.46695586076825,209.19249938070945
28085191,-3.071976,0.087114,0.8680381036911011,184.1817601893544,210.46182458616315
28082563,-3.218112,0.15435,1.538032103691101,142.98688521203508,199.23963464572896
28082565,-3.288772,0.118066,1.0964771036911012,170.02937136429918,199.8233211373018
28069289,-2.693219,0.989115,-0.012816896308898817,256.63763293744137,189.47339788615645
28069289,-2.693219,0.989115,-0.012816896308898817,256.63763293744137,189.47339788615645
28085193,-3.819262,-0.722578,0.9736501036911012,168.7666122191061,211.5164001112492
28085195,-3.410445,-0.266129,0.5794541036911011,192.91009014283247,211.30903396037183
28085195,-3.410445,-0.266129,0.5794541036911011,192.91009014283247,211.30903396037183
28085196,-1.549988,1.570959,1.3600941036911012,180.51267176660625,215.63771301308205
28085197,-3.106457,-0.024267,0.8259861036911011,185.1280656128534,213.4839847469435
28082584,-3.030872,0.421473,0.11016310369110105,230.0568030520448,201.086553640384
28082585,-3.236628,-0.092225,1.679614103691101,133.4829635461344,208.60304988481172
28085198,-6.162838,-3.292875,0.5488301036911011,166.87201032484182,214.3497992210752
28085199,-3.320519,-0.246165,0.623406103691101,191.68948741147236,213.73946040318077
28085199,-3.320519,-0.246165,0.623406103691101,191.68948741147236,213.73946040318077
28082591,-3.644338,-0.531177,1.578961103691101,139.6647915635072,209.81447168211795
28085200,-3.441287,-0.470853,0.979333103691101,171.51931266064628,216.26328411450527
28085203,-1.647572,1.475373,1.032068103691101,219.5049354251485,216.31844439334407
28082598,-2.923216,0.411255,0.18364810369110107,227.767565750352,205.47746235748556
28085204,-1.845027,1.288125,0.8586451036911011,225.24930532980355,214.98687530948075
28085206,-1.51574,1.587012,1.0767041036911011,223.20158069837876,219.23601406920733
28085207,-2.802566,0.100303,0.538177103691101,205.203622174934,221.93749214632888
28085210,-2.129611,0.898547,0.5145421036911011,234.0846118154863,220.62944105137
28085211,-1.281524,1.799769,1.168822103691101,231.75515530165345,225.1248422816215
28085212,-3.588024,-1.077081,1.5222801036911011,141.94086454524276,229.13610189485496
28072890,-3.700148,1.635305,2.027473103691101,100.93322880220413,72.31981148901116
28082614,-3.741502,-0.892455,0.4897901036911011,188.84624905123968,219.6586169024548
28085214,-2.247093,0.737797,0.3650381036911011,237.06864253704725,222.23627950698227
28085217,-4.010327,-1.704853,0.12470710369110116,194.44142058781983,231.8654538262093
28085217,-4.010327,-1.704853,0.12470710369110116,194.44142058781983,231.8654538262093
28082627,-5.550439,-3.477582,0.7580701036911011,161.88616486674474,229.01914899745336
28082643,-4.050833,-3.472536,0.501954103691101,172.3006433121737,262.8868621162161
28085230,-4.177444,-3.285671,2.398346103691101,108.07885283750844,260.1333892602588
28085230,-4.177444,-3.285671,2.398346103691101,108.07885283750844,260.1333892602588
28072911,-4.285185,1.459906,1.631494103691101,139.00426768755543,84.59467908632206
28082648,-3.513124,-2.941499,0.5856451036911011,173.5356934384591,269.7672436293745
28085232,-5.158289,-4.975342,4.598950103691101,41.55802613069693,264.49676851112616
28085232,-5.158289,-4.975342,4.598950103691101,41.55802613069693,264.49676851112616
28085233,-3.855775,-3.116349,2.236824103691101,112.82987950265507,266.5403768326496
28085233,-3.855775,-3.116349,2.236824103691101,112.82987950265507,266.5403768326496
28085238,-3.416977,-3.177304,0.5636981036911011,173.46994580029417,276.1696500282793
28049104,-3.025733,1.476388,-0.08666989630889899,267.5816981837038,148.9986958229169
28069331,-2.761049,0.806966,-0.025261896308898857,250.70957009216028,195.6132326237525
28082685,-2.394777,-3.089942,1.5904531036911012,136.5847353738722,315.6518230789125
28060213,-3.812911,-6.011858,0.188912103691101,172.08165563823752,297.0008280859305
28078962,-6.733518,-0.148466,1.588895103691101,140.68859831440068,122.64193145259816
28070964,-0.17766,-4.69743,0.11274610369110105,193.7251606883316,409.6165865137824
28069378,-5.009916,-0.618319,-0.00857489630889896,201.7177119311801,180.03339726709925
28069389,-2.562307,0.682362,-0.015708896308898934,251.1448012125237,209.97533545010072
28069410,-2.502368,0.630632,0.00829510369110098,249.7505051193004,214.941567577518
28069410,-2.502368,0.630632,0.00829510369110098,249.7505051193004,214.941567577518
28062774,-4.788529,-0.661767,0.043086103691100996,201.02208540113836,186.1023307233701
28026530,-2.952899,1.379124,0.013369103691101003,260.641469504052,156.6071534542098
28069424,-3.151895,0.466662,2.018304103691101,106.47273395730365,183.5222425667193
28062808,-7.745065,-1.873306,4.722904103691101,29.667897724935784,140.70597938283908
28069433,-2.469521,0.569783,0.010743103691100986,248.7085625781785,219.08092337215888
28065334,-3.099165,1.928042,-0.012030896308898864,277.48437101734544,112.86941095000924
28085534,-2.837341,2.253767,0.06875010369110113,297.5228050900774,89.1089242004409
28085537,-3.839742,1.540017,1.5832441036911011,142.6841133762853,89.5797563938325
28062864,-5.928383,-1.273535,3.9868801036911012,33.865839493389075,160.08441732522692
28085547,-5.835199,0.443744,2.113813103691101,115.41913766207988,107.87482769134355
28073107,-2.937791,1.207892,-0.025102896308898837,257.9362978506934,167.72492879324517
28085573,-3.071067,0.659127,1.1618571036911012,171.49894643042762,182.76202765955924
28085573,-3.071067,0.659127,1.1618571036911012,171.49894643042762,182.76202765955924
28085574,-3.205191,0.537811,1.096370103691101,173.9226403385132,183.97696852636773
28085574,-3.205191,0.537811,1.096370103691101,173.9226403385132,183.97696852636773
28065389,-3.018572,1.791609,-0.0038598963088989358,274.2158511406176,126.11060892686064
28075749,-2.826346,-0.575718,2.040687103691101,108.86887049811924,245.4080160320308
28085578,-3.079162,0.605875,1.0538081036911011,178.1888286752968,185.955009624944
28085578,-3.079162,0.605875,1.0538081036911011,178.1888286752968,185.955009624944
28085580,-2.881197,0.711536,0.786600103691101,198.87180783606533,190.68250218292036
28075755,-3.393603,0.874082,1.927640103691101,113.36311281475976,148.86112809246288
28085583,-2.942347,0.632494,0.8294631036911011,194.25524713779447,191.7853359498703
28085583,-2.942347,0.632494,0.8294631036911011,194.25524713779447,191.7853359498703
28085584,-3.166538,0.250907,1.435193103691101,150.12337857866495,197.4526246838124
28085584,-3.166538,0.250907,1.435193103691101,150.12337857866495,197.4526246838124
28079211,-2.765017,-0.992347,2.058906103691101,109.42867207745036,261.5308289137506
28085586,-2.801415,0.698528,0.7137181036911011,204.3403089978779,195.3135827301004
28085587,-1.236095,2.131668,1.461868103691101,189.7939306596544,166.59604029481991
28085588,-3.312595,0.073948,1.1145561036911011,168.5554175438715,200.6579515599559
28085589,-2.874094,0.363022,1.725936103691101,129.03316276040212,203.98866231679216
28085589,-2.874094,0.363022,1.725936103691101,129.03316276040212,203.98866231679216
28085590,-3.017178,0.296823,1.407638103691101,152.41530930324285,201.8990433912419
28085590,-3.017178,0.296823,1.407638103691101,152.41530930324285,201.8990433912419
28085593,-2.868503,0.352329,1.595259103691101,139.13127105625068,205.3512779245212
28085593,-2.868503,0.352329,1.595259103691101,139.13127105625068,205.3512779245212
28085594,-2.962026,0.434113,0.5322091036911011,208.80546691060616,201.6531938979558
28085594,-2.962026,0.434113,0.5322091036911011,208.80546691060616,201.6531938979558
28085595,-2.5673,0.779036,0.9780151036911011,190.32057191491705,200.96412357854032
28085595,-2.5673,0.779036,0.9780151036911011,190.32057191491705,200.96412357854032
28085598,-2.785947,0.525852,0.5327801036911011,212.64529931915388,205.0930229558176
28085598,-2.785947,0.525852,0.5327801036911011,212.64529931915388,205.0930229558176
28085599,-2.78743,0.462235,0.972955103691101,184.2123152942204,206.31887238115337
28085600,-3.034445,0.132219,1.194695103691101,165.37549172817606,209.2514303294265
28085600,-3.034445,0.132219,1.194695103691101,165.37549172817606,209.2514303294265
28085601,-2.723602,0.548324,0.6619271036911011,206.05778215102,206.3963975180121
28085602,-2.621681,0.634744,0.7507371036911011,203.1854478019952,206.7584439878778
28085604,-3.020563,0.171095,0.7979321036911011,189.4904936842921,209.39805314059367
28085604,-3.020563,0.171095,0.7979321036911011,189.4904936842921,209.39805314059367
28085605,-4.252786,-1.305226,1.1009551036911012,159.49793978195012,214.85002669586936
28085609,-3.489014,-0.69731,1.771283103691101,128.79685047257328,220.83049054106883
28085610,-2.066489,1.121089,1.2370241036911012,179.18242489833145,208.6682543365411
28085612,-22.246563,-22.242201,-3.3594218963088993,170.30522080687064,222.54426848730847
28085613,-1.482402,1.787784,1.144379103691101,225.15006589366973,200.27936928934847
28085614,-2.543705,0.595191,0.10666010369110102,242.58406341247385,214.3180531343865
28085614,-2.543705,0.595191,0.10666010369110102,242.58406341247385,214.3180531343865
28085615,-1.450652,1.815606,1.2191511036911011,215.9468570812078,199.5716722706811
28065434,-4.266335,1.530188,1.7720791036911012,128.24916334713168,76.15528276405902
28085616,-1.703563,1.53098,1.038337103691101,219.23125256968535,206.052739750606
28085617,-1.208346,2.071826,1.466207103691101,186.04573458128615,187.0315218739848
28085618,-2.927778,0.062689,0.689813103691101,195.0741420796953,217.785145958522
28085618,-2.927778,0.062689,0.689813103691101,195.0741420796953,217.785145958522
28085620,-1.574834,1.629376,1.332227103691101,186.04034342555136,206.61499518726103
28085621,-2.705944,0.293885,0.654756103691101,202.5976823128117,218.4141436171984
28085621,-2.705944,0.293885,0.654756103691101,202.5976823128117,218.4141436171984
28085622,-1.636893,1.556005,1.0164491036911012,225.1231893534448,210.1204008337517
28085623,-1.324646,1.916267,1.257075103691101,221.03072971453116,201.5478155128604
28085624,-6.200969,-4.322062,0.7731761036911011,158.68076562842032,229.6584267381328
28085625,-1.255375,1.994814,1.2547731036911012,231.6055126033071,199.2718852551571
28085626,-6.493911,-4.672519,0.3083871036911011,168.14779675409895,229.5568974654838
28085626,-6.493911,-4.672519,0.3083871036911011,168.14779675409895,229.5568974654838
28085627,-2.746693,0.127536,0.830573103691101,189.4482183384029,223.00105731511488
28085628,-2.593616,0.33673,0.6497401036911011,204.93088707765557,221.91989753386383
28085628,-2.593616,0.33673,0.6497401036911011,204.93088707765557,221.91989753386383
28075813,-2.924376,0.035898,2.0188871036911014,107.54554303256243,216.3178939813448
28085635,-2.962811,-0.349358,0.6557151036911011,191.7822483461351,230.84217110247047
28085635,-2.962811,-0.349358,0.6557151036911011,191.7822483461351,230.84217110247047
28085640,-3.065084,-1.825717,2.1519251036911013,109.33096883740828,269.3703911602705
28085640,-3.065084,-1.825717,2.1519251036911013,109.33096883740828,269.3703911602705
28069522,-7.284566,-0.044542,-0.012133896308898828,193.36873199396592,123.58901995392976
28085648,-2.082204,-0.295041,1.7267831036911012,127.31995895287488,277.3124393414696
28085648,-2.082204,-0.295041,1.7267831036911012,127.31995895287488,277.3124393414696
28085652,-3.602868,-3.375199,0.3819321036911011,177.71074154545704,273.1881774025718
28065477,-3.019588,1.474411,-0.002122896308898836,262.85874695455954,148.2849140414433
28075865,-4.002018,-3.793243,1.158585103691101,151.33775760336624,270.2378870024191
28083086,-6.198674,1.734082,0.511197103691101,195.3000382603366,58.92904981880864
28083088,-5.321878,1.803332,0.8384291036911011,186.7794783804364,59.002957036426494
28083102,-7.992892,1.083152,0.32697110369110105,186.79050047545036,73.57104878256817
28083106,-4.718668,1.647547,0.9487441036911011,183.50236705431888,76.514881373717
28083119,-4.562072,1.317557,1.659670103691101,137.14883854447066,88.69825006319758
28083145,-5.601114,0.765218,0.643471103691101,184.942095518911,113.995222329692
28083162,-5.657249,0.557258,-0.04504189630889899,209.50233375442733,128.23522563417518
28049204,-2.952513,1.219672,-0.02844789630889899,258.1178468140708,166.52019422723114
28073347,-2.535802,0.674065,-0.005906896308898846,250.96504703648364,211.5260576102451
28053047,-5.027575,-0.135409,0.12648810369110097,201.159895949586,164.12111734919498
28083188,-6.982101,-2.561923,-0.20714389630889896,186.16047759486975,188.8024316693357
28083192,-3.124274,0.539041,0.9976721036911012,180.77374742139824,187.8047755145818
28076051,-0.525347,-3.415005,1.053725103691101,161.76632887966008,405.90460280369496
28073387,-2.608129,0.520861,-0.005781896308898915,245.52902431157963,214.8194992058123
28073387,-2.608129,0.520861,-0.005781896308898915,245.52902431157963,214.8194992058123
28083207,-3.827434,-0.29467,0.6179971036911011,187.91320484247743,198.41902758255557
28053086,-2.549996,0.670122,-0.01301489630889896,250.93694958436805,211.07055672813357
28053086,-2.549996,0.670122,-0.01301489630889896,250.93694958436805,211.07055672813357
28083213,-4.120759,-0.57092,-0.16380089630889882,214.4625912284783,200.89040125168225
28034060,-2.949415,1.36343,0.014736103691101121,260.1554103754211,157.6933202265732
28053106,-2.511795,0.638612,0.0009841036911011347,250.15850915910508,214.1739439620061
28053106,-2.511795,0.638612,0.0009841036911011347,250.15850915910508,214.1739439620061
28053109,-2.658296,0.55427,-0.027794896308898975,246.51135352420016,211.2743445888364
28083228,-2.952574,0.387065,0.1302491036911011,229.5798372658955,205.46797396591307
28083231,-2.845286,0.46889,0.35832610369110107,220.70726620454752,205.67214734147592
28083251,-3.112867,-0.056019,0.3784741036911011,207.8336025720184,215.32564865908887
28083251,-3.112867,-0.056019,0.3784741036911011,207.8336025720184,215.32564865908887
28073454,-2.408754,0.433905,0.013662103691101102,246.315216803658,227.5151231803277
28073454,-2.408754,0.433905,0.013662103691101102,246.315216803658,227.5151231803277
28053126,-2.495862,0.57844,-0.0043368963088989965,249.19480567962324,217.51063887976724
28083266,-5.061528,-2.628232,0.37140110369110113,176.81229197068123,224.59972626345032
28079716,-3.08064,0.135887,2.031354103691101,107.10540626596664,204.05796727980305
28083330,-4.623249,-0.113336,0.4142831036911011,193.0321371784254,171.12564293737438
28083330,-4.623249,-0.113336,0.4142831036911011,193.0321371784254,171.12564293737438
28083333,-4.97483,-0.422575,0.2246091036911011,195.41390522836295,173.96698322994064
28065723,-4.332332,1.672194,1.784478103691101,127.25979773261014,62.34298278288799
28083336,-5.575997,-1.090708,-0.005310896308899027,194.6501794182963,180.96135229643127
28083343,-3.094921,0.543109,0.955511103691101,183.7104914670329,189.0592312218616
28069769,-3.109787,0.636705,2.003216103691101,106.1593331410106,175.46663300091555
28083345,-3.111327,0.316743,1.7036181036911011,131.42804339202115,195.3309511272072
28083350,-3.22813,0.167015,1.0484531036911011,173.5248239207425,200.33017683696625
28079769,-5.675111,-3.338598,0.39002010369110107,171.85842260794743,224.3854057791691
28083365,-3.814646,-0.760688,1.067398103691101,164.29455324426493,212.64762891381403
28079791,-3.484145,-1.8101,0.13677910369110102,196.2957738623057,249.37226316596852
28083382,-5.583255,-3.216013,1.8239001036911011,131.11040409546916,223.4066614703645
28083382,-5.583255,-3.216013,1.8239001036911011,131.11040409546916,223.4066614703645
28083385,-2.681471,0.449667,-0.06898889630889893,245.65814674175,214.66440133029647
28083385,-2.681471,0.449667,-0.06898889630889893,245.65814674175,214.66440133029647
28083387,-3.423994,-0.860774,1.5858891036911011,138.85648195423454,228.67471129042565
28083388,-5.556593,-3.494296,1.259600103691101,147.86940420679193,229.07200225371236
28083391,-4.126854,-1.865124,2.196351103691101,111.9061221069939,232.06809131723108
28083395,-3.810779,-2.076114,1.669425103691101,134.7098976102607,246.66614223250855
28083398,-4.48028,-3.832163,2.4681231036911013,108.1829781950508,260.8315604179579
28079833,-3.010422,0.225332,2.020785103691101,106.8053704119298,203.0257126115345
28079833,-3.010422,0.225332,2.020785103691101,106.8053704119298,203.0257126115345
28030583,-6.875261,0.103201,0.745703103691101,171.77961157614095,118.6854521173203
28083454,-0.91971,1.653154,-0.07363089630889896,393.05168394878814,279.46963987175934
28041948,-5.075677,-0.177927,0.10414910369110109,201.2464579942045,164.59624441250526
28065848,-2.988879,1.483804,-0.06495689630889889,267.60519009792574,149.59740788197283
28063499,-3.103805,-4.207011,3.091098103691101,78.64563604158732,311.4568552601004
28069890,-2.547914,0.693081,-0.00643489630889893,251.24359323793175,210.1258035369553
28065889,-2.832226,1.364965,0.0026401036911010145,263.9911675932184,162.3174571308644
28065889,-2.832226,1.364965,0.0026401036911010145,263.9911675932184,162.3174571308644
28080004,0.937063,-14.635982,-0.5640418963088989,172.39632416416234,426.46935039480354
28069902,-2.613018,0.588905,0.011560103691101054,246.19900960622505,211.689986955358
28069902,-2.613018,0.588905,0.011560103691101054,246.19900960622505,211.689986955358
28069906,-2.523888,0.652569,-0.0005928963088990269,250.3568198983729,213.0078690682273
28069906,-2.523888,0.652569,-0.0005928963088990269,250.3568198983729,213.0078690682273
28069927,-2.502626,0.609648,0.0027591036911009947,249.48903009288043,215.8493344607643
28069927,-2.502626,0.609648,0.0027591036911009947,249.48903009288043,215.8493344607643
28063605,-1.155331,-2.417979,0.005157103691101117,213.325989702282,351.36118904507987
28073735,-1.917275,-2.282308,0.7671061036911011,176.3099843696927,319.88642228465653
28076723,-3.129213,0.374648,2.022830103691101,106.56096482287973,189.63205755158097
28069964,-2.466605,0.548671,0.004324103691101033,248.5654985225497,220.11549992009208
28069964,-2.466605,0.548671,0.004324103691101033,248.5654985225497,220.11549992009208
28076770,-2.782612,-0.440791,2.023766103691101,109.03541882180976,242.83462495540616
28076770,-2.782612,-0.440791,2.023766103691101,109.03541882180976,242.83462495540616
28043026,-5.090395,-0.200028,0.0970531036911011,201.1990116839152,165.03481822986527
28076777,-3.931402,-2.729953,0.10451310369110112,188.48588761049425,253.59985876713864
28076777,-3.931402,-2.729953,0.10451310369110112,188.48588761049425,253.59985876713864
28069989,-2.44911,0.501356,0.003782103691100991,247.73528714155816,222.89457326510544
28069989,-2.44911,0.501356,0.003782103691100991,247.73528714155816,222.89457326510544
28080319,-3.609658,1.304085,1.960023103691101,109.45240178635892,107.82141420246175
28076849,-2.210831,-1.608315,1.9708571036911011,114.68685916131128,304.36784485137537
28080358,-3.160111,0.537883,1.955628103691101,111.281067343569,179.55054573804637
28070025,-2.440602,0.41299,-0.019754896308898928,246.92375597671904,226.8486796558107
28070025,-2.440602,0.41299,-0.019754896308898928,246.92375597671904,226.8486796558107
28083822,-6.801646,1.151566,0.34574210369110103,192.7616042417595,83.05343328681937
28083832,-5.029847,1.430629,0.5480441036911011,199.8826879261007,91.78224884754243
28083833,-6.870555,0.307006,3.0543311036911014,74.78752366565698,86.46753547807268
28063836,-0.611968,-5.148458,3.7933911036911008,26.16830766630204,445.88895158702974
28083849,-5.234177,0.605321,1.5984341036911012,140.5526154473265,117.55386029704344
28083850,-9.655011,-1.17366,1.020372103691101,155.15309915243745,120.01337134884936
28076954,-0.726143,-3.791744,0.012863103691101108,201.5964336167542,380.5564033347152
28076975,-0.599382,-3.245089,1.155704103691101,157.3406881280085,403.1105644192136
28083889,-4.266857,0.282479,0.18887810369110114,209.3448941584626,167.00951488927407
28083891,-5.277131,-0.555323,0.1578661036911011,194.90094395816047,171.7294845715838
28083891,-5.277131,-0.555323,0.1578661036911011,194.90094395816047,171.7294845715838
28083897,-4.762956,-0.431447,0.26571410369110104,195.15022538690795,178.94050594924187
28083899,-5.537264,-1.069182,0.24378710369110101,187.15612803809464,180.2863044948828
28083899,-5.537264,-1.069182,0.24378710369110101,187.15612803809464,180.2863044948828
28066207,-2.521685,0.602276,-0.011069896308898874,249.63690749674865,215.3147498039609
28066207,-2.521685,0.602276,-0.011069896308898874,249.63690749674865,215.3147498039609
28083905,-4.101549,-0.102786,0.5003061036911011,193.05698121017176,184.0889528235058
28083905,-4.101549,-0.102786,0.5003061036911011,193.05698121017176,184.0889528235058
28083907,-6.536124,-2.293088,0.6507451036911011,166.48034256620477,188.80052330051333
28083911,-3.136775,0.405663,1.572879103691101,141.0286120415581,190.4749070097543
28083912,-2.871608,0.688169,1.293167103691101,163.38983351550272,189.13367026616905
28083916,-2.872603,0.463997,1.948210103691101,110.21847820355092,197.54925322556545
28083930,-3.213521,0.072126,1.206601103691101,163.54350924363823,204.2875211594568
28083930,-3.213521,0.072126,1.206601103691101,163.54350924363823,204.2875211594568
28080558,-3.030692,-2.264573,1.109527103691101,158.1732609670308,275.7033063904492
28083934,-2.89164,0.278776,1.478923103691101,147.52985712409048,208.2337642488301
28083934,-2.89164,0.278776,1.478923103691101,147.52985712409048,208.2337642488301
28083944,-5.493938,-3.132856,2.3032001036911014,115.2151995581722,223.52971341562684
28083946,-2.584185,0.562189,0.01463810369110119,245.94605994951868,214.11118307262177
28083946,-2.584185,0.562189,0.01463810369110119,245.94605994951868,214.11118307262177
28083957,-2.953745,0.073203,0.4139891036911011,209.66542505710083,216.8254183074884
28083971,-2.787046,-0.301489,2.0181881036911014,108.67661029877236,237.41136598431424
28085663,-3.053855,0.614108,1.0284931036911011,180.12943881083325,186.75769694380463
28085667,-4.947834,-0.934766,-0.012286896308898898,199.57541245470748,190.1579697145545
28085668,-2.92143,0.646835,0.904544103691101,189.81773123894305,191.53226564963512
28085670,-2.942373,0.565845,1.417197103691101,153.1135745634058,191.73694373895933
28085671,-3.1729,0.444206,0.587607103691101,203.39106582828225,192.57023865011385
28085672,-2.847717,0.558286,1.3549251036911012,157.97468848970445,196.94302062293093
28085676,-2.944267,0.377453,1.424320103691101,151.73143662480427,201.26186117583487
28085685,-3.006682,0.15983,1.672887103691101,133.491049185429,207.7182984710712
28085686,-2.916802,0.436543,-0.060872896308898916,240.70058724553195,205.51507450771552
28085687,-3.935998,-0.809566,0.8943251036911011,171.3724481222626,210.65805014503223
28085688,-5.679358,-2.780315,1.0013621036911011,156.54906531288293,213.9192141618496
28085689,-0.966373,2.19775,1.407710103691101,238.7875270016716,216.0072958664232
28085690,-3.012445,-0.015301,0.797631103691101,187.48968883320535,217.0174551528588
28085691,-3.153762,-0.151332,0.5930561036911011,195.58022604868097,216.7195000569565
28085693,-4.668217,-1.8779,0.524347103691101,176.91841747767884,218.42051882944452
28085694,-1.016129,2.115268,1.500003103691101,186.35300050720912,222.61957723576236
28085695,-3.97963,-1.069904,0.08297910369110117,201.4391880969712,217.81590022359973
28085697,-2.683509,0.436689,0.11196110369110102,235.97319341081052,214.68813063189532
28085699,-4.004597,-1.151339,0.2768351036911011,193.4366205402792,218.95831587628905
28085702,-3.111772,-0.234833,0.8094171036911011,183.9116453756972,220.92602836598604
28085708,-3.02886,-0.247152,2.043672103691101,108.15789016245202,223.37337718325787
28085710,-1.387713,1.647882,1.042141103691101,236.51057195799388,228.1342030476854
28085712,-4.685725,-4.340483,1.6823761036911011,134.77549318473575,261.7597615455898
28085713,-4.688581,-4.54785,1.9755911036911011,126.02946587842216,265.0626051511473
28085781,1.036647,-14.847377,0.2789511036911011,157.66606917177785,434.4072810081029
28085974,-176.99762,-39.734676,37.6888631036911,78.65594888380477,53.76305486863481
28085976,-4.921989,1.737442,1.547739103691101,145.54004548897683,53.52126055306164
28085978,-4.424167,1.865197,1.232632103691101,169.39820419024295,58.37308637959788
28085992,-4.937711,1.337059,0.941943103691101,179.42198306708093,92.70474562687204
28086000,-3.689881,1.185633,2.049543103691101,102.95349063226742,113.26090667752788
28086023,-2.909107,0.742831,1.330370103691101,160.81338000090832,184.0140044619098
28086024,-2.861112,0.782358,1.271091103691101,165.87403417807906,184.40375024358025
28086026,-3.46156,0.335886,0.6101851036911011,197.78040465332384,186.60875114613188
28086027,-2.97746,0.69846,0.9746471036911011,185.31911671040297,185.97275115785845
28086028,-2.978816,0.712314,0.870166103691101,192.3810579733008,185.88876097486025
28086029,-2.980491,0.624081,1.2068971036911011,168.58168318336524,188.24143658374527
28086030,-5.279283,-1.280882,-0.07530489630889892,197.02374191555,191.9369735334339
28086031,-2.760756,0.79975,1.1913231036911012,172.75886831205017,188.7706836662579
28086033,-3.14586,0.498073,0.6898191036911011,198.6730037872112,190.6567576333736
28086034,-3.042542,0.567008,0.6084051036911011,205.5805761976185,192.0037544941503
28086036,-2.900223,0.620111,1.1052391036911011,176.15338417728253,192.672625831284
28086037,-2.980819,0.58469,0.6639861036911011,203.32106871232548,193.40254605028133
28086039,-3.151113,0.257824,1.3457701036911012,156.07548173637252,198.19666881075992
28086040,-2.982936,0.534044,0.624039103691101,204.8653610952828,195.89407284587836
28086041,-3.143323,0.202143,1.2858991036911012,159.65988879419882,201.28995892825824
28086042,-3.131519,0.23082,1.094689103691101,171.81381547113395,201.29324156949835
28086043,-1.832888,1.517541,1.2751731036911012,186.11042563925284,193.63736694273803
28086045,-4.505192,-1.534715,1.471614103691101,143.62354610010232,213.26736202226155
28086046,-2.525079,0.76982,0.8112441036911011,202.76420526433796,204.44816012691317
28086047,-4.306449,-1.370044,1.5748441036911012,139.43198222490133,214.33025999483172
28086048,-3.233767,-0.356017,2.077098103691101,107.79769038680196,218.39436874870836
28086049,-3.274175,-0.186451,1.029407103691101,171.64373658240467,212.48388843215
28086050,-2.899383,0.259057,0.912129103691101,184.77408090938783,210.56809407283163
28086051,-2.538136,0.671566,0.24751910369110108,236.58329274494255,210.77107034239137
28086054,-3.423435,-0.3886,0.737649103691101,184.08429106237443,214.6177938418283
28086057,-2.544623,0.5112,0.5771931036911011,213.1337718552614,216.8657409307758
28086058,-2.698198,0.271291,0.864236103691101,189.62256583538567,219.33377301272765
28086059,-2.443483,0.594523,0.40886710369110113,226.89831582174088,218.49511717994204
28086064,-2.43605,0.554026,0.5822211036911011,215.3073565004056,220.3792792904777
28086066,-5.271029,-3.144751,0.768567103691101,162.96423433375253,229.20475125681247
28086069,-6.944181,-5.681828,1.6352581036911011,136.94679243740455,235.1959516139904
28086070,-3.118607,-0.371287,0.5626911036911011,194.9026879133991,225.46914277239688
28086071,-1.325549,1.883959,1.1822811036911012,232.84584714894095,207.22678716789616
28086074,-1.358599,1.820149,1.129450103691101,235.6256565046658,211.8399535098416
28086079,-5.539134,-4.707902,1.673114103691101,135.53664050267398,248.0213747741325
28086080,-6.631605,-7.088357,3.3927881036911014,97.3482974164924,257.82195519094546
28086083,-4.015042,-2.335034,0.3687781036911011,182.06681770828575,244.6015519204994
28086084,-3.160397,-1.129261,0.697905103691101,181.4201480548947,245.52407870522003
28086088,-1.507952,1.320836,1.324017103691101,180.39841828683356,243.5972855190352
28086089,-4.709411,-4.814319,1.965187103691101,126.56566475191,268.0606955097488
28086092,-3.198138,-2.243847,1.998019103691101,118.90535359845018,272.31031831556584
28086093,-4.499875,-4.748577,1.9459361036911011,126.80701075042704,272.2162331008315
28083981,-2.432334,0.166594,0.0015561036911011517,240.158561438506,236.3740329134218
28083981,-2.432334,0.166594,0.0015561036911011517,240.158561438506,236.3740329134218
28059072,-6.154884,1.751719,-0.038602896308898904,218.75534460331136,67.29349339886309
28083990,-2.740396,-0.716284,2.042786103691101,108.93199510223046,254.3685299078534
28059078,-3.22982,1.928589,-0.005087896308898943,272.93476937147085,108.67503936655504
28026222,-3.506847,2.598581,0.007427103691101111,291.0112380997826,38.33895659907435
28053540,-3.934015,-2.249418,0.16499510369110104,189.6261204406035,245.00931315980395
28053543,-3.801435,-2.041181,0.3689911036911011,184.7589701773724,244.85963367829277
28053543,-3.801435,-2.041181,0.3689911036911011,184.7589701773724,244.85963367829277
28037854,-3.038837,1.594278,0.022102103691101105,264.91125350291736,139.2764621128166
28084009,-4.017884,-3.572948,1.4951621036911011,140.67825126995865,267.3656510787512
28084009,-4.017884,-3.572948,1.4951621036911011,140.67825126995865,267.3656510787512
28084010,-3.854407,-3.037965,0.43881010369110107,176.72656169864405,261.28236777258303
28084010,-3.854407,-3.037965,0.43881010369110107,176.72656169864405,261.28236777258303
28053549,-5.253439,-3.767551,0.07581410369110109,179.36754586482152,239.4573183001324
28053549,-5.253439,-3.767551,0.07581410369110109,179.36754586482152,239.4573183001324
28053550,-2.104242,-0.563953,0.013174103691101058,230.03660794752776,273.92917185574174
28030070,-3.269373,2.0595,0.007004103691101049,276.0020023898868,96.45022803812172
28026242,-3.491602,2.505839,-0.0067958963088989854,288.14790940594554,49.18604352122654
28053564,-4.741243,-3.315042,0.22382810369110118,178.92863286745472,243.5113240604585
28053564,-4.741243,-3.315042,0.22382810369110118,178.92863286745472,243.5113240604585
28053565,-4.029795,-2.645966,0.006991103691101008,191.5362355976677,249.4580396003484
28070131,-2.340729,0.182585,-0.013155896308898907,242.95293335885307,240.13843696278803
28070131,-2.340729,0.182585,-0.013155896308898907,242.95293335885307,240.13843696278803
28029367,-3.541219,2.900571,-0.020465896308898834,307.3013678041752,2.096468452766004
28053570,-3.636536,-2.032075,0.4157461036911011,183.93338033277885,249.58125942226303
28084029,-3.628346,0.163107,1.573146103691101,140.83041539316116,182.7859203803177
28053573,-2.713184,-0.409077,1.9631751036911012,112.80531839455656,245.1706787240189
28053573,-2.713184,-0.409077,1.9631751036911012,112.80531839455656,245.1706787240189
28053582,-6.74408,-4.815717,4.830716103691101,45.51077356280632,226.07591082126697
28053582,-6.74408,-4.815717,4.830716103691101,45.51077356280632,226.07591082126697
28053586,-4.015821,-2.687002,0.24699610369110103,183.9668569557594,250.81688992300096
28084040,-2.97558,0.534594,1.941959103691101,111.10197902049366,188.43236536004784
28084040,-2.97558,0.534594,1.941959103691101,111.10197902049366,188.43236536004784
28053597,-4.502595,-3.408523,0.264605103691101,178.11831059898228,250.4821414573281
28053597,-4.502595,-3.408523,0.264605103691101,178.11831059898228,250.4821414573281
28053598,-3.603826,-2.274693,0.39114710369110106,183.41240327776595,255.18874633148303
28053598,-3.603826,-2.274693,0.39114710369110106,183.41240327776595,255.18874633148303
28070149,-4.170635,-1.982682,0.05499810369110114,193.8215779664309,233.40701645107504
28070149,-4.170635,-1.982682,0.05499810369110114,193.8215779664309,233.40701645107504
28053604,-2.650935,-0.51402,1.965763103691101,112.75077153911684,252.11809845054577
28053604,-2.650935,-0.51402,1.965763103691101,112.75077153911684,252.11809845054577
28045561,-7.61727,1.518943,1.0435731036911011,164.9980718677158,48.6252834555535
28053606,-2.679834,-0.559135,2.021172103691101,109.19991961004762,252.27336037750595
28053606,-2.679834,-0.559135,2.021172103691101,109.19991961004762,252.27336037750595
28049453,-2.679486,0.571875,-0.037959896308898955,247.0543013097275,209.64270892187832
28049453,-2.679486,0.571875,-0.037959896308898955,247.0543013097275,209.64270892187832
28056003,-6.817314,1.347815,0.7549291036911011,178.3828429635078,68.54094350085404
28049457,-4.768233,-0.248641,-0.12469889630889885,211.0897294645453,174.89135007930773
28049457,-4.768233,-0.248641,-0.12469889630889885,211.0897294645453,174.89135007930773
28070151,-1.037286,1.806334,-0.01351189630889893,395.6382388235596,254.37466512065484
28070151,-1.037286,1.806334,-0.01351189630889893,395.6382388235596,254.37466512065484
28053614,-4.369847,-3.454489,0.29074510369110107,177.58653982052994,254.35808489850768
28059129,-7.908268,1.419759,1.7042951036911012,137.66327011963256,41.17283288810975
28084050,-2.955468,0.426975,1.631872103691101,136.5119300060751,197.2261191707857
28053620,-1.907745,-0.811409,-0.01227889630889889,229.56242972443573,289.3478703133915
28084051,-2.979352,0.408461,1.5651351036911012,141.54428358091695,197.41398926873103
28084051,-2.979352,0.408461,1.5651351036911012,141.54428358091695,197.41398926873103
28070158,-2.333708,0.115044,-0.026680896308898916,242.215862082004,242.7919679076072
28070158,-2.333708,0.115044,-0.026680896308898916,242.215862082004,242.7919679076072
28053631,-1.973554,-0.981166,-0.01868089630889891,226.00521205379184,289.6371586449883
28070164,-2.33836,0.06792,0.03787710369110098,237.7773710814366,244.25063085464163
28070164,-2.33836,0.06792,0.03787710369110098,237.7773710814366,244.25063085464163
28084074,-2.937214,0.380332,0.5039741036911011,209.8261202225505,205.09963154064567
28084074,-2.937214,0.380332,0.5039741036911011,209.8261202225505,205.09963154064567
28084075,-3.259077,-0.149096,1.738238103691101,129.7505664383799,209.8309231498358
28070173,-2.302635,0.073899,-0.01847489630889898,241.42772957257168,245.6846401008196
28070173,-2.302635,0.073899,-0.01847489630889898,241.42772957257168,245.6846401008196
28084081,-2.911563,0.413994,0.0002661036911011383,237.29737401141745,206.42901703565732
28084081,-2.911563,0.413994,0.0002661036911011383,237.29737401141745,206.42901703565732
28066375,-2.40053,0.227857,-0.03968689630889899,244.25377778595316,235.6681682800524
28070177,-3.124819,-0.813448,1.7377961036911012,130.0129125282619,239.16070484221643
28070180,-4.104217,-2.122179,0.04305610369110102,193.56530550374416,237.923485583452
28070183,-5.313186,-3.178925,3.129542103691101,84.840934924631,228.3152705956496
28070183,-5.313186,-3.178925,3.129542103691101,84.840934924631,228.3152705956496
28070184,-2.341644,-0.015707,0.015362103691101137,237.0634149011239,246.81476499891912
28070184,-2.341644,-0.015707,0.015362103691101137,237.0634149011239,246.81476499891912
28084099,-3.618393,-1.050207,0.49536410369110107,188.06454054023945,227.77298670259705
28084099,-3.618393,-1.050207,0.49536410369110107,188.06454054023945,227.77298670259705
28084104,-1.687383,1.685667,-0.01825689630889893,328.4964777536451,201.9271426076738
28084104,-1.687383,1.685667,-0.01825689630889893,328.4964777536451,201.9271426076738
28084105,-4.037099,-2.03107,0.07887710369110112,193.4102980898989,237.9179347430704
28066394,-5.540748,-2.468878,2.959575103691101,88.87973345822675,207.56775143268564
28066394,-5.540748,-2.468878,2.959575103691101,88.87973345822675,207.56775143268564
28084109,-4.81828,-5.066783,1.8426521036911012,130.34525128165973,268.4750858309856
28084109,-4.81828,-5.066783,1.8426521036911012,130.34525128165973,268.4750858309856
28084110,-4.903736,-5.226027,1.708605103691101,134.14026189735984,268.2402796662112
28084112,-4.062501,-3.69882,1.1192121036911011,152.70691206720286,267.1791015303586
28084112,-4.062501,-3.69882,1.1192121036911011,152.70691206720286,267.1791015303586
28029388,-3.579842,2.787045,0.00980710369110116,297.28917207220377,15.122767922990532
28084113,-2.253739,-0.331673,-0.01375589630889884,233.4915210960476,260.4485185894741
28084113,-2.253739,-0.331673,-0.01375589630889884,233.4915210960476,260.4485185894741
28070198,-2.272355,0.011114,-0.020463896308899,240.66204644942587,249.2095449479356
28070198,-2.272355,0.011114,-0.020463896308899,240.66204644942587,249.2095449479356
28066398,-2.359612,0.182113,-0.023130896308898974,243.10253409761972,239.2406385089577
28066398,-2.359612,0.182113,-0.023130896308898974,243.10253409761972,239.2406385089577
28070201,-2.319071,-0.07016,0.015279103691101081,236.29790737876644,249.6301094470747
28070201,-2.319071,-0.07016,0.015279103691101081,236.29790737876644,249.6301094470747
28077356,-3.837889,2.177,1.9471121036911012,105.68283464637888,7.279160778137225
28070206,-4.274154,-2.577256,0.3858511036911011,179.22425709137994,242.287297626396
28070207,-2.263423,-0.039565,-0.02508689630889882,239.9319275390605,251.25249080754872
28070207,-2.263423,-0.039565,-0.02508689630889882,239.9319275390605,251.25249080754872
28059196,-4.853217,1.293265,0.051831103691101,222.99306423572577,109.53895238652206
28070210,-2.295459,-0.103217,0.024732103691101015,235.5266249849601,251.81656431215856
28070210,-2.295459,-0.103217,0.024732103691101015,235.5266249849601,251.81656431215856
28059197,-2.948296,1.64091,0.0004441036911011498,270.4538947911954,139.6086182571524
28084124,-3.470896,-3.395189,1.141330103691101,153.19926836530726,279.5734650944986
28084124,-3.470896,-3.395189,1.141330103691101,153.19926836530726,279.5734650944986
28059200,-3.649681,1.589929,1.955022103691101,108.1399233353765,80.35635014738816
28059201,-7.777149,0.749454,-0.06736689630889892,197.9201616176082,92.12497431518474
28077386,-4.847646,1.596756,0.48166510369110105,207.2088751989314,86.1629689258437
28077391,-7.624651,0.269927,3.768203103691101,46.42903596061322,69.33138200383834
28084127,-3.263237,-3.134859,0.9854491036911011,159.63973212389394,281.6586513961482
28070224,-2.236869,-0.089546,-0.022580896308898923,239.1788466616056,254.1109585789648
28070224,-2.236869,-0.089546,-0.022580896308898923,239.1788466616056,254.1109585789648
28070226,-3.063628,-1.047975,1.742272103691101,129.8041141314209,248.7099190213576
28070226,-3.063628,-1.047975,1.742272103691101,129.8041141314209,248.7099190213576
28070227,-3.698758,-2.032289,0.3938481036911011,184.42016401308317,247.7047547399052
28070227,-3.698758,-2.032289,0.3938481036911011,184.42016401308317,247.7047547399052
28077426,-6.903056,-0.396744,2.013523103691101,124.5322417416816,125.286748131885
28029394,-3.447835,2.69217,-0.020346896308898854,300.0309257702324,29.350849700703748
28077433,-6.751355,-0.334766,0.47875010369110105,178.89511959338913,136.7284434706848
28077440,-1.489655,1.756202,-0.026057896308898876,348.5319369209656,211.9914119858108
28077440,-1.489655,1.756202,-0.026057896308898876,348.5319369209656,211.9914119858108
28070236,-2.225111,-0.161527,-0.03529789630889901,238.469106614034,256.83151564867376
28070236,-2.225111,-0.161527,-0.03529789630889901,238.469106614034,256.83151564867376
28059222,-5.261343,1.008114,-0.15040489630889886,222.56081811839783,117.82343639393692
28070238,-3.668321,-2.140516,0.3832731036911011,184.23797298594516,250.7170786784455
28070238,-3.668321,-2.140516,0.3832731036911011,184.23797298594516,250.7170786784455
28077456,-1.793564,1.396789,-0.032021896308898956,304.7902978504236,214.7367796855858
28049504,-4.877849,-0.473165,0.04320910369110109,202.0993875497988,178.51902796449968
28084154,-2.205976,-2.309351,0.06054310369110105,203.28468181407337,302.7916568072354
28084157,-1.850357,-1.333847,-0.02830089630889887,222.34273533505677,302.289447456837
28030773,-6.968009,-0.008816,4.165011103691101,19.37911203262911,85.59163101448047
28070247,-3.896413,-2.602789,0.04657710369110113,191.2393070828423,252.28298059009143
28070247,-3.896413,-2.602789,0.04657710369110113,191.2393070828423,252.28298059009143
28070248,-2.194417,-0.208906,-0.029939896308898817,237.721105738592,259.7427398554058
28070248,-2.194417,-0.208906,-0.029939896308898817,237.721105738592,259.7427398554058
28077539,-2.881894,-0.111053,1.964982103691101,112.2310981825793,224.9599147781921
28077539,-2.881894,-0.111053,1.964982103691101,112.2310981825793,224.9599147781921
28084174,-1.965,-2.567267,0.9587991036911011,165.97495431975597,322.9406984403166
28045614,-6.89319,0.02905,0.734259103691101,171.7781570301049,121.05610115280302
28070258,-4.82586,-4.04671,0.1438551036911011,177.7225244567839,252.3950329719616
28070258,-4.82586,-4.04671,0.1438551036911011,177.7225244567839,252.3950329719616
28084176,-1.881656,-2.348382,0.11597010369110117,203.24279321173836,317.2085510670431
28077562,-4.214363,-2.150529,0.2187061036911011,187.205725620733,235.6566686114315
28080926,-7.061683,2.122459,0.8792951036911011,177.1314500699791,22.599803967608693
28077569,-4.041402,-2.27733,0.13619010369110107,189.85197726719213,242.61968552418767
28029405,-3.408005,2.62923,-0.012293896308898988,297.9200620887575,37.030643234562206
28077572,-6.634242,-0.323931,0.0801621036911011,191.91066508306315,140.75151964301153
28080936,-5.222654,2.134747,0.6636951036911011,201.1256510916088,40.45242097044596
28037956,-2.956336,1.377416,0.011885103691101184,260.5844100034891,156.5991668910189
28070266,-3.590221,-2.300819,0.3965661036911011,183.12365460546044,256.0879996566974
28070266,-3.590221,-2.300819,0.3965661036911011,183.12365460546044,256.0879996566974
28070267,-2.17043,-0.26756,-0.03195989630889895,236.9965905884229,262.59741075909653
28070267,-2.17043,-0.26756,-0.03195989630889895,236.9965905884229,262.59741075909653
28070270,-2.175344,-0.295691,0.04621110369110104,232.48446914566915,263.43873869535764
28070270,-2.175344,-0.295691,0.04621110369110104,232.48446914566915,263.43873869535764
28077602,-4.985408,-0.232862,0.12554610369110097,200.59149242575643,168.23496575691397
28077607,-3.260781,0.654721,1.9693741036911012,110.164184771221,168.02994782487053
28070276,-2.171504,-0.342585,-0.04977889630889898,236.3129098149325,264.5731053598498
28070276,-2.171504,-0.342585,-0.04977889630889898,236.3129098149325,264.5731053598498
28080975,-3.412827,0.879121,2.0308641036911013,104.55194286623548,146.35451625502122
28059278,-1.047462,1.996696,-0.0002628963088988634,422.2094305235517,236.4918657210244
28077643,-1.545405,1.790422,-0.019385896308898865,346.9056209508183,204.4754120607429
28077643,-1.545405,1.790422,-0.019385896308898865,346.9056209508183,204.4754120607429
28070283,-2.127901,-0.348472,-0.021592896308898935,235.52623415656285,266.98208377300915
28070283,-2.127901,-0.348472,-0.021592896308898935,235.52623415656285,266.98208377300915
28080988,-1.703289,1.750369,-0.02223089630889885,332.7208099239709,195.63542445252784
28080988,-1.703289,1.750369,-0.02223089630889885,332.7208099239709,195.63542445252784
28066482,-5.5729,-3.332699,2.080775103691101,123.02962361913583,225.64426524278863
28066482,-5.5729,-3.332699,2.080775103691101,123.02962361913583,225.64426524278863
28066483,-2.299228,-0.034373,-0.05080289630889889,240.70333629002067,249.30765856297785
28066483,-2.299228,-0.034373,-0.05080289630889889,240.70333629002067,249.30765856297785
28070292,-3.442748,-2.487896,0.06311710369110113,193.80929233601944,263.12865152181337
28070292,-3.442748,-2.487896,0.06311710369110113,193.80929233601944,263.12865152181337
28048794,-0.911924,1.887452,-0.009893896308898809,423.8744841437093,264.68287326396364
28077680,-2.394069,0.132041,0.017365103691101114,239.26210723365443,239.3854963715246
28077680,-2.394069,0.132041,0.017365103691101114,239.26210723365443,239.3854963715246
28077682,-2.772885,-0.237908,2.017788103691101,108.2287049063271,235.6629360409792
28070298,-2.123776,-0.439959,0.03456910369110111,231.04407986820175,269.8798951160911
28070298,-2.123776,-0.439959,0.03456910369110111,231.04407986820175,269.8798951160911
28077684,-5.58326,-3.52717,2.7264151036911013,102.18723931895646,228.75733252689272
28077684,-5.58326,-3.52717,2.7264151036911013,102.18723931895646,228.75733252689272
28070299,-2.092307,-0.392626,-0.013055896308898918,234.7898356254485,269.97646549851214
28070299,-2.092307,-0.392626,-0.013055896308898918,234.7898356254485,269.97646549851214
28084206,-1.44403,-3.615104,0.709770103691101,172.6464971717935,354.1097054334447
28030802,-6.725848,-0.428131,3.143141103691101,75.4213649590566,119.51677475277438
28059308,-5.44759,0.476806,0.012407103691101096,208.2469663092209,134.62777750440438
28066505,-2.267549,-0.075397,-0.03722089630889891,239.68527131968045,252.1472706716354
28066505,-2.267549,-0.075397,-0.03722089630889891,239.68527131968045,252.1472706716354
28059309,-2.818515,1.291824,-0.00895289630889895,262.6279681451114,167.4267597775089
28059309,-2.818515,1.291824,-0.00895289630889895,262.6279681451114,167.4267597775089
28084211,-1.164853,-2.91117,-0.021353896308898834,208.44819059995748,354.46310374279847
28037982,-2.856343,1.284015,-0.03398889630889901,262.82064231643375,166.61342276977203
28037982,-2.856343,1.284015,-0.03398889630889901,262.82064231643375,166.61342276977203
28026323,-3.299214,2.125374,0.0005001036911009837,278.06421504595664,90.06805128628369
28084218,-1.054544,-5.537341,0.5728061036911011,169.78441578049896,377.86997663893663
28070307,-2.086128,-0.461698,-0.02506889630889897,234.0996657471841,272.0412488847639
28077715,-3.843002,-3.538346,0.7990351036911011,163.478740009544,269.99422428816933
28066514,-3.166871,-0.932462,1.610487103691101,137.27921729604654,240.90938159684737
28066514,-3.166871,-0.932462,1.610487103691101,137.27921729604654,240.90938159684737
28077716,-3.711858,-3.443835,0.08242210369110103,185.9257632229961,270.4370527792937
28077716,-3.711858,-3.443835,0.08242210369110103,185.9257632229961,270.4370527792937
28066520,-4.702937,-3.041253,0.26273310369110114,179.1998508569371,239.94547650440387
28070311,-2.101126,-0.508831,0.02938810369110101,230.329932887233,272.7651501639749
28081054,-2.867107,-0.147009,2.016655103691101,108.43662388486526,227.1573381752129
28081054,-2.867107,-0.147009,2.016655103691101,108.43662388486526,227.1573381752129
28084236,0.603723,-15.552367,1.2639371036911011,139.52076016365754,430.10754778935257
28066527,-4.133861,-2.442635,0.009002103691100993,192.2987768962892,243.1736446130276
28066527,-4.133861,-2.442635,0.009002103691100993,192.2987768962892,243.1736446130276
28029430,-3.356714,2.496764,-0.015561896308898815,293.5707584034066,52.88494881455395
28077746,-3.223191,-3.275782,0.33724110369110105,180.97746922968764,282.6497535521416
28066532,-2.243889,-0.193727,-0.058150896308899025,238.5960912678593,256.8128550700481
28066532,-2.243889,-0.193727,-0.058150896308899025,238.5960912678593,256.8128550700481
28084242,0.44237,-8.878235,1.5879211036911012,133.66768040105745,444.711546613397
28059337,-5.322087,0.355587,0.026573103691100997,207.46186460657327,141.47406314868832
28077758,-3.472255,-4.196694,1.892915103691101,126.582277735104,293.10408883370906
28077770,-2.707453,-3.416436,0.013220103691101048,192.7088828586776,299.2575379135933
28066539,-3.088097,-0.964893,1.735535103691101,130.17545354969957,245.273658472558
28066539,-3.088097,-0.964893,1.735535103691101,130.17545354969957,245.273658472558
28059344,-4.89365,0.470786,-0.06100889630889883,215.83167222072876,146.5802782448675
28070327,-2.0494,-0.50711,-0.01656689630889896,233.37159918852308,275.0697317243948
28066548,-4.905427,-3.630771,0.16862810369110104,178.55669469819844,244.7240631297908
28066548,-4.905427,-3.630771,0.16862810369110104,178.55669469819844,244.7240631297908
28038013,-5.74201,1.216321,0.09204410369110105,210.8942119473361,97.51761321170284
28077793,-1.934415,-2.362509,0.8822481036911011,170.58215350202826,321.1043994878145
28081089,-2.97746,-1.253023,1.6308151036911012,135.83789624313545,257.64679043257433
28081089,-2.97746,-1.253023,1.6308151036911012,135.83789624313545,257.64679043257433
28081092,-2.957395,-1.320698,1.640341103691101,135.28626641299283,260.24250208530134
28081092,-2.957395,-1.320698,1.640341103691101,135.28626641299283,260.24250208530134
28048819,-3.414252,2.359225,-0.003798896308898847,284.2209981321268,65.59078395545362
28066556,-3.046012,-1.015478,1.744334103691101,129.6247719262679,248.53868021518275
28066556,-3.046012,-1.015478,1.744334103691101,129.6247719262679,248.53868021518275
28081101,-3.604273,-2.627147,1.1182481036911012,155.7770753973291,263.04891861310284
28066557,-3.672749,-2.101656,0.38622010369110105,184.36250074784,249.8343993428812
28081104,-2.463485,-0.893118,2.021325103691101,109.59817955809902,274.18061235460675
28081104,-2.463485,-0.893118,2.021325103691101,109.59817955809902,274.18061235460675
28070340,-2.020387,-0.538764,-0.004745896308898878,232.63288927925828,277.37759678814143
28066563,-3.882059,-2.496285,0.14252210369110108,188.9871372645772,250.9311816712215
28066563,-3.882059,-2.496285,0.14252210369110108,188.9871372645772,250.9311816712215
28081117,-5.127578,-0.255417,0.08599410369110116,200.84125055414745,166.07171479771722
28070346,-2.054353,-0.653616,0.017404103691101014,228.9150042241264,278.5956453253843
28081123,-3.389334,0.481549,1.9842581036911011,110.90720365709043,172.79022910819552
28059370,-2.760172,1.140673,-0.01143089630889893,259.4904443777319,178.5273124846872
28059370,-2.760172,1.140673,-0.01143089630889893,259.4904443777319,178.5273124846872
28059372,-5.28377,0.203197,0.2591141036911011,197.5417769468051,146.09854063606969
28077863,-0.332104,-2.338394,0.4320151036911011,202.983329967608,407.6880742059439
28066586,-3.552814,-2.197815,0.40383710369110104,183.6791442223716,255.3007110951008
28066586,-3.552814,-2.197815,0.40383710369110104,183.6791442223716,255.3007110951008
28070362,-4.02843,-4.097795,1.282802103691101,146.9630245643936,274.057433024976
28070362,-4.02843,-4.097795,1.282802103691101,146.9630245643936,274.057433024976
28070363,-3.49402,-3.147784,1.229268103691101,150.615655238962,275.4282420331988
28070363,-3.49402,-3.147784,1.229268103691101,150.615655238962,275.4282420331988
28070365,-1.993298,-0.636011,-0.021213896308899027,231.9761617095554,281.0054084380682
28068638,-3.467781,2.721436,0.0659731036911011,294.90345272172124,22.089665679310684
28066591,-2.154541,-0.41248,-0.058082896308898846,235.58373387652952,267.254115616578
28066591,-2.154541,-0.41248,-0.058082896308898846,235.58373387652952,267.254115616578
28049580,-6.41555,-1.134571,4.146354103691101,30.203399983728477,143.61959376934516
28049580,-6.41555,-1.134571,4.146354103691101,30.203399983728477,143.61959376934516
28056374,-8.131138,-1.773705,-0.359406896308899,189.4939404261745,157.49935029891122
28081175,-2.9542,0.017937,1.9643541036911012,112.07256266866476,215.79584117060435
28081175,-2.9542,0.017937,1.9643541036911012,112.07256266866476,215.79584117060435
28066600,-4.448586,-3.64892,0.26658610369110103,177.18349134004214,255.3479713120675
28059423,-1.024706,1.801075,-0.022256896308898932,397.0596348270411,256.2932650399548
28066609,-3.778135,-2.882449,0.03757910369110107,190.28088916064192,260.1079894404657
28066609,-3.778135,-2.882449,0.03757910369110107,190.28088916064192,260.1079894404657
28081204,-3.451679,-1.059064,0.5371311036911011,187.2491215736852,233.43652958635215
28081214,-3.910457,-3.269539,0.04629310369110118,187.14594324948516,262.6171008619058
28081214,-3.910457,-3.269539,0.04629310369110118,187.14594324948516,262.6171008619058
28056408,-8.360775,-2.14439,-0.44851889630889885,189.0457597033137,162.31668710742787
28070388,-2.00775,-0.780442,0.013622103691101062,227.48707193848003,283.81950039278973
28059432,-5.150946,-0.047614,0.02350310369110109,204.84389117444712,159.16085671267672
28081216,-3.988067,-3.614388,0.614502103691101,168.5549616837617,266.8101463772438
28081216,-3.988067,-3.614388,0.614502103691101,168.5549616837617,266.8101463772438
28081223,-3.236659,-2.86294,1.073493103691101,157.317249424905,278.639609090434
28081224,-3.380682,-3.273081,0.6669691036911011,169.76232187133206,278.9773738814258
28081225,-3.252648,-2.984657,0.06263310369110098,191.34529005746865,276.68511677888034
28070394,-2.408317,-1.211677,1.961121103691101,114.75141726857828,285.0760670378411
28081233,-3.303368,-3.61207,0.26028910369110103,181.2960692657722,284.557872119764
28070395,-2.750864,-1.927427,1.642287103691101,134.83439905304513,282.56023392920264
28081236,-3.85309,-4.986584,2.605778103691101,104.68790769145964,294.15452379384186
28045679,-4.947998,-0.622622,0.0826481036911011,198.9445789102436,181.1723160388664
28045679,-4.947998,-0.622622,0.0826481036911011,198.9445789102436,181.1723160388664
28070402,-1.931223,-0.730858,-0.009143896308899002,230.5479192948476,286.3989190733688
28038061,-2.834712,1.120735,0.009447103691101022,255.8949213812133,176.3764800279356
28038061,-2.834712,1.120735,0.009447103691101022,255.8949213812133,176.3764800279356
28074427,-5.032424,2.494484,0.4590341036911011,221.07108023880733,18.37972496664935
28066646,-2.026978,-0.59157,-0.026608896308898844,232.56975444201188,278.22648965301283
28081271,-1.939991,-2.617119,0.6069571036911011,180.7732230493717,321.8187011188631
28020362,-7.712483,1.496324,1.110263103691101,162.05439330690356,47.97867663260232
28074450,-4.979141,2.070449,0.7375751036911011,198.6253484989544,46.3043534933488
28070415,-2.361038,-1.327899,1.9623091036911011,114.889392472865,290.32366474675223
28068705,-3.422817,2.517305,0.038191103691101125,288.416596273074,47.64126829290092
28056466,-6.267821,-0.980434,2.993363103691101,82.97933510889862,149.2392268457031
28070419,-1.953469,-0.902261,0.015010103691101007,226.0542415284308,289.17856068488976
28066667,-1.980143,-0.647172,-0.013085896308898892,231.5744033265649,281.97629566440173
28056475,-6.397047,-1.055578,3.487139103691101,61.82993564623436,145.94357169179318
28034555,-6.685707,-0.437111,3.136418103691101,75.48397583383706,120.60002217005496
28070431,-1.935897,-0.970677,0.010434103691101093,225.34321411461187,291.45011348011855
28070432,-1.892674,-0.887639,-0.029014896308898974,229.19208538037495,291.6236936935212
28059487,-2.622566,0.833439,-0.011718896308898996,253.74222994702532,200.2872615855788
28059487,-2.622566,0.833439,-0.011718896308898996,253.74222994702532,200.2872615855788
28061821,-0.915213,1.923619,-0.001695896308898881,429.006377452394,261.2885315700379
28061821,-0.915213,1.923619,-0.001695896308898881,429.006377452394,261.2885315700379
28056500,-6.240062,-1.147669,3.000379103691101,83.59941832292031,155.32471731689785
28056500,-6.240062,-1.147669,3.000379103691101,83.59941832292031,155.32471731689785
28070446,-1.84928,-0.895103,-0.0026208963088989456,228.4356950529856,294.160858051863
28070451,-1.881132,-0.992353,0.03441010369110109,224.59184053793703,294.78294843902256
28070455,-3.353267,-4.209478,0.244667103691101,178.68025582766046,290.4410623837746
28074489,-6.935013,-0.196443,2.704969103691101,95.35798070549396,111.2815432058215
28061833,-0.915975,1.896222,-0.010080896308898968,424.7961968415982,263.3822285521792
28066693,-1.931485,-0.766865,-0.023700896308898933,230.5698948924279,287.0993534289452
28074493,-7.019789,-0.250025,2.056208103691101,122.92088388668678,117.97507756403712
28066698,-4.031365,-4.164462,1.2813001036911011,146.91891280128692,274.866841512747
28070465,-2.858671,-3.222824,0.08366710369110097,191.02262283908252,292.26493053111864
28074506,-1.301065,1.78746,-0.013826896308898995,366.351070240107,226.6532107484554
28059523,-5.013799,-0.573633,0.001291103691101192,201.7447072477408,178.61686195881992
28061867,-3.400624,2.575621,-0.023293896308898887,296.2032176393661,43.67431444554131
28074514,-3.326281,0.90274,1.9572241036911011,110.12620591785434,149.1291883355963
28070473,-1.839414,-1.026363,-0.03578489630889892,227.81393293893197,297.0678580970137
28066712,-1.936139,-0.874579,-0.049879896308898886,229.77925151471632,289.0421646941217
28068753,-3.302824,2.339972,-0.02061389630889887,288.5402434429022,70.43203525631051
28061876,-3.45928,2.550306,0.021891103691101144,289.6292164914099,43.950613421565066
28061877,-1.040067,1.897402,0.02189910369110115,405.6218109364932,246.68623239951893
28070487,-2.508637,-2.671049,0.05293610369110113,198.1712167797315,296.45297781691283
28059540,-5.204943,-0.75947,0.17179110369110107,193.2861296114568,179.0762327388856
28059540,-5.204943,-0.75947,0.17179110369110107,193.2861296114568,179.0762327388856
28084439,-5.340327,2.522341,0.549300103691101,212.07074999746533,11.473321073131189
28070492,-3.854916,-5.850616,0.15554810369110106,173.3000396149549,294.4821835216232
28084444,-4.536958,2.135845,1.847995103691101,121.57716097901287,11.477977758889722
28059543,-6.503168,-1.059838,3.0425181036911013,82.9582979760003,147.11050170359192
28066735,-1.880252,-0.922863,-0.030008896308898914,228.78854242257748,292.9739263678089
28084452,-6.482043,2.052532,0.1514261036911011,211.68358612734352,44.473048659231125
28070500,-3.241832,-4.104401,2.495838103691101,103.38961307195642,302.09094629209187
28084453,-5.870711,2.047566,0.35896510369110113,208.583616231486,46.47380457128702
28084454,-5.801149,1.79907,1.4698931036911012,149.78503062629835,40.50640153748827
28084455,-5.616843,2.020152,0.36348410369110107,210.655376602102,50.75390392626613
28048890,-8.821651,2.594748,-0.11633589630889896,208.07385581302748,8.045045967088555
28049638,-6.262139,-1.475282,3.034765103691101,84.36768037152822,164.9738594477569
28049638,-6.262139,-1.475282,3.034765103691101,84.36768037152822,164.9738594477569
28070508,-1.761041,-1.200012,-0.030542896308898948,225.68951488539184,304.3128532049908
28084465,-3.888481,1.83627,2.040296103691101,99.688688325526,46.00330116730254
28084467,-5.9362,1.798325,0.30607910369110103,207.16224772234733,61.69061687082274
28048893,-3.309462,2.040557,-0.027011896308898997,276.0485281129222,97.7096917519714
28070513,-3.264646,-4.250514,2.725543103691101,95.01784778329792,304.27439186262666
28056609,-6.151861,-1.879807,3.521649103691101,65.61169161144713,176.86676710062824
28084482,-5.722639,1.281801,0.7569491036911011,183.39345868850057,85.6716116607312
28084483,-3.7178,1.582512,2.033526103691101,101.0627421551268,77.10792155636568
28070523,-3.190064,-4.164479,2.916703103691101,86.34478791209617,306.84512265954453
28070524,-2.159335,-1.776409,1.980006103691101,114.50963846838648,310.35032339617385
28070525,-1.751012,-1.312142,-0.053556896308898816,225.02279972459615,306.601790764197
28084488,-5.036917,1.379122,0.6624331036911011,193.56685119007204,92.84678551271568
28048902,-3.287079,1.998996,-0.021928896308898826,274.846254899109,101.66267154828736
28084501,-4.401036,1.199739,1.0296781036911011,176.60094856214522,110.7041047299189
28084506,-4.287716,0.961965,1.9821551036911012,114.26129762069998,113.65149231684248
28084507,-4.707477,0.972501,0.9767171036911011,175.88419281113204,117.47725323115286
28084513,-8.564083,-0.987116,1.154908103691101,152.89338071274844,126.50728273767206
28081626,-4.891058,2.017335,0.772014103691101,196.80432782847015,50.66857216838923
28084515,-5.358289,0.540129,0.6919651036911011,182.4998527742004,127.7305802131454
28081631,-5.110686,1.978198,0.6394951036911011,201.45356917004705,53.77660726624637
28084518,-4.917883,0.765194,0.049992103691101075,214.88359756754696,133.09943965718568
28081640,-4.958124,1.646515,0.4710641036911011,207.25214178712065,81.38501637764841
28061945,-3.202571,2.216894,0.089440103691101,279.58085667812185,81.8723693553107
28081641,-3.638707,1.550457,2.0252531036911012,101.32881943975768,82.63106455767465
28070539,-2.421515,-2.634414,1.9446081036911012,119.90677009160729,310.9042699760936
28066773,-3.283627,-4.133221,0.27198010369110115,178.46804383455384,291.58348300085663
28084529,-11.903744,-3.253964,-1.319774896308899,191.0287974714666,147.77250538918835
28009393,-5.77228,1.097738,-0.005928896308898812,213.0519546548042,103.62611774617014
28081658,-2.019936,2.157026,-0.010805896308898832,343.5937382534797,136.01885947004536
28081658,-2.019936,2.157026,-0.010805896308898832,343.5937382534797,136.01885947004536
28081659,-6.500141,-0.199567,1.1009981036911012,158.96845288735824,131.98776945369605
28084538,-3.34719,0.796064,2.0237161036911013,105.2397367586973,154.7329343224985
28081662,-6.522549,-0.20604,0.9658371036911011,163.75293997631184,132.84555569333634
28081663,-6.690669,-0.296548,0.747853103691101,170.47472281644968,134.6709441583807
28081664,-6.659446,-0.279663,0.6149441036911011,175.06491255232785,135.53566180083098
28066785,-1.783728,-1.187789,-0.04162989630889902,226.0965329462049,302.86524291333075
28056663,-2.36075,0.059257,0.02364910369110107,237.9271610855468,243.45065862779555
28056663,-2.36075,0.059257,0.02364910369110107,237.9271610855468,243.45065862779555
28066789,-3.251034,-4.01572,1.115991103691101,152.92045399520669,294.4122420674074
28070546,-2.51396,-2.982931,1.8145721036911011,126.8208735679046,310.87386918626294
28084555,-20.142319,-12.612752,-4.880980896308899,193.4859481109719,186.47167375080645
28084556,-4.796838,-0.608456,0.041372103691101,201.49883181737707,184.38089988656589
28084556,-4.796838,-0.608456,0.041372103691101,201.49883181737707,184.38089988656589
28078184,-3.880205,2.142145,1.9527831036911012,105.8679522737894,11.505307608725616
28049662,-2.410794,0.051646,-0.012604896308898939,238.72928677796688,241.3092350058328
28049662,-2.410794,0.051646,-0.012604896308898939,238.72928677796688,241.3092350058328
28038125,-2.732762,0.968511,-0.04507289630889888,256.88516934805614,189.02828600092948
28084557,-4.913617,-0.737847,0.07746510369110116,198.37626941799556,185.25491358808245
28012943,-3.478642,2.768085,-0.023097896308899024,302.9356397119595,19.82774895327429
28078191,-4.969445,2.080027,0.7009791036911011,200.9696761550873,46.56056668315287
28059632,-5.737474,-1.128113,3.3186731036911015,64.32078840593783,163.39995617360788
28059632,-5.737474,-1.128113,3.3186731036911015,64.32078840593783,163.39995617360788
28078195,-5.125108,1.985141,0.4560081036911011,211.1177265907106,57.02457063880388
28070559,-1.690711,-1.430669,-0.04670089630889884,223.5931825686459,311.63776135310366
28027209,-6.262253,-0.833023,4.036798103691101,29.29591342084325,135.97466269114875
28081704,-1.840269,1.518014,-0.007528896308898858,307.94326179206337,203.44878543526625
28081704,-1.840269,1.518014,-0.007528896308898858,307.94326179206337,203.44878543526625
28081709,-1.471989,1.751713,-0.002871896308898947,347.7128097500883,213.7535706803488
28081709,-1.471989,1.751713,-0.002871896308898947,347.7128097500883,213.7535706803488
28074641,-2.812496,-0.168503,1.956429103691101,112.72843348658894,230.8353001263692
28074641,-2.812496,-0.168503,1.956429103691101,112.72843348658894,230.8353001263692
28078211,-4.791838,1.610929,0.6087641036911011,201.38665345297005,84.04763684837405
28078213,-4.744867,1.572545,0.559048103691101,203.97218580400843,88.18659561106173
28056693,-2.268506,0.03652,-0.008235896308898871,240.67844381793813,248.59658002975175
28056693,-2.268506,0.03652,-0.008235896308898871,240.67844381793813,248.59658002975175
28078215,-7.286063,0.374915,3.5474131036911007,52.63849243555976,71.1313391766318
28081718,-2.935955,0.461428,0.01347110369110105,237.229383629946,203.49990190827936
28070579,-2.812621,-4.768474,0.3191431036911011,175.7381937092398,311.9178631865983
28074654,-4.323763,-2.888059,4.602955103691101,1.5752616931101215,251.7664399519476
28074654,-4.323763,-2.888059,4.602955103691101,1.5752616931101215,251.7664399519476
28074659,-6.864338,-0.363666,2.6728491036911013,97.22217235815364,119.11051840340068
28084612,-1.374657,1.525767,-0.03777889630889897,337.82300205439674,238.98714174740104
28084612,-1.374657,1.525767,-0.03777889630889897,337.82300205439674,238.98714174740104
28049678,-2.382759,0.025569,-0.0045608963088989984,238.24643784879763,243.49358894546972
28049678,-2.382759,0.025569,-0.0045608963088989984,238.24643784879763,243.49358894546972
28078233,-4.543581,1.243289,0.6239741036911011,198.24827233989228,110.87464740027976
28070587,-1.629194,-1.560286,-0.042643896308898865,222.1620887205188,316.769745003962
28056718,-2.31517,-0.114471,0.003522103691101064,236.02649732054056,251.17500734434608
28056718,-2.31517,-0.114471,0.003522103691101064,236.02649732054056,251.17500734434608
28056719,-2.227437,-0.048928,-0.013837896308898978,239.7915636613868,253.3333953356453
28056719,-2.227437,-0.048928,-0.013837896308898978,239.7915636613868,253.3333953356453
28027224,-6.874871,-1.221186,4.295651103691101,30.10573906256297,136.92770807184382
28062023,-3.217688,1.963287,0.011084103691101133,273.6480885222611,105.89717531677842
28038144,-7.420367,0.603053,0.6557721036911011,175.48183980807795,94.41332503472805
28081772,-2.663682,-0.869442,1.9715831036911011,114.00198922613892,262.706776154777
28081772,-2.663682,-0.869442,1.9715831036911011,114.00198922613892,262.706776154777
28048927,-3.264458,1.930011,-0.02710889630889901,273.2490805492289,107.98043898189049
28074683,-3.037362,0.195414,1.985673103691101,109.9960820716469,203.38128180632307
28074683,-3.037362,0.195414,1.985673103691101,109.9960820716469,203.38128180632307
28081778,-3.946785,-3.005705,-0.01629489630889891,190.36290599969865,257.51492269620786
28081778,-3.946785,-3.005705,-0.01629489630889891,190.36290599969865,257.51492269620786
28084639,-2.27517,-0.203256,0.005955103691101193,234.74115435703712,255.779303690657
28062032,-3.223607,1.924728,-0.00044989630889902266,272.70023174677704,109.07590655649162
28081785,-3.92523,-3.449853,1.066362103691101,155.07612475243673,267.0658867597388
28081785,-3.92523,-3.449853,1.066362103691101,155.07612475243673,267.0658867597388
28068852,-3.258339,2.065771,0.012106103691100989,276.29471630882256,96.10061878269082
28078254,-2.909698,1.511104,0.0004211036911010435,266.9488719929975,149.9493957319061
27975275,-8.177591,-0.012257,4.7731771036911015,5.736077825235469,62.928452206621614
28084651,-2.974027,-1.792503,0.867178103691101,170.59308259493065,267.8712475399253
28081789,-2.857453,-1.603966,1.5633381036911012,139.05304694134497,270.9084951431453
28081789,-2.857453,-1.603966,1.5633381036911012,139.05304694134497,270.9084951431453
28084652,-3.625221,-3.036522,0.09302810369110115,188.32929780868247,266.82415080143005
28084652,-3.625221,-3.036522,0.09302810369110115,188.32929780868247,266.82415080143005
28078258,-6.797547,-0.347523,1.2410131036911012,153.14001430596886,131.1567080207606
28084653,-3.24968,0.696717,2.018161103691101,105.62489269104157,165.35373444623517
28078259,-1.492421,1.932811,-0.029497896308898985,365.92262654487536,196.2598306587064
28078259,-1.492421,1.932811,-0.029497896308898985,365.92262654487536,196.2598306587064
28081790,-3.827194,-3.397223,1.302554103691101,147.41019482978606,269.57957141775
28081794,-3.801339,-3.067094,0.10271810369110113,187.09177980165367,262.5178854310926
28081797,-2.857035,-1.621905,1.513857103691101,141.53206848202134,271.1335983782593
28081797,-2.857035,-1.621905,1.513857103691101,141.53206848202134,271.1335983782593
28081798,-3.704645,-3.084188,0.9039821036911011,161.8023122452124,267.2289133995249
28084662,-3.002848,0.504236,1.295869103691101,161.32925861074938,192.9426302170316
28084662,-3.002848,0.504236,1.295869103691101,161.32925861074938,192.9426302170316
28074695,-2.918633,0.096022,1.953135103691101,112.29556764934972,213.9997645342309
28074695,-2.918633,0.096022,1.953135103691101,112.29556764934972,213.9997645342309
28078262,-6.321925,-0.914017,4.345248103691101,14.32984184789666,135.35738923988083
28056759,-2.181051,-0.162109,-0.007833896308898858,237.83800309097103,259.09601512757814
28084665,-3.093207,0.354231,2.021706103691101,106.50440825600988,192.40225182405928
28084665,-3.093207,0.354231,2.021706103691101,106.50440825600988,192.40225182405928
28081812,-8.257301,-2.865254,-0.5104518963088989,187.63226001314385,176.9517577641612
28081812,-8.257301,-2.865254,-0.5104518963088989,187.63226001314385,176.9517577641612
28078267,-3.533323,0.851386,2.043690103691101,104.73766215186696,143.53969214397108
28062055,-3.19919,1.863016,-0.003011896308898976,271.299812027279,114.72377235756672
28066853,-3.27914,-5.062855,1.205030103691101,148.2897233724173,305.4254718916762
28070604,-1.606088,-1.560023,0.056233103691101016,218.0727548815884,318.8122385996834
28062060,-6.050698,1.757622,0.07980910369110106,215.1177238552763,66.33657910611171
28084675,-3.006134,0.31651,2.012318103691101,106.83509113501776,198.58515061498048
28084675,-3.006134,0.31651,2.012318103691101,106.83509113501776,198.58515061498048
28056777,-2.173331,-0.211959,-0.014354896308898857,237.23831009008043,260.92088028460154
28056777,-2.173331,-0.211959,-0.014354896308898857,237.23831009008043,260.92088028460154
28068871,-7.828787,1.57269,3.054637103691101,71.90640416910796,8.145543269951759
28066862,-1.637204,-1.51704,-0.037694896308898995,222.5100718424129,315.7554995205008
28068874,-3.254523,2.003196,0.0006001036911009727,274.6664100627493,101.75762131981335
28062076,-5.893525,1.681622,0.10783610369110108,214.55650627044943,71.87302710837892
28084684,-2.965463,0.420216,0.5420331036911011,207.98616699294595,202.07771722461885
28084684,-2.965463,0.420216,0.5420331036911011,207.98616699294595,202.07771722461885
28062077,-3.211417,1.796681,-0.028303896308898846,270.03907424894777,119.8382239668928
28084688,-3.073773,0.332219,0.14841710369110106,225.83890091591277,202.903868625616
28084688,-3.073773,0.332219,0.14841710369110106,225.83890091591277,202.903868625616
28084690,-3.081145,0.002848,1.377689103691101,153.0336412270156,212.12354024051248
28084690,-3.081145,0.002848,1.377689103691101,153.0336412270156,212.12354024051248
28074711,-5.665438,-3.328429,2.6904591036911008,103.06360008397392,223.22635210082035
28081856,-2.984789,0.491074,0.016461103691101098,236.8848704094665,200.35946675353568
28056795,-5.054013,-2.362572,3.362595103691101,67.46442878974614,216.6429773802233
28056795,-5.054013,-2.362572,3.362595103691101,67.46442878974614,216.6429773802233
28074713,-2.782771,-0.242098,1.961499103691101,112.533593481307,235.29431539249427
28074713,-2.782771,-0.242098,1.961499103691101,112.533593481307,235.29431539249427
28070612,-1.599777,-1.637069,-0.04487989630889899,221.4501488805128,319.35498965917503
28049692,-2.256369,0.052006,0.00396910369110115,240.6217359661712,248.7091438045067
28081867,-2.931795,0.46301,0.02707610369110114,236.65200144390505,203.5508528522269
28056812,-5.21435,-2.665549,3.1924861036911008,78.50776807326997,219.7981865139596
28056812,-5.21435,-2.665549,3.1924861036911008,78.50776807326997,219.7981865139596
28066879,-2.326085,-2.616518,1.9524051036911012,119.17018862417272,315.0522674617877
28078311,-1.495159,1.505483,0.005177103691101026,325.27838857054303,229.9520783604852
28066882,-3.106401,-5.682201,0.34564510369110113,170.82077948085674,311.98857642857666
28081872,-2.908075,0.422697,0.038913103691101014,235.61058914096344,206.09381232820584
28081872,-2.908075,0.422697,0.038913103691101014,235.61058914096344,206.09381232820584
28068903,-3.20394,1.945484,0.017524103691101134,273.0023275851991,107.62615244474355
28084710,-3.223006,-0.706147,1.591124103691101,138.5674670117917,231.6661335905329
28070624,-1.887331,-2.22897,1.223630103691101,155.27759516668,324.62997238603555
28078320,-2.663192,0.648536,-0.004826896308898876,247.5575679153989,206.93827675054905
28078320,-2.663192,0.648536,-0.004826896308898876,247.5575679153989,206.93827675054905
28084714,-3.225886,-0.869235,1.586441103691101,138.69053068004064,236.62466422230293
28084715,-2.651249,-0.284465,2.009954103691101,108.23507241771595,243.9254912994588
28084715,-2.651249,-0.284465,2.009954103691101,108.23507241771595,243.9254912994588
28070628,-1.938691,-2.191516,1.972569103691101,115.4107191636198,328.8031015411591
28068911,-0.925014,1.947401,-0.0005068963088989964,431.6685934268344,257.82008761585564
28068911,-0.925014,1.947401,-0.0005068963088989964,431.6685934268344,257.82008761585564
28056840,-5.077737,-3.615565,0.12545110369110102,179.24188798581358,240.81266585653236
28056840,-5.077737,-3.615565,0.12545110369110102,179.24188798581358,240.81266585653236
28062111,-4.866681,1.592501,0.1363921036911011,223.79830081091515,91.71867682593724
28081899,-4.299776,-2.964033,4.606148103691101,2.4429392780111243,254.31277118727317
28081899,-4.299776,-2.964033,4.606148103691101,2.4429392780111243,254.31277118727317
28081901,-4.432932,-3.786325,1.060276103691101,153.98779918812448,258.9073155645859
28084722,-4.786766,-4.988967,1.6218031036911011,136.476337865428,267.8005345595621
28084722,-4.786766,-4.988967,1.6218031036911011,136.476337865428,267.8005345595621
28066901,-1.556862,-1.702102,-0.03864089630889889,220.71401365374132,322.4871738868787
28049705,-2.377435,-0.057085,-0.017869896308899014,237.2479928060295,246.40216816142245
28049705,-2.377435,-0.057085,-0.017869896308899014,237.2479928060295,246.40216816142245
28030233,-5.599679,1.695201,-0.05336389630889893,224.6856433170144,77.48618487398016
28084727,-3.160844,-2.636085,0.10587010369110117,192.83757507254035,274.2739487305402
28066906,-3.202102,-4.603885,4.711381103691101,7.93233373969224,322.96348258053297
28066906,-3.202102,-4.603885,4.711381103691101,7.93233373969224,322.96348258053297
28068918,-3.066342,1.917414,0.006402103691101058,276.9983653978365,114.416656629503
28084734,-2.55338,-2.029064,3.4247261036911008,25.82868298740115,305.9900572974132
28084734,-2.55338,-2.029064,3.4247261036911008,25.82868298740115,305.9900572974132
28081910,-3.205144,-2.820967,0.990227103691101,160.60012136719217,278.7150988580564
28081911,-3.420671,-3.443978,0.992699103691101,158.2112060382549,281.2978880747941
28056858,-3.185053,-1.077418,1.647308103691101,135.23684640559117,244.3824406585946
28070637,-2.89232,-4.632867,4.596815103691101,9.432568312848076,335.19388374018365
28074748,-2.379972,-1.026302,1.9525671036911012,114.42502757172556,281.9516068767914
28066916,-1.514852,-1.802037,-0.04047389630889886,219.8142454332026,325.93185924473585
28084743,-2.052899,-1.739391,1.9617801036911011,114.97970489562417,315.41798663168373
28084744,-2.861576,-4.324317,1.066448103691101,154.27151524904787,309.76012193780053
28062134,-5.888659,1.32926,0.066757103691101,211.8928114952335,90.32991505145584
28084753,-0.938103,1.792968,-0.01804989630889886,406.0317323216841,268.2494524738814
28084753,-0.938103,1.792968,-0.01804989630889886,406.0317323216841,268.2494524738814
28084754,-0.911662,1.901266,0.010950103691101054,424.64863758574086,263.8191473188572
28084754,-0.911662,1.901266,0.010950103691101054,424.64863758574086,263.8191473188572
28070648,-1.536337,-1.790837,-0.047049896308899,220.01463745945364,324.64357078516167
28068930,-0.917515,1.918694,-0.006121896308898922,428.1423109723245,261.3276851616184
28081941,-3.139775,-4.535434,1.162253103691101,150.52042651559137,303.88148027626687
28081945,-3.283989,-5.172841,0.35520210369110106,171.92529098847086,302.8279273365917
28049718,-5.924192,-1.754562,2.988416103691101,85.89405629327342,180.3805678352089
28049718,-5.924192,-1.754562,2.988416103691101,85.89405629327342,180.3805678352089
28081950,-3.448586,-5.864811,0.3501041036911011,169.3971705189828,304.8908274055767
28068939,-3.161342,1.851206,0.01567010369110111,270.8774191678912,116.46961681958916
28078380,-2.933061,-0.053336,1.965319103691101,112.2336683359768,219.97060213876895
28078380,-2.933061,-0.053336,1.965319103691101,112.2336683359768,219.97060213876895
28066948,-2.525247,-5.57009,0.31247710369110104,173.4867471201653,326.9279559294892
28066949,-1.415501,-1.965192,-0.025609896308898872,217.96477078859408,333.13076522788253
28070663,-1.482558,-1.861243,-0.04009089630889884,219.3102383070074,328.3250516358595
28084790,-1.300529,-8.9545,0.583005103691101,159.3330990230569,378.23395104582687
28059816,-5.538448,-2.305802,2.950545103691101,88.33476551534176,203.7256342976828
28059816,-5.538448,-2.305802,2.950545103691101,88.33476551534176,203.7256342976828
28074771,-2.916906,-2.95329,0.05501010369110104,193.5300180851724,286.6008769005943
28056929,-2.645222,-0.768674,1.974204103691101,113.29660463591902,260.65014728467173
28056929,-2.645222,-0.768674,1.974204103691101,113.29660463591902,260.65014728467173
28084801,-0.950492,-7.712049,0.9172421036911012,153.7100617574337,389.1913678487276
28081988,-1.901163,-4.12776,0.6447341036911011,171.0264390347671,338.5651397767606
28084805,-0.783232,-5.497951,0.831912103691101,162.00756093114887,391.438539898135
28078414,-6.777117,-0.440634,2.658047103691101,97.77706443306668,123.51000755491626
28062170,-3.274934,2.440957,0.02392710369110107,291.55203429684445,59.23697115842228
28074783,-3.864828,-5.104452,2.9410541036911013,93.69733007781994,296.4751615898066
28084809,-0.919054,-15.983084,4.569618103691101,80.27768375188015,417.3202903887061
28038188,-2.731004,0.834821,0.003297103691101144,250.55642571310875,195.4183153524782
28068954,-0.917282,1.88353,-0.018821896308898856,423.1401902171106,264.1355570225932
28066976,-2.295234,-3.482219,3.9920101036911007,12.344205149530666,346.66692698658807
28084814,-0.544639,-2.748168,1.2498881036911011,154.4585318702271,408.6790250789261
28084819,0.535135,-16.262796,0.3179931036911011,154.87445194826898,421.5617552019343
28056956,-1.86938,-0.832901,-0.0019378963088989565,229.234565759779,291.83238673784774
28066984,-3.063708,-6.986308,3.840820103691101,68.5413276017363,341.319950225538
28084821,-0.020176,-8.761362,2.779522103691101,97.24659372530306,441.6292283003986
28068960,-3.183203,1.785286,-0.012496896308898942,269.5206679491979,121.2976046213866
28082005,-1.263427,-4.646203,0.7634871036911011,166.41801449575502,368.1592713580235
28082006,-1.148792,-4.766295,0.6665871036911011,169.62791919359492,372.44253150153344
28084826,0.242136,-6.147308,1.377318103691101,141.92037401849657,445.2565611861926
28062188,-5.255891,2.321341,0.4695711036911011,214.17484493766776,30.59501442732926
28068963,-3.050988,1.785977,-0.02552489630889898,274.2988339074138,125.80928642972864
28070686,-2.158953,-4.874654,-0.05397889630889896,188.15975286582585,330.67366219167786
28062196,-9.65711,2.446288,-0.30569689630889885,207.07453947567728,15.383890058204427
28033639,-3.543447,2.894106,-0.023819896308898914,307.0484511500922,3.0996702208881004
28074808,-2.576196,-3.641521,0.11263510369110108,188.71361159754477,306.6528974347228
28078461,-2.630668,0.672703,0.02131010369110098,247.442863235442,207.2120238463031
28078461,-2.630668,0.672703,0.02131010369110098,247.442863235442,207.2120238463031
28078462,-5.142441,-1.24719,3.7241111036911008,36.8166221243456,180.15051489881927
28062203,-5.648776,2.245998,-0.02125089630889887,231.6672570730065,43.51316369340629
28068969,-4.490778,1.596691,1.642431103691101,138.5418433321369,69.4052177688956
28068970,-6.94997,1.222001,0.44556110369110113,188.7848290087906,77.02395632771595
28082018,-0.66425,-2.377114,0.6941941036911011,186.2250813202696,389.7264589132024
28082022,-0.653151,-2.424621,1.317631103691101,151.58957973225287,402.35936132749225
28048980,-3.228038,1.793644,-0.042909896308898965,270.30481947683063,119.8014795019459
28059869,-2.154946,-0.038743,0.039330103691101126,238.57836524925423,256.79500559011734
28059869,-2.154946,-0.038743,0.039330103691101126,238.57836524925423,256.79500559011734
28048984,-6.185736,1.866382,0.0531551036911011,216.2569143420849,59.37073097691419
28067012,-0.480142,0.657342,0.031598103691101054,323.0300384298516,374.17272439701696
28059876,-5.77458,-3.028315,3.339468103691101,78.71130796623305,214.1299994096512
28059876,-5.77458,-3.028315,3.339468103691101,78.71130796623305,214.1299994096512
28059877,-5.511139,-2.820164,2.9951601036911013,89.1799633528851,216.1569417342152
28059877,-5.511139,-2.820164,2.9951601036911013,89.1799633528851,216.1569417342152
28056998,-5.111453,-5.352687,2.1810271036911013,121.50327706754474,266.0736631141013
28056998,-5.111453,-5.352687,2.1810271036911013,121.50327706754474,266.0736631141013
28033648,-3.535953,2.836947,-0.03768389630889901,305.09065628905,11.219999396173904
28072574,-3.436486,2.622977,-0.02931589630889886,297.50037895799005,37.95026474402769
28067020,-1.182893,-2.473585,-0.01926989630889886,213.3589743425466,350.1434775443953
28062231,-3.206533,2.202854,0.0036951036911010426,284.3712721731989,85.38045298386851
28068997,-4.233754,1.527417,1.7676291036911012,128.49827206540522,77.1725659444709
28067025,-2.133343,-4.252296,4.090248103691101,18.219228176570823,362.4577463042424
28067027,-1.730041,-4.522689,0.802956103691101,164.3988758993976,349.21572363065343
28059892,-2.165368,-0.134133,0.003916103691101069,238.115992066998,259.07985971300207
28059892,-2.165368,-0.134133,0.003916103691101069,238.115992066998,259.07985971300207
28078491,-5.55087,-3.086558,0.9371691036911011,157.86497688877415,222.25468413332115
28067039,-2.035678,-4.354083,4.045200103691101,20.990918635840277,367.53885200445296
28074860,-3.34502,-8.362232,2.801406103691101,106.1858438136188,335.69753424726684
28070716,-1.306084,-2.235026,-0.028688896308898926,215.58834849886483,341.58679526495104
28067044,-0.40757,0.588513,-0.00670689630889898,325.2834376887766,383.3563164396556
28078503,-2.655519,-0.650582,2.026908103691101,109.13587274278424,256.58572607317944
28069007,-5.121794,1.308216,-0.0022098963088990065,222.35878381192256,104.48609666461276
28069008,-3.12095,1.645825,-0.017032896308898815,266.6899992196636,133.44537825594244
28078507,-3.854696,-2.947097,0.2563181036911011,182.87195380898032,259.47855082814874
28078507,-3.854696,-2.947097,0.2563181036911011,182.87195380898032,259.47855082814874
28078509,-3.947527,-3.225147,0.8390551036911011,163.01383536427832,262.4997660861528
28078509,-3.947527,-3.225147,0.8390551036911011,163.01383536427832,262.4997660861528
28062259,-3.300953,2.122669,-0.0016028963088989823,278.0269187766432,90.31112499655696
28069019,-1.008281,1.803715,-0.013752896308898865,398.6932837294553,258.2339824968939
28069019,-1.008281,1.803715,-0.013752896308898865,398.6932837294553,258.2339824968939
28067059,-2.41217,-6.649328,5.134221103691101,8.334426392369693,372.80071346506304
28078515,-4.237166,-4.025068,0.917751103691101,157.89879410112675,266.8807479749387
28078515,-4.237166,-4.025068,0.917751103691101,157.89879410112675,266.8807479749387
28072625,-3.419548,2.462844,0.024572103691101077,286.8779383872654,54.01916322659142
28069024,-3.097573,1.588544,-0.01708989630889901,265.3996480398231,138.17556152492566
28059920,-4.742232,-2.948786,0.25367610369110105,179.76116849930878,237.47927097442468
28059920,-4.742232,-2.948786,0.25367610369110105,179.76116849930878,237.47927097442468
28072631,-8.118338,2.680519,0.038178103691101084,208.89784921629132,2.5843269048647244
28057066,-3.319201,-4.058728,0.28728910369110106,178.25256160948703,289.7670240338559
28067073,-1.99043,-5.219118,4.219665103691101,24.82745104169956,375.92357393551833
28078529,-2.491789,-1.069315,2.038351103691101,109.52795780651756,277.5095947739756
28069036,-2.931147,1.572,-0.002755896308898942,268.66401757907744,145.08258725840324
28038226,-2.61066,0.764221,-0.023929896308898968,252.7538598165137,204.11891374631875
28057077,-3.231963,-4.134382,0.2895831036911011,178.11660414009674,293.1156559093375
28070741,-2.162208,-5.138083,4.318326103691101,20.995362002581203,368.63811255662034
28070747,-1.674895,-4.474494,0.7937501036911011,165.02215237875163,350.9554439047499
28070748,-1.190033,-2.449999,-0.011553896308899025,213.269835135222,349.66486111935023
28078539,-3.524013,-3.69323,1.1275251036911011,152.95853448136626,282.1445377204544
28059940,-3.194573,-0.980982,1.610832103691101,137.25637490303222,241.20589403001725
28033680,-3.547046,2.694335,0.003122103691101108,294.3728007561384,26.947426664904786
28074916,-1.102175,-2.626172,-0.012882896308898939,211.98226979121952,355.5426282122768
28062290,-3.366977,2.000397,-0.06210889630889893,274.8208291342528,100.18778255194148
28072658,-8.272368,2.465241,-0.0038658963088988862,207.04306135996544,14.424964590985809
28078545,-4.065601,-4.814206,2.649200103691101,103.43595637085498,286.31739497542645
28078545,-4.065601,-4.814206,2.649200103691101,103.43595637085498,286.31739497542645
28078547,-3.949724,-3.95187,4.553482103691101,16.786829225339545,285.0710388356763
28078547,-3.949724,-3.95187,4.553482103691101,16.786829225339545,285.0710388356763
28072659,-3.413778,2.360589,-0.0042328963088988925,284.3254288643571,65.47860129065066
28070761,-1.150169,-2.591231,-0.026866896308898935,212.52200332289885,352.682146175561
28049761,-3.009034,0.091069,2.021344103691101,107.6351772482066,209.62165824419236
28049761,-3.009034,0.091069,2.021344103691101,107.6351772482066,209.62165824419236
28059957,-4.871527,-3.618954,0.16620410369110106,178.77026858968873,245.27787366620927
28059957,-4.871527,-3.618954,0.16620410369110106,178.77026858968873,245.27787366620927
28062295,-3.264343,2.006861,-0.0945668963088988,280.20947067089713,103.19499883156256
28078555,-3.749649,-4.871809,3.1683181036911012,83.82531884710491,298.1628222978446
28078555,-3.749649,-4.871809,3.1683181036911012,83.82531884710491,298.1628222978446
28078556,-3.738003,-4.908541,3.446054103691101,73.4919279377288,300.18187287413554
28078556,-3.738003,-4.908541,3.446054103691101,73.4919279377288,300.18187287413554
28070765,-1.652105,-5.083527,0.7392831036911011,164.70472867174254,354.9679470425441
28074940,-0.844178,-2.110369,0.4799411036911011,198.54312900927457,373.3365899836805
28062308,-3.240892,1.945791,-0.009763896308898845,273.52480927956253,107.06254986292026
28025661,-3.527089,2.798971,-0.038323896308898986,303.44205441131544,16.12464339157023
28074949,-0.733215,-2.467142,0.9468191036911011,171.85616514593306,389.8223545968644
28033708,-3.489874,2.575162,0.011316103691101143,290.3039428152632,41.075163776723855
28078574,-2.052514,-2.300925,1.574513103691101,137.42686849112832,320.54964477525465
28038248,-2.68164,0.698248,-0.0041928963088988525,248.4151494164745,203.92161625003484
28038248,-2.68164,0.698248,-0.0041928963088988525,248.4151494164745,203.92161625003484
28072682,-3.363588,2.295666,0.008195103691100991,282.5053236298547,72.56673363983339
28062322,-3.278471,1.907723,-0.03948689630889901,272.7347357254312,109.56495055226998
28074966,-0.765977,-8.907728,4.028130103691101,59.6855361932698,426.7592780902501
28062327,-7.916656,1.563802,2.748912103691101,88.95826185315764,14.695823873442665
28059986,-4.43772,-3.421561,0.2729751036911011,178.025298504414,252.2190324133895
28059986,-4.43772,-3.421561,0.2729751036911011,178.025298504414,252.2190324133895
28057146,-3.336465,-3.837595,4.513047103691101,7.187024796317132,306.5314317915737
28057146,-3.336465,-3.837595,4.513047103691101,7.187024796317132,306.5314317915737
28069105,-2.973648,1.362623,0.002055103691101179,260.2400478122088,156.96549582173657
28074973,-0.266874,1.06051,-0.030773896308898818,384.282332015773,402.1637735849393
28062332,-5.76566,1.51429,0.058872103691101074,215.69157638586827,83.04271739481422
28033726,-3.472314,2.503633,0.007081103691101154,287.88869979750814,49.29974386798895
28057154,-3.420153,-5.159359,1.2222221036911012,147.58949020011966,302.53899419497674
28059996,-3.047757,-1.251725,1.631774103691101,135.86357984894298,254.67500570939072
28059996,-3.047757,-1.251725,1.631774103691101,135.86357984894298,254.67500570939072
28040372,-0.917579,1.934585,-0.006700896308898807,430.98023018157977,259.95538709852536
28040372,-0.917579,1.934585,-0.006700896308898807,430.98023018157977,259.95538709852536
28057168,-3.093618,-5.361169,0.3934771036911011,170.68529251311523,309.7749259373684
28074988,0.065476,-6.247392,0.36619310369110103,176.5811480622487,421.9784241749031
28033739,-3.450006,2.44717,0.00037710369110111053,286.5704099594665,55.854675464615184
28060001,-3.662906,-2.552446,0.34399010369110106,183.07849698999715,258.3749310609072
28085010,-5.161325,2.265554,1.368827103691101,159.53676295464288,10.73400169374412
28074998,2.250697,-29.90159,2.445436103691101,124.414472328502,443.9439512577418
28085014,-3.846589,2.05456,1.9541741036911011,106.18274865813918,23.441395834564872
28070804,-0.485712,0.661998,0.03483410369110107,322.7858708951197,373.4767039508702
28025685,-3.504896,2.684681,0.026448103691101066,294.0957819643223,27.705089503785416
28060007,-3.640346,-2.758647,-0.040115896308899,194.1421642044712,261.7394252295435
28060007,-3.640346,-2.758647,-0.040115896308899,194.1421642044712,261.7394252295435
28062355,-3.058107,1.832344,-0.011705896308898955,275.0185309461313,121.78506609801228
28085015,-4.681075,1.978778,1.784221103691101,127.99009748404892,28.784029721159957
28085017,-4.781639,2.010052,1.3398241036911012,161.3134863025087,38.006583988628165
28060008,-2.084568,-0.677196,-0.0014618963088988135,228.95170707720945,277.581488842955
28085020,-4.327294,1.92618,1.6830401036911011,135.40267683987807,41.47230826783323
28060009,-2.000873,-0.570373,-0.00427489630889899,232.2993719505341,279.1413970704469
28025691,-3.425765,2.607866,-0.03146689630889887,297.3202397132745,39.91707699647938
28033757,-3.38272,2.366722,0.020624103691101014,284.1433162623852,64.79141786480943
28085027,-3.137497,2.280531,0.06343510369110117,286.6399834386957,77.9837730607299
28085028,-7.535758,1.01491,0.6528431036911011,177.3184716213613,77.05331348734265
28067174,-1.385371,-6.96826,4.769594103691101,15.51263832525595,413.2924072662571
28085034,-4.484036,1.454257,1.631175103691101,139.1805527932156,80.89877898850841
28069140,-1.93572,1.524061,-0.018437896308898916,304.4145005109855,196.92491163115693
28069140,-1.93572,1.524061,-0.018437896308898916,304.4145005109855,196.92491163115693
28085040,-6.139117,0.581782,2.501577103691101,95.98183710007804,90.94929513689792
28062379,-3.658859,1.670925,1.955015103691101,107.565550435834,71.7995105064528
28085045,-4.675707,1.106305,0.9344361036911011,179.41185268388367,111.40594687947129
28070813,-0.436422,0.721849,-0.021307896308898844,334.88573378141024,377.6343006096653
28085047,-3.486978,1.316982,1.947942103691101,109.44273228028246,110.93664022540466
28085049,-6.311687,0.449948,0.218108103691101,194.65368176552607,119.18961792083506
28062384,-5.654612,1.247701,0.05363310369110108,213.61806315282848,97.86457518004084
28052635,-5.812914,1.648313,0.13429010369110106,213.83017902356124,74.27798743798115
28057210,-1.954292,-1.783739,1.959180103691101,114.83463213718514,321.7556643873174
28069146,-6.875738,-0.127661,3.356476103691101,63.6487660344703,102.51211027897811
28085052,-6.214598,0.241816,0.812651103691101,172.16620666217835,123.2576324587892
28085054,-4.310298,0.857087,1.739441103691101,131.36071347361613,123.32106658466896
28085055,-4.856551,0.712188,1.224810103691101,160.70936117314113,124.61678619224844
28085058,-5.911437,0.083357,1.3637161036911012,150.30769470555884,129.71711848183537
28062397,-3.593048,1.63176,1.9529971036911011,107.45368620462584,77.63782803135493
28085063,-12.97618,-4.040453,-1.619155896308899,190.5841702112661,151.0167870406287
28085066,-5.365879,-0.082154,0.2030381036911011,196.597602847894,154.79312567416736
28072749,-3.306127,2.121144,-0.008365896308898835,278.21094225864465,90.47022617184982
28085068,-5.083635,-0.020389,0.28396810369110104,195.9426093832595,158.0711225907456
28038282,-2.644546,0.615059,-0.0032618963088988373,247.00748437347556,209.21121084145432
28038282,-2.644546,0.615059,-0.0032618963088988373,247.00748437347556,209.21121084145432
28030304,-2.914425,1.317657,0.020405103691101045,259.28277157906274,161.76838204832308
28085073,-4.953405,-0.243347,0.2898931036911011,194.637882473922,168.42018302198653
28085074,-3.09698,0.47213,1.953702103691101,111.37449486345255,186.1922826692474
28026469,-3.040044,1.53686,0.00652010369110112,263.86318568189495,143.3391328760381
28062428,-3.592023,1.497659,1.957341103691101,108.10462244269404,90.93129421431294
28070840,-0.399137,0.60196,-0.012570896308898849,327.2581762218447,384.1972680131307
28070841,-0.389426,0.647861,-0.02381589630889902,332.28074521134465,384.7902094433906
28067224,-1.059251,-12.317456,5.794251103691101,32.31258909634249,427.8010685931519
28082313,-6.861653,2.178752,1.5206821036911011,147.08827974119745,5.931619367742684
28082314,-6.895079,2.168542,1.3595571036911012,155.2737836640082,10.252389313700178
28072776,-3.276912,2.073168,0.006988103691101033,276.3004413998846,95.06907334066008
28082322,-4.322375,2.081348,1.7779121036911012,127.01281109045932,21.981611759723226
28049055,-3.140873,1.612193,-0.03409189630889897,265.99333071950826,135.34050214424798
28082337,-5.90191,1.978384,0.15138310369110108,216.624573815343,54.307251494736704
28072786,-3.159466,2.067642,-0.007626896308899012,280.9139754348072,99.19496077512736
28062461,-5.489022,0.778549,0.11468410369110105,207.253453129474,120.88301547034006
28069199,-5.272433,0.304641,0.11550310369110117,204.0116019246442,143.66507667728888
28052681,-7.265017,1.359493,0.09946710369110101,200.37092560480005,72.01991630981888
28082365,-3.813419,1.43794,2.051869103691101,101.72195483088882,87.98234009675667
28062471,-3.527764,1.363242,1.957102103691101,108.58228507732242,105.323412072957
28072806,-3.294549,2.009433,-0.021364896308898818,274.9781068353147,100.58264461643692
28030322,-2.880717,1.26933,-0.05376089630889891,262.8409164064928,166.69957499787276
28025767,-3.293464,2.290648,-0.029697896308898963,287.2186318574118,75.73631305515715
28082388,-3.412709,1.17565,1.9503561036911012,109.59366862437,125.34923653668643
28082393,-5.396856,0.664259,0.04023410369110114,209.64506353505573,127.97899069677553
28062483,-2.990877,1.414186,0.00427410369110115,261.300754407192,153.09684428668177
28082397,-3.384892,1.064882,1.951533103691101,110.02310743233056,135.06850603174598
28082398,-3.340024,1.028322,2.011556103691101,104.38433685450512,138.59689151611772
28069214,-2.902858,1.093681,-0.0325218963088989,255.83896290135192,175.44792445878153
28067313,0.301226,-3.723471,0.224613103691101,201.75965648300084,441.6238748185162
28060113,-1.792451,-1.028524,-0.0024968963088989327,226.87939681270245,299.7382892831844
28082415,-3.252882,0.590449,2.023997103691101,105.9459501977274,171.7624260975958
28062498,-2.86932,1.407328,-0.002859896308898824,264.72051668351594,158.2608792341071
28033832,-3.283658,2.09602,0.0038761036911010294,277.18483433986233,92.97754856427976
28072828,-3.244001,1.952096,-0.008456896308898898,273.5884974871452,106.43648429964644
28062503,-6.412006,0.291872,0.815674103691101,171.64385842581314,118.21132526569376
28085156,-3.05882,-2.009872,1.182547103691101,155.88510956973232,270.1021461852506
28085159,-3.417943,-2.878505,1.0629901036911011,157.37090599517552,273.0117511298222
28085159,-3.417943,-2.878505,1.0629901036911011,157.37090599517552,273.0117511298222
28085160,-3.194515,-2.346096,0.7652761036911011,171.04143992272964,270.3068372588517
28085161,-3.119748,-2.177758,0.679396103691101,175.49026488124218,269.5332516643309
28085161,-3.119748,-2.177758,0.679396103691101,175.49026488124218,269.5332516643309
28085162,-3.365165,-2.660587,0.4398461036911011,180.44831330988723,269.29708830570587
28085162,-3.365165,-2.660587,0.4398461036911011,180.44831330988723,269.29708830570587
28085163,-3.377887,0.59821,1.9393561036911011,113.75152036352914,166.9133028801817
28085163,-3.377887,0.59821,1.9393561036911011,113.75152036352914,166.9133028801817
28072841,-3.094593,1.930396,-0.016198896308898814,277.9851888362683,112.90640763633203
28062513,-4.997588,0.639772,-0.07442589630889884,217.45622235371127,137.80361616358002
28052711,-3.136074,1.574217,-0.04956989630889885,265.74672109881607,138.27986133755655
28085164,-4.750063,-0.175039,0.194626103691101,200.20783462072248,171.35011470774035
28085164,-4.750063,-0.175039,0.194626103691101,200.20783462072248,171.35011470774035
28060135,-2.38132,-1.218637,1.962229103691101,114.57201980562574,286.69841291814043
28060135,-2.38132,-1.218637,1.962229103691101,114.57201980562574,286.69841291814043
28082492,-2.700326,-0.472983,1.9645141036911011,112.93718313285592,248.11002247526636
28082492,-2.700326,-0.472983,1.9645141036911011,112.93718313285592,248.11002247526636
28085167,-5.333176,-0.671283,-0.10990989630889891,202.5385837770077,175.07419702808932
28085167,-5.333176,-0.671283,-0.10990989630889891,202.5385837770077,175.07419702808932
28060139,-1.753043,-1.122646,-0.01181489630889887,226.23382795117047,303.4616323274978
28062528,-5.203781,0.461854,-0.16425189630889903,216.70119972737547,141.31642727380083
28085172,-2.949997,0.555144,1.987635103691101,106.75423589474715,188.1466242356556
28062537,-7.668357,0.208655,4.384993103691101,14.61869721162725,62.87848850768631
28072858,-3.205504,1.870512,-0.0043208963088989805,271.46468700284635,113.97245786421414
28082524,-2.817181,-1.5351,1.651281103691101,134.50067145797075,271.42501361980493
28082531,-6.162605,-0.911211,0.12489910369110113,189.02632242637455,164.82489839419193
28082532,-4.114401,0.370277,0.5110941036911011,197.339075749308,165.4528521711319
28062547,-2.78842,1.25631,-0.004257896308898834,261.9997722414923,170.70948896014173
28062547,-2.78842,1.25631,-0.004257896308898834,261.9997722414923,170.70948896014173
28082534,-3.121188,0.699132,1.996326103691101,106.39430371777996,171.0769974147754
28082538,-3.521121,0.231312,1.7397991036911011,129.95408076333115,182.50114635081712
28082538,-3.521121,0.231312,1.7397991036911011,129.95408076333115,182.50114635081712
28069272,-2.719797,1.026816,-0.015718896308899,257.2781098959849,186.39294071795575
28069272,-2.719797,1.026816,-0.015718896308899,257.2781098959849,186.39294071795575
28072863,-7.438556,1.252081,0.659219103691101,178.8108105698641,67.88794936031258
28085187,-3.015559,0.312418,0.4258851036911011,212.0104128835003,205.01115321631588
28062562,-2.795249,1.204341,-0.009035896308899005,260.44824827223664,173.47435137020076
28062562,-2.795249,1.204341,-0.009035896308899005,260.44824827223664,173.47435137020076
28082550,-2.792957,0.627616,1.963899103691101,106.96129065182302,191.97631073091296
28082550,-2.792957,0.627616,1.963899103691101,106.96129065182302,191.97631073091296
28082551,-3.188402,0.323304,1.286460103691101,160.17049554861785,193.90733264367796
28082551,-3.188402,0.323304,1.286460103691101,160.17049554861785,193.90733264367796
28082557,-3.103296,0.284347,1.6506941036911011,135.27008077514773,197.55466044488116
28070914,-0.603877,-2.468339,1.0296321036911011,167.94620501760505,400.20793357339454
28070915,-0.458284,-4.267407,-0.05851089630889894,201.6631169523918,393.5895635037871
28072871,-5.841682,1.453327,0.09571710369110109,212.6730332471108,84.5470196736249
28069281,-4.607197,0.217355,-0.012230896308898842,213.55450030823303,162.25545286545417
28062582,-2.775481,1.163034,-0.007843896308898923,259.5939699299833,176.61530289686823
28062582,-2.775481,1.163034,-0.007843896308898923,259.5939699299833,176.61530289686823
28082564,-3.247465,0.13891,1.218648103691101,163.10117807539058,200.07217524826285
28082564,-3.247465,0.13891,1.218648103691101,163.10117807539058,200.07217524826285
28060167,-3.252637,-4.009259,0.30214610369110106,178.26205159553857,291.1094163070961
28082580,-3.173508,0.062224,1.361990103691101,154.0872905974122,205.79830663978348
28062593,-2.850933,1.103323,-0.0013688963088989148,255.607673400709,176.75444962183508
28062593,-2.850933,1.103323,-0.0013688963088989148,255.607673400709,176.75444962183508
28082581,-3.061088,0.145664,1.4200621036911012,150.89263857574437,206.7897796598801
28072877,-6.115866,1.335106,0.6038061036911011,188.2180073665119,79.64771807896233
28082590,-2.984075,0.493988,-0.0023538963088989284,237.8943427756384,200.3400515430916
28072881,-3.189629,1.786393,-0.014633896308898997,269.49976530788456,121.04865016140936
28082596,-3.011246,0.434572,-0.08820889630889894,240.3730622665044,202.0405607277888
28085202,-3.216557,-0.315338,1.751549103691101,128.95139073978183,218.13744585348485
28082600,-2.955986,0.37762,0.117130103691101,230.00626211022868,205.7563433866854
28082600,-2.955986,0.37762,0.117130103691101,230.00626211022868,205.7563433866854
28065083,-3.568186,2.768805,0.011201103691101055,296.7479232664016,17.42873758753106
28082601,-2.879486,0.156376,1.999072103691101,108.00108042751972,212.97422366050293
28082601,-2.879486,0.156376,1.999072103691101,108.00108042751972,212.97422366050293
28082604,-2.917102,0.41285,0.026513103691101048,235.87686780324992,206.1716984794456
28082604,-2.917102,0.41285,0.026513103691101048,235.87686780324992,206.1716984794456
28038371,-6.879969,0.072881,4.270045103691101,9.96082713999388,81.16931212901565
28069303,-2.672427,0.948031,-0.014525896308899,256.0226108547576,192.4791237931804
28069303,-2.672427,0.948031,-0.014525896308899,256.0226108547576,192.4791237931804
28085213,-4.505229,-2.084765,-0.050004896308898816,194.6578360186867,227.091873585762
28072891,-3.014444,1.777658,-0.0024138963088988774,273.72194491017484,127.28697261304994
27967630,-6.41024,-1.02066,4.099278103691101,30.918710250241816,139.83092196445747
28085216,-4.033501,-1.746392,0.20001010369110106,191.43750069754023,232.12630729955072
28085216,-4.033501,-1.746392,0.20001010369110106,191.43750069754023,232.12630729955072
28069310,-2.789039,0.872487,-0.025201896308898908,251.8524963442661,191.3075031482548
28069310,-2.789039,0.872487,-0.025201896308898908,251.8524963442661,191.3075031482548
28030366,-5.791924,1.227963,0.07982910369110119,211.06289127308665,96.366156461071
28085219,-3.859831,-1.669663,0.2561091036911012,190.9853171035606,235.32978116363424
28085219,-3.859831,-1.669663,0.2561091036911012,190.9853171035606,235.32978116363424
28085220,-2.453641,0.328292,-0.048255896308898816,246.0713909545138,229.5000114950984
28085220,-2.453641,0.328292,-0.048255896308898816,246.0713909545138,229.5000114950984
28049096,-3.104501,1.509192,-0.039569896308898844,263.8936331345864,143.49614073029846
28082629,-3.610376,-1.247322,0.47959910369110104,187.19148247947595,233.04764072820043
28082629,-3.610376,-1.247322,0.47959910369110104,187.19148247947595,233.04764072820043
28082631,-2.798145,-0.321139,2.025403103691101,108.33475752769644,237.60055459676383
28082631,-2.798145,-0.321139,2.025403103691101,108.33475752769644,237.60055459676383
28085221,-3.9343,-1.957142,0.19846110369110104,190.50943381047836,239.2832031408166
28085221,-3.9343,-1.957142,0.19846110369110104,190.50943381047836,239.2832031408166
28085223,-3.899898,-2.069675,0.19569210369110102,189.9968547335436,242.49598103711577
28085225,-4.296829,-2.787133,0.16925510369110097,184.6590136247815,245.2638669703543
28085225,-4.296829,-2.787133,0.16925510369110097,184.6590136247815,245.2638669703543
28085226,-3.811632,-2.149071,0.20603810369110098,189.55013907305147,246.5291660697696
28082634,-2.562576,0.251719,-0.04897689630889901,242.28551967770656,227.3983619959911
28082634,-2.562576,0.251719,-0.04897689630889901,242.28551967770656,227.3983619959911
28082645,-4.071017,-3.732247,0.31214910369110105,176.67027288147307,265.7366866683251
28082645,-4.071017,-3.732247,0.31214910369110105,176.67027288147307,265.7366866683251
28070940,-0.428903,-2.538928,0.677246103691101,187.18482079998293,405.6137942458786
28062624,-5.064572,-0.002826,0.05712610369110105,204.7019571541736,159.2812909429243
28072912,-2.986529,1.712575,-0.003063896308898917,272.1620926442263,133.12117204604624
28085231,-3.66638,-2.701775,0.18224610369110117,187.4178042095076,260.5136407254157
28052754,-5.708662,1.150644,0.09165710369110114,210.4421715598772,101.08809186125772
28060199,-2.729754,-3.585956,-0.011340896308899007,192.221737465127,300.4629568640994
28072917,-3.132389,1.673386,-0.016302896308898918,267.2731865482105,131.11988208959212
28072919,-4.184892,1.443696,1.7600231036911012,129.05265932106113,85.28052588030425
28085240,-2.319879,-1.062661,2.016823103691101,109.8954566102425,286.6575832055925
28072920,-0.931273,1.953104,-0.015683896308898992,432.9052941214589,256.2814627077666
28072920,-0.931273,1.953104,-0.015683896308898992,432.9052941214589,256.2814627077666
28085243,-2.82375,-2.964548,0.1369941036911011,191.23183263985868,290.1214812134149
28085244,-3.826522,-5.08158,3.387652103691101,77.38719550387006,299.2068403468335
28069325,-6.521125,-1.041395,3.0390551036911013,83.1093194010239,146.18619246763453
28082675,-3.185223,-4.433022,3.615309103691101,58.179925906649714,314.2911337242157
28069327,-3.76455,0.540568,1.748659103691101,129.68529902303715,157.79796323845176
28062634,-2.729713,1.032642,-0.015668896308898894,257.2100116186195,185.6641792238917
28062634,-2.729713,1.032642,-0.015668896308898894,257.2100116186195,185.6641792238917
28072924,-5.785494,1.09684,-0.02231789630889902,213.54847388175256,103.6467199913956
28085258,-1.705334,-1.395847,0.039119103691101165,220.13550134714305,311.0464770363576
28072928,-5.006432,1.255257,0.4137841036911011,204.36353147754252,103.82462455218187
28065136,-3.501698,2.562692,0.0020481036911010886,289.8477152118517,42.58908117273901
28078950,-6.131159,0.57741,0.857472103691101,172.4857865274077,110.95986696016
28085264,-1.580878,-1.646523,0.05843910369110117,217.0043990477365,321.37874537736707
28025847,-7.386633,2.692955,-0.021532896308898986,217.8289773567468,4.991613601844762
28062646,-7.994763,-1.506063,-0.296261896308899,189.7712739742224,153.31600373038145
28082700,-2.309374,-5.517859,0.3502811036911011,173.20474645692508,333.1496560553056
28065148,-3.439139,2.501054,0.02619310369110117,287.8013940046908,49.52642602001245
28085275,-1.421613,-2.023101,0.049248103691101,213.91863847172544,334.2456478442691
28070957,-0.338584,-7.740923,1.408128103691101,139.77629684891411,415.5657828911116
28072937,-2.970047,1.645189,-0.01180189630889883,270.6962852423819,138.69547673687063
28072939,-3.55482,1.495981,1.9542671036911012,108.0734484172786,92.25827482420476
28078970,-4.472338,0.793224,0.541732103691101,197.62388749008093,136.9710283452107
28078971,-7.10022,-0.394371,0.225652103691101,185.05394789149253,134.9508808476906
28069347,-6.543623,-1.314409,3.562946103691101,62.16676311230134,151.39320460342765
28069347,-6.543623,-1.314409,3.562946103691101,62.16676311230134,151.39320460342765
28072941,-3.125553,1.587458,-0.033665896308898935,265.5598775577631,137.52626708106786
28065157,-3.33061,2.446436,-0.011584896308898918,291.9064781170012,58.64905388939158
28072948,-1.013771,1.924411,0.03741010369110098,412.04059767064734,247.80755368865675
28072948,-1.013771,1.924411,0.03741010369110098,412.04059767064734,247.80755368865675
28069351,-3.738895,0.445046,1.751906103691101,129.4905545733445,163.76537493612514
28072949,-0.915096,1.918764,-0.005289896308898978,428.4485821532692,261.6802067336033
28072949,-0.915096,1.918764,-0.005289896308898978,428.4485821532692,261.6802067336033
28072951,-5.018576,1.121166,-0.05212489630889894,222.8937038509323,116.1058862061109
28078981,-4.766523,0.290426,0.39790210369110113,196.4552111583785,152.9516708388884
28078984,-3.798305,0.629874,1.729650103691101,131.00513035770376,151.8939336012842
28082723,-0.96363,-8.596125,1.0058641036911011,149.95844798987932,390.6127547851693
28044266,-5.038799,-0.271678,0.03113810369110115,203.25584264129495,168.7892270859618
28062667,-9.847757,-2.647026,-0.8264818963088991,190.12342648115197,155.72913090981956
28062669,-2.665901,0.974952,0.007371103691101055,255.7400798814044,191.2688183099874
28062669,-2.665901,0.974952,0.007371103691101055,255.7400798814044,191.2688183099874
28065166,-3.306297,2.405159,-0.00838289630889899,290.67832156327034,63.37462580207551
28069358,-3.229868,0.679764,2.010844103691101,106.21309058268515,167.3594596424251
28032894,-0.914979,1.918827,-0.005218896308898824,428.4714892451581,261.69256562472094
28078993,-0.94025,1.969495,-0.008228896308899003,433.9201643290802,253.58793477731572
28078993,-0.94025,1.969495,-0.008228896308899003,433.9201643290802,253.58793477731572
28072956,-4.120643,1.322519,1.782605103691101,127.26590061935764,95.8488869966321
28085332,0.322716,-9.474033,1.2064761036911011,144.13339809648315,433.96897302527145
28026497,-5.492298,1.717024,-0.02064689630889882,224.9247201642672,77.26844236286342
28069366,-2.581975,0.765937,-0.006767896308898846,252.50265256064512,205.2628770055369
28069366,-2.581975,0.765937,-0.006767896308898846,252.50265256064512,205.2628770055369
28069367,-6.183805,-1.198399,2.9845701036911008,84.25006406211273,158.1896285129196
28069367,-6.183805,-1.198399,2.9845701036911008,84.25006406211273,158.1896285129196
28072959,-2.948609,1.579136,-0.017496896308898835,269.2863575164467,144.14961768369704
28069368,-3.699656,0.38859,1.753418103691101,129.3434548251381,168.05325690455976
28062687,-6.460781,-0.641115,2.994751103691101,81.92830584250711,133.53620395922985
28060245,-3.325743,-3.803074,4.482964103691101,8.042423014965976,306.2884573557825
28060245,-3.325743,-3.803074,4.482964103691101,8.042423014965976,306.2884573557825
28052813,-2.854592,1.326838,-0.022018896308898972,263.5652377530026,164.01150184900663
28052813,-2.854592,1.326838,-0.022018896308898972,263.5652377530026,164.01150184900663
28062694,-2.654178,0.903128,-0.006534896308898919,254.708473530649,195.47644202320515
28072976,-3.080583,1.512003,-0.026501896308898987,263.87061173157514,143.97903794319524
28060254,-2.145012,-1.736965,1.9742381036911012,114.64518545682246,310.3775698709414
28072977,-0.917305,1.884623,-0.01707589630889883,423.18551472945103,264.06290171978094
28062699,-4.740343,-0.253485,-0.12051989630889892,211.1172506801745,175.66810404015172
28062699,-4.740343,-0.253485,-0.12051989630889892,211.1172506801745,175.66810404015172
28065206,-3.359525,2.295767,0.01331810369110098,282.3295997672016,72.50685026893424
28070987,-0.126039,-7.539574,1.5991311036911011,133.74948409073568,426.48089202072697
28014698,-2.969746,1.629209,-0.01567289630889901,270.35594636386185,139.88723676932318
28065222,-0.917996,1.924561,-0.010470896308898858,429.4343936969676,260.7162828095883
28065222,-0.917996,1.924561,-0.010470896308898858,429.4343936969676,260.7162828095883
28030403,-2.815375,1.107015,0.02092510369110112,255.30487339408867,177.82748200079092
28072992,-0.920706,1.868873,-0.015628896308898854,419.98222013905433,264.8624004476086
28049125,-7.805958,1.034685,-0.02940089630889897,198.69874031577268,81.09470682930998
28079054,-5.427483,-2.837153,3.3551891036911012,74.48473034502385,218.15353927472
28079054,-5.427483,-2.837153,3.3551891036911012,74.48473034502385,218.15353927472
28073001,-4.087546,1.181237,1.7785061036911012,127.69385126408066,107.2759361687747
28062738,-1.077846,1.822056,-0.021100896308898998,393.7196043216538,248.121191772558
28069399,-3.081756,0.629837,1.944312103691101,111.10842390139,177.71003200556572
28069399,-3.081756,0.629837,1.944312103691101,111.10842390139,177.71003200556572
28062743,-3.790823,0.26084,1.584411103691101,140.33489776414072,172.52025927325036
28060285,-1.980677,-1.69585,2.025815103691101,110.40796950425516,319.46874642694706
28065242,-5.770796,2.236237,-0.06632089630889881,231.80035509367016,43.89429488073685
28073012,-3.014443,1.432997,-0.006484896308898813,261.9087564261414,151.1703204674351
28065252,-5.649106,2.195616,0.12708610369110107,224.0345060583951,43.76369639764138
28062755,-6.227293,-0.939649,2.978998103691101,83.06464164524539,148.7282413589943
28075575,-5.102284,2.443344,0.3157031036911011,226.950569590711,26.14806316720984
28044284,-4.889417,-0.466711,0.04463510369110102,202.02799873074105,178.0559819157928
28052852,-3.594833,1.357579,2.0302221036911012,102.24508208608222,102.04177656932254
28062770,-4.128414,-0.230234,0.07850110369110119,209.0680316140349,189.47822169219876
28062770,-4.128414,-0.230234,0.07850110369110119,209.0680316140349,189.47822169219876
28049136,-3.009227,1.420466,-0.007012896308898897,261.6742282875625,152.15750124232926
28069415,-3.063496,0.561137,1.9478271036911012,111.0921778115892,182.6535704140638
28065265,-6.450234,2.124586,0.16593510369110098,212.2867660205572,40.31450688708935
28073023,-4.05064,1.118994,1.747231103691101,129.9919240962043,113.2234229483628
28079105,-5.066472,0.191382,0.018044103691100988,208.11222344258084,152.71918538340293
28065268,-0.922472,1.868107,-0.013698896308898867,419.4620310130797,264.6953767417897
28075611,-1.518584,2.142651,-0.014767896308898854,386.5860925707859,171.7643507443458
28075611,-1.518584,2.142651,-0.014767896308898854,386.5860925707859,171.7643507443458
28069423,-5.920123,-1.534468,2.968586103691101,85.35740352882979,174.18793154038946
28069423,-5.920123,-1.534468,2.968586103691101,85.35740352882979,174.18793154038946
28075618,-7.357609,0.3446,2.7329341036911012,93.62886472163962,82.61349381682302
28052863,-2.938165,1.173402,-0.03207189630889884,257.295414337388,169.70900656974015
28052863,-2.938165,1.173402,-0.03207189630889884,257.295414337388,169.70900656974015
28065279,-3.328981,2.085958,-0.026124896308898915,277.1453031037185,93.32785465930286
28073036,-1.007322,1.805836,-0.008825896308898962,398.71892538247823,258.2327453917542
28073036,-1.007322,1.805836,-0.008825896308898962,398.71892538247823,258.2327453917542
28065280,-3.158752,2.084623,-0.0062838963088989175,281.57249555967564,97.6966590552005
28073039,-2.978153,1.358015,-0.005356896308899017,260.4044898252581,157.16021074449577
28073047,-5.409919,0.540507,0.034996103691101066,208.38649583104032,132.691775773188
28075636,-6.979561,-0.234209,1.6761761036911011,137.43389720821517,121.20685563819056
28075642,-6.803678,-0.36004,0.8302611036911011,167.16773385525642,134.35525646507836
28075644,-6.744074,-0.335964,0.26799910369110114,185.55181714603475,138.2370561603863
28060330,-2.608135,-5.953967,0.23153910369110098,173.98923009827345,326.93044450528214
28044301,-4.903711,-0.592902,0.09936710369110102,198.89603368443235,181.24321603386565
28062823,-7.526688,-1.909991,4.645857103691101,30.914699095243577,145.87866618720784
28062823,-7.526688,-1.909991,4.645857103691101,30.914699095243577,145.87866618720784
28065307,-5.668154,1.909572,-0.047216896308899026,226.90395072985876,64.50041146638304
28065308,-3.283533,1.98507,-0.02043589630889886,274.335836484686,102.87020490739604
28069439,-3.179401,0.373805,2.0296571036911013,106.41488711150907,187.36030814240905
28069439,-3.179401,0.373805,2.0296571036911013,106.41488711150907,187.36030814240905
28085512,-6.829006,1.661463,2.547937103691101,90.9692783291951,17.995464302901382
28085513,-3.873505,2.110922,1.947386103691101,106.69504648230765,16.025230082429687
28085515,-4.777456,2.026264,1.566818103691101,145.03131679029826,29.98620358961969
28085518,-5.138344,1.902435,1.1733881036911011,169.76182120877215,46.883943167190296
28065324,-6.010562,1.807898,0.09713810369110099,215.4652361895149,63.78621990751361
28065325,-3.243989,1.937373,-0.007166896308898885,272.95526070015546,107.59458158552424
28085521,-5.03717,1.906227,0.6780771036911011,199.1300442154187,59.021172911217775
28085527,-5.918804,1.520844,0.785442103691101,182.89344278719977,69.58108694344463
28073067,-2.957663,1.289604,-0.013979896308898843,259.29163305456143,162.13168687437613
28069446,-5.774438,-1.609523,2.927819103691101,86.65352735087302,179.77223748053513
28069446,-5.774438,-1.609523,2.927819103691101,86.65352735087302,179.77223748053513
28085535,-1.9432,2.534141,-0.06966589630889897,395.10891648272377,92.40184783689172
28085539,-3.444396,1.536154,2.000954103691101,101.75566442961164,90.3435880323527
28037407,-0.916272,1.924504,-0.00968789630889888,429.62096611433935,260.9781550311632
28037407,-0.916272,1.924504,-0.00968789630889888,429.62096611433935,260.9781550311632
28085542,-4.672692,1.113658,1.603610103691101,140.67802475992974,100.94355563361076
28085545,-4.605938,1.322759,0.594596103691101,200.18490299451844,105.40727204810096
28049150,-3.01859,1.378435,-0.02217189630889882,260.9717956146296,154.59589441208456
28069459,-5.526812,0.977128,0.04921610369110119,211.72548241828997,112.36589846458268
28085549,-4.041565,1.191024,1.601297103691101,140.668383169553,110.95332018351591
28062878,-5.754267,-1.486684,2.9259971036911008,85.83401334973038,176.5986260350605
28062878,-5.754267,-1.486684,2.9259971036911008,85.83401334973038,176.5986260350605
28085551,-4.747545,1.111637,0.5123651036911011,200.3383428049492,115.19689275644352
28069460,-2.991444,1.770487,0.010109103691101184,273.4024514745955,128.41409455841313
28085553,-3.639644,1.200997,1.967076103691101,109.77016355452432,115.24435652516796
28069462,-5.100676,1.098338,-0.08392389630889885,222.93844625216207,115.98158062241998
28049154,-4.990738,1.148935,-0.02831589630889897,222.6270696728749,115.04225902102556
28085554,-3.913977,1.235195,1.301685103691101,162.2094704198742,116.45468850751712
28079187,-1.544782,1.814855,-0.018829896308898864,349.1312427615107,202.44443201410272
28079187,-1.544782,1.814855,-0.018829896308898864,349.1312427615107,202.44443201410272
28075727,-5.573862,-3.216503,2.6930181036911014,102.2567835307436,223.11830814140836
28075727,-5.573862,-3.216503,2.6930181036911014,102.2567835307436,223.11830814140836
28085558,-5.78306,0.219112,0.3782881036911011,190.14953320990168,135.0985271706749
28030438,-5.697042,0.85304,0.06421710369110101,208.27204321217744,114.6669435128292
28065376,-7.386345,1.44052,0.6562031036911011,180.2843894063145,59.91452703173982
28085562,-3.169135,0.994142,1.993686103691101,104.69162569482629,148.45470122712538
28085563,-5.209486,0.133442,0.03012310369110116,205.945116475712,151.71277365125655
28085564,-10.891302,-3.359484,-1.114732896308899,189.84966443486448,157.71519503343927
27960095,-6.489093,-0.263306,4.014063103691101,24.75374419665451,107.27506886377488
28075731,-5.548675,-3.195671,1.9713561036911011,126.37066637955728,223.69559441465725
28075731,-5.548675,-3.195671,1.9713561036911011,126.37066637955728,223.69559441465725
28085569,-3.249572,0.657437,1.9592581036911012,110.91389245270572,168.44038088191863
28085570,-5.100693,-0.305671,0.08597610369110109,200.57521971321128,168.23628600749288
28065383,-6.801914,1.448448,0.214926103691101,200.1450751346613,71.38539792825648
28085571,-5.014273,-0.382232,0.10226010369110106,199.89698201612524,172.4238604620365
28085572,-2.717423,0.924375,1.940193103691101,106.06903178350214,176.263958652005
28085575,-2.703071,0.757431,1.949935103691101,106.39434100115952,188.65482800408128
28073112,-2.790391,1.250359,-0.003047896308898901,261.68755858264615,170.96514487400867
28073112,-2.790391,1.250359,-0.003047896308898901,261.68755858264615,170.96514487400867
28065388,-3.220588,1.772719,-0.03905489630889902,269.5563411525221,121.5041279557852
28030445,-2.76198,0.993673,0.02643310369110119,252.97162213562336,186.0465587116437
28030445,-2.76198,0.993673,0.02643310369110119,252.97162213562336,186.0465587116437
28079207,-2.689973,-0.494283,2.020421103691101,108.9593058710128,249.516643558156
28079207,-2.689973,-0.494283,2.020421103691101,108.9593058710128,249.516643558156
28085582,-2.856158,0.453853,1.985016103691101,106.92780091890435,198.75591076542585
28085582,-2.856158,0.453853,1.985016103691101,106.92780091890435,198.75591076542585
28030451,-7.00988,0.917134,0.7140571036911011,176.57887680040747,86.22868707247906
28049158,-7.929023,0.755324,-0.08661389630889893,197.7248873027225,90.49466537523811
28065407,-5.928757,1.400423,-0.007367896308899002,215.29113752750743,87.32550460445512
28075761,-3.679361,0.323068,1.7469891036911012,129.7842770865472,172.14020130472628
28075761,-3.679361,0.323068,1.7469891036911012,129.7842770865472,172.14020130472628
28065410,-4.310788,1.626021,1.7754401036911012,127.98666122224354,67.03547886229373
28079214,-3.904413,-3.075363,0.06692610369110108,187.67631132315236,259.8513848032737
28079214,-3.904413,-3.075363,0.06692610369110108,187.67631132315236,259.8513848032737
28079219,-6.255003,-7.611645,1.3020341036911012,143.04226704273376,266.77720033495405
28085592,-1.887561,1.47652,-0.03655689630889891,305.2115535586749,203.35106568958983
28085592,-1.887561,1.47652,-0.03655689630889891,305.2115535586749,203.35106568958983
28069483,-8.131823,0.077557,-0.191126896308899,195.216993852475,110.8408225256594
28085596,-2.904301,0.489411,0.254640103691101,225.8478200722584,202.7133387028225
28065421,-4.313429,1.574057,1.6466671036911011,138.02449252577748,74.53702793658343
28069486,-3.126378,1.62787,-0.022670896308898847,266.25764857218127,134.58868459416342
28085597,-2.873728,0.460675,0.37503410369110113,219.21678019044603,204.76898957197304
28085608,-2.928062,-0.116522,2.028688103691101,107.7775648330372,222.82971618932928
28062944,-8.089054,-3.320592,5.077193103691101,35.0384290116742,171.64234785096653
28062944,-8.089054,-3.320592,5.077193103691101,35.0384290116742,171.64234785096653
28073162,-2.768615,1.160953,-0.014077896308898996,260.05597887832687,177.0688816623096
28073162,-2.768615,1.160953,-0.014077896308898996,260.05597887832687,177.0688816623096
28062948,-5.886694,-1.916652,3.454700103691101,66.6167609966293,183.99341942104928
28062948,-5.886694,-1.916652,3.454700103691101,66.6167609966293,183.99341942104928
28065435,-6.524821,1.147386,0.7780011036911011,177.4674910726552,81.15333509071132
28026573,-5.864509,1.459477,0.08826510369110108,212.8328201532651,84.02715747343652
28073168,-2.867418,1.099488,-0.007791896308898982,255.4673853539986,176.34885438849122
28073168,-2.867418,1.099488,-0.007791896308898982,255.4673853539986,176.34885438849122
28079242,-3.745022,-4.856217,0.7327051036911011,161.76127700534786,289.0090002280656
28069505,-6.600188,0.278711,0.788748103691101,171.9539688185544,116.0808622733449
28075795,-3.032911,0.24166,2.019038103691101,107.01288159724484,201.1316433673478
28075795,-3.032911,0.24166,2.019038103691101,107.01288159724484,201.1316433673478
28062974,-5.580307,-1.896493,3.184773103691101,75.97080897221585,191.45979248284107
28062974,-5.580307,-1.896493,3.184773103691101,75.97080897221585,191.45979248284107
28075808,-2.938248,0.13287,1.9568431036911011,111.93697892419674,211.2923421251915
28075808,-2.938248,0.13287,1.9568431036911011,111.93697892419674,211.2923421251915
28079254,-3.325132,-4.237443,2.439880103691101,106.34866542797454,300.67337549258195
28085634,-3.300904,-1.025118,1.746289103691101,130.04996400834983,238.36037215644495
28069518,-2.923828,1.590541,0.003345103691101192,269.1763705654291,143.99730224390728
28085641,-2.638788,-1.032139,1.974574103691101,114.33880100076968,268.57955889713725
28075821,-5.609157,-3.264071,0.9999671036911011,155.6146925696799,224.15132550048992
28079264,-3.197725,-4.533544,3.7636591036911007,52.64573586347049,315.89557816202137
28065451,-3.083573,1.583491,-0.009221896308899025,265.1552533585304,138.89044595631492
28073189,-2.854427,1.039249,-0.021560896308898903,254.80364002632427,180.18520088461588
28085649,-2.886914,-1.829331,1.061240103691101,162.244970377928,272.5983097721256
28069525,-3.050427,1.514252,-0.011403896308898931,263.87810413118586,144.70207784478492
28085651,-3.334125,-2.837236,0.7280301036911011,169.67775324932632,273.9646176910028
28026590,-2.885703,1.254649,0.01552610369110119,258.3327611264767,166.68800816708915
28079281,-1.823513,-2.269852,1.429586103691101,144.84211538519412,330.4228396452597
28065456,-5.558361,1.151092,-0.2085248963088988,223.57567250593848,106.9706545392093
28065458,-5.779853,1.09127,0.06609910369110117,210.13167240791225,102.969463033243
28073199,-2.714901,1.063278,-0.005438896308898933,257.91038187099866,184.60638410441817
28073199,-2.714901,1.063278,-0.005438896308898933,257.91038187099866,184.60638410441817
28069526,-6.898273,0.48575,4.017010103691101,17.900532197428475,62.31668992110042
28083033,-5.898954,2.598589,0.6106831036911011,203.3097886431696,1.0473327465559803
28073209,-5.193078,-0.110068,0.0782081036911011,201.9878327246378,160.0250877561271
28069532,-5.279125,0.578261,0.081467103691101,208.1110002566496,133.29684389250963
28051628,-0.923107,1.935359,-0.005520896308898848,430.1953087127599,259.1001448340447
28051628,-0.923107,1.935359,-0.005520896308898848,430.1953087127599,259.1001448340447
28083041,-6.585041,2.1928,1.5440011036911012,146.0259649822247,5.346086654374375
28065469,-3.070422,1.497981,-0.023970896308898926,263.5386127204351,145.21513824470705
28083044,-6.89163,2.162916,1.3799621036911012,154.23286631669572,10.181056254687064
28083061,-7.249168,1.593145,2.175965103691101,114.29288025140666,27.811541041609985
28075871,-4.136942,-3.209824,4.661867103691101,1.113334777163942,265.4455032499513
28075871,-4.136942,-3.209824,4.661867103691101,1.113334777163942,265.4455032499513
28083065,-4.72296,2.019509,1.4360631036911011,154.71711146204206,35.08135421118902
28075872,-4.922617,-5.254845,2.742308103691101,104.63532932478302,270.2273188930501
28075872,-4.922617,-5.254845,2.742308103691101,104.63532932478302,270.2273188930501
28083066,-6.216975,2.091988,0.21338610369110111,212.1657070034187,43.326572219618015
28049184,-2.956515,1.286731,-0.010657896308899018,259.0450107036456,162.31078860804885
28083069,-6.29699,1.735068,1.5509521036911011,144.81473494223633,38.55225280288582
28065484,-2.877823,1.475365,0.0043431036911010246,266.37763445700534,153.4792034029088
28083075,-6.317728,1.571033,1.727541103691101,135.23623717242538,45.28001391331992
28065490,-5.554714,0.893317,0.03333710369110099,211.12084244645428,115.69318513654925
28075884,-2.447863,-1.110715,2.034174103691101,109.74921167547772,280.9089892524258
28083084,-6.62548,1.675158,0.5278461036911011,191.1126326208285,57.44962646789944
28073238,-3.331442,0.761544,2.027892103691101,105.0049190138064,157.61737401024192
28083092,-6.037742,1.675203,0.5929561036911011,192.27496835479576,62.654861105289854
28052981,-2.780334,0.857957,-0.02064689630889882,251.4055315696812,192.34849611336665
28069555,-5.208663,0.475365,0.08084810369110107,207.60414271054643,138.7383158303391
28037482,-3.543186,2.895018,-0.021691896308899006,306.97016772754336,2.8827781503841265
28069558,-2.860312,1.458035,0.009371103691101057,265.97373154886947,155.2300990942045
28083110,-5.235524,1.459183,0.840376103691101,183.93095160817944,81.96838078382805
28060517,-1.618446,-11.79994,2.744075103691101,110.26100060870108,388.75820289571095
28060523,-1.54123,-10.597712,2.967749103691101,102.3700949537216,391.0882260433822
28073263,-6.452443,-1.328835,3.613340103691101,59.14317219769461,153.3160401178251
28073263,-6.452443,-1.328835,3.613340103691101,59.14317219769461,153.3160401178251
28083117,-4.67008,1.577435,0.5103561036911011,207.41431682087364,90.09660492547846
28065519,-2.97863,1.348522,-0.009918896308898972,260.3556066926278,157.77019669544157
28083124,-5.043527,1.309784,0.863146103691101,182.65093211614115,93.62069071310292
28073279,-3.685736,0.432342,1.746340103691101,129.7437867635955,166.3372897535431
28073279,-3.685736,0.432342,1.746340103691101,129.7437867635955,166.3372897535431
28063092,-5.352686,-2.612587,3.052264103691101,84.85258296836986,215.28217392457145
28063092,-5.352686,-2.612587,3.052264103691101,84.85258296836986,215.28217392457145
28083129,-4.202463,1.427852,1.0307441036911011,180.05088293281517,100.58329546133108
28026627,-5.752833,1.227724,0.09031910369110108,210.9987348691465,96.83920012657994
28037499,-3.551708,2.844502,-0.043721896308899,305.18534067968227,10.390116141082586
28083134,-5.641142,0.983359,0.42611010369110114,195.66307807418437,105.9171513417364
28083137,-5.371546,0.970711,0.7422021036911011,183.57423884670013,107.36664731382298
28083139,-4.567321,1.20694,0.9582031036911011,179.69096348336518,107.61472670386266
28065535,-4.062662,1.158163,1.750065103691101,129.77613011152795,110.09552737448855
28053007,-2.766947,0.808488,-0.026342896308898966,250.68197158650608,195.29912563437517
28065539,-2.827712,1.33267,-0.006821896308898845,263.59439429689303,164.57798846421687
28065539,-2.827712,1.33267,-0.006821896308898845,263.59439429689303,164.57798846421687
28073305,-3.689316,0.298806,1.7494231036911012,129.66987909736756,172.97172256242786
28073305,-3.689316,0.298806,1.7494231036911012,129.66987909736756,172.97172256242786
28073307,-4.912669,-0.569101,0.023535103691101122,201.6916276417313,180.65138072389743
28073308,-2.584087,0.790717,-0.002730896308899,252.92145406514229,203.99789381734703
28073308,-2.584087,0.790717,-0.002730896308899,252.92145406514229,203.99789381734703
28053012,-5.148202,-0.037891,0.030339103691101155,204.71200815294588,158.85238475786645
28063125,-5.433602,-2.90231,3.256619103691101,78.94580725435097,219.5285649105048
28053013,-2.591138,0.866901,0.01965210369110104,253.6697040522373,199.94122846016887
28053013,-2.591138,0.866901,0.01965210369110104,253.6697040522373,199.94122846016887
28073314,-2.713319,0.687192,-0.028222896308898848,248.7543214471837,203.1444704501272
28073314,-2.713319,0.687192,-0.028222896308898848,248.7543214471837,203.1444704501272
28083147,-4.437315,1.11903,1.0158641036911011,176.47315155854423,114.87120824442265
28083151,-7.330511,0.008676,0.31804110369110106,183.57377938987776,118.91534757563124
28083153,-6.586737,-0.16039,2.182125103691101,116.44860195254098,120.25012758119205
28075954,-1.997901,-2.50869,0.540003103691101,184.0096420453999,317.4187094708859
28065549,-2.934002,1.263653,-0.003251896308898994,258.47977367411045,164.45559336389715
28065549,-2.934002,1.263653,-0.003251896308898994,258.47977367411045,164.45559336389715
28063138,-4.844975,-3.106022,0.20543810369110105,180.05445890252216,237.7950349750953
28063138,-4.844975,-3.106022,0.20543810369110105,180.05445890252216,237.7950349750953
28063139,-4.209268,-2.441169,-0.02716289630889901,193.0423135552808,241.2021795828649
28063139,-4.209268,-2.441169,-0.02716289630889901,193.0423135552808,241.2021795828649
28075962,-1.871447,-2.368567,0.3778431036911011,192.5744651907308,319.9450693938876
28053021,-2.709791,0.796319,0.000819103691101164,250.11901386525264,198.16948497496128
28053021,-2.709791,0.796319,0.000819103691101164,250.11901386525264,198.16948497496128
28065551,-6.589005,0.279155,0.8022271036911011,171.50252166772833,116.11096206374634
28075963,-1.927989,-2.40138,1.1426911036911012,158.44291447619162,324.1546044776569
28053025,-5.016104,-0.052551,0.058587103691100983,204.5228037413139,161.99967619580275
28083158,-3.189103,1.290413,1.978350103691101,103.71183692240196,123.44269701101685
28053026,-2.585114,0.828719,0.008990103691101092,253.31694250375023,202.1048680297855
28053026,-2.585114,0.828719,0.008990103691101092,253.31694250375023,202.1048680297855
28073330,-3.64541,0.226909,1.749439103691101,129.6262559688475,178.04458766596554
28073330,-3.64541,0.226909,1.749439103691101,129.6262559688475,178.04458766596554
28063145,-2.205414,-0.189351,-0.03576489630889901,238.23582517046927,258.6138112598998
28063145,-2.205414,-0.189351,-0.03576489630889901,238.23582517046927,258.6138112598998
28083161,-6.147702,0.19699,0.6398161036911011,178.6155627549033,127.48457587549932
28037515,-3.584921,2.798307,0.01015110369110106,297.6359219343308,13.661435717357875
28063150,-3.17874,-0.940009,1.639710103691101,135.6797540964537,240.67466753635364
28083164,-6.550362,-0.218211,1.526462103691101,142.99198673438974,128.53014223275062
28065562,-5.351489,0.559069,0.04474710369110113,208.7017075404316,132.98665743648814
28069603,-2.826146,1.388165,0.011097103691101173,264.43789338358823,161.02461075684724
28083167,-4.104018,1.02254,0.6547541036911011,198.0065148349617,133.33164747391945
28065565,-2.786077,1.251148,-0.0002068963088988074,261.6613703909543,171.0707673161444
28053040,-7.147194,-0.506235,3.709662103691101,53.07217751272441,110.46018560426346
28083171,-4.215791,0.867624,0.593418103691101,198.2204594795616,139.20035404062517
28065572,-5.505739,0.424437,0.05796210369110111,205.5714851264752,135.14868727158537
28073352,-3.620861,0.147396,1.577247103691101,140.55116005547796,183.7423461390427
28073352,-3.620861,0.147396,1.577247103691101,140.55116005547796,183.7423461390427
28053048,-2.729821,0.714343,-0.030721896308898877,249.241464245575,201.2320985928174
28053048,-2.729821,0.714343,-0.030721896308898877,249.241464245575,201.2320985928174
28069617,-6.895197,-0.529682,0.07870410369110115,189.4722288635064,142.71045997394612
28063165,-5.469194,-4.176443,-0.01784489630889885,179.42633090319967,241.0267262541243
28083181,-9.03929,-3.195607,-0.6931658963088989,187.75860958917724,173.34884275777216
28083181,-9.03929,-3.195607,-0.6931658963088989,187.75860958917724,173.34884275777216
28053054,-5.074286,-0.201631,0.02335110369110116,203.93604628743728,165.832966176
28063175,-3.731185,-2.071024,0.3729861036911011,184.7523375543861,247.49684285655383
28063178,-4.928163,-3.629114,0.15470910369110102,178.86265798422164,244.2010144108542
28063178,-4.928163,-3.629114,0.15470910369110102,178.86265798422164,244.2010144108542
28076031,-0.77151,-2.317101,0.7789221036911012,181.67965571452476,383.9046833095598
28076034,-0.333484,1.339024,-0.0013818963088989555,413.4661395025177,389.6773945835344
28065583,-6.696928,-0.220457,3.5309041036911015,53.79439410028036,107.40887493263772
28073367,-6.113208,-1.92204,3.3109731036911008,74.69160849230028,179.73157275415508
28073367,-6.113208,-1.92204,3.3109731036911008,74.69160849230028,179.73157275415508
28076041,-0.982553,-13.032339,1.7277931036911012,131.75104632363957,398.2725840824654
28053067,-2.68569,0.68274,-0.013644896308898868,248.4369314940196,204.47647098871616
28029837,-0.919428,1.936672,-0.009203896308898951,431.2654423930498,259.48292696144046
28029837,-0.919428,1.936672,-0.009203896308898951,431.2654423930498,259.48292696144046
28083199,-2.764338,0.703021,1.344284103691101,160.04529422410016,193.13065933799948
28069628,-2.813228,1.322427,0.0021241036911010536,263.12482711584084,165.6936006163184
28069628,-2.813228,1.322427,0.0021241036911010536,263.12482711584084,165.6936006163184
28065601,-6.973775,-0.509207,3.655005103691101,53.90352606008727,113.81369247245075
28073385,-3.546649,0.075296,1.723938103691101,131.16689269119885,188.88042457830463
28073385,-3.546649,0.075296,1.723938103691101,131.16689269119885,188.88042457830463
28073390,-3.59282,0.027523,1.566068103691101,141.05981244000742,190.103496400028
28073390,-3.59282,0.027523,1.566068103691101,141.05981244000742,190.103496400028
28069641,-2.906842,1.220778,-0.002578896308898848,257.8107280723576,167.98760299084398
28069641,-2.906842,1.220778,-0.002578896308898848,257.8107280723576,167.98760299084398
28065608,-5.232035,0.317682,0.04940410369110104,206.93539743911148,144.49026657902277
28053085,-9.509053,-2.557769,-0.7322538963088989,189.64785669082963,157.47833610802513
28083214,-3.013316,0.462837,-0.009371896308898897,237.09975127466564,200.52496747848167
28083214,-3.013316,0.462837,-0.009371896308898897,237.09975127466564,200.52496747848167
28069653,-2.773507,1.255087,0.006769103691101064,261.71294165102506,171.29620942022598
28055241,-0.914269,1.907375,-0.004599896308898899,426.5344177611308,262.76328928993763
28055241,-0.914269,1.907375,-0.004599896308898899,426.5344177611308,262.76328928993763
28053097,-5.037952,-0.458719,0.0069981036911010985,202.4025574922624,174.6716936106813
28049226,-2.763813,1.190971,-0.0019048963088990067,260.42134608616834,175.4786462248383
28049226,-2.763813,1.190971,-0.0019048963088990067,260.42134608616834,175.4786462248383
27973848,-6.440853,-1.4208,4.460152103691101,18.596037996433267,151.17716460037525
27973848,-6.440853,-1.4208,4.460152103691101,18.596037996433267,151.17716460037525
28030547,-2.671354,0.720107,0.006476103691101187,248.62274629879383,203.33936731599064
28030547,-2.671354,0.720107,0.006476103691101187,248.62274629879383,203.33936731599064
28063241,-3.541691,-2.708761,-0.0024928963088988176,193.82284698892224,263.7853894552636
28063241,-3.541691,-2.708761,-0.0024928963088988176,193.82284698892224,263.7853894552636
28053108,-9.399466,-2.745194,-0.726733896308899,189.12108283218708,161.8929404900797
28037540,-3.523385,2.691958,0.014755103691101112,294.46854769776724,27.06596942916613
28069667,-2.882356,1.155852,-0.0043608963088990205,256.5679932697079,172.63418863000982
28069667,-2.882356,1.155852,-0.0043608963088990205,256.5679932697079,172.63418863000982
28063251,-2.003416,-0.591377,-0.012354896308898855,232.24755839695916,279.47849791871937
28069668,-2.758034,1.224222,0.014023103691101158,260.70534821022375,173.67602801293793
28069668,-2.758034,1.224222,0.014023103691101158,260.70534821022375,173.67602801293793
28053115,-4.941177,-0.508214,0.02490710369110105,201.9936363366204,178.21224009889363
28065630,-2.716424,1.082833,0.0017921036911010546,258.05583143258843,183.44102241803225
28065630,-2.716424,1.082833,0.0017921036911010546,258.05583143258843,183.44102241803225
28065637,-2.849759,1.012555,-0.02011789630889882,254.07867672414056,181.75506151790808
28065637,-2.849759,1.012555,-0.02011789630889882,254.07867672414056,181.75506151790808
28069691,-2.861724,1.088843,-0.009331896308898857,255.378474125335,177.16406993524788
28069691,-2.861724,1.088843,-0.009331896308898857,255.378474125335,177.16406993524788
28063277,-1.956855,-0.76599,-0.03537689630889895,230.7666472338082,285.73479849486733
28037551,-3.437011,2.60273,-0.040993896308898936,297.2051667013644,40.66409454527943
28069695,-3.705119,0.530631,1.724497103691101,131.20801617062034,160.61649159969406
28065648,-6.223712,-0.539453,3.9726221036911014,27.591512942505744,125.06821320181665
28069703,-2.809058,1.04923,0.013260103691101088,254.2072974981524,181.25732688483416
28034085,-2.901028,1.297355,0.017430103691101095,259.1595089137217,163.54115875107078
28034085,-2.901028,1.297355,0.017430103691101095,259.1595089137217,163.54115875107078
28069714,-2.701555,1.092197,0.009898103691101001,258.24746965574303,183.51571068933023
28026692,-4.848767,0.876443,-0.00879989630889888,219.50758319779808,130.25060605064402
28079614,-4.803884,2.074718,1.251404103691101,167.79374802714403,34.54358021617594
28065666,-2.675659,1.013425,0.006728103691101106,256.68108959902304,188.8552288902822
28063309,-4.909944,-5.058848,2.793692103691101,102.45869516562496,268.1423822052849
28063309,-4.909944,-5.058848,2.793692103691101,102.45869516562496,268.1423822052849
28073473,-3.056076,0.110599,2.0310801036911013,107.10503261467844,206.42443816363428
28073473,-3.056076,0.110599,2.0310801036911013,107.10503261467844,206.42443816363428
28053139,-5.596987,-0.929842,0.04737310369110115,194.0220108952535,176.17504565836495
28053139,-5.596987,-0.929842,0.04737310369110115,194.0220108952535,176.17504565836495
28073480,-2.387755,0.371395,-8.389630889893418e-05,245.90622647512623,230.9610184325833
28073480,-2.387755,0.371395,-8.389630889893418e-05,245.90622647512623,230.9610184325833
28079625,-6.146692,1.679985,-0.047918896308899006,218.26996066503173,71.23301895470266
28069727,-5.005176,-0.363117,0.03562410369110114,202.48998245549788,172.35436239019623
28049251,-4.910799,0.685403,-0.04099789630889883,217.5957956157241,137.44748494772745
28073487,-2.920047,0.191398,1.953891103691101,111.72619696204772,209.38700786551829
28079634,-4.71565,1.429827,0.5150621036911011,204.58694597686096,98.13770263765367
28053151,-6.403008,-0.975038,3.012175103691101,83.04233825867769,146.33687454005852
28053152,-4.863726,-0.646866,0.10785910369110119,198.39531619867276,183.6916735471984
28023593,-3.375093,2.486495,-0.029966896308898816,293.25831808244754,54.11413600337514
28069731,-2.700403,1.04198,0.00045410369110099325,257.2903035500995,186.3210469506459
28069731,-2.700403,1.04198,0.00045410369110099325,257.2903035500995,186.3210469506459
28065682,-2.665517,0.966501,0.0009241036911011857,255.8631754036162,191.75577147612643
28083283,-4.189931,-2.525352,-0.02707589630889884,192.5810154128444,243.2080380546358
28073494,-2.360238,0.353017,0.013466103691101017,245.27872109141657,232.9898734943733
28065684,-6.855851,-0.866384,3.3614251036911007,70.04183794669564,131.8604786202665
28065686,-4.522464,0.253928,0.017808103691101085,213.61204491259235,162.74566405215174
28037578,-3.47261,2.544661,0.013044103691101094,289.4148230169232,44.657832809529
28049255,-2.725673,1.100399,-0.00453889630889881,258.72185035207445,182.1408959176696
28049255,-2.725673,1.100399,-0.00453889630889881,258.72185035207445,182.1408959176696
28065687,-2.801461,0.900242,-0.025587896308898905,252.3529563583154,189.43811550020544
28049258,-2.906455,1.043309,-0.04770789630889882,255.15536496928055,178.08973876323256
28049258,-2.906455,1.043309,-0.04770789630889882,255.15536496928055,178.08973876323256
28079672,-3.368486,0.813424,2.031249103691101,104.63840112207008,152.61223796935934
28069738,-2.812052,0.956872,-0.014993896308898913,253.09643631604985,186.11161817075205
28069738,-2.812052,0.956872,-0.014993896308898913,253.09643631604985,186.11161817075205
28083304,-4.189389,-3.440039,1.086764103691101,154.14895365745917,259.8761069807174
28083304,-4.189389,-3.440039,1.086764103691101,154.14895365745917,259.8761069807174
28063346,-1.842274,-0.979754,-0.02366389630889887,228.0238623018938,296.0881814648534
28083309,-2.652462,-1.178474,1.984689103691101,114.33896828950309,271.8291768305808
28083309,-2.652462,-1.178474,1.984689103691101,114.33896828950309,271.8291768305808
28065702,-7.832924,1.44383,2.106404103691101,120.0113941602864,33.83200178430033
28040790,-3.020024,1.589376,0.032600103691101,264.6424658049112,140.13395413993294
28083315,-3.972888,-3.300172,-0.06460489630889898,189.89084990567235,261.2717294619999
28083315,-3.972888,-3.300172,-0.06460489630889898,189.89084990567235,261.2717294619999
28083317,-2.642849,-1.26973,1.9251551036911012,118.25666139097125,274.3305996141003
28083317,-2.642849,-1.26973,1.9251551036911012,118.25666139097125,274.3305996141003
28083318,-2.963149,-1.742197,1.4694481036911011,143.5500539812611,269.24815960441447
28069755,-2.785152,0.917194,-0.0057478963088988255,252.09785177189465,189.15944597682773
28069755,-2.785152,0.917194,-0.0057478963088988255,252.09785177189465,189.15944597682773
28065709,-7.081658,1.393196,0.16695810369110098,199.4976993091695,71.56782824221682
28069756,-1.57258,1.862582,-0.012389896308898862,350.91150989292174,195.9428289177684
28069756,-1.57258,1.862582,-0.012389896308898862,350.91150989292174,195.9428289177684
28029886,-3.528319,2.866089,-0.024841896308898992,306.2310976889304,6.942266867141569
28065710,-3.088067,1.992555,0.013436103691101042,278.9029431237518,107.33651274722963
28069758,-6.485104,-1.0999,3.6074451036911013,57.43148262476416,144.9521472655925
28073543,-2.337958,0.244091,0.0009251036911011035,243.72657248991732,238.09728423376885
28073543,-2.337958,0.244091,0.0009251036911011035,243.72657248991732,238.09728423376885
28026726,-2.714372,0.888305,0.02111110369110114,251.39773436844757,193.43747437394728
28083334,-5.251627,-0.600378,0.010684103691101177,199.67453120577923,174.23790900425965
28063380,-3.420296,-4.271698,0.244883103691101,178.18244342019224,289.3366881494296
28042913,-3.16102,1.694353,-0.023857896308898896,267.63321413993896,128.8079762298872
28083339,-2.963593,1.114123,-0.06175689630889902,256.6092603672423,172.2254562221667
28083339,-2.963593,1.114123,-0.06175689630889902,256.6092603672423,172.2254562221667
28083340,-3.593981,0.149995,1.616129103691101,138.10631443806602,184.36668773823723
28083340,-3.593981,0.149995,1.616129103691101,138.10631443806602,184.36668773823723
28069771,-2.643827,0.971421,0.009994103691101097,256.0143762369807,192.4078137945072
28029898,-3.623137,2.877151,0.00771210369110098,300.31464646144417,3.4440337073379794
28021341,-5.38295,0.320231,0.0807721036911011,204.62474590183345,141.1786651615455
28026741,-5.59347,0.595768,0.06199410369110114,206.48075746615615,126.93152726976292
28083359,-2.761503,0.765762,-0.03582089630889884,250.1811307798117,197.5676615304956
28083359,-2.761503,0.765762,-0.03582089630889884,250.1811307798117,197.5676615304956
28065757,-3.054189,1.827431,-0.011287896308898926,274.9269342009274,122.28809985284352
28065761,-3.195067,1.779978,-0.02048289630889899,269.45924206176403,121.45375083607438
28083363,-3.018132,0.375436,0.06827510369110112,231.4431156101452,203.58737298002703
28083363,-3.018132,0.375436,0.06827510369110112,231.4431156101452,203.58737298002703
28083366,-2.945737,0.378136,0.05460110369110116,233.30715533045648,206.33976458732928
28065768,-3.592822,1.606811,1.9528401036911012,107.67678322686916,80.22300561319841
28069793,-2.734901,0.83838,-0.002614896308898995,250.8887967020256,195.1116447610364
28069793,-2.734901,0.83838,-0.002614896308898995,250.8887967020256,195.1116447610364
28037624,-3.374609,2.375667,0.023996103691101167,284.62460549601343,63.95959711520428
28079798,-6.526563,-0.985472,0.035596103691101,189.6238602843065,160.9703030850486
28021353,-5.263271,0.143425,0.09931310369110102,203.1038011316352,149.79513641454363
28065784,-2.998236,1.73435,-0.004113896308898912,272.6840318773403,131.1213285515919
28029905,-3.614557,2.81794,-0.00578489630889889,298.44063092055785,11.63239201253549
28083384,-5.14758,-2.745988,1.410684103691101,144.3005439550843,224.3837806669006
28069803,-2.626002,0.888743,0.0068061036911011286,254.20682233426177,197.36596463045677
28069803,-2.626002,0.888743,0.0068061036911011286,254.20682233426177,197.36596463045677
28083396,-4.012595,-2.826173,-0.016541896308899018,191.18011794384236,252.91353318419647
28083396,-4.012595,-2.826173,-0.016541896308899018,191.18011794384236,252.91353318419647
28083400,-2.309839,-0.185762,-0.005518896308899013,235.10156853913196,253.57872000336607
28083400,-2.309839,-0.185762,-0.005518896308899013,235.10156853913196,253.57872000336607
28083401,-4.134395,-3.598771,0.6682391036911011,166.6750021123213,262.9256135324688
28083401,-4.134395,-3.598771,0.6682391036911011,166.6750021123213,262.9256135324688
28083402,-2.280155,-0.221932,-0.0037678963088989548,234.7625865273595,256.06671225375675
28083402,-2.280155,-0.221932,-0.0037678963088989548,234.7625865273595,256.06671225375675
28083403,-2.261325,-0.281227,0.000707103691101052,233.660982243216,258.70152619984265
28083403,-2.261325,-0.281227,0.000707103691101052,233.660982243216,258.70152619984265
28049299,-2.830142,0.950651,-0.025000896308899012,253.0659622210581,185.74727640814177
28049299,-2.830142,0.950651,-0.025000896308899012,253.0659622210581,185.74727640814177
28065795,-5.63524,0.962924,0.020652103691101154,211.695193135101,111.46587249465686
28083405,-2.488007,-1.013775,1.957757103691101,114.5909607118202,275.8042315215156
28083405,-2.488007,-1.013775,1.957757103691101,114.5909607118202,275.8042315215156
28069811,-2.719215,0.79196,-0.0021178963088990255,249.9607152185266,197.98342088012777
28069811,-2.719215,0.79196,-0.0021178963088990255,249.9607152185266,197.98342088012777
28083406,-3.174675,-2.534905,0.9962931036911011,161.44284407506086,275.0213387272423
28083407,-2.930148,-2.19432,1.454679103691101,143.56797080175178,279.5392887013508
28049305,-2.677386,0.96361,-0.008976896308898974,256.05110576963114,191.44200525856496
28049305,-2.677386,0.96361,-0.008976896308898974,256.05110576963114,191.44200525856496
28065806,-2.934957,1.645582,0.007588103691101189,270.59405455909706,139.6610568355031
28034168,-2.77577,1.05831,-0.04908989630889882,258.7200410550992,182.6067608141941
28034168,-2.77577,1.05831,-0.04908989630889882,258.7200410550992,182.6067608141941
28063450,-4.122803,-7.242482,-0.00631489630889881,172.11837939565345,299.8492808513565
28065813,-5.426043,0.862777,0.0686991036911011,210.53499332326277,118.89751794245942
28073622,-3.827042,-1.91152,0.38172210369110104,185.03279716843852,241.48873150772707
28073622,-3.827042,-1.91152,0.38172210369110104,185.03279716843852,241.48873150772707
28065823,-2.891488,1.586084,0.027846103691101076,268.4898953666554,145.18316072376226
28079886,-3.966989,-3.256768,1.109710103691101,154.05042645781737,263.01561836544613
28079886,-3.966989,-3.256768,1.109710103691101,154.05042645781737,263.01561836544613
28037650,-3.377134,2.28229,0.002970103691101178,281.7824467121007,73.68415052939014
28083439,-1.791136,-1.430556,-0.01944889630889901,221.19146910519024,306.8903801199291
28083441,-1.719276,-1.236575,-0.0104568963088989,224.718657522158,307.2402281002344
28076505,-5.075696,2.433084,0.44352810369110107,220.10827319029383,23.743711531418683
28083446,-0.916609,1.884319,0.005950103691101161,421.4425743529374,264.4417066526213
28083446,-0.916609,1.884319,0.005950103691101161,421.4425743529374,264.4417066526213
28076509,-3.865945,2.225631,1.947844103691101,105.43179699125828,0.1005135269842298
28083450,-1.877908,-2.370781,0.7325461036911011,177.42452672693116,322.5868696141503
28073636,-2.982822,-1.404579,1.7656831036911012,128.64531196569826,261.62647460479855
28076517,-5.186221,2.246347,0.38945610369110106,218.0921373379732,38.96337070599876
28076518,-6.778102,1.841251,2.511826103691101,91.32943404296316,6.240014145187445
28076520,-4.606623,2.056944,1.3905991036911012,158.61295028163565,34.285002201407224
28040858,-5.415214,0.52334,0.0986941036911011,205.76052779910208,132.71460383902587
28029916,-3.466111,2.700324,-0.03459689630889895,300.60082148560457,28.694676872479988
28083466,-1.521546,-2.013174,-0.010104896308898992,215.5334373786604,328.556105554464
28065845,-3.483875,1.316149,1.953289103691101,108.91083889307316,110.99689364764302
28076541,-3.756097,1.723185,2.025907103691101,100.8251226688066,61.70903740113542
28069854,-2.67653,0.691124,0.000515103691101082,248.08589239213063,204.44591569529683
28069854,-2.67653,0.691124,0.000515103691101082,248.08589239213063,204.44591569529683
28083477,-1.283593,-2.649833,-0.023487896308898915,210.45832733894665,346.62782803622866
28083481,-1.221875,-2.690763,-0.008426896308898923,209.9382281142016,350.1294800255142
28083485,-1.302649,-5.413413,0.595279103691101,168.9205603075796,368.2132375308288
28049319,-2.650958,0.936368,0.0005521036911011468,255.34809430577215,193.92389326150928
28049319,-2.650958,0.936368,0.0005521036911011468,255.34809430577215,193.92389326150928
28076561,-6.859785,-0.180289,2.623383103691101,98.4792230859544,112.58234074479964
28083487,-1.422593,-8.446194,0.4945361036911011,162.35797376171803,373.0793519359751
28073650,-4.049417,-3.554935,0.05808810369110118,184.73348370738532,263.2820508313494
28073650,-4.049417,-3.554935,0.05808810369110118,184.73348370738532,263.2820508313494
28053282,-5.879052,-1.57898,2.956559103691101,85.89047995262567,176.44825945231366
28053282,-5.879052,-1.57898,2.956559103691101,85.89047995262567,176.44825945231366
28065858,-6.58457,0.219494,0.792951103691101,171.5663432490823,118.44407873873156
28076568,-6.841987,-0.375257,1.636815103691101,138.75710723442523,128.44098149332575
28083490,-0.887726,-6.423819,0.867818103691101,157.98946422095025,389.0701629181656
28069864,-2.58123,0.754434,-0.007123896308898869,252.2216901339657,205.82873763580943
28069864,-2.58123,0.754434,-0.007123896308898869,252.2216901339657,205.82873763580943
28036522,-0.91678,1.922985,-0.003917896308898827,428.8330946990084,261.09246711317047
28036522,-0.91678,1.922985,-0.003917896308898827,428.8330946990084,261.09246711317047
28037681,-3.281537,2.157489,0.020874103691101098,278.70404612339627,87.1607494070852
28073657,-3.850092,-3.301502,4.355213103691101,14.944497885759631,276.737493511082
28073657,-3.850092,-3.301502,4.355213103691101,14.944497885759631,276.737493511082
28083497,-0.571319,-2.931665,0.6213831036911011,185.29198234296015,395.5258830025115
28065870,-2.87557,1.431582,-0.0007098963088989496,265.2406891970263,156.45364954222882
28079957,-1.736348,-3.984723,0.639644103691101,172.38883595647485,343.81316368904555
28083499,-0.339019,-4.649725,0.020507103691101092,196.3927882599373,400.61094016826297
28063511,-1.499127,-1.726918,-0.005476896308898915,219.57311829634432,326.072056428583
28053297,-6.266376,-1.935651,3.5547381036911014,65.62106729669088,175.89780128873093
28053298,-2.37972,0.085002,0.015654103691101096,238.565560949377,241.6736026899188
28053298,-2.37972,0.085002,0.015654103691101096,238.565560949377,241.6736026899188
28079965,-0.515991,1.48639,-0.0030688963088989496,412.5073559343266,351.64357395837993
28053305,-2.342809,0.062479,-0.04740289630889882,241.90813340844736,244.0955307879161
28049331,-2.650699,0.896359,-0.009749896308898887,254.77332478292607,195.9802893806931
28049331,-2.650699,0.896359,-0.009749896308898887,254.77332478292607,195.9802893806931
28069889,-2.640517,0.614154,-0.0033368963088988846,247.07019951170963,209.4279598816395
28069889,-2.640517,0.614154,-0.0033368963088988846,247.07019951170963,209.4279598816395
28079994,-0.454721,-5.81581,1.050244103691101,154.06349755339016,408.3645928245432
28029927,-3.542639,2.667757,-0.0019858963088990045,293.5641468685833,30.30070576815785
28029928,-3.410144,2.613911,-0.018896896308898903,297.4699621013483,39.0127663654724
28063536,-1.433458,-1.866019,-0.005732896308898949,218.3146052226354,331.2211085376842
28063537,-0.443923,0.721444,-0.027908896308898923,334.84058454889094,376.3650864063112
28063542,-0.483178,0.656743,0.033326103691101006,322.6666405192548,373.829265308502
28073697,-2.486746,-2.635828,0.5344291036911011,180.94217313827144,299.28387757615974
28065915,-2.825273,1.321172,-0.008404896308898957,263.3735922702293,165.38882654024633
28065915,-2.825273,1.321172,-0.008404896308898957,263.3735922702293,165.38882654024633
28063558,-1.356406,-2.067025,-0.02116489630889884,217.00471593935455,337.34361026423426
28069923,-6.213046,-1.982911,4.195612103691101,36.69428778137677,175.64576195887216
28053329,-2.371164,0.004827,-0.001391896308899021,237.8414175856725,244.72387835582904
28053329,-2.371164,0.004827,-0.001391896308899021,237.8414175856725,244.72387835582904
28076664,-2.874253,-0.081188,1.9597881036911011,112.42140053358474,224.08207907096457
28073706,-2.406414,-2.489421,1.7797011036911012,127.73400674553808,308.23664635998625
28076667,-2.861308,-0.122518,1.960746103691101,112.47789908640236,226.47216256434524
28073709,-2.639536,-3.496644,0.03179910369110117,191.91720585980391,302.50799350797854
28053336,-2.297713,0.005674,-0.033467896308899014,240.74612707595895,248.1330840563087
28053336,-2.297713,0.005674,-0.033467896308899014,240.74612707595895,248.1330840563087
28012788,-3.377011,2.514815,-0.026504896308898962,294.34524325990475,50.91444923752224
28065949,-6.356415,0.251212,3.9062981036911006,19.56752138023137,84.6978533212793
28076686,-4.09953,-2.396277,0.09968710369110112,189.9577248712073,243.2811064381536
28076688,-6.813273,-0.355638,2.033251103691101,123.52043088765517,125.09057850478736
28022808,-2.938344,1.266275,-0.005981896308898893,258.60669309630646,164.16177224745712
28022808,-2.938344,1.266275,-0.005981896308898893,258.60669309630646,164.16177224745712
28065958,-7.062756,-0.635923,0.025092103691101153,189.67267340765773,143.46445711501252
28065959,-2.789172,1.238928,-0.0029698963088988783,261.34935456231204,171.68051462007605
28076697,-5.17825,0.05389,0.11049110369110116,202.45342637339263,154.59825512243532
28049348,-5.284235,0.117417,0.010675103691101029,205.9243290825539,150.88380285074197
28069954,-5.666949,-1.883777,3.393547103691101,67.18373884755457,188.35385767510837
28069954,-5.666949,-1.883777,3.393547103691101,67.18373884755457,188.35385767510837
28063610,-2.845178,-6.789831,3.7178751036911013,70.10199492866965,346.2072615395358
28049349,-2.730396,0.844463,0.003329103691101176,250.82715213430615,194.9807858546697
28065988,-2.875978,1.107901,-0.019120896308898905,256.1378486820096,175.64165894489616
28065988,-2.875978,1.107901,-0.019120896308898905,256.1378486820096,175.64165894489616
28053359,-2.303353,-0.027078,0.03212210369110102,236.62321808780763,249.04733114236151
28053359,-2.303353,-0.027078,0.03212210369110102,236.62321808780763,249.04733114236151
28053360,-2.269653,-0.037485,-0.031757896308898914,240.20306749972815,250.86950882707345
28053360,-2.269653,-0.037485,-0.031757896308898914,240.20306749972815,250.86950882707345
28069966,-2.883624,0.209719,2.004146103691101,107.26141766563178,210.1414875201401
28069966,-2.883624,0.209719,2.004146103691101,107.26141766563178,210.1414875201401
28026127,-0.914423,1.909994,-0.007930896308898872,427.2231772169023,262.4869545836954
28026127,-0.914423,1.909994,-0.007930896308898872,427.2231772169023,262.4869545836954
28037725,-3.221601,2.001119,0.01882410369110099,274.51404235443147,102.48572269367315
28063646,-2.527708,-7.194879,3.6693221036911012,72.33880320507382,358.27529774062407
28053378,-2.320628,-0.09879,0.010082103691101185,235.93496862628723,250.44311273888292
28053378,-2.320628,-0.09879,0.010082103691101185,235.93496862628723,250.44311273888292
28076757,-2.91574,-0.017861,1.9617711036911012,112.2087983878841,219.27638624429133
28076757,-2.91574,-0.017861,1.9617711036911012,112.2087983878841,219.27638624429133
28058769,-3.388749,2.361276,0.01049010369110115,284.3290295222806,65.508781931264
28066016,-2.848631,1.029643,-0.017309896308898898,254.431346280682,180.8916240901856
28066017,-2.704229,1.106168,0.011759103691101114,258.50353280758674,182.62581669101704
28066017,-2.704229,1.106168,0.011759103691101114,258.50353280758674,182.62581669101704
28076780,-4.708306,-4.18413,0.14628610369110118,177.4386656353338,256.8017680529824
28076780,-4.708306,-4.18413,0.14628610369110118,177.4386656353338,256.8017680529824
28043029,-5.057915,-0.285945,0.02083910369110109,203.35324935531503,168.87490741189958
28076785,-0.916315,1.880926,0.0008611036911010395,421.31340681760776,264.70269160634507
28029950,-3.481699,2.545952,0.008511103691100974,289.41598162647824,44.52253013264604
28053397,-2.210501,-0.112386,-0.010125896308898819,238.5155319011785,256.1382417433171
28053397,-2.210501,-0.112386,-0.010125896308898819,238.5155319011785,256.1382417433171
28063699,-2.059147,-8.196794,3.691299103691101,74.73062318450559,377.2499137259987
28066055,-2.65016,0.996229,0.01514710369110106,256.30705400679983,190.81860981683985
28066055,-2.65016,0.996229,0.01514710369110106,256.30705400679983,190.81860981683985
28034252,-5.602427,0.563423,0.056447103691101175,206.28540852477283,128.08454186351597
28043035,-5.052546,-0.378439,0.018419103691101002,202.62812411642665,171.86959282994803
28076806,-4.857071,-5.151058,2.1142191036911013,122.75343790918588,269.1677116970308
28076806,-4.857071,-5.151058,2.1142191036911013,122.75343790918588,269.1677116970308
28073796,-1.633256,-5.700985,0.7384771036911011,162.7657081298956,358.7855762979376
28076819,-3.514389,-3.550716,1.2405491036911012,149.4419017142858,280.8229949758169
28076819,-3.514389,-3.550716,1.2405491036911012,149.4419017142858,280.8229949758169
28066073,-4.907283,-0.413489,0.12024010369110116,199.69045273234968,175.69611758489907
28066073,-4.907283,-0.413489,0.12024010369110116,199.69045273234968,175.69611758489907
28076822,-3.866809,-3.187923,4.530195103691101,3.274246128691516,274.61944067975674
28076822,-3.866809,-3.187923,4.530195103691101,3.274246128691516,274.61944067975674
28070000,-5.588266,-2.153588,2.954424103691101,87.60780504026502,198.7500335877382
28070000,-5.588266,-2.153588,2.954424103691101,87.60780504026502,198.7500335877382
28076829,-3.960124,-4.976099,1.3406341036911011,144.23835046588965,286.7838558898894
28080290,-3.80041,1.956267,2.020118103691101,99.3993233459893,33.866775720138634
28066084,-2.633375,0.902253,0.0025241036911010095,254.6623993063835,196.3930865900265
28066084,-2.633375,0.902253,0.0025241036911010095,254.6623993063835,196.3930865900265
28080294,-4.921195,2.000207,1.085212103691101,177.33600218763817,43.9668658546068
28080300,-4.870727,1.715559,0.5008971036911011,207.67830523211543,77.92235927252244
28026165,-3.518159,2.859166,-0.01375689630889898,305.570677988377,7.427711974043689
28080316,-3.080932,1.884843,-0.008677896308898925,276.1552438519648,116.85932070912922
28080317,-7.37409,-0.2317,2.784428103691101,94.52084051279914,105.55582877184052
28034269,-5.540239,0.501459,0.06842610369110114,205.6948354691515,131.49914037551946
28053427,-2.163386,-0.167774,0.004038103691101025,237.42172128602533,260.1820255385473
28053427,-2.163386,-0.167774,0.004038103691101025,237.42172128602533,260.1820255385473
28058867,-3.633106,2.748892,-0.12885789630889888,301.9808275254832,24.629238720108106
28029972,-3.453863,2.452629,-0.0012928963088989498,286.7809846689545,55.26906720816095
28080332,-3.007307,1.672374,-0.028828896308898955,271.5926875239378,135.69140196186453
28076858,-2.141842,-1.688019,2.040334103691101,110.3592974447134,310.26319447912954
28080339,-6.596715,-0.238314,0.44508710369110105,181.0733844610268,136.37055918860233
28043049,-4.988324,-0.516159,0.08970810369110116,199.34636565390707,177.1152909909446
28043049,-4.988324,-0.516159,0.08970810369110116,199.34636565390707,177.1152909909446
28076872,-1.673777,-1.525515,0.027961103691101163,219.05935387484084,314.60822020059084
28076879,-3.569214,-6.800533,1.423464103691101,140.6026402771904,313.74671215807393
28026181,-3.48727,2.75694,-0.02023089630889885,301.7490426546826,21.00145682014721
28026183,-3.612168,2.795295,-0.00841589630889894,297.53797248068605,14.570026614362805
28076888,-1.946091,-1.881211,2.032228103691101,110.66591127674826,324.5293076318884
28063792,-0.234967,-4.802019,0.250146103691101,187.72645221420467,408.6478937183017
28076903,-3.383511,-7.509845,2.699134103691101,107.09112250922404,329.1556577923638
28066127,-6.207648,-1.176364,2.991810103691101,83.94718658075547,156.95588148473666
28083789,-6.010472,2.423736,0.2887031036911011,215.63349852953897,21.82163419419109
28029985,-3.389771,2.370836,0.017475103691101168,284.2704281076918,64.3225385672979
28083791,-7.766788,2.18489,0.07974710369110105,205.1210618653146,29.692524049186403
28066134,-5.996928,-0.872654,3.931814103691101,31.81352150434944,143.92884407849232
28066134,-5.996928,-0.872654,3.931814103691101,31.81352150434944,143.92884407849232
28083793,-4.001493,2.078246,1.966493103691101,106.29565428473508,18.162432758419985
28070039,-2.423447,0.378954,-0.014105896308898913,246.12392176448563,228.97439960320744
28070039,-2.423447,0.378954,-0.014105896308898913,246.12392176448563,228.97439960320744
28083794,-5.020149,2.015661,1.627909103691101,140.5363769667776,26.7853114435398
28058922,-3.31902,2.454724,-0.0022848963088988317,292.16842860340125,57.70518568903407
28049398,-2.706892,0.730636,-0.012149896308898844,249.15224324402425,201.3953820450448
28049398,-2.706892,0.730636,-0.012149896308898844,249.15224324402425,201.3953820450448
28076914,-1.384915,-2.239454,0.014453103691101088,212.9502362659032,338.12321311187094
28083801,-5.109705,2.013188,0.8121191036911011,192.329130380884,47.34135117362118
28083802,-4.670741,1.798016,1.905569103691101,118.69357463171085,42.34535044797329
28029992,-3.30699,2.303415,-0.04055189630889888,287.97573088049626,74.48350975444936
28049399,-2.593955,0.763518,-0.009665896308898914,252.32808934337453,204.84496065067376
28049399,-2.593955,0.763518,-0.009665896308898914,252.32808934337453,204.84496065067376
28070043,-6.093486,-2.669585,4.246931103691101,41.1815737966059,196.8652595474629
28083806,-5.38167,1.916188,0.501795103691101,204.96583389913505,57.49658364045408
28083813,-4.710197,1.680722,1.7003711036911011,134.66390831944298,57.45983878731761
28080421,-5.62126,-3.263033,0.2848081036911011,175.0095838125056,224.2292010294772
28083829,-5.108457,1.427292,0.7484271036911011,189.19486255149025,87.45457781091818
28083831,-7.185212,0.195196,3.250956103691101,68.7626489120573,85.0023055215508
28053461,-2.187801,-0.283706,0.041199103691101024,232.7753964762177,262.4670030656604
28053461,-2.187801,-0.283706,0.041199103691101024,232.7753964762177,262.4670030656604
28083839,-4.396228,1.413231,1.020892103691101,179.13885082993923,97.39518216698156
28083840,-4.599689,1.343445,0.9354591036911011,182.0406028544593,99.0113520999762
28083842,-5.676498,1.072987,0.43064810369110107,196.08043760784304,101.1166360613567
28076941,-1.007178,-3.084424,0.021710103691101157,206.2040317698276,363.77625740583136
28080438,-2.670336,-0.482257,2.0196621036911013,108.8139204467,250.1319172155477
28080438,-2.670336,-0.482257,2.0196621036911013,108.8139204467,250.1319172155477
28083847,-5.211524,0.91611,0.632872103691101,189.05417398046484,114.26502082138812
28066158,-3.555081,0.13772,1.745059103691101,129.7718040321791,185.60070805949528
28053468,-2.873164,-0.172751,1.9652881036911012,112.46561262290402,227.9517279172613
28053468,-2.873164,-0.172751,1.9652881036911012,112.46561262290402,227.9517279172613
28080450,-3.554366,-2.062844,0.4245301036911011,183.80078626450245,252.6902998461356
28080450,-3.554366,-2.062844,0.4245301036911011,183.80078626450245,252.6902998461356
28083854,-4.521381,1.056304,0.5632191036911011,199.23961640025104,122.39565908887032
28083855,-1.419305,2.410506,-8.389630889893418e-05,439.7779547633895,143.2948632480123
28083856,-4.485316,1.045886,0.49608210369110106,202.7791613832846,124.582356170228
28080455,-3.839038,-2.646565,0.13467710369110097,188.48270819618315,254.71200526314107
28080455,-3.839038,-2.646565,0.13467710369110097,188.48270819618315,254.71200526314107
28083859,-6.552399,-0.224283,1.742140103691101,134.56799092171724,126.9721707459378
28083860,-6.105802,0.216986,0.5987411036911011,180.42487054145,127.79515454137912
28083861,-4.384017,1.013587,0.628224103691101,196.68279755556813,127.0694259325304
28083862,-6.177632,0.224317,0.2142771036911011,193.81087708531544,129.44865590206854
28083863,-4.577277,0.9127,0.46198510369110113,201.8981152159924,129.57830778609343
28083864,-4.114663,0.861715,1.622614103691101,138.80454271355063,129.97306927944172
28083873,-3.407879,0.932496,2.0319571036911013,103.97558662458924,142.74437017237682
28053478,-3.650624,-1.630642,0.04338310369110099,200.0540626298552,240.49314503040267
28058970,-3.254112,2.253571,-0.01918389630889883,286.342020414169,79.96583684237669
28058976,-5.734594,2.258345,-0.05752589630889893,232.3011338283068,42.63664746008448
28076979,-0.484488,-4.454458,1.0695191036911011,157.10529650831444,407.968390557258
28058982,-3.221384,2.202059,-0.003062896308898999,284.2265259425027,85.23924259203073
28080492,-3.383182,-0.03616,1.1999091036911012,162.69094183498913,202.1005338607233
28080492,-3.383182,-0.03616,1.1999091036911012,162.69094183498913,202.1005338607233
28080499,-3.544578,-0.039124,-0.004939896308898906,220.83575913985177,200.68767262889827
28080499,-3.544578,-0.039124,-0.004939896308898906,220.83575913985177,200.68767262889827
28070063,-2.486067,0.224429,-0.009979896308898839,241.08015753137244,231.82597709318676
28070063,-2.486067,0.224429,-0.009979896308898839,241.08015753137244,231.82597709318676
28083902,-4.361129,-0.235317,0.4322901036911011,192.93851158143977,181.88227791323257
28083902,-4.361129,-0.235317,0.4322901036911011,192.93851158143977,181.88227791323257
28083913,-3.404082,0.07141,1.715471103691101,131.41244830410517,194.59492259720335
28018827,-2.832724,1.345022,-0.0065358963088988364,263.850823512818,163.62088968282126
28018827,-2.832724,1.345022,-0.0065358963088988364,263.850823512818,163.62088968282126
28080531,-1.853868,1.516745,-0.02060789630889892,308.1015681574795,202.71462169958787
28080531,-1.853868,1.516745,-0.02060789630889892,308.1015681574795,202.71462169958787
28080534,-5.591352,-3.128354,2.002034103691101,125.39066819279216,221.48371184844308
28080534,-5.591352,-3.128354,2.002034103691101,125.39066819279216,221.48371184844308
28080537,-5.557454,-3.221225,2.001877103691101,125.42431093546384,223.96377506093128
28080537,-5.557454,-3.221225,2.001877103691101,125.42431093546384,223.96377506093128
28066226,-5.846836,-1.584605,2.940117103691101,86.4297344286139,177.38952262045058
28066226,-5.846836,-1.584605,2.940117103691101,86.4297344286139,177.38952262045058
28055847,-7.280001,2.177748,0.33434110369110104,199.04953149480616,28.466635803212284
28049419,-2.704396,0.676313,-0.020697896308898844,248.26263072656653,203.9824472801983
28049419,-2.704396,0.676313,-0.020697896308898844,248.26263072656653,203.9824472801983
28080547,-1.520086,1.74193,-0.013141896308898948,344.0063090562738,210.5233160084169
28080547,-1.520086,1.74193,-0.013141896308898948,344.0063090562738,210.5233160084169
28070077,-3.740572,-1.164792,0.07783310369110108,202.43793503819188,227.10781924493892
28070077,-3.740572,-1.164792,0.07783310369110108,202.43793503819188,227.10781924493892
28080548,-1.584321,1.582438,-0.00415489630889887,326.167996312631,217.41848879913368
28080548,-1.584321,1.582438,-0.00415489630889887,326.167996312631,217.41848879913368
28030032,-3.340931,2.196566,-0.004359896308898881,279.8831878937294,82.73371846114799
28059017,-3.277488,2.09944,0.010023103691101154,277.14507394798363,92.70106938054724
28080557,-2.518018,-1.094259,2.041799103691101,109.58341873726576,276.78958405243304
28066240,-5.984557,-1.673831,3.4525561036911014,65.42612594961074,174.75789098876515
28066240,-5.984557,-1.673831,3.4525561036911014,65.42612594961074,174.75789098876515
28070082,-2.459991,0.178487,-0.005027896308898994,240.2658373007885,234.67000657306247
28070082,-2.459991,0.178487,-0.005027896308898994,240.2658373007885,234.67000657306247
28034322,-2.679646,0.708892,-0.0008948963088988293,248.55477456172355,203.5155002350134
28034322,-2.679646,0.708892,-0.0008948963088988293,248.55477456172355,203.5155002350134
28080569,-3.829432,-4.679244,1.110781103691101,151.33819570523397,286.04499362138387
28070083,-2.376196,0.271403,-0.015551896308898971,244.50585054895572,235.25537881031516
28070083,-2.376196,0.271403,-0.015551896308898971,244.50585054895572,235.25537881031516
28080577,-4.442999,-6.478606,0.21602910369110107,168.89656565276852,287.6386500822144
28070088,-5.485693,-2.707339,2.9785571036911014,89.09495158661184,214.29861963721456
28070088,-5.485693,-2.707339,2.9785571036911014,89.09495158661184,214.29861963721456
28034334,-5.365926,0.215793,0.07915110369110101,203.78892504883797,145.31523489900354
28080588,-3.049113,-3.484066,1.530899103691101,139.16804256986566,295.9251567808819
28083972,-3.7234,-1.216384,0.5283171036911011,184.8783883452822,228.73673549214365
28083972,-3.7234,-1.216384,0.5283171036911011,184.8783883452822,228.73673549214365
28085654,-3.786755,0.378816,2.095091103691101,106.0004267819636,162.47450745021715
28085656,-3.557403,0.463076,1.720574103691101,131.1802223649283,169.57440118139831
28085658,-5.071459,-0.636925,0.16347010369110104,195.26750975238025,178.5096550802673
28085660,-3.383212,0.479067,2.041211103691101,106.3848939417598,172.6802774711534
28085661,-3.235408,0.524451,1.1241351036911011,171.84801200773248,183.2594371140086
28085664,-4.918779,-0.807933,0.07194210369110099,197.95800061250677,187.1077353925137
28085669,-3.047209,0.530202,1.946494103691101,111.27296778314756,185.23615270196663
28085673,-2.978788,0.402119,1.626655103691101,136.92357796265776,197.4445641698861
28085675,-2.973649,0.393775,1.961865103691101,110.26683997731404,196.30907978473425
28085680,-2.974791,0.36831,0.2632301036911011,222.07225522990075,204.90318507940748
28085683,-2.894242,0.495046,0.03374110369110106,237.6358684131785,203.69781436107985
28085707,-3.481219,-0.778342,0.6605311036911011,184.03244349057607,224.7216735651071
28085711,-3.72192,-1.600681,0.4261241036911011,186.0478765816285,237.9090393186229
28085715,-3.662357,-3.165856,0.8391801036911011,163.78523135419232,269.573930047997
28085719,-2.357288,-1.334521,2.038898103691101,110.00668809259534,291.2098955856322
28085723,-2.357872,-1.650462,2.061731103691101,110.0587068479197,298.0753112910696
28085730,-3.840558,-7.454408,5.066355103691101,36.2219885097868,328.63151883471494
28085731,-1.896,-2.425796,0.5326331036911011,185.50883859948564,320.808295557876
28085752,-1.275048,-3.282696,0.7760981036911011,172.4202098691895,360.5136180952192
28085756,-1.104996,-3.400195,-0.11504689630889886,207.27211987727367,359.53907791239067
28085966,-4.853182,2.084725,1.682721103691101,136.364800615903,20.09815851318456
28085967,-1.934461,2.875476,0.043669103691101,441.8437634467847,19.889502152726664
28085971,-5.190213,1.88946,1.404709103691101,155.08852601780842,41.67860589736134
28085972,-9.336334,1.053371,1.6370901036911012,140.54120495720116,48.780531330227774
28085973,-5.433247,2.007823,0.5221861036911011,204.6478872677379,50.367954548648726
28085993,-6.370228,1.013487,0.28055910369110104,196.70314727018095,95.29036735681362
28085999,-7.523208,0.162231,-0.07743289630889882,195.46968985134583,114.616788558914
28086001,-4.908839,1.072735,0.16060710369110098,214.3697123676454,118.11592021926246
28086004,-6.204649,0.191119,0.7980851036911011,172.4896677643187,125.42959637503871
28086005,-6.543135,-0.067887,0.9885511036911011,163.4018774411855,127.6529006703034
28086006,-6.026721,0.182936,0.9751951036911011,166.20576143387382,127.22349172704418
28086007,-3.873705,1.00601,1.762691103691101,128.45767212208187,125.81146449423888
28086010,-3.730355,0.884372,1.7267141036911011,130.86972234935882,138.86074141430305
28086014,-4.808605,0.360192,0.4008731036911011,196.70462398680485,149.2169119457612
28086020,-7.09174,-1.708323,-0.1433058963088989,188.28147096870416,169.8042173402134
28086022,-5.248065,-0.994883,-0.04643189630889899,198.42343999965945,185.32189145609487
28086025,-4.860237,-0.793845,0.02463110369110111,200.0521891758545,188.2166983824572
28086044,-2.903528,0.431962,0.30595210369110104,222.0109117138812,204.99917174001484
28086052,-2.928419,0.202593,0.7683481036911011,192.38062740401995,212.0646994437302
28086063,-7.31227,-5.603567,-0.0787058963088989,172.24008823604896,228.6537670177047
28086067,-2.409967,0.568399,0.6596161036911011,210.96660880113112,220.94081621111903
28086073,-3.15817,-0.709,1.6275651036911012,136.42965819177255,234.41767921306507
28086075,-3.425352,-0.950803,0.6217831036911011,184.67090670866375,231.4524334743176
28086076,-3.104865,-0.641576,0.5316511036911011,193.62021555800897,234.2538208133497
28086077,-3.434253,-1.174616,0.5397121036911011,186.3180591597196,236.97085309027767
28086081,-3.374066,-1.223851,0.6249511036911011,182.72233132958328,240.27605962944412
28086085,-3.028461,-1.113638,0.7296281036911011,180.8263933242976,250.10544242812716
28086086,-3.714319,-2.423765,0.4467411036911011,180.1626975975544,254.77749027063385
28086090,-4.109352,-3.477355,1.024553103691101,156.1285678257771,262.4394186143318
28086091,-4.052228,-3.404267,0.564600103691101,170.6893591388445,261.94865559927933
28086094,-4.757822,-5.04427,1.3308691036911011,144.35773987245108,268.5668145355027
28086096,-3.845743,-3.412238,1.222475103691101,150.07896466559288,269.08121821264945
28086097,-2.103864,-0.436804,1.899578103691101,114.0261849684741,281.62887311526686
28086099,-3.054554,-2.278605,0.8996731036911011,166.57161616968585,274.35372683011315
28086100,-3.340042,-2.850573,0.31965110369110106,183.48488568937947,272.78295011505764
28080612,-1.935988,-2.317213,0.702075103691101,178.8513706423832,318.95042770423794
28070100,-2.882111,-0.22162,1.9660441036911012,112.70599128483887,229.4827265945421
28070100,-2.882111,-0.22162,1.9660441036911012,112.70599128483887,229.4827265945421
28080617,-1.906563,-2.267951,1.970176103691101,115.6636553703358,331.5584668047496
28053531,-5.20583,-2.680999,3.182446103691101,78.97347637644049,220.37463031169
28053531,-5.20583,-2.680999,3.182446103691101,78.97347637644049,220.37463031169
28084020,-3.709208,-3.333599,1.187505103691101,151.51987979485415,271.7102583830052
28084020,-3.709208,-3.333599,1.187505103691101,151.51987979485415,271.7102583830052
28080665,-0.416634,0.708772,-0.025738896308898918,335.49863206148484,380.3811419616263
28053585,-2.703166,-0.445319,2.0192111036911013,108.85817453740512,247.09677448809188
28053585,-2.703166,-0.445319,2.0192111036911013,108.85817453740512,247.09677448809188
28053587,-4.441969,-2.404922,4.433834103691101,4.0270784542500735,235.7252611501538
28053587,-4.441969,-2.404922,4.433834103691101,4.0270784542500735,235.7252611501538
28053589,-3.699354,-2.544405,-0.06824189630889888,196.214283752049,256.481044299388
28053589,-3.699354,-2.544405,-0.06824189630889888,196.214283752049,256.481044299388
28070150,-2.353225,0.108593,0.03533110369110104,238.5422388789821,242.1545567116928
28070150,-2.353225,0.108593,0.03533110369110104,238.5422388789821,242.1545567116928
28055993,-7.513943,1.285807,0.06300210369110104,199.41720426391868,73.08620942161014
28059124,-7.854882,1.418967,1.3574951036911012,151.81500302899423,46.92098234170513
28053619,-3.076561,-1.26599,1.6268721036911011,136.14845357757537,253.8485347767241
28053619,-3.076561,-1.26599,1.6268721036911011,136.14845357757537,253.8485347767241
28084061,-3.043742,0.447065,0.3574041036911011,217.55105382108616,198.52399909377343
28084061,-3.043742,0.447065,0.3574041036911011,217.55105382108616,198.52399909377343
28070188,-0.982998,1.810007,-0.010476896308898809,402.38004176173854,261.0492528359972
28070188,-0.982998,1.810007,-0.010476896308898809,402.38004176173854,261.0492528359972
28077332,-4.26162,2.82952,-0.00031389630889888664,274.8373756091371,5.8026120260879
28084116,-3.165144,-2.342239,1.1306071036911012,156.8158653660921,272.3979007165987
28077360,-7.201262,2.130675,0.7748601036911011,181.05121325226392,23.391016610506316
28070209,-4.853317,-2.559598,4.662503103691101,1.4228761588660177,226.2653556821292
28070209,-4.853317,-2.559598,4.662503103691101,1.4228761588660177,226.2653556821292
28084125,-3.322436,-3.188184,0.6220171036911011,171.78152973779544,279.3551726744985
28084128,-2.812718,-2.20556,1.600951103691101,136.80681702448493,285.06561679574327
28059206,-3.589385,1.549512,1.9539931036911011,107.99718056156652,86.04960058787253
28059208,-3.085507,1.539406,-0.01714389630889901,264.09859646142587,141.88267668525464
28048769,-0.916503,1.928075,-0.012991896308898854,430.47028511958086,260.6072009072199
28048769,-0.916503,1.928075,-0.012991896308898854,430.47028511958086,260.6072009072199
28084145,-3.216671,-4.397875,0.9542601036911011,157.23564881320817,299.19895385692723
28070243,-2.214815,-0.190755,0.04630910369110097,233.96112509677351,258.4546541002036
28070243,-2.214815,-0.190755,0.04630910369110097,233.96112509677351,258.4546541002036
28084164,-3.395353,-7.185239,1.7129211036911012,133.02715027267385,322.0438812121328
28084165,-3.415619,-7.387013,0.11126310369110115,170.53075379476869,316.2991845193683
28084172,-1.862839,-1.965336,2.0301841036911012,110.71739431030284,330.59498654668914
28077537,-5.554464,-3.198514,2.776776103691101,99.1569041963801,223.15630116478965
28077537,-5.554464,-3.198514,2.776776103691101,99.1569041963801,223.15630116478965
28080913,-8.490328,2.342221,0.738410103691101,177.9826134719424,7.032375072439663
28077548,-5.569852,-3.239908,1.289951103691101,147.3210282925644,224.3971838021756
28077548,-5.569852,-3.239908,1.289951103691101,147.3210282925644,224.3971838021756
28077550,-5.49133,-3.142782,1.0066601036911011,155.80872067541492,224.44793238094837
28077550,-5.49133,-3.142782,1.0066601036911011,155.80872067541492,224.44793238094837
28080921,-5.015027,2.47399,0.4149781036911011,223.44752690868745,21.540172901047956
28059256,-2.900692,1.42515,-0.027814896308898884,265.91342672740484,156.2026912302549
28048780,-0.914122,1.910339,-0.013433896308898907,427.7514599880109,262.44332933315184
28048780,-0.914122,1.910339,-0.013433896308898907,427.7514599880109,262.44332933315184
28080958,-7.252892,0.066762,3.137519103691101,75.98158938975314,91.25034486563226
28084192,-1.976032,-4.34974,0.7305241036911011,166.9476143994973,338.1693255647915
28049545,-6.477781,-0.959873,3.132200103691101,78.10426479922651,143.5835968811716
28084203,-2.147968,-7.163296,1.613836103691101,134.82377672583328,355.3751096436324
28066495,-2.282519,-0.044687,0.043360103691101104,236.0301958381171,250.64383750206213
28066495,-2.282519,-0.044687,0.043360103691101104,236.0301958381171,250.64383750206213
28077685,-2.809419,-0.377965,1.969343103691101,112.78520508878609,239.12036388257965
28077685,-2.809419,-0.377965,1.969343103691101,112.78520508878609,239.12036388257965
28070302,-3.941048,-3.351806,0.179557103691101,182.7075225489777,263.30656311138046
28077708,-3.973765,-3.616322,0.060711103691101,184.62387595742624,266.04388762879546
28077708,-3.973765,-3.616322,0.060711103691101,184.62387595742624,266.04388762879546
28081043,-3.330478,-0.3888,1.7469111036911011,129.58412044537278,216.21127331492065
28081043,-3.330478,-0.3888,1.7469111036911011,129.58412044537278,216.21127331492065
28084220,-0.906078,-4.371129,0.5504361036911011,176.54804263972838,380.3670713986977
28084221,-0.772052,-1.88356,0.6275811036911011,194.2609098977778,379.3853273762295
28077722,-4.801698,-4.727402,3.266095103691101,85.28353632433632,267.3307371051736
28077722,-4.801698,-4.727402,3.266095103691101,85.28353632433632,267.3307371051736
28077729,-2.79659,-1.699694,1.822519103691101,125.51208871761013,276.7173031096932
28077729,-2.79659,-1.699694,1.822519103691101,125.51208871761013,276.7173031096932
28077736,-3.490407,-3.524819,0.24972710369110107,181.38285550857896,278.050362413839
28077737,-3.38824,-3.281895,0.7270581036911011,167.71761341519834,279.0721217443272
28081057,-3.259838,-0.629707,1.732664103691101,130.46767588219552,227.6128303812092
28081057,-3.259838,-0.629707,1.732664103691101,130.46767588219552,227.6128303812092
28081070,-4.705739,-3.958929,4.222845103691101,41.78070935960395,260.00508927002755
28081070,-4.705739,-3.958929,4.222845103691101,41.78070935960395,260.00508927002755
28077764,-3.876926,-5.064594,2.725086103691101,100.99563143847736,294.8272086958244
28077764,-3.876926,-5.064594,2.725086103691101,100.99563143847736,294.8272086958244
28077765,-2.41232,-2.500446,0.02097810369110098,201.43801838001903,297.37878302193184
28077777,-3.298759,-4.251799,2.623221103691101,99.2240025495285,302.61946718575854
28030822,-6.789814,-0.575309,3.054894103691101,81.10408013755344,124.89011784992891
28077789,-1.858088,-2.298972,0.17591510369110108,201.55020966809903,318.0612497187664
28048821,-0.926961,1.856468,-0.013470896308898972,416.9385131506469,264.9901703652627
28066552,-5.464176,-3.209554,5.084862103691101,1.2868552813433496,224.19270530682687
28066552,-5.464176,-3.209554,5.084862103691101,1.2868552813433496,224.19270530682687
28077803,-1.90305,-2.317353,1.593256103691101,136.31507249338068,328.52159003391006
28070339,-3.50637,-3.109263,0.05727810369110098,189.50798077853068,271.1555898094137
28070339,-3.50637,-3.109263,0.05727810369110098,189.50798077853068,271.1555898094137
28077831,-0.933811,-2.177624,0.1025591036911011,214.63618718030125,362.8124026041688
28066562,-5.176462,-3.033669,4.910732103691101,2.3874942179555205,228.2266277105562
28066562,-5.176462,-3.033669,4.910732103691101,2.3874942179555205,228.2266277105562
28070342,-3.391019,-2.963877,0.029425103691101073,191.84692102039224,272.2025959372969
28070342,-3.391019,-2.963877,0.029425103691101073,191.84692102039224,272.2025959372969
28077836,-1.991485,-11.609132,0.7789651036911011,150.7746495275702,368.4332386748959
28077851,-1.722372,-11.504724,2.7462971036911012,109.92614519218668,385.8591537949383
28077855,-1.730558,-11.580153,3.5163521036911014,92.18114724052242,390.8702970530318
28077859,-0.612007,-1.945189,0.9830751036911011,174.53507286342466,398.182312752412
28056354,-7.112349,-0.65514,3.247396103691101,75.49105876987434,120.98883633541686
28059398,-7.229725,-0.696965,-0.055287896308898965,190.86205017453975,143.13478300206816
28070370,-2.465143,-1.182379,1.971179103691101,114.2757798978117,281.41059485669336
28056373,-7.214419,-0.768479,3.7665871036911014,53.90237186020352,119.03365590438769
28081176,-3.352136,-0.389989,1.725038103691101,130.96277737442708,215.42892920240817
28081176,-3.352136,-0.389989,1.725038103691101,130.96277737442708,215.42892920240817
28056387,-7.074099,-0.861422,3.2548691036911013,76.41139987250514,128.90365850459816
28081206,-5.353689,-3.650958,3.367030103691101,78.87018256208128,236.38819248094296
28081206,-5.353689,-3.650958,3.367030103691101,78.87018256208128,236.38819248094296
28070386,-3.255724,-3.052464,0.4953581036911011,176.86684094601767,278.9785978585548
28081226,-3.055931,-2.797297,0.028239103691101164,194.78981489143388,279.8079006065796
28066626,-2.07782,-0.497365,0.052922103691101174,229.74670402276948,273.7428010625249
28070401,-3.009687,-2.82533,0.009788103691101169,195.4401875284285,281.62041066956766
28081260,-2.11062,-2.467117,-0.022441896308898812,205.536961083226,308.28016681161614
28081262,-2.022474,-2.400681,-0.014752896308898977,206.61941584051004,311.01237166958424
28081268,-1.999031,-2.614084,0.9965031036911011,163.9941115897485,322.2879592357467
28081277,-2.310151,-4.564585,-0.04755689630889881,189.1246653883874,323.4231344571273
28081292,-2.874595,-9.237271,1.680154103691101,133.5781712003689,345.6921232039222
28066655,-3.569625,-3.172654,0.04799310369110099,189.1150546571289,270.302077424598
28066655,-3.569625,-3.172654,0.04799310369110099,189.1150546571289,270.302077424598
28081295,-1.394499,-2.227002,-0.08784989630889894,217.2184341378196,336.4946413065573
28070418,-3.080178,-3.167801,0.07716010369110116,190.5128052274952,284.5735377351344
28081339,-0.542436,-2.479107,1.0272001036911012,168.27126246735523,404.5277365964546
28070425,-3.685796,-4.366892,0.8384281036911011,160.14018044899018,285.2896105062492
28074485,-1.044753,1.994278,-0.015873896308898905,423.3974255349631,237.0526522144933
28074485,-1.044753,1.994278,-0.015873896308898905,423.3974255349631,237.0526522144933
28056523,-6.248964,-1.339837,3.017893103691101,84.1456245327486,161.17804721137276
28056523,-6.248964,-1.339837,3.017893103691101,84.1456245327486,161.17804721137276
28056532,-5.672908,-0.97856,3.283252103691101,63.945820891114295,159.80783331299074
28056532,-5.672908,-0.97856,3.283252103691101,63.945820891114295,159.80783331299074
28070476,-1.845163,-1.061268,0.03506410369110102,223.8860778323021,297.9638253472772
28056546,-6.1472,-1.40626,2.9947151036911013,84.8993759212656,165.41240887344867
28034577,-2.319136,0.124763,-0.016232896308898903,242.17224983313747,243.1758294472514
28034577,-2.319136,0.124763,-0.016232896308898903,242.17224983313747,243.1758294472514
28074533,-6.31675,-1.665264,4.332241103691101,27.08081195655029,162.8459495858894
28074533,-6.31675,-1.665264,4.332241103691101,27.08081195655029,162.8459495858894
28070491,-4.448754,-7.106228,0.6792291036911011,157.38146379940798,294.1118505458979
28084441,-4.761318,2.23419,1.519107103691101,149.3881433416857,11.291557855450264
28084450,-4.917819,2.169908,0.940523103691101,188.34095662512823,33.744669903690976
28049635,-7.194017,-2.002731,4.5399521036911015,32.819228673119795,155.05178899212154
28084456,-6.108604,1.75842,0.8936581036911011,178.62219804553308,51.716882284069925
28084459,-1.995525,2.661038,0.011850103691101177,400.1327825404729,64.97208637389181
28059554,-4.111774,-0.220748,0.08972710369110115,208.87618324535265,189.58201465082084
28084468,-5.300004,1.863154,0.39520410369110104,210.36257649376157,64.03805053476816
28070516,-2.276118,-2.503656,0.07366410369110099,200.43652364464864,302.8713778284105
28084474,-5.343864,1.778765,0.3640061036911011,210.19650147027312,69.2879805624894
28084478,-7.692568,0.576849,3.0719451036911014,78.58328951049833,63.722308635035546
28084479,-5.253235,1.647342,0.4122491036911011,207.05355825343472,77.68138869299187
28059565,-8.55532,-2.138734,5.000939103691101,30.245233409189357,134.64103726500272
28059565,-8.55532,-2.138734,5.000939103691101,30.245233409189357,134.64103726500272
28084484,-6.42374,1.021308,0.7967251036911012,176.35596902010988,88.05054008732611
28084486,-4.883194,1.422075,0.7881561036911011,188.8008156827764,91.08727377087124
28084487,-6.335516,0.942657,0.8110221036911011,175.6645084778526,92.64306791090551
28084494,-4.914886,1.281972,0.4479271036911011,203.96281078581853,103.64917819231428
28084495,-3.538817,1.445445,2.016182103691101,102.17802005216704,95.9899869755044
28084496,-7.013119,0.396667,0.7248241036911011,173.4532433500355,106.50109464850898
28070529,-2.190564,-2.486099,-0.01563189630889883,204.49344665333916,305.42192761869114
28084497,-4.546125,1.241565,0.7894751036911011,189.44105401511007,108.53615950729557
28059590,-3.717936,0.097618,1.6127561036911011,138.37375082520026,182.3151410942842
28059590,-3.717936,0.097618,1.6127561036911011,138.37375082520026,182.3151410942842
28070535,-3.307594,-5.179902,1.008415103691101,153.8111928235461,304.9309327709112
28081634,-4.377221,1.796194,1.6662001036911012,136.7825444179323,53.61213435783742
28081638,-7.385906,0.42871,3.049897103691101,78.36039209054144,74.33729625163704
28070538,-3.009715,-3.879056,3.083557103691101,75.84815760371953,310.9697024173577
28066778,-4.616904,-7.223175,-0.12080589630889893,173.57494900894483,289.6979235950608
28061952,-3.290955,2.192079,-0.05570289630889902,284.59491271629,85.69370519589899
28061956,-8.339791,2.422444,-0.018419896308898842,206.64099684451855,16.60308144137963
28070544,-3.052641,-3.930159,3.5929381036911012,52.64919656260565,313.2253061914124
28070557,-2.064366,-2.420184,0.07342410369110097,202.7644249287081,310.1443197921436
28070562,-2.312785,-2.648583,1.720952103691101,130.5214881465057,314.3188516926372
28074632,-5.631992,-3.171208,1.4839311036911011,141.60855764353602,221.7599419980177
28074632,-5.631992,-3.171208,1.4839311036911011,141.60855764353602,221.7599419980177
28074633,-5.560926,-3.089888,1.3825321036911011,144.74453483883343,221.82807055401207
28074633,-5.560926,-3.089888,1.3825321036911011,144.74453483883343,221.82807055401207
28074634,-5.570616,-3.098012,1.1760331036911011,150.88448121555354,221.9052350781952
28074634,-5.570616,-3.098012,1.1760331036911011,150.88448121555354,221.9052350781952
28084575,-4.024565,-1.605991,4.065310103691101,1.64593452171718,227.9241837550404
28084575,-4.024565,-1.605991,4.065310103691101,1.64593452171718,227.9241837550404
28038133,-2.776459,0.973132,0.012261103691101116,252.85190422192525,186.58818298598845
28038133,-2.776459,0.973132,0.012261103691101116,252.85190422192525,186.58818298598845
28074638,-5.597311,-3.162432,0.4100511036911011,172.137893647246,222.9431369047372
28074638,-5.597311,-3.162432,0.4100511036911011,172.137893647246,222.9431369047372
28084582,-2.714293,0.653004,0.672335103691101,207.3521395876843,201.77479118051323
28084582,-2.714293,0.653004,0.672335103691101,207.3521395876843,201.77479118051323
28070569,-2.123252,-2.064503,2.075549103691101,109.82739044512977,317.96342520106487
28070570,-3.264648,-5.681763,0.894166103691101,156.0389970935788,310.18662383446576
28074643,-5.605943,-3.266703,1.379910103691101,144.6271175259253,224.0772550985419
28074643,-5.605943,-3.266703,1.379910103691101,144.6271175259253,224.0772550985419
28070571,-3.165067,-5.456268,0.715368103691101,161.55940515145096,310.09734902911003
28074644,-5.586138,-3.242212,1.145969103691101,151.50484644184394,224.1702105700556
28074644,-5.586138,-3.242212,1.145969103691101,151.50484644184394,224.1702105700556
28070572,-3.375049,-6.20009,0.265237103691101,170.58399189159204,309.14664706596994
28074647,-5.495212,-3.151372,0.7666071036911011,162.619933361393,224.6306244285245
28074647,-5.495212,-3.151372,0.7666071036911011,162.619933361393,224.6306244285245
28081720,-1.422571,1.721857,-0.026169896308898988,350.54341830457224,220.56656135994075
28081720,-1.422571,1.721857,-0.026169896308898988,350.54341830457224,220.56656135994075
28074648,-4.265825,-2.616234,4.470792103691101,2.7754177418486847,247.2443660979161
28066817,-2.615938,-2.64937,1.834495103691101,125.74640868180089,301.9406766070801
28078234,-4.608209,1.181572,0.8618281036911011,184.44850520987205,109.6163080298202
28081754,-4.335142,-1.828903,0.10287810369110106,192.49965384407585,225.96269990570505
28074673,-6.61725,-1.885761,4.486771103691101,26.671912311607088,162.77649779824895
28074673,-6.61725,-1.885761,4.486771103691101,26.671912311607088,162.77649779824895
28074680,-3.058627,0.226187,1.983581103691101,110.13032125193968,200.86036495962057
28074680,-3.058627,0.226187,1.983581103691101,110.13032125193968,200.86036495962057
28081788,-2.848757,-1.671724,1.751795103691101,129.3289668532033,273.5343122531963
28081788,-2.848757,-1.671724,1.751795103691101,129.3289668532033,273.5343122531963
28081791,-4.02788,-3.654551,0.8971701036911011,159.7644973565535,266.9613390829615
28081791,-4.02788,-3.654551,0.8971701036911011,159.7644973565535,266.9613390829615
28081792,-4.148533,-3.744781,0.2754841036911011,177.4167378274181,263.92218076225663
28081792,-4.148533,-3.744781,0.2754841036911011,177.4167378274181,263.92218076225663
28081793,-4.033462,-3.519025,0.22668410369110115,180.1925422759884,263.48440829884544
28081799,-4.00674,-3.592906,0.5864671036911011,169.42757714439426,265.95601858992825
28068861,-1.019508,1.999105,-0.015567896308898987,427.8374689121531,239.8793218077369
28068861,-1.019508,1.999105,-0.015567896308898987,427.8374689121531,239.8793218077369
28066846,-3.266134,-5.517805,-0.056931896308898944,181.21896638997936,304.83512579006697
28081808,-6.79405,-1.67186,-0.06735889630889891,187.61036295449367,173.36789531929526
28081808,-6.79405,-1.67186,-0.06735889630889891,187.61036295449367,173.36789531929526
28070599,-3.594595,-6.29953,4.215534103691101,54.15715367787527,322.30940865167844
28070600,-2.052401,-2.233721,1.9879451036911011,115.17002193600192,323.42554990255763
28033585,-0.914347,1.915875,-0.009945896308898972,428.4133818815369,261.9836962211528
28056768,-5.582598,-2.716529,2.998449103691101,88.90307835025692,212.19775106614736
28056768,-5.582598,-2.716529,2.998449103691101,88.90307835025692,212.19775106614736
28070601,-2.942451,-5.233866,1.245851103691101,146.96846466912575,316.93484604238324
28084677,-3.126475,0.369954,0.3553921036911011,215.2621524151988,198.58225871944893
28084677,-3.126475,0.369954,0.3553921036911011,215.2621524151988,198.58225871944893
28074708,-5.608729,-3.269891,0.5548761036911011,167.86850080223434,224.4675067061195
28074708,-5.608729,-3.269891,0.5548761036911011,167.86850080223434,224.4675067061195
28074709,-5.687311,-3.356642,0.11006710369110118,178.9432501930726,224.5685995484188
28068875,-0.956812,1.980625,-0.01577889630889895,433.9719233323735,250.1687142246504
28068875,-0.956812,1.980625,-0.01577889630889895,433.9719233323735,250.1687142246504
28059736,-6.323168,-2.263545,3.3879201036911013,75.45008015848032,184.1712989766017
28059736,-6.323168,-2.263545,3.3879201036911013,75.45008015848032,184.1712989766017
28066881,-3.070397,-4.20852,3.424531103691101,63.61255359995326,314.7903038151063
28066886,-3.793993,-7.188469,1.5072541036911011,138.3913511990915,311.65348023955454
28081882,-5.478864,-3.106402,1.475193103691101,141.90917755675764,223.8202840281493
28081888,-3.267263,-0.737106,1.7315011036911012,130.6200180394955,230.85185913966208
28084711,-4.839334,-2.682274,0.242103103691101,181.04841628861584,230.58211807459207
28084711,-4.839334,-2.682274,0.242103103691101,181.04841628861584,230.58211807459207
28081892,-5.367791,-3.674932,2.983777103691101,92.94931967008398,236.38858625951696
28081892,-5.367791,-3.674932,2.983777103691101,92.94931967008398,236.38858625951696
28084719,-3.298323,-2.009432,1.027310103691101,161.93204384907077,261.10705632557995
28081897,-4.415075,-3.01473,4.561023103691101,7.9430841947879,251.38192530586417
28081897,-4.415075,-3.01473,4.561023103691101,7.9430841947879,251.38192530586417
28084723,-2.830892,-1.591002,1.6120131036911012,136.54826534251785,271.938895024498
28084723,-2.830892,-1.591002,1.6120131036911012,136.54826534251785,271.938895024498
28081904,-1.405952,1.594307,-0.007669896308899027,339.0977712152635,231.52360579777095
28081904,-1.405952,1.594307,-0.007669896308899027,339.0977712152635,231.52360579777095
28066903,-2.914463,-5.052202,1.267882103691101,146.54195250586503,316.26042757701566
28062118,-3.116752,1.65702,-0.013274896308898887,266.9710846376938,132.74849765985505
28034665,-6.470797,-0.830159,4.268202103691101,19.64886347431008,129.7291554793918
28034665,-6.470797,-0.830159,4.268202103691101,19.64886347431008,129.7291554793918
28052487,-3.270728,2.117629,0.015819103691101066,277.7460009633712,91.14306704078128
28081914,-3.212117,-3.207368,0.06714210369110107,189.9438207606352,281.1120454543056
28038173,-2.667015,0.86671,-0.03126889630889895,254.73935986243347,196.82049256132743
28038173,-2.667015,0.86671,-0.03126889630889895,254.73935986243347,196.82049256132743
28052491,-7.979063,2.471729,0.05868110369110102,207.1097486707733,14.066232085404891
28084748,-2.390766,-3.747619,0.057964103691101165,190.637103542002,313.66717141852723
28084755,-2.450117,-4.862971,2.063645103691101,119.26391132995916,334.76118948870806
28081937,-2.699256,-3.211303,1.522839103691101,139.53026121832323,304.76706498445753
28044136,-3.153101,1.727785,-0.00527589630889902,267.9286969650417,126.3680416842204
28081942,-2.974428,-4.184122,0.7556651036911011,164.46610782537732,303.2136613069158
28056886,-4.3924,-2.362657,4.404233103691101,4.003656482869843,236.32027255683465
28056886,-4.3924,-2.362657,4.404233103691101,4.003656482869843,236.32027255683465
28081949,-3.131666,-4.912151,0.7888221036911011,160.98703807084215,306.2849110419396
28068941,-1.019142,1.921975,0.03641010369110109,411.0084083288451,247.307565673592
28068941,-1.019142,1.921975,0.03641010369110109,411.0084083288451,247.307565673592
28052505,-0.919355,1.929983,-0.013257896308898953,430.40108903861926,260.0296008207796
28052505,-0.919355,1.929983,-0.013257896308898953,430.40108903861926,260.0296008207796
28062150,-2.957206,1.542569,-0.029352896308898924,268.4488803645898,146.46085933055645
28081960,-2.142646,-2.617661,1.519908103691101,139.92556046281555,320.06483627670315
28081967,-1.869999,-2.219346,1.6911101036911012,131.03624133504084,329.97916379114145
28056914,-3.033833,-1.258422,1.663893103691101,134.13160690368954,255.5031748055768
28056914,-3.033833,-1.258422,1.663893103691101,134.13160690368954,255.5031748055768
28084787,-1.002992,-2.99147,0.04194910369110105,206.44914058774444,363.6652329882537
28078394,-5.506622,-3.148059,0.5019041036911011,169.92364954340786,224.4628387912951
28078394,-5.506622,-3.148059,0.5019041036911011,169.92364954340786,224.4628387912951
28078395,-2.766234,-0.098335,2.008842103691101,108.00497200758912,230.30725611701928
28078395,-2.766234,-0.098335,2.008842103691101,108.00497200758912,230.30725611701928
28078398,-2.867311,-0.246805,1.966710103691101,112.69049820774411,231.21543997157892
28078398,-2.867311,-0.246805,1.966710103691101,112.69049820774411,231.21543997157892
28081982,-2.778441,-6.450335,4.469530103691101,38.48241293099576,352.0656155152054
28066959,-3.196726,-5.985777,4.945591103691101,17.705964553429254,337.5780490012555
28066960,-2.208533,-4.834728,0.2510871036911011,179.3136534995308,330.6661793736506
28070670,-1.476488,-1.854665,0.06111510369110107,215.10447917939013,329.5330704791377
28084803,-0.765663,-2.215106,0.7988521036911012,181.59021123421013,384.25543158410005
28068953,-0.992153,1.902258,0.031040103691100995,411.9313192167513,252.62582178245225
28068953,-0.992153,1.902258,0.031040103691100995,411.9313192167513,252.62582178245225
28084808,-0.683262,-2.176229,0.7309331036911011,186.1639377710694,388.5335795212594
28074784,-2.636338,-2.564421,1.4757661036911012,142.13361151865354,297.63081537264287
28056949,-0.45,0.726814,-0.02899789630889882,334.9464993410978,375.4262946760851
28066977,-2.428953,-6.450658,-0.06374389630889898,179.9729315641085,333.5343185575194
28084817,0.021662,-9.765648,0.5408971036911011,160.19856617669163,416.9831029025224
28062181,-5.33828,2.423385,-0.039084896308899,240.7196281974247,34.5295777648885
28082002,-2.0445,-9.134164,1.192091103691101,144.54423070158,362.9161410766503
28066990,-0.472309,0.725892,-0.032380896308898954,333.6294288959569,372.2663069119059
28059854,-5.595528,-2.701411,2.996403103691101,88.97408784436612,211.5622950318204
28059854,-5.595528,-2.701411,2.996403103691101,88.97408784436612,211.5622950318204
28066996,-0.522443,0.566366,0.0011371036911009824,316.33920433421565,368.8345098645192
28072555,-4.44146,2.793497,-0.02054089630889888,269.36834376152973,9.26325193163234
28082013,-0.888125,-4.91326,0.6982701036911011,168.61309574742867,384.3322014610601
28068971,-0.921484,1.863662,-0.012679896308898986,418.7929451902719,265.1999282882669
28074815,-4.021806,-7.276854,3.789598103691101,77.28243268201058,316.1360764109923
28074819,-4.074273,-7.751954,3.6277671036911014,84.3977375163565,317.66702895766474
28062210,-5.673958,2.193376,0.12657710369110098,223.70022525614365,43.68027295010259
28082027,-0.518102,-1.891576,0.9873561036911012,175.31691559803326,405.6929992154476
28082029,-0.492472,-1.973626,0.9209451036911012,178.75946795128382,406.21526007552905
28067009,-0.447003,0.722806,-0.034964896308898874,335.2705387071279,375.68015483624185
28074828,-2.071831,-2.28428,1.9251961036911012,118.88563465032428,322.5322823676587
28074837,-3.503894,-7.2874,2.863125103691101,102.27856033695576,325.3485326745714
28062226,-5.912278,2.138657,-0.009087896308898946,225.8480066082033,47.51918900843978
28072589,-4.713205,2.69417,0.056816103691101016,254.82864836470696,14.662609526832313
28072591,-3.476847,2.584386,0.02423810369110102,290.4191252366088,39.78826500178991
28070706,-3.285633,-9.196944,2.386831103691101,117.72312688665026,339.38483001716105
28052551,-3.107557,1.942251,-0.016409896308898997,278.0480715155816,111.5357578121032
28078493,-5.507588,-3.17149,0.9354241036911011,157.77131676673233,224.6497250885711
28078493,-5.507588,-3.17149,0.9354241036911011,157.77131676673233,224.6497250885711
28069003,-0.953411,1.821902,-0.01521489630889894,408.2047715254176,264.02560654956267
28069003,-0.953411,1.821902,-0.01521489630889894,408.2047715254176,264.02560654956267
28072607,-4.856796,2.632897,0.05996110369110119,249.7558565663258,19.11276061752909
28070718,-1.912047,-4.68113,0.7388451036911011,165.57276745897184,343.0070670655688
28062248,-5.714762,2.036443,-0.03675789630889881,227.90076105243045,56.28758170731277
28034710,-6.238352,-1.184921,2.998803103691101,83.90286941586726,156.5798856136846
28034710,-6.238352,-1.184921,2.998803103691101,83.90286941586726,156.5798856136846
28070727,-1.279294,-2.420954,-0.06363989630889888,214.8841824489103,344.35997073111275
28074867,-0.608656,1.550696,-0.009611896308898915,410.8320550340396,332.7759562225181
28074883,-2.979623,-9.311951,2.209950103691101,121.5291811289586,346.2087191207831
28074887,-2.811958,-9.294102,2.0270201036911013,125.57654064148088,349.1883524431074
28074895,-2.742785,-9.824049,1.858889103691101,129.58113696154902,352.01653105486764
28067090,-2.204299,-7.2912,5.239755103691101,10.134437514055463,384.0073898456028
28049755,-5.795658,-1.949877,2.975063103691101,86.82237735409558,188.6273927631919
28049755,-5.795658,-1.949877,2.975063103691101,86.82237735409558,188.6273927631919
28038231,-5.386226,0.318038,0.08141210369110108,204.5546432722585,141.19100705972892
28074910,-2.411315,-9.914566,1.434758103691101,138.7079195551758,357.8353050335404
28072649,-3.364331,2.395916,0.03981810369110117,284.89801868350605,61.62282350444042
28078541,-3.020032,-3.013331,0.253766103691101,186.073235055131,284.9267888785193
28072651,-3.347919,2.38498,-0.04028189630889889,290.1543292460739,65.5083373684484
28074915,-2.44978,-11.429182,1.2636831036911012,141.57941037996207,360.6647077754308
28078544,-2.805145,-2.710684,0.012814103691101142,197.40328831128545,286.5820663352557
28078548,-3.943419,-4.976548,1.457722103691101,140.8464935969372,287.5847127617318
28074922,-1.308605,-4.09199,0.7382741036911011,169.6170506939004,363.2868548035585
28074930,-2.040328,-11.408621,0.6239711036911011,153.90642697996157,366.1194201643372
28067119,-1.664965,-6.006456,4.249659103691101,30.16934778913276,393.57564975329024
28078560,-2.170873,-1.644786,1.9738471036911012,114.447866313695,307.2707580804009
28059969,-5.234717,-3.087819,4.964396103691101,1.537389953281746,227.81087736026123
28059969,-5.234717,-3.087819,4.964396103691101,1.537389953281746,227.81087736026123
28052600,-3.142129,1.821289,0.017794103691101126,270.223520294284,119.35127093225869
28059982,-4.416091,-2.333557,4.4161021036911015,3.1431799773565103,234.7305559251708
28067138,-2.250872,-11.606308,6.348136103691101,19.563795420206617,397.4806025713948
28070781,-2.282498,-7.177169,5.229958103691101,9.984288224520355,380.55337975071245
28074962,-0.832417,-9.353043,3.625808103691101,76.38905010813056,419.0349255404116
28070785,-0.535858,0.564073,-0.01057689630889902,316.286494178023,366.8415261131288
28070786,-0.499817,0.727538,-0.026310896308898934,331.49463660692174,368.73809261529846
28074972,-0.355054,-2.070603,0.42538910369110106,206.848745845352,406.0306845966987
28067145,-1.54007,-6.189094,4.2143751036911015,32.68391727529911,399.1136439955748
28069108,-4.645276,0.90063,0.0664011036911012,218.9173320577018,132.78261371799732
28078590,-2.908453,-5.830212,4.407644103691101,35.56590890601828,342.8755464933606
28074975,-0.287208,-2.495927,0.16857710369110102,214.2287225831444,405.5649906674823
28059992,-4.737758,-2.827549,4.679486103691101,3.53234207938317,236.61310175047245
28059992,-4.737758,-2.827549,4.679486103691101,3.53234207938317,236.61310175047245
28070792,-1.58681,-5.60553,0.8621911036911011,159.2965315059458,360.9740318547355
28062340,-7.445999,1.24344,0.04700610369110114,200.02072170024385,75.6879540161278
28070793,-1.052431,-2.781194,-0.022321896308898914,210.9612896559334,359.070716021878
27978124,-7.308716,0.370248,3.081607103691101,76.65802977642218,77.55608707345084
28074983,-0.230515,-2.334779,0.1651131036911011,217.544181903768,409.5491977241284
28070800,-0.466971,0.727928,-0.02598389630889897,333.6702806374848,373.1831755724403
28085011,-4.892891,2.541856,0.21611010369110106,238.1918700061511,22.28404064588497
28072710,-3.323636,2.220357,0.014441103691101187,280.294452261003,80.48247655366112
28085023,-5.211706,1.807665,0.46643010369110105,207.02159766311465,67.44611726360748
28085024,-4.369211,1.700016,1.6861891036911012,135.14445570815255,61.81636750892
28085025,-5.562971,1.643508,0.672242103691101,191.75873658478775,69.04226643236777
28085026,-6.581057,0.896695,2.941153103691101,72.4951684184195,60.819682543919726
28078629,-0.760407,-2.362901,0.8405881036911012,178.1247582057596,385.8553953877748
28085033,-4.371284,1.508925,1.680688103691101,135.5026570427927,77.85325981400234
28049017,-3.107809,1.696102,0.0036441036911010194,267.5835615391102,130.0128707504481
28085048,-4.439041,1.105053,0.9701871036911011,178.9126711362722,116.28490506328424
28038279,-4.413842,0.286343,0.05673210369110104,213.49009179242432,163.94984186270173
28072739,-7.463298,1.802828,2.708974103691101,85.76013388420446,1.9327240243316623
28062404,-3.123698,1.661061,-0.008228896308899003,266.6202717383473,132.15267063870226
28070844,-1.130317,-6.901303,0.15196010369110113,176.30891598195072,375.2855409905096
28067239,-0.607047,-14.007561,4.015752103691101,84.56995228989541,422.9397050943421
27949989,-6.110662,-1.119132,2.976316103691101,83.59165429631852,157.13218204231126
27949989,-6.110662,-1.119132,2.976316103691101,83.59165429631852,157.13218204231126
28082327,-3.831174,2.005847,1.953878103691101,106.50408107608328,29.878334933610237
28069183,-6.326882,-0.129906,3.0389151036911013,74.59956537568362,114.97655527613595
28082351,-6.136907,1.472473,0.622000103691101,188.47842070876143,72.04884797626445
27967487,-4.798285,0.946718,0.01104510369110101,220.2249712062007,127.94068403218566
28060087,-5.095498,-5.349991,2.163692103691101,121.95452465729493,266.3591248393538
28060087,-5.095498,-5.349991,2.163692103691101,121.95452465729493,266.3591248393538
28070867,-0.871604,-5.001313,0.6852211036911011,168.74093187309813,385.1075746040751
28033819,-3.260241,2.12226,-0.05852989630889893,282.87807532593075,92.78174901297076
28082399,-3.366068,1.018191,1.952930103691101,110.05949511682606,139.28337794654038
28085153,-4.098704,-3.805191,0.49156110369110106,171.18455134757,266.42381185399955
28085153,-4.098704,-3.805191,0.49156110369110106,171.18455134757,266.42381185399955
28082443,-3.618046,-0.104085,0.0231251036911011,217.89749886203973,200.4701513437045
28082451,-2.928614,0.038319,1.956142103691101,112.43035025197776,216.14668322295543
28082451,-2.928614,0.038319,1.956142103691101,112.43035025197776,216.14668322295543
28069251,-4.659543,0.338473,-0.009643896308898947,214.433569966855,156.5067453652283
28072844,-6.536489,1.496268,0.28879810369110104,199.6682940828288,71.0199341318118
28082483,-2.709032,-0.27346,2.009826103691101,108.59168681684454,240.39929929588416
28082483,-2.709032,-0.27346,2.009826103691101,108.59168681684454,240.39929929588416
28082505,-1.417145,1.279572,-0.003602896308898984,314.7198790582258,250.3014643588334
28082505,-1.417145,1.279572,-0.003602896308898984,314.7198790582258,250.3014643588334
28082526,-2.856571,-1.698851,1.482469103691101,142.98665071616873,272.7059697290401
28082526,-2.856571,-1.698851,1.482469103691101,142.98665071616873,272.7059697290401
28082530,-3.311822,0.698284,1.9688431036911012,110.32014063192872,163.17876679277603
28082530,-3.311822,0.698284,1.9688431036911012,110.32014063192872,163.17876679277603
28060157,-2.3984,-1.383461,1.9735201036911012,114.57888373831156,289.6681689988736
28060160,-4.170889,-5.851458,0.12241710369110104,173.37802409104594,287.35200424073275
28062572,-8.003909,-0.131285,4.730030103691101,7.282016439432596,70.98045336286287
28069285,-6.494017,-0.721572,3.1112831036911013,77.3819122878584,134.96500968550492
28082599,-3.335821,-0.293413,1.7495591036911011,129.34750768709586,212.37768449050444
28082599,-3.335821,-0.293413,1.7495591036911011,129.34750768709586,212.37768449050444
28072888,-1.011024,1.999483,-0.017199896308898843,429.2768973918255,240.9643600789022
28060185,-0.482124,0.727939,-0.02962089630889886,332.93550782725055,371.0019184822887
28072893,-4.27008,1.531559,1.767222103691101,128.6409735192778,76.07908584603362
28072895,-0.967322,1.988613,-0.021095896308898965,434.2110386630899,247.92622258533424
28072895,-0.967322,1.988613,-0.021095896308898965,434.2110386630899,247.92622258533424
28082622,-5.484652,-3.126623,0.43348410369110113,171.90856588931206,224.57004019439717
28082622,-5.484652,-3.126623,0.43348410369110113,171.90856588931206,224.57004019439717
28078899,-8.311306,2.355604,1.000991103691101,168.49626340182647,1.8305030708889944
28085222,-2.771327,-0.478894,1.972868103691101,112.78767809454716,244.6900009217045
28078905,-5.237144,2.407773,0.21729010369110102,229.31753995635523,30.38583835350522
28085227,-4.222076,-2.794486,-0.06399289630889893,191.8119246099004,247.03649165217172
28085227,-4.222076,-2.794486,-0.06399289630889893,191.8119246099004,247.03649165217172
28082641,-3.284786,-1.980568,0.9270241036911011,166.16751307873665,260.74841615343047
28060194,-3.49519,-5.040478,0.11429410369110116,178.20181740846303,295.20431874775386
28082650,-2.851616,-2.246629,1.5093481036911012,141.02360770849498,283.81886618408697
28085235,-2.118726,-0.269815,0.08440610369110102,231.97888021894371,265.6878919011473
28085241,-3.47235,-4.018323,2.0650121036911013,120.22777732093016,291.5331090994436
28082662,-3.587859,-4.707064,4.4938651036911015,25.722560233501127,308.1224405149176
28082663,-2.594083,-2.634846,0.0011691036911010144,199.73756128337885,292.6510832890947
28082664,-1.006565,2.014958,0.037568103691101085,428.4222771216951,240.20910242680307
28082667,-2.085927,-1.341509,2.006009103691101,110.61425837855424,306.47964631792235
28082670,-2.743052,-3.338618,0.21314010369110115,186.62583514334156,298.06883398157265
28078931,-2.881079,2.069253,-0.013481896308898955,291.6917510181154,107.88230717943632
28082678,-3.312919,-5.26614,1.311995103691101,144.860729668545,306.9140845080805
28082680,-2.307456,-2.441051,0.03425810369110116,202.2447344235336,300.55807765181453
28082681,-3.169966,-5.260609,1.2815671036911012,145.79605637224418,310.74733435540946
28060207,-3.28073,-4.203007,1.0952631036911011,153.17013082049712,295.67562688169727
28085257,-2.662329,-4.767801,0.9942981036911012,155.79527182481235,320.00567873668075
28082688,-2.472985,-3.904388,0.10512510369110117,187.77998688761485,312.83344767306545
28082689,-0.924074,1.861354,0.0026231036911010808,416.8652702490321,265.188661263252
28082689,-0.924074,1.861354,0.0026231036911010808,416.8652702490321,265.188661263252
28082693,-1.962788,-2.420851,0.6374561036911011,180.7663823681505,318.5819210585578
28070952,-0.340706,-4.242747,0.6722211036911011,174.80177218255506,409.7818678122622
28065137,-3.415807,2.548809,-0.04018989630889891,295.3274285390611,46.97847227744765
28082694,-1.946936,-2.379561,0.2149301036911011,198.5343862396844,315.5269975510753
28082698,-2.092372,-3.919441,0.7083701036911011,169.17590544706317,330.0753762263195
28072929,-3.10708,1.642691,-0.0030298963088988273,266.14983981289976,133.92118230353634
28072936,-4.218537,1.375084,1.7604471036911011,129.20437957237752,89.92007151362014
28078964,-7.301472,-0.384983,1.375867103691101,147.99880465200837,123.9206920120923
28085288,-1.591154,-5.266052,0.8046751036911011,162.1123365380081,358.70213234535674
28082711,-1.452548,-5.492671,0.271412103691101,178.08963758228842,360.3480347154612
28082719,-1.07783,-6.601636,0.23226010369110117,175.493363786495,376.8837620689656
28078979,-3.369588,0.926983,1.9588611036911012,110.1645134433928,145.6850190125657
28085324,-0.406544,-3.548993,0.6342061036911011,180.68578493867096,405.9211477689772
28052801,-2.950095,1.354616,0.012558103691101108,259.98596252749473,158.23241808785917
28065184,-0.954839,1.980296,-0.013910896308898968,434.0721374408138,250.4886039112788
28065184,-0.954839,1.980296,-0.013910896308898968,434.0721374408138,250.4886039112788
28072966,-5.663404,0.898724,0.07064710369110117,208.8058911599165,113.22776570472725
28072970,-0.995638,1.898001,0.03328610369110119,410.6072726057899,252.53978348745215
28072970,-0.995638,1.898001,0.03328610369110119,410.6072726057899,252.53978348745215
28072984,-5.623222,0.81829,0.07751810369110101,208.0016683431233,117.23945955342388
28065214,-7.762385,2.46673,0.10894710369110117,206.9098182534244,14.248307865331526
28062722,-4.437216,-0.173537,-0.0042528963088990235,210.24115103743188,179.87990619938586
28062722,-4.437216,-0.173537,-0.0042528963088990235,210.24115103743188,179.87990619938586
28060273,-2.003721,-1.574997,2.017278103691101,110.51779684527706,315.9279480800231
28069405,-6.907279,-2.314646,4.437925103691101,37.69062539597641,169.82405423080934
28069405,-6.907279,-2.314646,4.437925103691101,37.69062539597641,169.82405423080934
28060288,-2.044985,-1.957272,1.975565103691101,114.8994448498325,319.56663624888625
28075588,-4.684725,2.048185,1.301542103691101,164.6820470050814,36.81760446232804
28075589,-4.748382,2.036441,1.211492103691101,170.49825640995908,39.65027895846822
28065266,-5.978337,2.125186,-0.03750389630889894,226.03628453087916,48.23154966812302
28073025,-0.953726,1.824955,-0.012518896308898908,408.4152238970959,263.7756102390219
28073025,-0.953726,1.824955,-0.012518896308898908,408.4152238970959,263.7756102390219
28038452,-3.706747,0.418916,1.7513421036911012,129.4715035350784,166.2549291191273
28038452,-3.706747,0.418916,1.7513421036911012,129.4715035350784,166.2549291191273
28044294,-4.93465,-0.535,0.09749410369110101,199.25845652559045,178.8449524016047
28044294,-4.93465,-0.535,0.09749410369110101,199.25845652559045,178.8449524016047
28085506,-7.189812,2.330638,0.6959771036911011,186.0612513207325,12.99604055613196
28085507,-7.211942,2.332224,0.3574271036911011,200.1521861123183,19.598182429850937
28085508,-3.938417,2.179161,2.026835103691101,97.76531136231156,2.451723290701608
28079139,-6.167811,-1.682405,4.306677103691101,26.561799894124903,166.76906024422777
28085517,-5.006637,2.164168,0.640961103691101,205.2343922778652,41.05434105851956
28085520,-4.785025,2.035589,0.721584103691101,201.16622914991177,51.847384095706616
28085524,-6.314267,1.627546,0.45372710369110103,195.8705966150177,64.39130873155278
28085526,-7.630777,0.593791,3.3256881036911015,65.433474177466,59.79546879871828
28065345,-5.168054,1.800689,0.09968510369110106,225.02489068405032,75.11031628018239
28085544,-4.715847,1.244328,0.772011103691101,189.06256041789644,105.05324309118096
28085546,-4.050208,1.296288,1.606902103691101,140.4304585711517,103.05622123247068
28085548,-4.961391,1.210379,0.08345110369110098,219.0865458656181,111.25926388319591
28073088,-6.543826,-0.305649,3.5177891036911006,53.727415113636624,113.79532375448132
28065377,-3.09585,1.816231,-0.04402489630889894,275.16326702788905,122.35242439459
28085565,-5.186271,0.044473,0.03196610369110098,205.1725266025072,155.2595037215791
28075734,-5.488721,-3.145828,1.003364103691101,155.9002888738065,224.55768709662425
28075734,-5.488721,-3.145828,1.003364103691101,155.9002888738065,224.55768709662425
28085568,-5.139068,-0.239048,0.006465103691100982,203.7222989854904,165.73009722254216
28013121,-7.321192,0.372369,3.2703761036911008,67.38694571913805,74.75608465939143
28079209,-1.235143,1.700053,-0.02526689630889889,363.8222198688023,240.1420864928744
28079209,-1.235143,1.700053,-0.02526689630889889,363.8222198688023,240.1420864928744
28065416,-5.064237,1.459259,0.06504410369110114,222.41449014324616,96.75377401881168
28075779,-3.10516,0.362863,1.9595881036911011,111.57932601882464,191.76781005050768
28075779,-3.10516,0.362863,1.9595881036911011,111.57932601882464,191.76781005050768
28085603,-3.315099,-0.357856,1.7227321036911012,131.0076076138203,215.72630412659512
28060404,-1.73253,-4.860668,0.7557581036911011,164.77175073913216,350.8615704261726
28060422,-1.416657,-3.9481,0.7568461036911011,169.26213106121486,357.939130857853
28038496,-2.314809,0.183901,0.000951103691101185,242.73929594594523,241.36233867644785
28038496,-2.314809,0.183901,0.000951103691101185,242.73929594594523,241.36233867644785
28037438,-0.918297,1.87495,-0.010586896308898863,420.9301178093186,264.77374394359833
28085642,-4.102977,-3.805125,0.8206401036911011,161.5436956547341,267.0020028974617
28085642,-4.102977,-3.805125,0.8206401036911011,161.5436956547341,267.0020028974617
28085643,-2.164929,-0.152566,0.08536310369110112,233.5788307476244,259.9289733887471
28085643,-2.164929,-0.152566,0.08536310369110112,233.5788307476244,259.9289733887471
28075820,-5.593848,-3.22988,0.6490821036911011,165.4707578097092,224.0410317979438
28075820,-5.593848,-3.22988,0.6490821036911011,165.4707578097092,224.0410317979438
28079269,-3.653025,-7.796614,0.03981910369110109,170.50211990129114,313.6194779528849
28079271,-2.852305,-5.194412,0.9325721036911011,156.46429142322103,317.64581671217303
28079273,-1.855634,-2.262279,0.07721310369110101,205.89388283002845,316.93432710734965
28085646,-2.133721,-0.261348,0.07812610369110118,232.22861630245225,264.66293068204493
28085646,-2.133721,-0.261348,0.07812610369110118,232.22861630245225,264.66293068204493
28085653,-2.099665,-0.278801,0.09471910369110104,231.57709496631065,266.95570693627747
28085653,-2.099665,-0.278801,0.09471910369110104,231.57709496631065,266.95570693627747
28079282,-1.885182,-2.489137,2.012998103691101,113.91267013821457,335.9256977640568
28065463,-4.505656,1.304238,0.162021103691101,222.50909312969168,114.62446518016876
28079290,-1.708741,-3.830293,0.7420561036911011,169.47863004593898,344.62835276292475
28075851,-4.111149,-3.6652,0.241644103691101,178.8354646856253,263.6607632877954
28075851,-4.111149,-3.6652,0.241644103691101,178.8354646856253,263.6607632877954
28083047,-3.934664,2.162009,2.028097103691101,97.7860908049914,4.821365046641404
28083048,-6.881198,2.149491,1.115961103691101,167.15603340934345,16.964814673966373
28083050,-4.983176,2.042166,1.959432103691101,115.1153670960886,14.24195795743853
28073218,-1.410472,1.500347,-0.01714989630889896,331.88631714456835,237.5136279008534
28073218,-1.410472,1.500347,-0.01714989630889896,331.88631714456835,237.5136279008534
28060468,-1.727115,-4.734685,3.951276103691101,27.762486071120605,383.99098843881137
28083054,-7.312844,2.096631,0.5066161036911011,191.2527016459757,29.662870621374797
28083067,-2.564613,2.663461,-0.00036389630889899216,347.3186933115307,47.95543661777168
28079310,-0.52075,1.22133,-0.0026338963088989864,375.60065041924383,357.70371306243544
28069544,-3.014737,1.451236,-0.004045896308898955,262.3466244206558,149.9724409572952
28083077,-7.712777,1.506548,0.7761871036911011,174.86661694922233,52.370571068266514
28083091,-6.070535,1.630491,0.856784103691101,179.5911338170324,60.33257344152864
28065506,-4.957429,0.960838,-0.05745989630889903,221.5001883416064,124.75194267119755
28075908,-3.912645,-4.933827,1.538322103691101,138.49098909578942,288.15950821111505
28075919,-2.872552,-3.330725,-0.014864896308898867,193.3413998484814,292.8156566113021
28075924,-3.890675,-5.139389,2.857046103691101,96.839437574313,295.7954736779132
28075924,-3.890675,-5.139389,2.857046103691101,96.839437574313,295.7954736779132
28083133,-4.290707,1.349333,1.0187521036911011,179.36663967436402,104.00297888114414
28083138,-4.909732,1.207177,0.43122710369110107,203.8649599531459,107.96924343839576
28075940,-3.319791,-5.423929,0.8685691036911011,157.22325910514468,306.311439282728
28069584,-6.860828,-0.376658,1.314001103691101,150.44108814464013,130.59878223855426
28069586,-6.809882,-0.362475,1.1440411036911011,156.48362884368075,132.14888112944374
28083143,-4.854468,1.148816,0.42598810369110107,203.90830330739809,112.17480472514043
28083152,-7.100523,0.089157,0.24494710369110106,187.2651052974324,119.98367788790144
28069590,-6.82011,-0.36788,0.5208131036911011,177.14873802232242,136.4101865280578
28075957,-3.038298,-5.732386,0.958731103691101,154.39573939561024,317.0137434900987
28075961,-2.001031,-2.3718,1.4745981036911011,142.3764903498498,323.17108870953365
28075964,-1.886502,-2.243634,1.3519511036911012,148.82687408426798,326.07153358822484
28075966,-3.630965,-7.013955,4.380537103691101,54.29995644338666,327.74058340586794
28075972,-1.89425,-2.313128,2.0566811036911012,110.80696084782568,333.7509789607537
28083165,-3.950081,0.910615,1.7611111036911011,128.92034645591846,129.80011873972794
28065569,-2.883543,1.20642,0.007132103691101177,257.39820215980285,169.63856757573785
28065569,-2.883543,1.20642,0.007132103691101177,257.39820215980285,169.63856757573785
28065570,-7.096415,-0.226761,3.306177103691101,69.1369945260436,103.99069474275088
28069610,-6.676909,-0.3271,2.091739103691101,120.811096385873,125.76868104600128
28076011,-2.296112,-11.521014,1.0596461036911011,145.4427837996078,363.1516527343308
28076019,-0.877356,-2.280581,0.1061571036911011,213.650358395398,366.8307609104276
28053056,-7.642472,-0.817577,3.533277103691101,68.55209131059553,116.4551891914839
28083185,-6.25473,-1.777996,0.02396110369110116,186.6450568375056,184.43615057657055
28083185,-6.25473,-1.777996,0.02396110369110116,186.6450568375056,184.43615057657055
28076042,-0.950134,-13.249428,1.928292103691101,127.84301471026444,400.3604716125856
28063185,-3.602178,-2.124544,-0.013739896308898825,198.1962610668032,251.7949602853359
28063185,-3.602178,-2.124544,-0.013739896308898825,198.1962610668032,251.7949602853359
28063193,-5.112584,-2.898561,4.859373103691101,1.5791982017668147,226.8619840808068
28063193,-5.112584,-2.898561,4.859373103691101,1.5791982017668147,226.8619840808068
28076067,-0.416024,-11.980615,5.102398103691101,45.327167917544585,442.4591169377162
28063209,-3.704268,-2.534296,-0.05689289630889882,195.90624921580903,256.1903124916933
28063216,-4.570494,-2.544968,4.526578103691101,3.756696083112218,235.0211567751117
28063216,-4.570494,-2.544968,4.526578103691101,3.756696083112218,235.0211567751117
28042860,-0.939811,1.838829,-0.01011889630889895,412.1640254131409,264.62464860939514
28042860,-0.939811,1.838829,-0.01011889630889895,412.1640254131409,264.62464860939514
28069690,-3.244888,0.817625,2.0131551036911013,105.08001005172574,157.63477789492245
28079654,-3.445668,1.108398,2.023783103691101,103.59084191514631,128.19299480672788
28079669,-6.627494,-1.327112,3.806424103691101,51.93607749338943,148.6498899511437
28079680,-6.453209,-1.842523,4.419645103691101,27.136683327251205,165.1544731355893
28079680,-6.453209,-1.842523,4.419645103691101,27.136683327251205,165.1544731355893
28083308,-4.573805,-4.323868,1.3369581036911011,144.9280199719796,263.58768252801264
28083308,-4.573805,-4.323868,1.3369581036911011,144.9280199719796,263.58768252801264
28021322,-5.557841,0.815084,0.10129410369110103,207.59640237636492,118.26538017088905
28063374,-2.840782,-2.292213,1.871362103691101,124.03848270378973,286.8293193017422
28073555,-6.772975,-0.170625,3.271501103691101,67.32696866725408,106.88458320662188
28079765,-5.480727,-3.385568,2.786521103691101,99.21137386427084,228.4453435803705
28079765,-5.480727,-3.385568,2.786521103691101,99.21137386427084,228.4453435803705
28069779,-5.862463,-0.89025,3.3264111036911013,62.75535179807957,152.0770466318015
28069779,-5.862463,-0.89025,3.3264111036911013,62.75535179807957,152.0770466318015
28041906,-2.794649,1.190742,-0.01909889630889894,260.61072173563457,174.35816078819786
28083392,-5.411581,-3.716331,3.020318103691101,92.0518692494708,236.1044827608812
28083392,-5.411581,-3.716331,3.020318103691101,92.0518692494708,236.1044827608812
28083408,-3.070876,-2.58217,0.9244051036911011,164.2651240614152,279.1152974868415
28083410,-3.43113,-3.728364,1.0535111036911011,155.42692580473818,285.1079468911572
28083414,-2.358839,-1.650123,1.989176103691101,114.43193057372063,297.48364278754883
28083424,-2.828228,-3.742664,1.596964103691101,136.4263600099369,307.1952315019445
28073626,-0.999738,1.889246,0.04033610369110119,408.1196257255377,252.7918991322502
28073626,-0.999738,1.889246,0.04033610369110119,408.1196257255377,252.7918991322502
28083435,-1.963575,-1.760628,2.026681103691101,110.55872483454787,321.5500594131143
28083440,-3.670507,-8.022339,1.8326071036911011,130.43521772967296,321.52797125471966
28076504,-8.180852,2.358732,0.8853881036911011,173.60032312373394,4.219265684987363
28076507,-7.894721,2.3535,0.700434103691101,182.2218298130162,8.941154425419455
28079890,-5.01633,-5.418211,1.791123103691101,132.02273398423765,268.2187978126948
28076516,-7.217123,2.117637,0.673516103691101,185.1568054872555,25.98572508176369
28069842,-3.53445,0.055005,1.572017103691101,140.71270463696624,191.03208353196587
28069842,-3.53445,0.055005,1.572017103691101,140.71270463696624,191.03208353196587
28083460,-2.503094,-5.878824,0.2662711036911012,173.620906723246,329.52284681047047
28079908,-3.486036,-4.048905,1.681891103691101,133.8535305963597,289.9824487694344
28076544,-7.504504,0.7039,2.8157681036911013,88.52937264958263,63.13791875414634
28073644,-4.475018,-3.376925,4.805732103691101,2.310657109853821,257.4722627452143
28073644,-4.475018,-3.376925,4.805732103691101,2.310657109853821,257.4722627452143
28079928,-2.909642,-3.9512,4.1231671036911015,23.694465157714237,323.3000434784197
28079930,-2.865934,-5.130349,0.007915103691101155,182.5300670211216,312.21947618160885
28079932,-1.946237,-2.345626,0.2916181036911011,195.7933198086919,315.6792292895182
28065854,-3.040771,1.430676,-0.02026489630889894,261.9410204833147,150.52271681759396
28069859,-6.6422,-1.722727,4.491710103691101,24.47304142181511,157.08966217811852
28069859,-6.6422,-1.722727,4.491710103691101,24.47304142181511,157.08966217811852
28079941,-1.888319,-2.250508,1.770807103691101,126.73645284877416,330.225983245865
28083489,-0.832076,-2.348341,0.503977103691101,194.73676336272416,375.7408948792969
28079947,-0.795715,1.217285,-0.0101788963088989,351.21717940021824,318.08185562780443
28063506,-0.504205,0.728691,-0.026305896308898902,331.2983217107667,368.1366202803765
28063518,-0.475029,0.726601,-0.03329089630889892,333.5729288725228,371.8578925871509
28026827,-6.860422,0.098199,0.7473721036911011,171.74460344004842,119.05814556080205
28079986,-0.693843,-4.417911,1.0215891036911011,158.80581188703007,396.5136533651006
28058615,-0.913037,1.906223,-0.00408189630889888,426.47539458198287,263.0429723733129
28076657,-4.578451,-2.450312,4.516945103691101,2.586210658586566,232.31061188278696
28076657,-4.578451,-2.450312,4.516945103691101,2.586210658586566,232.31061188278696
28063560,-0.456374,0.588979,0.03160610369110106,319.4796406633378,378.0930741401631
28063565,-2.191313,-4.748706,0.27718410369110114,179.00916494469038,330.7170282664895
28065938,-3.359933,1.059805,1.9544351036911012,109.5875424420147,136.3565995293314
28073720,-3.039447,-4.322599,4.161375103691101,29.221044780636163,322.3906727133349
28073729,-3.944285,-7.783988,3.593661103691101,84.93546982930908,320.952855629298
28076692,-6.897585,-0.383228,2.877980103691101,88.50601870176394,117.46709693547598
28063604,-2.347911,-4.152188,4.171505103691101,15.344661406507498,351.8594284474937
28065971,-2.841589,1.183979,0.026020103691101193,256.67209058330616,172.42977926228963
28065971,-2.841589,1.183979,0.026020103691101193,256.67209058330616,172.42977926228963
28073739,-1.944512,-2.428082,1.0656651036911011,161.873090301208,323.03801797007526
28073742,-1.909168,-2.354591,1.408228103691101,145.73449562366204,326.904263166511
28065980,-3.371614,0.965443,1.957276103691101,110.06744992445256,142.87519027381313
28073754,-2.307082,-4.667634,0.2516461036911011,179.77373093985298,326.1519925268957
28063630,-1.69478,-4.859838,0.7575811036911011,164.79713254098988,352.2682644745661
28076727,-3.00795,0.344375,2.009930103691101,106.85329259593058,197.0350090641089
27953397,-6.470371,-0.931849,3.1337201036911013,77.77104019337526,142.73990141487758
28076761,-5.555585,-3.207893,0.8442371036911012,160.19741139250172,224.34215559521476
28076761,-5.555585,-3.207893,0.8442371036911012,160.19741139250172,224.34215559521476
28063659,-1.838399,-3.784916,3.802868103691101,21.870448949887844,371.9484581615049
28076768,-4.123274,-2.122005,0.12845210369110105,190.73269718775288,237.4500753571176
28076768,-4.123274,-2.122005,0.12845210369110105,190.73269718775288,237.4500753571176
28076769,-2.817122,-0.342543,1.9676801036911011,112.78124380714424,237.4106704993908
28076769,-2.817122,-0.342543,1.9676801036911011,112.78124380714424,237.4106704993908
28069983,-5.578333,-1.990312,3.1894401036911013,76.45276802545965,194.06100156596656
28069983,-5.578333,-1.990312,3.1894401036911013,76.45276802545965,194.06100156596656
28066034,-6.548549,-0.600557,3.015160103691101,81.3386578225462,130.29355699169008
28063689,-2.46307,-8.245905,5.8785541036911,0.3694170009903246,382.57096091236497
28073789,-2.511763,-9.94869,1.576621103691101,135.6506323560974,356.35698215490777
28066047,-6.553874,-0.752013,3.021916103691101,82.1393977002042,135.69454068632686
28063698,-1.894016,-6.123795,4.431408103691101,26.112696273997017,385.56986758447385
28080280,-8.155071,2.357192,0.2189301036911011,199.0005432365072,16.610867001674393
28066079,-6.613669,-1.032116,3.176062103691101,77.69503889903896,143.24543152153666
28080311,-7.545078,-0.037906,3.2900551036911008,72.11927322717952,90.20086111540644
28073810,-2.012929,-14.90136,0.9187101036911011,145.65358298461484,374.806247467972
28076842,-3.50857,-4.406232,2.079517103691101,120.39315424616905,295.3328781930419
28055741,-3.439623,2.549336,-0.05482689630889892,295.3220011238662,47.00979089661311
28073815,-1.920778,-13.945538,1.558116103691101,135.37344254849302,378.13732921418256
28076859,-2.40137,-2.534825,1.6864051036911012,132.26759179573514,308.4775061005185
28053438,-3.860924,-1.466244,0.39176010369110104,187.5631830567464,230.6982836045747
28053438,-3.860924,-1.466244,0.39176010369110104,187.5631830567464,230.6982836045747
28076865,-3.551475,-6.162408,1.4130121036911012,141.2581756582957,309.0363763338476
28080350,-6.312048,-1.82657,4.363579103691101,27.76829048463921,167.93404228982607
28080350,-6.312048,-1.82657,4.363579103691101,27.76829048463921,167.93404228982607
28080352,-6.444012,-1.845401,3.9812141036911015,47.611047855122905,167.66563510591354
28080352,-6.444012,-1.845401,3.9812141036911015,47.611047855122905,167.66563510591354
28073819,-1.936077,-13.939528,2.5592701036911008,117.3012721427743,382.9752120396996
28076871,-2.808592,-4.858811,0.13673410369110117,180.4850127294113,311.9971263647427
28063775,-1.511768,-10.074913,5.249039103691101,33.73434624186336,411.0088325853928
28073822,-1.948631,-13.999331,3.576258103691101,97.73974445857908,388.3762666915683
28073823,-2.037515,-15.443872,3.3145871036911014,105.58837912842758,386.5126158847818
28076886,-1.858631,-2.314002,0.24993610369110097,198.4067211588036,318.80778122684967
28076892,-1.907177,-2.330464,1.2808491036911012,152.09976987243374,325.5029535787061
28076898,-1.892921,-2.283966,1.677489103691101,131.8422906096973,329.4604208713868
28076901,-1.912874,-2.35138,1.8175021036911012,124.3968446994561,330.6968711856569
28083796,-4.929089,2.187006,0.808859103691101,196.57505771442564,35.73576143061084
28076916,-3.038216,-8.314732,2.078590103691101,123.91369526718354,339.42651050736833
28083815,-6.933305,0.892517,2.983687103691101,73.68619051825846,56.46221188762141
28063824,-0.737659,-7.522615,4.143467103691101,42.55652643712625,433.3825574707155
28083830,-4.66447,1.30458,1.8829531036911011,121.966204829864,83.16324064128233
28083835,-4.939943,1.405107,0.5197091036911011,201.7990264773773,95.28468461069542
28083837,-4.223364,1.358161,1.6524781036911012,137.29308270274296,93.318502401577
28022186,-5.567717,0.819917,0.09543110369110108,207.793099790688,117.94884658721386
28083841,-4.488505,1.408763,0.7941771036911011,191.5784196803096,99.55928059577052
28066154,-6.087136,-1.233699,3.234385103691101,72.50489408470898,159.857699043384
28066154,-6.087136,-1.233699,3.234385103691101,72.50489408470898,159.857699043384
28076943,-2.018811,-10.349174,0.9508881036911011,148.6905528016079,365.6609046217608
28083858,-3.461808,1.192418,1.9555091036911012,109.41156674622596,122.1377947562302
28073858,-0.420867,-8.429442,1.193357103691101,145.40070261449517,409.8016832049212
28076952,-1.745669,-11.916095,1.4202841036911011,138.21613171032223,377.9038212508588
28080469,-6.249793,-1.294164,3.5629671036911015,59.17539650640447,156.53274769188454
28080469,-6.249793,-1.294164,3.5629671036911015,59.17539650640447,156.53274769188454
28076958,-0.742057,-2.433923,0.9038221036911012,174.33176805934738,388.3893876011008
28022198,-5.386474,0.305481,0.0855631036911011,204.27548000543672,141.61598109049507
28076970,-0.73518,-4.617042,1.3525801036911012,144.74962807721994,399.13174526868704
28076978,-0.808295,-11.983533,2.9571371036911014,103.91974973097824,411.3422362173183
28083885,-3.186438,0.781867,2.008686103691101,105.2312714352709,162.61714625118725
28083894,-4.353716,-0.033556,0.40690710369110106,195.92652997317705,175.19761354889923
28083894,-4.353716,-0.033556,0.40690710369110106,195.92652997317705,175.19761354889923
28080508,-2.931973,0.198684,2.008584103691101,107.35571628679136,208.24204520477684
28080508,-2.931973,0.198684,2.008584103691101,107.35571628679136,208.24204520477684
28080536,-5.484961,-3.005757,0.802511103691101,162.02443438769845,222.2484387674127
28080536,-5.484961,-3.005757,0.802511103691101,162.02443438769845,222.2484387674127
28080540,-5.475574,-3.117013,0.6154931036911011,166.97392942740677,224.50506643470743
28080540,-5.475574,-3.117013,0.6154931036911011,166.97392942740677,224.50506643470743
28083933,-0.987511,2.001181,-0.007585896308898832,432.365447681933,244.0136701709862
28083933,-0.987511,2.001181,-0.007585896308898832,432.365447681933,244.0136701709862
28059029,-5.934684,2.016405,-0.12842389630889883,228.67924936042812,56.70563489230412
28083967,-5.269562,-3.054458,0.1350021036911011,180.8480849850502,227.8365486705989
28083967,-5.269562,-3.054458,0.1350021036911011,180.8480849850502,227.8365486705989
28080604,-3.9445,-6.742691,3.6593531036911013,78.16714199025674,313.280599850914
28085665,-6.357349,-2.024538,-0.006893896308898917,185.83247222256392,187.9919356916854
28085718,-4.49795,-6.08496,0.4219961036911011,165.21659989951567,283.3742383288827
28085720,-3.351265,-4.184784,0.5637021036911011,169.49509780724927,291.35939603596046
28085729,-2.312064,-3.519181,1.006151103691101,159.37763953193297,319.8947227286776
28085959,-7.709946,2.310903,1.053890103691101,168.00668066659225,4.960037979802621
28085970,-4.475843,1.996393,1.832849103691101,123.05305335867338,27.59326616897565
28085979,-7.211122,1.344198,0.8035621036911011,174.81598059236873,63.99968491460908
28085990,-7.105152,0.228871,2.8435931036911013,87.58680293308515,89.57469856168109
28085994,-4.663876,1.4374,0.8168901036911012,189.15890174271885,93.81807713250744
28085995,-7.385483,0.014419,2.8510461036911012,90.3785785290498,94.9714124336884
28085996,-1.975324,2.439322,-0.0061838963088989285,375.2965744757228,102.5286814348351
28083976,-3.158512,-0.865508,1.7411181036911012,129.9316213618654,239.3544711035568
28083976,-3.158512,-0.865508,1.7411181036911012,129.9316213618654,239.3544711035568
28055905,-3.170159,1.91977,-0.059041896308899,277.70762434307426,112.2476358908127
28070124,-5.77431,-3.598902,-0.024177896308898994,181.02429654979423,226.81167950952167
28055988,-7.723378,1.430544,1.6009951036911012,141.9353072629093,43.59395214134378
28066335,-7.053666,-2.876229,4.616696103691101,37.97006266601457,180.9324724584174
28049451,-6.74696,-0.472266,3.158665103691101,75.22004810502455,120.75119305924429
28053609,-3.842946,-2.829646,0.11233310369110105,188.03098225891935,257.635625860815
28053615,-3.529442,-2.57759,0.03525710369110113,193.60900187630023,262.0485595548104
28053615,-3.529442,-2.57759,0.03525710369110113,193.60900187630023,262.0485595548104
28066355,-5.774432,-2.295699,2.990340103691101,88.03937443071777,197.9493660109117
28066355,-5.774432,-2.295699,2.990340103691101,88.03937443071777,197.9493660109117
28056026,-1.108086,1.92674,-0.012174896308899008,404.1361148255179,235.5423992757849
28056026,-1.108086,1.92674,-0.012174896308899008,404.1361148255179,235.5423992757849
28059164,-7.568371,1.480994,3.304867103691101,55.71714146076599,9.56567326143056
28059172,-7.51638,1.487267,3.6135961036911013,35.87518480820404,2.140241829857615
28056086,-6.827524,1.211288,3.9088141036911015,8.051195923205483,17.829710528858584
28056090,-4.604854,1.152205,0.08850710369110115,222.19707748904543,121.34574762247472
28077363,-4.878451,2.108422,0.9992031036911011,184.24393939446108,37.77189152629913
28077378,-4.394022,1.781659,1.787826103691101,127.01494367335702,51.24411206911728
28077390,-7.703465,0.241298,4.019313103691101,34.68074022134243,66.29647525461633
28070223,-3.492411,-1.750807,0.048001103691101,199.8845480888682,247.79041275166367
28070223,-3.492411,-1.750807,0.048001103691101,199.8845480888682,247.79041275166367
28084132,-3.058476,-3.21908,0.3940951036911011,180.0707595225138,287.1406402592263
28077422,-6.923131,-0.393782,2.788733103691101,92.65796324141914,118.28082363488048
28077423,-6.788243,-0.169323,1.484566103691101,144.61895791328448,123.39618867101954
28070231,-5.580131,-3.861441,4.271234103691101,47.43908659167445,234.9619307609169
28070231,-5.580131,-3.861441,4.271234103691101,47.43908659167445,234.9619307609169
28048763,-1.077119,1.974841,-0.017177896308898877,415.85361140246863,234.827088333837
28048763,-1.077119,1.974841,-0.017177896308898877,415.85361140246863,234.827088333837
28084139,-3.510624,-4.581041,2.8239331036911013,93.96446208240232,300.6278111667504
28084140,-2.703817,-2.649982,1.845909103691101,125.41494474543654,298.36866228560774
28084147,-2.921069,-3.922317,0.35292010369110105,178.24906378710182,300.07577791319085
28084150,-0.990202,1.999864,-0.004949896308898971,431.51917273559576,243.7823937813905
28084150,-0.990202,1.999864,-0.004949896308898971,431.51917273559576,243.7823937813905
28048779,-1.096236,1.955448,-0.01493689630889894,410.1406483794617,234.31466104904604
28048779,-1.096236,1.955448,-0.01493689630889894,410.1406483794617,234.31466104904604
28080925,-4.753555,2.183104,1.375219103691101,160.02798118370757,21.25279251955024
28080971,-3.430743,1.11607,1.954472103691101,109.78133456030488,129.36260677535546
28045628,-5.288616,0.071203,0.07593610369110104,203.08488746801527,151.96043668129192
28059288,-4.660057,0.815264,0.06286810369110118,217.69843147955757,136.3424894158572
28049544,-7.625115,-1.520462,4.605166103691101,29.023102948781546,132.2142227304974
28077675,-5.549181,-3.203007,0.506892103691101,169.50664059482793,224.54348569575544
28077675,-5.549181,-3.203007,0.506892103691101,169.50664059482793,224.54348569575544
28066503,-5.462682,-3.193157,2.948665103691101,92.50321386723078,225.08219687830635
28066503,-5.462682,-3.193157,2.948665103691101,92.50321386723078,225.08219687830635
28048800,-1.111877,1.922497,-0.014460896308899018,403.2297745013476,235.47403666379608
28048800,-1.111877,1.922497,-0.014460896308899018,403.2297745013476,235.47403666379608
28077759,-2.771023,-3.136018,0.13793110369110106,190.28263586817357,294.1921371697574
28084245,0.384517,-5.768068,0.04221510369110115,191.288176407653,433.4790764297799
28048820,-1.11117,1.897635,-0.01604889630889894,399.876406886189,237.78152081409965
28048820,-1.11117,1.897635,-0.01604889630889894,399.876406886189,237.78152081409965
28066577,-7.265768,-5.933768,5.179229103691101,47.03244783825028,233.300283241111
28066577,-7.265768,-5.933768,5.179229103691101,47.03244783825028,233.300283241111
28056349,-8.062509,-0.837257,4.633437103691101,24.13944169575319,101.31258299643544
28081160,-1.755115,2.101308,-0.015537896308899013,359.4884128739008,158.63037712588283
28056375,-4.383681,0.005516,0.039946103691101076,211.0438264153226,174.9875936750725
28056375,-4.383681,0.005516,0.039946103691101076,211.0438264153226,174.9875936750725
28049581,-6.623471,-1.244174,3.187848103691101,78.76701105662437,149.9688838843407
28070378,-5.027308,-5.398433,4.525346103691101,47.0325223391236,273.5790485301376
28070378,-5.027308,-5.398433,4.525346103691101,47.0325223391236,273.5790485301376
28081213,-4.634603,-4.505503,1.4440951036911012,141.66928896684774,264.7844491839928
28081213,-4.634603,-4.505503,1.4440951036911012,141.66928896684774,264.7844491839928
28081219,-2.872115,-1.810141,1.534121103691101,140.3199349861559,274.6248830733031
28081219,-2.872115,-1.810141,1.534121103691101,140.3199349861559,274.6248830733031
28081220,-2.822796,-1.839923,1.533210103691101,140.31548054300492,277.27437985181143
28081220,-2.822796,-1.839923,1.533210103691101,140.31548054300492,277.27437985181143
28074419,-4.790143,2.572372,0.4916701036911011,224.72314712541203,11.89331333662571
28023044,-6.770562,-0.331652,2.914851103691101,85.67410827009047,117.1417986381785
28059458,-7.237999,-0.717801,3.281136103691101,75.43572731040416,121.02887671058288
28038068,-2.788116,1.092763,-0.041266896308898904,259.0178157246441,180.20367489799625
28056453,-6.120144,-0.754067,3.469405103691101,56.672882641126506,140.4622012719163
28068700,-4.724459,2.667126,-0.027225896308898934,258.4032829037987,19.615277520684717
28074447,-4.732223,2.115171,1.450677103691101,154.1089881634708,25.60202835977049
28074452,-4.680463,2.051745,1.013744103691101,184.30939370716052,44.52429890266853
28056460,-6.629518,-1.125561,3.188630103691101,77.93762780049178,145.9940748019695
28059474,-7.599108,-0.950014,3.8961361036911013,53.730107688176304,118.6810185747968
28074466,-4.371693,1.779892,1.788004103691101,126.92098928580714,51.75836090646436
28003747,-6.074272,1.75724,-0.007815896308899006,218.43169465459863,67.45772659766357
28034565,-3.203985,0.591706,1.957601103691101,111.11465871117376,174.4198344531873
28068729,-4.941174,2.555604,-0.010532896308898865,249.72715404079423,27.01480282462242
28061844,-1.085539,1.96567,0.000863103691101097,411.8796093862178,234.67072543292053
28070463,-4.436413,-6.59571,0.5836781036911011,160.47824980445904,289.7652273918746
28066700,-3.446427,-3.491393,0.03141510369110101,188.24372504017725,278.17855001624906
28061863,-1.099526,1.945348,-0.003315896308898836,407.2780880857293,234.8667728463844
28061863,-1.099526,1.945348,-0.003315896308898836,407.2780880857293,234.8667728463844
28068750,-5.231577,2.455373,0.07167410369110105,237.7832023489451,30.397909126706764
28056545,-6.261601,-1.462581,3.134373103691101,80.02724371391392,164.086300486575
28056545,-6.261601,-1.462581,3.134373103691101,80.02724371391392,164.086300486575
28066713,-4.656242,-4.659818,4.127204103691101,52.2470130592674,272.28223831550844
28066713,-4.656242,-4.659818,4.127204103691101,52.2470130592674,272.28223831550844
28084446,-4.980025,2.065662,1.7323251036911012,132.7994104522773,19.329405149387355
28070501,-2.726515,-3.491349,0.08232710369110108,189.9311619843994,299.87483129671085
28061888,-1.109521,1.887648,-0.013625896308898877,398.4763362150717,238.85871064403705
28061888,-1.109521,1.887648,-0.013625896308898877,398.4763362150717,238.85871064403705
28084460,-4.351259,1.860018,1.7140711036911012,132.86930821740594,46.644211177652295
28068778,-5.513064,2.321683,-0.021697896308898956,235.06485312925,39.73613142012715
28084469,-4.375143,1.740667,1.817087103691101,124.62699528499704,54.51676003558234
28070514,-2.453041,-2.451452,1.861414103691101,123.76407937682684,306.13794570753623
28070517,-1.740599,-1.161357,0.07684010369110106,221.65046638706428,305.5099605046296
28066747,-2.678652,-1.917988,1.847019103691101,124.23969420174438,286.5737516367657
28068784,-5.572066,2.301156,0.06934610369110117,229.58194509777857,38.61738395982934
28070522,-3.184597,-4.075107,3.190696103691101,73.92955459531822,307.49870017830585
28084492,-5.091245,1.174352,0.800843103691101,184.26122800526215,101.23487992190172
28070528,-3.476273,-4.786831,3.6420881036911013,62.79448775143726,308.21870281095266
28084493,-4.581461,1.33388,0.8064971036911011,189.24896840185045,102.03403369571676
28081609,-7.000325,2.146965,1.204833103691101,162.51791241594142,14.64415302344645
28081611,-4.703674,2.18522,1.463605103691101,153.5598675862666,18.57259838929903
28081614,-4.758826,2.152258,1.191905103691101,172.8329259899865,29.760653588451905
28070534,-3.319854,-5.155506,1.202429103691101,148.21642648023857,305.18180609318165
28081624,-3.772007,1.882114,1.953281103691101,107.06542894070256,45.91251153039903
28084528,-4.54742,0.624475,0.42454610369110113,200.5216564371074,144.03617050963945
28081660,-3.919555,0.875796,1.736294103691101,130.65497924515773,133.27894174813514
28081668,-1.472318,2.213357,-0.03075189630889885,402.5699777376525,167.42557740349577
28078175,-4.835497,2.602323,-0.017153896308898853,253.52757346936835,24.143284603513905
28066791,-4.423254,-6.906004,0.6575431036911011,158.24234458308996,292.91048221297217
28068813,-5.816953,2.171295,0.08470910369110118,223.43496406277856,44.57976859001568
28078183,-4.670544,2.151821,1.734527103691101,131.84413552881765,12.941185047550364
28074620,-5.557144,-3.101746,2.909058103691101,93.99806625378764,221.07241455853224
28074620,-5.557144,-3.101746,2.909058103691101,93.99806625378764,221.07241455853224
28074622,-5.498469,-3.14961,3.036442103691101,89.22743911827177,223.32005457388829
28074622,-5.498469,-3.14961,3.036442103691101,89.22743911827177,223.32005457388829
28034611,-6.277414,-0.642775,3.066507103691101,77.14938819776887,136.4036990792685
28070555,-3.178665,-4.470923,3.4840301036911008,64.2727952565686,314.1491696320966
28074625,-5.591527,-3.138114,2.1569831036911014,120.34085803850238,221.55931760524695
28074625,-5.591527,-3.138114,2.1569831036911014,120.34085803850238,221.55931760524695
28078196,-4.432576,1.830283,1.790797103691101,126.82309871384892,45.99733469375394
28070573,-2.995347,-5.209738,-0.0009868963088988103,181.97828008206275,309.36020976191844
28070576,-3.226189,-4.5692,4.581516103691101,14.379065269426777,320.6824473409769
28070576,-3.226189,-4.5692,4.581516103691101,14.379065269426777,320.6824473409769
28059648,-3.096213,0.365876,1.958156103691101,111.61581837201554,192.0271651426416
28059648,-3.096213,0.365876,1.958156103691101,111.61581837201554,192.0271651426416
28066818,-3.389134,-4.728702,1.244842103691101,147.51292450553456,299.0495011174327
28068843,-6.223429,2.000075,0.06291810369110107,217.23871808291509,51.367971352860025
28084641,-4.228311,-3.987247,1.631186103691101,136.10716027958262,268.1099529655416
28084641,-4.228311,-3.987247,1.631186103691101,136.10716027958262,268.1099529655416
28078248,-7.199392,-0.343841,2.170036103691101,119.05894937920378,117.70786209833544
28078253,-6.280424,0.128116,0.4621121036911011,184.0004463584917,129.1895124332342
28059692,-6.312839,-1.926747,3.3569961036911007,74.26237223703453,175.51314125051118
28059692,-6.312839,-1.926747,3.3569961036911007,74.26237223703453,175.51314125051118
28066842,-3.212554,-3.604266,4.502337103691101,1.0187074030162364,308.35157852716907
28066842,-3.212554,-3.604266,4.502337103691101,1.0187074030162364,308.35157852716907
28059703,-7.510405,-2.71738,4.705186103691101,37.3730726379172,168.28389258366855
28066857,-3.396165,-4.528922,3.5735161036911007,62.786461165836045,307.60683762585575
28066857,-3.396165,-4.528922,3.5735161036911007,62.786461165836045,307.60683762585575
28081849,-3.208536,0.288577,0.2678971036911011,217.3435655487318,199.16781380654643
28056806,-5.752758,-4.034157,-0.06612689630889901,180.34251298130212,233.68512475096944
28056806,-5.752758,-4.034157,-0.06612689630889901,180.34251298130212,233.68512475096944
28066884,-3.083956,-3.992904,4.428691103691101,10.399353901818756,318.636242390836
28066884,-3.083956,-3.992904,4.428691103691101,10.399353901818756,318.636242390836
28066899,-3.227633,-4.532169,4.574866103691101,14.14214498069174,320.1625602382797
28066899,-3.227633,-4.532169,4.574866103691101,14.14214498069174,320.1625602382797
28084732,-2.933769,-3.059828,0.23927910369110106,186.6539752345277,288.288946852118
28081908,-2.808084,-1.696603,1.761044103691101,128.78184814256628,275.8744571574519
28081908,-2.808084,-1.696603,1.761044103691101,128.78184814256628,275.8744571574519
28084736,-3.557235,-5.269808,0.9919881036911011,153.8756226218703,299.0679136324956
28062131,-6.91964,1.245856,0.7430211036911011,177.7721459961753,72.4141375386854
28084751,-1.904946,-2.466049,0.28839310369110105,195.10158295955432,319.00273115114777
28052496,-1.098206,1.954683,-0.012946896308899003,409.6150147889132,234.14844071669987
28052496,-1.098206,1.954683,-0.012946896308899003,409.6150147889132,234.14844071669987
28081938,-2.655013,-3.138375,0.575809103691101,175.7986112274322,300.25365790057543
28070653,-2.227628,-4.302242,0.015501103691101026,189.18914090792904,324.18558073760914
28084781,-0.704729,1.796379,-0.005406896308898901,438.58774573474994,304.0377474780755
28084781,-0.704729,1.796379,-0.005406896308898901,438.58774573474994,304.0377474780755
28084783,-1.824223,-12.733492,1.763223103691101,131.54496110300084,379.3889531820863
28062164,-5.040801,2.509338,0.08980410369110103,241.4451466021955,27.286805775073816
28034683,-6.227922,-1.035409,3.0843991036911014,78.95129249023722,151.29333386130702
28062175,-5.142914,2.457239,0.10406710369110117,237.70676318795552,30.20230637787813
28081998,-1.213835,-2.741081,-0.11268189630889891,213.51014492483725,349.8212555484184
28070685,-2.302787,-5.32742,0.16394610369110119,179.2106895256672,330.89331769747514
28059853,-7.208842,-3.974163,4.856244103691101,41.176131916766735,201.6391894465067
28074812,-3.276044,-5.933189,0.09778510369110105,175.76294889892898,308.7372501337119
28082020,-0.587841,-3.728275,0.11023910369110101,199.5196353355926,388.46915581387816
28084847,-0.108496,1.30067,-0.01041689630889886,440.806884951404,439.5095553735088
28070694,-2.529034,-4.753771,4.401981103691101,16.001338129059064,350.3608392812704
28074826,-2.934005,-5.154665,0.8679621036911012,158.34818648956303,314.58466037093115
28082034,-0.169055,-4.79462,0.09862210369110103,193.51562425174004,409.7654431993421
27956794,-6.370745,-0.908539,3.110096103691101,77.91147495389407,143.96689133871106
28078516,-4.107504,-3.837156,0.710546103691101,164.69916113907573,267.10279232023095
28078516,-4.107504,-3.837156,0.710546103691101,164.69916113907573,267.10279232023095
28057086,-4.729075,-7.590949,-0.17191789630889898,173.3604152360559,290.39230710793305
28078534,-2.765379,-1.800112,1.760881103691101,128.7916828763855,279.92875875079125
28067097,-1.855423,-5.80799,4.342667103691101,25.440985995409875,385.53051745203015
28072654,-5.313895,2.424043,0.057838103691101095,236.43871957913825,32.397069610152926
28059946,-3.09315,-0.895839,1.775684103691101,127.8161950938818,243.0614455970315
28002848,-2.815899,1.132044,-0.04667489630889898,259.8237298918087,176.97647355043023
28057108,-4.583045,-7.792491,-0.167933896308899,173.00736745212373,294.6260639259117
28069067,-5.604021,0.846865,0.08768810369110103,208.0818551654989,116.26243278756584
28070766,-1.544433,-4.909737,0.1695881036911011,183.8262694056517,353.2690928644768
28074939,-1.801005,-12.650597,0.5785441036911011,153.35975492877952,373.50990805750257
28074942,-1.843894,-12.845037,2.129007103691101,124.5371497396972,381.14342513228297
28074945,-1.80286,-12.645493,3.997847103691101,84.54924725316056,393.16641758554914
28074951,-0.660919,-4.444273,0.1260061036911011,192.449286364874,386.7317962342563
28057142,-3.233965,-4.455161,1.262343103691101,147.41730010961783,300.64703143872
28074955,-0.573771,-4.410887,0.11634710369110102,193.5404577924514,390.5637228236923
27978112,-4.63735,0.54681,0.03295210369110113,215.5744555813656,148.53195358762324
28072686,-8.381128,2.273594,-0.035401896308898895,205.54004083502048,24.05546045670536
28072687,-5.647968,2.282235,0.055329103691101,228.83145727896687,39.51131538768038
28070784,-1.099981,-2.725961,0.052258103691101176,208.17850643158852,357.1418935871327
28085013,-4.701502,2.12717,1.3188441036911012,163.96263930497145,28.842489505870816
28085018,-4.789888,2.05921,0.9551651036911011,187.20237944686608,44.06752476831582
28085037,-5.479803,1.298543,0.788365103691101,183.517012493626,88.03081781288316
28082312,-4.506655,2.747429,0.09158510369110107,259.5325267465789,9.696493466296175
28082325,-3.770021,2.011183,2.0128561036911012,99.1619451546146,27.57138177802824
28082331,-4.425652,1.86898,1.823438103691101,123.9872683934237,41.37818655979686
28082349,-3.724411,1.747106,1.954837103691101,107.58850968579928,62.11044558370338
28062462,-4.609481,1.010527,0.07945010369110106,220.3710218480525,128.29432483636137
28069206,-6.694395,-0.349667,3.0075131036911014,80.95284436966088,118.2121674040506
28052709,-7.619239,1.475282,2.785841103691101,85.41869603858305,20.701315974257483
28060136,-2.685721,-1.83977,1.8353791036911011,124.74669157704515,284.6335038071497
28060136,-2.685721,-1.83977,1.8353791036911011,124.74669157704515,284.6335038071497
28085165,-5.1056,-0.386204,-0.0016668963088988242,202.8928474075769,171.054910116302
28085165,-5.1056,-0.386204,-0.0016668963088988242,202.8928474075769,171.054910116302
28070898,-0.668531,-2.260958,1.117448103691101,164.03599624804383,397.09237794782473
28049087,-7.599292,1.470283,1.3605771036911012,152.0922275911698,46.31108463797668
28085183,-3.057287,0.192278,1.9306541036911011,114.43039917326836,202.8353014091112
28085183,-3.057287,0.192278,1.9306541036911011,114.43039917326836,202.8353014091112
28069284,-6.849985,-0.923455,3.3672321036911015,70.20780290833886,133.93248631761236
28060183,-4.868395,-7.835333,-0.23654689630889902,173.6883072587112,289.5975993454428
28082620,-5.564226,-3.216863,2.8831231036911014,95.46914956977758,223.22959563177287
28082620,-5.564226,-3.216863,2.8831231036911014,95.46914956977758,223.22959563177287
28078903,-4.685765,2.179441,1.6809321036911011,136.31282468833027,11.819095064586577
28085224,-4.225294,-2.564816,-0.03069389630889896,192.26512742877085,243.01776844589943
28082639,-4.188512,-2.788618,-0.0621578963088989,191.94912291547075,247.77335420545663
28082639,-4.188512,-2.788618,-0.0621578963088989,191.94912291547075,247.77335420545663
28078907,-4.677919,2.162884,1.5944801036911012,143.28169398482785,16.624392761293166
28082642,-3.84707,-3.009861,0.009735103691101088,190.01435726430432,260.2342540841548
28082642,-3.84707,-3.009861,0.009735103691101088,190.01435726430432,260.2342540841548
28078911,-7.524724,2.086368,0.19903310369110105,201.590268720067,34.19927276798609
28078912,-4.820916,2.102262,1.1293571036911012,176.17141873256185,35.37347740068012
28078913,-4.928623,2.075988,0.819812103691101,194.3988401270023,44.46553236956692
28082653,-3.317002,-3.84013,1.113467103691101,153.31482413662155,290.2126481550664
28078922,-3.760749,1.803389,1.9586701036911012,107.07495035953994,54.9861340863431
28082656,-2.939592,-3.138336,0.34798110369110113,182.53174550296592,289.6318535161676
28085236,-3.522401,-3.268261,0.22555010369110118,183.3594165429643,273.48036041840146
28085239,-3.337294,-3.191725,0.565824103691101,173.5812284301449,278.77372807963656
28085248,-1.117104,1.589233,-0.013209896308898905,361.6606832622677,260.54138166189466
28085248,-1.117104,1.589233,-0.013209896308898905,361.6606832622677,260.54138166189466
28085251,-2.685741,-3.488397,0.1070261036911011,189.36005287554843,301.2726487722414
28085254,-2.611294,-3.795468,-0.011301896308898884,191.42005053335424,306.6003719157469
28062639,-1.085813,1.965179,-0.01578289630889884,413.06734539499047,234.6714736488949
28062639,-1.085813,1.965179,-0.01578289630889884,413.06734539499047,234.6714736488949
28082687,-2.858059,-4.925379,1.1743141036911011,149.66246024022922,316.32728980662216
28078951,-6.822835,-0.184387,3.3718201036911015,62.924429845828655,105.60633015357875
28082699,-1.501692,-1.5404,0.1274961036911011,216.32828587271607,324.66837719739385
28060221,-3.335264,-4.448598,1.2586281036911011,147.50243151636124,297.57041850728933
28078961,-6.866611,-0.293022,2.093610103691101,121.14723831346674,121.52301340647816
28082706,-1.274274,-2.072717,0.12527510369110106,211.4705166672458,343.2646367865027
27995830,-7.781281,1.503146,1.819291103691101,132.63435691832802,35.89825425404359
28085303,-1.847006,-13.108729,0.7885231036911011,149.1883157669376,374.4413010118645
28085311,-0.784338,-1.887455,0.7553891036911011,187.08694356781632,380.8220452397559
28062666,-7.423552,-0.888591,3.336100103691101,75.70457785547893,123.74981425782676
28082726,-0.671327,-3.553575,0.10123310369110117,200.9346304766026,383.6581090262771
28072986,-1.013174,1.881301,0.03392110369110113,405.6607847811578,251.6433204813627
28072986,-1.013174,1.881301,0.03392110369110113,405.6607847811578,251.6433204813627
28065224,-5.45106,2.318344,0.0987561036911011,230.25371478377733,37.884470672868986
28060275,-3.262848,-4.597386,3.027161103691101,84.83580757451818,309.9611611526265
28079080,-3.206887,-0.686232,1.7367081036911012,130.15779617747566,231.66620815782127
28079080,-3.206887,-0.686232,1.7367081036911012,130.15779617747566,231.66620815782127
28075579,-5.155705,2.320447,0.38589910369110103,220.0179883012765,33.67202354238731
28075585,-4.716874,2.107039,1.356203103691101,161.049995619925,29.437856839141062
28075586,-4.735771,2.120508,1.2217661036911012,170.60973478289284,32.0140498445538
28065267,-0.994712,1.900024,0.03325710369110113,411.05404990628176,252.48925154242156
28065267,-0.994712,1.900024,0.03325710369110113,411.05404990628176,252.48925154242156
28075622,-7.485285,-0.014607,3.754824103691101,48.956532454376514,84.39290661715702
28069426,-6.241475,-1.882981,3.5273061036911013,66.14874026987093,175.0405795463973
28069426,-6.241475,-1.882981,3.5273061036911013,66.14874026987093,175.0405795463973
28071045,0.426931,-4.692501,0.3261741036911011,189.30768889077927,445.4353808761067
28062813,-6.165838,-1.274148,2.9961521036911014,84.11397555678147,160.90854367016766
28062813,-6.165838,-1.274148,2.9961521036911014,84.11397555678147,160.90854367016766
28075635,-1.830002,1.804302,-0.024315896308898965,328.92583070265795,182.31025680120743
28075635,-1.830002,1.804302,-0.024315896308898965,328.92583070265795,182.31025680120743
28073058,-5.49361,0.467547,0.07159910369110101,205.59426349293028,133.62963651810622
28085519,-3.729869,1.923246,2.014771103691101,99.469255269393,39.33078920177158
28085522,-3.768744,1.851955,1.955359103691101,107.07843384507882,49.41410289059516
28085523,-4.321262,1.747164,1.781472103691101,127.33349079991014,55.8184483179204
28065340,-7.584265,1.486058,2.977714103691101,74.60306331684498,16.26889752583591
28085550,-4.886595,1.095027,0.40607310369110106,203.87137784626023,114.53046089081953
28079193,-5.569538,-3.105003,2.117177103691101,121.5638035184992,221.4341265038848
28079193,-5.569538,-3.105003,2.117177103691101,121.5638035184992,221.4341265038848
28079195,-5.501901,-3.163218,0.773763103691101,162.37522607646054,224.6962645094404
28079195,-5.501901,-3.163218,0.773763103691101,162.37522607646054,224.6962645094404
28073105,-5.409356,0.288851,0.06286010369110118,204.7754824326407,141.95259958503615
28062894,-3.093813,0.228425,1.931044103691101,114.44979975781064,199.36437636240737
28062894,-3.093813,0.228425,1.931044103691101,114.44979975781064,199.36437636240737
28073115,-6.461059,-0.29701,3.072604103691101,75.5311436589952,119.38473232363437
28073178,-6.467524,-0.729158,3.544485103691101,56.362215129514624,132.17074339542654
28075822,-5.538294,-3.195147,1.356158103691101,145.42338321522644,224.2280182283617
28085647,-3.806557,-5.432855,3.8877821036911007,61.00365842063499,305.9453340991092
28085647,-3.806557,-5.432855,3.8877821036911007,61.00365842063499,305.9453340991092
27960189,-4.80328,0.664397,-0.01211389630889892,217.25768705584989,140.36234787874827
28083038,-6.929289,2.175606,1.644109103691101,140.5711673715784,2.973031701013582
28083046,-4.672219,2.224735,1.653602103691101,138.5921102707066,8.051600843198742
28083049,-8.969361,1.14746,4.339831103691101,21.995541684056576,3.881377930596386
28075875,-2.817845,-1.766103,1.7058151036911011,131.70496058949175,276.7004943183276
28075875,-2.817845,-1.766103,1.7058151036911011,131.70496058949175,276.7004943183276
28083070,-4.476108,1.912264,1.829061103691101,123.62239997156485,36.26876804717455
28083074,-3.839689,1.921768,1.960631103691101,106.63602204579432,39.78213436238434
28075876,-2.827031,-1.811806,1.576177103691101,138.23002670571606,276.70464196391936
28075876,-2.827031,-1.811806,1.576177103691101,138.23002670571606,276.70464196391936
28083099,-3.768231,1.735381,1.964666103691101,107.11664830367016,62.10180891020877
28033989,-5.358959,1.709681,0.022716103691100997,224.57143906757864,78.89555781680741
28073274,-6.412128,-1.279539,3.0341311036911014,84.13595274436443,155.998021355711
28073274,-6.412128,-1.279539,3.0341311036911014,84.13595274436443,155.998021355711
28083128,-3.597383,1.426591,1.957534103691101,108.68494405012058,97.42824436386552
28069587,-6.774947,-0.352115,0.9746061036911011,162.40196749921898,133.55275368464658
28069588,-6.807776,-0.366045,0.897076103691101,164.9042635362181,134.02321765985545
28069594,-7.099483,-0.291107,3.092358103691101,79.63293783067965,108.749217328414
28083172,-3.940891,0.78542,1.605963103691101,139.70525796894051,139.8174870922369
28073350,-6.05567,-1.701032,2.992382103691101,86.22556600088197,176.03431069338342
28073350,-6.05567,-1.701032,2.992382103691101,86.22556600088197,176.03431069338342
28038537,-6.577837,-0.961891,3.052270103691101,82.38979758896807,142.37685422329736
28053053,-7.096524,-0.581137,3.232409103691101,75.47138486683019,118.63120494707732
28069621,-6.418608,-0.121444,3.188990103691101,67.60666625968739,111.41402579669771
28083211,-2.991071,0.165701,1.9572721036911012,112.07711161531216,207.15287739456645
28083211,-2.991071,0.165701,1.9572721036911012,112.07711161531216,207.15287739456645
28049235,-4.074542,1.244043,1.777104103691101,127.66092990926782,103.0514768539321
28034079,-5.173825,1.382715,0.006069103691101141,222.5074869981918,99.68683950434588
28079613,-7.497582,2.092052,0.4439301036911011,192.53776458041455,29.91619682274103
28079622,-6.413627,1.558416,0.5901511036911011,188.84708159477805,64.80339787395181
28083280,-2.377934,0.234833,0.05802610369110117,239.76149984481032,236.53679754138648
28083280,-2.377934,0.234833,0.05802610369110117,239.76149984481032,236.53679754138648
28079655,-6.292724,0.118607,0.3487291036911011,187.81468271824355,130.19952925195548
28079659,-3.469663,1.041052,2.033009103691101,103.55734398394534,132.3768513374146
28038607,-12.11087,-3.819974,6.4552881036911005,29.433173630033394,126.85194308978032
28083301,-4.034523,-2.936553,-0.03563289630889899,190.95915710267096,254.12584011868395
28083313,-3.802621,-2.893375,0.11797110369110109,187.65061456789735,259.76889773644467
28083313,-3.802621,-2.893375,0.11797110369110109,187.65061456789735,259.76889773644467
28034121,-2.865575,1.206979,0.01945410369110112,257.154165987423,170.21099605957562
28063378,-4.460535,-4.690416,4.921756103691101,17.30127071983398,280.8579719914314
28063378,-4.460535,-4.690416,4.921756103691101,17.30127071983398,280.8579719914314
28065734,-7.956319,1.090864,-0.06785089630889884,199.45704181040443,77.92717434365258
28065740,-7.624871,1.481544,3.384429103691101,51.71675266565859,7.525389310622245
28065745,-7.476828,1.512084,3.6057431036911014,35.29734307176892,0.6874948911764989
28065750,-3.115909,1.846122,0.04404310369110109,270.33461044247514,117.78390296472574
28053216,-6.238904,-1.309369,3.011588103691101,84.15623080027666,160.46151215112062
28053216,-6.238904,-1.309369,3.011588103691101,84.15623080027666,160.46151215112062
28083415,-3.59841,-4.69258,2.6387651036911013,101.61853092161796,298.3752207031771
28083416,-2.549523,-2.520777,1.918954103691101,121.32053389025656,303.3344502317735
28063449,-3.372254,-4.770666,1.244016103691101,147.48680372395006,299.97308065642426
28079869,-5.535918,-3.069575,1.2583741036911011,148.50837774281922,222.06086272723644
28079892,-4.886511,-5.236322,3.198137103691101,90.27177951911534,271.8508286654021
28079892,-4.886511,-5.236322,3.198137103691101,90.27177951911534,271.8508286654021
28076514,-4.684112,2.138248,1.629035103691101,140.47113563984843,17.92068359768254
28076531,-3.786343,1.907639,1.9554831036911011,106.75273070085872,42.55291520612147
28053265,-5.970354,-1.505413,3.0787621036911013,80.69340124121689,171.72484381406704
28053265,-5.970354,-1.505413,3.0787621036911013,80.69340124121689,171.72484381406704
28063493,-3.09543,-4.143948,2.988651103691101,82.56241679367861,310.40624677513256
28083496,-0.543758,-4.186635,-0.09201589630889884,202.99146094088476,388.97060830258897
28073656,-2.792953,-1.811297,1.629310103691101,135.5527597278654,278.3648963158894
28073656,-2.792953,-1.811297,1.629310103691101,135.5527597278654,278.3648963158894
28073658,-2.743996,-1.768319,1.832782103691101,124.93025977875322,280.55064011279893
28073658,-2.743996,-1.768319,1.832782103691101,124.93025977875322,280.55064011279893
28073661,-2.74016,-1.896669,1.7293721036911012,130.43160620357764,282.8376287559747
28079968,-1.821376,-12.793853,1.2445731036911012,141.251966895644,376.7672177766277
28079973,-0.785745,-3.417476,-0.03672389630889894,206.71344119452797,375.67717188479446
28076591,-3.64501,0.297707,1.724879103691101,131.18842066814355,174.7953891339543
28076591,-3.64501,0.297707,1.724879103691101,131.18842066814355,174.7953891339543
28073673,-4.193433,-5.37141,0.3523341036911011,169.3669261010248,282.67529807307375
28073684,-3.712577,-4.312895,4.199860103691101,35.80918395063313,297.10080398155606
28073684,-3.712577,-4.312895,4.199860103691101,35.80918395063313,297.10080398155606
28034215,-4.907983,0.771034,-0.03158389630889902,218.37524399121543,133.82089447430997
28073690,-2.578722,-2.435728,1.705865103691101,131.5736116431416,299.3533386476932
28073698,-3.326394,-4.274317,3.0585941036911013,81.9896684164182,304.19209280415
28058644,-1.088299,1.960607,-0.004107896308898962,411.1194683889694,234.8064503748739
28058644,-1.088299,1.960607,-0.004107896308898962,411.1194683889694,234.8064503748739
28063568,-0.390123,0.674426,-0.013891896308898977,333.6130221348655,384.8527801049317
28076679,-3.182229,-0.763649,1.735654103691101,130.22273604269446,235.1896945582469
28073722,-3.106231,-5.419875,0.837356103691101,158.36145654750368,311.9251703836228
28063596,-1.811933,-4.142107,0.4650341036911011,177.413752507463,340.65829344574195
28073738,-3.808701,-7.986137,3.408938103691101,90.31838599557024,324.8466530122821
28063677,-1.690788,-3.564308,3.678051103691101,22.97314834461588,377.75188710276734
28066048,-3.251716,0.769293,1.955174103691101,110.58591717982546,161.27152509377268
28066048,-3.251716,0.769293,1.955174103691101,110.58591717982546,161.27152509377268
28076815,-2.796728,-1.928088,1.5539861036911011,139.2098377132868,280.22552896713825
28076830,-2.893127,-3.098804,0.08874610369110103,191.53026473072364,289.52199228088324
28080283,-7.087413,2.140494,1.012997103691101,171.1307938566764,18.665699955267428
28080285,-4.758322,2.164757,1.285733103691101,166.35672918056878,25.772084405457434
28080286,-4.796679,2.136039,1.099636103691101,178.6691198000797,33.506242245270755
28076834,-2.697978,-2.735712,0.05903610369110113,196.27245338297624,290.76468916864206
28080289,-4.858298,2.10074,0.9201631036911011,189.29003579101345,40.729790688908
28080292,-3.812184,1.956799,1.955332103691101,106.59533543308171,36.19145695046237
28076847,-3.838578,-5.055537,3.0601281036911008,89.17478695575545,297.1678780065736
28076847,-3.838578,-5.055537,3.0601281036911008,89.17478695575545,297.1678780065736
28070018,-5.545543,-2.202292,3.070838103691101,82.77984216071115,200.709625763241
28070018,-5.545543,-2.202292,3.070838103691101,82.77984216071115,200.709625763241
28080337,-3.425184,1.02344,2.028644103691101,103.67560052855193,135.43093229161374
28080338,-3.905012,0.840355,1.757833103691101,129.10918804142426,135.64651231938208
28076869,-2.510371,-3.853042,0.013195103691101107,190.77597107923737,310.58582568273994
28053454,-4.388109,-2.217636,-0.03454489630889901,193.87462939948097,232.5502556151353
28083798,-4.937732,2.123422,0.681554103691101,203.083736982474,44.03182491431235
28055786,-3.342467,2.33055,0.03841410369110099,282.8602466566056,68.76332121295175
28058935,-3.397827,2.404161,-0.06783989630889886,290.8712959732964,63.3510033883716
28083823,-3.699689,1.640861,1.9600431036911012,107.7017879874014,73.76722832076399
28083828,-1.751384,2.526328,-0.0017208963088988227,411.77131528528514,100.77536512708556
28080433,-5.697488,-4.188112,-0.07368889630889885,180.07337760923235,236.8743085222822
28080433,-5.697488,-4.188112,-0.07368889630889885,180.07337760923235,236.8743085222822
28066149,-1.092891,1.960998,-0.014916896308898808,411.4243891706658,234.2001875492802
28066149,-1.092891,1.960998,-0.014916896308898808,411.4243891706658,234.2001875492802
28066167,-1.111369,1.91612,-0.011638896308898916,402.1480758834933,236.11440426570363
28066167,-1.111369,1.91612,-0.011638896308898916,402.1480758834933,236.11440426570363
28083865,-4.79768,0.73568,0.3939891036911011,201.01273934957203,133.64902345068754
28083869,-4.634079,0.709891,0.41740910369110107,201.0702111563747,138.25783573756263
28083874,-3.834263,0.764702,1.729809103691101,130.98828290087584,142.85813685748235
28053487,-5.025971,-2.192846,3.794289103691101,44.62607385027755,212.40483762942827
28053487,-5.025971,-2.192846,3.794289103691101,44.62607385027755,212.40483762942827
28073868,-0.506783,-10.434599,5.225985103691101,28.864765859916105,446.1459986834716
28073873,-0.158999,-7.126143,0.4292701036911011,170.2860570905158,412.2978738632023
28080539,-5.566474,-3.243991,1.603188103691101,137.93016166690043,224.3895395427737
28080539,-5.566474,-3.243991,1.603188103691101,137.93016166690043,224.3895395427737
28080556,-4.04738,-3.734518,0.39491410369110114,174.370125524171,266.5297772414366
28080556,-4.04738,-3.734518,0.39491410369110114,174.370125524171,266.5297772414366
28080595,-3.29825,-4.17912,2.9603451036911013,85.28749920104784,303.47556744356376
28080597,-4.165586,-6.374077,4.306917103691101,55.90709618373359,306.84372266297174
28080597,-4.165586,-6.374077,4.306917103691101,55.90709618373359,306.84372266297174
28053516,-5.721563,-3.991131,-0.059508896308898995,180.441682339674,233.6444060715873
28053516,-5.721563,-3.991131,-0.059508896308898995,180.441682339674,233.6444060715873
28083974,-3.18893,-0.768179,1.7341741036911011,130.32580715291,235.0551023977425
28085678,-2.913213,0.527384,-0.011343896308898982,240.2875578733163,201.758032658756
28085714,-5.411462,-6.223722,2.030453103691101,126.58386908348156,269.4830055633539
28085716,-2.76553,-1.750816,1.760607103691101,128.76314013060366,278.8878724254411
28085717,-4.111946,-5.16719,0.3062671036911011,171.3214773907963,282.2550342839155
28085727,-2.931262,-4.970839,0.805944103691101,160.64245195264425,312.6910365958654
28085766,-0.63854,-3.986439,-0.09584089630889903,204.3243065455466,383.9786459587742
28085969,-4.746905,2.163356,1.071008103691101,181.27053237682716,32.41727753719877
28086012,-3.900854,0.769111,1.598308103691101,140.17602223951775,142.09838960588732
28066286,-6.306961,-2.278225,3.238626103691101,81.32597887305889,185.37278319080136
28066286,-6.306961,-2.278225,3.238626103691101,81.32597887305889,185.37278319080136
28066292,-6.019779,-2.061257,3.303541103691101,75.33286497704529,185.56520097946617
28066292,-6.019779,-2.061257,3.303541103691101,75.33286497704529,185.56520097946617
28053532,-5.095311,-2.583225,3.000692103691101,85.19998263469884,221.1597646781368
28053532,-5.095311,-2.583225,3.000692103691101,85.19998263469884,221.1597646781368
28070115,-5.375956,-2.76127,2.953028103691101,89.77292327337148,218.1482657213769
28070115,-5.375956,-2.76127,2.953028103691101,89.77292327337148,218.1482657213769
28070125,-3.780237,-1.414925,0.033381103691101144,201.4496750547018,231.89520807888084
28070125,-3.780237,-1.414925,0.033381103691101144,201.4496750547018,231.89520807888084
28056005,-1.097671,1.952559,-0.013232896308899011,409.3828536275056,234.4120037257618
28056005,-1.097671,1.952559,-0.013232896308899011,409.3828536275056,234.4120037257618
28066348,-5.692106,-1.944278,3.9617511036911015,41.19581036022007,187.47052850797883
28066348,-5.692106,-1.944278,3.9617511036911015,41.19581036022007,187.47052850797883
28066349,-5.648777,-2.046779,3.403079103691101,68.00864855798557,193.2779921307387
28066349,-5.648777,-2.046779,3.403079103691101,68.00864855798557,193.2779921307387
28056009,-7.713405,1.458253,2.882549103691101,81.19305440484183,19.31008212325653
28066357,-6.08605,-2.571115,3.200748103691101,83.18591511521925,197.24374344494936
28066357,-6.08605,-2.571115,3.200748103691101,83.18591511521925,197.24374344494936
28026256,-4.448339,2.81319,-0.0290238963088989,270.35019259158065,7.514746074102504
28070169,-3.750505,-1.635423,0.013400103691101117,200.40379820664637,237.65780104310195
28070169,-3.750505,-1.635423,0.013400103691101117,200.40379820664637,237.65780104310195
28066372,-5.871682,-2.456554,3.519647103691101,68.17237750505097,198.4207921752214
28066372,-5.871682,-2.456554,3.519647103691101,68.17237750505097,198.4207921752214
28016331,-4.872234,2.577242,0.004802103691101012,250.91274077780275,25.36461333387234
28056050,-5.785553,1.162248,-0.0007478963088989321,213.4928854602889,100.46201980973872
28056061,-4.642366,1.276943,0.110806103691101,222.69874893520424,113.85738693681596
28077351,-5.025354,2.47423,0.250540103691101,232.39322509061589,25.9913205657752
28077354,-5.126629,2.383028,0.3453421036911011,223.78838020392908,30.03280277325385
28084115,-3.632797,-3.11404,0.07367410369110106,188.4154197234149,267.7468029642924
28084115,-3.632797,-3.11404,0.07367410369110106,188.4154197234149,267.7468029642924
28066402,-5.713974,-2.558224,3.471964103691101,69.7269432169206,204.6529381749858
28066402,-5.713974,-2.558224,3.471964103691101,69.7269432169206,204.6529381749858
28066403,-5.935299,-2.809892,3.3453171036911007,78.13848871208606,205.7177224146299
28056107,-6.384361,1.150874,3.794931103691101,7.812218071388855,28.22087412110494
28066416,-3.786112,-1.341765,0.04708810369110106,201.58395257924357,230.0269574977927
28066416,-3.786112,-1.341765,0.04708810369110106,201.58395257924357,230.0269574977927
28084141,-2.749937,-2.751529,-0.00938989630889897,198.15558556157632,288.93386501532365
28084143,-3.40347,-4.381353,2.8787511036911013,90.32754607990036,301.9764787365254
27979907,-7.781098,1.452296,2.8761581036911013,82.14673461800365,19.458302161737635
28066454,-3.757834,-1.493688,0.028729103691101043,201.06122086100092,234.33199896569909
28066454,-3.757834,-1.493688,0.028729103691101043,201.06122086100092,234.33199896569909
27979911,-7.730884,1.518105,3.3785991036911014,52.96639332400571,4.865809461502238
28080914,-7.967742,2.418934,0.540072103691101,188.65104452318184,8.07749680670031
28080918,-4.793833,2.597,0.22920610369110106,240.731938917294,17.74847432529404
28070265,-2.639944,-0.721538,1.964814103691101,113.70051499412617,259.44051213463905
28059268,-12.008787,-0.111021,5.9603081036911005,7.518173132749894,26.86555021718891
28080973,-2.030243,2.031542,-0.014017896308898825,332.7858365932018,148.74100950776165
28080973,-2.030243,2.031542,-0.014017896308898825,332.7858365932018,148.74100950776165
28077648,-5.876447,-1.899806,3.5317751036911007,62.92303450421298,183.4570358738024
28077648,-5.876447,-1.899806,3.5317751036911007,62.92303450421298,183.4570358738024
28034463,-11.689129,-0.819156,5.959428103691101,12.593026578861211,54.08487205117217
28059293,-1.101158,1.949292,-0.011713896308898963,408.3229083568271,234.29591246014496
28059293,-1.101158,1.949292,-0.011713896308898963,408.3229083568271,234.29591246014496
28077664,-5.802014,-2.193242,3.5480041036911008,64.18190978857447,193.1865752976909
28077664,-5.802014,-2.193242,3.5480041036911008,64.18190978857447,193.1865752976909
28049552,-6.400723,-0.969812,3.4846371036911012,61.13514767404206,142.84896569927002
28077699,-1.327681,1.124071,-0.018066896308899016,310.56119199062675,265.98744295071776
28077699,-1.327681,1.124071,-0.018066896308899016,310.56119199062675,265.98744295071776
28066511,-5.268263,-3.024432,3.084501103691101,85.45112879957117,226.2908014809296
28066511,-5.268263,-3.024432,3.084501103691101,85.45112879957117,226.2908014809296
28066513,-3.127337,-0.851983,1.7689811036911012,128.24038897966986,240.2699069199077
28066513,-3.127337,-0.851983,1.7689811036911012,128.24038897966986,240.2699069199077
28056277,-8.460083,-0.470602,4.740471103691101,19.1792759530984,80.80226101545642
28077761,-0.791219,1.598752,-0.009390896308898888,395.3022513157289,301.54923713851133
28077771,-3.816488,-5.039746,3.268653103691101,81.45589467282613,298.5179335273957
28077771,-3.816488,-5.039746,3.268653103691101,81.45589467282613,298.5179335273957
28077781,-3.188243,-5.335894,0.5398241036911011,166.6335389871418,307.6392231449032
28084248,-0.299982,1.26107,-0.011053896308898858,406.5234671204341,396.3766062615795
28077790,-0.739755,1.228879,-0.008508896308898839,356.8045895185932,325.05269787343207
28077814,-0.538016,1.483527,-0.01205989630889892,409.8670825781783,347.408915009638
28006621,-6.562275,0.103995,3.9675211036911007,22.228658724792325,88.5411622132583
28030827,-6.957977,-0.626941,3.218285103691101,75.38288746695125,122.65004730093948
28070352,-3.616854,-3.461768,0.05489210369110098,187.01270786014453,273.167401153898
28070352,-3.616854,-3.461768,0.05489210369110098,187.01270786014453,273.167401153898
28059381,-10.79707,-1.049469,5.644988103691101,17.181647025848832,71.2119135790787
28077865,-0.231242,-2.07327,0.14977610369110117,222.70852821259516,409.4719531743549
28056370,-7.064058,-0.728137,3.255237103691101,75.32974889346667,124.33737522282723
28066594,-4.819557,-3.226288,3.888311103691101,49.78774148763995,242.5052820064443
28066594,-4.819557,-3.226288,3.888311103691101,49.78774148763995,242.5052820064443
28070376,-3.011134,-2.578562,0.015272103691100991,197.1442402546708,277.82362569075326
28066603,-3.515169,-2.419801,0.029040103691100994,195.0265111354288,259.75179882758886
28066603,-3.515169,-2.419801,0.029040103691100994,195.0265111354288,259.75179882758886
28056389,-5.966615,-0.81479,-0.02949489630889901,195.28728579662908,166.4481672352282
28045676,-6.692177,-0.871885,3.630514103691101,56.05595500818555,132.75839079205946
28070387,-3.379364,-3.359953,0.06297610369110118,188.37089479714825,278.36014957938147
28074405,-4.418279,2.771778,0.2648901036911011,252.02812731289896,1.4782496944687296
28068675,-1.488922,2.32965,-0.026394896308898907,417.615803190225,150.4217446028214
28068675,-1.488922,2.32965,-0.026394896308898907,417.615803190225,150.4217446028214
28081222,-1.317102,1.433567,-0.011968896308898858,332.3685593606045,250.1586739996484
28081222,-1.317102,1.433567,-0.011968896308898858,332.3685593606045,250.1586739996484
28074410,-4.536377,2.693704,0.48272310369110105,233.03296766954296,1.3180731232629057
28066620,-3.452478,-2.486531,0.05916810369110115,193.89600630903715,262.80850527896746
28066620,-3.452478,-2.486531,0.05916810369110115,193.89600630903715,262.80850527896746
28059443,-3.875994,0.607315,1.606559103691101,139.40481470332855,151.92647667766232
28059448,-8.431203,-0.911256,4.834155103691101,20.69088028787021,97.4622773270412
28074420,-4.861373,2.568158,0.37885710369110104,230.12002543325136,15.360893297636975
28059451,-4.349163,0.175207,0.06571610369110115,212.3655857427266,169.6719140844685
28059451,-4.349163,0.175207,0.06571610369110115,212.3655857427266,169.6719140844685
28074424,-4.949852,2.519727,0.34941510369110107,229.1918759546711,19.94377524517941
28081255,-0.945589,1.783133,-0.009364896308898807,402.9759711183495,268.06140489176977
28081255,-0.945589,1.783133,-0.009364896308898807,402.9759711183495,268.06140489176977
28074431,-8.088027,2.513804,0.5896221036911011,186.7705725020673,1.3808996403692504
28056441,-6.648607,-0.977047,3.186703103691101,77.07984119254718,140.66454973671316
28056442,-4.309331,-0.240689,0.025326103691101,209.4588393687948,185.20021363601307
28056442,-4.309331,-0.240689,0.025326103691101,209.4588393687948,185.20021363601307
28056445,-7.847222,-1.473302,4.670993103691101,28.168161187824357,126.72580909406516
28074438,-8.092748,2.403928,0.4233951036911011,192.2688640530792,10.692401777445838
28059462,-7.183673,-0.700596,3.4251871036911012,68.53079025359119,120.00409534995084
28074440,-5.315627,2.380827,5.3103691101119566e-05,238.33049856556173,36.92200943107756
28066651,-5.750919,-5.486797,4.587001103691101,51.40901674734479,257.421511828272
28066651,-5.750919,-5.486797,4.587001103691101,51.40901674734479,257.421511828272
28056456,-4.22409,-0.280495,0.03943410369110101,209.2016153137656,188.6647595670572
28056456,-4.22409,-0.280495,0.03943410369110101,209.2016153137656,188.6647595670572
28081302,-1.644021,-4.057516,0.49183010369110103,177.56688749600423,346.7679657180379
28081305,-1.764146,-5.578463,0.014006103691101002,184.0062140426132,348.3715055039064
28081307,-0.688352,1.629139,-0.011861896308899,412.7407109970891,315.857252821094
28081307,-0.688352,1.629139,-0.011861896308899,412.7407109970891,315.857252821094
28027139,-6.454786,-0.837966,3.019356103691101,82.14672046166598,140.57140510419003
28081317,-0.685879,1.076476,-0.013194896308898807,346.8852427189054,337.0113077100116
28059475,-4.473017,-0.036624,0.0047231036911010715,211.13201092093695,174.37395359016816
28059475,-4.473017,-0.036624,0.0047231036911010715,211.13201092093695,174.37395359016816
28081336,-0.761558,-12.149618,3.4551981036911013,92.25990548262624,416.4723863762293
28081352,0.238372,-4.662066,0.05620710369110116,198.6901121559134,430.2959035399448
27975007,-3.270522,2.807382,-0.005384896308898934,314.19619179231233,16.098470630088258
28081355,-0.231358,1.399792,-0.007723896308899025,439.6397392779156,411.38625656415184
28074483,-1.631952,1.946246,-0.013042896308898877,354.1877487340992,183.50006435297357
28074483,-1.631952,1.946246,-0.013042896308898877,354.1877487340992,183.50006435297357
28068721,-3.376273,2.460499,-0.038667896308898886,292.51406723309964,57.11995278835286
28059495,-7.009199,-0.938049,3.263775103691101,76.10871096943518,132.54537741135118
28049613,-6.202014,-1.225152,3.097719103691101,79.54149689526977,158.02529380140268
28049613,-6.202014,-1.225152,3.097719103691101,79.54149689526977,158.02529380140268
28056531,-7.646889,-2.058844,4.679233103691101,32.61256978372819,148.11653451113983
28056531,-7.646889,-2.058844,4.679233103691101,32.61256978372819,148.11653451113983
28059522,-6.535581,-0.90102,3.155679103691101,77.04260039609647,140.30201895047327
28059529,-6.42178,-0.879952,3.278275103691101,70.29391356912907,140.75706117282238
28059539,-8.832675,-1.979482,5.065466103691101,28.87506855460026,125.82661763253842
28056562,-6.244619,-1.571628,3.509748103691101,64.22978745077367,165.82953999089602
28056562,-6.244619,-1.571628,3.509748103691101,64.22978745077367,165.82953999089602
28056577,-5.895536,-1.483992,3.070444103691101,80.37741555823473,172.73490050403635
28056577,-5.895536,-1.483992,3.070444103691101,80.37741555823473,172.73490050403635
28068783,-5.324811,2.296268,0.2697961036911012,223.24234411384288,36.7289793517765
28056619,-5.825549,-1.758298,3.077594103691101,81.46152275548812,182.31163786844897
28056619,-5.825549,-1.758298,3.077594103691101,81.46152275548812,182.31163786844897
28074571,-5.540637,-2.108302,3.8701851036911012,45.88665159676452,196.2200551265677
28074571,-5.540637,-2.108302,3.8701851036911012,45.88665159676452,196.2200551265677
28056624,-6.138035,-1.975379,3.5167411036911007,66.5209696744877,179.8794279779219
28056624,-6.138035,-1.975379,3.5167411036911007,66.5209696744877,179.8794279779219
28056628,-6.219026,-2.092924,3.349590103691101,75.08277762827967,182.00080135988452
28056628,-6.219026,-2.092924,3.349590103691101,75.08277762827967,182.00080135988452
28056634,-7.997128,-3.31553,5.005463103691101,36.723618104457245,173.28429888196032
28056638,-6.17271,-2.151053,3.180848103691101,81.986932680725,185.0875965347297
28056638,-6.17271,-2.151053,3.180848103691101,81.986932680725,185.0875965347297
28081625,-4.773914,1.988802,0.9476421036911011,186.96013186676583,50.19501093305715
28059589,-6.140639,-0.965154,4.155221103691101,22.987865815666822,142.7224646580648
28059589,-6.140639,-0.965154,4.155221103691101,22.987865815666822,142.7224646580648
28056654,-5.968318,-2.118134,3.2997441036911015,75.52795441980359,188.21734046046143
28056654,-5.968318,-2.118134,3.2997441036911015,75.52795441980359,188.21734046046143
28070541,-3.1899,-5.254126,0.026040103691101102,180.47632417234917,304.73654323086566
28078166,-4.647511,2.651529,0.5152831036911011,227.65531665786085,4.059812118122295
28078167,-4.66395,2.65148,0.4196411036911011,233.3722925852513,7.281106142827468
28084536,-1.715151,2.082958,-0.015157896308898966,360.9980977340173,163.4091517980723
28084536,-1.715151,2.082958,-0.015157896308898966,360.9980977340173,163.4091517980723
28059608,-6.031981,-1.153662,3.401009103691101,63.399840365491656,157.3193020559754
28068801,-5.574023,2.216111,0.0020891036911010463,231.1336945296433,45.73193041585105
28056660,-5.943129,-2.155076,3.133196103691101,82.47623088006765,190.2601820182533
28056660,-5.943129,-2.155076,3.133196103691101,82.47623088006765,190.2601820182533
28056661,-6.137462,-2.321786,3.072486103691101,87.02327786391896,190.4841753565275
28056661,-6.137462,-2.321786,3.072486103691101,87.02327786391896,190.4841753565275
28081671,-4.55106,0.299562,0.009909103691100984,214.21682590825756,160.40100039261648
28059623,-6.293518,-1.465649,3.143984103691101,79.85830221630397,163.4886891424881
28059623,-6.293518,-1.465649,3.143984103691101,79.85830221630397,163.4886891424881
28078188,-1.822177,2.472882,-0.009729896308898978,395.9795397678315,105.73817998971376
28056687,-5.780458,-2.203696,3.104568103691101,82.90982003569746,195.21154837307824
28056687,-5.780458,-2.203696,3.104568103691101,82.90982003569746,195.21154837307824
28056688,-5.863892,-2.286632,3.017240103691101,87.43284404656012,195.660923850672
28056688,-5.863892,-2.286632,3.017240103691101,87.43284404656012,195.660923850672
28078207,-3.706341,1.713835,1.9545061036911011,107.72370221721592,66.12494121801166
28070567,-3.318952,-4.667142,4.842817103691101,4.132905084206556,319.952610295545
28070567,-3.318952,-4.667142,4.842817103691101,4.132905084206556,319.952610295545
28084584,-5.202731,-2.715548,3.190492103691101,78.85081222925697,221.2239469195372
28084584,-5.202731,-2.715548,3.190492103691101,78.85081222925697,221.2239469195372
28078212,-2.948889,2.046823,-0.003122896308898948,287.3230327773184,107.42030968958473
28056696,-5.782996,-2.198582,3.446632103691101,68.47883477423716,194.06339771606693
28056696,-5.782996,-2.198582,3.446632103691101,68.47883477423716,194.06339771606693
28056697,-5.681656,-2.174517,3.2298401036911013,76.80832377845445,196.39122037712625
28056697,-5.681656,-2.174517,3.2298401036911013,76.80832377845445,196.39122037712625
28078235,-7.12758,-0.105031,3.7099331036911014,48.13722991921114,93.73909394713684
28044098,-4.545146,2.709707,0.36676510369110105,240.7215522131468,3.7806260370314817
28056713,-5.780774,-2.413946,3.479570103691101,68.79574214288684,199.54303848269623
28056713,-5.780774,-2.413946,3.479570103691101,68.79574214288684,199.54303848269623
28056714,-5.813181,-2.466457,3.292578103691101,77.16016830539351,200.532115077383
28056714,-5.813181,-2.466457,3.292578103691101,77.16016830539351,200.532115077383
28059668,-6.115246,-1.586531,3.4782851036911007,64.63312975669575,169.16146876021466
28059668,-6.115246,-1.586531,3.4782851036911007,64.63312975669575,169.16146876021466
28068844,-5.555082,2.024824,0.006971103691101099,227.87049054761832,58.00751273808686
28081764,-5.033745,-5.155101,3.508230103691101,80.5399299013882,267.8923865432911
28081764,-5.033745,-5.155101,3.508230103691101,80.5399299013882,267.8923865432911
28056725,-5.62922,-2.402186,3.089662103691101,83.7830449514316,203.65068226691125
28056725,-5.62922,-2.402186,3.089662103691101,83.7830449514316,203.65068226691125
28056734,-5.796868,-2.604423,3.299848103691101,77.68179530184318,204.1833927548577
28056734,-5.796868,-2.604423,3.299848103691101,77.68179530184318,204.1833927548577
28059689,-7.004269,-2.198326,4.529326103691101,33.465090931449964,164.29401289766125
28059689,-7.004269,-2.198326,4.529326103691101,33.465090931449964,164.29401289766125
28059690,-6.13866,-1.797828,3.1528141036911013,80.65795421811083,176.35983868655737
28059690,-6.13866,-1.797828,3.1528141036911013,80.65795421811083,176.35983868655737
28049683,-6.413757,-1.878441,3.597739103691101,64.52933984614387,171.0568154062606
28049683,-6.413757,-1.878441,3.597739103691101,64.52933984614387,171.0568154062606
28056748,-5.748529,-2.697819,3.145581103691101,84.0395689672437,207.7270555360128
28056748,-5.748529,-2.697819,3.145581103691101,84.0395689672437,207.7270555360128
28059707,-6.227874,-2.01038,3.3394961036911015,74.97460092529647,179.63217774483203
28059707,-6.227874,-2.01038,3.3394961036911015,74.97460092529647,179.63217774483203
28062061,-6.053561,1.751072,-0.00774689630889891,218.56209949280543,68.0253528299177
28030923,-14.38967,-3.830674,7.297952103691101,23.80518580542801,104.14218364745416
28059714,-6.231546,-2.073926,3.2031971036911013,80.9855614627032,181.76644417689903
28059714,-6.231546,-2.073926,3.2031971036911013,80.9855614627032,181.76644417689903
28062085,-7.569971,1.016009,4.187164103691101,9.058965786180494,20.712192677022188
28059737,-6.164026,-2.170304,3.1919651036911008,81.6068398827351,185.73059730481552
28059737,-6.164026,-2.170304,3.1919651036911008,81.6068398827351,185.73059730481552
28070618,-3.026081,-4.764093,4.552212103691101,15.969502774141375,330.5302549443799
28070618,-3.026081,-4.764093,4.552212103691101,15.969502774141375,330.5302549443799
28078316,-5.857717,-2.24914,3.561814103691101,64.5468698267178,193.33804097380735
28078316,-5.857717,-2.24914,3.561814103691101,64.5468698267178,193.33804097380735
28049695,-6.371574,-1.919486,3.359935103691101,74.51454620546366,174.10618544614138
28049695,-6.371574,-1.919486,3.359935103691101,74.51454620546366,174.10618544614138
28068904,-1.088287,1.967737,-0.013486896308898988,412.96168646042975,234.1269909030992
28068904,-1.088287,1.967737,-0.013486896308898988,412.96168646042975,234.1269909030992
28062105,-5.976956,1.510512,-0.013248896308899027,216.4303820750456,81.38122949573935
28059760,-5.928547,-2.144986,3.285654103691101,76.0222318220685,189.8474128344781
28059760,-5.928547,-2.144986,3.285654103691101,76.0222318220685,189.8474128344781
28049702,-6.121475,-1.789117,3.1413511036911013,80.965059580337,176.52218729868346
28049702,-6.121475,-1.789117,3.1413511036911013,80.965059580337,176.52218729868346
28056844,-3.135615,-0.894845,1.738261103691101,130.0687004318861,241.1983175030354
28081903,-5.05764,-4.955199,0.009123103691101031,176.9754882956378,259.08488202580537
28081903,-5.05764,-4.955199,0.009123103691101031,176.9754882956378,259.08488202580537
28084738,-3.177367,-4.263731,3.2823651036911015,71.33210331840885,310.5877583342356
28070638,-1.901388,-2.322558,1.4496531036911011,143.7073598353897,327.278502793735
28084746,-1.068208,1.626875,-0.009546896308898933,369.8571992517607,263.63550646897653
28056863,-2.744684,-0.494721,1.965423103691101,113.23198377258932,246.58537045344025
28084747,-1.015404,1.807146,-0.0035798963088988778,397.5307017220636,257.14002547616786
28084747,-1.015404,1.807146,-0.0035798963088988778,397.5307017220636,257.14002547616786
28059782,-5.756823,-2.187921,3.2524741036911013,76.48723692465234,194.93796888491835
28059782,-5.756823,-2.187921,3.2524741036911013,76.48723692465234,194.93796888491835
28059786,-5.884107,-2.359422,3.130068103691101,83.48036388525796,196.71817043388648
28059786,-5.884107,-2.359422,3.130068103691101,83.48036388525796,196.71817043388648
28056872,-4.36333,-2.188252,4.268356103691101,8.158286742558118,232.6236297734337
28056872,-4.36333,-2.188252,4.268356103691101,8.158286742558118,232.6236297734337
28081930,-3.777381,-5.062779,3.7073911036911014,64.80304306143861,301.931118700831
28081930,-3.777381,-5.062779,3.7073911036911014,64.80304306143861,301.931118700831
28084763,-0.894183,1.529707,-0.007435896308898959,375.3190608759352,291.0698308777854
28084763,-0.894183,1.529707,-0.007435896308898959,375.3190608759352,291.0698308777854
28059802,-5.777926,-2.353193,3.271046103691101,77.02173666322287,198.60165946327064
28059802,-5.777926,-2.353193,3.271046103691101,77.02173666322287,198.60165946327064
28084772,-0.812146,1.702998,-0.008109896308899023,407.7100556978512,292.4656910919181
28084772,-0.812146,1.702998,-0.008109896308899023,407.7100556978512,292.4656910919181
28078373,-5.529146,-3.074496,3.5907781036911013,67.43874416663931,220.6257621003627
28078373,-5.529146,-3.074496,3.5907781036911013,67.43874416663931,220.6257621003627
28049721,-5.888628,-1.75711,3.082904103691101,81.65683862428148,180.85897885651443
28049721,-5.888628,-1.75711,3.082904103691101,81.65683862428148,180.85897885651443
28066942,-2.979164,-4.777072,4.544390103691101,15.872128863582816,332.5059603495653
28081955,-3.203354,-5.301164,1.146957103691101,149.68160078814137,309.56378803121373
28049723,-6.527752,-2.232409,3.4309971036911007,74.93751341002584,179.09616304132317
28084786,-1.742666,-11.898687,2.5924691036911014,113.9714922566687,384.8917981854047
28068945,-7.624979,1.023688,4.231562103691101,7.122739717927118,18.953087361165387
28078412,-6.428249,-0.127651,3.3366481036911013,59.96663715266175,109.89177275579983
28078413,-6.814621,-0.414314,2.900174103691101,87.16981761758748,119.77228889916874
28059838,-5.783396,-2.694332,3.153309103691101,83.9269020859465,206.84397855990227
28059838,-5.783396,-2.694332,3.153309103691101,83.9269020859465,206.84397855990227
28056959,-4.023837,-2.755616,3.5563891036911013,51.79056152488863,257.277215815823
28056959,-4.023837,-2.755616,3.5563891036911013,51.79056152488863,257.277215815823
28078438,-6.33218,-1.148946,3.6470451036911014,54.47106599898805,149.37485531644336
28052535,-3.187648,1.973744,0.03506610369110108,273.5238610107877,105.42213898346918
28068979,-5.181338,1.440418,0.019624103691101125,222.704638589155,96.38362997929036
28067008,-1.69051,-3.953927,0.49403110369110104,177.88144989434346,344.1800170389923
28056990,-7.152622,-7.749589,5.401606103691101,52.10377397036911,257.9555553260039
28056990,-7.152622,-7.749589,5.401606103691101,52.10377397036911,257.9555553260039
28082043,0.273241,-5.793236,-0.010943896308899026,192.2816342947617,427.3867828263611
28059888,-5.432676,-2.804404,3.078360103691101,85.40865383842296,217.592917159458
28059888,-5.432676,-2.804404,3.078360103691101,85.40865383842296,217.592917159458
28057020,-5.399119,-5.742272,4.492144103691101,53.93279723433403,268.8066192174388
28057020,-5.399119,-5.742272,4.492144103691101,53.93279723433403,268.8066192174388
28057021,-5.032705,-5.235007,3.689280103691101,74.96647848609842,269.3547264000688
28070717,-2.706553,-6.442313,5.307624103691101,1.5151291895431598,361.8739148101471
28072617,-4.903967,2.564782,0.0008081036911011807,250.13617538145104,26.257803998556422
28070720,-1.84788,-4.580643,0.4111601036911011,176.83641621153248,342.14062523346104
28072618,-1.488134,2.345194,-0.01397589630889895,419.2660746202527,147.90346050552108
28072618,-1.488134,2.345194,-0.01397589630889895,419.2660746202527,147.90346050552108
28070725,-2.342912,-5.33889,4.462693103691101,19.399323319491657,363.0393695563096
27972822,-7.73232,1.515738,2.9646541036911014,76.44544074433571,14.012314416398851
28069031,-4.723399,1.237867,0.08105810369110111,222.41727229143456,114.59750659447576
28074905,-1.524164,-4.09916,0.7379751036911011,168.95068667930292,354.1243404118855
28059937,-5.919127,-3.566571,4.298927103691101,46.64202674557427,221.0856269920555
28059937,-5.919127,-3.566571,4.298927103691101,46.64202674557427,221.0856269920555
28069051,-4.146908,1.309097,1.7482151036911011,129.99945892679318,96.91979415871376
28070749,-0.567862,0.697874,-0.009283896308898809,323.7049198868051,360.85567876883977
28072655,-5.24665,2.42486,-0.00416189630889896,240.62362762230956,34.419315173468846
28057107,-3.548319,-4.605514,1.2405331036911011,147.7505288018673,293.20672906562504
28059963,-3.088323,-0.991998,1.7744901036911012,127.981642326758,246.1107837885225
28059963,-3.088323,-0.991998,1.7744901036911012,127.981642326758,246.1107837885225
28057127,-3.456609,-4.759511,1.2465681036911012,147.39088519270007,297.4895023036324
28078563,-3.23928,-4.231962,3.3475901036911013,68.7205717727241,308.3432429868392
28069089,-4.733807,0.948406,0.03436610369110116,219.9840700538592,128.98789596085237
28062321,-6.030323,1.577166,-0.01487589630889885,216.8137154379935,77.38875044274909
28074956,-0.903186,-12.15477,2.197549103691101,121.55633623696257,403.16097936050994
28074958,-0.871593,-12.159184,2.498831103691101,114.88042015902798,406.1379294585517
28074960,-0.837127,-12.035963,2.790185103691101,107.99580093582416,409.2525452994319
28059985,-8.563766,-7.406898,5.855432103691101,46.66258335899653,231.01531922859604
28059985,-8.563766,-7.406898,5.855432103691101,46.66258335899653,231.01531922859604
28072692,-5.569376,2.26351,-0.01010589630889891,232.6116003371436,42.890529425114494
28074978,-0.275451,-2.08901,0.16074010369110114,221.26773775880983,406.41108181546656
28078612,-0.940353,-1.896211,0.11611010369110097,218.08840221301477,360.49071078891967
28078616,-0.450678,1.178337,-0.013419896308898949,378.36659574290593,369.6352232567622
28085019,-5.896944,2.074832,0.020187103691100994,223.78273587271403,50.99432866490815
28060011,-4.765855,-3.217122,3.8916651036911007,48.98051057793893,243.8706850597202
28060011,-4.765855,-3.217122,3.8916651036911007,48.98051057793893,243.8706850597202
28078627,-1.77217,-12.052408,2.326217103691101,119.86695850542004,382.7782968791558
28078630,-0.2901,1.479242,-0.010388896308898943,445.59424612176326,397.6563542009314
28062392,-4.91552,1.335561,0.057646103691101125,222.6331456200702,106.08373442575072
28072737,-5.505629,2.074409,0.02431110369110101,228.5940143150051,55.15964758098266
28060026,-6.380498,-5.579134,4.807087103691101,49.580672495234126,245.30739151927543
28060026,-6.380498,-5.579134,4.807087103691101,49.580672495234126,245.30739151927543
28025725,-4.381444,2.807196,-0.011472896308899028,271.0526696306723,7.894711742421862
28062410,-4.817337,1.278625,0.06804910369110106,222.48393574560995,110.78496393552832
28062419,-8.703517,1.12247,4.595717103691101,3.5023142397335505,0.7994111707449179
28060040,-6.963413,-6.729441,5.172446103691101,50.729905959841176,249.422130735299
28060040,-6.963413,-6.729441,5.172446103691101,50.729905959841176,249.422130735299
28067234,-0.14543,-5.835975,0.048495103691100994,188.0854243990901,409.4513226654042
28082319,-7.767387,1.524489,3.136416103691101,67.2344029925294,9.674855007201018
28082359,-3.607132,1.581324,1.9505221036911011,108.2570603309034,82.48603391632179
28060075,-7.385127,-8.101827,5.536051103691101,52.07288173410652,257.7815412316485
28060075,-7.385127,-8.101827,5.536051103691101,52.07288173410652,257.7815412316485
28069205,-6.854743,-0.498284,3.639505103691101,53.24948503142565,115.43826189577592
28082368,-1.766575,2.537884,-0.009749896308898887,412.1955264665196,98.32363259743224
28082368,-1.766575,2.537884,-0.009749896308898887,412.1955264665196,98.32363259743224
28067291,0.264475,-4.714257,0.03334310369110116,199.241470046019,431.1375061610822
28069211,-6.409844,-0.411068,3.968033103691101,28.647176160321607,115.95937865849798
28060096,-5.946909,-6.26911,4.689669103691101,55.230413018860304,263.4479668187903
28060096,-5.946909,-6.26911,4.689669103691101,55.230413018860304,263.4479668187903
28082396,-1.613144,2.312756,-0.01952989630889901,398.96933386370665,142.9512728667737
28082396,-1.613144,2.312756,-0.01952989630889901,398.96933386370665,142.9512728667737
28082412,-3.707414,0.533086,1.7443041036911011,129.84528363071098,160.21172458739758
28062499,-4.794129,0.765538,0.009239103691101036,217.82871389213236,136.08739417546113
28070878,-1.475383,-10.521971,4.681772103691101,54.813730896040056,406.7592982023663
28085151,-4.07503,-3.595709,0.14212110369110098,182.0817022171871,263.38367615450125
28085151,-4.07503,-3.595709,0.14212110369110098,182.0817022171871,263.38367615450125
28072836,-5.320064,1.696356,0.04430410369110116,223.894780636606,79.87573716448705
28062508,-8.393171,0.353711,4.612408103691101,11.498376353035836,45.32280993185245
28072854,-5.154902,1.636685,0.05364810369110118,224.5965259679272,85.64171367059186
28069264,-6.530093,-0.650257,3.473776103691101,59.688202918775005,128.5874982547129
28044236,-5.272061,0.086847,0.0859841036911011,202.98732802802851,151.6879596531905
28052716,-5.775043,1.35052,0.10105110369110104,211.83079876537585,90.4980580018669
28069266,-6.353467,-0.603906,3.495960103691101,56.18042713456328,129.80344876721455
28082525,-3.82071,-5.102407,3.6334871036911007,68.26385318355102,300.7059744082675
28082525,-3.82071,-5.102407,3.6334871036911007,68.26385318355102,300.7059744082675
28052722,-7.648526,1.461659,3.722778103691101,31.566716058069854,0.934674764526136
28085186,-5.929751,-2.497697,3.6328571036911015,64.24594492459389,197.8438198996638
28085186,-5.929751,-2.497697,3.6328571036911015,64.24594492459389,197.8438198996638
28062586,-6.817497,-0.117081,3.0426031036911008,78.46811453031549,106.38499080644304
28044242,-7.165305,-0.140298,3.050166103691101,80.95242031688727,102.15516663813648
28062595,-7.951876,-0.294531,4.553190103691101,18.497174381844104,81.29215686105715
28069298,-6.4014,-0.762617,3.118124103691101,76.65363201138925,138.11298161840955
28078887,-2.141984,2.820831,-0.019291896308898826,407.77816973984807,31.874472511822034
27967623,-6.213273,-0.713749,3.211907103691101,70.15410660601756,139.14283934827168
28069306,-6.552866,-0.882214,3.033881103691101,82.49036162652203,140.22101406101774
28078897,-4.689449,2.649097,0.2215401036911011,244.70432479938003,13.869179246551909
28082619,-5.581932,-3.228715,2.282667103691101,116.3102944019848,223.41397386877856
28082619,-5.581932,-3.228715,2.282667103691101,116.3102944019848,223.41397386877856
28065096,-3.497969,2.712736,-0.03979889630889888,300.2074799824119,27.020406119782365
28072899,-5.84481,1.246435,-0.008523896308898937,214.25176094276296,95.8066883418983
28072906,-1.084145,1.971808,-0.012235896308898875,414.0508405731461,234.25024309711412
28072906,-1.084145,1.971808,-0.012235896308898875,414.0508405731461,234.25024309711412
27967642,-6.193114,-0.817561,3.217560103691101,70.63271615227993,143.35561782591344
28078904,-8.01008,2.243472,0.3186841036911011,195.3392004651014,21.424374814910323
28025834,-5.25249,2.419249,0.00875410369110119,239.77186238814016,34.475680817444896
28082644,-4.798312,-5.047865,2.2355081036911013,119.00362253452468,269.4909202427742
28082644,-4.798312,-5.047865,2.2355081036911013,119.00362253452468,269.4909202427742
28060192,-3.603012,-4.617348,1.232083103691101,147.9667139379511,291.8000231425616
28078916,-1.884273,2.481304,-0.01655889630889895,390.6565058454444,101.34838933828064
28085234,-4.985538,-5.067529,3.162273103691101,91.15202264323896,267.19331394238947
28069320,-6.163669,-0.870945,3.488468103691101,57.47694867936812,143.87025413789178
28062631,-6.668247,-0.263832,3.549447103691101,53.00789192296608,109.5660454514969
28072918,-1.095182,1.955443,-0.009310896308898808,409.8370400560772,234.44677482257245
28072918,-1.095182,1.955443,-0.009310896308898808,409.8370400560772,234.44677482257245
28069323,-7.124754,-1.552308,4.374025103691101,33.89795349827804,143.24544208245948
28069323,-7.124754,-1.552308,4.374025103691101,33.89795349827804,143.24544208245948
28062633,-4.41439,0.226369,0.048781103691101,213.06046627618437,166.23575575778065
28078928,-3.617713,1.705785,2.014992103691101,100.51020018980752,67.1566174142051
28082672,-2.470119,-2.561743,1.9581901036911011,119.22699895814186,307.74674228002965
28078938,-3.594747,1.457133,1.954339103691101,108.73771901937133,94.7598078960963
28078946,-3.549463,1.394267,1.9534561036911011,108.8925710728983,101.93405082731984
28065149,-3.395692,2.492702,-0.03873589630889884,293.298632448369,53.350086474493565
28078957,-2.818775,1.715703,0.010201103691101165,276.7978159947818,138.88125394862
28062650,-7.732756,-0.665444,4.498617103691101,23.743266807255623,100.3445585098781
28070956,-0.462573,-14.037821,4.035893103691101,83.71808895383677,426.8001726694751
28062655,-3.298774,0.853418,1.956327103691101,110.3107639456574,153.6705047320754
28069344,-3.795054,0.448156,1.582478103691101,140.71353987537748,163.2032188258381
28070963,-0.146155,-5.684443,0.06172210369110109,188.61650320616175,409.68338341548326
28062677,-4.527543,-0.022876,-0.019114896308898954,211.72273649118716,172.68754255518454
28082743,0.249841,-5.02391,0.4164751036911011,182.48862415196209,435.3944085635595
28069370,-4.401453,-0.201591,-0.003470896308898963,210.2057883138766,181.69282851646696
28069370,-4.401453,-0.201591,-0.003470896308898963,210.2057883138766,181.69282851646696
28062691,-6.598915,-0.634331,3.491535103691101,59.35036981711176,126.5832182446626
28072973,-4.11543,1.263746,1.781339103691101,127.44190242628184,100.4559551665498
28069372,-6.111875,-1.26093,3.440701103691101,63.30462845846259,159.02020595792754
28069372,-6.111875,-1.26093,3.440701103691101,63.30462845846259,159.02020595792754
28044272,-3.759091,0.568821,1.749024103691101,129.61880087993433,156.42473032801715
28062700,-1.034626,1.906035,0.037754103691101104,406.365310451056,246.704097688856
28062700,-1.034626,1.906035,0.037754103691101104,406.365310451056,246.704097688856
28065210,-3.306257,2.275034,-0.0414558963088989,286.7864109908745,77.24659633171387
28062706,-6.930202,-0.926234,3.240427103691101,76.4475911646353,133.63189781102662
28065219,-1.079929,1.975737,-0.008789896308898815,414.96683773879033,234.3988195540742
28065219,-1.079929,1.975737,-0.008789896308898815,414.96683773879033,234.3988195540742
28069387,-6.297704,-1.551693,3.602270103691101,60.34295150083193,163.6313448870481
28069387,-6.297704,-1.551693,3.602270103691101,60.34295150083193,163.6313448870481
28065226,-1.089162,1.960149,-0.009937896308898964,411.39172112371887,234.73931955140625
28065226,-1.089162,1.960149,-0.009937896308898964,411.39172112371887,234.73931955140625
28062736,-6.458711,-0.91418,3.141473103691101,77.19706486479063,142.2848487886855
28044280,-4.42455,-0.244659,-0.013724896308898948,209.92089703673884,182.541272287492
28044280,-4.42455,-0.244659,-0.013724896308898948,209.92089703673884,182.541272287492
28075552,-4.53274,2.713383,0.3007231036911011,245.2372799132241,5.797300969682283
28069406,-6.143309,-1.621431,3.4932161036911014,64.52291325326888,169.55878318716438
28069406,-6.143309,-1.621431,3.4932161036911014,64.52291325326888,169.55878318716438
28062749,-6.560022,-1.062684,3.1626891036911013,78.11131842750947,145.34878727814072
28062750,-4.318956,-0.262048,0.0069541036911011656,209.84269162646427,185.71110633591323
28062750,-4.318956,-0.262048,0.0069541036911011656,209.84269162646427,185.71110633591323
28062759,-8.090228,-1.648845,4.8473941036911015,25.59045622015373,127.53265883160655
28065260,-1.106029,1.929154,-0.007849896308898874,404.4062757427607,235.57262187435532
28065260,-1.106029,1.929154,-0.007849896308898874,404.4062757427607,235.57262187435532
28075583,-4.744813,2.119018,1.5414301036911011,147.2581390746547,22.22940559074064
28075595,-7.454344,1.42207,3.6613931036911014,32.919567460158845,5.764822707843592
28073024,-1.060493,1.819982,-0.002775896308898851,393.982509731372,250.4901189189158
28073024,-1.060493,1.819982,-0.002775896308898851,393.982509731372,250.4901189189158
28071025,0.326893,-4.392329,-0.04430589630889892,205.7065276978279,434.60310477046426
28073032,-1.036025,1.811052,-0.0016018963088988425,395.4967992941217,254.24241318076403
28073032,-1.036025,1.811052,-0.0016018963088988425,395.4967992941217,254.24241318076403
28062787,-6.429518,-1.24438,3.161546103691101,78.5164890807792,153.78697604302977
28062787,-6.429518,-1.24438,3.161546103691101,78.5164890807792,153.78697604302977
28075627,-7.120954,-0.210495,3.7862211036911013,45.44363484887805,97.61827075985808
28075628,-7.127193,-0.138897,3.308738103691101,68.49715983612231,99.84234206798644
28062801,-6.033629,-1.038621,3.389330103691101,62.84353686296373,153.35244048615135
28075631,-6.824239,-0.175823,3.2819831036911014,67.34238630336594,106.19655632034082
28085511,-4.422756,2.117539,1.8430661036911011,121.47221310411273,14.584020015178195
28062858,-3.13733,0.315207,1.967934103691101,111.4021453665035,192.76449888556076
28062874,-6.069843,-1.567539,3.4631051036911007,64.74525041579841,169.6230064579651
28062874,-6.069843,-1.567539,3.4631051036911007,64.74525041579841,169.6230064579651
28062885,-6.343441,-1.935371,3.209050103691101,80.59510891229709,175.73626063149453
28085556,-6.37882,0.080648,0.2687031036911012,189.84409229117253,130.71694974747805
28085557,-6.344389,0.082989,0.19426910369110106,192.5260710010108,131.74133253463157
28085560,-2.095383,2.022472,-0.012071896308898822,327.8219995553801,145.97712130361532
28085560,-2.095383,2.022472,-0.012071896308898822,327.8219995553801,145.97712130361532
28062892,-7.48001,-2.49106,4.729899103691101,33.63055685783212,162.79858608866624
28062892,-7.48001,-2.49106,4.729899103691101,33.63055685783212,162.79858608866624
28065386,-4.363898,1.707783,1.779496103691101,127.71290718710888,58.73681475457482
28069477,-5.600641,0.82062,0.08077910369110097,208.0899013129942,117.49711385947091
28062913,-6.634816,-2.329111,3.307746103691101,80.99059862174244,179.9145894229643
28079218,-3.44682,-2.759326,0.024964103691101025,193.09426568266943,267.394512236496
28079218,-3.44682,-2.759326,0.024964103691101025,193.09426568266943,267.394512236496
28073145,-6.592052,-0.499631,3.1385741036911012,75.12208994477783,124.6161753206526
28065419,-4.302765,1.582865,1.774444103691101,128.1046885512232,70.92725140777009
28073154,-6.706312,-0.599401,3.306737103691101,68.97439264086165,125.00908083665226
28062938,-6.598096,-2.46009,3.3061871036911015,81.59645201320919,183.8613818408968
28062949,-6.092711,-2.117491,3.3252691036911015,75.35646433498223,185.41385772177065
28062949,-6.092711,-2.117491,3.3252691036911015,75.35646433498223,185.41385772177065
28073179,-6.582588,-0.726722,3.146646103691101,76.48177078988579,133.2816103880161
28062991,-5.684874,-2.078262,3.421475103691101,67.76296844516258,193.2219455356324
28062991,-5.684874,-2.078262,3.421475103691101,67.76296844516258,193.2219455356324
28062992,-5.791057,-2.209833,3.263135103691101,76.44020670326998,194.6910682529816
28062992,-5.791057,-2.209833,3.263135103691101,76.44020670326998,194.6910682529816
28075824,-5.584985,-3.235771,2.790566103691101,98.9359658499,223.18313872841472
28075824,-5.584985,-3.235771,2.790566103691101,98.9359658499,223.18313872841472
28062994,-5.942955,-2.410849,3.1486911036911014,83.409070648132,196.6313203808823
28062994,-5.942955,-2.410849,3.1486911036911014,83.409070648132,196.6313203808823
28069524,-4.803603,0.823993,0.004482103691101136,218.72067131199816,133.38840525659958
28073203,-3.788645,0.659718,1.761180103691101,128.75331932625534,150.16130796490805
28073204,-3.860771,0.630743,1.6002961036911012,139.83613655262542,151.1949650107888
28073215,-6.522997,-0.9546,3.3052351036911007,70.54831115087919,141.3191312264832
28083058,-4.875473,2.447107,-0.006801896308898936,248.1406932717434,36.3276451190398
28063026,-3.809351,-1.320179,0.02931510369110102,202.2557347826865,228.85016085295456
28063026,-3.809351,-1.320179,0.02931510369110102,202.2557347826865,228.85016085295456
28073220,-6.098779,-0.793323,3.4625271036911007,57.23478093145656,142.45682259974882
27960220,-7.026456,-1.066876,4.522769103691101,18.49829299114629,126.70914894575668
28075874,-4.819959,-5.109056,2.861718103691101,100.18117202776595,271.09072797990063
28075874,-4.819959,-5.109056,2.861718103691101,100.18117202776595,271.09072797990063
28083071,-4.755941,2.028412,1.163346103691101,173.62235348592074,41.567114982224325
28075883,-4.830956,-5.095925,3.722169103691101,71.78944366015097,272.64219669993594
28075883,-4.830956,-5.095925,3.722169103691101,71.78944366015097,272.64219669993594
28069548,-4.746441,0.706867,0.014274103691101159,217.3324497509814,139.58756132202848
28079316,-0.885352,-1.888166,0.12821210369110103,218.30973126848204,363.967996120855
27960235,-6.223114,-0.748508,3.4080011036911007,60.84363087328597,138.69719200934827
28083093,-1.979212,2.63751,-0.017285896308898874,401.01686388250994,71.32396743816452
28063051,-4.981288,-1.809348,3.7228591036911007,42.77948110841075,202.95906669205837
28083096,-6.089678,1.54675,0.6928431036911011,186.29455352187412,67.53819268948794
28075906,-1.190923,0.786688,-0.01068289630889896,297.1361227030008,292.3017836397556
28073256,-7.478128,-2.014447,4.645288103691101,31.64123525142233,149.8346042443161
28079345,0.103011,-5.619255,0.040126103691101145,190.95293598714056,420.6395291169396
28079353,1.258406,-19.087002,2.523254103691101,118.6292596508038,446.2628416175885
28083126,-7.107079,-0.103582,3.502859103691101,58.42766455759525,96.4085520262336
28053006,-4.471369,0.230137,0.028721103691101035,213.370130059761,164.80684394690377
28063120,-5.402905,-2.864809,3.092454103691101,85.02365501214018,219.61171710249545
28073313,-4.326895,-0.257785,0.010106103691100987,209.70184814584704,185.3560773703621
28073313,-4.326895,-0.257785,0.010106103691100987,209.70184814584704,185.3560773703621
28063131,-7.590982,-4.911031,5.101465103691101,44.03478795418832,211.54852391913167
28063131,-7.590982,-4.911031,5.101465103691101,44.03478795418832,211.54852391913167
28075959,-2.980433,-4.249555,4.301135103691101,20.03305984803453,325.0841540702455
28075959,-2.980433,-4.249555,4.301135103691101,20.03305984803453,325.0841540702455
28075973,-0.64604,1.443813,-0.010715896308898909,390.9888554678458,330.7489338129408
28073333,-6.164589,-1.664091,3.2974181036911014,73.72634142288771,171.32355245968404
28073333,-6.164589,-1.664091,3.2974181036911014,73.72634142288771,171.32355245968404
28073339,-5.477724,-1.410409,3.827090103691101,38.2256738196225,176.4976506116906
28073339,-5.477724,-1.410409,3.827090103691101,38.2256738196225,176.4976506116906
28069602,-4.686382,0.513923,0.00791710369110099,215.67572027920852,148.93353622074534
28073344,-6.21921,-1.834536,3.327431103691101,74.13588555823839,174.98174158902296
28073344,-6.21921,-1.834536,3.327431103691101,74.13588555823839,174.98174158902296
28073349,-5.981252,-1.666031,3.1004391036911008,80.92661043791017,176.1532516066021
28073349,-5.981252,-1.666031,3.1004391036911008,80.92661043791017,176.1532516066021
28076006,-1.418141,-3.791678,0.5398611036911011,178.229482410975,354.7503957554234
28063157,-2.767866,-0.403334,1.9612211036911011,113.24198496105714,242.1446940709677
28063157,-2.767866,-0.403334,1.9612211036911011,113.24198496105714,242.1446940709677
28083176,-3.848099,0.577694,1.6088311036911012,139.20227058734258,154.40985418886015
28083177,-3.29758,0.817133,1.956556103691101,110.51431870587486,156.17522802624046
28063162,-3.533102,-1.821283,0.030913103691101007,199.60956512220025,247.97565873002137
28069618,-4.679346,0.457702,-0.0024778963088989414,215.44636860413215,151.40217550452158
28053052,-6.698876,-0.398558,3.4951371036911008,57.68884121318743,115.35141246674836
28083183,-3.610708,0.311694,1.591748103691101,139.84286748557253,176.31904273418496
28083183,-3.610708,0.311694,1.591748103691101,139.84286748557253,176.31904273418496
28083184,-6.293394,-1.515313,0.05431110369110104,187.05747360110303,177.75714554474723
28076039,-1.27814,-9.66068,4.418469103691101,55.697938290011365,411.16342994110073
28076050,-0.790565,-12.031361,3.172724103691101,98.85408804014658,413.49513473844536
28063187,-3.069191,-1.005207,1.776376103691101,127.842365961693,247.3091480278036
28063187,-3.069191,-1.005207,1.776376103691101,127.842365961693,247.3091480278036
28073374,-5.974039,-1.854534,3.116917103691101,81.43174420969981,181.5960232333589
28073374,-5.974039,-1.854534,3.116917103691101,81.43174420969981,181.5960232333589
28073375,-5.929958,-1.800285,2.976272103691101,86.71321090954311,181.58091457993524
28073375,-5.929958,-1.800285,2.976272103691101,86.71321090954311,181.58091457993524
28063194,-6.889331,-5.211003,4.912524103691101,47.13153202271346,229.60068996470457
28063194,-6.889331,-5.211003,4.912524103691101,47.13153202271346,229.60068996470457
28069633,-6.703226,-0.280075,3.562920103691101,52.90322496742834,109.55405959664024
28076085,0.364908,-4.939663,0.47105510369110104,181.4998750480804,443.0669220543276
28063208,-10.243367,-9.384706,6.716341103691101,46.98779695328369,229.66890079891203
28063208,-10.243367,-9.384706,6.716341103691101,46.98779695328369,229.66890079891203
28069644,-3.778723,0.682278,1.756184103691101,129.05193769448766,149.2389167130541
28053095,-6.700122,-0.718465,3.1666091036911013,76.42214056253295,130.758608566627
28038560,-3.808539,0.251951,2.992030103691101,36.13932910339909,159.93366606424664
28038560,-3.808539,0.251951,2.992030103691101,36.13932910339909,159.93366606424664
28073418,-5.716938,-2.005862,3.227963103691101,75.92294888493862,191.1131416587342
28073418,-5.716938,-2.005862,3.227963103691101,75.92294888493862,191.1131416587342
28073428,-5.948774,-2.277269,3.156128103691101,82.34115048395248,193.18163267099035
28073428,-5.948774,-2.277269,3.156128103691101,82.34115048395248,193.18163267099035
28083246,-5.550687,-3.49023,3.098990103691101,88.8912101641805,228.7240729053528
28083246,-5.550687,-3.49023,3.098990103691101,88.8912101641805,228.7240729053528
28073433,-5.71958,-2.143863,3.245180103691101,76.21057463450404,194.67028674790845
28073433,-5.71958,-2.143863,3.245180103691101,76.21057463450404,194.67028674790845
28073447,-5.91526,-2.332195,3.026218103691101,87.62309679225564,195.6302216434296
28073447,-5.91526,-2.332195,3.026218103691101,87.62309679225564,195.6302216434296
28069694,-6.699254,-0.811896,3.172772103691101,76.84906191034986,134.0969174152169
28053129,-6.650192,-0.93686,3.177091103691101,77.22024056799151,139.32140796339587
28079612,-7.965565,2.272809,0.43405610369110104,191.5684552983751,18.06171815377036
28073469,-5.67725,-2.316121,3.2574941036911014,76.61545473333837,200.03387083424693
28073469,-5.67725,-2.316121,3.2574941036911014,76.61545473333837,200.03387083424693
28069720,-6.40228,-0.8301,3.4687401036911014,60.5041123792312,137.83514024459384
28069725,-4.457252,-0.01534,0.011508103691101113,211.25412558496936,174.0033858273854
28069725,-4.457252,-0.01534,0.011508103691101113,211.25412558496936,174.0033858273854
28042886,-4.585208,2.671408,0.35584610369110103,239.47967757243703,7.8858617444273875
28063321,-5.213047,-5.349319,4.368479103691101,53.718580466347504,267.88863340536005
28063321,-5.213047,-5.349319,4.368479103691101,53.718580466347504,267.88863340536005
28065680,-6.774182,-0.742568,3.056829103691101,82.06695919703688,131.2432581554578
28063327,-4.967844,-5.155577,3.7633461036911013,71.59893245152523,270.0698960602874
28063327,-4.967844,-5.155577,3.7633461036911013,71.59893245152523,270.0698960602874
28083295,-4.809203,-5.084988,2.9824711036911014,96.2387866174237,271.3139732755167
28083295,-4.809203,-5.084988,2.9824711036911014,96.2387866174237,271.3139732755167
28065690,-6.619031,-0.777609,3.149551103691101,77.0241185297318,134.4601356820338
28079685,-6.516389,-0.965165,0.05963510369110114,189.09184091087192,160.50554539757485
28079700,-6.02897,-2.013313,3.032835103691101,86.2321575651936,185.02197855457587
28079700,-6.02897,-2.013313,3.032835103691101,86.2321575651936,185.02197855457587
28069759,-6.297556,-1.087322,3.111691103691101,78.61902075595432,151.49807841750635
28083329,-4.351529,0.106434,0.40877610369110107,197.2507443783841,170.12360753081833
28073551,-7.171093,-0.301688,2.809597103691101,92.68253529767242,110.85540785513768
28079738,-1.515595,1.422667,-0.007457896308898926,319.1081087316717,233.6540450793777
28079738,-1.515595,1.422667,-0.007457896308898926,319.1081087316717,233.6540450793777
28079762,-5.624154,-3.169,2.093054103691101,122.53762432149108,221.4810211605105
28079762,-5.624154,-3.169,2.093054103691101,122.53762432149108,221.4810211605105
28069783,-4.332839,-0.226244,0.017509103691101036,209.71838769346363,184.15716551850767
28069783,-4.332839,-0.226244,0.017509103691101036,209.71838769346363,184.15716551850767
28037623,-4.58224,2.735908,-0.02057489630889897,263.6436177696128,14.04333540926595
28063421,-3.56795,-4.755302,1.2332941036911012,147.75142517605002,294.3122799374706
28065776,-4.834622,1.287445,0.06309810369110114,222.63023952926173,110.05537599454154
28063422,-3.210303,-4.013544,1.115281103691101,152.98803890392588,295.6211560646881
28065780,-8.13135,1.228237,4.3793181036911015,3.43841443047296,0.1907927712504999
28083383,-5.573231,-3.248181,1.7086081036911012,134.69562895859627,224.2696524457244
28083383,-5.573231,-3.248181,1.7086081036911012,134.69562895859627,224.2696524457244
28065785,-3.066837,1.694118,0.03074510369110106,267.06998344889286,131.11469774549684
28065788,-4.198777,1.370316,1.785895103691101,127.19898679043465,90.21156630929843
28065793,-4.165368,1.333673,1.787428103691101,127.02861895876298,93.80518475403946
28069814,-6.179914,-1.318766,3.467212103691101,63.24926206924101,159.35958749834398
28069814,-6.179914,-1.318766,3.467212103691101,63.24926206924101,159.35958749834398
28053232,-7.245624,-1.970321,4.450010103691101,36.92697653125737,153.6700194350608
28053232,-7.245624,-1.970321,4.450010103691101,36.92697653125737,153.6700194350608
28076485,-4.550987,2.677613,0.2827851036911011,244.90226485673384,9.95082605218417
28076490,-4.749178,2.650753,0.2841641036911011,239.82142391367944,11.335252356171026
28076493,-4.78845,2.615694,0.41599110369110104,230.33742208277687,10.204280639407102
28037646,-4.735464,2.676386,-0.029256896308898828,258.5233323069076,18.76084265264643
28069819,-4.276779,-0.347536,0.0052591036911011635,209.32193205981224,189.5153069266188
28076519,-4.629261,2.07612,1.490092103691101,151.17343883909973,29.147798214816163
28063475,-3.372696,-4.026841,4.597882103691101,6.603036904798444,308.2291231292688
28063475,-3.372696,-4.026841,4.597882103691101,6.603036904798444,308.2291231292688
28083462,-0.910382,1.525146,-0.0009928963088989828,372.6935474055412,289.31921712065457
28083462,-0.910382,1.525146,-0.0009928963088989828,372.6935474055412,289.31921712065457
28079926,-3.839501,-6.538926,4.037885103691101,63.98062405802091,316.2137956991757
28076551,-7.323901,0.372282,3.4098231036911013,60.30427509351159,72.78845370314679
28076557,-7.117252,-0.120928,3.5738191036911013,55.1609702725022,96.2009394464238
28076559,-6.994246,-0.16618,3.5643951036911012,54.795344253672,100.07113419020052
28076560,-1.612983,1.956201,-0.013889896308898919,356.7735074686633,184.0116784348865
28076560,-1.612983,1.956201,-0.013889896308898919,356.7735074686633,184.0116784348865
28079944,-0.932165,0.71448,-0.016316896308898876,305.4723162140168,319.0559192260066
28053287,-5.820241,-1.591339,3.056444103691101,81.21079853016008,177.67826977929627
28053287,-5.820241,-1.591339,3.056444103691101,81.21079853016008,177.67826977929627
28083495,-0.611738,-2.136494,0.8599461036911011,179.97193504161223,395.9556930018059
28037680,-4.904809,2.573879,0.07862410369110107,246.22894226517556,23.328476420566773
28069868,-3.502317,0.023777,1.7428841036911011,129.88486893073826,192.7535621552023
28069868,-3.502317,0.023777,1.7428841036911011,129.88486893073826,192.7535621552023
28069879,-10.740411,-4.712915,6.218979103691101,32.815773398578926,159.84257593474436
28069879,-10.740411,-4.712915,6.218979103691101,32.815773398578926,159.84257593474436
28083512,0.256285,-4.940729,0.5346021036911011,178.53328203378672,438.1058386844876
28073705,-3.508735,-4.783185,3.9100921036911007,51.79171841683214,308.52705180077425
28073705,-3.508735,-4.783185,3.9100921036911007,51.79171841683214,308.52705180077425
28076672,-5.604611,-3.54789,2.961291103691101,94.2760885399185,228.60038988940383
28076672,-5.604611,-3.54789,2.961291103691101,94.2760885399185,228.60038988940383
28069932,-6.029474,-2.095781,3.156497103691101,81.70976618949376,186.7677151836228
28069932,-6.029474,-2.095781,3.156497103691101,81.70976618949376,186.7677151836228
28058680,-1.087253,1.838536,-0.014725896308898978,394.3770286673671,245.677665284192
28058680,-1.087253,1.838536,-0.014725896308898978,394.3770286673671,245.677665284192
28037713,-5.085347,2.491118,0.09564910369110113,239.9095285783021,28.22813493728566
28065970,-6.768123,-0.39183,2.1674541036911013,118.10131122184404,125.99683187929796
28065977,-8.708036,-0.697159,4.836021103691101,21.25245506782008,86.07813616280123
28069959,-6.056921,-2.302598,3.176807103691101,82.3490633909704,191.41317914136505
28069959,-6.056921,-2.302598,3.176807103691101,82.3490633909704,191.41317914136505
28065987,-6.75446,-0.344294,3.1511301036911012,74.5905727809924,115.63390632246303
28043012,-7.151302,-0.141794,3.084554103691101,79.27786837040927,102.05012490303471
28065995,-6.877182,-0.379159,3.6226911036911007,52.9784288118077,110.34005638633312
28066015,-8.077044,-0.834745,4.6242091036911015,24.728028889849128,101.11827171994648
28069982,-5.705815,-2.056802,3.417344103691101,67.94027986182294,192.16105077542107
28069982,-5.705815,-2.056802,3.417344103691101,67.94027986182294,192.16105077542107
28066031,-4.498205,0.106056,0.010931103691101063,212.3261715483545,168.7548738225915
28066035,-6.749383,-0.69773,3.1747051036911014,76.27708313067325,129.08786667120313
28073783,-1.560023,-4.048754,0.4737281036911011,178.57471104264835,349.9169285435567
28066039,-4.473822,0.033472,0.006956103691101001,211.84910750825705,171.93009459282558
28066057,-6.713666,-0.894895,3.186622103691101,76.96178278497476,136.66760684159857
28073800,-0.584494,0.643739,-0.01254489630889899,319.11263928113726,359.57681843637533
28069999,-6.070591,-2.544665,3.202753103691101,82.86230366263482,196.94457700831677
28069999,-6.070591,-2.544665,3.202753103691101,82.86230366263482,196.94457700831677
28053415,-5.862026,-2.493785,3.151750103691101,83.28663545346521,200.4105807457168
28053415,-5.862026,-2.493785,3.151750103691101,83.28663545346521,200.4105807457168
28070014,-1.092042,1.962285,-0.012056896308898946,411.5110191404148,234.18402207523957
28070014,-1.092042,1.962285,-0.012056896308898946,411.5110191404148,234.18402207523957
28080324,-1.549668,2.288133,-0.01681089630889887,402.8489416683795,151.04134090792536
28080324,-1.549668,2.288133,-0.01681089630889887,402.8489416683795,151.04134090792536
28076856,-3.81173,-5.203773,4.018032103691101,54.07192293089904,303.9120413283255
28076856,-3.81173,-5.203773,4.018032103691101,54.07192293089904,303.9120413283255
28076857,-3.26374,-4.280247,2.8323521036911012,90.88287240419294,305.2211982393868
28080346,-6.211819,-1.245422,3.549442103691101,58.94653831474119,155.7597024139065
28080346,-6.211819,-1.245422,3.549442103691101,58.94653831474119,155.7597024139065
28066107,-6.261361,-1.059082,3.106297103691101,78.38225569540194,151.2927317092188
28053444,-5.822741,-2.629426,3.3208471036911007,77.18336609188455,204.14051664015105
28053444,-5.822741,-2.629426,3.3208471036911007,77.18336609188455,204.14051664015105
28037762,-5.579374,2.270037,0.09440510369110111,227.75486391650256,40.1336870912416
28070026,-1.108064,1.918387,-0.009509896308898869,402.712786954252,236.30625102819096
28070026,-1.108064,1.918387,-0.009509896308898869,402.712786954252,236.30625102819096
28070030,-5.811281,-2.446602,3.477538103691101,69.37892789465309,199.6568079169728
28070030,-5.811281,-2.446602,3.477538103691101,69.37892789465309,199.6568079169728
28083777,-4.541314,2.702396,0.44355710369110113,235.7034230834102,1.8021318703602844
28076897,-0.58835,1.586058,-0.01640089630889885,419.76235992433976,334.6704505803631
28066128,-4.254272,-0.322805,0.01786410369110114,209.30422487162437,189.28648489576332
28066128,-4.254272,-0.322805,0.01786410369110114,209.30422487162437,189.28648489576332
28083818,-4.315425,1.647315,1.8053371036911012,125.55868342591856,64.30830452399451
28083820,-4.308064,1.591935,1.778923103691101,127.75360158333189,69.93869025230171
28083826,-4.26195,1.495464,1.772127103691101,128.28131556196877,79.11408692988923
28053460,-5.633996,-2.586969,3.1061871036911013,84.25284754153134,207.88579657351627
28053460,-5.633996,-2.586969,3.1061871036911013,84.25284754153134,207.88579657351627
28066173,-5.888251,-1.195174,3.3565951036911015,64.57934852023922,162.10685340584143
28066173,-5.888251,-1.195174,3.3565951036911015,64.57934852023922,162.10685340584143
28053475,-5.369326,-2.407124,3.953005103691101,43.50884040096875,208.457241087898
28053475,-5.369326,-2.407124,3.953005103691101,43.50884040096875,208.457241087898
28083875,-3.852338,0.684821,1.736286103691101,130.63541982886176,146.9068223851626
28066203,-6.072285,-1.534105,3.453697103691101,64.89326699507933,168.58283500432674
28066203,-6.072285,-1.534105,3.453697103691101,64.89326699507933,168.58283500432674
28045511,-5.534843,2.267765,-0.007586896308898972,233.07757711948244,42.8883842797147
28058997,-3.239739,2.155626,-0.03258889630889894,283.4070732467488,89.75160893458627
28066225,-6.104915,-1.735026,3.1412311036911014,80.49881596632696,175.33399780775167
28066225,-6.104915,-1.735026,3.1412311036911014,80.49881596632696,175.33399780775167
28070078,-1.02919,1.913874,0.040535103691101027,408.0648082457625,246.7295305938436
28070078,-1.02919,1.913874,0.040535103691101027,408.0648082457625,246.7295305938436
28053502,-0.565659,0.587669,-0.031035896308899025,317.6898770393136,362.247100022333
28083947,-5.626159,-3.197176,1.694010103691101,135.18873508817416,222.22403434407136
28083947,-5.626159,-3.197176,1.694010103691101,135.18873508817416,222.22403434407136
28066254,-1.070659,1.819916,-0.015098896308898935,393.7788546935896,249.190049625608
28066254,-1.070659,1.819916,-0.015098896308898935,393.7788546935896,249.190049625608
28080573,-1.071857,1.688681,-0.00036789630889888514,375.892712228474,259.0460497773636
28080573,-1.071857,1.688681,-0.00036789630889888514,375.892712228474,259.0460497773636
28066256,-6.518312,-2.245721,3.2822711036911008,80.74880849714455,180.16306853126
28066256,-6.518312,-2.245721,3.2822711036911008,80.74880849714455,180.16306853126
28085728,-1.95895,-2.356551,0.16779810369110115,200.5306865034813,314.36498445800686
28085771,-0.35283,-4.597934,-0.08949389630889892,200.53601388257715,398.5148321404956
28085774,-0.380679,1.562145,-0.010929896308898845,446.8397064364008,376.4589963053074
28085784,1.868049,-19.77441,0.14532010369110115,154.4492293164859,442.1170818418882
28085786,1.687271,-17.171612,0.085637103691101,158.19132319449605,443.1912641572575
28085790,-0.209091,1.262375,0.000831103691101065,417.9239912155164,416.16268131823085
28085960,-4.488598,2.721794,0.23668410369110116,250.48165817832145,7.410799613846024
28085964,-3.360462,2.798021,-0.007440896308898992,309.1837239923022,16.536167618230593
28085975,-1.84949,2.760089,-0.003478896308898971,437.2496960502157,51.94481746309933
28085986,-7.401013,0.434032,3.227204103691101,69.72000602718879,71.47628482452367
28085997,-6.673069,-0.152008,2.9052441036911008,84.20578094477406,111.54505697937104
28086009,-6.320813,-1.024179,3.459058103691101,62.12376696788621,146.5229451725021
28086013,-3.873263,0.732552,1.6049851036911011,139.66078636626358,145.0046525461711
28086016,-1.861484,2.051556,-0.02176689630889883,346.7948450875461,157.0142503026319
28066276,-6.783868,-2.290839,4.4583131036911015,35.16868518091215,171.47904616982146
28066276,-6.783868,-2.290839,4.4583131036911015,35.16868518091215,171.47904616982146
28053520,-5.293165,-2.675421,3.470797103691101,67.36014435680985,217.72742765552456
28053520,-5.293165,-2.675421,3.470797103691101,67.36014435680985,217.72742765552456
27974551,-6.335035,-0.961326,3.006297103691101,82.73839589912794,147.20106144197212
28030733,-6.863668,0.254267,4.090502103691101,17.161990988787124,74.45974510688063
27963545,-7.151082,0.357597,4.196612103691101,13.862750577168557,63.602822948079535
27963557,-7.632407,0.216427,4.322292103691101,17.426281063105392,63.81260549920222
28080652,-1.817177,-12.178906,4.544141103691101,69.69847096906906,396.2288194555962
27963573,-7.809078,0.051706,4.4620751036911015,15.404225049251837,68.07695004162966
28034350,-6.56864,0.870096,3.887124103691101,11.934259466679976,44.494845058705096
28066309,-5.930146,-2.056965,3.469304103691101,67.53287745812517,186.856207671532
28066309,-5.930146,-2.056965,3.469304103691101,67.53287745812517,186.856207671532
27984501,-7.125201,-0.127416,4.190087103691101,22.5657529607287,88.81895538017415
28070132,-1.052981,1.811657,-0.009507896308898811,394.2416157533888,252.03867863006957
28070132,-1.052981,1.811657,-0.009507896308898811,394.2416157533888,252.03867863006957
27984506,-7.081679,-0.181892,4.095314103691101,28.04695780040373,93.18673491174027
28037872,-5.402926,1.747089,0.01321910369110113,225.03092086279105,76.29739702279619
27972088,-6.884128,-0.65348,4.0902841036911015,32.605370476285,116.83308609924076
28059130,-5.921044,1.488157,0.0032841036911011035,216.04456103225303,83.00554298699726
28027028,-7.490838,-0.094278,4.345406103691101,19.183172872639886,80.3899578166033
28034377,-7.444999,0.57336,4.236300103691101,12.607535466977223,47.75664668151347
28049464,-6.78541,-0.568535,3.318772103691101,68.83128398632894,122.38202862431515
28027031,-6.647884,-0.274788,3.112747103691101,74.9634865717762,114.92278264234204
27970232,-6.886265,-0.667193,4.399958103691101,16.258964403214947,114.24249963170828
27970233,-6.932036,-0.513093,3.666282103691101,52.9378839024489,114.52465126177184
28006567,-7.254317,0.410111,4.203896103691101,14.278218819092302,59.4347950401542
28066378,-5.679767,-2.374603,3.266405103691101,76.67266605514246,201.411205239906
28066378,-5.679767,-2.374603,3.266405103691101,76.67266605514246,201.411205239906
28056069,-1.105867,1.867101,-0.01139089630889889,395.87510160970606,241.07319545584755
28056069,-1.105867,1.867101,-0.01139089630889889,395.87510160970606,241.07319545584755
28049484,-6.810373,-0.695449,3.348661103691101,68.77396146805063,126.51007155278728
28066388,-5.735446,-2.576706,3.145718103691101,83.24368004799919,205.2360940789324
28066388,-5.735446,-2.576706,3.145718103691101,83.24368004799919,205.2360940789324
28077326,-3.279081,2.800213,-0.015298896308898913,313.9846649549888,17.42744216391708
28027041,-6.578715,-0.230103,3.240234103691101,67.61165956019087,112.88960806145457
28077346,-4.837264,2.579708,0.28890210369110103,236.04535169752296,17.206442996905622
28066401,-6.232559,-2.851704,4.355489103691101,40.00578387625305,197.9704066509616
28066401,-6.232559,-2.851704,4.355489103691101,40.00578387625305,197.9704066509616
28077364,-6.037744,2.092659,0.08362210369110112,219.676596070092,47.35867606443466
28077370,-7.763904,1.33527,3.669054103691101,38.82416453885148,10.282323781955
28059205,-7.537271,1.237059,4.119629103691101,8.050490577986182,7.498177587885181
28077417,-6.794654,-0.177782,3.210520103691101,70.61748130327436,107.50822638709354
28049499,-6.755178,-0.801216,3.062950103691101,82.06312564899682,133.6010249917465
28034420,-6.927379,0.424405,4.084091103691101,15.412081093202689,64.34005930361025
28059218,-8.183315,1.039472,4.377126103691101,8.49873132606345,12.232265302992149
28056138,-4.789257,0.93528,0.0003141036911011863,220.6141609778689,128.7628995366814
28077458,-6.245567,-1.855839,3.6372871036911008,61.14673970903203,173.69479833944916
28077458,-6.245567,-1.855839,3.6372871036911008,61.14673970903203,173.69479833944916
28056149,-7.612572,0.726678,4.267626103691101,10.760555794468331,36.80427438545303
28070242,-2.689377,-0.641474,1.967803103691101,113.41628820827252,254.35525256666148
28070242,-2.689377,-0.641474,1.967803103691101,113.41628820827252,254.35525256666148
28059240,-4.798276,1.031487,0.0017701036911010881,221.84908990925615,124.11184999027572
28066442,-5.599577,-2.814137,3.1374751036911013,84.13994430292453,213.77567908194845
28066442,-5.599577,-2.814137,3.1374751036911013,84.13994430292453,213.77567908194845
28056171,-7.093761,0.683193,4.100327103691101,12.293197719835293,47.04291842289899
28070256,-3.491593,-2.113032,0.059132103691101,196.50222310825205,254.9574095206356
28070256,-3.491593,-2.113032,0.059132103691101,196.50222310825205,254.9574095206356
27979909,-7.744822,1.511235,3.237054103691101,61.44166460553757,8.422033727980505
28056191,-8.74746,0.204588,4.758826103691101,11.960641718734564,47.72522516482101
28059255,-8.07505,0.746549,4.403412103691101,10.666721190144528,29.854346847760013
28030784,-6.754113,-0.317001,3.133312103691101,75.21294282764816,114.71239090908196
28056215,-7.302827,0.316884,4.216826103691101,16.129170926194405,63.778124465304245
27963751,-6.814865,-0.818157,4.193918103691101,28.64257613558192,123.65934498985028
28070277,-2.946128,-1.308108,1.802813103691101,126.421993839887,260.8881430434415
28070277,-2.946128,-1.308108,1.802813103691101,126.421993839887,260.8881430434415
28077621,-1.723186,1.890285,-0.01663889630889881,342.4094082902394,182.03361753081435
28077621,-1.723186,1.890285,-0.01663889630889881,342.4094082902394,182.03361753081435
28077628,-6.158503,-1.569991,3.567119103691101,60.816766305004506,167.28518818335942
28077628,-6.158503,-1.569991,3.567119103691101,60.816766305004506,167.28518818335942
28006607,-7.08713,0.158014,4.111827103691101,21.522969446981904,76.31402849009612
28056232,-8.24264,-0.055283,4.609952103691101,16.124026686559546,66.58502661335288
28059283,-6.820323,0.760377,4.011815103691101,11.029159449897122,46.61461891912111
28034462,-7.274857,0.17403,4.411722103691101,6.721143679866316,68.65018774035724
28077673,-5.72885,-2.663115,3.5862541036911013,65.91994976817449,206.5884090876452
28077673,-5.72885,-2.663115,3.5862541036911013,65.91994976817449,206.5884090876452
28030796,-6.49661,-0.204219,3.501734103691101,52.79509241998795,110.31939256919978
28066501,-3.680402,-1.692782,0.016067103691101092,200.27332171940947,240.9242306107884
28066501,-3.680402,-1.692782,0.016067103691101092,200.27332171940947,240.9242306107884
28017261,-7.614553,0.753349,4.1563171036911015,17.074843173611015,37.31107634819929
28084209,-1.862693,-6.552553,4.490062103691101,28.68386622425697,388.4872450704469
28037981,-5.003809,1.318646,0.022341103691100983,222.8538139113701,105.77623898106324
28059311,-9.945573,-0.125395,5.227671103691101,11.921208251107942,47.47003619607301
28077693,-1.02644,1.888938,0.04092910369110103,404.5519795121273,249.2869180897964
28077693,-1.02644,1.888938,0.04092910369110103,404.5519795121273,249.2869180897964
28059316,-1.107427,1.908165,-0.00697789630889889,401.1162490801128,237.305215341237
28059316,-1.107427,1.908165,-0.00697789630889889,401.1162490801128,237.305215341237
28059318,-4.710952,0.639073,0.015543103691101123,216.74622198688,143.2114460810779
28027066,-6.726039,-0.42898,3.289935103691101,68.41246479727658,118.15672471897082
28077740,-4.815015,-5.071721,4.1910491036911015,54.71205273691479,273.90797230533826
28077740,-4.815015,-5.071721,4.1910491036911015,54.71205273691479,273.90797230533826
28066525,-5.154944,-2.815272,3.896542103691101,48.47176609635943,224.2278672055856
28066525,-5.154944,-2.815272,3.896542103691101,48.47176609635943,224.2278672055856
28034484,-7.670762,-0.105486,4.427101103691101,17.764061031156956,77.63934570198586
28030815,-6.572863,-0.367165,3.250241103691101,68.36604277699766,118.60985566023018
28077752,-4.021904,-4.7264,2.787985103691101,98.18590361727136,286.92905605294624
28077752,-4.021904,-4.7264,2.787985103691101,98.18590361727136,286.92905605294624
28059341,-7.598556,0.200138,4.343174103691101,15.97096280397622,64.69019249994952
27956318,-7.08713,1.147386,4.001675103691101,8.643682105338343,18.714363346044166
28081086,-4.017919,-4.799439,4.746765103691101,20.91791808684144,295.7990297611301
28081086,-4.017919,-4.799439,4.746765103691101,20.91791808684144,295.7990297611301
28059351,-1.101856,1.866302,-0.014097896308898905,396.4434729810735,241.60981243660305
28059351,-1.101856,1.866302,-0.014097896308898905,396.4434729810735,241.60981243660305
28049565,-6.140163,-0.899038,3.2155201036911008,70.98551392893148,147.38433672450782
28059362,-1.09485,1.850184,-0.011947896308898809,394.8731671938404,243.8126228921724
28059362,-1.09485,1.850184,-0.011947896308898809,394.8731671938404,243.8126228921724
28027085,-6.501232,-0.449208,3.241838103691101,68.88381650353995,123.25649202381612
28066567,-5.185778,-4.276103,0.05274310369110102,178.1140835966715,247.98143897050227
28066567,-5.185778,-4.276103,0.05274310369110102,178.1140835966715,247.98143897050227
28059377,-1.079205,1.83184,-0.009831896308899024,394.0050264738358,247.2159453521168
28059377,-1.079205,1.83184,-0.009831896308899024,394.0050264738358,247.2159453521168
28030833,-6.672843,-0.462312,3.4872881036911014,58.50068608607506,118.48637806813724
28059383,-4.594031,0.396336,0.02618010369110113,214.35661793681103,155.56839447475144
28030834,-6.554543,-0.479035,3.262851103691101,68.62035947002389,123.32159035651334
28034506,-6.935162,-0.054376,4.120558103691101,22.22253630117575,88.90451719734006
27956358,-8.668509,0.841108,4.631024103691101,6.297585101352524,16.936415062007143
28056362,-6.629982,-0.498615,3.279993103691101,68.65716509169582,122.63659929450412
27963885,-13.074109,-4.295533,6.9054391036911005,27.996409015802385,125.61036417492812
28048838,-1.100321,1.866215,-0.005786896308898948,395.9573632803787,241.8240635040112
28048838,-1.100321,1.866215,-0.005786896308898948,395.9573632803787,241.8240635040112
28017288,-7.191708,0.095817,3.412337103691101,61.73684207353037,87.4318066238782
28030843,-6.571445,-0.520334,3.4639991036911013,59.22749780785105,122.80260771957134
28056382,-6.688271,-0.674605,3.038091103691101,81.82934742813654,130.4085992406615
28056386,-6.55924,-0.593278,3.4622261036911013,59.96260087267643,125.93852249993584
28081194,-5.761602,-3.320311,4.133924103691101,49.447914717430194,219.80717934506143
28081194,-5.761602,-3.320311,4.133924103691101,49.447914717430194,219.80717934506143
28056395,-6.257611,-0.424463,3.9525041036911013,27.372960589755507,119.53831551717056
28056396,-6.66327,-0.691926,3.3003841036911012,69.71382553107887,129.3097303113815
27963935,-13.652847,-5.287195,7.297447103691101,29.173160266824112,137.03044637394242
28056407,-6.624407,-0.764545,3.048495103691101,81.53329091081426,134.6855119691526
28056415,-6.241451,-0.528916,3.976933103691101,27.44664205695824,124.2217272738915
28059436,-7.203943,-0.302747,4.255913103691101,23.045648115466943,94.9947352959064
28070396,-2.972175,-2.656996,-0.01808389630889895,197.8680081524808,280.18193886494885
27977521,-6.709369,-1.017951,3.879841103691101,45.82842015651429,135.81271029890735
28056425,-6.80566,-0.974982,3.089003103691101,82.43476012840415,138.52726002357363
28081238,-2.80142,-2.692028,-0.06643789630889896,200.23727145943144,286.1105334124534
28056426,-3.701517,0.431617,1.724108103691101,131.28599244448333,166.0140590500245
28056426,-3.701517,0.431617,1.724108103691101,131.28599244448333,166.0140590500245
28030859,-6.704585,-0.716412,3.318213103691101,69.45326696538777,129.35538588338653
28056431,-6.414766,-0.763571,3.4458461036911014,61.070422842641165,135.2886094052222
28070404,-4.260409,-4.247975,4.731071103691101,17.05774258003484,279.8726519533191
28070404,-4.260409,-4.247975,4.731071103691101,17.05774258003484,279.8726519533191
27996857,-6.955494,-0.476354,4.049888103691101,33.14418004338418,108.692967466665
28068689,-4.694258,2.698256,0.061164103691101035,255.14789855319648,14.270848746055291
28070407,-2.831614,-2.583375,-0.01845489630889885,199.3357858718311,283.6638249513358
28048857,-1.078316,1.831854,-0.0039368963088988185,393.6445002507813,247.34939916853267
28048857,-1.078316,1.831854,-0.0039368963088988185,393.6445002507813,247.34939916853267
28056449,-6.33438,-0.864017,3.256154103691101,70.43878402259736,142.0091327321216
28056454,-6.47271,-0.940156,3.501214103691101,60.75001042484632,140.2883280039195
27956421,-7.899111,0.462946,4.4265931036911015,11.55368289200834,46.62648803645783
28059472,-6.700538,-0.552898,3.5112451036911008,58.56656616980399,121.43341238569002
28056464,-6.361537,-0.911086,4.061666103691101,30.592284987658985,136.88118176378896
28027141,-8.146645,-1.03143,4.719597103691101,23.897515980321916,106.6406672703891
28056476,-6.531944,-1.16761,3.185046103691101,77.68420035669692,149.20399044317293
28059477,-7.375934,-0.789144,4.3794831036911015,26.54937689107089,111.62194428160952
28059484,-6.557575,-0.61235,3.4680031036911014,59.85889039854655,126.66613097915476
28059485,-6.747231,-0.731637,3.325666103691101,69.60824522772748,129.1217240824207
28068715,-4.885957,2.606476,0.06897510369110105,247.9642425993771,20.94457157014955
28056499,-6.356146,-1.198805,3.139923103691101,78.60469938926315,153.86200646640538
28056499,-6.356146,-1.198805,3.139923103691101,78.60469938926315,153.86200646640538
28049610,-6.268309,-1.237474,3.0087201036911013,84.01246643938777,157.61708598769314
28049610,-6.268309,-1.237474,3.0087201036911013,84.01246643938777,157.61708598769314
28059494,-7.335478,-0.896787,4.434894103691101,24.79549078449685,115.91711982160128
28034564,-6.582942,-0.418029,3.461666103691101,58.35897438217805,118.45154669979634
27956444,-8.013515,0.287903,4.503840103691101,12.326557080721926,53.60611256382131
28059499,-6.568016,-0.738955,3.296990103691101,69.45327856571001,132.77494561465377
28066691,-4.554469,-4.007322,4.828703103691101,12.940728400668007,266.7851351967846
28066691,-4.554469,-4.007322,4.828703103691101,12.940728400668007,266.7851351967846
28059506,-4.451125,-0.181806,-0.017661896308899028,210.5382635694588,179.8625484545048
28059506,-4.451125,-0.181806,-0.017661896308899028,210.5382635694588,179.8625484545048
28059510,-6.817521,-0.804817,4.195316103691101,28.407625810031163,123.06983701256516
28059511,-6.724466,-0.952418,3.0754521036911013,82.32033014035451,139.27409546265264
28056522,-6.149704,-1.267548,3.101920103691101,79.27612861386032,160.43050296546988
28056522,-6.149704,-1.267548,3.101920103691101,79.27612861386032,160.43050296546988
28027156,-6.208724,-0.697377,3.392156103691101,60.95541766036368,137.14284402050055
28070475,-3.869409,-4.687016,3.855688103691101,56.4811937466844,295.18234305809574
28070475,-3.869409,-4.687016,3.855688103691101,56.4811937466844,295.18234305809574
28034580,-6.602283,-0.554951,3.2792631036911013,68.95533363074597,125.32861395064782
28059547,-6.707768,-1.178591,3.215471103691101,77.72309021917471,146.13757764681532
28074537,-1.531588,1.431342,-0.017290896308898906,319.500845504729,231.81726072634905
28074537,-1.531588,1.431342,-0.017290896308898906,319.500845504729,231.81726072634905
28059551,-6.3876,-1.016341,3.277915103691101,71.18731601240881,146.22080300886486
28056583,-6.21659,-1.720197,3.5165691036911007,65.00273170795,170.8728730383356
28056583,-6.21659,-1.720197,3.5165691036911007,65.00273170795,170.8728730383356
28005896,-12.999655,-1.846426,6.513348103691101,17.89824064496878,72.15195215678685
28059558,-6.463467,-1.037274,3.5915041036911015,57.32204645229692,143.2727890826764
28027176,-7.013141,-0.75689,4.574672103691101,10.331003015687571,114.10690627230724
27987942,-7.287184,0.400936,4.372731103691101,4.685477890696603,56.7477532097887
28027177,-7.018964,-0.870385,4.275508103691101,28.058872567188985,121.48093210020411
28056600,-5.668633,-1.418856,3.926877103691101,35.58938421853557,171.55476217567357
28059564,-6.721757,-1.319099,3.220447103691101,78.59276736284349,150.34924637748878
28056614,-7.077622,-2.4911,4.568605103691101,35.9899489845136,170.8053143393475
28056614,-7.077622,-2.4911,4.568605103691101,35.9899489845136,170.8053143393475
28030902,-6.438952,-0.80344,3.4716621036911013,60.45649656358316,136.1258319179345
28034595,-6.956255,-0.776094,3.3780281036911015,69.37416032653971,126.7985764461782
28059582,-6.207925,-1.100138,3.444527103691101,62.47623690189374,151.54020302473413
28059582,-6.207925,-1.100138,3.444527103691101,62.47623690189374,151.54020302473413
28059583,-6.304485,-1.18816,3.280044103691101,71.8309539611648,153.6578472349231
28059583,-6.304485,-1.18816,3.280044103691101,71.8309539611648,153.6578472349231
28027189,-7.07049,-0.991055,4.315060103691101,28.51180363836912,124.89461635134604
28059594,-6.514981,-1.400918,3.183914103691101,79.25605722357676,156.95897622219
28059594,-6.514981,-1.400918,3.183914103691101,79.25605722357676,156.95897622219
28081643,-7.10333,-0.11483,3.8549171036911014,40.35935106794281,92.7631541592492
28081647,-3.1638,2.023193,-0.03642589630889881,280.6968408832032,103.5205040336354
27990635,-6.92215,-0.471508,4.122035103691101,28.74774474058725,108.23906733464614
28059609,-6.34359,-1.395749,3.161908103691101,78.95455206452675,160.24549537173743
28059609,-6.34359,-1.395749,3.161908103691101,78.95455206452675,160.24549537173743
28006705,-6.909594,-0.506159,4.212517103691101,24.203621621740385,108.95634582445904
28059613,-7.350651,-1.838547,4.561307103691101,31.694369102133862,147.20112943726733
28059613,-7.350651,-1.838547,4.561307103691101,31.694369102133862,147.20112943726733
28078177,-5.012258,2.499153,0.016203103691101006,245.54943503214184,30.28191799336136
28059638,-6.034075,-1.398287,3.097693103691101,79.55875593989032,166.98864241913125
28059638,-6.034075,-1.398287,3.097693103691101,79.55875593989032,166.98864241913125
28078208,-7.436842,0.64988,3.769926103691101,38.646626921999086,51.630957836814645
28027210,-6.464807,-1.287006,3.173137103691101,78.56996945506575,154.40536271749716
28027210,-6.464807,-1.287006,3.173137103691101,78.56996945506575,154.40536271749716
28074640,-5.579666,-3.251631,2.161498103691101,120.32990915374693,223.9611414529973
28074640,-5.579666,-3.251631,2.161498103691101,120.32990915374693,223.9611414529973
28074649,-4.398894,-2.752431,4.484346103691101,7.089809818214775,245.86096439084469
28074649,-4.398894,-2.752431,4.484346103691101,7.089809818214775,245.86096439084469
28061987,-3.20461,2.075633,-0.038752896308899,281.62627340164585,97.91434772836658
28059647,-5.685411,-1.091487,3.849989103691101,35.19484625897246,159.95699543734588
28059647,-5.685411,-1.091487,3.849989103691101,35.19484625897246,159.95699543734588
28074655,-6.785614,-0.196677,3.0993691036911013,76.1146584097549,109.61550700607756
28056705,-5.839427,-2.413764,3.0190641036911012,87.91738561402823,199.3014942264828
28056705,-5.839427,-2.413764,3.0190641036911012,87.91738561402823,199.3014942264828
27967041,-4.272206,2.877691,-0.024045896308898973,277.7920296162286,1.3918406309574038
28078239,-7.223368,-0.140231,2.9069071036911014,87.81436223096887,102.83448424830456
28081765,-4.812995,-5.087759,3.6354951036911007,74.62558079192792,272.7828330611227
28081765,-4.812995,-5.087759,3.6354951036911007,74.62558079192792,272.7828330611227
28068846,-3.202077,2.076052,-0.03998389630889898,281.80600924467103,97.9779872685188
28034629,-6.70548,-0.739596,4.144376103691101,28.510100389027627,122.88797522878788
28056733,-5.641335,-2.441979,3.443834103691101,69.4276935904339,203.5907639664045
28056733,-5.641335,-2.441979,3.443834103691101,69.4276935904339,203.5907639664045
28006716,-6.869293,-0.59109,4.205986103691101,25.30516524695844,113.31582778083424
28068857,-5.536024,1.940784,0.012467103691101045,226.48912614481452,63.239189281753
28056755,-5.69593,-2.668262,3.280590103691101,78.19840112511682,208.0257081680321
28056755,-5.69593,-2.668262,3.280590103691101,78.19840112511682,208.0257081680321
28078263,-1.813174,1.779763,-0.005223896308898857,326.74977641876427,185.3023883012212
28078263,-1.813174,1.779763,-0.005223896308898857,326.74977641876427,185.3023883012212
28081813,-3.582257,0.167623,1.721987103691101,131.31666063248267,183.34034817126135
28056775,-5.531533,-2.689794,3.103554103691101,84.3406487893366,212.65004094487367
28056775,-5.531533,-2.689794,3.103554103691101,84.3406487893366,212.65004094487367
28003862,-4.764075,0.928109,0.009107103691101015,220.42352960687367,129.53223170546534
28056804,-5.551831,-2.990931,3.126505103691101,85.28519143829132,218.7193530103262
28056804,-5.551831,-2.990931,3.126505103691101,85.28519143829132,218.7193530103262
28059735,-9.415359,-4.352883,5.668941103691101,35.96151793273762,171.597159588813
28059735,-9.415359,-4.352883,5.668941103691101,35.96151793273762,171.597159588813
28034647,-6.612578,-0.941051,3.5310291036911012,60.70665912546127,137.50041471946787
28084703,-5.599442,-3.236527,1.543336103691101,139.7645286728448,223.5894957219254
28084703,-5.599442,-3.236527,1.543336103691101,139.7645286728448,223.5894957219254
28059751,-6.024423,-2.195788,3.036451103691101,87.09440851695865,189.83533909428252
28059751,-6.024423,-2.195788,3.036451103691101,87.09440851695865,189.83533909428252
28068905,-7.383341,1.319647,4.118408103691101,2.9121892151460718,2.142870728675774
28062106,-7.478835,0.83886,4.228588103691101,8.338005523601424,31.721032551004527
28048951,-5.598722,1.981473,-0.005442896308898826,227.1337873755282,60.35873334596613
28059763,-7.343985,-3.118788,4.773138103691101,37.23726948749203,180.8285222669741
28059763,-7.343985,-3.118788,4.773138103691101,37.23726948749203,180.8285222669741
28068917,-7.779532,1.442775,1.7265981036911011,136.63947535334069,40.56231269320355
28038171,-8.313765,0.995483,4.462740103691101,6.655960994820049,12.639251955689076
28059770,-5.763293,-2.088468,3.4312381036911015,68.07460622102187,191.63493136310169
28059770,-5.763293,-2.088468,3.4312381036911015,68.07460622102187,191.63493136310169
28059771,-5.847894,-2.237622,3.006664103691101,87.4896161494076,194.82271300470512
28030932,-6.856959,-1.16667,3.621474103691101,61.0210225849408,140.31812256818824
28066912,-3.854876,-6.895657,4.433454103691101,53.26228360488776,320.68710437589505
28056859,-5.25835,-4.103503,0.03330210369110098,179.05773223492446,244.15760549554875
28056859,-5.25835,-4.103503,0.03330210369110098,179.05773223492446,244.15760549554875
28062133,-7.664843,1.083422,0.009701103691100998,198.64794149481415,80.24201776794467
28068924,-7.881232,1.133663,4.301020103691101,5.436721270203179,9.033283834106044
28062138,-4.270811,1.562395,1.797958103691101,126.15803054747018,72.72651347440473
28059792,-5.847971,-2.303377,3.474704103691101,68.65113524395494,195.2133064820174
28074760,-3.668387,-3.101433,4.411043103691101,4.861457044208549,280.2472039326719
28074760,-3.668387,-3.101433,4.411043103691101,4.861457044208549,280.2472039326719
28070667,-2.683934,-4.603849,4.476676103691101,11.949899640504498,342.93958029026413
28059815,-5.666106,-2.37116,3.237731103691101,77.74444349999195,201.7099222299336
28059815,-5.666106,-2.37116,3.237731103691101,77.74444349999195,201.7099222299336
28074770,-3.828539,-3.996208,4.476368103691101,19.580478947958056,289.7385020073051
28074770,-3.828539,-3.996208,4.476368103691101,19.580478947958056,289.7385020073051
27956726,-8.107765,-1.357602,4.738740103691101,26.842511614473096,118.50486649279692
28059820,-5.84419,-2.526312,3.5107621036911008,68.87633245304042,200.78405839405207
28059820,-5.84419,-2.526312,3.5107621036911008,68.87633245304042,200.78405839405207
28049726,-6.070398,-1.953783,3.0239191036911013,86.49817091921648,182.58600370368367
28049726,-6.070398,-1.953783,3.0239191036911013,86.49817091921648,182.58600370368367
28068949,-1.10642,1.913684,-0.00789989630889898,402.1062949221161,236.92905429324807
28068949,-1.10642,1.913684,-0.00789989630889898,402.1062949221161,236.92905429324807
28059830,-6.520608,-3.081451,4.458742103691101,41.13884114698482,196.96500864632517
28059831,-5.837513,-2.688159,3.031383103691101,88.87924039105664,205.71199556596292
28059831,-5.837513,-2.688159,3.031383103691101,88.87924039105664,205.71199556596292
28059837,-5.754972,-2.604127,3.495045103691101,69.4417342689135,204.7507809152004
28059837,-5.754972,-2.604127,3.495045103691101,69.4417342689135,204.7507809152004
28009444,-4.829834,0.757024,-0.012287896308898816,218.22111384520983,135.8868378365624
28059840,-3.770348,-1.453705,0.027097103691101188,201.3908709548636,233.0666927978185
28059840,-3.770348,-1.453705,0.027097103691101188,201.3908709548636,233.0666927978185
28059841,-5.761831,-2.686085,3.303533103691101,77.83961425075492,206.87762961256635
28059841,-5.761831,-2.686085,3.303533103691101,77.83961425075492,206.87762961256635
28078429,-6.57867,-0.944668,3.7093801036911014,51.825829267892914,136.86864826425
27995417,-6.801878,-0.765152,4.167974103691101,29.02669968266474,122.00998558729604
28074793,-2.356372,-2.509482,0.08661410369110101,199.3612992601317,299.9595861060526
28078439,-3.622669,0.249578,1.6159431036911012,138.23065053354742,178.69941169838188
28078439,-3.622669,0.249578,1.6159431036911012,138.23065053354742,178.69941169838188
28062197,-5.540797,2.298055,0.07560310369110113,229.67871312122915,38.98180434522334
28074804,-3.108955,-3.739071,4.497312103691101,2.088163091880773,314.764402101294
28074804,-3.108955,-3.739071,4.497312103691101,2.088163091880773,314.764402101294
28068968,-7.539132,0.866315,4.195007103691101,11.074646529721576,30.263516751239425
27980503,-7.850017,1.025657,4.343725103691101,4.405916213538745,15.275985924785346
28068977,-1.105644,1.872716,-0.01168989630889894,396.69972845884695,240.61735839787363
28068977,-1.105644,1.872716,-0.01168989630889894,396.69972845884695,240.61735839787363
28038205,-7.556005,0.883068,4.228902103691101,8.90597824509507,28.41606239984972
28068985,-1.09719,1.855248,-0.010638896308899026,395.1931755960496,243.1127587478876
28068985,-1.09719,1.855248,-0.010638896308899026,395.1931755960496,243.1127587478876
28006749,-7.178751,-0.914068,4.340059103691101,27.628403853648532,119.95156499158745
27977995,-7.307137,0.173363,4.416792103691101,7.03357781797385,68.22732873881165
28067018,-1.82302,-5.434475,0.05925310369110104,183.2506431424164,345.95702818358006
28009466,-7.001219,-0.264585,4.188959103691101,22.965422441374077,97.02896862064895
27977998,-7.242228,0.15452,3.517056103691101,56.31439377603925,82.73083131541347
28044160,-5.968828,1.629228,0.08614810369110115,214.02881072178275,74.02514258569215
28072590,-4.636257,2.691093,-0.009032896308898808,260.2448111637746,17.525619259138807
28068996,-6.543418,0.877789,3.8955021036911015,10.614672084054462,44.05202942898546
28059891,-5.491469,-3.6061,0.013719103691101076,180.8933257926078,232.2978516695416
28059891,-5.491469,-3.6061,0.013719103691101076,180.8933257926078,232.2978516695416
28059896,-5.622044,-2.86079,4.104184103691101,44.56305000841951,212.974552444882
28059896,-5.622044,-2.86079,4.104184103691101,44.56305000841951,212.974552444882
28059899,-3.666754,-1.715058,0.016808103691100973,200.1446662520872,241.79474651746764
28059899,-3.666754,-1.715058,0.016808103691100973,200.1446662520872,241.79474651746764
27956815,-4.549643,0.357889,0.02319910369110101,214.42627379476824,158.12731161492889
28034709,-6.688647,-1.374769,3.218081103691101,78.84298393239152,152.7064151235695
28034709,-6.688647,-1.374769,3.218081103691101,78.84298393239152,152.7064151235695
28067051,-2.358253,-6.168808,5.055807103691101,3.7325190132960975,372.4129038436621
28069009,-7.381544,0.605717,4.192980103691101,13.463611465285595,47.2447026568735
28069010,-1.06442,1.820655,-0.004674896308898946,393.77293318465706,249.9446755253262
28069010,-1.06442,1.820655,-0.004674896308898946,393.77293318465706,249.9446755253262
28009484,-4.754157,0.451643,-0.01767889630889896,215.24371004962785,150.05873943326202
28072633,-5.029857,2.530286,0.07474010369110107,242.92590029410093,26.07041399839369
28009489,-7.084055,-0.527289,4.245386103691101,25.379404667959506,106.74660116316235
28069028,-7.207633,0.443039,4.185704103691101,13.900863806787244,58.404044148618055
28034721,-6.57025,-1.31172,3.360665103691101,71.38728091906574,152.05874817393317
28034721,-6.57025,-1.31172,3.360665103691101,71.38728091906574,152.05874817393317
28070739,-1.791393,-5.325835,0.05382710369110111,184.0757683386343,346.3069134315198
28049753,-5.858232,-1.989065,3.534509103691101,63.45145758286753,186.3812350581299
28049753,-5.858232,-1.989065,3.534509103691101,63.45145758286753,186.3812350581299
28069044,-6.781439,0.452996,4.018031103691101,16.30748547079037,65.58848453572386
28052574,-1.10262,1.866197,-0.010116896308898893,396.02778330395415,241.53932131610637
28052574,-1.10262,1.866197,-0.010116896308898893,396.02778330395415,241.53932131610637
28069054,-5.620652,0.909907,0.08364010369110098,208.7912532477239,113.3301044570226
28069059,-6.823303,0.365018,4.0079141036911015,19.441996326165736,70.21607498656991
28074920,-1.977785,-6.560166,5.049225103691101,4.629783687959531,389.9135100270257
28074923,-0.94247,-1.845258,0.03150810369110113,222.8208210665264,358.7689699623353
28030948,-6.438162,-1.191375,3.152189103691101,78.60972963788055,151.96196119864402
28030948,-6.438162,-1.191375,3.152189103691101,78.60972963788055,151.96196119864402
28069070,-4.728392,1.045437,0.038290103691100974,221.3004111153964,124.51304318448004
28009508,-7.154976,-0.736382,4.297927103691101,26.835326324502745,113.74661827892643
28009516,-6.818992,-0.756985,4.186054103691101,28.195873025550554,121.21420236229548
28030957,-6.209054,-0.854295,3.9973971036911013,31.01173853341649,138.2315185841017
28078571,-1.934917,-2.32592,-0.006124896308898897,207.79796481555923,313.73499731678623
28009527,-7.315588,-0.69787,3.6843461036911007,57.97957459556784,115.57648136843667
27967393,-7.794459,0.133878,4.417141103691101,16.21886296611993,64.84377286445275
28074980,-0.195409,-16.020815,4.655896103691101,76.15822628074139,434.81931777708576
28069116,-7.115434,-0.131488,4.1941181036911015,22.252977075066923,89.09624367117519
28062346,-7.758883,1.460951,2.874990103691101,81.95359329498748,19.072270258298573
28072709,-5.822427,2.169819,0.08945710369110116,223.13181059240208,44.527040239976
27967411,-7.327319,0.074622,4.252788103691101,18.823365918512053,75.48449301241416
27988449,-7.128518,-0.525338,4.286309103691101,23.829619123670252,105.53440664732936
28069132,-6.887256,-0.168229,4.309611103691101,12.413754289790065,92.6603705818748
27967417,-4.89921,1.252486,0.030844103691101132,222.72764328073865,110.99547307221104
28062374,-7.738169,1.451303,3.717999103691101,33.52843826902628,1.5163355892889854
27967422,-7.472392,-0.084306,4.521092103691101,8.897357398089497,77.75905799956189
27985545,-7.277293,0.329075,4.176947103691101,17.828151104702073,64.04417754687725
28038275,-7.982374,0.374715,4.430575103691101,14.348110747664125,50.54607553683391
27985559,-7.304734,-0.018031,4.565235103691101,1.978750305173861,75.93360213501813
28085064,-6.610613,-1.348544,3.0898761036911013,83.50624953435317,154.08258943740367
28085064,-6.610613,-1.348544,3.0898761036911013,83.50624953435317,154.08258943740367
28070827,-1.715751,-7.233501,5.1004571036911015,8.851557915201028,402.56774024639
27991040,-6.846262,-0.745215,4.1072051036911015,32.52703385311682,121.02001514158334
27978175,-6.849812,-0.736165,3.962524103691101,39.86961167363623,121.95194523941667
28062427,-8.314016,1.036308,4.449024103691101,6.667466456868397,10.411446141383436
28070845,-1.678812,-8.081371,5.285296103691101,12.267553873524577,406.19999074919
28033793,-3.32767,2.243586,0.018053103691101136,280.91088089164106,78.11020944586176
28062442,-8.618687,0.876664,4.624291103691101,5.113596193002309,15.229613261430416
28069181,-6.866566,-0.507499,4.177412103691101,25.486830457248946,110.09201613311372
28067252,-0.514968,-10.235742,4.991493103691101,35.18980074506223,443.7796059793691
28067265,-0.159464,-15.305243,4.074550103691101,85.93374588992006,432.6725913243618
28062465,-7.79114,0.817045,4.326429103691101,8.688084027808259,28.98552617665146
27950002,-6.354428,-1.316034,3.5049981036911007,63.0900673419778,155.49843352137583
27950002,-6.354428,-1.316034,3.5049981036911007,63.0900673419778,155.49843352137583
28072804,-5.951122,1.780589,0.104814103691101,215.3942756767301,65.8524792914767
28072805,-5.405033,1.831436,0.02356910369110099,225.8994997131528,71.22676314405896
27980711,-7.303701,0.393723,4.126076103691101,20.120561220103184,61.08120004320276
28082379,-6.75771,-0.609276,3.705717103691101,50.13370402197222,120.88097553560516
27967502,-6.954383,-0.471121,4.225326103691101,23.622407726665955,106.57809986205623
28062479,-6.921729,0.850621,3.9716181036911014,13.849975846752557,40.66648798560331
27967515,-7.014472,-0.584239,4.432117103691101,15.138579894520063,108.2631090694495
28025775,-4.727013,2.703609,0.04828610369110109,255.2544228387496,13.960283873758442
28069240,-6.620521,-0.472317,3.125128103691101,75.77178059870653,123.18475971972686
28069249,-6.582026,-0.557986,3.456079103691101,60.13207070324253,124.19616534173514
28082481,-4.130475,-3.500446,4.509218103691101,14.52031181089444,270.8269755015213
28082481,-4.130475,-3.500446,4.509218103691101,14.52031181089444,270.8269755015213
28069257,-6.73711,-0.626361,3.0567001036911012,81.00277041272255,127.65208505953258
28062522,-6.335824,0.684792,3.852582103691101,13.63104386155274,60.03042147360381
28004078,-8.153887,1.096436,4.424662103691101,3.8492000292719126,7.728861434951938
28004082,-8.002347,1.061746,4.3828951036911015,4.198808333337183,11.43877157194538
28072857,-5.89249,1.51426,0.01486910369110106,216.1985762640792,81.92888732922711
28082527,-4.003514,-3.650218,0.19629910369110104,180.535143408862,266.04701023131275
27980772,-6.817943,-0.58334,4.353873103691101,16.246266689060633,112.28425094660848
28052723,-7.852408,1.425889,3.5258841036911015,47.21866210745341,7.218949201265531
28062552,-7.887286,0.019002,4.475110103691101,16.50246457620767,68.6317705463504
28038350,-7.142146,0.109248,4.192274103691101,18.608537397698317,76.93189176888083
28069280,-12.150154,-3.783942,6.5150561036911006,27.78639742614527,125.44595793759252
28011888,-5.139955,1.442298,0.03125510369110107,222.72304081465848,96.82604861513607
28004107,-7.432376,0.810566,4.164652103691101,12.08923960806422,35.09263595273259
28052731,-4.839681,1.355498,0.08475410369110103,222.6665181682761,106.11486873484505
28072880,-5.196791,1.469816,0.009960103691101008,223.38324168053103,94.71437032320593
28052737,-5.767501,1.235205,0.08978810369110102,210.9747072582227,96.27193686689417
28069304,-6.894647,-1.262103,4.286397103691101,31.383469395129737,138.0966561660597
28069305,-6.243688,-0.785153,3.403796103691101,61.647327281843616,139.71871045355357
28062612,-7.378191,-0.23853,4.330073103691101,20.65285552771076,88.75539285484663
28038374,-7.078202,-0.026124,4.177850103691101,20.77270685832923,84.74559813587416
28004128,-7.379673,0.624898,4.219675103691101,11.393516137787683,45.65435534261945
28015493,-5.639231,2.26211,0.07235510369110099,227.81654306010125,40.581681142888925
27976077,-7.368995,0.586602,4.164636103691101,15.34795621842946,48.97658980421258
28082679,-2.379105,-2.578484,1.8287071036911011,125.37790685376348,311.1434718284633
27967670,-6.557066,-1.082631,3.3225741036911014,71.11417797582422,144.98655546114867
28072923,-7.687768,0.380793,4.319939103691101,15.562369370759882,54.71609935168277
28040481,-1.108447,1.877313,-0.01288889630889889,397.1033264986785,239.88587810508352
28040481,-1.108447,1.877313,-0.01288889630889889,397.1033264986785,239.88587810508352
28070949,-0.73055,-8.686057,5.432649103691101,2.074069958679786,447.2684338422408
28069341,-6.399153,-1.13834,3.1477241036911012,78.13677069308102,150.9962024482578
28069342,-6.494486,-1.175806,3.044406103691101,83.57504000003968,151.06155534008525
28052781,-6.902123,1.204081,3.920001103691101,9.08044824255731,17.65318903054515
28082709,-0.693547,1.690837,-0.010482896308898981,421.92520932751984,311.86174544075584
28082709,-0.693547,1.690837,-0.010482896308898981,421.92520932751984,311.86174544075584
28062660,-1.109592,1.911445,-0.007663896308898854,401.3789261397631,236.75184358022864
28062660,-1.109592,1.911445,-0.007663896308898854,401.3789261397631,236.75184358022864
28069352,-4.428962,-0.129255,0.007181103691101143,210.3715618928584,178.57587524566244
28069352,-4.428962,-0.129255,0.007181103691101143,210.3715618928584,178.57587524566244
28062672,-6.581715,-0.336701,4.067845103691101,24.382994105472196,108.4646899464603
28052805,-7.228345,1.023589,4.059746103691101,10.403693448415652,25.04574296000496
28062682,-6.679524,-0.654415,3.310662103691101,69.04165951956529,127.52902960443564
28069365,-6.487136,-1.37373,3.1885021036911008,78.6771443049874,156.6203919484239
28069365,-6.487136,-1.37373,3.1885021036911008,78.6771443049874,156.6203919484239
28038413,-7.115784,-0.248569,4.221281103691101,22.69704764682902,94.21534677910516
28072964,-7.365731,0.156907,4.291827103691101,15.758134511921895,70.29175572150328
28062686,-6.39376,-0.377102,3.9992841036911013,26.02202037523301,114.37530134525328
28052811,-4.155474,1.346946,1.7855911036911012,127.11335027295956,93.0564883288168
28062689,-1.10489,1.872704,-0.01123889630889896,396.750769522349,240.7090362920588
28062689,-1.10489,1.872704,-0.01123889630889896,396.750769522349,240.7090362920588
28004167,-7.525437,0.293913,4.261421103691101,17.74949133847221,61.87583827992637
28038423,-6.655181,-0.274744,3.258959103691101,67.83104832908256,113.31706397427531
27959952,-8.227916,0.225567,4.557680103691101,13.983614011845702,54.00800746855936
28072985,-1.101643,1.865814,-0.00995989630889893,396.076274959832,241.6886524145521
28072985,-1.101643,1.865814,-0.00995989630889893,396.076274959832,241.6886524145521
28062705,-6.56492,-0.724928,3.2806741036911014,70.07272268248573,132.44274708801072
28062710,-8.113,-1.243643,4.755076103691101,24.70280283452186,114.3704592899528
28069383,-6.363934,-1.451969,3.1698751036911013,79.1479873738609,161.5342750665735
28069383,-6.363934,-1.451969,3.1698751036911013,79.1479873738609,161.5342750665735
28062712,-1.098796,1.848588,-0.01145789630889893,394.1641379193003,243.4781743836074
28062712,-1.098796,1.848588,-0.01145789630889893,394.1641379193003,243.4781743836074
28062718,-6.460668,-0.721254,3.4601871036911014,60.39138748683706,132.70737555070036
28062719,-6.741074,-0.957671,3.074450103691101,82.51105742463403,139.16863720656522
28069388,-3.683015,0.304702,1.615808103691101,138.34136148510066,173.90849337004565
28069388,-3.683015,0.304702,1.615808103691101,138.34136148510066,173.90849337004565
28062725,-7.245677,-0.999277,4.403971103691101,26.58477490990097,121.53636610664574
28052834,-6.546646,0.94617,3.8387401036911015,13.173558256147118,40.56739809744957
28069392,-5.793482,-1.384312,3.910399103691101,37.66382414113576,167.49952213555687
28062748,-6.53503,-0.970764,3.513483103691101,61.07874489449247,140.1285283443435
27959990,-9.253315,-0.125655,4.930333103691101,16.078733197608244,56.41321567535738
28075569,-4.958914,2.524724,0.25062210369110116,234.6698322690375,22.267218009179288
28004198,-7.059503,0.104047,4.159800103691101,19.205280098607744,78.73842718767722
27986060,-7.772576,0.921414,4.259182103691101,10.382002547591496,24.05074204424102
28044286,-4.396385,-0.32432,-0.025128896308898918,209.7156098946463,185.8204159009652
28044286,-4.396385,-0.32432,-0.025128896308898918,209.7156098946463,185.8204159009652
28075603,-7.540711,0.945154,3.6852921036911015,40.57730926130046,35.41877142135138
28073031,-4.81953,0.818729,-0.0015458963088990085,218.7269729572031,133.33787336629615
28062784,-7.238191,-1.420364,4.441828103691101,30.446922559931608,136.40994003806992
28065276,-1.10728,1.911958,-0.0062798963088990245,401.6250193831172,236.983713701729
28065276,-1.10728,1.911958,-0.0062798963088990245,401.6250193831172,236.983713701729
28069425,-3.648084,0.14434,1.5720991036911012,140.8761417867691,182.93549753587467
28069425,-3.648084,0.14434,1.5720991036911012,140.8761417867691,182.93549753587467
28004211,-6.803028,-0.429554,3.042742103691101,80.71088379576568,119.24183389196524
28071043,0.398189,-4.290681,0.10551610369110098,201.4810240564352,441.99594621455486
28052866,-6.631968,0.751634,3.9299671036911015,12.930678799526902,50.75239255115872
28062802,-6.347632,-1.260656,3.299848103691101,71.88203471640529,155.06894732523844
28062802,-6.347632,-1.260656,3.299848103691101,71.88203471640529,155.06894732523844
28073049,-7.088146,-0.344854,4.198606103691101,25.08039113781507,99.25364872609477
28062809,-6.566646,-1.456888,3.201859103691101,79.23856977702869,157.5967549777015
28062809,-6.566646,-1.456888,3.201859103691101,79.23856977702869,157.5967549777015
28069436,-5.827214,-1.695713,3.4974371036911007,62.125210212951856,178.73975008157817
28069436,-5.827214,-1.695713,3.4974371036911007,62.125210212951856,178.73975008157817
28062824,-3.574999,0.099349,1.7174771036911012,131.6284482820033,186.77311545256688
28062824,-3.574999,0.099349,1.7174771036911012,131.6284482820033,186.77311545256688
28073056,-7.765816,-0.66765,4.579849103691101,20.21056821378795,99.12688671672478
28065309,-1.098936,1.855005,-0.01069489630889886,394.9627925205504,242.92512262633863
28065309,-1.098936,1.855005,-0.01069489630889886,394.9627925205504,242.92512262633863
28075659,-6.324301,-1.721595,3.7227611036911012,56.79328771665371,167.67954269564407
28075659,-6.324301,-1.721595,3.7227611036911012,56.79328771665371,167.67954269564407
28073065,-4.753482,0.701893,0.013529103691101163,217.22326759303,139.65038423826624
28062844,-6.053684,-1.434235,3.1081001036911013,79.4959376401869,167.63509514671676
28062844,-6.053684,-1.434235,3.1081001036911013,79.4959376401869,167.63509514671676
28069445,-6.095397,-1.870741,3.1379901036911013,81.46409559354043,179.36542085194966
28069445,-6.095397,-1.870741,3.1379901036911013,81.46409559354043,179.36542085194966
28065335,-1.052082,1.813839,-0.012886896308898832,394.9081620213416,251.95531477558163
28065335,-1.052082,1.813839,-0.012886896308898832,394.9081620213416,251.95531477558163
28079160,-6.194546,-2.1727,4.372500103691101,30.555598883454707,180.84801487606015
28079160,-6.194546,-2.1727,4.372500103691101,30.555598883454707,180.84801487606015
28085530,-7.323194,0.370467,3.570149103691101,51.92492971844578,70.59655913014569
28052884,-4.729099,0.697387,0.014594103691101035,217.3732933016749,140.36876209305592
28004228,-10.492371,-0.485649,5.472359103691101,13.427258630049836,55.149040439724615
28060368,-1.967413,-5.573234,0.008537103691101056,183.45931343745613,341.8712285133198
28065375,-7.979751,1.004987,4.374918103691101,5.449829232004106,15.326092272351872
28073110,-6.564929,-0.45768,4.087798103691101,25.010618544160536,113.97956258644042
28075748,-4.317259,-3.274496,4.561552103691101,10.895231333192214,260.1710616492856
28075748,-4.317259,-3.274496,4.561552103691101,10.895231333192214,260.1710616492856
28052901,-6.277691,0.62508,3.804946103691101,17.09312560899437,65.48773871805048
28073118,-4.68248,0.526533,0.006277103691101127,215.9431341974185,148.52987594740694
28065399,-7.332575,0.947849,4.123168103691101,9.942857757036847,27.979495794707702
27973567,-5.063941,2.512207,0.08008910369110112,241.5881360468564,27.11829479547677
27983459,-6.633095,-0.402744,3.4668521036911013,58.46423984633333,116.91205263765616
28062912,-6.134102,-1.888278,3.507397103691101,66.1557687966502,177.54704831074062
28062912,-6.134102,-1.888278,3.507397103691101,66.1557687966502,177.54704831074062
28073140,-6.533515,-0.486831,3.442601103691101,59.54863794481619,122.31569520521263
27960124,-7.16761,-0.579422,4.316184103691101,23.67586962389666,106.90566716707036
28073160,-7.001348,-0.907506,4.291372103691101,27.549458466268614,123.07450467633365
28073161,-6.804004,-0.640368,3.059260103691101,81.46592867782198,127.02296204583098
28065429,-8.497478,0.422249,4.6523521036911015,9.849311091638327,40.371557971351166
28069504,-6.436286,0.76232,3.826632103691101,15.833927760832694,54.303002050892616
28038492,-6.719264,-0.647774,3.5168791036911013,59.47589455520125,124.78263324362868
28073170,-6.766735,-0.747127,3.3299081036911007,69.71345652358889,129.32290008737343
28073174,-6.534401,-0.692602,3.481186103691101,59.809411328365314,130.0835941664809
28062968,-5.976458,-2.12964,3.4996651036911013,67.20793852616592,187.6864462458133
28062968,-5.976458,-2.12964,3.4996651036911013,67.20793852616592,187.6864462458133
28065444,-8.5062,0.2906,4.652806103691101,12.25140684646692,46.99164859971398
28069515,-7.136825,0.523808,4.140770103691101,13.784175841606327,55.32821251868711
28049171,-7.450616,1.102271,4.153634103691101,6.96584356249727,16.365405860092665
28073187,-6.647092,-0.948477,4.186394103691101,28.607559338871084,131.83569267146655
28004264,-7.01015,-0.36943,4.1933871036911015,24.576585191860943,101.5875497141247
27973629,-7.646967,0.541189,4.483761103691101,1.927838880203012,43.38588042133645
28075828,-5.606073,-3.54307,3.003011103691101,92.80533998422612,228.46736869245092
28075828,-5.606073,-3.54307,3.003011103691101,92.80533998422612,228.46736869245092
28073196,-6.621328,-0.887236,3.326866103691101,69.8137010773749,136.9774224355839
28065461,-7.463134,0.379057,4.217513103691101,17.714890420685208,58.7056992319159
28073202,-6.348334,-0.799374,3.433413103691101,61.38158663663043,137.99440182103586
28063004,-3.92637,-1.291197,0.014625103691101149,202.2310156627456,224.831726841896
27973650,-6.778015,-0.261741,4.300682103691101,12.771845282301882,98.95285272859842
27960194,-7.211604,-0.962472,4.348855103691101,28.326476717449907,121.18712740556596
28063017,-5.822107,-2.420161,3.479527103691101,69.1724374389857,198.74627477507303
28063017,-5.822107,-2.420161,3.479527103691101,69.1724374389857,198.74627477507303
28063018,-5.800309,-2.441421,3.299676103691101,76.61103218975703,200.19870719964456
28063018,-5.800309,-2.441421,3.299676103691101,76.61103218975703,200.19870719964456
28073216,-6.533864,-0.924396,3.039305103691101,82.40383575653487,141.9855957061199
28083053,-7.754416,1.363101,3.453234103691101,51.00485291752926,13.20645858868798
27973666,-6.843328,-0.753789,4.382145103691101,18.017591047240277,118.76814465096264
28063024,-5.870386,-2.618187,3.1689031036911013,83.39911117725077,203.11457301321943
28063024,-5.870386,-2.618187,3.1689031036911013,83.39911117725077,203.11457301321943
28065479,-7.552713,0.167896,4.311633103691101,17.565230337209755,67.30398801862816
28073224,-6.376898,-0.911575,3.107682103691101,78.09198031421622,143.97377166674357
28069541,-10.393654,-0.566073,5.486968103691101,12.66349918460537,58.72137356958086
28004286,-13.710267,-1.653159,6.770847103691101,14.54592915664847,60.500289097010665
27973678,-6.741301,-0.914177,4.391596103691101,18.579535636161665,126.96843717163674
28073229,-6.936435,-1.431155,4.343671103691101,31.43245300231925,142.7809929992986
28069545,-7.527641,0.135056,4.276209103691101,19.718513598608524,69.7591641102405
28063041,-5.661378,-2.471539,3.4496851036911007,69.57233991277187,203.83041517580145
28063041,-5.661378,-2.471539,3.4496851036911007,69.57233991277187,203.83041517580145
28063052,-5.774902,-2.697837,3.309551103691101,77.76480160021256,206.83847248049807
28063052,-5.774902,-2.697837,3.309551103691101,77.76480160021256,206.83847248049807
28063061,-3.785868,-1.474022,0.016156103691101098,201.48927821305747,233.07645312994745
28063061,-3.785868,-1.474022,0.016156103691101098,201.48927821305747,233.07645312994745
28038518,-6.399361,-0.700891,3.4408771036911014,60.510748924488325,133.22724003682288
28065511,-7.020741,0.092467,4.162674103691101,18.585005393164693,79.80108462935925
28075910,-3.965306,-4.686852,3.031123103691101,89.0750235170199,288.93444228317765
28075910,-3.965306,-4.686852,3.031123103691101,89.0750235170199,288.93444228317765
28083112,-5.86487,1.42278,0.013503103691101082,215.3655306176134,86.85389490138161
28004333,-6.53986,-1.206072,3.192063103691101,77.71404264624829,150.26628101151715
28026620,-2.831429,1.176852,0.027099103691101023,256.64350316451214,173.23719108856696
28026620,-2.831429,1.176852,0.027099103691101023,256.64350316451214,173.23719108856696
28073264,-6.339808,-1.1923,3.143197103691101,78.29233761531253,153.94829532311073
28073264,-6.339808,-1.1923,3.143197103691101,78.29233761531253,153.94829532311073
28073268,-6.062338,-1.104116,3.4004071036911014,63.23540825089606,154.97250355575548
28073268,-6.062338,-1.104116,3.4004071036911014,63.23540825089606,154.97250355575548
28063081,-3.768255,-1.573422,0.030749103691101176,200.22188155561648,235.80054086313535
28063081,-3.768255,-1.573422,0.030749103691101176,200.22188155561648,235.80054086313535
28083127,-7.069802,-0.394426,4.421640103691101,13.28941558206816,99.1325749941909
28038527,-7.0285,-1.046552,3.425701103691101,70.09076750985795,134.71679102253975
28073285,-6.228321,-1.298978,3.280806103691101,72.08098801466306,158.81269493417471
28073285,-6.228321,-1.298978,3.280806103691101,72.08098801466306,158.81269493417471
28073289,-5.991726,-1.206753,3.3895911036911013,64.08297218988159,160.05594810229422
28073289,-5.991726,-1.206753,3.3895911036911013,64.08297218988159,160.05594810229422
28002082,-7.242138,0.312955,0.022862103691100977,194.91936792804225,112.53388391762633
28063102,-3.70248,-1.628915,0.02313810369110114,200.4363481013913,238.9178385964315
28063102,-3.70248,-1.628915,0.02313810369110114,200.4363481013913,238.9178385964315
28083140,-4.109674,1.184747,1.7519501036911012,129.73961128789327,106.9255107327116
28073306,-3.670557,0.31628,1.614836103691101,138.40389770006098,173.7921817853732
28073306,-3.670557,0.31628,1.614836103691101,138.40389770006098,173.7921817853732
28073320,-6.590674,-2.038799,4.317516103691101,36.20620408396792,168.78358642035494
28038532,-6.706845,-0.848371,4.097296103691101,32.6194970861464,127.63421902474433
28073328,-6.123496,-1.6353,3.4682631036911014,65.59698984294641,170.52135058198428
28073328,-6.123496,-1.6353,3.4682631036911014,65.59698984294641,170.52135058198428
28063144,-3.679158,-1.872616,-0.026709896308898973,200.21392995915485,244.6401208446662
28063144,-3.679158,-1.872616,-0.026709896308898973,200.21392995915485,244.6401208446662
28065559,-7.449358,-0.43982,4.348275103691101,23.958227051140767,96.49315133989494
28026647,-4.889196,1.094772,-0.00329989630889882,221.9466029652306,119.32742123482828
28069614,-6.509417,0.063443,3.9742881036911015,21.63873141495901,91.36776311687736
28053055,-6.660913,-0.407011,3.5736851036911013,53.360350009644975,115.5440726186408
28073361,-6.07582,-1.861304,3.4800951036911014,66.62794274322022,178.1436057298032
28073361,-6.07582,-1.861304,3.4800951036911014,66.62794274322022,178.1436057298032
28065582,-7.248392,-0.581111,4.3092501036911015,25.24358635453305,105.82214956124648
28038546,-6.678862,-0.875477,4.337052103691101,19.911261633929826,127.05334020718756
27973799,-6.873293,-0.443344,4.3650781036911015,14.049124582888965,105.06732003015608
28065588,-4.664298,0.610829,0.02714110369110112,216.3768460106708,145.33717319680056
28053069,-6.603686,-0.518882,3.276058103691101,68.79403596124158,123.92318217422364
28069629,-6.73503,-0.357631,3.144295103691101,74.86527226951003,116.55242399255776
28065597,-7.065949,-0.655037,4.245467103691101,27.07090884747788,112.3784622586608
28076060,-0.803452,-9.354046,5.071477103691101,26.11267570982224,436.57644434607255
28073384,-5.339315,-1.580572,3.8288711036911014,38.667967190336384,185.68395380710683
28053076,-6.470551,-0.501576,3.111784103691101,75.41214987115137,127.05811104296042
28073403,-5.788712,-1.967401,3.4176891036911012,67.86422558448515,187.77881375011924
28073403,-5.788712,-1.967401,3.4176891036911012,67.86422558448515,187.77881375011924
28073405,-5.889015,-2.106607,3.5659901036911013,63.3840505803534,188.8089843511001
28073405,-5.889015,-2.106607,3.5659901036911013,63.3840505803534,188.8089843511001
28053090,-6.732166,-0.711881,3.0573241036911014,81.53868148231925,130.85311269942727
28069649,-6.83733,-0.567343,3.0699051036911014,80.71449371114409,123.67938254235362
28073411,-5.914574,-2.053264,2.997399103691101,87.2164179619187,188.66280986377828
28073411,-5.914574,-2.053264,2.997399103691101,87.2164179619187,188.66280986377828
28069656,-6.691188,-0.511052,3.2958431036911007,68.56179392945353,121.93823189546332
28065618,-6.45153,-0.324211,3.4156841036911008,58.26149736771387,117.24879370930869
28065621,-6.483507,-0.523448,4.0690991036911015,25.883813178677823,118.51527146135837
28038561,-6.683528,-1.026295,3.5635631036911013,60.70159958365724,138.99720233980634
28063244,-4.492003,-2.886598,4.555817103691101,7.203167425571195,245.91536525245596
28063244,-4.492003,-2.886598,4.555817103691101,7.203167425571195,245.91536525245596
28053114,-6.681864,-0.870569,3.054865103691101,82.37912696681701,137.36133434273245
28069671,-6.603936,-0.588466,3.139224103691101,75.90689127349756,127.8167268029328
28065626,-6.686734,-0.41251,3.1404561036911014,75.09980602385698,119.57368834166758
28069675,-6.617057,-0.582413,3.481160103691101,59.50410268268308,124.32074092455484
28038571,-6.634655,-1.09648,3.3489301036911012,70.68267370113188,143.84417950165212
28038572,-6.339303,-0.9891,3.111314103691101,78.2219193731024,147.35596128546158
27978740,-7.341626,0.652573,4.360279103691101,1.1240166820643935,41.69770611663199
28022048,-7.709391,1.529874,2.766547103691101,86.73348073803777,17.321589292381418
27978770,-7.081517,-0.108951,4.376416103691101,10.814085806192082,86.07144844472032
28038583,-6.950064,-1.228794,4.314675103691101,30.265201524594403,135.70719110847125
28073450,-5.742903,-2.307632,3.450965103691101,68.85598819748864,197.80738273952105
28073450,-5.742903,-2.307632,3.450965103691101,68.85598819748864,197.80738273952105
28065649,-6.638028,-0.530761,3.283301103691101,68.8638608890439,123.73106757067345
28069706,-6.964418,-0.858031,4.292694103691101,26.227929301349405,121.75615579789547
28065662,-6.522051,-0.575583,3.4528601036911013,59.85911013285653,125.98515168479553
28079617,-6.046706,1.948369,0.02148810369110099,220.14406385507309,56.80868669583512
28079619,-5.467868,1.882118,0.021545103691101186,226.008015566362,67.43862031809226
28065668,-6.79435,-0.664877,3.0557691036911008,81.72306834280843,128.1088549673442
28073477,-5.730779,-2.401164,3.1015811036911014,83.92589353986787,201.25619077705932
28073481,-5.652896,-2.460702,3.528599103691101,66.05632945830422,203.59738911680017
28073481,-5.652896,-2.460702,3.528599103691101,66.05632945830422,203.59738911680017
28065673,-6.549246,-0.629275,3.123067103691101,76.54872535033562,130.4540138108565
28073482,-5.680832,-2.468143,3.458616103691101,69.32125198781196,203.26830042117064
28073482,-5.680832,-2.468143,3.458616103691101,69.32125198781196,203.26830042117064
28073486,-5.840423,-2.556625,3.037539103691101,87.97126656339151,202.6189907016633
27986579,-7.306273,0.192844,4.5256871036911015,0.0002702073016109,65.49253271904354
28079639,-7.188001,-0.359579,4.461780103691101,12.402790430917292,95.31684848907004
28065679,-6.506607,-0.715756,3.4846441036911013,59.59672462775782,131.4473313305118
28069733,-6.195746,-0.670597,3.9917561036911007,28.21720671973395,131.04426522149606
28069734,-6.162174,-0.862682,3.070099103691101,77.79488315606818,146.67929209853324
28073515,-5.712794,-2.78571,3.5936511036911014,66.47771927015407,209.8172182411132
28073515,-5.712794,-2.78571,3.5936511036911014,66.47771927015407,209.8172182411132
28069745,-6.428905,-0.881867,4.093703103691101,29.395492874607328,134.15082982636017
28049263,-7.075093,0.543891,4.100600103691101,14.754134411177176,55.52287100465901
28069749,-6.390851,-1.035583,3.489979103691101,61.43784110742229,145.3403114668306
28083321,-3.998127,-3.651137,0.13452910369110116,182.2911480867572,266.0693361129232
28083321,-3.998127,-3.651137,0.13452910369110116,182.2911480867572,266.0693361129232
28073535,-5.408215,-2.568131,3.3848141036911015,71.10279359916854,212.42059587737907
28073535,-5.408215,-2.568131,3.3848141036911015,71.10279359916854,212.42059587737907
28065719,-5.891315,1.484351,0.006286103691101053,216.1706604968544,83.55587006004183
27976660,-7.455233,0.464206,4.432073103691101,2.9687982122499363,50.445165186785744
28015689,-7.193362,0.103004,3.559602103691101,54.16905552990127,85.2118488256418
28065749,-5.131105,1.4374,0.03971110369110109,222.38667088441397,97.11793037932136
28021346,-7.02687,0.10238,0.10249110369110115,192.12259629043112,121.65437601792694
28065760,-5.043436,1.35807,0.03949310369110104,222.23580263173807,102.80356578312048
27976691,-6.953414,-0.867454,4.449402103691101,18.010410152441636,120.85351033064242
27983843,-7.62292,0.271258,4.516050103691101,5.051870835534885,58.02514457779424
28065774,-5.71478,1.120031,0.01604110369110101,212.9917977508326,103.2774490447085
28034151,-4.746649,1.075504,0.038125103691101,221.543147986933,122.69176318878534
28053218,-6.180834,-1.296754,3.108784103691101,79.40766540685954,160.69050858487805
28053218,-6.180834,-1.296754,3.108784103691101,79.40766540685954,160.69050858487805
28065790,-4.757352,1.213956,0.06092210369110118,222.52690995202173,115.3743151987937
28065792,-8.311447,1.052378,4.480020103691101,4.422938852104892,8.770696358300256
28012137,-7.18386,0.09997,3.024731103691101,80.51332011781102,92.04376159496216
28065802,-6.575929,1.15758,3.835338103691101,9.060343273137336,25.265459877831915
27953165,-6.55663,0.118075,4.0515171036911015,16.631968738955692,86.67742561983962
28015725,-6.95142,-0.473109,3.763261103691101,47.84838935144978,111.6142504548812
28053240,-6.345378,-1.561928,3.053369103691101,84.65411821582319,165.80402425351383
28079877,-1.548653,1.488143,-0.02231689630889888,322.8232815811475,226.77988444843115
28079877,-1.548653,1.488143,-0.02231689630889888,322.8232815811475,226.77988444843115
28079880,-1.511386,1.419921,-0.017749896308898894,319.9015512621824,234.16435451085613
28079880,-1.511386,1.419921,-0.017749896308898894,319.9015512621824,234.16435451085613
28065818,-7.51961,0.870101,4.222786103691101,8.853999702737127,29.59904246903102
28069822,-3.590978,0.108205,1.610690103691101,138.40765413840782,186.39347142556468
28069822,-3.590978,0.108205,1.610690103691101,138.40765413840782,186.39347142556468
28079895,-4.827909,-5.0898,3.989205103691101,62.301302076942136,273.2982501909416
28079895,-4.827909,-5.0898,3.989205103691101,62.301302076942136,273.2982501909416
28065834,-9.157639,0.396227,4.854650103691101,10.257186313148424,34.110098378783846
28015747,-6.819824,-0.938784,4.5315901036911015,12.68932505763405,125.26330417429898
28041950,-4.532791,-0.100179,-0.02854589630889892,211.1584154536348,175.2091825185439
28041950,-4.532791,-0.100179,-0.02854589630889892,211.1584154536348,175.2091825185439
28065842,-7.362878,0.723663,4.178121103691101,11.680637907470782,40.6909341614994
28065849,-4.822938,0.822408,-0.0015218963088989845,218.7399344766269,133.10448344909668
28076550,-7.376034,0.353995,4.0424241036911015,26.85777827108461,63.74854360087738
28065851,-7.86504,0.493799,4.371971103691101,13.539845802339528,46.16128583842254
27953213,-6.632805,-0.200241,4.049686103691101,23.92483008232074,101.46839456227282
27983954,-7.308693,0.3761,2.9162411036911013,84.57979714334402,79.45648488104663
28076572,-6.723195,-0.925249,3.7513691036911014,51.14522433914016,133.19280125626682
28076581,-6.478768,-1.488227,3.757784103691101,54.36101640503563,157.10515715380944
28076581,-6.478768,-1.488227,3.757784103691101,54.36101640503563,157.10515715380944
28076583,-6.455081,-1.60996,3.7878111036911015,54.006431865129485,161.25431494955697
28076583,-6.455081,-1.60996,3.7878111036911015,54.006431865129485,161.25431494955697
28065879,-8.18428,0.121221,4.509354103691101,17.612018387752414,60.23326101679928
28065887,-2.954184,1.335143,0.012133103691100988,259.2985053478709,159.26695535300846
28073672,-3.192819,-3.268264,0.2321951036911012,184.48283283721963,283.0962193362968
27953256,-6.727624,-0.42063,4.124245103691101,24.88910817949676,109.1587608615032
28073681,-3.915483,-4.666652,3.655467103691101,64.8101497221746,292.6206480883492
28073681,-3.915483,-4.666652,3.655467103691101,64.8101497221746,292.6206480883492
27994498,-6.865345,-0.651301,4.185276103691101,27.29607349502089,116.11283523951928
28080014,-0.126781,1.209244,-0.01922189630889881,422.255208294132,432.6992397306773
28030612,-7.797789,0.813635,4.334547103691101,8.384091764153027,28.989119110323745
28040893,-4.507686,-0.033787,-0.00778689630889895,211.33952331500157,173.48601164475565
28040893,-4.507686,-0.033787,-0.00778689630889895,211.33952331500157,173.48601164475565
28073716,-4.021627,-6.973174,3.551894103691101,82.97872206827435,312.6904023286384
28076689,-6.846735,-0.429913,1.425356103691101,146.4000480064586,131.7454449788043
28063613,-1.764728,-5.149153,0.10268010369110114,183.68607801087705,346.4801737127573
28076718,-3.598074,0.078562,1.5769771036911011,140.46587707833265,187.63638962918984
28076718,-3.598074,0.078562,1.5769771036911011,140.46587707833265,187.63638962918984
28026896,-7.862583,0.76559,4.335270103691101,10.504911463796958,31.41708158649544
28066005,-6.669325,-0.392977,3.281574103691101,67.96346750014695,117.7296875411114
28066012,-6.528711,-0.424381,3.105455103691101,75.56336432349221,123.055233904845
28030646,-7.183073,0.676152,4.152881103691101,10.794940219244552,45.63505759654527
28066022,-6.570094,-0.420897,3.458177103691101,58.43053635146856,118.82573904534864
28066030,-6.566767,-0.456339,3.548425103691101,54.16952437167507,119.46049351502916
28066033,-6.613944,-0.572795,3.287643103691101,68.81939060362325,125.74377753757052
28073780,-2.282393,-6.05299,4.584370103691101,23.067356075746854,370.2817845387693
28034245,-4.795536,0.662557,-0.0036658963088989083,216.9707509761893,140.53375343466706
28066037,-6.545231,-0.556411,3.461384103691101,59.46988282809221,124.73287189161212
28066044,-6.739391,-0.751686,3.324985103691101,69.74559824908056,130.00135977965414
28066050,-9.968703,-2.01131,5.531930103691101,23.43589917920079,109.8826356224232
28066053,-6.609502,-0.779002,3.309793103691101,69.56665890858494,133.4071331812471
28066062,-6.60564,-0.669761,4.103411103691101,28.181862211588708,122.19151982292512
28053412,-5.916114,-2.478297,3.042456103691101,87.78479225331878,199.0970629831987
28053412,-5.916114,-2.478297,3.042456103691101,87.78479225331878,199.0970629831987
28066064,-6.508635,-0.774797,3.484882103691101,60.21791896993858,133.6504557615351
28066070,-6.477491,-0.867004,3.2822681036911012,70.47562132296079,139.22062522782107
28053414,-5.762882,-2.347875,3.4565341036911015,69.10164607051433,198.352740509942
28053414,-5.762882,-2.347875,3.4565341036911015,69.10164607051433,198.352740509942
28066074,-4.417423,-0.131445,-0.0021208963088990007,210.80367409070976,178.98325609310962
28066074,-4.417423,-0.131445,-0.0021208963088990007,210.80367409070976,178.98325609310962
28076832,-4.02074,-4.719229,2.911320103691101,93.80578800817553,287.3042411099156
28076832,-4.02074,-4.719229,2.911320103691101,93.80578800817553,287.3042411099156
28066086,-6.400438,-0.902138,3.471565103691101,61.08240705688081,140.5035632737626
28076840,-3.933461,-4.658896,3.165134103691101,83.81260248660539,290.0259430709984
28076840,-3.933461,-4.658896,3.165134103691101,83.81260248660539,290.0259430709984
28080307,-7.224724,0.182108,3.627631103691101,50.032722393792,80.17944768479819
28070008,-5.840331,-2.357612,3.281753103691101,77.04639477980848,197.26717280953835
28070008,-5.840331,-2.357612,3.281753103691101,77.04639477980848,197.26717280953835
28066093,-3.71559,0.273241,1.584824103691101,140.28961362490332,174.50660312701189
28066093,-3.71559,0.273241,1.584824103691101,140.28961362490332,174.50660312701189
28073813,-1.651637,-8.077215,4.741550103691101,33.60732408172757,401.3042726264714
28053431,-5.784048,-2.511838,3.015944103691101,88.2557271134473,202.8754892113261
28053431,-5.784048,-2.511838,3.015944103691101,88.2557271134473,202.8754892113261
28066099,-6.320268,-0.997112,3.2626981036911014,71.16011777393294,146.95925240414817
28026929,-7.550524,0.576044,4.253701103691101,13.420693920379364,46.344426099090384
28053437,-5.58141,-2.395946,3.0801921036911013,83.83140903754125,204.6393281258999
28053437,-5.58141,-2.395946,3.0801921036911013,83.83140903754125,204.6393281258999
28066118,-6.487007,-1.165184,3.5313811036911007,61.674980331116586,147.6944594607163
28076891,-2.979815,-4.274925,4.4469521036911015,12.659720112536291,326.54565894755297
28076891,-2.979815,-4.274925,4.4469521036911015,12.659720112536291,326.54565894755297
28030678,-7.168518,0.484315,4.122364103691101,16.285157785642724,57.57220240329991
28026957,-8.880329,0.173756,4.804834103691101,12.164250786353731,47.508004914957866
28012816,-4.739807,2.671552,0.06634110369110102,253.0398521416167,16.277086872285906
28066129,-6.666355,-1.451431,3.2252711036911013,78.90943358714418,155.43438142675913
28066129,-6.666355,-1.451431,3.2252711036911013,78.90943358714418,155.43438142675913
28076907,-3.281244,-6.123979,4.637221103691101,33.36012534096048,333.53928039949
28070034,-5.795312,-2.561052,3.031203103691101,87.98872581149365,203.74139855594512
28070036,-5.747137,-2.506109,3.2778721036911014,77.57354477954601,203.0306517830719
28070036,-5.747137,-2.506109,3.2778721036911014,77.57354477954601,203.0306517830719
28066137,-6.379359,-1.265358,3.512144103691101,62.51366603845054,153.28577495464975
28066137,-6.379359,-1.265358,3.512144103691101,62.51366603845054,153.28577495464975
28070040,-1.531212,1.348238,-0.020160896308898835,314.2118828795868,236.95353837270545
28034296,-7.477729,1.085679,4.1592651036911015,7.51785766640549,17.218150708061927
28070046,-1.107885,1.879102,-0.00852789630889883,397.07549547167787,239.80768930953477
28070046,-1.107885,1.879102,-0.00852789630889883,397.07549547167787,239.80768930953477
28083816,-5.407128,1.844677,0.029644103691101042,225.8183113978776,70.31622752804964
28083824,-5.179575,1.607801,0.032187103691101004,224.7768400314713,87.19781682832664
28073853,-0.846936,-12.212758,4.344957103691101,70.3600603582434,421.3956792217575
28070055,-5.676009,-2.628163,3.122992103691101,84.08379474826279,207.83491635467365
28070055,-5.676009,-2.628163,3.122992103691101,84.08379474826279,207.83491635467365
28083851,-6.866738,-0.666176,3.8642771036911014,44.1394679786512,119.81407504893468
28066163,-6.566085,-1.336309,4.3887541036911015,22.823974212227284,146.16910961268547
28066163,-6.566085,-1.336309,4.3887541036911015,22.823974212227284,146.16910961268547
28080451,-4.801145,-5.077706,3.1945131036911008,89.32120773929455,271.9031545132655
28066164,-6.406384,-1.528609,3.182328103691101,79.44092346115298,162.9579024128746
28066164,-6.406384,-1.528609,3.182328103691101,79.44092346115298,162.9579024128746
28045502,-1.7903,1.854048,-0.016789896308898822,334.774666843849,180.59040307242032
28066176,-6.103067,-1.402757,3.253194103691101,73.1542509966051,164.86227732618147
28066176,-6.103067,-1.402757,3.253194103691101,73.1542509966051,164.86227732618147
28076963,-0.25502,1.406015,-0.0025538963088989064,436.62847270165673,406.2773705789578
28066190,-1.10808,1.878219,-0.010089896308898894,397.0525485783545,239.85746585823736
28066190,-1.10808,1.878219,-0.010089896308898894,397.0525485783545,239.85746585823736
28053481,-5.83891,-2.89138,3.647658103691101,66.11184955683743,209.2094265867318
28053481,-5.83891,-2.89138,3.647658103691101,66.11184955683743,209.2094265867318
28055821,-8.175359,2.482809,0.021554103691101112,207.0492090193271,13.419319943865643
28016279,-5.711028,2.231435,0.07414510369110117,226.2470327073765,41.91002027230783
28066202,-1.102936,1.859381,-0.012401896308898985,395.2340326184531,242.0748377082909
28066202,-1.102936,1.859381,-0.012401896308898985,395.2340326184531,242.0748377082909
28026977,-6.952137,0.334002,4.089427103691101,17.29489882586725,69.00219005598962
28066204,-5.870336,-1.472385,3.077654103691101,79.79026964770065,172.8988268168245
28066204,-5.870336,-1.472385,3.077654103691101,79.79026964770065,172.8988268168245
28006509,-7.858798,0.88476,4.342376103691101,7.616036127794842,24.123149486016445
28083910,-3.518222,0.021159,1.740288103691101,130.0913872849302,192.2750137875944
27974493,-7.341804,0.445438,4.202732103691101,15.244987924493245,56.57203783428969
28070070,-1.095861,1.847891,-0.010646896308898812,394.3421673423436,243.8885355042987
28070070,-1.095861,1.847891,-0.010646896308898812,394.3421673423436,243.8885355042987
27963495,-8.729897,0.57096,4.721621103691101,7.3194337095960975,29.88707332347209
28034324,-7.4901,0.900915,4.184213103691101,10.09686104278947,28.64789830043526
27963513,-7.707498,0.519561,4.352796103691101,11.407354486882696,46.41573979612048
28066261,-6.051099,-1.860176,3.486872103691101,66.10987939898041,178.6196967445724
28066261,-6.051099,-1.860176,3.486872103691101,66.10987939898041,178.6196967445724
28026990,-7.412045,0.15044,4.2745051036911015,17.65245849130497,70.33772559702982
28059052,-6.031116,1.850827,0.022982103691101097,218.89643583432888,62.40466383421148
28085721,-3.52825,-3.405995,4.533522103691101,1.132916070047031,292.03838373932604
28085734,-0.826261,1.79948,-0.007566896308898841,421.0917741535857,284.0341985713956
28085965,-7.751475,1.355403,3.859038103691101,26.630746937959515,4.713973573155414
28085987,-7.204634,0.089069,4.017075103691101,29.94639649399645,79.62422878861156
28085988,-7.198715,0.08075,3.326662103691101,66.22794330396758,89.07995476092873
28034345,-4.673805,0.264601,-0.029809896308898853,214.1871323375288,159.0730874852838
28077552,-5.593039,-3.532269,2.922559103691101,95.50762131467523,228.583215399381
28070263,-4.513679,-2.816947,4.558882103691101,6.115331653186615,243.5800834617712
28070263,-4.513679,-2.816947,4.558882103691101,6.115331653186615,243.5800834617712
28066579,-3.498799,-2.118333,0.06135310369110103,196.3428029501188,254.8448070630481
28066602,-4.602291,-2.824346,4.579481103691101,6.645286819821109,240.8488120933052
28066602,-4.602291,-2.824346,4.579481103691101,6.645286819821109,240.8488120933052
28074628,-5.343779,-3.193558,3.518089103691101,69.87374979936047,227.73474058667853
28074628,-5.343779,-3.193558,3.518089103691101,69.87374979936047,227.73474058667853
28056729,-3.783689,-1.454994,0.030874103691101107,201.15593228834192,232.7093802032781
28056729,-3.783689,-1.454994,0.030874103691101107,201.15593228834192,232.7093802032781
28084654,-3.679057,0.332078,1.6164941036911011,138.31920647761063,172.7078995675455
28084654,-3.679057,0.332078,1.6164941036911011,138.31920647761063,172.7078995675455
28056754,-5.672991,-2.621789,3.470446103691101,69.96620261918358,207.13784098729724
28056754,-5.672991,-2.621789,3.470446103691101,69.96620261918358,207.13784098729724
28070609,-2.899355,-4.182998,4.499422103691101,6.771531647334939,329.4771910083918
28070609,-2.899355,-4.182998,4.499422103691101,6.771531647334939,329.4771910083918
28056787,-5.76447,-3.05331,3.0606911036911013,89.23902076184706,215.21753979099168
28056787,-5.76447,-3.05331,3.0606911036911013,89.23902076184706,215.21753979099168
28056906,-4.418094,-2.621167,4.4693441036911015,5.780295460618419,242.03644676515944
28056906,-4.418094,-2.621167,4.4693441036911015,5.780295460618419,242.03644676515944
28066952,-2.795545,-4.487309,4.520816103691101,9.361520005159832,337.3477111545768
28074773,-3.942414,-4.640573,3.2778521036911012,79.5163541114652,289.9576506601204
28074773,-3.942414,-4.640573,3.2778521036911012,79.5163541114652,289.9576506601204
28074797,-3.567629,-4.721586,4.478606103691101,26.370757978828664,308.9324937176189
28074797,-3.567629,-4.721586,4.478606103691101,26.370757978828664,308.9324937176189
28074908,-2.192197,-6.423677,5.154759103691101,0.6306661430544978,381.44798792332426
28049758,-3.951677,-1.306903,-0.00782589630889885,202.7033479997172,224.5098377391928
28059970,-5.311073,-4.363309,0.011936103691100985,178.42890069987303,246.64169423425176
28059970,-5.311073,-4.363309,0.011936103691100985,178.42890069987303,246.64169423425176
28038247,-4.552724,0.366595,0.019279103691101085,214.6637925651497,157.7464335228857
28078996,-6.354011,-1.877607,3.830335103691101,53.81814927231471,171.19237135180845
28078996,-6.354011,-1.877607,3.830335103691101,53.81814927231471,171.19237135180845
28063001,-6.577318,-2.730997,4.420342103691101,39.56163754543107,187.43149318946325
28063275,-5.475873,-4.995954,4.404710103691101,51.63642997208376,256.5554647490642
28063275,-5.475873,-4.995954,4.404710103691101,51.63642997208376,256.5554647490642
28055346,-1.109718,1.901645,-0.009791896308898984,400.1290156073916,237.60900744706757
28055346,-1.109718,1.901645,-0.009791896308898984,400.1290156073916,237.60900744706757
28073536,-5.52617,-2.644447,3.244886103691101,78.34082755409162,211.53684399068095
28079790,-4.773572,-4.994034,4.059391103691101,58.61150674982267,273.61264515906777
28079790,-4.773572,-4.994034,4.059391103691101,58.61150674982267,273.61264515906777
28073617,-5.335208,-3.114806,3.540672103691101,68.29226139020295,226.3040034272454
28073617,-5.335208,-3.114806,3.540672103691101,68.29226139020295,226.3040034272454
28073618,-5.390532,-3.193344,3.475726103691101,71.91043929055868,226.5846415624052
28073618,-5.390532,-3.193344,3.475726103691101,71.91043929055868,226.5846415624052
28030606,-4.553741,0.168134,-0.0016098963088988505,213.04504433386305,165.2546036039343
28080444,-4.838454,-5.093338,3.9602191036911014,63.440766558230166,272.9987345515805
28080444,-4.838454,-5.093338,3.9602191036911014,63.440766558230166,272.9987345515805
28076956,-1.735457,-8.320318,5.189952103691101,19.786831460299453,402.9027048780687
28080480,-6.351573,-1.909406,3.764677103691101,57.0166409245268,172.4675945559196
28080480,-6.351573,-1.909406,3.764677103691101,57.0166409245268,172.4675945559196
28070076,-5.519992,-2.607275,3.249078103691101,77.87736318593323,210.8166417892944
28070076,-5.519992,-2.607275,3.249078103691101,77.87736318593323,210.8166417892944
28053499,-5.769801,-3.031754,3.0628891036911012,89.0790616015698,214.6455147713136
28053499,-5.769801,-3.031754,3.0628891036911012,89.0790616015698,214.6455147713136
28085657,-3.704636,0.353029,1.585755103691101,140.3313307608443,171.0208350030478
28083998,-4.958061,-5.020815,3.0091581036911013,95.74448845855004,266.9291861713769
28083998,-4.958061,-5.020815,3.0091581036911013,95.74448845855004,266.9291861713769
28053577,-5.346611,-4.244344,-0.003079896308898933,179.14466261378615,244.3359838767105
28053577,-5.346611,-4.244344,-0.003079896308898933,179.14466261378615,244.3359838767105
28074616,-5.389042,-2.969893,3.416093103691101,72.68133620499759,221.95094142732935
28074616,-5.389042,-2.969893,3.416093103691101,72.68133620499759,221.95094142732935
28056746,-5.874351,-2.790351,3.0573131036911008,88.62216636978175,207.13576256044283
28056746,-5.874351,-2.790351,3.0573131036911008,88.62216636978175,207.13576256044283
28049712,-6.310831,-2.002631,4.245150103691101,35.7877748896891,173.88998965254942
28081980,-2.873779,-6.567862,4.880012103691101,24.06717958510191,352.588776847824
28074801,-3.503398,-4.759928,4.3842421036911015,30.43952746858494,311.13550953490403
28074801,-3.503398,-4.759928,4.3842421036911015,30.43952746858494,311.13550953490403
28074809,-3.114086,-4.216463,4.093036103691101,32.17013100572021,317.6635710034449
28074809,-3.114086,-4.216463,4.093036103691101,32.17013100572021,317.6635710034449
28067042,-1.606509,-5.583187,0.019099103691101016,184.41638239008725,353.5831194782951
28074899,-1.438594,-3.725184,-0.007378896308898986,198.17811565924063,348.3388640941524
28030974,-6.86983,-1.230798,4.281216103691101,30.88442709694232,137.4725108425742
28030974,-6.86983,-1.230798,4.281216103691101,30.88442709694232,137.4725108425742
28062800,-6.959403,-1.369122,4.524961103691101,22.05231924206544,138.91718701168287
28062800,-6.959403,-1.369122,4.524961103691101,22.05231924206544,138.91718701168287
28060344,-3.6989,-7.449446,4.150010103691101,65.34753219010122,327.69752471033064
28073299,-6.404295,-1.700421,4.204226103691101,34.995855000682184,162.85193193563424
28073299,-6.404295,-1.700421,4.204226103691101,34.995855000682184,162.85193193563424
28073524,-5.783947,-2.803211,3.030888103691101,89.19858506395659,209.47018302619463
28073524,-5.783947,-2.803211,3.030888103691101,89.19858506395659,209.47018302619463
28063631,-1.630321,-5.595822,0.006279103691101184,184.62388743381857,352.76763372992764
28073806,-1.874814,-7.597621,5.074680103691101,17.07619107373995,395.8461347971085
28053467,-5.781868,-2.809226,3.035272103691101,89.05300450916076,209.64208215867413
28053467,-5.781868,-2.809226,3.035272103691101,89.05300450916076,209.64208215867413
28053494,-5.402225,-2.596392,3.485309103691101,66.97617902410687,213.09342009704483
28053494,-5.402225,-2.596392,3.485309103691101,66.97617902410687,213.09342009704483
28053596,-5.977613,-4.217234,4.419749103691101,48.566921336826766,232.1240392509316
28053596,-5.977613,-4.217234,4.419749103691101,48.566921336826766,232.1240392509316
28081308,-1.438233,-3.767714,0.0753551036911011,194.9823365339716,349.39380496746026
28067179,-1.41238,-8.278997,4.689933103691101,35.321566161847954,410.0061709530919
27967613,-6.728121,-1.045142,4.236354103691101,28.58565417676519,133.60875356793804
27963774,-6.680149,-0.936884,4.215571103691101,27.375003854055905,130.5288608078733
28077842,-2.011957,-6.992009,4.994556103691101,14.085482874128047,388.59271605739286
27988110,-6.709702,-1.264651,4.235461103691101,31.512077994160396,141.97034919750723
27988110,-6.709702,-1.264651,4.235461103691101,31.512077994160396,141.97034919750723
28078646,-0.087478,-6.334908,0.0693091036911011,184.768052283844,411.73759891007296
28069371,-8.219054,-2.786437,4.997580103691101,33.85927310727851,157.0583874772254
28071007,0.709894,-19.762196,4.503534103691101,87.34813077719488,446.3912345482885
28069430,-6.952856,-2.631037,4.539058103691101,37.449969700901136,176.97054382651396
28069430,-6.952856,-2.631037,4.539058103691101,37.449969700901136,176.97054382651396
28075655,-6.451855,-1.785039,4.251828103691101,34.40647892856791,164.27602595372184
28075655,-6.451855,-1.785039,4.251828103691101,34.40647892856791,164.27602595372184
28073534,-7.567337,-5.033661,5.165472103691101,42.797810831953285,213.9706131606567
28073534,-7.567337,-5.033661,5.165472103691101,42.797810831953285,213.9706131606567
28053483,-5.597593,-2.73914,3.116623103691101,84.50933476554872,212.18525651410815
28053483,-5.597593,-2.73914,3.116623103691101,84.50933476554872,212.18525651410815
28077669,-6.059216,-2.553978,4.387811103691101,33.11379702840517,194.30631441923424
28077669,-6.059216,-2.553978,4.387811103691101,33.11379702840517,194.30631441923424
28074706,-6.068279,-2.869366,4.4407121036911015,34.71436352188513,201.9089676418484
28074706,-6.068279,-2.869366,4.4407121036911015,34.71436352188513,201.9089676418484
28070877,-1.405008,-8.630111,5.260651103691101,16.986149802421693,416.43588297541726
28082705,-2.691146,-10.337694,3.500780103691101,91.86973860922546,364.00625642066495
28077845,-1.870517,-6.511511,4.584399103691101,24.008321599877007,389.14570969376535
28077849,-1.983955,-8.226638,5.514819103691101,8.628066161904457,396.7571585637712
28077857,-1.586691,-7.910945,4.974706103691101,21.73988214999639,406.4422596464566
28074926,-2.346547,-10.546177,4.596290103691101,62.65733557345081,380.5454448961367
28074928,-2.036812,-8.371407,4.505403103691101,48.50342694807679,385.3239051656552
28074929,-2.34104,-11.180651,4.283514103691101,74.09021457441574,379.7256316914718
28067114,-2.25575,-10.943472,4.173803103691101,75.46478449440647,380.7998398177971
28074934,-2.293175,-11.067678,4.552897103691101,66.35256223416931,382.5848761832504
28074954,-1.15718,-9.061138,5.017366103691101,28.600203496152005,422.67960283555055
28067140,-2.098333,-12.132149,4.330507103691101,75.94714454979919,387.5671569709564
28074971,-0.523893,-12.13015,4.033590103691101,76.63281170854876,428.3327757056263
28070795,-2.051474,-6.67456,4.624108103691101,26.593058376960784,382.3095388810842
28074985,0.18701,-17.663029,4.7203611036911015,79.05829545438911,440.9854221778664
28070803,-2.764696,-12.669089,4.597817103691101,74.56510656280182,374.2169228508882
28078639,-1.14381,-11.387861,4.714179103691101,57.36669079621296,416.7495835877109
28078643,-0.815328,-10.000544,5.042133103691101,33.90818062457538,433.76635797137806
28070828,-2.080691,-11.440823,4.507070103691101,68.36530993997917,388.4204350122701
28070860,-1.48588,-7.77196,4.555483103691101,35.97337461203617,405.7922300557011
28070865,-1.493491,-8.692486,5.128998103691101,23.82508389855937,411.4219704043968
28067281,0.020703,-15.441189,4.407470103691101,78.62743504727334,439.5182462247348
28067290,0.343403,-17.97175,4.287444103691101,87.70926122291729,440.8239681091188
28070891,-1.31923,-8.933643,5.074111103691101,26.75347400754822,417.2601396536825
28070896,-1.154464,-8.015222,4.433599103691101,40.04227451038366,417.7098458179091
28070927,-0.971812,-10.206233,5.185956103691101,32.31513480535642,429.0714602319905
28070932,-0.880659,-9.320789,4.633621103691101,42.571331689918026,428.3788878931846
28070939,-0.767945,-11.73031,4.405800103691101,65.85289079568597,425.02692805791855
28085306,-1.92813,-10.278458,4.857910103691101,50.87818001120272,394.23158790764046
28085314,-1.254923,-7.845263,4.537748103691101,35.094801075427824,415.02343070819927
28082725,-1.1187,-9.818485,5.4074661036911005,22.03790882964645,427.00657499495134
28070980,0.072971,-21.61364,5.440357103691101,78.07980558931857,436.1090558127953
28070986,0.0049,-15.579062,4.105728103691101,85.59026227854713,436.46607257148185
27960279,-6.290161,-1.075137,4.061214103691101,32.05131992404003,144.5803416071844
27960279,-6.290161,-1.075137,4.061214103691101,32.05131992404003,144.5803416071844
28076032,-1.818445,-12.082172,4.880010103691101,60.7083956058101,398.5679512011383
28076047,-1.082073,-8.642888,4.578231103691101,40.04977966556427,421.31293313003073
28076061,-0.662985,-11.9863,4.6366571036911015,60.31922317909388,429.9247579735359
28063555,-4.389144,-8.959964,4.623687103691101,64.26145280487057,322.5539741081462
28053384,-3.844183,-1.256384,0.03417810369110108,202.42667345144164,226.3263518934663
28053384,-3.844183,-1.256384,0.03417810369110108,202.42667345144164,226.3263518934663
28073795,-2.162307,-7.166872,5.354263103691101,2.7613848183532355,386.6227993899894
28063712,-2.249865,-11.583763,4.313799103691101,74.69342370441481,382.9188301454307
28073809,-1.694557,-7.284677,4.5760251036911015,31.9232371548886,397.41217051333126
28073845,-1.219436,-9.591007,5.402439103691101,20.77113637622421,423.6444012967399
28073852,-0.935081,-10.323771,5.4381701036911005,24.44466182164595,432.9068745004887
28073862,-0.605371,-11.25349,5.2781261036911005,35.575803764823576,440.2002447422012
28073874,-0.243718,-11.352193,4.750398103691101,50.18438290823548,446.7354278163856
28083988,-4.940394,-4.992518,4.049969103691101,60.21041419092796,269.19397535651325
28083988,-4.940394,-4.992518,4.049969103691101,60.21041419092796,269.19397535651325
28066285,-5.975887,-1.947223,3.472697103691101,66.84171361999284,182.79290552660427
28066285,-5.975887,-1.947223,3.472697103691101,66.84171361999284,182.79290552660427
28070121,-6.175694,-3.370714,4.365569103691101,44.47529832870154,211.0743057761914
28070127,-5.65482,-3.108235,3.1695831036911013,84.88998193759446,218.73517893044
28070127,-5.65482,-3.108235,3.1695831036911013,84.88998193759446,218.73517893044
28053559,-5.65201,-3.391253,4.187549103691101,46.88753160308645,223.9043048070543
28053559,-5.65201,-3.391253,4.187549103691101,46.88753160308645,223.9043048070543
28053633,-4.662015,-3.195162,3.8319851036911015,50.383529466175816,246.4117818888413
28053633,-4.662015,-3.195162,3.8319851036911015,50.383529466175816,246.4117818888413
28066385,-6.84248,-3.260628,4.569524103691101,41.698795946020624,194.22601644723085
28066385,-6.84248,-3.260628,4.569524103691101,41.698795946020624,194.22601644723085
28070200,-5.630474,-3.521651,4.196188103691101,47.62725528546164,227.10634840181703
28070200,-5.630474,-3.521651,4.196188103691101,47.62725528546164,227.10634840181703
28066414,-5.706129,-2.711319,3.147997103691101,83.77021440279441,208.99733968027857
28066414,-5.706129,-2.711319,3.147997103691101,83.77021440279441,208.99733968027857
28066431,-7.52877,-4.266839,5.007792103691101,41.2529221319316,201.1924058759309
28084161,-3.665183,-7.348244,4.968141103691101,37.09585519966871,332.4221535614521
28084166,-3.603973,-7.865484,3.144151103691101,96.45835664453377,327.9476992715342
28077536,-5.582429,-3.699039,4.379982103691101,41.410753481806296,231.7898743359482
28077536,-5.582429,-3.699039,4.379982103691101,41.410753481806296,231.7898743359482
28077541,-5.59833,-3.767178,4.399107103691101,41.502197500979776,232.7254368400912
28077541,-5.59833,-3.767178,4.399107103691101,41.502197500979776,232.7254368400912
28077555,-5.672843,-4.189816,4.318098103691101,49.51028740007166,238.71165002352248
28077555,-5.672843,-4.189816,4.318098103691101,49.51028740007166,238.71165002352248
28070269,-5.435736,-4.285789,4.291652103691101,49.314180311841,246.1294335931697
28070269,-5.435736,-4.285789,4.291652103691101,49.314180311841,246.1294335931697
28066468,-5.845063,-2.984314,4.208569103691101,43.689410233661306,210.290507441668
28081001,-5.778359,-3.133332,4.377962103691101,37.312579816634326,215.0553133857204
28081001,-5.778359,-3.133332,4.377962103691101,37.312579816634326,215.0553133857204
28070295,-4.379591,-3.11852,4.548218103691101,9.905760460421137,254.79934382266745
28070295,-4.379591,-3.11852,4.548218103691101,9.905760460421137,254.79934382266745
28066498,-5.622077,-3.031995,4.129013103691101,45.33516781892689,216.88867219906385
28066498,-5.622077,-3.031995,4.129013103691101,45.33516781892689,216.88867219906385
28070301,-5.332662,-4.750877,4.327217103691101,51.21287694889841,256.24688193516687
28077691,-5.577378,-3.695129,4.3875721036911015,41.00429183548218,231.83817931018925
28077691,-5.577378,-3.695129,4.3875721036911015,41.00429183548218,231.83817931018925
28077739,-4.18397,-3.59884,4.5631961036911015,14.162741581227069,270.9453051362925
28077739,-4.18397,-3.59884,4.5631961036911015,14.162741581227069,270.9453051362925
28077742,-4.86754,-5.113117,4.5488161036911015,42.097724516740215,274.0014341928089
28077742,-4.86754,-5.113117,4.5488161036911015,42.097724516740215,274.0014341928089
28070320,-5.110765,-4.809957,4.252320103691101,52.6542856973534,262.6100200874076
28070320,-5.110765,-4.809957,4.252320103691101,52.6542856973534,262.6100200874076
28077766,-3.926545,-4.733413,4.003300103691101,51.33350093405829,294.5971768185229
28077766,-3.926545,-4.733413,4.003300103691101,51.33350093405829,294.5971768185229
28066544,-3.556947,-1.914797,0.011919103691101052,199.32127570769163,249.1116789570252
28066544,-3.556947,-1.914797,0.011919103691101052,199.32127570769163,249.1116789570252
28066547,-5.66663,-3.653661,4.224978103691101,48.09077209756978,228.85520904001064
28066547,-5.66663,-3.653661,4.224978103691101,48.09077209756978,228.85520904001064
28070343,-4.972347,-4.931124,4.206588103691101,54.24011883155296,267.8526543952029
28070343,-4.972347,-4.931124,4.206588103691101,54.24011883155296,267.8526543952029
28077840,-2.267406,-10.738694,3.8131071036911015,83.90292483133237,377.7218872751431
28081168,-6.039957,-2.654337,4.182690103691101,43.25421125129944,197.8643333252695
28081168,-6.039957,-2.654337,4.182690103691101,43.25421125129944,197.8643333252695
28081209,-5.17099,-4.079129,4.303543103691101,44.39445980795591,249.3475573919293
28081209,-5.17099,-4.079129,4.303543103691101,44.39445980795591,249.3475573919293
28066618,-6.008738,-5.113839,4.5527241036911015,51.60074176130868,246.2192754204927
28066618,-6.008738,-5.113839,4.5527241036911015,51.60074176130868,246.2192754204927
28081239,-3.803969,-4.529324,4.546901103691101,23.607127962785057,298.54005831943675
28081239,-3.803969,-4.529324,4.546901103691101,23.607127962785057,298.54005831943675
28066641,-4.552792,-3.279021,4.692566103691101,7.858099055850403,252.68869933409755
28066641,-4.552792,-3.279021,4.692566103691101,7.858099055850403,252.68869933409755
28056498,-8.233492,-2.103823,4.884358103691101,31.07418307461532,139.01145945644765
28056563,-6.220835,-1.579847,3.303401103691101,73.25143173507288,167.6145479178562
28056563,-6.220835,-1.579847,3.303401103691101,73.25143173507288,167.6145479178562
28070505,-3.308878,-3.809776,4.484515103691101,7.7879211728703694,307.0932797961849
28070505,-3.308878,-3.809776,4.484515103691101,7.7879211728703694,307.0932797961849
28056584,-6.2608,-1.773321,3.3296221036911007,73.89830622852966,172.36487509839748
28056584,-6.2608,-1.773321,3.3296221036911007,73.89830622852966,172.36487509839748
28070511,-3.256122,-3.730056,4.572202103691101,0.2944708628445482,308.7717529729051
28070511,-3.256122,-3.730056,4.572202103691101,0.2944708628445482,308.7717529729051
28074581,-5.967239,-2.763618,4.382720103691101,34.85403346317008,201.79126409254968
28074581,-5.967239,-2.763618,4.382720103691101,34.85403346317008,201.79126409254968
28074615,-5.653172,-3.10487,3.032959103691101,89.93835978288556,218.82855106807605
28074615,-5.653172,-3.10487,3.032959103691101,89.93835978288556,218.82855106807605
28049661,-6.298823,-1.654167,3.053459103691101,84.91846638890672,169.41990388112208
28049661,-6.298823,-1.654167,3.053459103691101,84.91846638890672,169.41990388112208
28074623,-5.595409,-3.259888,2.877350103691101,95.99489868559766,223.36567204496927
28049670,-6.277617,-1.694929,3.318587103691101,73.90805319652881,169.79582165475512
28049670,-6.277617,-1.694929,3.318587103691101,73.90805319652881,169.79582165475512
28059658,-6.176463,-1.59657,3.281861103691101,73.97816755518872,169.14084340165687
28059658,-6.176463,-1.59657,3.281861103691101,73.97816755518872,169.14084340165687
28081777,-3.92542,-4.707276,3.7914651036911007,59.761595402025705,293.3956634517333
28081777,-3.92542,-4.707276,3.7914651036911007,59.761595402025705,293.3956634517333
28070593,-3.680299,-6.504835,3.991802103691101,64.24345675033629,320.2665782703541
28066843,-3.297689,-3.823328,4.484320103691101,7.855909259530307,307.74873081103505
28066843,-3.297689,-3.823328,4.484320103691101,7.855909259530307,307.74873081103505
28056767,-5.539612,-2.614965,3.4269041036911014,70.70394826989866,210.23997440885225
28056767,-5.539612,-2.614965,3.4269041036911014,70.70394826989866,210.23997440885225
28056782,-6.737667,-3.794335,4.649698103691101,42.83571916259865,207.56751854072616
28074712,-5.600058,-3.253447,2.975471103691101,92.4690233829798,223.07367092685035
28074712,-5.600058,-3.253447,2.975471103691101,92.4690233829798,223.07367092685035
28070623,-3.322095,-5.811869,4.604044103691101,31.60794489797061,329.3786412494248
28070627,-3.75986,-7.515178,4.1439451036911015,66.31416509870184,326.46521248890275
28084721,-4.944309,-4.891158,4.504478103691101,42.35242794282655,268.694510463158
28074739,-4.31858,-3.342411,4.578336103691101,11.193603978266395,261.5247780254232
28074739,-4.31858,-3.342411,4.578336103691101,11.193603978266395,261.5247780254232
28066913,-4.242119,-8.093644,4.426883103691101,64.08781879602748,319.4280995656593
28084741,-3.020497,-4.248968,4.1105921036911015,30.48370488504466,321.9611954214858
28084741,-3.020497,-4.248968,4.1105921036911015,30.48370488504466,321.9611954214858
28074750,-4.873981,-5.137245,4.857864103691101,30.386204681834982,274.98792524815343
28074750,-4.873981,-5.137245,4.857864103691101,30.386204681834982,274.98792524815343
28056866,-5.505413,-3.467597,4.182624103691101,46.433976439073575,229.10910856152327
28059801,-7.242093,-3.410405,4.7789721036911015,38.96131432093188,189.35087428616367
28059801,-7.242093,-3.410405,4.7789721036911015,38.96131432093188,189.35087428616367
28056891,-5.569825,-3.830153,4.187853103691101,50.360927690279965,234.6130962937791
28056891,-5.569825,-3.830153,4.187853103691101,50.360927690279965,234.6130962937791
28081959,-3.711647,-7.555714,3.3696711036911013,89.43658066107102,324.2284998879577
28056903,-6.022338,-4.566049,4.565145103691101,46.70339097027264,237.18898349318988
28056903,-6.022338,-4.566049,4.565145103691101,46.70339097027264,237.18898349318988
28066954,-3.788756,-8.21422,4.301205103691101,65.86723078835723,331.07944331146314
28074775,-3.74422,-4.032302,4.450691103691101,20.206530624476585,293.2115815484252
28074775,-3.74422,-4.032302,4.450691103691101,20.206530624476585,293.2115815484252
28074776,-3.9112,-4.680352,3.452323103691101,72.87597590113805,292.0973512414096
28074776,-3.9112,-4.680352,3.452323103691101,72.87597590113805,292.0973512414096
28081987,-2.741414,-7.050126,4.918565103691101,26.747666147901526,360.1358056477211
28074780,-3.898191,-4.711646,4.107387103691101,46.47858964863016,295.68574000523887
28074780,-3.898191,-4.711646,4.107387103691101,46.47858964863016,295.68574000523887
28066970,-3.585911,-8.018475,4.214220103691101,66.14464053816891,334.78312429296085
28056942,-5.921745,-5.015484,4.567330103691101,49.62762986905452,246.67073135864032
28056942,-5.921745,-5.015484,4.567330103691101,49.62762986905452,246.67073135864032
28070676,-3.249173,-6.732375,4.737520103691101,35.60659048395459,339.6868464794257
28070681,-3.697202,-8.889383,4.373373103691101,67.07016798262677,337.67893694934605
28056964,-5.771633,-5.311793,4.473617103691101,54.034246645420666,254.34085656920672
28056964,-5.771633,-5.311793,4.473617103691101,54.034246645420666,254.34085656920672
28066992,-3.429004,-8.734089,4.577564103691101,58.68852055869479,344.9464971578882
28056975,-5.114479,-4.549632,4.1698511036911015,53.55209436955869,258.41033012492073
28056975,-5.114479,-4.549632,4.1698511036911015,53.55209436955869,258.41033012492073
28074811,-3.063186,-4.2801,3.9866341036911015,37.67820621075859,319.69155600719114
28074811,-3.063186,-4.2801,3.9866341036911015,37.67820621075859,319.69155600719114
28074820,-3.915468,-7.356905,3.329638103691101,90.64427360992376,317.4279106283281
28070695,-3.490129,-8.587859,4.547452103691101,59.03502388881356,342.38933264410554
28056997,-5.451544,-5.419901,4.419674103691101,54.31172520369475,263.17790618616715
28056997,-5.451544,-5.419901,4.419674103691101,54.31172520369475,263.17790618616715
28074832,-3.818258,-7.655655,3.168250103691101,95.86277855087626,321.29594604293726
28074842,-3.596426,-7.40621,4.403485103691101,56.21032405840273,331.6182602496936
28067026,-3.19802,-9.421135,4.287710103691101,69.65134587734369,352.49551828569656
28070705,-3.45628,-9.131849,4.345835103691101,67.86227838034364,344.88139586102955
28074854,-3.543466,-8.178429,4.489049103691101,58.48302885595419,338.374145338921
28070713,-2.388442,-4.968801,4.386596103691101,18.15547179878976,358.0411525484832
28067037,-3.10105,-9.721335,4.2709341036911015,71.14103514926413,356.0851374407402
28078496,-5.759988,-3.106796,4.090242103691101,49.14098213815487,215.2580843932592
28078496,-5.759988,-3.106796,4.090242103691101,49.14098213815487,215.2580843932592
28067047,-2.985119,-9.93218,4.283510103691101,71.27064696337271,359.9026264639647
28070726,-3.093572,-9.110688,4.207926103691101,69.71963650964878,353.49351781580225
28074866,-3.154667,-7.419739,4.727464103691101,41.75930984756434,346.86825326601
28074871,-2.540028,-5.068462,4.803940103691101,0.3314614698871025,356.1306447636332
28074874,-3.083648,-8.783773,2.4467851036911012,115.37430485033902,342.51578126028073
28067063,-2.873127,-10.222703,4.260362103691101,72.74618673921859,363.5891035210796
28074882,-3.129411,-9.069643,4.498933103691101,61.275630481505175,354.1139915414213
28070731,-2.671246,-6.813718,5.381435103691101,3.394956302525003,365.65099193304593
28074886,-2.555033,-6.652811,4.400939103691101,41.11826160533903,360.6397668938567
28078522,-4.391279,-3.61832,4.670955103691101,12.145952636678883,264.6311203064133
28078522,-4.391279,-3.61832,4.670955103691101,12.145952636678883,264.6311203064133
28074888,-2.918041,-9.029024,4.395130103691101,62.82863108935186,359.1332951277989
28078525,-4.952519,-5.006924,3.859545103691101,67.19539726741314,268.65744329326674
28078525,-4.952519,-5.006924,3.859545103691101,67.19539726741314,268.65744329326674
28074893,-2.804649,-9.382908,2.871256103691101,105.293097487672,354.3064652069108
28078530,-4.966835,-5.073892,4.400904103691101,48.20868192035735,270.45089403947065
28078530,-4.966835,-5.073892,4.400904103691101,48.20868192035735,270.45089403947065
28067083,-2.703135,-10.526617,4.243753103691101,73.80143840731702,368.7179344933339
28074901,-2.916682,-10.373871,4.633030103691101,63.80704413583459,365.1959190360108
28078531,-4.860041,-5.158061,3.5336241036911007,78.76612409686248,272.2718264686281
28078531,-4.860041,-5.158061,3.5336241036911007,78.76612409686248,272.2718264686281
28049754,-6.052283,-2.132419,3.3198041036911015,75.39922224023306,186.6974719038903
28049754,-6.052283,-2.132419,3.3198041036911015,75.39922224023306,186.6974719038903
28067093,-2.488787,-10.554041,4.2221591036911015,73.50055781148819,374.2122278973884
28074909,-2.57905,-9.361067,4.343335103691101,64.3481980894918,369.4846943419221
28070752,-2.833177,-9.208138,4.399250103691101,63.281661830264426,362.18776125685815
28059949,-5.754155,-3.580898,4.250193103691101,47.18716845303214,225.2911331689852
28059949,-5.754155,-3.580898,4.250193103691101,47.18716845303214,225.2911331689852
28049768,-6.128427,-2.262436,3.180433103691101,82.40667788791555,188.87025050685685
28049768,-6.128427,-2.262436,3.180433103691101,82.40667788791555,188.87025050685685
28070772,-2.915236,-10.949994,4.387186103691101,73.01408254456697,365.4303120948712
28070777,-2.877407,-10.895879,4.7217651036911015,64.03402664650551,368.20675815839206
28078581,-2.932456,-4.641373,4.772232103691101,0.8966813652290284,335.0547242784911
28078581,-2.932456,-4.641373,4.772232103691101,0.8966813652290284,335.0547242784911
28070796,-2.533194,-10.175124,4.454563103691101,65.53540322510264,373.6782728826163
28070799,-2.396768,-10.136485,3.500501103691101,90.20644169102069,370.9612572505158
28060050,-5.754732,-5.267288,4.491992103691101,52.94134896098538,254.10976669778915
28060050,-5.754732,-5.267288,4.491992103691101,52.94134896098538,254.10976669778915
28085152,-3.944803,-4.700759,3.3931521036911008,75.52007329480469,291.0985739864159
28082697,-3.430762,-8.084793,2.9269121036911008,102.43906391104076,332.60042650145755
28085277,-2.960007,-9.841695,3.090704103691101,101.35760529401514,353.43077421581484
28062745,-6.446805,-0.938285,3.2876151036911008,70.57623353941077,142.2949863398503
28079070,-5.444489,-3.883572,4.374439103691101,42.18746084382764,238.7882550158285
28079070,-5.444489,-3.883572,4.374439103691101,42.18746084382764,238.7882550158285
28062777,-6.3873,-1.123358,3.298164103691101,71.15333194199411,149.74981190069047
28062777,-6.3873,-1.123358,3.298164103691101,71.15333194199411,149.74981190069047
28062817,-6.22368,-1.31767,3.2691341036911012,72.72255070568104,159.57717240835277
28062817,-6.22368,-1.31767,3.2691341036911012,72.72255070568104,159.57717240835277
28060333,-4.320056,-8.887764,4.567356103691101,65.03169745767323,323.46516578704444
28062849,-6.21761,-1.540802,3.2995271036911014,73.09221252271917,166.51762603976147
28062849,-6.21761,-1.540802,3.2995271036911014,73.09221252271917,166.51762603976147
28075692,-5.993834,-2.833631,4.178191103691101,44.91187754448896,203.3229586544901
28075692,-5.993834,-2.833631,4.178191103691101,44.91187754448896,203.3229586544901
28062869,-6.22479,-1.681782,3.3093581036911015,73.80473595270789,170.53835697421766
28062869,-6.22479,-1.681782,3.3093581036911015,73.80473595270789,170.53835697421766
28060361,-3.586608,-7.93096,4.219791103691101,65.45491613113057,334.2616974268269
28079202,-5.740366,-3.313477,4.399580103691101,38.02412947719338,219.93876137514388
28079202,-5.740366,-3.313477,4.399580103691101,38.02412947719338,219.93876137514388
28060377,-3.333455,-7.855683,4.059863103691101,68.43554335594612,339.8934861159643
28079206,-5.548572,-3.934412,4.411210103691101,42.24975642267029,237.13999557721093
28079206,-5.548572,-3.934412,4.411210103691101,42.24975642267029,237.13999557721093
28079208,-5.432705,-3.998697,4.383692103691101,42.8815369921291,241.2170665146792
28079208,-5.432705,-3.998697,4.383692103691101,42.8815369921291,241.2170665146792
28079212,-5.240522,-4.412388,4.395660103691101,44.6912214142682,253.3018318722747
28079212,-5.240522,-4.412388,4.395660103691101,44.6912214142682,253.3018318722747
28060393,-3.380323,-9.098255,4.264633103691101,69.55800687881788,346.2294301752159
28085607,-6.033381,-4.80437,4.569386103691101,48.69653094972111,240.86428334680383
28085607,-6.033381,-4.80437,4.569386103691101,48.69653094972111,240.86428334680383
28060416,-3.210723,-9.674685,4.253475103691101,71.92214326604869,353.00176781365644
28062983,-6.629542,-2.604259,4.418364103691101,38.797497283626,183.13920476371803
28062983,-6.629542,-2.604259,4.418364103691101,38.797497283626,183.13920476371803
28085637,-4.948955,-4.992573,3.9678821036911014,63.22501810659696,268.7900806223394
28060439,-3.18303,-10.468563,4.460289103691101,70.172175675298,357.79761433897625
28060443,-3.054012,-10.170525,4.257224103691101,73.43161886566946,358.81561743253394
28075840,-4.535594,-3.08574,4.621193103691101,7.973391847011612,249.0150777979272
28075840,-4.535594,-3.08574,4.621193103691101,7.973391847011612,249.0150777979272
28060452,-3.14996,-11.791776,4.587459103691101,72.81346556315648,363.3601396616669
28063020,-7.021306,-3.315981,4.675657103691101,39.85642599304688,191.70343529402493
28060477,-2.675057,-11.807783,4.3981261036911015,75.38077652224669,373.39608374788986
28063042,-5.668756,-2.557702,3.111119103691101,84.09551927427628,206.3895606847973
28063042,-5.668756,-2.557702,3.111119103691101,84.09551927427628,206.3895606847973
28075891,-4.859365,-5.113079,4.750142103691101,34.21847935005516,274.76032015826263
28075891,-4.859365,-5.113079,4.750142103691101,34.21847935005516,274.76032015826263
28063058,-5.4632,-2.486808,3.0523541036911013,84.7796604783357,209.67591946026928
28063058,-5.4632,-2.486808,3.0523541036911013,84.7796604783357,209.67591946026928
28063078,-5.518325,-2.616993,3.4215851036911014,70.77891358044289,210.8127897972699
28063078,-5.518325,-2.616993,3.4215851036911014,70.77891358044289,210.8127897972699
28075951,-3.065819,-4.253323,3.820873103691101,45.460626972712106,318.12405201915186
28075971,-3.051925,-5.382355,4.587841103691101,23.672539210567493,335.4093310096939
28063147,-7.00695,-4.562481,4.812203103691101,46.13457766057277,216.57169296748907
28063147,-7.00695,-4.562481,4.812203103691101,46.13457766057277,216.57169296748907
28075984,-2.790686,-5.329667,4.536299103691101,21.907860177899774,344.7898548112488
28075992,-3.354361,-9.123086,4.591757103691101,60.242512730458486,348.8658754804192
28076004,-2.724211,-9.701816,3.072047103691101,100.81654321592409,358.638200785682
28063168,-5.636744,-3.374362,4.178788103691101,46.9323363169342,223.92991193991068
28063168,-5.636744,-3.374362,4.178788103691101,46.9323363169342,223.92991193991068
28076017,-2.324911,-10.43123,3.656663103691101,86.97221945204254,374.5530841018708
28063230,-5.438119,-4.049829,4.238906103691101,49.20694755134588,241.91643790919295
28063230,-5.438119,-4.049829,4.238906103691101,49.20694755134588,241.91643790919295
28063245,-4.979922,-3.728127,4.019669103691101,50.790034841530485,247.8600110150607
28063245,-4.979922,-3.728127,4.019669103691101,50.790034841530485,247.8600110150607
28063259,-5.498058,-4.648117,4.354474103691101,50.70047624638346,250.6202080982006
28073442,-6.021688,-2.658006,4.246703103691101,40.279567243865216,198.21406003587924
28073456,-5.83007,-2.351815,3.140721103691101,82.67054665783988,197.70924221894984
28073456,-5.83007,-2.351815,3.140721103691101,82.67054665783988,197.70924221894984
28083275,-5.281882,-4.955535,4.337319103691101,52.162289569169445,260.5919254019781
28083275,-5.281882,-4.955535,4.337319103691101,52.162289569169445,260.5919254019781
28073485,-5.922248,-2.923675,4.264040103691101,41.44197939353009,206.95855786026013
28073485,-5.922248,-2.923675,4.264040103691101,41.44197939353009,206.95855786026013
28073510,-5.723454,-2.729946,3.4810361036911015,70.73523524921475,208.4671446012647
28073510,-5.723454,-2.729946,3.4810361036911015,70.73523524921475,208.4671446012647
28083314,-3.922138,-4.676959,3.5424751036911015,69.41228954444531,292.0836298904909
28083314,-3.922138,-4.676959,3.5424751036911015,69.41228954444531,292.0836298904909
28079704,-6.043154,-2.622441,4.508797103691101,28.24557862347541,196.12384900019703
28079704,-6.043154,-2.622441,4.508797103691101,28.24557862347541,196.12384900019703
28079784,-4.818568,-5.077448,4.644637103691101,37.56560599537176,275.09739896673665
28083399,-5.070309,-4.865098,4.221342103691101,53.9377905425786,264.3985754678094
28083399,-5.070309,-4.865098,4.221342103691101,53.9377905425786,264.3985754678094
28079867,-5.886219,-2.921385,4.363273103691101,36.68328276409591,207.5746738670097
28079867,-5.886219,-2.921385,4.363273103691101,36.68328276409591,207.5746738670097
28079872,-5.842422,-3.178443,4.402010103691101,37.49289445682908,214.4956464138267
28079872,-5.842422,-3.178443,4.402010103691101,37.49289445682908,214.4956464138267
28079876,-5.717471,-3.548807,4.430388103691101,39.09284518860119,225.4360564531069
28079876,-5.717471,-3.548807,4.430388103691101,39.09284518860119,225.4360564531069
28083445,-3.629442,-8.038485,4.487331103691101,58.16346881696933,335.1987124754342
28053256,-6.241316,-1.603937,3.298616103691101,73.80317239666363,167.94082090434267
28053256,-6.241316,-1.603937,3.298616103691101,73.80317239666363,167.94082090434267
28079913,-3.903549,-4.736424,4.283989103691101,39.24133073282255,296.6266661299455
28079913,-3.903549,-4.736424,4.283989103691101,39.24133073282255,296.6266661299455
28073647,-4.203864,-3.072041,4.461637103691101,10.884964608973917,259.69567309754643
28073647,-4.203864,-3.072041,4.461637103691101,10.884964608973917,259.69567309754643
28079996,-0.233387,-2.13225,0.016391103691101083,228.2416660294123,406.4956308675254
28073685,-3.903145,-4.748395,4.197777103691101,43.07349447453859,296.40025883114424
28073685,-3.903145,-4.748395,4.197777103691101,43.07349447453859,296.40025883114424
28073692,-3.723056,-4.568686,4.540495103691101,23.39116646652377,301.8548195349548
28073692,-3.723056,-4.568686,4.540495103691101,23.39116646652377,301.8548195349548
28063563,-3.933964,-8.214587,4.344156103691101,65.43769539301786,327.5691405901248
28076685,-5.703977,-5.400234,4.8469431036911015,41.36393531432091,257.6604947191116
28076685,-5.703977,-5.400234,4.8469431036911015,41.36393531432091,257.6604947191116
28063583,-3.616292,-7.981951,4.170748103691101,67.4226765875496,333.5147119268655
28063595,-3.581966,-8.508198,4.278441103691101,67.04539049202432,338.06117463986124
28073746,-3.538926,-7.764447,3.108591103691101,96.90321000670728,328.78803572704
28063627,-3.339372,-9.75682,4.405702103691101,68.87227795764022,350.94163855335955
28073756,-3.354149,-7.970702,2.882267103691101,103.12334150612142,333.65318114790324
28073765,-2.131724,-4.766474,0.07465510369110118,185.14806031535545,331.5171156429504
28073768,-2.471119,-5.125367,4.598362103691101,11.019126444517724,357.4914122325023
28076765,-5.852441,-3.041775,4.397530103691101,36.2148978763193,211.1487907638796
28076765,-5.852441,-3.041775,4.397530103691101,36.2148978763193,211.1487907638796
28063662,-2.981747,-10.440084,4.317048103691101,72.78763489059216,361.859571722268
28073774,-2.953177,-9.133018,2.6800861036911012,109.9023061949048,348.5372603371952
28063683,-2.732815,-10.585157,4.282636103691101,73.19717319698029,368.3559428147879
28073788,-2.652462,-10.010897,3.265946103691101,96.59804786387036,362.59513181854845
28076826,-4.843019,-5.08591,4.966253103691101,25.11008305353417,275.4297614135864
28076826,-4.843019,-5.08591,4.966253103691101,25.11008305353417,275.4297614135864
28076918,-2.662026,-5.265578,4.496364103691101,21.1430782040064,349.2322138832625
28076926,-3.045813,-9.393101,2.859413103691101,106.21024762027744,348.32630610861287
28076934,-2.766342,-7.922286,4.647893103691101,45.694681164446166,361.0234420642853
28080426,-5.224612,-4.509533,4.383618103691101,45.949314260926286,255.2725467816253
28080426,-5.224612,-4.509533,4.383618103691101,45.949314260926286,255.2725467816253
28080434,-4.988097,-4.784028,4.348157103691101,47.75290285007017,265.6119653065888
28080434,-4.988097,-4.784028,4.348157103691101,47.75290285007017,265.6119653065888
28080445,-4.848828,-5.113031,3.8689671036911006,66.88674437201894,272.76865550839904
28080445,-4.848828,-5.113031,3.8689671036911006,66.88674437201894,272.76865550839904
28080449,-4.836859,-5.100998,3.358492103691101,84.19587443872342,271.69746903028187
28080449,-4.836859,-5.100998,3.358492103691101,84.19587443872342,271.69746903028187
28080452,-4.845279,-5.137815,3.0546481036911013,94.28061656495976,271.2738601323138
28080452,-4.845279,-5.137815,3.0546481036911013,94.28061656495976,271.2738601323138
28066195,-6.193326,-1.594219,3.2871681036911014,73.85826619578694,168.6946535788161
28066195,-6.193326,-1.594219,3.2871681036911014,73.85826619578694,168.6946535788161
28080517,-5.99954,-2.605136,4.362757103691101,34.1858631427709,197.08323268946484
28080517,-5.99954,-2.605136,4.362757103691101,34.1858631427709,197.08323268946484
28070069,-5.70014,-2.658993,3.490366103691101,69.6372810150377,207.34109874342863
28070069,-5.70014,-2.658993,3.490366103691101,69.6372810150377,207.34109874342863
28066224,-6.423785,-1.71525,4.207834103691101,35.25719417483225,162.89915894038654
28066224,-6.423785,-1.71525,4.207834103691101,35.25719417483225,162.89915894038654
28080552,-5.421371,-4.194668,4.436765103691101,42.631414277934056,245.0403800993925
28080552,-5.421371,-4.194668,4.436765103691101,42.631414277934056,245.0403800993925
28080555,-4.967577,-5.040083,3.527126103691101,78.93681883572921,268.0155199614908
28080555,-4.967577,-5.040083,3.527126103691101,78.93681883572921,268.0155199614908
28053506,-5.551976,-2.848307,3.115843103691101,84.89546996951023,215.66804761588867
28053506,-5.551976,-2.848307,3.115843103691101,84.89546996951023,215.66804761588867
28080581,-3.900532,-4.571954,4.628861103691101,21.644390918204262,296.1802580759911
28080581,-3.900532,-4.571954,4.628861103691101,21.644390918204262,296.1802580759911
28086062,-5.479812,-4.65457,4.3910731036911015,49.248758633281255,251.2081117185556
27974579,-6.587666,-1.306915,4.008462103691101,41.674783782087815,147.37379929438217
27974579,-6.587666,-1.306915,4.008462103691101,41.674783782087815,147.37379929438217
27963807,-6.445801,-1.034842,4.288250103691101,21.56323988501225,138.14831972033377
27963807,-6.445801,-1.034842,4.288250103691101,21.56323988501225,138.14831972033377
28056568,-6.174673,-1.617189,3.019348103691101,85.3347568298449,171.0252947215496
28056568,-6.174673,-1.617189,3.019348103691101,85.3347568298449,171.0252947215496
28061898,-1.10065,1.857811,-0.010527896308898832,395.135892641494,242.4848975794186
28061898,-1.10065,1.857811,-0.010527896308898832,395.135892641494,242.4848975794186
28074662,-6.648429,-1.235075,3.7782861036911015,52.47752262764658,145.33805290154714
28074662,-6.648429,-1.235075,3.7782861036911015,52.47752262764658,145.33805290154714
28049681,-6.225831,-1.735204,3.038587103691101,85.56389453628532,173.2767994167496
28049681,-6.225831,-1.735204,3.038587103691101,85.56389453628532,173.2767994167496
28059785,-6.109812,-2.370172,4.200311103691101,39.99531159775279,188.8555391775305
28059785,-6.109812,-2.370172,4.200311103691101,39.99531159775279,188.8555391775305
28078454,-6.356001,-2.05757,4.199954103691101,39.09454322535533,174.7361633367768
28078454,-6.356001,-2.05757,4.199954103691101,39.09454322535533,174.7361633367768
28049746,-6.167456,-2.148183,3.547751103691101,66.87182739457398,183.85663601356177
28049746,-6.167456,-2.148183,3.547751103691101,66.87182739457398,183.85663601356177
28078999,-6.210745,-2.041741,4.358124103691101,29.685086308817347,176.7273531502234
28078999,-6.210745,-2.041741,4.358124103691101,29.685086308817347,176.7273531502234
28079001,-6.20071,-2.184251,4.3967601036911015,29.63850128376976,180.94583822137804
28079001,-6.20071,-2.184251,4.3967601036911015,29.63850128376976,180.94583822137804
28069393,-6.240908,-1.522225,3.3021641036911014,73.013669468102,165.4595342896221
28069393,-6.240908,-1.522225,3.3021641036911014,73.013669468102,165.4595342896221
28079147,-6.285172,-1.987951,4.368409103691101,29.419437033543232,173.4441412848486
28079147,-6.285172,-1.987951,4.368409103691101,29.419437033543232,173.4441412848486
28069444,-6.164261,-1.951351,3.3130421036911013,75.19153622419279,179.45250095918
28069444,-6.164261,-1.951351,3.3130421036911013,75.19153622419279,179.45250095918
28062875,-5.819212,-1.471749,3.064957103691101,79.98200947155252,174.0679046771018
28062875,-5.819212,-1.471749,3.064957103691101,79.98200947155252,174.0679046771018
28085567,-6.341916,-1.887034,3.984902103691101,46.81706048178961,171.00273814515663
28085567,-6.341916,-1.887034,3.984902103691101,46.81706048178961,171.00273814515663
28062920,-6.264524,-1.878154,4.151798103691101,38.06979740362263,171.59096242831825
28062920,-6.264524,-1.878154,4.151798103691101,38.06979740362263,171.59096242831825
28073410,-6.184892,-2.576392,4.4367791036911015,32.6681208199999,191.88961792972253
28073410,-6.184892,-2.576392,4.4367791036911015,32.6681208199999,191.88961792972253
28073417,-6.105238,-2.532048,4.223292103691101,40.79157526715653,193.1592866461116
28079687,-6.306278,-1.947159,4.389447103691101,28.118198546959093,171.65424701643997
28079687,-6.306278,-1.947159,4.389447103691101,28.118198546959093,171.65424701643997
28069900,-6.297722,-1.876519,4.147423103691101,38.65127810260444,170.85122438700438
28069900,-6.297722,-1.876519,4.147423103691101,38.65127810260444,170.85122438700438
28069953,-6.198364,-2.164515,4.191544103691101,38.95454785267927,181.24281473206787
28069953,-6.198364,-2.164515,4.191544103691101,38.95454785267927,181.24281473206787
28080472,-6.500038,-1.605192,3.912802103691101,48.69460170196621,159.51177052328845
28080472,-6.500038,-1.605192,3.912802103691101,48.69460170196621,159.51177052328845
28083893,-6.103961,-2.360642,4.375492103691101,31.75522852240786,188.14801791431464
28053262,-6.16223,-1.607385,3.017338103691101,85.28094258145407,171.0048027378411
28049603,-6.523448,-1.347879,4.233469103691101,30.298975669175007,148.50529362102395
28049603,-6.523448,-1.347879,4.233469103691101,30.298975669175007,148.50529362102395
28027203,-6.999378,-1.029346,4.503557103691101,18.488371981784923,125.9112423865856
28034660,-6.713137,-0.927879,4.185536103691101,29.276837860871552,129.839751475539
27956777,-6.659587,-1.087291,4.173872103691101,31.452170182723307,136.95445578306052
27956777,-6.659587,-1.087291,4.173872103691101,31.452170182723307,136.95445578306052
27949997,-7.184964,-1.611502,4.412715103691101,33.587804683653275,143.8575846663103
28078978,-6.528095,-1.182729,4.4521181036911015,16.46175369480315,140.83788825108212
28078978,-6.528095,-1.182729,4.4521181036911015,16.46175369480315,140.83788825108212
28069373,-6.28866,-1.336571,3.2929571036911014,72.32834372034938,158.73472619105385
28069373,-6.28866,-1.336571,3.2929571036911014,72.32834372034938,158.73472619105385
28056508,-6.251546,-1.192322,3.467455103691101,62.70143957928048,153.67117181197688
28056508,-6.251546,-1.192322,3.467455103691101,62.70143957928048,153.67117181197688
28049623,-6.24329,-1.302813,3.272849103691101,72.59354049798608,158.6797609885603
28049623,-6.24329,-1.302813,3.272849103691101,72.59354049798608,158.6797609885603
27978191,-6.722471,-1.058352,4.494480103691101,15.171600035079363,132.05239329104842
27978191,-6.722471,-1.058352,4.494480103691101,15.171600035079363,132.05239329104842
28078972,-6.753508,-1.06362,4.426914103691101,19.32860273974876,132.25593826183302
28078972,-6.753508,-1.06362,4.426914103691101,19.32860273974876,132.25593826183302
27960234,-6.542237,-0.960132,4.122839103691101,30.63560625218452,134.78137085911706
28058660,-1.108234,1.91955,-0.008976896308898974,402.8189778053768,236.1813572618101
28058660,-1.108234,1.91955,-0.008976896308898974,402.8189778053768,236.1813572618101
27979248,-6.730021,-1.034913,4.014293103691101,39.67465194382461,134.99342782784862
27974404,-6.71015,-1.035259,4.093667103691101,35.46163245454591,134.73165756515152
28075652,-6.524721,-1.517516,3.8932261036911013,48.89541787644504,156.34068759076663
28075652,-6.524721,-1.517516,3.8932261036911013,48.89541787644504,156.34068759076663
28079812,-6.472101,-1.602114,4.0371881036911015,42.54537187515271,159.26653670109803
28079812,-6.472101,-1.602114,4.0371881036911015,42.54537187515271,159.26653670109803
28077442,-6.567997,-1.574447,4.411503103691101,25.260034441673294,154.18822985302253
28077442,-6.567997,-1.574447,4.411503103691101,25.260034441673294,154.18822985302253
28049650,-6.128391,-1.47385,3.446797103691101,65.16555076400957,165.54041159843786
28069350,-6.272274,-1.146251,3.269823103691101,71.68389779918567,152.96181722495268
28085659,-6.007653,-1.272012,3.208694103691101,73.35245791940619,162.93268052543408
27977384,-6.662044,-1.096741,4.086787103691101,36.01897116943351,137.94060731331615
27977384,-6.662044,-1.096741,4.086787103691101,36.01897116943351,137.94060731331615
27977390,-6.53393,-1.377887,4.089176103691101,37.9962649908247,150.3064370084118
27977390,-6.53393,-1.377887,4.089176103691101,37.9962649908247,150.3064370084118
27963834,-6.579912,-1.238676,4.394206103691101,21.226182559627347,142.33875503273651
28027178,-6.450308,-0.956226,3.2958981036911013,70.37536646608183,142.8015766931237
28078275,-6.521941,-1.447979,4.3731671036911015,24.67846101108836,151.06508695755383
28078275,-6.521941,-1.447979,4.3731671036911015,24.67846101108836,151.06508695755383
27956793,-6.619663,-1.154667,4.366769103691101,21.928134826161624,138.6852263471658
27956793,-6.619663,-1.154667,4.366769103691101,21.928134826161624,138.6852263471658
27956819,-6.597531,-1.27281,4.165409103691101,33.6432476557429,144.9009525798611
27956819,-6.597531,-1.27281,4.165409103691101,33.6432476557429,144.9009525798611
27978042,-6.670792,-1.239749,4.098078103691101,37.46374600017825,142.8237056197981
27978042,-6.670792,-1.239749,4.098078103691101,37.46374600017825,142.8237056197981
28034718,-6.86412,-1.252236,4.477787103691101,21.29870870730383,136.83548559809196
28034718,-6.86412,-1.252236,4.477787103691101,21.29870870730383,136.83548559809196
28006793,-6.706695,-1.045372,4.209786103691101,29.65600250931257,134.22887283514004
28034766,-6.632186,-1.378188,4.4018941036911015,23.736816983827936,146.262372983957
28034766,-6.632186,-1.378188,4.4018941036911015,23.736816983827936,146.262372983957
28031018,-6.661685,-1.395152,4.414485103691101,23.771940749164827,146.19591330163246
28031018,-6.661685,-1.395152,4.414485103691101,23.771940749164827,146.19591330163246
28031019,-6.551326,-1.389927,4.190930103691101,33.37296470868233,149.69932083681925
28031019,-6.551326,-1.389927,4.190930103691101,33.37296470868233,149.69932083681925
27950005,-6.265249,-1.305866,3.2768691036911015,72.6144494604697,158.31201513872705
27950005,-6.265249,-1.305866,3.2768691036911015,72.6144494604697,158.31201513872705
28069394,-6.399449,-1.601701,3.192949103691101,79.44153275457847,165.21713995830885
28069394,-6.399449,-1.601701,3.192949103691101,79.44153275457847,165.21713995830885
28062834,-6.867657,-1.650249,4.330900103691101,34.03675037810001,151.37045637812366
28062834,-6.867657,-1.650249,4.330900103691101,34.03675037810001,151.37045637812366
28004364,-6.695738,-1.059846,4.187927103691101,30.83339061318719,135.15029729388698
28004364,-6.695738,-1.059846,4.187927103691101,30.83339061318719,135.15029729388698
28004406,-6.560429,-1.309288,4.225995103691101,30.625678543238703,146.47694938217535
28004406,-6.560429,-1.309288,4.225995103691101,30.625678543238703,146.47694938217535
27960335,-6.565883,-1.477442,4.178656103691101,35.329136621657824,152.45871952451267
27960335,-6.565883,-1.477442,4.178656103691101,35.329136621657824,152.45871952451267
28069837,-6.466236,-1.529234,4.1637131036911015,35.48898930339894,156.26547840406258
28069837,-6.466236,-1.529234,4.1637131036911015,35.48898930339894,156.26547840406258
28069865,-6.682622,-1.836619,4.3156611036911015,34.872989116647574,160.8780455098421
28066112,-6.669924,-1.076878,4.197247103691101,30.249522011046334,136.18870334221992
28066126,-6.404119,-1.230991,3.3073301036911014,71.76393527815435,152.94703120951988
28066126,-6.404119,-1.230991,3.3073301036911014,71.76393527815435,152.94703120951988
