uid,px_world,py_world,pz_world,u_rectified,v_rectified
28140576,-2.18702,-0.192914,-0.019499896308898812,241.7195547441717,179.72663461935127
28147254,-3.80988,-4.042436,1.7842691036911011,102.2689625977643,242.1457958936745
28147254,-3.80988,-4.042436,1.7842691036911011,102.2689625977643,242.1457958936745
28053520,-5.293165,-2.675421,3.470797103691101,17.356199385645766,155.8853372845002
28153945,-1.965669,-0.793934,-0.05197289630889901,230.68559007764185,218.38597000985288
28153945,-1.965669,-0.793934,-0.05197289630889901,230.68559007764185,218.38597000985288
28153949,-3.801005,-3.711659,1.131288103691101,129.51530939984968,235.17537770005185
28153949,-3.801005,-3.711659,1.131288103691101,129.51530939984968,235.17537770005185
28153954,-4.09227,-3.890334,0.0995551036911011,164.03370864848586,231.11265460428092
28153954,-4.09227,-3.890334,0.0995551036911011,164.03370864848586,231.11265460428092
28153955,-1.948103,-0.838579,0.04380610369110105,224.7651856881184,220.81481037703105
28153955,-1.948103,-0.838579,0.04380610369110105,224.7651856881184,220.81481037703105
28153958,-3.875613,-4.408451,2.3006641036911013,80.44763577736455,248.17200606155427
28153958,-3.875613,-4.408451,2.3006641036911013,80.44763577736455,248.17200606155427
28153961,-4.735021,-5.012418,0.37106310369110107,148.2860967280572,235.7458892274261
28153961,-4.735021,-5.012418,0.37106310369110107,148.2860967280572,235.7458892274261
28153964,-3.070757,-3.607689,3.038923103691101,28.39568560912039,261.00971108715686
28153964,-3.070757,-3.607689,3.038923103691101,28.39568560912039,261.00971108715686
28153967,-2.835577,-2.194218,0.22132210369110106,181.1945475160726,229.3310980883068
28153967,-2.835577,-2.194218,0.22132210369110106,181.1945475160726,229.3310980883068
28153973,-4.588609,-5.741583,2.6320131036911008,73.86529986265947,252.58424819437147
28153981,-1.949445,-0.940413,-0.08098889630889894,228.648765550123,224.9821042974256
28153981,-1.949445,-0.940413,-0.08098889630889894,228.648765550123,224.9821042974256
28147283,-4.578922,-5.662144,1.735139103691101,105.32161986312416,250.33810539604545
28153991,-1.917731,-0.966821,0.030788103691101076,222.7764897472884,227.3589620416969
28153991,-1.917731,-0.966821,0.030788103691101076,222.7764897472884,227.3589620416969
28154005,-4.007926,-5.577577,3.3225731036911013,41.06930360265363,267.68011628769244
28140590,-2.219837,-0.327187,0.010791103691101034,235.08047115528336,185.07445622726144
28114297,-3.888958,-5.620483,-0.08611689630889896,160.46514028277846,262.8851367605987
28147294,-5.252926,-6.321139,0.00508910369110116,151.59281877803448,243.79946812352935
28154009,-1.938217,-1.062539,-0.0086538963088989,222.11140609070569,230.00379625701405
28154009,-1.938217,-1.062539,-0.0086538963088989,222.11140609070569,230.00379625701405
28147295,-2.001161,-0.961912,-0.12213889630889896,229.1779404327926,223.47195679795877
28154010,-1.961085,-1.091808,-0.13449389630889885,227.3144289036,230.07024244559776
28154010,-1.961085,-1.091808,-0.13449389630889885,227.3144289036,230.07024244559776
28144865,-0.636216,0.328832,1.8842461036911011,2.0381651117586728,280.27416937274506
28154012,-6.340417,-8.005363,-0.395908896308899,152.42669979802946,244.5597805111769
28154013,-4.294385,-4.805223,0.06344810369110099,159.17071030369556,242.080986222574
28154013,-4.294385,-4.805223,0.06344810369110099,159.17071030369556,242.080986222574
28154017,-3.85864,-5.202736,2.865765103691101,58.369536037068286,264.59487297308954
28144203,-1.85844,-1.132688,0.014096103691101147,220.6898322266628,236.33985278473435
28147301,-1.94584,-0.932647,0.014281103691101027,223.97504336285303,224.71683634883192
28147301,-1.94584,-0.932647,0.014281103691101027,223.97504336285303,224.71683634883192
28154026,-4.168988,-5.37299,1.8902841036911011,99.32473739006734,256.3203773531696
28154027,-4.385183,-5.682404,1.756013103691101,104.40213040665714,255.3676755185882
28154028,-3.430764,-3.586517,0.23722710369110112,164.3631885047165,242.70129879711607
28154028,-3.430764,-3.586517,0.23722710369110112,164.3631885047165,242.70129879711607
28154032,-4.365425,-5.648301,1.602946103691101,109.48635960213164,255.08863634895897
28154033,-4.498125,-5.82693,1.480906103691101,113.38415734210842,254.34629456177896
28154033,-4.498125,-5.82693,1.480906103691101,113.38415734210842,254.34629456177896
28154035,-1.987227,-1.251776,-0.1948878963088989,225.9578159664328,234.4004447934523
28154035,-1.987227,-1.251776,-0.1948878963088989,225.9578159664328,234.4004447934523
28154039,-1.891604,-1.158047,-0.012649896308899011,220.8753702526524,235.6345877456892
28154039,-1.891604,-1.158047,-0.012649896308899011,220.8753702526524,235.6345877456892
28154043,-4.844098,-6.884934,2.104539103691101,94.55050480280528,261.8768078046773
28154049,-1.848832,-1.139484,-0.0781498963088989,225.41662913496864,236.99547857160664
28154049,-1.848832,-1.139484,-0.0781498963088989,225.41662913496864,236.99547857160664
28140596,-2.162098,-0.276294,-0.02914389630889902,240.19837373823864,185.34764128549196
28140599,-2.1984,-0.380961,0.008519103691100982,234.09579803721184,188.7566280665955
28147330,-4.704566,-6.504988,1.8079231036911012,103.18852017671696,259.5225252773787
28154067,-1.989548,-1.496646,-0.2718688963088989,224.01211413906705,241.9736410152401
28154067,-1.989548,-1.496646,-0.2718688963088989,224.01211413906705,241.9736410152401
28154068,-4.343076,-5.701919,-0.14266789630889898,160.14048033744882,253.76594568537908
28154068,-4.343076,-5.701919,-0.14266789630889898,160.14048033744882,253.76594568537908
28147337,-3.866705,-5.145057,1.9664891036911012,95.71901149834588,261.045114643154
28120673,-2.113673,-0.572825,0.005947103691101185,230.5894966469872,201.74489012648368
28147340,-1.976704,-1.128106,-0.15081789630889886,226.94717580749045,230.6489510564029
28154102,-3.435697,-5.500002,2.343514103691101,80.05051360833832,280.56664494207445
28154103,-2.047701,-1.941703,-0.4408618963088988,221.39894967995772,251.5388241543524
28154103,-2.047701,-1.941703,-0.4408618963088988,221.39894967995772,251.5388241543524
28154114,-2.582655,-3.172651,0.7029001036911011,152.87671001142468,262.54853290768204
28154114,-2.582655,-3.172651,0.7029001036911011,152.87671001142468,262.54853290768204
28154115,-2.391141,-2.697067,0.2492221036911011,177.80620004250852,257.9957019620117
28154115,-2.391141,-2.697067,0.2492221036911011,177.80620004250852,257.9957019620117
28154116,-3.285716,-4.8178,1.1122241036911011,127.65093067506774,270.27180048865347
28147352,-2.43559,-2.785611,1.9680931036911011,86.62274347711022,264.3501221713113
28154123,-4.075735,-6.644836,1.122589103691101,123.14662242651546,274.1943928281341
28154124,-2.217027,-2.477503,0.34875710369110113,177.23082100028884,260.0664473630539
28154124,-2.217027,-2.477503,0.34875710369110113,177.23082100028884,260.0664473630539
28154131,-1.617452,-1.329531,0.12336010369110118,214.5181291771518,255.395074142157
28154131,-1.617452,-1.329531,0.12336010369110118,214.5181291771518,255.395074142157
28154135,-2.462001,-3.336753,1.1897981036911012,129.91571974544837,272.4652517382417
28154137,-3.469088,-5.677974,1.285606103691101,119.73511339190335,278.0026814795692
28147363,-3.202141,-4.960874,3.550178103691101,15.340552224107851,286.06053345877
28154146,-6.656883,-12.481133,-1.706977896308899,160.6307150516143,274.4474805663691
28154147,-6.672205,-12.471049,-1.9422078963088991,163.85298495825867,273.8540781087748
28154149,-4.363104,-7.529785,-0.9284288963088991,169.56431672320502,272.5827747789862
28154150,-5.31004,-9.497731,-2.3174928963088988,182.73218908747407,271.12673941713564
28154151,-5.631594,-10.298709,-2.8681158963088995,186.58235390914524,271.5865292511559
28147366,-3.071101,-4.58204,3.1109871036911008,34.94049942550538,282.0026588187898
28154172,-1.899111,-2.549303,0.3319771036911011,179.78049313477493,275.15717846413384
28154184,-1.732957,-2.367352,0.853931103691101,156.15572749310888,282.13295139341
28154195,-1.615065,-2.270474,0.6371691036911011,170.17110189147166,284.3654040923749
28154196,-1.66775,-2.408871,0.5385381036911011,173.29536211508324,284.1426353496709
28154204,-1.888452,-3.238718,0.3956471036911011,169.4251128031355,289.6526810989582
28154206,-1.307152,-1.62841,0.2443341036911011,206.326016830028,282.1480185503696
28147385,-1.660239,-1.53301,1.861094103691101,85.0586569286827,269.10462490871055
28147386,-2.978002,-3.949071,1.133891103691101,129.61829148147223,265.3174477854542
28140616,-4.293842,-3.19378,0.10180910369110108,167.7162436079214,212.0568499359204
28147395,-2.87132,-3.902524,1.011800103691101,135.0120100498902,267.6524049737
28144261,-3.810303,-5.959194,0.16699510369110104,152.29111062379042,269.6029464013809
28140617,-2.131921,-0.378708,-0.03488689630889885,238.05375866982908,191.9426090854721
28147400,-3.273979,-4.902069,1.2365651036911012,122.89665469029389,272.33509961676185
28147402,-4.045208,-6.244878,0.09436110369110118,152.44960232721496,267.54996638079007
28147408,-2.817447,-4.101678,1.102566103691101,130.61895773997276,273.37417623390434
28147409,-3.758941,-5.894496,0.19395910369110103,151.95896890724885,270.0790949620491
28123818,-2.267848,-0.160771,0.024927103691101182,238.27866088982705,173.9765359344077
28147414,-3.228849,-5.172522,1.321853103691101,119.27277666217525,278.02315745661235
28144282,-2.81295,-4.158221,0.271480103691101,161.98383797399606,271.3789837618077
28140634,-2.084086,-0.44536,-0.026163896308898815,236.66684088183928,197.30885714238644
28144283,-1.735166,-1.534348,-0.10486989630889898,219.57103716518995,255.00286084493592
28140641,-2.120876,-0.557399,0.011709103691101008,230.55540964495472,200.67711693517376
28129865,-2.134517,-0.402258,-0.04273889630889882,237.7063586637221,193.04220501694496
28140646,-2.078624,-0.518278,-0.04406689630889882,235.59889866744484,201.10993913556297
28120749,-3.710038,-4.498866,0.4771041036911011,149.92613965363932,251.8098027232528
28123862,-3.182495,-4.143868,3.3510271036911012,16.50540891417279,269.964888124093
28117941,-0.459817,0.564535,0.004450103691101104,383.14548805652873,254.61300234372908
28123874,-2.15569,-0.28058,-0.02385689630889898,239.92600593850256,185.81024581673967
28137056,-4.795925,-3.785895,0.9835771036911011,133.4873826334093,211.4118368724373
28147517,-1.338035,-1.811041,0.060615103691101124,211.76538997365,283.6684858257868
28134710,-4.516827,-2.537558,0.10421510369110099,171.41966679717774,191.1589334960788
28137065,-4.137948,-3.683832,0.9221791036911011,137.0561094301528,225.4686591027469
28143544,-3.719635,0.30889,0.2891471036911011,207.32009498833904,93.35252842801928
28129908,-2.062117,-0.54462,-0.03594689630889891,234.7617543431469,203.03775108587783
28140665,-2.044457,-0.585163,-0.03684089630889886,234.02823397606545,205.69987386060225
28137070,-4.431837,-4.215821,0.15669810369110104,159.1100516781751,229.05938261008163
28140667,-2.377798,-1.641487,1.985007103691101,80.01061347932387,229.28694285424555
28123899,-2.12458,-0.356175,-0.023023896308898895,238.2663736871181,191.0615499858917
28140669,-2.077356,-0.675045,0.005160103691101092,228.5856844676398,207.97607853260405
28147570,-1.145215,-2.280317,0.06367210369110099,205.09806325120056,304.5525763532518
28134738,-2.26085,-0.162725,0.030874103691101107,238.0501070440428,174.32100379227853
28123925,-2.096408,-0.412165,-0.024810896308898878,237.31086398497484,195.12694545687495
28134757,-2.220044,-0.160375,-0.03211389630889894,242.65634054636385,176.63500095440588
28143592,-2.674594,0.844984,0.04146910369110102,263.2658324610605,86.62886816916418
28140052,-5.501846,-0.110923,0.123103103691101,187.76506945260644,85.96948285022603
28140698,-2.255173,-1.676348,2.052242103691101,73.37593391359525,237.5051083378293
28123947,-3.8401,-3.754891,0.17800710369110107,163.42940171182295,234.86385319456065
28123951,-2.053543,-0.503362,-0.015953896308898985,235.0772476729708,201.4108435103388
28123955,-3.964966,-4.52804,0.8014401036911011,138.50561692390949,246.07859091006708
28134779,-2.201867,-0.313969,0.027159103691101194,234.9799526948032,185.04217747815
28103471,-4.395712,-2.100831,0.055385103691101056,177.54643624896755,182.41708453029972
28143641,-2.715782,0.676584,-0.02473589630889883,258.7307073840308,101.68618909460488
28103480,-4.139572,-2.83494,0.04318810369110104,173.16844346579012,207.75285919966447
28147706,-0.485828,-4.563765,-0.174200896308899,188.8800053506763,362.1073147437477
28134795,-2.146988,-0.299103,-0.02676289630889883,239.713277899873,187.18249526505844
28123969,-2.067013,-0.65358,0.016457103691100983,228.77236330844423,207.45935471912884
28143654,-2.71707,0.638152,-0.041057896308899,258.0985992737284,105.13341069690624
28149606,-8.277874,-0.522642,3.115157103691101,47.00669067264363,16.479423666199352
28147737,-0.202298,-8.081451,-1.002402896308899,184.42429391628664,378.0283703304031
28140722,-4.639462,-5.468568,1.7368861036911012,105.34376920165349,245.879023639903
28134811,-2.129502,-0.381825,-0.035110896308898853,238.0272960715593,192.2074663719384
28056775,-5.531533,-2.689794,3.103554103691101,41.55451053127902,153.9630435051672
28134814,-2.13007,-0.437425,0.03165610369110117,232.6881854844061,194.43613069682505
28147763,0.085142,-7.231276,-0.5744528963088988,180.72391867506897,390.7853338588338
28140729,-1.979934,-0.847497,0.021418103691100976,225.11222787822712,219.7105497796125
28129993,-3.951999,-4.841586,0.006024103691101068,161.78240132709664,250.55708986527333
28134836,-2.087566,-0.458993,-0.034791896308898895,236.6483140808068,197.8574439870768
28146591,-6.39168,-0.345831,0.6283111036911011,159.3253637312783,75.61444334430504
28140741,-3.250784,-3.046812,0.025296103691101024,177.18399814668982,236.68705738402755
28149699,-6.462404,-0.34904,2.125971103691101,88.24823491364984,45.64133255426441
28074793,-2.356372,-2.509482,0.08661410369110101,187.17996881428687,254.58013847958335
28149734,-4.133351,0.655604,0.588654103691101,191.0405193661955,51.991951604640406
28149743,-7.035532,-0.252916,0.7877211036911012,150.98393601326308,61.0496559745406
28134873,-2.053061,-0.673621,0.015437103691101184,228.56964371694343,208.9901159628951
28134875,-4.190926,-4.354037,0.9326621036911011,134.29166064655635,237.3121262749915
28140768,-1.629554,-1.014786,2.047459103691101,58.77630610534996,249.12140868503707
28147885,-1.587526,-0.850049,1.8636811036911012,79.40529089337616,242.854375793097
28147887,-3.553294,-4.24602,0.841996103691101,138.92139384164298,252.31361138784075
28087687,-5.877797,-1.313385,3.376047103691101,12.343889415639495,81.3527083721176
28147891,-7.865199,-9.152,4.846786103691101,33.00278299207977,235.00724057729292
28105122,-4.047944,-2.686912,-0.007318896308898815,176.6626212282949,206.61652678232213
28105122,-4.047944,-2.686912,-0.007318896308898815,176.6626212282949,206.61652678232213
28147896,-3.428653,-4.034048,1.454617103691101,115.83321036241504,253.16465968514223
28149801,-12.528976,-1.954273,-0.45667689630889896,160.98515606101796,80.19957162696073
28147898,-8.544844,-10.05468,5.5617841036911,21.74841868395609,234.9174559661904
28147899,-9.147613,-12.437694,3.6164581036911008,74.88625532360271,248.7758385945222
28124030,-3.811182,-4.867946,0.25733610369110105,154.7076501869455,254.75717444478636
28130035,-1.833181,-1.078945,-0.04269189630889891,225.40112412058056,235.62546078564435
28130035,-1.833181,-1.078945,-0.04269189630889891,225.40112412058056,235.62546078564435
28147904,-1.114817,-0.219385,1.773745103691101,79.80557086135502,247.22389669920744
28147907,-15.295928,-19.549227,9.077774103691102,18.634789034242715,237.6422175771155
28140786,-3.011349,-3.336915,1.008337103691101,137.25745809386353,251.62496493677705
28147909,-3.898219,-4.854551,1.8573241036911012,99.7939312780848,255.0433657478427
28147910,-3.627753,-4.464389,1.701091103691101,105.50133402020418,255.67628801889157
28137243,-0.069444,-5.75926,0.784443103691101,142.49026610273137,402.1489715857416
28147914,-3.464244,-4.207642,1.8967131036911011,96.75197312144188,256.34040765641714
28147915,-3.87716,-4.954862,1.787390103691101,102.49669704536709,257.2086901469808
28149830,-2.379689,0.532364,1.578324103691101,118.74720999504736,68.40681670411118
28130044,-3.401853,-5.174209,0.3060391036911011,152.9503336504709,269.8320417691913
28149840,-2.70191,0.412049,1.4987271036911012,127.3412348724315,75.94630074468745
28149841,-3.180934,0.279042,1.3763941036911012,136.8016163407715,79.45944079546658
28124049,-3.764008,-5.581359,0.8206781036911011,134.784732061694,267.4681192673855
28149848,-2.28162,0.511781,1.631767103691101,110.959064820492,72.33757051052831
28149850,-2.774781,0.362171,1.5322451036911011,123.10238308479408,77.7438956249623
28149851,-3.390587,0.216449,1.293912103691101,142.28885547127592,81.90658067741563
28147947,-3.29037,-4.11132,2.6025911036911014,61.1933425534354,262.2626700334813
28149863,-2.30691,0.498521,1.5859811036911011,117.48109769150022,75.61846022245831
28140801,-4.427627,-5.712156,-0.22545689630889898,161.93698269422086,252.00210585002628
28149869,-4.602733,0.06444,0.2758401036911011,192.09073968693127,89.7025454229159
28132610,-3.711997,-2.44821,1.737509103691101,103.97228791668758,204.34304150373936
28147961,-3.317029,-4.345729,2.813062103691101,51.6901377226433,266.77594355418626
28149882,-2.610172,0.378237,1.4687621036911012,130.71821979051498,84.32897723299848
28147969,-2.471328,-3.206838,2.032241103691101,84.1893432153743,273.3801700417814
28149891,-2.390937,0.389334,1.6374231036911011,110.18647017542328,84.25339727777882
28134919,-4.619274,-5.263658,0.015785103691100977,157.24212465541962,241.9163693099762
28149895,-3.037955,0.229279,1.288284103691101,144.94475363086394,91.2634240294721
28147974,-2.553894,-3.413006,2.1292531036911013,79.56251386322148,274.84402134811126
28147976,-1.636282,-1.614796,1.955358103691101,76.02844580135582,274.69667857701126
28147980,-2.863144,-3.566292,2.975632103691101,29.470938651380152,268.8370698167741
28105212,-2.043672,-2.366,0.012380103691101096,195.29843733944384,263.38164286285445
28149911,-2.361966,0.333143,1.6924221036911011,102.57439686209236,90.16612805975184
28132641,-2.266404,-0.213333,0.014675103691101032,237.24559658477543,177.02608623855525
28134941,-3.05849,-2.918196,0.04988210369110102,178.73880162778136,239.72082482354887
28148048,-0.480698,0.627535,0.029165103691101146,388.2356115440107,247.0081523708763
28150007,-2.77271,0.589573,-0.08865289630889883,257.2328372017197,108.3039264875179
28124127,-1.793576,-1.310014,0.009119103691101138,217.9477036749679,245.52715540899567
28140850,-1.797542,-1.286591,0.01737410369110104,217.9916947983062,244.57755228834932
28132697,-5.000134,-5.202192,2.157534103691101,91.29437258367398,233.09380690676065
28140852,-3.25106,-4.614686,1.085016103691101,129.2344834208223,267.99962611557805
28150021,-12.557324,-4.909346,0.0898761036911011,142.31477929677015,131.14428244276314
28134957,-1.924311,-0.88573,-0.04947389630889898,228.94266099048275,224.00801748653103
28134957,-1.924311,-0.88573,-0.04947389630889898,228.94266099048275,224.00801748653103
28150023,-2.619107,-0.114043,1.925375103691101,77.3208233351688,119.51852229497447
28146719,-4.658486,-0.929016,2.348209103691101,65.9425519055981,104.6188763473032
28132704,-2.142458,-0.41127,0.034214103691101005,233.0368152316204,192.5689051789194
28134961,-3.363001,-3.840089,0.8077711036911011,142.32176032689114,250.2877543512328
28148119,-0.510518,-1.593001,1.2209561036911012,146.19091641730728,359.9194201831614
28134962,-1.930118,-0.954785,0.019252103691101086,223.4540428593631,226.31592647159735
28150041,-3.256283,-0.544269,2.024824103691101,76.83711422787917,127.05800844997236
28146734,-2.746106,0.030626,1.931856103691101,76.70658102129295,99.36784647933884
28140244,-2.687356,0.669966,-0.01660589630889886,258.88098689646137,102.90185610160636
28150060,-3.476118,-0.750417,2.060441103691101,76.98474910880589,132.6776285114299
28148139,-1.05182,-8.649888,0.800824103691101,130.35662993884438,370.656000198382
28140878,-3.891731,-6.118434,0.128226103691101,152.45924674500066,269.5694654410568
28150074,-3.923281,-1.098624,2.134810103691101,76.68112896668521,137.69343505183087
28093446,-4.160623,-2.625927,0.053580103691101,174.4151728749774,202.12422714689453
28126895,-2.235526,-0.131735,-0.031439896308898874,243.167470798916,174.37580834520762
28148164,-0.331046,-0.763427,1.562611103691101,112.11756412712504,387.3848826365344
28140893,-3.722768,-6.00505,0.180750103691101,151.94431034851303,272.2677138940996
28140894,-2.647355,-3.536845,0.020220103691101166,176.68145581808602,265.21564536893897
28150097,-2.93672,-0.528485,1.9846241036911012,77.59679932323587,139.20310618605026
28146756,-2.792004,-0.071138,1.945646103691101,76.5336896756967,107.3402469494864
28126910,-2.237963,-0.230458,0.02417110369110098,236.8561940322547,179.08320206481196
28150118,-3.361437,-0.891934,2.053347103691101,77.54300126893077,145.7679678352451
28102109,-5.570415,-3.232928,1.3057431036911011,122.85829743389844,180.6878561789555
28143799,-2.38753,0.347547,-0.005001896308898912,254.61179961304703,137.6630259349792
28150154,-3.16496,-0.894359,2.031482103691101,77.80781296896438,153.72526306971525
28108722,-2.439564,-2.525621,0.020386103691101054,188.99498724863736,251.69667339974808
28150169,-2.548424,0.200396,-0.054240896308898945,247.50972162597515,142.29574508741553
28146774,-2.657436,0.716079,0.019650103691100984,259.5937682815178,99.05877432413112
28150176,-7.183126,-4.355639,3.137041103691101,61.26884864274771,168.71223723540024
28150176,-7.183126,-4.355639,3.137041103691101,61.26884864274771,168.71223723540024
28132748,-4.535289,-4.793324,0.793585103691101,136.92708635737955,236.6921515055768
28150199,-6.96186,-4.178743,2.424445103691101,85.33365208673104,171.87899514325397
28126943,-2.186135,-0.364625,0.018515103691101098,234.30323704710435,188.399713595174
28118152,0.018615,-5.280378,0.06716210369110098,175.70544815324246,393.4009680576738
28150207,-7.079819,-4.283739,2.3265261036911014,89.12559657331724,172.66258508318094
28150219,-4.841455,-2.705591,2.6844451036911012,58.92619035363995,174.80951616841705
28150223,-7.867011,-4.868915,1.7612111036911011,107.70089415590724,174.5090192446208
28150223,-7.867011,-4.868915,1.7612111036911011,107.70089415590724,174.5090192446208
28150224,-7.150884,-4.25248,1.639543103691101,110.9516861689015,173.7732283419178
28150224,-7.150884,-4.25248,1.639543103691101,110.9516861689015,173.7732283419178
28150227,-5.634024,-3.434016,2.7530201036911013,64.73133079007172,177.5508005032332
28150228,-2.317269,0.137386,0.07471610369110104,244.10360207454997,153.3154163203016
28146791,-2.754214,-0.141693,1.945089103691101,76.79710991643248,115.6686121481404
28150231,-5.767506,-3.298387,1.8980521036911011,100.76511468632216,175.45846152987298
28150231,-5.767506,-3.298387,1.8980521036911011,100.76511468632216,175.45846152987298
28126958,-2.160593,-0.3444,-0.04334889630889882,238.8935930562252,189.0134716803765
28150236,-19.24707,-14.193223,1.073355103691101,117.5160857804598,178.94897411864298
28150238,-2.627363,-0.038461,-0.26429989630889894,248.75354612568964,156.60610570363258
28150240,-14.773973,-10.487709,0.7302921036911011,123.87294966245368,178.7588485453729
28126960,-4.235594,-4.395718,1.266353103691101,122.46856646213044,237.04795297229649
28126961,-4.10956,-4.103085,1.115662103691101,128.6716296366514,234.69206469603884
28150247,-4.505687,-2.405478,2.057427103691101,89.28997388543698,177.7308304578524
28150247,-4.505687,-2.405478,2.057427103691101,89.28997388543698,177.7308304578524
28150250,-3.329806,-1.482529,2.186246103691101,70.52742333165568,177.45907851679434
28120230,-5.35343,-2.819077,3.414276103691101,23.316931427730932,160.20891836449644
28150251,-3.502046,-1.604532,2.1147841036911013,77.91877826509236,177.3660884264766
28150253,-2.494099,-0.008977,-0.170848896308899,248.19402683769843,158.68486424927897
28150259,-4.541043,-2.440979,1.894675103691101,97.75433461555834,178.98404511326805
28150260,-7.44652,-4.562041,0.8053281036911011,133.60254104027842,178.43567823526516
28150267,-11.414073,-7.803645,0.12275710369110104,137.40304996029676,180.45487338382355
28150270,-5.746416,-3.496174,1.7392401036911012,106.7848215127943,181.67925937372627
28150270,-5.746416,-3.496174,1.7392401036911012,106.7848215127943,181.67925937372627
28150275,-6.242613,-3.919839,1.588883103691101,112.24379559494464,182.54786835283969
28150275,-6.242613,-3.919839,1.588883103691101,112.24379559494464,182.54786835283969
28150280,-2.839695,-1.099814,2.0092471036911013,78.34822595807427,179.8450655952215
28150281,-7.966439,-4.945895,-0.049634896308898835,151.97017566385802,180.49734639589087
28150281,-7.966439,-4.945895,-0.049634896308898835,151.97017566385802,180.49734639589087
28138102,-3.245229,-0.259851,1.716080103691101,103.95849281393872,113.3026657832542
28150286,-7.491954,-4.560571,-0.10932389630889894,155.75392627493267,180.7570416267904
28150286,-7.491954,-4.560571,-0.10932389630889894,155.75392627493267,180.7570416267904
28150287,-2.229931,0.038268,0.10078510369110116,241.42055797677145,162.96717535755212
28150288,-2.468958,-0.086486,-0.180138896308899,246.81184787409492,164.07050873745914
28150291,-6.353609,-4.046273,1.277611103691101,122.07900347939336,184.43173206804957
28150291,-6.353609,-4.046273,1.277611103691101,122.07900347939336,184.43173206804957
28110295,-2.046152,-0.657452,0.019803103691101054,228.91693392980844,208.58245804768976
28150295,-4.956883,-2.824633,1.269650103691101,125.46496930798284,183.5389159091041
28150296,-4.403928,-2.308613,1.221919103691101,129.52078904990714,182.2584096227466
28150296,-4.403928,-2.308613,1.221919103691101,129.52078904990714,182.2584096227466
28150300,-2.275012,-0.033377,0.052125103691101016,240.67753823489943,166.03064133599136
28150303,-6.526999,-3.861864,-0.19031089630889886,163.48133576620552,182.8919924256745
28150303,-6.526999,-3.861864,-0.19031089630889886,163.48133576620552,182.8919924256745
28150306,-2.776594,-1.152501,2.002355103691101,78.76427911663023,185.7154499446169
28150308,-5.977288,-3.734906,0.8439671036911011,136.52139234312358,186.2300320453322
28150308,-5.977288,-3.734906,0.8439671036911011,136.52139234312358,186.2300320453322
28117369,-2.261465,-0.213665,0.010952103691101112,237.55955931938828,177.29477411711412
28146824,-2.8585,-0.314958,1.9654211036911011,77.1396978439634,126.08689796612713
28127004,-2.078268,-0.44944,-0.026090896308898825,236.67360090782108,197.7715670369657
28150314,-4.200896,-2.145435,0.9287351036911011,143.58879384447937,184.0942576111487
28150318,-3.849667,-1.837458,0.9078651036911011,147.53945767927303,183.86673593217867
28150333,-2.396014,-0.885778,2.016044103691101,71.67327611965928,189.4209561991108
28150345,-2.462128,-0.280827,-0.2246238963088989,243.2949679118563,174.9288620920689
28146856,-3.105966,-0.584164,2.0128121036911013,76.8639712129116,135.84618123181917
28143853,-6.185269,-3.551405,0.9219351036911011,134.36961051322976,178.0760824704565
28150360,-1.959149,-0.527914,1.929363103691101,72.57340241870347,192.8235864718867
28150364,-2.927892,-0.754614,-0.5323248963088989,235.90119185030025,181.76888156877567
28150364,-2.927892,-0.754614,-0.5323248963088989,235.90119185030025,181.76888156877567
28150373,-2.384494,-1.023818,1.953179103691101,79.06682194574614,198.8311543827627
28150375,-3.048434,-0.915299,-0.652176896308899,235.1978895479954,184.77989713081016
28150380,-2.251642,-0.270835,-0.09170289630889883,241.61921607680415,181.72295775277613
28146875,-3.276245,-0.182498,0.3726081036911011,199.29930153921543,133.81950312779963
28150387,-2.127852,-0.225888,0.09558810369110105,235.5458764146656,183.06554290355868
28127035,-2.067801,-0.61759,0.024898103691101126,229.28550060425317,205.78020501129225
28135075,-3.799079,-5.952427,0.16147710369110113,152.4987020998812,269.7687259661395
28150404,-4.366758,-2.743357,-0.012519896308898826,174.53930710436785,200.2084096079366
28150404,-4.366758,-2.743357,-0.012519896308898826,174.53930710436785,200.2084096079366
28150407,-2.340805,-0.466451,-0.20205989630889887,239.49995449956248,188.44153391654692
28146907,-2.397977,0.460974,0.02093910369110108,257.28242772009844,128.45743405711653
28150415,-5.675928,-5.107933,2.100643103691101,94.61004124931767,216.51546619465992
28150415,-5.675928,-5.107933,2.100643103691101,94.61004124931767,216.51546619465992
28062912,-6.134102,-1.888278,3.507397103691101,15.6889633575166,103.72007508649904
28127044,-3.617297,-3.669489,0.23041310369110102,163.195259046969,239.1354723094161
28150420,-2.662553,-0.876953,-0.40617589630889883,232.37354117902288,194.69947595454784
28150420,-2.662553,-0.876953,-0.40617589630889883,232.37354117902288,194.69947595454784
28143872,-6.35126,-3.69219,0.20497110369110105,154.4207366907261,181.02948303712708
28150440,-4.180788,-4.263337,3.480982103691101,22.59443145810789,236.5175664259999
28150442,-5.354795,-4.331841,-0.4790178963088989,172.47490810689743,212.6027009597284
28150450,-2.436112,-0.87667,-0.2664488963088989,230.1251967627554,202.3860303145704
28143878,-5.543629,-3.271873,1.071766103691101,131.03977213428792,183.2169393705001
28150464,-4.138133,-4.236944,2.811585103691101,57.10767403106695,237.0304229688794
28150474,-3.048148,-2.694231,2.223430103691101,73.3296483699323,235.3427915426484
28153033,-19.259611,0.679132,-4.034399896308899,207.2393276392885,26.99703378435845
28150480,-4.027538,-4.049538,2.1619451036911013,86.28959460436377,236.04202853669364
28150481,-4.254965,-4.358523,2.030118103691101,93.19097606325516,236.00850121690868
28150491,-2.130401,-0.783878,-0.15422689630889885,232.84117414541896,210.81829036410065
28129470,-5.881771,-2.497804,3.323772103691101,30.907787399074863,136.96485474587536
28150492,-3.77826,-3.546551,1.403942103691101,118.80395749915829,232.23730443953488
28150518,-4.348527,-4.48963,0.633884103691101,143.358065963368,235.811481528209
28150522,-3.740722,-3.81481,1.092274103691101,130.79169581549476,239.0231554793341
28132823,-3.308954,-3.10831,-0.17759589630889883,183.34766770587305,236.2496032886933
28132823,-3.308954,-3.10831,-0.17759589630889883,183.34766770587305,236.2496032886933
28150532,-3.747881,-5.092784,3.7643701036911015,11.561827837970752,269.2058877223558
28150537,-4.319855,-5.126496,1.640036103691101,108.41093492400124,248.0559867386385
28150538,-3.981971,-4.554658,1.555058103691101,111.56301106178051,246.9258970811565
28127075,-3.722975,-4.422417,0.09672410369110107,162.3309872857663,249.67924479379923
28150548,-4.620133,-5.801883,1.827830103691101,102.3285365537446,251.5956950147191
28150550,-3.983076,-4.298962,0.517644103691101,148.79612006629253,241.3749973703036
28146987,-7.297276,-4.45068,1.762297103691101,107.30883586475144,175.01677017757214
28146987,-7.297276,-4.45068,1.762297103691101,107.30883586475144,175.01677017757214
28150558,-3.54467,-3.590451,0.36212810369110104,159.45444949427264,239.6548955389825
28150558,-3.54467,-3.590451,0.36212810369110104,159.45444949427264,239.6548955389825
28150563,-3.651578,-3.825207,0.4054561036911011,156.08568756161452,241.30317555793832
28150563,-3.651578,-3.825207,0.4054561036911011,156.08568756161452,241.30317555793832
28146992,-7.021394,-4.235527,1.642349103691101,110.79783583653042,175.52115375356777
28143896,-3.853535,-1.995973,1.7000221036911012,106.32043158641147,184.5449498929584
28143897,-5.061412,-2.874559,0.8437211036911011,141.28100866986222,184.4640109207596
28150580,-4.7644,-6.231867,1.4756391036911012,113.33686110181492,253.97063784158613
28146996,-9.705852,-6.43656,1.4170481036911011,115.93103381656329,177.5497961041314
28143900,-5.025662,-2.831045,0.6926091036911011,146.97779979181354,184.79130196775264
28143902,-2.332536,-0.001293,0.02602810369110098,241.78019919201876,162.03583441147856
28143241,-6.772285,0.70286,0.5927141036911011,167.42370024051723,19.164116341429548
28147003,-7.488175,-4.577566,1.0278591036911011,127.74103935221946,177.32035404142815
28150603,-4.117221,-5.587264,2.014269103691101,94.91108202177143,261.2693285404812
28132856,-3.998775,-4.882588,-0.0002718963088990112,161.5735410115045,250.06326534737295
28132856,-3.998775,-4.882588,-0.0002718963088990112,161.5735410115045,250.06326534737295
28132858,-1.93691,-0.875365,-0.050317896308898824,229.00835484445523,223.00442870318645
28132858,-1.93691,-0.875365,-0.050317896308898824,229.00835484445523,223.00442870318645
28150622,-4.164279,-5.722774,1.161902103691101,123.50842783509896,260.2720769668621
28153148,-13.419538,-1.696386,1.088133103691101,127.84903149474265,55.27744469355014
28127086,-3.885437,-4.995019,0.23862210369110115,154.4202348463129,254.8191994464124
28150630,-1.828538,-1.759432,1.9337971036911012,80.83213467054472,266.420945594127
28150632,-3.915563,-5.528815,1.191783103691101,122.998803321105,263.7762996761164
28153155,-3.421328,0.765419,0.7850411036911011,190.8666039868143,48.80758486167622
28143908,-5.73776,-3.44684,0.2568081036911012,155.88951427901253,186.58671015643105
28150639,-1.881579,-1.524066,0.7690121036911011,169.90432370531263,249.9354802095121
28150647,-3.521497,-5.016993,1.043202103691101,129.36599666048193,266.35697193856674
28147020,-5.315529,-3.124253,1.903107103691101,99.63860001088824,180.48733165348415
28153183,-13.040862,-1.624025,0.1273141036911012,149.21697948510473,64.63867468415216
28143927,-2.503617,-0.961726,1.961045103691101,78.95897853449421,188.7687952008049
28150662,-2.158044,-2.235356,0.46311010369110106,175.15178451433508,256.899948999582
28150663,-2.280041,-2.453837,0.3197261036911011,178.3219903566118,256.86028866894713
28147027,-5.511173,-3.301375,1.681765103691101,108.77521754837426,181.95186124585936
28150665,-3.321515,-5.051704,1.218626103691101,123.22652913902148,273.131290599986
28150677,-2.699942,-3.835093,1.131604103691101,130.44923602643308,272.85425365654646
28150679,-2.37934,-3.269279,1.393221103691101,119.98205484688656,275.44393214545727
28111043,-3.837631,-4.985032,0.5984131036911011,143.62332816170397,256.46963436484674
28153202,-5.597461,0.042869,0.7036091036911011,163.4499746175702,65.97542154124858
28150684,-3.253812,-5.019068,0.38975710369110106,151.52699838069083,271.8900284517952
28150685,-3.129764,-5.055499,1.1223001036911011,126.8116037806462,278.53374254341327
28150686,-2.233592,-2.66517,-0.107055896308899,194.2643420844261,262.16028719683084
28153215,-4.58353,0.12628,1.1715631036911012,144.47856759738968,66.16545130012972
28143950,-2.258662,-0.139614,-0.052967896308898865,243.5198079566496,174.0539545377655
28150687,-1.768831,-1.664825,-0.06099689630889893,214.17701174114248,257.2996961097431
28150693,-2.302151,-3.036747,0.49882610369110103,164.2570492933747,269.6043682171978
28143956,-2.372828,-1.018992,2.017537103691101,72.47697130822806,198.72288285020983
28150694,-2.430108,-3.282459,0.29010710369110104,170.0538298852175,268.86430996599853
28150698,-2.39499,-3.193398,0.0016711036911010169,182.43694409982947,267.3523733231947
28153227,-5.437468,-0.077987,0.834492103691101,157.04447025565298,72.18245975801491
28147040,-6.630827,-4.288496,1.243570103691101,122.6365573097207,184.680497419749
28150708,-1.475773,-1.26939,0.22300510369110116,212.8727722509527,261.6255248089726
28150709,-1.781453,-1.942561,-0.2642488963088989,217.75706876890203,263.3305491504971
28153240,-3.824873,0.253109,1.2075931036911012,146.95767144723985,70.87980997078174
28153241,-4.24874,0.157896,1.0961781036911011,151.21320609074013,72.26276002266633
28153246,-3.467019,0.317089,1.306907103691101,141.80676278633152,70.6970333012776
28147048,-5.2922,-3.115839,1.112932103691101,130.30919913319843,184.4372614312456
28147051,-4.72417,-2.605916,1.041393103691101,135.542581952667,184.0243873179523
28147060,-6.251317,-3.981045,0.6473801036911011,141.12657131291064,187.08338830218807
28147063,-2.39978,-0.060486,-0.12398889630889887,246.4095839346405,164.66258621281463
28124526,-0.584094,0.693702,-0.02335689630889881,388.9132855283343,228.52838036368397
28140435,-2.336116,0.274445,0.006411103691100983,252.65391849558569,144.57046099616784
28121388,-0.51392,0.695311,0.006952103691101108,395.7849426637838,236.79195896067444
28141720,-0.597332,-2.301066,1.5150871036911011,113.72176137861608,368.9239698764136
28143971,-2.207439,-0.200826,-0.038230896308898865,241.9977679112092,179.44256224658827
28147071,-5.457344,-3.133084,0.0989801036911011,163.26095523144105,185.5823230173787
28153268,-2.930599,0.548474,0.989795103691101,177.39947201124463,74.39510208224675
28138199,-3.86244,-4.152646,1.100840103691101,129.32345193028547,242.28149386248845
28153277,-2.345717,0.535685,1.551547103691101,122.4557804696644,70.66495484130246
28153279,-3.81285,0.163118,1.1431691036911011,150.73446404119557,80.00564384452878
28153282,-2.481212,0.471792,1.572049103691101,119.22634754684157,73.1208315909414
28150786,-1.369756,-2.36711,-0.0008508963088988963,203.65430294186837,293.9368893166451
28153284,-2.90194,0.378375,1.407111103691101,136.08080283384788,76.85623592157981
28153285,-2.686357,0.468219,1.3652411036911012,142.72011149650774,75.69448327923774
28153286,-6.712473,-0.543516,0.171603103691101,173.20695997408234,86.56581011357423
28153287,-4.63325,0.055243,0.566210103691101,177.40305760809613,83.8131723043675
28138201,-3.288773,-3.396305,1.793007103691101,100.55719305180833,244.6590188178371
28150803,-1.173436,-2.16796,0.17015710369110115,201.44706632125784,301.83776857037594
28153297,-2.232942,0.529128,1.636167103691101,110.20294741681896,71.5534258672574
28147082,-2.512123,-0.990541,2.0363991036911013,71.84263021401952,189.32235795161225
28153308,-3.886238,0.289932,0.5025341036911011,192.58071889654343,85.7910334203342
28153309,-4.7798,0.083706,0.14984110369110115,196.2649330476821,87.80756102108003
28153313,-2.305215,0.490666,1.588479103691101,117.09027105791054,76.65399230295495
28153315,-2.184299,0.985623,0.31872110369110107,271.212292742331,77.80082615380283
28153323,-3.457193,0.375136,0.5775431036911011,195.84637441076757,88.0137932817338
28153331,-1.759399,1.015777,0.6098051036911011,270.4831210987249,76.38946250268575
28117518,-2.223996,-0.400559,-0.010318896308898928,233.9827062672805,188.75545414952
28153344,-2.240042,0.456454,1.597907103691101,115.53986079164764,83.70190621896691
28153349,-8.168724,-2.295221,2.668125103691101,75.79189911104834,99.59277310224527
28153351,-5.873221,-0.593351,0.3017571036911011,172.93414739782432,98.66188845286436
28153353,-1.617433,0.993976,0.7429711036911011,263.5294239099512,78.87704364445585
28073515,-5.712794,-2.78571,3.5936511036911014,16.713413074159007,148.842163599607
28143990,-2.207418,-0.305502,-0.0674398963088989,240.2928391327246,185.18587947428915
28153364,-2.722661,0.234116,1.544043103691101,121.11251412686428,92.93641140750842
28069750,-6.260226,-1.006922,3.245894103691101,22.47286944924028,60.56199430898141
28153368,-1.484951,0.993085,0.8253161036911011,262.5348532020749,80.93524638597805
28150897,-0.843112,-3.930121,-0.08684289630889896,190.01168646721413,341.2665402535529
28153377,-24.094646,-10.163178,4.900808103691101,75.66484532489457,110.43749096261024
28153378,-2.643712,0.235213,1.5366461036911012,121.99178947212468,96.08141715346729
28147106,-2.311727,-0.244435,-0.022565896308898825,237.291228884469,177.13884092078416
28117579,-1.978219,-0.642926,-0.012998896308898944,232.53385342821403,211.27285169617755
28153386,-2.33001,0.617452,0.7670251036911011,211.1698997792815,95.84257114182752
28117583,-4.203331,-4.348458,1.261927103691101,122.7320238386234,236.99045180292745
28117584,-4.06108,-4.07081,0.110582103691101,162.7032787882589,235.19743354337388
28153391,-2.349302,0.783236,0.2283851036911011,259.95929547552976,97.04808854181
28153395,-2.434509,0.280647,1.5792951036911012,117.32425716694704,98.0427331538454
28153396,-2.505427,0.276317,1.494421103691101,127.25587008217236,98.75790395479086
28153397,-3.71944,-0.202761,1.289978103691101,137.61539174204194,104.79791297433722
28132937,-3.745181,-5.806859,0.18212910369110102,152.69914718872874,269.27474166776807
28153407,-2.511315,0.271931,1.431978103691101,134.19249290649634,101.25004654793274
28153412,-4.114224,0.323689,-0.9993968963088988,257.962761272926,108.36260433851209
28153417,-39.790642,-13.665753,-9.5906698963089,179.95748967625318,118.064689650582
28153418,-2.248297,0.571337,0.8291681036911012,206.0540858052024,101.85239409942984
28147124,-2.237643,-0.272511,-0.08021989630889892,241.28525482440728,182.3034387831611
28153419,-3.545184,0.280357,-0.134475896308899,231.600657757733,108.35963423292762
28153427,-2.593769,0.201417,1.425718103691101,133.81051142277997,105.332861436106
28150960,-1.113515,0.296614,1.7655531036911012,72.86941784778648,188.9873234644864
28144009,-2.167325,-0.415964,-0.07359089630889892,238.20097349307932,192.46917276967568
28153433,-1.847136,0.600284,1.2660181036911011,167.59587763308454,99.23062484978465
28153434,-1.99172,0.605507,1.037911103691101,192.74366776224815,101.39128253852358
28153437,-1.963722,0.538203,1.2585761036911012,164.74385561098043,101.936040093423
28153438,-1.960326,0.600006,1.074335103691101,189.19062994860752,102.0997859080754
28153439,-2.326447,0.522916,0.7666221036911011,207.96066946959505,105.79722068550171
28153440,-2.161367,0.605569,0.7594421036911011,216.17503398720257,104.39514010025164
28153441,-2.774547,0.486159,0.21587510369110108,235.4845480881165,108.57314798274112
28153442,-2.478462,0.664079,0.11426610369110102,257.4557248445414,106.81016763292467
28153446,-4.934127,-1.247453,2.249428103691101,76.46325396563512,117.08572618241772
28153453,-9.221373,-1.063536,-4.924157896308899,261.69104486801945,118.96008055009806
28144026,-2.139391,-0.486696,-0.06953089630889897,236.52743618704588,197.0462071084796
28153475,-6.06746,-1.498246,0.8396761036911011,145.23650635366224,123.25635092635784
28151008,-2.326213,-1.132481,1.9742381036911012,77.23371693599131,207.96795808187264
28144032,-4.348667,-4.037507,1.847620103691101,100.58531716256566,226.8126859524475
28138266,-0.955507,-3.179012,0.19581710369110117,186.54445654921795,330.68419610553025
28151015,-4.10263,-3.163108,2.259915103691101,79.31663714293205,211.8637400874615
28151016,-5.235017,-4.533697,2.058453103691101,94.60143521650784,215.08579846199467
28151016,-5.235017,-4.533697,2.058453103691101,94.60143521650784,215.08579846199467
28151018,-2.45868,-1.339392,2.040630103691101,73.78040182392917,211.0420041772249
28151022,-1.882061,-0.686741,0.033412103691101036,230.8291637496073,217.6959376776057
28151022,-1.882061,-0.686741,0.033412103691101036,230.8291637496073,217.6959376776057
28153490,-6.646079,-1.909153,0.8733091036911012,140.79631467387514,127.04268109843868
28153491,-2.166246,0.450987,0.9502781036911011,192.5215638926344,114.07715435887845
28151032,-41.63464,-48.078819,8.992151103691102,78.84176768569549,220.6419873285022
28079895,-4.827909,-5.0898,3.989205103691101,12.194443181171522,235.46217784224385
28153496,-1.89477,0.619223,0.8465541036911011,216.74723028466607,112.29906919119612
28151041,-1.744417,-0.699612,1.9105211036911012,73.96460440082052,220.9623891295687
28144046,-3.669364,-3.292615,1.974783103691101,92.40036385412776,229.36387215533156
28117672,-3.862893,-5.301685,1.2045111036911011,123.01654066390634,261.83826881523805
28104305,-4.434563,-2.226948,0.033182103691101084,176.95742589323453,185.130722951912
28153509,-4.321719,-0.810787,1.105810103691101,142.56637133613677,127.15140323756262
28151063,-2.993644,-2.692909,0.22024410369110115,174.79209419102602,236.70009572830423
28147156,-2.547122,-1.539917,2.081886103691101,72.47293770445927,215.767456890895
28153515,-1.441505,0.795032,0.998367103691101,227.18849764900065,107.88939933318986
28151084,-2.662489,-2.128367,2.051349103691101,79.48787100707077,233.71981513637837
28153520,-2.414281,0.22764,1.058100103691101,172.0125606812551,121.46584549691252
28151092,-4.000865,-4.393422,0.37212710369110114,152.95679148689604,242.4782219882593
28151092,-4.000865,-4.393422,0.37212710369110114,152.95679148689604,242.4782219882593
28153526,-1.647799,0.671256,0.982548103691101,212.87286664992857,113.98798878732758
28151095,-2.949081,-2.539585,2.2773881036911012,68.0811081471414,234.69069697079243
28153532,-2.58269,0.161709,0.848228103691101,185.8245693996633,125.50047754776764
28153533,-2.387927,0.264942,0.8757121036911011,189.47965858748293,124.19996416979887
28153535,-3.617593,0.095951,-0.887214896308899,257.8089576081326,128.89807910238784
28151110,-4.271756,-4.762363,1.672367103691101,107.3254006994463,243.04691718434475
28153543,-1.277316,0.834548,1.054144103691101,231.13923058111655,109.9194359787993
28126565,-5.257186,-2.275604,3.145225103691101,32.17980062482562,144.22216990517902
28153549,-1.277949,0.82075,1.0802941036911011,225.954021036564,110.88029184016855
28134468,-2.591716,0.622677,-0.04990589630889897,261.9366316276865,110.68794111864705
28144067,-2.078887,-0.673625,0.003586103691101128,228.67693747873503,207.8507185252448
28153558,-1.377961,0.531245,1.754743103691101,77.69532092454662,117.04963504378584
28144071,-2.089294,-0.676801,-0.09209189630889902,233.40690056248516,207.9294968086438
28153567,-1.659774,0.370959,1.6736151036911011,100.8163438949608,125.8308276840975
28153568,-2.322356,0.207914,0.8847191036911011,188.4388591398046,131.7983105482872
28153570,-3.806377,-0.131449,-1.081780896308899,255.6427924044918,137.12751713964786
28153580,-1.384486,0.496373,1.7562201036911012,78.1262398445491,123.3026779564006
28153581,-2.193326,0.439837,0.23575410369110106,249.3299246979486,133.61318707017034
28153599,-2.861127,-0.581212,1.980521103691101,77.66857487855066,146.36947864858595
28153603,-2.376243,0.314059,0.08597910369110107,248.2319588139576,138.70606217973764
28153604,-3.53424,-0.162651,-0.9098308963088988,253.72894196064996,143.1555825053532
28153609,-1.638626,0.327062,1.661132103691101,102.97546552690324,134.36525874949285
28151163,-4.172196,-4.952647,2.492985103691101,75.09562059934763,250.10601767513592
28151163,-4.172196,-4.952647,2.492985103691101,75.09562059934763,250.10601767513592
28153625,-2.135514,0.37634,0.2513461036911011,247.4719934958538,140.89211946552985
28144105,-1.964365,-0.749946,0.05130110369110108,226.37480884002724,216.33393634408975
28153630,-11.988708,-7.443463,3.366859103691101,77.74623904570564,161.59252029199553
28151188,-4.803727,-6.363167,2.6698061036911014,75.1499259058343,256.7699534867872
28151188,-4.803727,-6.363167,2.6698061036911014,75.1499259058343,256.7699534867872
28147178,-2.173412,-0.522516,-0.10684489630889882,236.70152432910123,197.43487347708535
28147178,-2.173412,-0.522516,-0.10684489630889882,236.70152432910123,197.43487347708535
28151192,-5.259039,-7.306709,2.657801103691101,79.2936813817152,259.1464535398294
28151192,-5.259039,-7.306709,2.657801103691101,79.2936813817152,259.1464535398294
28153642,-2.59037,-0.501613,1.947473103691101,77.77845003851061,153.60629045823862
28153643,-1.718099,0.20816,1.681508103691101,100.2403096897764,143.55904772642327
28151203,-3.875138,-5.112411,2.605725103691101,69.51973538259605,261.83185186539737
28151206,-2.328056,-2.555478,2.049708103691101,79.51134752193366,263.67812080298336
28153654,-2.524668,-0.139496,0.823218103691101,182.1090815379413,150.62128345096232
28153655,-4.994071,-1.644464,-0.14671789630889887,185.0076340456937,156.93888605467993
28153660,-12.695138,-8.825242,4.373451103691101,61.21470003694319,170.50142808282322
28147183,-4.092883,-4.147997,3.4207611036911008,23.691465772801,236.6120965051973
28153671,-1.821863,0.064943,1.691775103691101,99.68975738051888,152.64317531467336
28147188,-3.913129,-2.838546,0.09569310369110107,172.57291344702534,213.4888861894804
28144118,-1.971501,-0.848655,0.021519103691101105,225.24104622244832,220.1562803539809
28147189,-4.077227,-4.12068,3.269267103691101,31.748977625521743,236.42117533010077
28151225,-1.321687,-0.926526,1.872730103691101,75.65561920329199,270.8097309085151
28151229,-2.269198,-2.767732,2.049119103691101,80.19166085375286,272.4264411442493
28153684,-5.421397,-3.050962,2.558732103691101,70.79993097582513,172.34899918611794
28153685,-6.665509,-4.025276,2.592376103691101,78.06813056585472,172.78288504827964
28153686,-17.106779,-12.463612,3.6169721036911007,86.2124403006446,174.86421925786314
28151235,-2.384128,-3.524769,0.3594391036911011,165.47136329104862,275.30873124344635
28153689,-1.852123,0.371135,0.42597110369110114,244.17905233366005,151.5410842307155
28153693,-8.330679,-5.200256,2.102065103691101,98.9178683643582,172.74522227135685
28153694,-3.336639,-0.450695,-0.8519858963088989,248.29294621895303,160.0154006637661
28144128,-4.312101,-4.852285,0.20389410369110106,154.86393752873286,242.51062435591876
28144128,-4.312101,-4.852285,0.20389410369110106,154.86393752873286,242.51062435591876
28153697,-4.493061,-2.405471,2.603523103691101,58.78333276738661,174.35210148215205
28153702,-5.275127,-3.010502,2.3857921036911014,78.03797981809828,175.56472619669478
28144130,-1.9858,-0.910143,-0.094642896308899,229.4144780559609,222.1540916863718
28144130,-1.9858,-0.910143,-0.094642896308899,229.4144780559609,222.1540916863718
28153705,-26.345179,-19.881065,1.798987103691101,110.40098310632034,177.91800259899156
28153710,-4.734871,-1.854179,-0.08918189630889883,182.7537271098536,168.3578784777195
28153711,-1.922,0.266429,0.3560141036911011,242.41409062283316,157.71261771232793
28153716,-51.071781,-40.241283,-0.254749896308899,119.15841412941263,180.36112802630427
28153720,-6.493917,-4.271419,2.5908611036911013,78.18153436303899,181.7489072575389
28153721,-4.009485,-1.987384,1.994361103691101,89.86406145826828,177.3917269671166
28153722,-4.154375,-2.085928,1.9293041036911012,94.33750084728284,177.21516811113423
28153723,-17.657129,-12.876834,0.41784910369110106,125.34983591132324,179.66314875604695
28153724,-4.977041,-1.62018,-2.281346896308899,246.27387961034825,169.6407795772921
28144139,-1.912107,-0.861227,0.05318310369110102,224.37504061700616,223.45293649030293
28153729,-4.068966,-2.041863,1.8561071036911012,98.10678759877678,178.62760211349644
28153730,-12.769511,-8.920636,0.2762141036911011,132.4954890431212,180.2122235059392
28153735,-53.006287,-41.573593,-5.690378896308899,138.22668176208794,182.15960983490405
28153736,-11.959884,-8.170314,-0.18483489630889882,141.12080205344597,180.1757616509927
28144147,-1.924309,-0.95167,0.029452103691101073,223.1024822497606,226.46187331843524
28153742,-4.196913,-2.143839,1.674998103691101,108.13966944333632,179.7648091107829
28153744,-1.4755,0.161358,1.7853621036911012,78.91070203916419,166.6759660556816
28153745,-3.820982,-1.803575,1.554942103691101,114.5669765507282,179.32077178476368
28153746,-15.956746,-11.458981,-1.325724896308899,146.8660342154812,181.9980665128353
28094644,-0.529571,0.507883,0.008240103691101064,367.8319210207836,250.4541875704402
28094644,-0.529571,0.507883,0.008240103691101064,367.8319210207836,250.4541875704402
28144148,-1.940827,-0.945665,-0.07725889630889893,228.49096181013493,225.5806787155972
28153754,-12.200114,-8.38726,-1.2697518963088987,156.08648445943112,182.4495039084268
28153758,-3.135769,-1.209509,1.3791151036911011,127.12647516529364,179.09000274264142
28120545,-2.28162,-0.162583,0.01786510369110106,238.28715894321715,173.56478907351993
28153764,-4.094486,-2.061623,1.195228103691101,132.11902068453406,182.78574935015632
28153765,-9.374236,-6.175158,-1.0117998963088988,163.42861380180355,183.80929099758225
28153771,-3.575042,-1.595442,1.056213103691101,142.72633502629975,182.5377620524916
28153773,-5.110208,-3.266207,1.722825103691101,106.73341895277946,189.7740888700854
28153773,-5.110208,-3.266207,1.722825103691101,106.73341895277946,189.7740888700854
28153778,-3.618791,-1.633,0.883470103691101,151.09320678898183,183.6874675411763
28153780,-3.943349,-1.728853,0.145608103691101,180.9134253551512,182.09503004931503
28153783,-2.165946,-0.620396,1.9067631036911012,78.77947352382571,186.364521166264
28147223,-2.078934,-0.666176,0.008258103691101137,228.626876015445,207.501814207243
28153784,-3.723291,-1.716442,0.7477421036911011,156.4836995669431,184.3381096830783
28144156,-3.530292,-4.653263,2.983724103691101,46.74358953992035,265.76278962793486
28153785,-1.636831,0.26392,0.537536103691101,237.90337400804992,170.88601125003856
28144161,-2.437576,-2.68098,2.5975641036911012,40.27094535560008,264.24601911887385
28070055,-5.676009,-2.628163,3.122992103691101,41.27915582705609,148.30019335254264
28124763,1.219235,-8.041595,0.08134610369110118,160.09473930058925,447.0436828847635
28153803,-1.999123,-0.533618,1.882542103691101,79.06887877641336,191.04837232030476
28153806,-1.567898,0.245663,0.5736201036911011,236.46147080529408,176.22195722506368
28153807,-2.005179,-0.086183,0.12682810369110098,241.51839109113152,180.5967251148772
28123725,-2.513155,-0.924702,1.963749103691101,78.52307140897423,186.03270022451545
28153818,-1.440108,0.008507,1.790933103691101,79.26948141323376,188.4151308309025
28153826,-1.683403,0.086351,0.4594051036911011,234.80411579706092,182.8824386637942
28153828,-4.663079,-2.825894,-0.21425589630889896,178.73142842887728,196.04110525514747
28153828,-4.663079,-2.825894,-0.21425589630889896,178.73142842887728,196.04110525514747
28147239,-2.080203,-0.724194,-0.10409689630889885,232.92033036528213,210.39578069229623
28153831,-2.160765,-0.749433,1.6559081036911012,106.06275557352136,197.6425936895204
28153831,-2.160765,-0.749433,1.6559081036911012,106.06275557352136,197.6425936895204
28140565,-2.19849,-0.148813,-0.019476896308898928,242.87239127611565,176.80706381884497
28153834,-2.696617,-1.495597,2.0158561036911014,79.0497316303358,206.5929405378639
28153835,-97.67234,-107.063072,8.9040561036911,97.511727188063,213.50866254186224
28153835,-97.67234,-107.063072,8.9040561036911,97.511727188063,213.50866254186224
28151429,-0.288582,0.487624,1.574276103691101,119.68961862319284,372.8606478550523
28153845,-2.187205,-0.421798,-0.08821689630889895,238.3520611868956,191.98217150557213
28153845,-2.187205,-0.421798,-0.08821689630889895,238.3520611868956,191.98217150557213
28153847,-2.250547,-0.508311,-0.05803589630889894,232.90022460494092,193.12383294495288
28153847,-2.250547,-0.508311,-0.05803589630889894,232.90022460494092,193.12383294495288
28151435,-1.146727,-10.257105,0.02490810369110119,145.92801330916248,366.54240806995085
28153848,-27.024607,-29.454063,3.672580103691101,97.20244460587352,216.56361773785497
28153848,-27.024607,-29.454063,3.672580103691101,97.20244460587352,216.56361773785497
28153850,-3.931718,-2.377963,0.14990710369110105,174.46670737059017,201.2894175655132
28153850,-3.931718,-2.377963,0.14990710369110105,174.46670737059017,201.2894175655132
28153851,-18.067877,-19.087593,2.3312591036911012,103.66355484394492,215.97863004353516
28153851,-18.067877,-19.087593,2.3312591036911012,103.66355484394492,215.97863004353516
28153858,-17.819195,-19.541569,3.0069151036911013,96.8677466080212,219.80786854430528
28153858,-17.819195,-19.541569,3.0069151036911013,96.8677466080212,219.80786854430528
28153862,-2.181552,-0.5202,-0.11247989630889887,236.88246240967823,197.00803993978167
28153862,-2.181552,-0.5202,-0.11247989630889887,236.88246240967823,197.00803993978167
28151459,-1.649877,-21.929996,-0.9159698963088989,138.25127770840783,374.9755906861623
28153869,-4.465018,-3.150048,-0.19259689630889887,176.56858948802332,207.703471627656
28153869,-4.465018,-3.150048,-0.19259689630889887,176.56858948802332,207.703471627656
28153871,-9.916139,-10.580275,2.517995103691101,94.41327516454275,222.8328508374992
28153871,-9.916139,-10.580275,2.517995103691101,94.41327516454275,222.8328508374992
28153872,-2.19743,-0.618807,-0.05430289630889895,230.78967569229133,200.42370580931137
28153872,-2.19743,-0.618807,-0.05430289630889895,230.78967569229133,200.42370580931137
28153876,-2.713267,-1.81234,2.035606103691101,79.37188555423495,219.40881663093228
28144175,-1.869243,-0.992932,0.04413810369110105,222.3256484148125,230.69417392894363
28153884,-4.73599,-3.554652,-0.5490348963088989,182.4327264475256,210.7965536439549
28153884,-4.73599,-3.554652,-0.5490348963088989,182.4327264475256,210.7965536439549
28153886,-2.207711,-0.69374,-0.17476989630889883,234.6916952654047,203.8404842465948
28153886,-2.207711,-0.69374,-0.17476989630889883,234.6916952654047,203.8404842465948
28151503,-0.648248,-17.961794,0.46940210369110114,124.034622439839,393.3460828347588
28153899,-4.375362,-4.51849,3.025821103691101,50.20720249964822,236.16251070925293
28153899,-4.375362,-4.51849,3.025821103691101,50.20720249964822,236.16251070925293
28153900,-5.452405,-5.486967,2.061558103691101,95.81706395739435,227.9467905021842
28153900,-5.452405,-5.486967,2.061558103691101,95.81706395739435,227.9467905021842
28153904,-2.321055,-0.92355,-0.21411589630889893,228.6417165406841,208.5314200654257
28153904,-2.321055,-0.92355,-0.21411589630889893,228.6417165406841,208.5314200654257
28153914,-1.986572,-0.64465,-0.02096089630889897,232.7339073640325,210.9833711163353
28153914,-1.986572,-0.64465,-0.02096089630889897,232.7339073640325,210.9833711163353
28153919,-3.648407,-2.869183,0.16133510369110104,171.45710571283408,221.2299815450537
28153919,-3.648407,-2.869183,0.16133510369110104,171.45710571283408,221.2299815450537
28153924,-4.665091,-4.873593,1.963794103691101,97.22242046676784,235.2236627524353
28153924,-4.665091,-4.873593,1.963794103691101,97.22242046676784,235.2236627524353
28153929,-4.600265,-4.851284,1.7506461036911012,104.8485101883667,236.37742455717367
28153929,-4.600265,-4.851284,1.7506461036911012,104.8485101883667,236.37742455717367
28153932,-1.4341,-0.101658,0.5638141036911011,226.59438987914444,211.04390413227165
28154271,-1.329669,1.569813,-0.28095189630889883,444.7293804019767,59.62755337819869
28154288,-2.758481,-0.720646,2.037693103691101,71.99238716469847,159.82341949969407
28154294,-0.554821,1.185673,1.0178911036911011,421.189235204739,95.03064073756364
28154302,-5.927238,-3.351285,1.099718103691101,129.48257318400172,177.4518910846083
28154307,-2.676936,-0.74981,2.029364103691101,72.2035862692151,165.81264717457046
28154310,-5.436794,-2.984388,1.4457231036911011,118.1180683362916,176.363226589072
28154311,-5.41476,-2.976332,1.305901103691101,123.449038947165,177.32840854864688
28154312,-5.982446,-3.426837,0.35303210369110105,152.4452012112163,181.2951545785156
28154313,-5.946726,-3.393491,0.254767103691101,155.57572950912288,181.5969597427589
28154316,-5.502406,-3.058722,1.561075103691101,113.59709168031952,176.3696955547008
28154320,-0.368986,1.145609,1.3251901036911011,441.95120910265456,97.01564740665955
28154322,-5.622535,-3.133277,2.215323103691101,87.29214831998243,172.30102843313566
28154334,-5.488777,-3.21157,1.045755103691101,132.1816882313077,182.98172194802635
28154335,-5.314024,-3.071738,0.9218721036911011,137.2302413745628,183.6941087716178
28154355,-2.711491,-0.89839,2.044985103691101,72.32202109646292,173.56781873788617
28154358,-4.791488,-2.639421,2.042802103691101,91.48321163883202,177.9790541770389
28154376,-2.461169,-0.77803,1.9649161036911011,76.79460618408947,179.5349464112702
28154394,-7.411095,-5.378932,1.7996911036911012,106.17803603458547,190.63053343784333
28154395,-2.555692,-0.95799,2.023069103691101,73.34825192179025,185.23512659250875
28154422,-1.807364,-0.43082,1.651680103691101,105.3755782404931,199.14016221478823
28154459,-4.993672,-4.071687,1.9530051036911011,97.6518996654424,211.11361994646344
28154469,-8.524164,-8.293632,2.377450103691101,94.21757707187764,215.7235677334186
28154470,-20.817696,-22.384933,2.4959101036911013,103.22349983848324,216.8412858622456
28154485,-8.600729,-8.924239,2.3259091036911013,95.800149798716,222.09513514535345
28154498,-1.629979,-0.614852,1.8905591036911011,74.0907879331908,224.57025264354203
28154508,-4.769983,-4.643633,2.431839103691101,79.05818857777527,228.1031880496268
28154540,-4.134571,-4.05381,2.592389103691101,66.7523274099234,232.98518580630105
28156981,-3.95259,-0.430011,2.091495103691101,76.25155528748164,95.51021445273427
28157020,-4.986722,-1.056082,2.2399751036911013,76.45522834603344,106.24851092332896
28157026,-7.62332,-2.151973,1.948496103691101,101.4814767676382,109.8727271800008
28157039,-65.762764,-15.599577,-43.9973658963089,256.3160858818901,119.7743284099996
28157057,-5.117048,-1.292533,2.269070103691101,76.58209202634615,114.93331959196446
28157076,-4.345101,-0.66268,1.2456581036911012,135.60439104967386,116.94936401897549
28157083,-3.654813,-0.347336,1.259789103691101,138.87622197436772,116.6405820221592
28157093,-3.205148,-0.14851,1.236230103691101,144.269838779439,117.5742322193756
28157102,-4.026721,-0.884171,2.124383103691101,76.99723087307572,122.5462659207569
28157103,-2.537658,0.015824,1.7148081036911011,101.01728653446128,116.89290044496028
28157104,-3.499691,-0.336963,1.259272103691101,139.58378034970383,120.56159645233669
28157126,-2.295767,0.102229,1.703405103691101,101.00057098520716,119.87947939270704
28157127,-8.960703,-1.781754,-4.626443896308899,252.05282732425877,133.21168059738528
28157130,-2.211579,0.45664,0.5642481036911011,225.4408476596289,123.1264749091006
28157137,-6.642222,-2.593733,2.511800103691101,76.93518809326451,133.78854025959834
28157138,-2.460463,0.22958,0.8542031036911011,189.0533606775901,124.7352370564782
28157147,-2.059985,0.199901,1.6765891036911011,103.2193713822132,122.43507478759057
28157149,-87.660912,-38.927933,-27.735761896308897,185.40476905448435,136.6950589121519
28157156,-3.620313,-0.857366,2.081601103691101,77.07354257055707,134.1812723284039
28157174,-1.724906,0.187685,2.093722103691101,21.155688627279773,129.899064301105
28157175,-5.599737,-2.20795,2.375927103691101,77.14878712394733,141.78351045506486
28157188,-11.725555,-3.659081,-6.8740648963089,248.2933370771437,146.75827194058564
28157195,-2.614523,-0.350302,1.940496103691101,77.56627370253238,140.5171514130222
28157217,-2.458997,-0.470303,2.365606103691101,22.97472497019405,149.253831904842
28157226,-2.83508,-0.214323,0.729317103691101,183.0394669342837,144.73179788137674
28157229,-1.438154,0.388073,1.7712461036911011,77.67571943434172,137.0938446864259
28157237,-2.271784,-0.174987,1.7151071036911012,99.8410021216474,147.98910573638472
28157254,-2.756563,-0.260324,0.7009831036911011,185.09721335198796,150.99524419162088
28157263,-2.943784,-0.414434,0.672269103691101,181.81313050311704,153.45679204281754
28157266,-0.435946,1.158955,1.1700061036911011,438.2642213037226,107.25181469788532
28157271,-1.566063,0.218479,1.7935881036911012,78.17739665797001,150.5495396277576
28157272,-2.235319,-0.244603,1.717114103691101,99.52048586724484,156.03077216774142
28157274,-29.998222,-15.164518,-21.390876896308896,242.8275767017172,165.22987539461548
28157285,-2.284202,0.070717,-0.010473896308898833,247.61030973689344,160.19630225211682
28157288,-5.674199,-3.23737,2.594899103691101,71.20426892538106,171.95057103033204
28157289,-4.844696,-2.500263,2.302190103691101,78.29996864530676,170.36479019863427
28157294,-2.379158,-0.023615,-0.009278896308898998,241.8664109117816,161.9124630231491
28157296,-9.024011,-5.914187,2.6265331036911013,86.80116936872952,174.07515513839374
28157303,-4.208191,-2.08603,2.213138103691101,78.20647320389253,173.54384145444092
28157304,-5.373916,-2.934398,2.011590103691101,94.99825867259524,173.23518452704124
28157305,-4.558383,-2.224703,1.819114103691101,101.42297086564297,171.7277616848674
28157307,-1.502023,0.477469,0.623931103691101,246.6258386767879,158.38499640778684
28157308,-2.515747,-0.164541,-0.13262189630889898,240.8527790165204,165.91098217678297
28157310,-12.262322,-8.513941,1.9499121036911011,105.98279215139318,176.75466593004683
28157311,-6.99415,-3.610524,-0.32409789630889896,166.53948416659995,171.2180467827833
28157314,-11.70899,-8.043406,1.6401651036911011,111.29225700033425,177.09813472701376
28157316,-4.927743,-2.822077,2.337850103691101,78.08201166697197,178.53624411178004
28157318,-2.164726,0.024142,0.05379910369110119,245.4835349667672,167.36557319025982
28157322,-4.380143,-2.303287,2.059023103691101,88.48552172842687,177.6622883667206
28157323,-8.740664,-5.662378,1.363072103691101,117.64742720062544,177.6754667194768
28157324,-6.874863,-3.656742,-0.29205189630889894,165.9154954004972,173.80643587824198
28157327,-12.67238,-8.790781,0.7475671036911011,125.5757836962213,178.74140338664978
28157333,-8.24052,-5.262442,0.8794771036911011,129.67537140817203,179.2164064732021
28157334,-2.328162,-0.148281,-0.00616989630889897,238.9605563326422,171.07672825334828
28157337,-3.23781,-0.987852,0.5194761036911011,178.7402299099196,173.033052096378
28157341,-4.13549,-2.066888,1.570039103691101,113.5656474317435,179.49847225394112
28157345,-1.406498,0.449672,0.6821271036911011,243.66801079469764,166.6679463270275
28157347,-4.356914,-2.271036,1.437594103691101,119.78221107502586,181.079240625826
28157350,-4.468606,-2.349283,1.2823441036911012,126.63080968264556,181.51657269510216
28157351,-13.968117,-9.828005,-1.7176948963088987,156.29008411019169,182.83453589737863
28157354,-6.351759,-3.385724,-1.1395508963088987,190.1825202795651,179.79062967079284
28157355,-2.397741,-0.270496,-0.0860878963088989,237.95948284907684,175.58886241718756
28157357,-11.066515,-7.501003,-1.2463808963088987,159.8028865043392,183.0867934699517
28157368,-2.230937,-0.187128,-0.04992189630889898,242.50248015007256,177.80166032114067
28157372,-3.728771,-1.723828,1.030427103691101,142.73305934575504,182.69749161378667
28157375,-5.581421,-3.66337,1.7296961036911012,106.91578231677792,189.20112892742597
28157379,-4.983795,-3.228747,1.955001103691101,96.8159120773254,190.826851732973
28157381,-6.760976,-4.046252,-1.0008578963088988,180.7957230052458,185.1992453334093
28157382,-2.327373,-0.312845,-0.046315896308898985,236.18274744869555,180.2591424540152
28157384,-5.244938,-3.011696,0.3237061036911011,157.76954835560116,186.13645744653405
28157385,-21.192909,-16.056023,-6.340712896308899,176.7775203157763,188.21961852928655
28157387,-2.222758,-0.254999,-0.06747689630889897,241.5012928506134,181.9215617185437
28157396,-3.21269,-1.301569,0.49212410369110104,176.30435106781678,186.75973742032767
28157397,-55.048229,-42.506199,-44.5838188963089,235.0484890084445,193.13529013401572
28157405,-2.182549,-0.337145,0.033797103691101116,234.35526389644696,187.03632115639283
28157406,-2.292882,-0.420707,-0.15863589630889896,239.67111281293407,187.9463313122408
28157412,-3.621625,-1.78099,0.31570810369110114,175.73872111745737,191.78583930569167
28157415,-1.358065,0.319264,0.6765111036911011,238.9418989124357,183.05030356837625
28157416,-1.691483,-0.291588,1.8374381036911012,78.95982182299142,194.8080377741191
28157419,-2.41799,-0.600875,-0.18556189630889897,233.4547042563628,191.2722392084893
28157425,-2.365296,-1.008052,1.777243103691101,95.62003152773136,200.24612508284903
28157427,-5.495721,-3.676826,-0.448670896308899,175.1568695143203,197.95554850946564
28157441,-2.237732,-0.558044,-0.159598896308899,237.01218492595677,196.59527345689648
28157459,-6.544506,-6.044581,2.087716103691101,97.23284521794908,215.75602655906135
28157466,-2.091811,-0.539301,-0.05566689630889887,235.3161755311317,201.5427339436437
28157475,-7.736068,-7.781811,2.198080103691101,96.98774605063892,220.78863582671715
28157483,-4.049549,-3.539391,2.279087103691101,79.42448451866196,223.4151338546555
28157484,-7.63293,-7.843074,2.310103103691101,94.23303218836624,223.05038259195555
28157492,-2.087794,-0.656533,-0.08532989630889887,233.64695170897463,207.09442536061584
28157498,-2.092191,-0.716356,-0.018496896308898947,228.43772844620443,209.18396860654545
28157499,-2.090122,-0.71321,-0.10066589630889888,232.8377253887589,209.47525410131703
28157500,-5.441166,-5.366738,2.052242103691101,96.00395813133832,226.1350936395424
28157525,-2.151539,-0.916585,-0.21403389630889902,231.9432674071112,215.31742409611584
28157548,-1.951373,-0.777096,-0.03244889630889891,230.4080125244584,218.32187051076744
28130586,-0.360078,-7.800888,1.426774103691101,111.4017390445856,400.9013164837634
28129768,-5.658822,-4.103721,-0.06835189630889893,161.92987034312873,202.1209943634771
28129768,-5.658822,-4.103721,-0.06835189630889893,161.92987034312873,202.1209943634771
28153942,-4.827866,-5.637063,2.4910611036911012,79.65132841288701,244.7605905864768
28153942,-4.827866,-5.637063,2.4910611036911012,79.65132841288701,244.7605905864768
28147255,-4.020888,-3.954815,0.5599721036911011,148.924561220787,234.08094182499804
28147256,-3.338141,-2.872653,0.3942491036911011,164.32628565286348,230.12736038463015
28147256,-3.338141,-2.872653,0.3942491036911011,164.32628565286348,230.12736038463015
28151551,-0.061858,-4.083594,1.523434103691101,109.54933438150512,419.6130496565945
28127405,0.011651,-18.32415,4.488796103691101,46.14118732971619,437.6075742871407
28151555,0.285768,-9.430131,0.8125531036911011,129.3647212686997,417.2680216163391
28151557,0.241155,-4.739208,0.48522510369110106,164.4706114020974,413.3863295679888
28153947,-4.693619,-5.04896,1.360603103691101,118.12532409154494,237.489402791885
28153947,-4.693619,-5.04896,1.360603103691101,118.12532409154494,237.489402791885
28123749,-4.862963,-5.154253,3.867996103691101,19.23976727611736,235.79158220721263
28123749,-4.862963,-5.154253,3.867996103691101,19.23976727611736,235.79158220721263
28034345,-4.673805,0.264601,-0.029809896308898853,208.51645798976264,83.37996910744079
28153953,-4.129846,-4.168519,0.9059221036911012,135.91674370885715,235.40009964084825
28153953,-4.129846,-4.168519,0.9059221036911012,135.91674370885715,235.40009964084825
28147261,-4.702756,-5.121333,0.6254351036911011,140.65110021706175,238.2306739082487
28147261,-4.702756,-5.121333,0.6254351036911011,140.65110021706175,238.2306739082487
28147262,-5.061686,-5.454926,-0.05003589630889893,156.84702859226945,235.6817333092586
28147262,-5.061686,-5.454926,-0.05003589630889893,156.84702859226945,235.6817333092586
28151568,0.482167,-11.805039,1.206065103691101,114.74909137666512,426.2174792089564
28140580,-2.69457,-1.353853,1.7700071036911011,98.37112151897333,201.38546485235707
28153957,-4.505662,-4.614778,0.3628631036911011,150.76955048972832,234.29275696110483
28153957,-4.505662,-4.614778,0.3628631036911011,150.76955048972832,234.29275696110483
28133168,-1.043542,-2.707304,-0.002087896308898829,201.96771105936176,316.840569997095
28112606,-1.620402,-1.621224,0.028174103691101182,212.99461445160796,263.6474907762601
28153959,-3.000448,-2.925842,1.916590103691101,92.55223038756816,243.63157787126104
28120639,-4.745098,-5.014648,0.3543541036911011,148.72541072213204,235.5625761546889
28120639,-4.745098,-5.014648,0.3543541036911011,148.72541072213204,235.5625761546889
28151577,0.375507,-4.935257,0.4997091036911011,162.7811886921242,421.70350970190793
28153960,-4.674066,-5.001261,0.6460661036911011,140.49744919453974,236.95149087811797
28153960,-4.674066,-5.001261,0.6460661036911011,140.49744919453974,236.95149087811797
28120640,-4.785298,-5.000233,0.22947310369110108,152.17185272587375,234.46750866882556
28120640,-4.785298,-5.000233,0.22947310369110108,152.17185272587375,234.46750866882556
28130597,0.080946,-5.483872,0.05367810369110115,174.7016890148226,396.6516377443462
28130598,0.083898,-5.339684,-0.019482896308898878,178.9138676149644,395.3112465253421
28147272,-2.868468,-2.838417,1.9107151036911012,92.22498397063444,246.5509943669747
28147272,-2.868468,-2.838417,1.9107151036911012,92.22498397063444,246.5509943669747
28151583,0.387484,-4.32184,0.5044641036911011,168.8154107706805,424.0246283924114
28151584,0.274055,-3.141134,0.6676881036911011,173.91251448421707,423.45934092238303
28153965,-4.258442,-4.484602,0.833556103691101,137.08885329056696,237.95345547960795
28153965,-4.258442,-4.484602,0.833556103691101,137.08885329056696,237.95345547960795
28144187,-4.164165,-5.493074,0.9092131036911011,131.82283590838415,256.521996092108
28153966,-4.727229,-4.991054,0.12902510369110098,155.13200240425238,235.5406476177129
28153966,-4.727229,-4.991054,0.12902510369110098,155.13200240425238,235.5406476177129
28147273,-3.641951,-3.505252,0.23971910369110105,163.88447130569966,235.21096816123
28147273,-3.641951,-3.505252,0.23971910369110105,163.88447130569966,235.21096816123
28153968,-2.072399,-1.064128,-0.09527589630889888,224.03197711618049,224.01818038134056
28153968,-2.072399,-1.064128,-0.09527589630889888,224.03197711618049,224.01818038134056
28151591,0.741637,-9.694875,0.8433681036911012,128.190769047939,434.302386687472
28147274,-1.871338,-1.429673,2.304017103691101,39.33755508574589,252.0403435871649
28153974,-4.351076,-4.811096,1.238842103691101,122.60113144264857,241.58241824141865
28153974,-4.351076,-4.811096,1.238842103691101,122.60113144264857,241.58241824141865
28127421,-0.59411,-3.663948,0.01613610369110119,191.50609758210328,352.60368189103497
28147275,-4.216487,-4.554962,0.5230411036911011,146.88234991462815,240.06298895652563
28147276,-4.142487,-4.408349,0.43342410369110107,150.54338454688667,239.28885377268816
28147277,-4.223002,-4.492922,0.29775910369110103,154.09450359623662,238.74994348652075
28147277,-4.223002,-4.492922,0.29775910369110103,154.09450359623662,238.74994348652075
28153978,-4.00069,-4.263453,1.066568103691101,130.1136149401044,240.61629244529007
28144854,-1.610338,-2.874446,-0.27731189630889896,204.5204551342336,290.4374041912756
28144855,-1.16529,-1.560967,0.23728610369110115,210.59784307003855,288.80166226952247
28151598,1.809667,-15.226119,-1.704841896308899,169.27279601788592,427.953270267352
28151600,1.374348,-14.719304,0.2621551036911012,133.0582613813898,436.6482743351805
28115778,-1.972517,-0.685955,-0.02439789630889888,232.0540407392081,213.45603592231544
28115778,-1.972517,-0.685955,-0.02439789630889888,232.0540407392081,213.45603592231544
28153980,-3.176624,-2.744669,0.09040010369110107,178.1100746692778,232.12673149021984
28153980,-3.176624,-2.744669,0.09040010369110107,178.1100746692778,232.12673149021984
28151610,0.748276,-6.094049,0.2492221036911011,165.63514843276255,434.5027375013137
28153982,-3.495628,-3.447749,0.8146761036911011,143.57300646821375,238.355901022474
28141239,-0.463967,-4.260877,-0.06560689630889893,188.4040939805409,362.7272017350912
28127425,0.596679,-21.469198,4.696395103691101,49.59160613459099,446.8904819568787
28144858,-2.17306,-4.798463,-0.031327896308898984,170.72074010539865,299.5312029779561
28144193,-3.238941,-4.665898,3.5474311036911015,12.117361546127796,279.2326745546016
28144193,-3.238941,-4.665898,3.5474311036911015,12.117361546127796,279.2326745546016
28153986,-4.75856,-6.12639,2.508241103691101,80.00721904295588,254.12087109429424
28105893,-1.802583,-4.371987,0.7933281036911011,144.45268797581534,313.36324419283136
28153987,-4.300158,-4.710686,0.6858831036911011,140.97872898408383,240.77879458363947
28153989,-3.214463,-3.083014,0.7930961036911011,147.2256694602301,238.9461395510732
28147288,-3.541645,-3.535623,0.25591910369110105,163.56273203085877,238.59122121969563
28147288,-3.541645,-3.535623,0.25591910369110105,163.56273203085877,238.59122121969563
28153990,-3.375101,-3.174635,0.14234010369110117,171.13763787563084,235.82472147737724
28153990,-3.375101,-3.174635,0.14234010369110117,171.13763787563084,235.82472147737724
28153994,-3.888064,-4.397794,1.402320103691101,117.49303831148826,246.4641456508411
28153994,-3.888064,-4.397794,1.402320103691101,117.49303831148826,246.4641456508411
28153995,-3.815037,-4.2387,1.285260103691101,122.22572622239264,245.40009910353427
28153995,-3.815037,-4.2387,1.285260103691101,122.22572622239264,245.40009910353427
28153997,-3.051969,-2.701331,0.07611810369110117,179.94456727811763,234.9936355091337
28153997,-3.051969,-2.701331,0.07611810369110117,179.94456727811763,234.9936355091337
28153998,-0.572319,0.697696,-0.01137889630889899,390.14560553093327,229.51318786936716
28153998,-0.572319,0.697696,-0.01137889630889899,390.14560553093327,229.51318786936716
28127430,-0.556889,-4.137937,0.017862103691101083,185.6811381504989,358.4142239878018
28129782,-3.988371,-2.319182,0.131659103691101,175.32452798914997,198.28519337331116
28129782,-3.988371,-2.319182,0.131659103691101,175.32452798914997,198.28519337331116
28144194,-3.771651,-4.664127,0.10910310369110099,160.37806097855108,252.35319243984455
28144194,-3.771651,-4.664127,0.10910310369110099,160.37806097855108,252.35319243984455
28136972,-3.338132,-0.42784,1.6244161036911011,111.83086629197628,124.39544184781732
28154001,-4.009177,-4.697042,1.5462531036911011,111.80080808514016,248.72507888717007
28154001,-4.009177,-4.697042,1.5462531036911011,111.80080808514016,248.72507888717007
28154002,-3.60998,-3.644073,0.2128761036911011,163.99580211240283,238.83137058068596
28154002,-3.60998,-3.644073,0.2128761036911011,163.99580211240283,238.83137058068596
28147292,-4.428445,-5.42437,1.402927103691101,116.24786038838386,249.8665239277559
28147292,-4.428445,-5.42437,1.402927103691101,116.24786038838386,249.8665239277559
28135446,-0.744735,-3.398445,-0.009207896308898844,194.84358708513872,341.68331081159835
28133178,-1.026932,-2.899355,0.05225010369110117,196.53155213287283,321.29656720395496
28154004,-3.163648,-4.39363,3.5802241036911013,5.038732477487173,277.11816690535835
28154004,-3.163648,-4.39363,3.5802241036911013,5.038732477487173,277.11816690535835
28154006,-4.634851,-6.020411,2.158273103691101,91.49508037460518,254.97890477956503
28154006,-4.634851,-6.020411,2.158273103691101,91.49508037460518,254.97890477956503
28151629,1.000495,-6.75783,0.30164410369110106,159.77086928157263,446.4127100165848
28117814,-1.496777,-1.808239,-0.02538589630889887,213.6633341902958,274.64506785654254
28147293,-3.399734,-3.552022,0.8894491036911011,140.36476610434255,243.5062941890058
28147293,-3.399734,-3.552022,0.8894491036911011,140.36476610434255,243.5062941890058
28144196,-3.780187,-5.0644,1.210849103691101,123.28738392252414,260.41912247223075
28144196,-3.780187,-5.0644,1.210849103691101,123.28738392252414,260.41912247223075
28143461,-2.754959,1.208723,0.006170103691101048,280.12811737940257,49.642361300325234
28154014,-0.589421,0.652268,-0.024181896308898887,382.52950697077847,231.62189107740727
28154014,-0.589421,0.652268,-0.024181896308898887,382.52950697077847,231.62189107740727
28117827,-2.218299,-4.21742,0.0419161036911011,172.54895218485797,290.6895075775076
28147298,-4.242386,-5.124763,1.2540821036911012,121.56449249448856,249.50257657772295
28147299,-4.558075,-5.265823,0.08774810369110098,155.4794112251856,243.29568907248375
28144201,-3.861613,-5.207151,0.9551611036911011,131.45551280266582,259.9152050624592
28154018,-3.274394,-3.466056,1.068165103691101,133.650086362962,245.80270347550345
28154020,-3.259486,-4.577686,3.4040291036911015,19.882613589418355,276.00587210383844
28154020,-3.259486,-4.577686,3.4040291036911015,19.882613589418355,276.00587210383844
28154021,-3.621049,-5.126505,3.3401701036911007,33.17602290491101,272.5922684615043
28154022,-4.248884,-5.876508,2.814055103691101,65.86693229963865,264.03799950838595
28154022,-4.248884,-5.876508,2.814055103691101,65.86693229963865,264.03799950838595
28154023,-4.320776,-5.958047,2.738502103691101,69.4482194071092,263.1482970796694
28154023,-4.320776,-5.958047,2.738502103691101,69.4482194071092,263.1482970796694
28154024,-3.831789,-4.955459,2.347269103691101,79.85695391510117,259.7695705389428
28154024,-3.831789,-4.955459,2.347269103691101,79.85695391510117,259.7695705389428
28147303,-2.630188,-3.001063,2.714115103691101,37.94366991745969,264.0904195331009
28147304,-3.178618,-3.305246,0.9879561036911011,137.9143138205079,245.30519540175828
28147305,-3.07692,-2.79705,-0.09525989630889886,185.19351569801532,236.38037980713324
28147305,-3.07692,-2.79705,-0.09525989630889886,185.19351569801532,236.38037980713324
28144872,-1.536093,-3.698231,0.7092511036911011,153.36009424055533,314.9765089506464
28144874,-1.757315,-4.567581,0.8010691036911011,143.24081083537732,317.6771840102829
28126676,-5.396949,-3.212449,3.125449103691101,43.61459866472467,174.40381340518738
28126676,-5.396949,-3.212449,3.125449103691101,43.61459866472467,174.40381340518738
28154037,-5.034397,-6.554566,0.532343103691101,138.38890985165796,251.38222925662072
28154037,-5.034397,-6.554566,0.532343103691101,138.38890985165796,251.38222925662072
28154038,-3.720139,-4.196464,0.14816510369110114,162.0992743090122,246.0021196669065
28154038,-3.720139,-4.196464,0.14816510369110114,162.0992743090122,246.0021196669065
28147308,-3.159732,-4.21177,3.4299851036911013,12.039980222274693,272.7332975351246
28147309,-4.910793,-7.236242,3.6040611036911008,46.17119725060925,268.15340361414553
28134646,-4.970263,-2.464191,0.05861010369110109,171.16651566790676,179.41278374369207
28127447,-0.335181,-4.421031,0.07499410369110104,181.8228928214569,372.3928984182157
28154044,-5.207927,-6.790643,0.05899610369110109,148.79938894976237,250.4499552607066
28154044,-5.207927,-6.790643,0.05899610369110109,148.79938894976237,250.4499552607066
28134648,-2.390664,0.11805,0.015602103691101155,244.909237613876,152.47802277586356
28154048,-4.535803,-5.952366,0.9328071036911011,129.6715829379582,254.4399192055646
28147314,-5.939268,-8.240105,1.581259103691101,110.00253440140214,255.28277187120636
28147314,-5.939268,-8.240105,1.581259103691101,110.00253440140214,255.28277187120636
28154051,-3.925397,-5.182649,1.611710103691101,109.03886128011337,259.23287785799937
28154051,-3.925397,-5.182649,1.611710103691101,109.03886128011337,259.23287785799937
28154052,-6.074375,-8.432996,-0.07966489630889884,145.51864116255342,253.2325931428824
28120664,-3.819145,-3.594157,0.19290310369110109,164.08678378140306,232.2628460903992
28120664,-3.819145,-3.594157,0.19290310369110109,164.08678378140306,232.2628460903992
28147317,-6.238663,-8.757113,1.340149103691101,115.34318595242928,255.28572728374496
28147317,-6.238663,-8.757113,1.340149103691101,115.34318595242928,255.28572728374496
28154053,-2.906489,-2.982632,0.35627210369110107,167.2528133972491,246.3334918401601
28154053,-2.906489,-2.982632,0.35627210369110107,167.2528133972491,246.3334918401601
28154054,-2.697039,-2.561604,-0.012201896308899007,187.6500246030604,243.34078116736265
28154054,-2.697039,-2.561604,-0.012201896308899007,187.6500246030604,243.34078116736265
28154056,-5.691311,-7.82621,-0.13948889630889894,149.0065353030748,253.2515500814061
28154056,-5.691311,-7.82621,-0.13948889630889894,149.0065353030748,253.2515500814061
28144878,-1.07552,-2.609914,0.01293510369110118,202.53146268899968,313.72029903587776
28134650,-4.218322,-1.801083,0.14551110369110098,178.2164150394328,177.32181188649972
28134650,-4.218322,-1.801083,0.14551110369110098,178.2164150394328,177.32181188649972
28154057,-5.180468,-6.916098,-0.15196389630889895,153.2229005732438,252.2037809885809
28154057,-5.180468,-6.916098,-0.15196389630889895,153.2229005732438,252.2037809885809
28144879,-1.796853,-5.342755,0.6899861036911011,143.71180718087095,323.7166499341834
28144880,-1.077117,-2.843513,0.028143103691101068,197.94531501148128,317.5677481895002
28147323,-3.454476,-5.011218,3.7874541036911014,5.404818271142062,278.49492159699184
28147323,-3.454476,-5.011218,3.7874541036911014,5.404818271142062,278.49492159699184
28144882,-0.58732,0.662724,0.0029691036911010382,382.5112060981995,230.91338637765756
28144882,-0.58732,0.662724,0.0029691036911010382,382.5112060981995,230.91338637765756
28144883,-1.409025,-4.204065,0.710550103691101,150.32234138551655,327.2449324936287
28147324,-4.924706,-6.489847,0.8692611036911011,129.95779024376924,253.16447046658405
28154058,-3.142702,-4.701406,3.203770103691101,31.61333312611669,281.8625534205742
28154058,-3.142702,-4.701406,3.203770103691101,31.61333312611669,281.8625534205742
28154059,-4.152552,-5.515367,0.9071911036911011,131.83939869847552,257.12054366359087
28154059,-4.152552,-5.515367,0.9071911036911011,131.83939869847552,257.12054366359087
28154060,-4.359298,-5.841212,0.749471103691101,135.39308564504836,256.6035506162234
28154060,-4.359298,-5.841212,0.749471103691101,135.39308564504836,256.6035506162234
28154061,-4.204424,-5.367208,0.061456103691100994,156.73601879289606,252.499595234158
28154061,-4.204424,-5.367208,0.061456103691100994,156.73601879289606,252.499595234158
28144214,-4.76521,-6.939765,-0.12121289630889898,153.3503847419815,260.3054084012438
28144214,-4.76521,-6.939765,-0.12121289630889898,153.3503847419815,260.3054084012438
28123778,-2.333603,0.013609,0.02559610369110099,242.2746924439417,161.10288293675112
28144885,-0.576284,0.629081,0.003374103691101027,379.0760301711479,235.1503022625672
28144885,-0.576284,0.629081,0.003374103691101027,379.0760301711479,235.1503022625672
28117853,-2.138354,-4.743544,0.09170210369110099,167.17638750259073,300.7297523622022
28147328,-3.260448,-4.625124,3.5353451036911014,12.588320174792358,277.5333916866437
28147328,-3.260448,-4.625124,3.5353451036911014,12.588320174792358,277.5333916866437
28144887,-0.566445,0.610031,0.006749103691101155,377.35664138573145,237.92932240467508
28144887,-0.566445,0.610031,0.006749103691101155,377.35664138573145,237.92932240467508
28144219,-3.526873,-4.958129,1.226434103691101,123.05143140342332,265.8007850615569
28144219,-3.526873,-4.958129,1.226434103691101,123.05143140342332,265.8007850615569
28135477,-0.615328,-3.740674,-0.01813589630889889,191.73036191394385,351.67540222795816
28147332,-3.010674,-3.016763,0.30757010369110105,168.30145640074062,243.6239312696256
28147334,-3.067994,-4.21927,3.2435151036911014,22.838312626775263,275.7896368081705
28147334,-3.067994,-4.21927,3.2435151036911014,22.838312626775263,275.7896368081705
28147335,-3.354831,-4.639447,3.026176103691101,42.8948501035824,271.8982436340464
28147335,-3.354831,-4.639447,3.026176103691101,42.8948501035824,271.8982436340464
28154069,-0.413414,0.702905,-0.032334896308898964,412.4905828680064,248.97526128593225
28154069,-0.413414,0.702905,-0.032334896308898964,412.4905828680064,248.97526128593225
28144889,-0.974031,-2.781489,0.02535910369110117,200.296317571803,322.0141701758162
28154070,-2.285135,-2.603122,1.9413101036911011,87.03376303353787,266.65633488777945
28154071,-3.171285,-3.637786,-0.08353989630889891,176.2789730577124,250.71701013419485
28154071,-3.171285,-3.637786,-0.08353989630889891,176.2789730577124,250.71701013419485
28144223,-3.464808,-4.909322,1.0505631036911012,129.4519866608976,266.3172495784644
28144223,-3.464808,-4.909322,1.0505631036911012,129.4519866608976,266.3172495784644
28144224,-3.041112,-3.843648,0.3517821036911011,160.26254476503743,259.19907256012385
28144224,-3.041112,-3.843648,0.3517821036911011,160.26254476503743,259.19907256012385
28147338,-4.223494,-5.653595,1.617467103691101,108.88770780725407,258.70409248385045
28147338,-4.223494,-5.653595,1.617467103691101,108.88770780725407,258.70409248385045
28154072,-2.886221,-4.628414,3.4059731036911014,15.626510072748175,292.28334394827107
28154073,-3.286537,-4.76361,2.3958941036911012,74.69867150878923,273.9707131807851
28154074,-1.846276,-1.807193,1.941475103691101,80.56798138977629,267.0105199747359
28154075,-2.774343,-3.046152,0.40941310369110107,165.30409091390504,252.2716959012285
28154075,-2.774343,-3.046152,0.40941310369110107,165.30409091390504,252.2716959012285
28144227,-4.02476,-5.851315,0.12820010369110113,153.24843249072472,263.2001745589968
28144227,-4.02476,-5.851315,0.12820010369110113,153.24843249072472,263.2001745589968
28154077,-4.158792,-5.944263,1.161497103691101,123.13418461482406,263.4639414895255
28154077,-4.158792,-5.944263,1.161497103691101,123.13418461482406,263.4639414895255
28154079,-1.701014,-1.118439,0.03503210369110099,222.83565199860448,243.70724813528787
28154079,-1.701014,-1.118439,0.03503210369110099,222.83565199860448,243.70724813528787
28147339,-2.864819,-2.693787,-0.06661489630889883,186.87218872700305,240.75489998464045
28147339,-2.864819,-2.693787,-0.06661489630889883,186.87218872700305,240.75489998464045
28141252,-0.388732,-8.072019,1.372390103691101,113.16356588091976,399.2421122492161
28154084,-1.893769,-1.475436,-0.0901688963088989,217.57600976523344,245.85440757835585
28154084,-1.893769,-1.475436,-0.0901688963088989,217.57600976523344,245.85440757835585
28144891,-0.574042,0.691401,-0.027054896308899012,389.9843439025778,229.91051998856727
28144891,-0.574042,0.691401,-0.027054896308899012,389.9843439025778,229.91051998856727
28154087,-2.574117,-2.794812,0.4088861036911011,168.72539307251702,253.80294159546335
28154087,-2.574117,-2.794812,0.4088861036911011,168.72539307251702,253.80294159546335
28147341,-5.843984,-8.059274,-0.048080896308899,146.22147607972462,253.22219141894897
28147341,-5.843984,-8.059274,-0.048080896308899,146.22147607972462,253.22219141894897
28154088,-3.092505,-3.691144,-0.06711389630889886,175.73254450909056,254.0133382712564
28154088,-3.092505,-3.691144,-0.06711389630889886,175.73254450909056,254.0133382712564
28147342,-4.866338,-6.221495,-0.3262858963088988,160.7410524427207,249.6083900974256
28147342,-4.866338,-6.221495,-0.3262858963088988,160.7410524427207,249.6083900974256
28154093,-6.321055,-10.30346,0.5390971036911011,129.77739995428288,266.9342033540961
28154095,-1.657681,-1.142868,0.049662103691101134,222.2575965510862,246.8339492951341
28154095,-1.657681,-1.142868,0.049662103691101134,222.2575965510862,246.8339492951341
28117867,-1.90581,-4.139094,0.770355103691101,146.38865403303623,305.88635755250965
28120678,-3.504358,-3.742956,0.999339103691101,135.01771735594713,244.39052656013104
28154098,-3.368119,-4.798009,1.245384103691101,122.74641318305156,267.93533571129666
28154099,-3.040303,-3.793448,-0.06699689630889893,175.1780615610475,257.3752652210515
28154099,-3.040303,-3.793448,-0.06699689630889893,175.1780615610475,257.3752652210515
28154101,-0.38292,0.668176,0.008192103691101016,408.5057628384452,256.476177172687
28154101,-0.38292,0.668176,0.008192103691101016,408.5057628384452,256.476177172687
28147346,-4.136224,-5.597904,1.350085103691101,117.71352324163632,259.543266868514
28147346,-4.136224,-5.597904,1.350085103691101,117.71352324163632,259.543266868514
28144234,-3.598495,-5.328919,0.8552011036911011,134.66783499886992,268.33320666207504
28144234,-3.598495,-5.328919,0.8552011036911011,134.66783499886992,268.33320666207504
28144235,-3.059819,-4.101762,0.3156691036911011,159.7749491339755,263.0412246943427
28144235,-3.059819,-4.101762,0.3156691036911011,159.7749491339755,263.0412246943427
28127471,-0.132316,-4.694789,0.02449810369110117,182.40869296985704,383.3072621474048
28147347,-5.082114,-6.955713,0.2584881036911011,143.84947650912738,254.9682461184493
28147347,-5.082114,-6.955713,0.2584881036911011,143.84947650912738,254.9682461184493
28154108,-2.347548,-2.640371,0.657053103691101,160.2763499916421,259.63091074623486
28154108,-2.347548,-2.640371,0.657053103691101,160.2763499916421,259.63091074623486
28154109,-2.256004,-2.37262,0.06409110369110116,190.83959909679825,255.15605768563984
28154109,-2.256004,-2.37262,0.06409110369110116,190.83959909679825,255.15605768563984
28120683,-3.743066,-6.385176,3.4048281036911012,41.23357267482496,288.1196616375761
28120683,-3.743066,-6.385176,3.4048281036911012,41.23357267482496,288.1196616375761
28154117,-2.960675,-4.092639,0.9934141036911011,134.86921953264164,268.0205301747503
28147350,-4.090274,-5.427991,0.9146961036911011,131.90270582068905,257.3747323965231
28147350,-4.090274,-5.427991,0.9146961036911011,131.90270582068905,257.3747323965231
28135491,-0.565506,-4.158568,0.011618103691101167,185.6194385956321,358.0466162945801
28136986,-5.250566,-1.642139,0.14553010369110098,173.2301450247243,149.46991227210452
28147353,-3.927215,-5.167115,0.8464291036911011,134.98722493269688,257.42456581334955
28143477,-2.883551,1.10113,-0.019272896308898835,271.2395253132368,58.87283603471573
28154120,-1.610591,-1.68522,1.969754103691101,74.8911384905714,279.26493779410345
28140608,-4.025679,-2.73454,0.07775410369110114,173.430899992514,208.1295708340901
28140608,-4.025679,-2.73454,0.07775410369110114,173.430899992514,208.1295708340901
28154126,-1.608902,-1.26274,0.046845103691101064,220.34720237153292,253.4176046231253
28154126,-1.608902,-1.26274,0.046845103691101064,220.34720237153292,253.4176046231253
28154129,-2.132478,-2.473347,0.8643851036911011,152.45239782547495,265.5466411314862
28154129,-2.132478,-2.473347,0.8643851036911011,152.45239782547495,265.5466411314862
28154130,-2.235704,-2.600478,0.38163010369110106,174.20397498074803,262.29735809678164
28154130,-2.235704,-2.600478,0.38163010369110106,174.20397498074803,262.29735809678164
28143481,-7.184926,-1.800012,3.2570361036911013,40.59307735140865,86.55367764378124
28120688,-3.726272,-3.664105,0.213401103691101,163.33514365428377,236.09369571827952
28120688,-3.726272,-3.664105,0.213401103691101,163.33514365428377,236.09369571827952
28116434,-1.487338,1.702933,-0.018084896308898868,433.8140892591018,4.556611415967524
28154138,-2.466689,-3.147238,0.151708103691101,176.58767102953794,264.4257920561483
28116436,-5.359765,-3.124023,3.2489151036911013,35.961244066617695,171.7169847668095
28116436,-5.359765,-3.124023,3.2489151036911013,35.961244066617695,171.7169847668095
28154148,-1.821617,-1.942315,-0.17247289630889884,213.13774119658547,261.9004654205704
28154148,-1.821617,-1.942315,-0.17247289630889884,213.13774119658547,261.9004654205704
28117887,-1.822356,-4.377544,0.797512103691101,144.19021518189672,312.6720595813632
28154154,-2.599064,-5.475709,3.441705103691101,20.571003456332733,317.6431475875721
28154154,-2.599064,-5.475709,3.441705103691101,20.571003456332733,317.6431475875721
28120691,-3.570475,-3.4179,0.1944251036911011,166.40683464630388,235.39001680317529
28120691,-3.570475,-3.4179,0.1944251036911011,166.40683464630388,235.39001680317529
28127488,0.048386,-5.375649,0.06926310369110111,174.9082413917514,395.1123736178897
28116439,-5.448446,-3.243143,3.141640103691101,43.46425631044502,174.01717540693744
28116439,-5.448446,-3.243143,3.141640103691101,43.46425631044502,174.01717540693744
28144907,-1.42012,-5.837213,1.353866103691101,116.86980481140262,348.9431342619057
28144908,-0.922424,-3.277227,1.169082103691101,134.22036225474676,348.0126018706589
28147372,-3.483841,-4.702261,1.053687103691101,129.89051191729823,262.50034252102085
28147372,-3.483841,-4.702261,1.053687103691101,129.89051191729823,262.50034252102085
28143484,-3.153363,0.26326,1.372061103691101,137.170105818026,81.88241286659004
28147374,-3.026533,-3.940177,1.284554103691101,123.24116266245966,263.994266688599
28147374,-3.026533,-3.940177,1.284554103691101,123.24116266245966,263.994266688599
28154182,-1.656813,-2.058263,-0.10101989630889885,210.028344145418,272.58556357542744
28132329,-6.306179,-2.972671,3.702770103691101,19.768558832179902,141.78447679347386
28132329,-6.306179,-2.972671,3.702770103691101,19.768558832179902,141.78447679347386
28127490,0.048789,-5.081889,0.028025103691101005,179.445050334394,393.848122377722
28154185,-1.625666,-2.077172,-0.19916089630889888,214.5322292888088,273.9493884746637
28135511,-0.387861,-5.80747,0.14549110369110108,165.95671512020795,377.2323366613724
28144914,-2.363992,-12.054744,1.523922103691101,108.1540893263026,353.90668918064046
28123801,-2.27575,-0.013879,-0.029942896308899014,245.99821538025336,165.90212780401887
28154192,-1.866533,-2.855248,0.7715541036911011,155.41179062949135,285.80663173922426
28132335,-3.390142,-0.561877,1.730772103691101,103.25452243437584,129.5137652858726
28135516,-0.336011,-2.164012,0.39469410369110103,201.33318213865857,361.2756346989006
28154198,-1.611334,-2.328524,-0.13746189630889893,207.439611085028,280.5995271835419
28127495,0.188214,-5.440962,0.023177103691101042,176.9833446173454,401.4401276890086
28154199,-2.118744,-3.892967,0.587642103691101,154.76254148614095,292.5886464062504
28143486,-4.622565,0.277377,-0.012990896308898936,208.66266122125936,83.2463352727786
28141264,-0.323335,-4.429166,-0.02916989630889888,186.10202191862268,371.39962318032406
28154207,-2.088199,-4.028459,0.6878071036911011,149.87924923684437,296.4940601443019
28154208,-2.412102,-4.932361,0.190753103691101,161.36933551122593,294.7471513772872
28144915,-0.891373,-3.583848,1.1336171036911011,134.69864631630287,352.5963249606539
28154210,-1.965922,-3.703573,0.6491161036911011,154.12471016798247,296.0174177547174
28144916,-1.42321,-6.674201,1.407155103691101,113.74163893911576,354.9650776046613
28144917,-1.132055,-4.993203,1.306734103691101,120.47153612754516,354.68032404747987
28154216,-1.385083,-2.058778,-0.03652689630889894,210.82549827643712,286.29323158179005
28154217,-2.023798,-4.103838,0.6580361036911011,150.87730327097086,299.90080577526453
28154218,-1.477692,-2.375574,-0.07705889630889895,205.6321247296968,288.2437800322157
28147392,-3.36769,-4.676281,0.37613610369110106,153.33890103081237,263.6488049943673
28141267,-0.311474,-6.662717,0.12093410369110114,161.2712578600348,382.9488259834963
28154225,-1.697088,-3.292307,0.7014371036911011,156.10136736393343,301.23037775062545
28147396,-3.055995,-4.065574,0.3193561036911011,159.8942274903806,262.551298206312
28147396,-3.055995,-4.065574,0.3193561036911011,159.8942274903806,262.551298206312
28134672,-2.343248,0.107473,-0.03840789630889896,248.88958610448591,155.88417603323035
28154228,-2.264616,-5.247449,0.18814210369110107,160.09305800793567,303.21947782704285
28154229,-2.043542,-4.47399,0.06618010369110117,170.57477632193957,300.37424241242053
28132346,-3.207723,-0.481023,1.750837103691101,100.8991434846256,130.02012619022963
28154231,-1.986243,-4.369463,0.18528010369110115,167.444442692584,301.79682500331296
28154232,-1.375942,-2.355913,0.000871103691101105,203.69000150259367,293.4154087190878
28154233,-1.351679,-2.358657,-0.106804896308899,208.92119962448965,293.79345151521795
28141272,-0.248403,-6.415098,1.714183103691101,99.5243013216066,410.1210814017488
28135526,-0.274424,-4.605272,-0.047203896308898985,185.1778713548597,374.49868414889687
28135527,-0.225483,-6.689752,0.15568210369110114,160.28554139584253,386.9583083380554
28133210,-0.92117,-3.192631,0.03887510369110103,193.86059082610296,330.6846765811962
28154239,-1.873924,-4.419032,0.7836801036911011,144.39599243795777,311.0380361775296
28154240,-1.89283,-4.384687,0.27788410369110106,164.38541330831112,306.04863524857893
28144921,-0.691808,-2.641821,1.289525103691101,130.4090088047558,359.0619791093024
28144922,-0.702894,-2.954849,1.1247881036911012,139.72616600979154,358.161166461201
28140620,-2.124506,-0.422493,0.039059103691100994,232.83859044739785,193.904282390436
28132348,-6.680807,-3.291079,3.271707103691101,47.11998553835733,148.54608607680763
28132348,-6.680807,-3.291079,3.271707103691101,47.11998553835733,148.54608607680763
28144925,-0.613315,-3.143041,0.5318211036911011,173.41491863154147,354.8704891423953
28146380,-6.037653,0.953518,0.707762103691101,169.5697775214847,5.290542842749829
28135536,-0.197485,-4.598548,0.00887310369110117,183.6165165484701,379.288410420697
28120717,-3.469177,-3.506054,0.2835221036911011,163.12472233433584,240.04971612486435
28077552,-5.593039,-3.532269,2.922559103691101,57.22738720492052,180.3473982902957
28077552,-5.593039,-3.532269,2.922559103691101,57.22738720492052,180.3473982902957
28144929,-0.662269,-3.076511,1.186199103691101,135.01960736152515,363.48395223385353
28135538,-0.150224,-5.586556,0.10016310369110104,170.641155027477,386.52957916531966
28115822,-4.202662,-1.711909,0.07476010369110098,181.9409403227164,175.34246483034894
28117911,-1.712914,-4.675607,0.772162103691101,143.99501885639552,320.4694099344974
28141284,-0.150064,-6.825706,1.5952471036911011,104.83472669883594,412.7628917130453
28144930,-0.385216,0.650844,-0.021722896308898898,407.05549701050654,257.30234494088586
28144930,-0.385216,0.650844,-0.021722896308898898,407.05549701050654,257.30234494088586
28134684,-3.842274,-1.550458,-1.889630889895244e-05,189.53503324609383,179.8754572126972
28134684,-3.842274,-1.550458,-1.889630889895244e-05,189.53503324609383,179.8754572126972
28123828,-4.777395,-5.166252,1.9970031036911011,96.47724797207896,237.7176574395084
28135541,-0.11477,-5.8054,0.1497771036911011,167.19954961958112,389.5121224630533
28144937,-0.539906,-2.380132,1.3688721036911011,125.9854343914856,370.88645603449015
28144938,-0.940565,-7.770838,0.5469351036911011,140.612729201152,368.54283389396426
28147430,-2.290995,-3.002895,0.4454831036911011,166.95586372618106,269.12069109373925
28140631,-3.292883,-2.522303,1.761681103691101,101.75464728358568,220.97994450589349
28130625,0.267593,-24.687603,5.411147103691101,46.05900446180499,440.6287395719345
28143510,-4.100607,0.327472,0.16878310369110117,208.22630407763512,86.47933354566396
28146391,-4.236701,0.688259,1.7472351036911011,104.2802831095892,2.4993663139827618
28132362,-3.200156,-0.538318,1.7229641036911012,103.28675786568236,134.7572143548402
28144941,-1.147471,-9.774821,0.7374051036911011,129.5954814045148,370.869193973714
28123837,-3.563791,-4.540258,3.4399431036911015,20.99555754135443,263.85936228068425
28123837,-3.563791,-4.540258,3.4399431036911015,20.99555754135443,263.85936228068425
28146397,-6.595217,0.707067,0.7828031036911011,159.96646110476192,15.34525152474768
28147451,-0.578937,0.692714,-0.03273289630889886,389.9448550064043,229.23228822175653
28147451,-0.578937,0.692714,-0.03273289630889886,389.9448550064043,229.23228822175653
28135553,-0.088583,-4.77986,0.020785103691101092,181.9523642886844,385.81088392679
28129856,-2.146204,-0.408351,0.02960610369110106,233.29464415022255,192.28883142175664
28120736,-3.126286,-2.836127,0.03370210369110116,179.68459035736288,235.77890775351167
28147456,-0.593467,0.651284,-0.032373896308898864,382.45349946521975,231.25397890110804
28147456,-0.593467,0.651284,-0.032373896308898864,382.45349946521975,231.25397890110804
28130629,0.377516,-4.227998,0.12495910369110108,188.39234769341888,414.1331771392783
28146402,-6.252547,-0.054549,2.9746171036911013,28.50334874923689,4.222475761342906
28130634,0.637068,-25.143154,5.338710103691101,47.47122488958922,446.1689508947308
28123851,-3.201944,-4.181258,3.4813421036911008,8.843109083854443,270.5571254141142
28123851,-3.201944,-4.181258,3.4813421036911008,8.843109083854443,270.5571254141142
28089941,-5.349196,-3.203006,3.171615103691101,40.70473247196824,174.9882279747683
28089941,-5.349196,-3.203006,3.171615103691101,40.70473247196824,174.9882279747683
28146404,-6.63853,0.727021,0.6018091036911011,168.088018369237,18.514304981121622
28134694,-2.337425,-0.0123,0.019565103691101093,241.65969620401464,162.5757203055027
28130636,0.445693,-4.717189,0.3214021036911011,173.73817366590242,422.382894031757
28135560,-0.019323,-5.184994,0.06908710369110116,176.30537926312854,391.31392130238527
28134695,-2.308484,0.048316,-0.030929896308898863,247.3308456201288,160.8334724496916
28146410,-4.023158,0.614223,1.771727103691101,101.21060376538668,11.748060973578047
28144948,-1.003687,-9.453827,0.8214271036911011,128.08680732859324,374.8589865243352
28147470,-2.432683,-4.351315,1.0484201036911012,132.53486427417468,290.7327913487246
28147471,-1.923577,-2.832351,0.737703103691101,157.00487911421277,282.4987663995348
28127538,-1.017679,-2.745898,0.002187103691100978,201.43720309042425,318.8672314374379
28146414,-8.186614,-0.53566,3.222829103691101,40.50076592367464,15.245862890947194
28147474,-1.668539,-2.145033,0.626923103691101,171.86418731982886,278.4835545806078
28137033,-5.216045,-3.155304,3.1817891036911012,38.51618206769214,176.73418564547288
28137033,-5.216045,-3.155304,3.1817891036911012,38.51618206769214,176.73418564547288
28147478,-1.551885,-1.749675,0.04599910369110116,210.48947455962096,270.7297728616342
28129873,-3.793107,-3.084725,-0.11579189630889886,178.41807869700716,222.5083511416184
28129873,-3.793107,-3.084725,-0.11579189630889886,178.41807869700716,222.5083511416184
28146416,-6.595829,0.712814,0.46480410369110103,174.20961942230298,23.082527229599265
28144951,-0.812722,-8.323583,0.5840311036911011,137.89049843127805,375.1360286022952
28143524,-5.94322,-1.444647,3.0657431036911014,35.72661175025928,93.0043794390378
28147485,-2.219029,-4.062184,0.535242103691101,155.32840917622724,291.13928639054217
28146417,-8.182785,-0.516961,3.030798103691101,50.64932461963178,18.75241359600369
28146418,-5.926502,0.307199,1.637944103691101,114.68977625990796,22.90166379872716
28115836,-5.041305,-5.139206,1.9287101036911012,99.31697439307942,231.0583921783652
28115836,-5.041305,-5.139206,1.9287101036911012,99.31697439307942,231.0583921783652
28146419,-6.327478,0.837879,0.24919210369110112,187.02410540608773,23.29966338636558
28141297,-0.097424,-4.737828,0.032531103691101126,181.87381693293747,385.4113289236026
28126721,-2.544717,0.532563,-0.048161896308899,259.6367194977833,119.22435237069544
28143528,-3.855457,0.341198,0.246200103691101,208.20055483744252,89.11206221091405
28134704,-2.925222,-1.297155,1.761468103691101,99.82234462462628,188.5068425833656
28134704,-2.925222,-1.297155,1.761468103691101,99.82234462462628,188.5068425833656
28133243,-0.752753,-3.403673,-0.008776896308898996,194.6647459033534,341.3256733023246
28143529,-2.682829,1.064856,0.013755103691101,275.1205567660245,66.27967851715727
28147495,-1.723732,-2.723876,0.45411410369110106,173.32670985564113,287.55973175820736
28132394,-5.237954,-2.710585,3.353542103691101,24.27507784531781,159.63599469041
28132394,-5.237954,-2.710585,3.353542103691101,24.27507784531781,159.63599469041
28066579,-3.498799,-2.118333,0.06135310369110103,183.3758765414966,206.44518593182516
28066579,-3.498799,-2.118333,0.06135310369110103,183.3758765414966,206.44518593182516
28141302,0.064378,-8.171065,1.459395103691101,109.62873823479003,419.1550032029828
28146422,-6.299641,-0.205774,3.0461331036911012,25.96189579117194,12.923365438508682
28140001,-7.021805,-1.163733,3.155336103691101,38.88368736196884,60.87641597602936
28127547,-0.910334,-3.313018,0.016508103691101006,193.22898174787923,332.4705797718128
28147505,-3.145736,-8.326834,2.193393103691101,90.03239024695594,318.63891940499656
28140655,-4.154073,-3.700897,0.7281191036911011,143.94097176425623,225.5501439210589
28140655,-4.154073,-3.700897,0.7281191036911011,143.94097176425623,225.5501439210589
28147506,-2.102895,-4.197888,0.6509191036911011,150.3100954108973,298.19633628971434
28144961,-0.643641,-6.643047,0.9221201036911011,132.26492767912214,379.8482717540732
28135581,0.128249,-5.292669,0.020425103691101176,178.14911382316046,398.1608204232683
28147508,-0.490295,0.623122,0.026400103691101018,386.6139235441376,246.14734962201524
28147508,-0.490295,0.623122,0.026400103691101018,386.6139235441376,246.14734962201524
28129890,-4.807087,-5.218386,0.5302251036911011,142.86768207491633,237.46339644680623
28129890,-4.807087,-5.218386,0.5302251036911011,142.86768207491633,237.46339644680623
28123871,-3.064164,-4.20769,3.533404103691101,3.67209334476334,277.24384670011284
28123871,-3.064164,-4.20769,3.533404103691101,3.67209334476334,277.24384670011284
28120759,-1.936902,-2.10313,1.969824103691101,80.53060790320757,271.3604169823711
28147511,-2.479785,-5.411325,-0.04986189630889881,165.7110147315507,297.1992589276248
28147513,-2.550307,-5.685253,-0.30196389630889886,171.0615346718831,296.9842771357568
28146429,-7.062403,-0.368872,3.014943103691101,39.82378199053326,18.76142353723972
28141315,0.100024,-5.607954,0.03595810369110097,174.35187953945453,397.4814116999758
28144965,-0.411784,-6.88958,-0.02680989630889896,164.20634517166425,377.9012873148967
28143536,-2.404029,0.3814,1.6443921036911011,109.27821749705032,84.40495392105248
28146431,-5.669446,-0.12208,3.0068461036911014,17.43216671309142,13.2433716103956
28146432,-6.750149,0.582323,0.43476310369110105,173.10680175484327,29.81534150566378
28146433,-6.945762,0.707423,0.097343103691101,186.4082512128587,29.105572435639743
28141316,0.066021,-4.962122,0.06772810369110105,179.2392503604353,395.21164843082136
28123877,-4.96194,-5.108428,0.5566271036911011,142.21269786641125,232.4643138558015
28123877,-4.96194,-5.108428,0.5566271036911011,142.21269786641125,232.4643138558015
28123881,-3.133525,-4.359722,3.4634231036911007,11.643929636598273,277.0714093502325
28141320,0.478248,-11.103243,1.2003681036911011,115.5050219210502,427.04288233948034
28143539,-6.534431,-1.893904,3.633401103691101,13.30366120532122,94.90839950797816
28123882,-3.107359,-4.197505,3.318919103691101,18.280560226236588,274.07544913941246
28123882,-3.107359,-4.197505,3.318919103691101,18.280560226236588,274.07544913941246
28140662,-4.164016,-3.87263,1.205524103691101,125.8884781143034,228.58466993291512
28140662,-4.164016,-3.87263,1.205524103691101,125.8884781143034,228.58466993291512
28115845,-1.901714,-0.861911,-0.027331896308898873,228.86656580543007,224.1169098407228
28115845,-1.901714,-0.861911,-0.027331896308898873,228.86656580543007,224.1169098407228
28120769,-4.255998,-5.452475,-0.11309389630889899,160.851885182077,252.31531366171552
28120769,-4.255998,-5.452475,-0.11309389630889899,160.851885182077,252.31531366171552
28140664,-4.171485,-3.646749,0.09407610369110109,165.43605101776012,224.48784081451305
28140664,-4.171485,-3.646749,0.09407610369110109,165.43605101776012,224.48784081451305
28123885,-4.434882,-4.54212,0.896442103691101,134.5752245913614,234.7145808671008
28127569,-0.729265,-3.742754,0.009497103691101128,189.4456561965389,346.24651264816055
28137067,-4.737393,-4.746029,1.375203103691101,118.04960451155374,231.19013606237183
28137067,-4.737393,-4.746029,1.375203103691101,118.04960451155374,231.19013606237183
28123886,-4.811909,-5.039133,0.719723103691101,137.9738000841005,234.5512005291754
28123886,-4.811909,-5.039133,0.719723103691101,137.9738000841005,234.5512005291754
28127570,-0.709345,-3.550866,-0.018303896308898837,193.42502114238349,344.99855602504863
28147524,-2.224328,-4.93483,-0.069670896308899,170.7077849916729,299.3213702892107
28144971,-0.742389,-14.512259,0.1363571036911011,134.24545856007336,385.8123800948969
28141326,2.984384,-46.912525,-2.2487908963088987,131.20290437427786,423.3552681519071
28137069,-3.991128,-3.473029,0.12682210369110103,166.33966418710847,225.41972408713653
28134716,-4.131422,-2.16096,0.11960610369110114,176.32333317432213,190.28985434560215
28134716,-4.131422,-2.16096,0.11960610369110114,176.32333317432213,190.28985434560215
28134717,-2.298319,-0.069193,0.030578103691101033,240.1485147782834,167.41318423385752
28141337,2.035719,-26.719677,2.2634731036911013,94.64297871127056,446.562457020554
28140012,-6.634064,-1.104576,3.0718451036911008,39.27532910734192,64.51246204871092
28112645,-4.674846,-4.186823,0.14926610369110116,158.6637233844299,223.1073342033777
28147537,-1.703245,-3.839659,0.8591771036911011,144.8710125335948,310.8839290818774
28129914,-3.830513,-3.760317,0.173260103691101,163.59031706999602,235.2153509405361
28129916,-2.042317,-0.601602,0.038390103691101185,229.5285631675572,206.18018469503625
28129916,-2.042317,-0.601602,0.038390103691101185,229.5285631675572,206.18018469503625
28147539,-0.381853,0.67825,0.01834210369110112,409.7683599600828,255.8691931350013
28147539,-0.381853,0.67825,0.01834210369110112,409.7683599600828,255.8691931350013
28137079,-4.578526,-4.929995,0.36599310369110105,149.1364301170707,237.84177580922568
28137079,-4.578526,-4.929995,0.36599310369110105,149.1364301170707,237.84177580922568
28134727,-5.831804,-4.080402,-0.09608789630889891,162.21583876507742,198.6000856417865
28134727,-5.831804,-4.080402,-0.09608789630889891,162.21583876507742,198.6000856417865
28146450,-7.062447,-0.481342,2.896830103691101,48.2203495087181,28.70650449405832
28147548,-0.387065,0.619272,0.014314103691100977,399.5796199340608,259.99217218685203
28147548,-0.387065,0.619272,0.014314103691100977,399.5796199340608,259.99217218685203
28141343,0.27761,-5.151813,0.3907621036911011,165.16773523297374,413.225848315466
28146451,-9.462525,-0.802707,2.3243401036911013,89.89222138588318,36.8607595222571
28140017,-6.698682,-0.287398,-0.010685896308898934,181.88904916925944,79.20761718631894
28117956,-1.028161,-2.984943,0.031109103691101092,196.16188643079968,322.2414916877618
28141347,0.288366,-5.031284,0.5185991036911011,160.56525483237482,416.6896328117349
28147552,-1.836385,-4.597252,0.3581651036911011,160.12152620220337,311.3992659547759
28115864,-4.143059,-6.116301,0.07720910369110112,153.17922716339845,263.7851292721372
28141350,1.948884,-22.178644,0.003461103691100975,127.67991059113318,435.9598129193381
28147559,-1.26193,-2.413333,-0.055022896308899005,206.75356634074515,299.8123959325628
28147563,-1.933902,-5.857059,0.6341331036911011,143.10522036028254,323.4293156856411
28141355,2.178973,-23.44294,-0.470743896308899,132.93587481745814,435.2960797357268
28129937,-2.035947,-0.632021,-0.04268789630889902,233.1918594753275,208.2065178094243
28129937,-2.035947,-0.632021,-0.04268789630889902,233.1918594753275,208.2065178094243
28146457,-7.322777,0.199563,0.6910221036911011,156.55438359143352,39.03142667379626
28144338,-3.665123,-8.791501,2.152912103691101,92.76733907278104,309.00262585990134
28141360,0.381208,-4.90025,0.49430610369110106,163.38932168892146,422.0034654305081
28146458,-8.031242,0.273699,0.19082210369110109,171.94455936866257,39.20049299609602
28126758,-4.214035,-1.217031,-0.08176689630889888,193.57904850923197,159.63216436499903
28144989,-0.368961,-2.031826,2.041159103691101,53.41706842324655,411.75909755584246
28146461,-5.751456,0.76679,0.1442681036911011,196.229750638514,35.46275926812521
28137101,-3.240073,-3.494412,0.2400371036911011,165.83290490701998,246.41967836310843
28140680,-4.514328,-4.755033,1.395278103691101,117.33289375032544,236.67118574903893
28141366,0.377563,-4.383095,0.07767010369110117,188.4141712774045,412.91709608944
28140025,-6.822135,-1.267538,3.129473103691101,39.38272244960089,69.19923125670974
28140682,-4.827961,-5.341528,1.736750103691101,105.56772431332465,239.39376395897384
28140682,-4.827961,-5.341528,1.736750103691101,105.56772431332465,239.39376395897384
28140026,-3.170218,0.229379,2.039382103691101,66.98857715333938,58.92431499812383
28140027,-5.127004,0.216307,0.07116010369110115,197.9443589636493,76.4367653965383
28147578,-1.452193,-4.2812,0.7041271036911011,149.94159234098038,326.16663802263423
28141368,0.45997,-5.079762,0.36201610369110104,168.2305996598135,423.40150785528976
28141369,0.384581,-4.31317,0.2171811036911011,182.9800387898812,416.69400240629307
28141373,0.455014,-4.7675,0.29339210369110114,174.5400082631971,422.2016423522733
28144995,-0.512526,-6.45753,2.768597103691101,47.07290660482335,416.51342999753103
28123919,-3.453417,-4.672018,2.809206103691101,55.197090054466855,268.1775067675222
28123919,-3.453417,-4.672018,2.809206103691101,55.197090054466855,268.1775067675222
28140033,-5.62019,-0.042034,0.09818110369110111,188.5858621104764,81.34595905403697
28123920,-3.605664,-4.856667,2.715415103691101,61.87133843088441,266.10619570917527
28123920,-3.605664,-4.856667,2.715415103691101,61.87133843088441,266.10619570917527
28112660,-4.821016,-5.047616,0.5197191036911011,143.74073209100527,234.4781184920653
28143578,-5.572458,-1.636452,3.337783103691101,15.363173471809432,105.20053341163702
28123922,-3.141354,-4.503865,3.1798841036911014,30.887019242561053,278.12817322639165
28123922,-3.141354,-4.503865,3.1798841036911014,30.887019242561053,278.12817322639165
28134745,-4.04811,-2.348109,0.11953410369110107,175.14119258239083,197.56311496767296
28107063,-1.86557,-4.250896,0.8005871036911011,144.6120916401194,309.286149628988
28099907,-5.286072,-3.733297,0.07714110369110116,161.11588279401693,201.7928470003431
28099907,-5.286072,-3.733297,0.07714110369110116,161.11588279401693,201.7928470003431
28140036,-7.387185,-1.593644,3.2820591036911013,39.31943605347362,74.40220375961022
28140037,-5.063223,0.13402,0.14087410369110098,194.38524364124865,80.45948899533946
28106096,-0.708694,-3.613291,-0.034626896308898925,193.26311787581056,345.43221811173044
28127625,-0.264131,-4.577026,-0.02798289630889883,184.81633033472224,375.1840689767464
28146469,-9.147812,-0.072145,0.16221910369110115,165.31894123056213,45.02120102037114
28146470,-8.736759,0.256934,-0.344056896308899,184.6272111109748,43.392421824268126
28147590,-1.009636,-2.2488,0.23715610369110118,198.6580902774197,313.6314596102792
28120810,-2.851452,-3.172646,0.19696810369110107,172.14440347602664,251.94592413261503
28117966,-1.415648,-5.014392,0.894760103691101,138.10882691014234,337.33590560770153
28146473,-7.924094,0.038336,0.4528721036911011,161.73952871048994,45.57255532230775
28147592,-1.421427,-4.877248,0.933195103691101,137.0868567568288,336.1993973745859
28135634,0.418469,-4.67513,0.44966210369110104,167.94893498858372,423.8141619525867
28146474,-7.001788,0.296045,0.3493071036911011,172.24153810885684,44.00458196348893
28140687,-4.466846,-4.671333,0.8536011036911011,135.5167081885924,236.21713381964716
28140687,-4.466846,-4.671333,0.8536011036911011,135.5167081885924,236.21713381964716
28146475,-6.620204,0.556936,-0.009915896308898997,191.42692939304084,41.94362095482106
28147596,-0.951405,-2.190259,0.2004521036911011,202.5321277479291,315.56613726724106
28112663,-4.789443,-5.062085,0.6133271036911011,141.0504922152561,235.3979540833253
28112663,-4.789443,-5.062085,0.6133271036911011,141.0504922152561,235.3979540833253
28135635,0.37805,-4.232557,0.11403710369110098,188.8410507513377,413.9058344814038
28144351,-2.24579,-4.342816,0.48076610369110107,155.5105592229119,294.0033409338365
28127634,-0.392106,-9.115742,1.402098103691101,111.36994696590672,400.4342558958037
28140042,-2.948999,0.281989,1.919108103691101,78.40722684777407,64.62811919381232
28144352,-2.521438,-5.116442,0.18978910369110102,159.8458651489853,293.6457439336176
28137117,-2.882417,-3.359404,0.15345010369110113,171.96737178020217,254.61644945742137
28137117,-2.882417,-3.359404,0.15345010369110113,171.96737178020217,254.61644945742137
28127639,-0.087712,-5.009507,-0.027669896308898823,181.39879082506465,385.7872666053351
28103391,-4.078721,-4.877742,3.243478103691101,39.97147258471088,252.72029702502917
28103391,-4.078721,-4.877742,3.243478103691101,39.97147258471088,252.72029702502917
28133271,-0.616357,-3.717702,-0.015277896308898864,191.9099383652676,351.4582757689142
28147603,-1.093538,-3.913696,1.4164511036911012,117.22523674001376,348.7297997608732
28123935,-4.481998,-4.697921,0.1503211036911012,156.64208453727306,236.17838480235665
28123935,-4.481998,-4.697921,0.1503211036911012,156.64208453727306,236.17838480235665
28146479,-7.60363,-0.873082,3.244149103691101,36.82022257611823,37.59074998860424
28140688,-4.514285,-4.712162,0.7274391036911011,139.28649960462292,235.78768612683783
28140688,-4.514285,-4.712162,0.7274391036911011,139.28649960462292,235.78768612683783
28120822,-1.895088,-0.990991,0.02693010369110116,222.80243467160548,229.3741243392261
28140689,-4.60746,-4.810251,0.5588621036911011,143.8941518334995,235.29252014129943
28140689,-4.60746,-4.810251,0.5588621036911011,143.8941518334995,235.29252014129943
28146481,-7.959469,-0.426528,1.513568103691101,119.74373513407588,46.85643538927164
28137123,-2.569224,-2.851233,0.05947310369110115,182.5539349434352,254.4257617807532
28147605,-1.816427,-11.097406,3.379461103691101,56.1334043556117,379.0298288984577
28137124,-3.565845,-5.529655,3.924898103691101,5.988591570302901,283.99850565808083
28147609,-1.348708,-8.522505,3.7148891036911014,25.0209699533456,393.4249256869255
28132439,-4.690625,-1.591243,0.191112103691101,175.38068561586692,159.1920486856613
28140048,-4.938087,0.153651,0.109891103691101,197.3690731139297,82.09340767989875
28129966,-1.974596,-0.760833,0.03922310369110105,226.53391030864825,216.33998714198023
28129966,-1.974596,-0.760833,0.03922310369110105,226.53391030864825,216.33998714198023
28129967,-1.992815,-0.750795,-0.05045789630889885,231.21782173081948,215.32918861740603
28129967,-1.992815,-0.750795,-0.05045789630889885,231.21782173081948,215.32918861740603
28146486,-6.74399,0.303123,0.267785103691101,177.09179450151848,47.75332462290331
28144355,-0.587966,0.664299,-0.01196789630889894,383.5972719249624,230.714475165076
28145013,0.923568,-21.738663,0.4467831036911011,121.45380937111,421.2874864627705
28135642,0.474514,-4.894506,0.2795311036911011,173.92475872700916,422.8139202752027
28147620,-0.939796,-3.462554,1.372258103691101,121.00038827815646,352.44153433354103
28140692,-4.493962,-4.670193,0.4561741036911011,147.77447061849614,235.5009030093217
28140692,-4.493962,-4.670193,0.4561741036911011,147.77447061849614,235.5009030093217
28140693,-3.950344,-3.7651,0.13783010369110116,164.20522064402874,232.2459303615215
28140693,-3.950344,-3.7651,0.13783010369110116,164.20522064402874,232.2459303615215
28144357,-0.587344,0.647697,0.0032871036911010787,380.4042579157265,232.24447709471104
28127658,0.144157,-5.553439,-0.0347108963088989,177.80463454681515,398.3736229599558
28116535,-4.922381,-5.233357,0.4704401036911011,144.2726345519371,235.2508327191021
28116535,-4.922381,-5.233357,0.4704401036911011,144.2726345519371,235.2508327191021
28140694,-2.026486,-0.736349,-0.069805896308899,231.9270690493437,213.22599023564695
28140694,-2.026486,-0.736349,-0.069805896308899,231.9270690493437,213.22599023564695
28133279,-0.579103,-4.040757,0.036202103691101106,185.9030910811328,356.8157142883938
28146491,-8.934291,-0.699139,1.340260103691101,125.30348322127134,52.42579353623316
28146492,-7.281171,-0.038797,0.673717103691101,155.81911497848728,50.895003777686526
28123946,-3.524988,-3.771723,1.048645103691101,132.93620930177198,244.409327021886
28123946,-3.524988,-3.771723,1.048645103691101,132.93620930177198,244.409327021886
28140057,-2.937392,1.133714,-0.04015689630889896,272.04287150390945,55.20645810498385
28145017,-0.450466,-48.218941,9.2040051036911,44.90615225520202,430.7477294955357
28146498,-6.896917,-0.211326,1.263488103691101,131.70057231124292,51.8653878988699
28145018,0.870414,-21.0688,0.9212591036911011,114.775768438979,423.909186779646
28147639,-0.823026,-2.753803,0.12651410369110105,197.76279263902447,331.2944121616421
28147644,-1.040758,-5.899861,1.703315103691101,101.38497135332425,370.0850054627864
28123950,-3.43047,-2.963521,0.01251710369110115,177.2754073954016,229.63626772550236
28123950,-3.43047,-2.963521,0.01251710369110115,177.2754073954016,229.63626772550236
28140060,-3.118991,0.161172,1.945143103691101,78.27210828745609,71.99930542769258
28146502,-6.979926,0.179478,0.20567410369110117,176.715142319039,52.40932467569343
28134765,-2.212687,-0.265059,0.028475103691101067,236.14293073396945,181.9936021380853
28127676,0.419003,-34.988598,6.894190103691101,46.63149279929581,439.78929790138704
28146506,-8.025627,-1.202897,3.354850103691101,37.88827389403557,47.85589593980461
28146508,-6.821538,0.116332,0.36756110369110107,171.02581429629453,53.98609618417237
28146511,-3.14331,1.410985,-0.08981589630889886,280.62037476201067,24.40932360973423
28126798,-2.434614,0.306394,-0.040311896308898865,253.6855781901868,139.35709962434498
28145029,0.456829,-5.390177,0.4194531036911011,162.85210067312158,423.8019143208549
28140062,-4.366813,0.342319,0.08983510369110115,208.56968762101144,82.05130612505758
28140701,-4.626619,-4.86162,0.19702410369110113,154.1170313285317,235.6575702480968
28140701,-4.626619,-4.86162,0.19702410369110113,154.1170313285317,235.6575702480968
28145032,0.474544,-5.036328,0.35805110369110105,168.9285695537256,424.29376396228247
28120831,-3.302893,-4.65258,0.3758251036911011,153.67761502587868,265.0737099299607
28147661,-0.838047,-4.449341,-0.21721589630889881,188.9421416146484,344.7035764428565
28145036,0.521515,-5.035147,0.25942910369110117,173.66104173441911,424.892250261614
28145039,3.895586,-55.65197,0.8582291036911011,108.473319237121,436.230533449554
28145040,1.061689,-13.251729,0.5624091036911011,128.9037559322515,433.9116461559128
28103465,-4.346288,-1.875626,0.02154910369110108,181.24548918050507,177.20138303218968
28103465,-4.346288,-1.875626,0.02154910369110108,181.24548918050507,177.20138303218968
28140073,-7.244957,-1.793282,3.266844103691101,40.556861531733176,85.27082500467864
28147682,-0.758471,-5.524421,-0.6242888963088988,191.9957090155336,351.47055220618387
28123959,-3.710331,-3.70794,0.20456710369110098,163.40933334048532,237.3673409715272
28140706,-4.191619,-4.232438,0.12726810369110098,160.7528012333798,234.9455408203138
28140706,-4.191619,-4.232438,0.12726810369110098,160.7528012333798,234.9455408203138
28146529,-7.871362,-0.172016,0.15798910369110097,170.46530208611586,59.41264046178895
28147690,-0.554726,-2.968283,0.46732910369110103,179.80135299331263,355.66939377382147
28127704,0.432995,-3.918096,0.08369810369110109,195.61432126832253,417.2055045041942
28146530,-8.362508,-0.200503,-0.08131189630889901,175.2963283517201,59.54569351291744
28140079,-4.268094,0.312292,0.11093410369110113,208.37151371515284,85.29482765637619
28140080,-2.882879,1.085894,-0.022407896308898945,270.73649200579587,60.51276598404425
28074628,-5.343779,-3.193558,3.518089103691101,21.57053705303909,172.6035079950319
28074628,-5.343779,-3.193558,3.518089103691101,21.57053705303909,172.6035079950319
28149557,-5.549278,1.018975,0.7816961036911011,170.29885809036335,1.2679044919673288
28147695,-0.599635,-12.414477,3.425121103691101,54.634696466720925,417.6247621600014
28140711,-4.11942,-4.406629,1.0710571036911012,129.4380407033938,240.15692971277016
28149561,-6.305173,1.296401,-0.05285389630889892,206.63103059501597,3.251063213321572
28103476,-4.173539,-2.587874,0.05863810369110101,174.48568836290707,200.83508550004225
28140712,-4.954989,-5.554898,0.4660771036911011,143.22845656444468,239.41089312462697
28140712,-4.954989,-5.554898,0.4660771036911011,143.22845656444468,239.41089312462697
28140713,-1.966602,-0.759044,0.04539410369110097,226.4078385768504,216.62872095940904
28140713,-1.966602,-0.759044,0.04539410369110097,226.4078385768504,216.62872095940904
28143639,-3.13267,-0.299448,1.715460103691101,103.645594532762,120.27052995285716
28147702,-0.436781,-10.682158,3.453926103691101,44.493160946748304,425.5203671386707
28147704,-0.460163,-3.167439,0.6700671036911011,166.76651259234382,367.57397649412974
28129980,-4.459689,-5.523163,-0.17622989630889885,161.50421626672886,248.8281902589977
28132472,-4.624281,-1.785682,0.17791710369110114,174.50961900522282,167.00255194152265
28149571,-5.767963,0.578367,1.568460103691101,119.51225586145104,6.820000895148354
28134784,-4.081674,-2.831917,0.19443110369110106,168.25671713955632,208.7790465970032
28149577,-6.043928,0.807639,0.8432621036911011,161.1360217441684,11.183283112620728
28143645,-3.027153,0.402463,0.07162710369110115,235.1528230562093,110.3014149421428
28147712,-0.444338,-3.271486,0.5785931036911011,170.7110123852288,367.61310024356703
28143648,-5.389333,-1.937493,3.146254103691101,29.75153726774394,126.5511940848428
28149582,-4.05898,0.684954,1.771728103691101,101.2932794960273,3.4016659795503585
28149583,-6.529648,0.865996,0.49479510369110113,175.00245466793243,13.740096571238835
28146540,-3.577824,0.217258,2.106914103691101,65.00181395057808,47.258253082223575
28149585,-7.122253,0.941083,0.075116103691101,188.49618934478977,15.919256422983525
28123968,-4.08116,-5.145853,1.071126103691101,127.62935749163088,253.6043884553845
28149594,-6.852221,-0.184525,2.961823103691101,38.93386748285656,9.803770805465462
28146544,-3.148758,1.342824,-0.11130889630889884,278.2963697546901,32.6133963882624
28056729,-3.783689,-1.454994,0.030874103691101107,189.99003048919585,178.08506339652624
28056729,-3.783689,-1.454994,0.030874103691101107,189.99003048919585,178.08506339652624
28149596,-5.349167,0.853687,0.6856331036911011,175.1680640058408,18.457228284274294
28146549,-7.042335,0.008972,0.05227710369110117,180.23575655320371,61.96947518371428
28145058,0.90619,-6.508197,0.18113410369110117,165.78548165720264,439.99208842568953
28147732,-0.319059,-6.161449,-0.5122038963088988,185.43698465672776,372.9856934109848
28149600,-6.630638,-0.001011,2.383926103691101,72.6206625542649,16.018593882970492
28087439,-5.398067,-2.920918,3.4265351036911014,24.307715299889026,162.63782792853183
28149601,-5.92487,0.890104,0.3419291036911011,187.3450032603224,20.990996122040517
28149602,-6.011983,1.035227,0.0009761036911011267,203.6236863946517,20.332627343291904
28149607,-3.050212,0.807171,1.6058111036911011,116.8087018392399,9.603030837153623
28146555,-7.86063,-1.425071,3.348224103691101,38.67646171044996,60.019637369548605
28056754,-5.672991,-2.621789,3.470446103691101,21.462493481078752,144.77929054150007
28056754,-5.672991,-2.621789,3.470446103691101,21.462493481078752,144.77929054150007
28146558,-3.062248,1.302268,-0.07261389630889892,277.36722412052546,36.72032433577962
28126811,-2.857399,-1.222917,1.791263103691101,97.15411401854448,187.54942543714648
28126811,-2.857399,-1.222917,1.791263103691101,97.15411401854448,187.54942543714648
28134809,-4.032881,-3.096055,0.18420710369110105,166.88345072214258,216.18896401015823
28134809,-4.032881,-3.096055,0.18420710369110105,166.88345072214258,216.18896401015823
28146560,-7.714947,-1.487423,3.651599103691101,21.666489099881915,59.06046859424981
28143659,-3.231579,-0.419173,1.720856103691101,103.53187765474716,125.44131480948349
28146561,-3.526864,0.19894,2.019496103691101,74.16896744578798,54.0743453981346
28147743,-0.236914,-3.441486,0.4070621036911011,179.45972073721975,378.7607995240848
28149611,-9.380504,-0.749698,3.135234103691101,55.61927457656017,20.440187451604032
28149612,-6.500911,0.545847,0.7893841036911011,158.8092026806616,25.53649184066407
28123976,-4.086498,-5.091955,0.8891371036911011,133.63726828438118,252.35538292315215
28137181,-0.953598,-2.197216,-0.02738789630889893,214.0751719372499,312.750161686497
28146566,-2.762532,1.321008,0.031584103691101095,284.37024964367265,35.57045430178488
28147752,-0.036859,-7.251002,0.136523103691101,158.27017536682962,395.3802849419551
28146569,-7.723323,-1.477905,3.324720103691101,39.11668291932094,64.37233170892628
28149617,-6.255461,-0.209399,3.024406103691101,27.00371567574649,14.258826322551757
28056787,-5.76447,-3.05331,3.0606911036911013,48.67633114708417,161.318914275158
28056787,-5.76447,-3.05331,3.0606911036911013,48.67633114708417,161.318914275158
28149622,-5.537542,-0.089627,2.973656103691101,17.30060060793059,12.97417001169444
28134818,-5.104578,-5.468695,4.276995103691101,5.341363215726858,235.6070009544468
28134818,-5.104578,-5.468695,4.276995103691101,5.341363215726858,235.6070009544468
28143664,-3.127261,-0.337573,1.5879321036911012,114.81444288608276,126.14293692486189
28140101,-2.697464,1.102187,0.015829103691101132,276.3100025066656,61.97866222479456
28149626,-6.499578,0.170324,1.544294103691101,119.7477382090364,28.905181708305605
28134823,-5.131776,-5.545303,4.115413103691101,14.1576258849025,236.355438702369
28134823,-5.131776,-5.545303,4.115413103691101,14.1576258849025,236.355438702369
28146572,-7.617133,-0.256216,-0.12286889630889886,180.1791834967861,69.28679741824197
28146574,-6.985954,-1.360067,3.690030103691101,8.522854505011509,60.75948598432481
28149628,-4.196717,1.145019,0.230845103691101,222.07140484599464,22.797878737437856
28149629,-2.736994,1.533779,0.10649310369110099,293.6591640478079,4.461071749529879
28147762,-0.057024,-4.492669,0.25066810369110115,175.6381116696166,390.7639230646861
28149632,-8.635659,0.345808,0.04988810369110119,173.9475538527063,34.21741046050437
28149633,-5.777006,0.764362,0.3336721036911011,187.4372567975697,30.509128184407217
28147769,0.135235,-6.577177,-0.1579278963088988,173.21125815649066,397.39565211724937
28147772,0.88253,-16.468645,2.004175103691101,95.38025828999668,438.3485811333876
28140726,-1.992655,-0.810429,-0.06443889630889887,230.34372190962168,217.8256770024749
28144417,-1.746665,-5.281279,0.6943061036911011,143.96472500192817,324.9834568851818
28149638,-7.954885,-0.881669,3.8836251036911014,3.278852629876297,20.276873946651506
28147781,0.139634,-5.257185,0.01243110369110112,178.9000078015266,398.5517794920777
28149639,-7.341372,-0.412411,2.6575801036911013,63.82572652156284,28.11256779019311
28113270,-2.685991,0.856205,0.035282103691101074,263.75083330458807,85.47052669578574
28149645,-17.791283,-2.629077,3.1979801036911013,85.48559418881499,37.21442290160442
28149646,-7.535515,-0.24942,1.944601103691101,100.6617897790861,33.75143637083289
28134829,-5.017482,-5.374434,3.208455103691101,51.6953183271481,235.86747020322272
28134829,-5.017482,-5.374434,3.208455103691101,51.6953183271481,235.86747020322272
28149647,-6.095309,0.431812,0.8470931036911011,157.26866350915907,34.57766453402701
28147786,0.161933,-4.99277,0.24822210369110098,172.0914947555534,403.8371329623211
28149648,-2.797904,1.504927,0.05987810369110114,291.83562090894486,10.398389471593871
28147790,0.162391,-4.635721,0.21207210369110108,177.42619012759,402.8507571039577
28146582,-3.061223,1.23511,-0.09013789630889901,275.1971467531212,44.42377881565423
28149653,-6.745428,-0.469165,3.045184103691101,35.36460440085213,27.029906360314385
28123990,-4.023221,-5.203673,1.014398103691101,129.3832231868901,255.8604924822655
28134830,-4.063833,-3.652167,1.219516103691101,125.975401690034,226.5550938418306
28134830,-4.063833,-3.652167,1.219516103691101,125.975401690034,226.5550938418306
28146583,-2.695204,1.285961,0.062336103691100986,283.4080807108496,39.61138240001248
28147794,0.386745,-7.134611,0.151562103691101,160.08063955876284,413.19821030366313
28147795,0.259043,-5.357998,-0.1053458963088989,183.267490171193,402.6861096674997
28149660,-6.690097,0.541768,0.17138110369110104,183.7064011516756,38.27237112103171
28147801,6.698908,-73.319748,-2.4673748963088986,122.95550874824944,437.991483924044
28149664,-9.191234,0.084596,-0.06675389630889894,172.88411110710317,42.3730362110889
28149665,-5.611939,0.786742,0.078120103691101,200.9858632755792,37.372917372554014
28140736,-3.561854,-3.755441,0.9852031036911011,135.425349841931,242.9261944407148
28140736,-3.561854,-3.755441,0.9852031036911011,135.425349841931,242.9261944407148
28129996,-4.087161,-5.274673,0.16865410369110112,154.53243747526386,254.01145826280612
28129996,-4.087161,-5.274673,0.16865410369110112,154.53243747526386,254.01145826280612
28134835,-2.093285,-0.502607,0.03985910369110113,231.15618923354347,199.2081507219019
28149671,-3.136292,1.436296,-0.07817389630889893,281.4980838752204,21.153255406481463
28146590,-6.854082,-1.308131,3.141845103691101,39.37466269406343,70.5469769827549
28149675,-9.507527,-1.422856,3.861529103691101,28.32304019774574,35.8850438102576
28149677,-11.680107,-0.009815,-1.3113698963088989,191.03323578244036,46.00005758150198
28120883,-1.774343,-1.23457,0.036308103691101046,218.61686150870125,244.01076848176217
28149680,-10.602496,-1.034482,1.729503103691101,112.14086609448474,46.39538655599796
28140742,-3.18933,-2.904708,-0.1128978963088989,183.9087903071121,235.3753315388012
28140742,-3.18933,-2.904708,-0.1128978963088989,183.9087903071121,235.3753315388012
28149681,-8.916757,-0.007879,0.0030831036911009857,171.46755681204678,46.72165070935199
28149682,-7.351507,0.288878,0.13183010369110115,178.04048953500472,45.25574214495683
28130000,-1.916288,-0.862378,0.04522410369110119,224.69337124552945,223.30984284145163
28130000,-1.916288,-0.862378,0.04522410369110119,224.69337124552945,223.30984284145163
28149685,-9.242015,-1.376075,3.625572103691101,36.57237187360042,40.06963020489909
28149686,-9.545054,-0.798721,1.594505103691101,116.32510450604028,47.544313933687306
28149687,-7.611961,0.096645,0.36982310369110105,166.52253823718067,47.20943622456966
28147814,1.607698,-15.929405,0.40599210369110106,128.32160542425078,441.7644130197318
28147815,1.520105,-15.187014,0.2771511036911011,132.027314878195,439.7159939555676
28149688,-3.163929,1.396775,-0.1047358963088989,279.97436477716974,26.32627860128659
28143681,-7.044992,-3.202755,3.353637103691101,45.457034925369584,138.63743955493362
28144434,-0.381709,0.642281,0.01827510369110108,403.7661914896887,258.90815665848777
28144434,-0.381709,0.642281,0.01827510369110108,403.7661914896887,258.90815665848777
28149692,-6.893782,0.342829,0.10187010369110117,182.7240713068768,47.57785830225356
28140746,-3.133769,-3.182045,0.951819103691101,140.15436644807767,243.98656474110103
28140746,-3.133769,-3.182045,0.951819103691101,140.15436644807767,243.98656474110103
28144436,-1.068493,-2.482897,0.136890103691101,198.84008085622983,313.31584067267374
28147827,0.528015,-4.986938,0.374517103691101,169.02963545746474,428.1049810329721
28147828,0.544932,-5.071162,0.263245103691101,173.2810032078828,426.3064806541869
28149700,-6.822389,0.273727,0.23049610369110107,177.70830599272273,49.11183580891327
28149701,-6.207671,0.49333,0.06501710369110114,191.3499829540924,47.81846667610952
28147829,0.404413,-3.960222,0.29322210369110113,184.30100998812645,420.556206904591
28134851,-4.993474,-5.301631,1.5033181036911012,113.32146283647624,234.92182992658667
28144441,-1.444407,-5.051,0.9073021036911011,137.37500951879196,336.60990369443266
28074773,-3.942414,-4.640573,3.2778521036911012,34.96630600543804,252.3852216182637
28149707,-5.726777,-0.254554,2.2915651036911013,73.79218220701458,44.64078610047324
28149709,-7.345857,-0.063,0.6720661036911011,155.46952006655243,51.38932292930977
28140154,-2.64191,0.970862,0.015201103691101059,271.9500023794526,76.69467940124329
28147838,0.676554,-5.041078,0.5644411036911011,160.4992027716078,442.2047311078612
28149713,-6.920753,0.143179,0.3374401036911011,171.82498683423523,52.26606970141012
28144444,-1.032443,-2.664786,0.01799010369110099,201.891905706566,316.9758408612111
28120899,-1.742404,-1.315093,0.030730103691101185,217.59540366930733,248.2570522789776
28149714,-3.110465,1.341909,-0.09025689630889899,278.49333905290126,32.43755707322589
28134860,-4.834741,-5.090572,0.644204103691101,139.98275437254117,234.879949698149
28134860,-4.834741,-5.090572,0.644204103691101,139.98275437254117,234.879949698149
28149717,-9.505505,-0.807441,1.063804103691101,133.5879244711713,55.661877568560925
28149720,-5.68719,-0.315723,2.2875941036911014,74.1214390996254,49.277900537067296
28149721,-9.510499,-0.793017,0.9071821036911011,138.46303995309944,57.2323118681804
28149722,-4.720283,0.690948,0.24489910369110102,202.6367969145895,50.21705727698958
28149723,-2.615539,1.341553,0.13302710369110105,285.7120935649828,30.80613701677328
28124005,-3.950696,-4.991082,0.532783103691101,145.3920492974231,253.6210504403172
28149727,-3.156352,1.301885,-0.12836289630889897,277.0321049694916,37.44382181977406
28146608,-5.671861,-1.014705,3.288435103691101,10.516488033469985,69.18531369778188
28146609,-8.264977,-2.014463,3.6313511036911015,33.30235173257998,75.87341908503146
28149731,-6.959462,-0.947134,3.127584103691101,37.73793890917116,50.83254808210421
28137216,-0.524112,-3.79891,0.02211110369110103,190.09316870222852,357.54679742577355
28133326,-0.182646,-4.66898,-0.006030896308898859,183.53782853319572,380.1021329137028
28143694,-3.09482,-0.486015,1.747514103691101,100.75682004185076,134.60296910985738
28149738,-5.249631,-0.028851,1.544570103691101,119.3683744892478,56.01686300582168
28149739,-4.066886,0.803749,0.2583501036911011,214.3828635923585,51.80873672493735
28149740,-2.617782,1.307604,0.12286610369110118,284.23099984183006,35.60041198938825
28124014,-1.999273,-0.797022,0.016695103691101165,226.29629716277384,216.74658056892247
28149745,-3.060165,1.248404,-0.08734289630889891,275.7054765042471,42.97870741543201
28140762,-3.76269,-4.88923,3.375780103691101,30.4459889138154,263.5470573090862
28140762,-3.76269,-4.88923,3.375780103691101,30.4459889138154,263.5470573090862
28130012,-1.88048,-0.948868,0.04473610369110115,223.19059500984037,228.4605161561652
28130012,-1.88048,-0.948868,0.04473610369110115,223.19059500984037,228.4605161561652
28149749,-5.51854,0.295839,0.3253701036911011,184.0618246550291,61.20457518798807
28132542,-4.474715,-2.119842,0.18124910369110103,172.3488796501605,180.44761492650963
28143697,-5.263709,-2.19482,3.136696103691101,31.87225785954203,140.81275853224912
28143697,-5.263709,-2.19482,3.136696103691101,31.87225785954203,140.81275853224912
28149750,-4.235833,0.64433,0.3764191036911011,201.62443869739656,57.4085355155417
28146614,-2.742707,1.209809,0.017708103691101096,279.97678274672467,49.29954547473957
28120911,-1.725348,-1.397122,0.024811103691101177,216.33272151672065,251.71124054674385
28120911,-1.725348,-1.397122,0.024811103691101177,216.33272151672065,251.71124054674385
28149757,-4.899023,-0.234905,2.200427103691101,74.00228419355568,58.10679789500179
28147866,-2.36278,-2.170261,0.3484711036911011,179.7196777273531,246.40284579987957
28140763,-3.581461,-4.538633,3.131672103691101,38.405574445213546,262.20409100395204
28140763,-3.581461,-4.538633,3.131672103691101,38.405574445213546,262.20409100395204
28147867,-1.41003,-0.67652,0.8648071036911011,184.18068549113397,244.8512787801772
28140764,-3.607866,-4.568266,3.027412103691101,44.444204048197946,261.56185506994234
28140764,-3.607866,-4.568266,3.027412103691101,44.444204048197946,261.56185506994234
28147868,-2.013033,-1.487593,-0.17483089630889892,219.4174418127621,240.7891125441428
28147869,-1.686629,-0.980414,0.082668103691101,224.09038516024768,239.5072758666136
28113285,-2.630265,0.719844,0.030093103691101186,260.01373811285185,99.31538304548693
28143702,-6.713575,-3.201523,3.2789261036911013,46.422649245473366,145.14157943307512
28149761,-9.037,-1.877478,3.628978103691101,38.63574145480581,62.301540959691096
28134876,-3.541872,-3.092706,0.0716601036911011,173.3958269058455,229.32064799699128
28149763,-8.524097,-0.375695,-0.31046489630889895,179.84684257040203,67.38047252069615
28149764,-3.194722,1.205963,-0.180972896308899,274.2101561631732,48.23439387088322
28149765,-2.588828,1.239209,0.12400810369110116,281.4489315328095,44.58228120703453
28143704,-2.514396,0.580243,-0.015330896308898945,260.64350038566323,115.83577803139316
28137223,-0.511255,-5.421898,-0.10058589630889903,177.23599210039677,366.894480183952
28144464,-1.716005,-11.265999,4.322050103691101,25.195295822446013,391.8835579700607
28149770,-2.87891,0.462319,1.691287103691101,105.14909422997604,55.50489867181432
28146623,-3.090976,0.187434,1.938510103691101,78.5141348285876,70.26699146320104
28149773,-5.664191,-0.859563,3.270840103691101,9.00759059351185,59.79593462373592
28149775,-6.801141,-0.124031,0.07793210369110115,179.6534748529956,69.87841182089318
28149776,-5.074789,0.368665,0.18037010369110118,195.9805854353432,66.58300223917846
28149777,-5.759681,0.279468,-0.11033589630889895,199.70469848621437,67.56376006944353
28149779,-5.526055,-0.78288,3.058015103691101,22.027072493259823,62.41090328801357
28149780,-2.567105,0.531082,1.699462103691101,102.5757300632754,55.38780166460998
28149781,-2.582591,0.55622,1.6097671036911012,114.78159330457076,56.31299954551599
28140767,-3.716034,-4.880105,3.4851481036911007,24.028622893973164,265.3221532314462
28149782,-3.158705,1.152434,-0.17733989630889901,272.89140152002057,53.82709359732854
28137226,-0.364621,-3.622092,0.05747510369110098,192.58591008575357,365.5547902553644
28147880,-1.771136,-1.330061,0.594140103691101,185.02685742299792,248.65534327472983
28149783,-2.697325,1.203249,0.04398510369110098,279.8799730028272,49.91913529906907
28147881,-1.640464,-1.002506,0.10154210369110106,223.37648485194185,242.81451283533283
28124023,-4.199429,-5.375021,-0.09547489630889894,160.95183916222948,252.5128151989599
28124023,-4.199429,-5.375021,-0.09547489630889894,160.95183916222948,252.5128151989599
28149786,-8.279055,-1.795766,3.478314103691101,38.89237782210032,69.20912660000388
28147886,-4.704936,-5.837175,1.664244103691101,107.71232132331714,249.93406117518015
28147888,-2.620627,-2.786741,0.15230510369110117,179.16042553455978,251.40476584095532
28147888,-2.620627,-2.786741,0.15230510369110117,179.16042553455978,251.40476584095532
28149789,-6.870875,-1.43116,3.6643111036911007,9.546157945242411,66.52688737344207
28147889,-2.511116,-2.589736,-0.004014896308898841,188.5681613105344,250.53067289155524
28147889,-2.511116,-2.589736,-0.004014896308898841,188.5681613105344,250.53067289155524
28144469,-1.741232,-11.253568,3.6563091036911013,47.672702551644,384.25791967661326
28149790,-5.393572,0.17013,0.23705810369110103,187.46352228894705,71.55292676052184
28144470,-1.012614,-3.928553,1.337810103691101,121.61332717569408,352.22335191139416
28149791,-4.071136,0.607943,0.22846810369110115,211.46130266531412,67.04950711821789
28140773,-3.922613,-4.884491,1.466493103691101,114.51050195610904,254.1704931309283
28140773,-3.922613,-4.884491,1.466493103691101,114.51050195610904,254.1704931309283
28140774,-3.133698,-3.239946,0.29721210369110107,166.21232985203102,244.5287780185624
28147890,-1.815021,-1.349262,-0.012994896308898829,217.8215239563893,245.72302119887573
28147890,-1.815021,-1.349262,-0.012994896308898829,217.8215239563893,245.72302119887573
28147892,-3.743749,-4.41124,1.558044103691101,111.38893051517768,251.01949024822292
28147892,-3.743749,-4.41124,1.558044103691101,111.38893051517768,251.01949024822292
28147893,-3.809924,-4.800842,0.08749210369110116,160.13054928555883,253.49213908462005
28147893,-3.809924,-4.800842,0.08749210369110116,160.13054928555883,253.49213908462005
28132560,-3.843849,-1.546029,0.003146103691101132,189.44985577571543,179.6689882616123
28132560,-3.843849,-1.546029,0.003146103691101132,189.44985577571543,179.6689882616123
28130030,-1.833164,-1.081736,0.036659103691101036,221.1975373449032,235.7538833188716
28130030,-1.833164,-1.081736,0.036659103691101036,221.1975373449032,235.7538833188716
28149802,-6.808275,-0.279998,0.06598810369110097,178.5952762781909,76.43316639300778
28134884,-2.026636,-0.654553,-0.0452588963088989,232.89380069638773,209.63567453075677
28134884,-2.026636,-0.654553,-0.0452588963088989,232.89380069638773,209.63567453075677
28149803,-5.039364,0.29447,0.10469010369110099,198.62953203248475,72.90726178261687
28147900,-4.282774,-5.702798,0.47846010369110104,143.62864371901026,256.00954143952737
28146634,-2.927065,1.080067,-0.04868489630889883,270.43089044714185,61.0197631170806
28149804,-2.682957,1.157977,0.03706910369110106,278.48857793136114,55.5471150978791
28147902,-4.257595,-5.64189,0.8842171036911011,132.098043227546,256.3949177330521
28147902,-4.257595,-5.64189,0.8842171036911011,132.098043227546,256.3949177330521
28149807,-8.213967,-1.918249,3.4649541036911007,39.95198977866804,75.09398252475452
28147903,-3.994949,-5.221535,0.8225801036911011,135.48241367561468,256.5027252631174
28144477,-0.90463,-2.98826,0.7214461036911011,162.61500149484118,338.35235203805604
28140784,-3.221234,-4.171215,3.5624141036911015,3.5970936570114134,269.8981071443291
28140784,-3.221234,-4.171215,3.5624141036911015,3.5970936570114134,269.8981071443291
28146636,-3.155642,0.099008,1.981344103691101,75.07070306294293,76.02796004611446
28116004,-0.123648,0.07744,-0.006124896308898897,356.4080405243932,327.47739529271985
28124031,-4.201814,-5.526739,-0.0013648963088990218,157.69059290369646,254.6873051161912
28124031,-4.201814,-5.526739,-0.0013648963088990218,157.69059290369646,254.6873051161912
28147905,-2.416421,-2.643219,-0.04854989630889883,190.5262246046776,255.06649332335277
28147905,-2.416421,-2.643219,-0.04854989630889883,190.5262246046776,255.06649332335277
28147906,-1.736615,-1.359378,-0.06292989630889889,221.42846176043275,249.7353673869784
28147906,-1.736615,-1.359378,-0.06292989630889889,221.42846176043275,249.7353673869784
28149814,-4.304342,0.329518,0.5128901036911011,187.53740198267735,74.31582610356912
28147908,-2.947715,-3.232549,1.932930103691101,92.0478675199764,253.5653992114508
28144480,-0.930049,-3.549166,1.254268103691101,127.80707675122292,351.9312892500618
28140787,-4.688562,-6.167835,0.2954651036911011,146.14472391356472,253.1671979232122
28140788,-4.293439,-5.44091,0.21522210369110106,151.94149224977943,251.74521137090275
28140788,-4.293439,-5.44091,0.21522210369110106,151.94149224977943,251.74521137090275
28149819,-5.129005,0.208065,0.06592410369110113,198.0255411322373,76.94442711447888
28149820,-2.600559,1.126463,0.08246010369110102,277.34609850889615,59.1499905053511
28147913,-2.710515,-3.258738,0.04125010369110105,178.09566352096073,257.96148798031174
28147913,-2.710515,-3.258738,0.04125010369110105,178.09566352096073,257.96148798031174
28140185,-6.514459,-2.161875,3.139588103691101,43.897660618416296,113.74447602082866
28116011,-0.195057,-4.756192,-0.028650896308898943,183.36804909959437,379.4639042104277
28140792,-3.275471,-4.307833,3.468958103691101,12.539550095299576,270.20634776706726
28140792,-3.275471,-4.307833,3.468958103691101,12.539550095299576,270.20634776706726
28140793,-3.358139,-4.449181,3.406129103691101,19.38051681569601,269.6136807824398
28149827,-6.33161,-0.224438,-0.048759896308898876,186.4147665562489,81.87511934251987
28134893,-3.552684,-4.073548,3.664289103691101,0.4364149035653781,254.5662980663197
28134893,-3.552684,-4.073548,3.664289103691101,0.4364149035653781,254.5662980663197
28149828,-7.457045,-1.944944,3.8665911036911007,12.123945817658978,79.50877935630962
28147918,-1.816863,-1.407742,1.967993103691101,74.92431847372129,253.51202356414987
28147919,-3.633492,-4.515406,2.0795721036911012,89.60864933582229,257.25874391032727
28147921,-4.38762,-6.475143,-0.005765896308898899,153.23611442889006,262.72251432892085
28147921,-4.38762,-6.475143,-0.005765896308898899,153.23611442889006,262.72251432892085
28130039,-2.808825,-3.660201,0.41125710369110113,160.3416614243806,263.36798686566993
28146638,-2.566357,0.445985,1.567103103691101,119.68683145178844,73.54585170242788
28149831,-5.342354,0.090047,-0.01284889630889885,197.39258588751733,81.1180493167735
28149832,-2.556077,1.094717,0.10298310369110109,276.1672904232169,62.95619370297865
28147926,-2.656997,-3.46925,0.10900610369110098,173.9845953322058,263.9324457960817
28147927,-2.855701,-3.849985,-0.10066889630889886,176.89094657903854,263.78961049241576
28147927,-2.855701,-3.849985,-0.10066889630889886,176.89094657903854,263.78961049241576
28149835,-2.992646,1.008093,-0.10694089630889891,268.3169334381255,68.23148262574608
28147928,-2.184517,-2.553722,-0.0601658963088989,194.31839109533212,261.7561785986983
28149836,-3.273031,0.056525,1.995885103691101,75.16666385029606,76.27546036066838
28149837,-2.400094,0.459837,1.717272103691101,99.1192769153116,70.44314742211802
28147929,-1.680914,-1.544369,0.01582310369110118,214.2926948484328,258.3579793496145
28147929,-1.680914,-1.544369,0.01582310369110118,214.2926948484328,258.3579793496145
28147931,-5.9256,-8.503595,2.944762103691101,75.47690930603417,260.27386753781684
28147931,-5.9256,-8.503595,2.944762103691101,75.47690930603417,260.27386753781684
28137254,0.193351,-5.251771,0.06295110369110102,177.33810990463374,402.2411525663115
28143727,-5.501638,-1.748185,0.18609610369110108,169.60096319307723,147.62929744132575
28149842,-5.042978,0.09126,0.07271510369110112,196.9297602293339,84.30250405692755
28146646,-2.689274,1.116967,0.022718103691101055,276.97410589887755,60.36637214845234
28147933,-4.143511,-6.256877,0.939689103691101,129.1192481310722,267.4052791021133
28149844,-2.536457,1.062075,0.10698210369110117,274.97082881693666,66.88396564545408
28134905,-4.877699,-5.526395,0.14144810369110106,152.11002069990627,240.4397027766111
28134905,-4.877699,-5.526395,0.14144810369110106,152.11002069990627,240.4397027766111
28147937,-2.484897,-2.799738,2.0846211036911013,79.28190673912465,262.8935723071056
28059970,-5.311073,-4.363309,0.011936103691100985,159.57681241907537,213.2830948257396
28147938,-2.497914,-2.881016,1.9770241036911012,86.66644441319764,263.9678130270897
28147938,-2.497914,-2.881016,1.9770241036911012,86.66644441319764,263.9678130270897
28134907,-3.365634,-3.034391,0.06300710369110107,175.2344591787638,233.05741560889996
28147939,-4.111527,-6.202238,1.1549671036911011,122.91106783818324,267.98235747731053
28147939,-4.111527,-6.202238,1.1549671036911011,122.91106783818324,267.98235747731053
28149846,-5.364564,-1.059676,3.0383751036911013,25.260087171819062,83.15885147441102
28132593,-4.161085,-2.214568,0.10673010369110103,176.1183715279034,191.0989880041928
28146651,-3.012809,1.03402,-0.11587789630889889,269.26601119275966,65.71420895305747
28149849,-2.322089,0.518274,1.567100103691101,120.21965061539692,73.22168830322732
28140800,-4.459667,-6.096912,1.1545021036911012,122.98714453930248,258.4727321473393
28038247,-4.552724,0.366595,0.019279103691101085,209.75820555469056,78.73195891572882
28134911,-1.987103,-0.754705,0.03514110369110113,226.66644798174988,215.4985542701479
28134911,-1.987103,-0.754705,0.03514110369110113,226.66644798174988,215.4985542701479
28149856,-4.1353,0.249428,0.4277191036911011,192.82562231785167,84.84923128044991
28149857,-2.836627,0.972808,-0.024571896308899,267.3351368483018,72.55383307292502
28149861,-8.377625,-2.600631,4.197091103691101,12.977417030848272,89.12903389223536
28149862,-3.452703,-0.075834,2.0198021036911014,75.68019920169277,82.7758919732508
28146656,-2.38719,0.461826,1.6329451036911011,110.95627473957468,75.03932222309064
28143733,-2.492744,0.496402,-0.03032189630889892,258.76821623217927,123.39825243882052
28147950,-1.633239,-1.639702,0.01799110369110113,212.91618955459063,263.47841422459504
28147950,-1.633239,-1.639702,0.01799110369110113,212.91618955459063,263.47841422459504
28147951,-2.298377,-2.875689,1.3554411036911012,123.11962862389042,270.0539878736031
28149864,-2.659836,1.015665,0.013911103691101045,273.5464793632366,71.84082658096227
28149865,-5.004227,-0.928181,2.813759103691101,35.28554876428936,87.25765779028993
28147952,-1.89947,-2.149608,1.2229211036911012,134.87247801631884,270.2091898232101
28149866,-7.683481,-2.138692,3.383280103691101,41.251164326209846,91.57304884717712
28147953,-1.966801,-2.426636,-0.05471189630889883,198.1197613821001,267.6827771912759
28149868,-7.348886,-2.109116,3.6194561036911015,26.11850982665501,91.7940223296207
28146660,-7.278197,-1.940984,3.275659103691101,41.61812253958249,90.84868048019608
28134913,-3.838774,-3.948291,0.1684331036911011,162.51315272957223,238.53341738271885
28147958,-1.589156,-1.632052,-0.044995896308899,216.9033253373754,265.17917789328067
28149873,-3.03147,0.063136,1.963758103691101,75.98013872106992,84.38832960025985
28149877,-3.473139,0.450538,0.40696410369110103,207.83525136843383,86.51531759961532
28134914,-1.988666,-0.746868,-0.05130389630889898,231.45541914224128,215.3622516164843
28134914,-1.988666,-0.746868,-0.05130389630889898,231.45541914224128,215.3622516164843
28144498,-0.858843,-3.14761,-0.005989896308898901,197.21731323173944,332.79764575841034
28149881,-2.363665,0.402215,1.693686103691101,102.34712709203647,81.03381477234223
28147965,-1.968594,-2.166939,1.9828651036911011,80.0496677525812,271.5298718142425
28147965,-1.968594,-2.166939,1.9828651036911011,80.0496677525812,271.5298718142425
28124064,-3.770356,-5.467898,0.22155810369110118,153.0288889168712,264.323873272489
28149884,-10.846034,-3.80493,4.165108103691101,41.95104418403608,99.04345106021472
28144501,-1.280615,-8.007049,1.764210103691101,100.31505416561646,370.51259697285246
28149890,-2.767378,0.142807,1.929219103691101,76.21473784920096,86.47748253211077
28132627,-3.995034,-2.323614,0.1294571036911012,175.3243169249282,198.23945299726708
28132627,-3.995034,-2.323614,0.1294571036911012,175.3243169249282,198.23945299726708
28149897,-2.318479,0.382648,1.689393103691101,102.7134180040231,85.78777595798778
28147975,-2.030873,-2.856025,0.697245103691101,158.21061815012823,277.9796168148065
28149903,-5.446654,-1.436378,3.2836181036911007,14.194346937274162,98.18462856626248
28149904,-3.198296,-0.096485,1.992796103691101,76.001471984309,93.39271744269404
28147977,-2.012704,-2.907421,0.32373610369110106,175.10982899719744,277.779475130207
28147981,-3.260192,-4.480845,2.941072103691101,45.33123210148008,272.02024725298384
28147981,-3.260192,-4.480845,2.941072103691101,45.33123210148008,272.02024725298384
28143738,-2.510052,0.432867,0.03052810369110115,252.1530437043564,126.13190675132616
28147982,-2.661661,-3.215616,2.913482103691101,26.342884929300624,269.2426627953727
28147982,-2.661661,-3.215616,2.913482103691101,26.342884929300624,269.2426627953727
28120977,-1.564397,-1.761651,0.028534103691101098,210.92869270600409,270.3161550709007
28116650,-5.351353,-5.438148,1.876871103691101,101.63020211590064,229.35109870656476
28149910,-7.507607,-2.461328,3.508540103691101,36.38345399467687,104.61266861304208
28146671,-2.670631,1.058039,0.017562103691101116,275.0219674170658,67.15226054646547
28147989,-2.331479,-3.83502,0.536918103691101,156.31956298305144,283.4206150790844
28116652,-5.113512,-5.205371,1.951986103691101,98.677610698355,230.5744165199301
28116652,-5.113512,-5.205371,1.951986103691101,98.677610698355,230.5744165199301
28146675,-3.906134,0.358053,0.23768110369110107,208.22202826107852,87.09636879206823
28147993,-2.446722,-4.131482,0.6297321036911011,150.34575736004882,284.5684879441024
28147994,-1.520753,-1.994943,-0.108051896308899,213.48356682438796,277.5331097183431
28147995,-3.247023,-5.814968,1.225144103691101,121.58815333928708,285.76317888941446
28147996,-3.157712,-4.367567,3.306420103691101,21.919315412179657,275.43979048069184
28147996,-3.157712,-4.367567,3.306420103691101,21.919315412179657,275.43979048069184
28147998,-2.960865,-5.291753,1.075525103691101,128.0324348664098,286.737316171923
28124078,-3.178572,-4.430319,0.4230311036911011,153.7026949821646,265.2408867128473
28149917,-2.854599,0.026368,1.9469051036911011,76.22397123264835,95.07243784993676
28147999,-1.508097,-2.09078,-0.11941689630889885,212.3321322260747,280.3083630611933
28149918,-2.886684,0.225537,1.294724103691101,145.30683542851537,96.377028728631
28148000,-3.199158,-4.41295,3.498965103691101,11.063834057335669,275.62488727310455
28148000,-3.199158,-4.41295,3.498965103691101,11.063834057335669,275.62488727310455
28120980,-2.155214,-4.078021,0.08055710369110103,172.69423376650835,291.0667946745272
28134927,-3.224428,-3.020361,0.04140610369110109,177.00956259944525,236.90123147766997
28148005,-1.397211,-1.975303,-0.01952789630889895,211.47975382775343,283.876937037015
28149921,-4.973922,-1.284821,3.135869103691101,15.176581497539786,102.74910020485656
28148006,-2.939229,-5.976472,0.148442103691101,155.12068526230803,291.593685537189
28148008,-2.6058,-5.378074,0.11688210369110119,160.3066262637238,293.9292621083653
28148009,-1.296199,-1.873267,0.15925710369110102,205.9934085449721,288.2948247318455
28148012,-1.314715,-2.013405,0.020804103691101083,209.96239117225372,289.3939804771118
28148013,-2.115225,-4.152997,0.661285103691101,150.11699936309117,297.1442206037514
28116667,-2.885855,-3.229061,0.18050210369110098,172.06673404311425,251.95438892911912
28149933,-3.489971,-0.345879,2.037939103691101,76.34138567038212,103.87778339535971
28134932,-3.353236,-3.380432,0.3274391036911011,162.9633122132754,240.86650152486476
28134933,-3.118575,-2.840203,-0.086299896308899,184.1128757729212,236.07801674921853
28134933,-3.118575,-2.840203,-0.086299896308899,184.1128757729212,236.07801674921853
28149937,-5.078179,-1.442519,3.181007103691101,16.04123307037051,108.44591827771129
28146683,-2.496237,0.349631,1.654153103691101,108.25316236854476,84.19962501409034
28120983,-1.531785,-1.826726,0.03446910369110112,209.8087914735938,273.69887693316986
28148018,-1.339496,-2.281895,0.03140110369110105,204.0265146376874,293.99748673893964
28146685,-7.156877,-2.166315,3.584503103691101,26.56664104329477,97.48513766833416
28146686,-5.317792,-1.204348,2.9033801036911013,36.341457394711455,95.20740507650208
28148019,-1.277545,-2.093085,0.022076103691101023,208.8668231820182,293.1522712182484
28114988,-0.920661,0.670857,-0.015679896308898877,351.59139914155264,196.59785286320096
28114988,-0.920661,0.670857,-0.015679896308898877,351.59139914155264,196.59785286320096
28149945,-4.713888,-1.214466,2.903801103691101,28.14531619609471,109.31394242053454
28148025,-1.260299,-2.244444,-0.00840889630889885,207.6848223899242,296.97999032865664
28149951,-3.132302,-0.209205,1.990415103691101,76.48625570201284,105.81846439443572
28148027,-2.581283,-6.330077,-0.05395289630889888,160.21629950078054,304.0189023124026
28140817,-3.309307,-4.370591,1.891418103691101,96.77994506465808,264.447033193164
28140817,-3.309307,-4.370591,1.891418103691101,96.77994506465808,264.447033193164
28132655,-2.220903,-0.246933,0.028291103691101105,236.5182208063001,180.67080024173956
28146692,-6.762664,-2.05409,3.7051291036911014,14.078383930609109,97.22550613231218
28140818,-4.011273,-5.555459,1.200895103691101,122.6235406129919,261.7494719225493
28140818,-4.011273,-5.555459,1.200895103691101,122.6235406129919,261.7494719225493
28148030,-0.568742,0.695204,-0.013314896308898927,390.32466513442273,230.1650376065965
28148030,-0.568742,0.695204,-0.013314896308898927,390.32466513442273,230.1650376065965
28146694,-2.799136,0.936298,-0.008684896308899015,266.0593077066972,76.38574550475099
28148031,-1.82514,-4.145762,0.8257831036911011,144.229545065869,309.7095816567848
28149965,-3.906482,-0.669906,2.106900103691101,76.14454915910477,112.96670570295612
28149969,-8.18962,-3.266715,3.574425103691101,44.37482648533205,120.6938820159432
28148032,-2.205264,-5.655629,-0.0009268963088988613,163.81728767681918,308.39366717882854
28148033,-1.214932,-2.420851,0.07554310369110118,201.06429939421355,303.6253698182512
28140828,-1.785398,-1.117688,0.06066310369110117,219.92198845564025,239.4331011564644
28148040,-1.708722,-4.243674,0.4282741036911011,160.53652387045284,312.4666935048034
28148041,-1.195418,-2.616799,-0.06784889630889901,204.631077724045,306.78661123255625
28148042,-1.109259,-2.330972,0.15621210369110106,200.0303968962384,308.5001541369516
28140832,-3.322182,-4.919816,3.5849721036911006,14.297583004385189,280.8659607024041
28140832,-3.322182,-4.919816,3.5849721036911006,14.297583004385189,280.8659607024041
28143747,-5.263055,-1.758616,0.23768510369110118,168.94525345991698,152.16301338079575
28148046,-1.070155,-2.432558,0.15670310369110108,198.70852871587147,312.5584811552995
28140833,-2.180028,-2.383529,1.926243103691101,86.75809061508889,265.80497653088025
28149976,-4.375487,-0.789173,1.6209451036911011,112.70713867989556,116.70512487374002
28140834,-4.455432,-6.572958,0.584299103691101,137.77864902368927,263.5703104968994
28148049,-0.476258,0.675546,0.0524561036911011,394.6472869939284,243.51303681920544
28148049,-0.476258,0.675546,0.0524561036911011,394.6472869939284,243.51303681920544
28148052,-1.1211,-2.96176,-0.02349789630889898,197.93472046645468,316.5835503337967
28148053,-1.155989,-3.148858,-0.19493089630889893,202.0445143363327,315.89173361050786
28148054,-1.738351,-5.225687,0.696492103691101,144.16688046553185,324.75289155747475
28116673,-4.244183,-6.161394,0.20713710369110117,149.3772650106485,262.38044671066274
28120996,-1.485582,-1.905601,0.03553610369110105,208.8689924541145,278.0440365539173
28146703,-7.448603,-2.375762,3.4896581036911014,36.075342127545895,102.54376140738428
28146704,-2.8248,0.078499,1.9401821036911011,76.18634239671525,90.96031605914644
28149983,-4.263375,-1.15164,2.926169103691101,17.695844574284052,117.04868138516618
28149984,-3.163144,-0.316287,2.002797103691101,76.37926725686782,113.41553732855412
28148065,-1.013522,-3.429837,-0.19810889630889883,199.56290835526207,326.35288181137446
28148069,-2.345697,-9.678946,0.4009891036911011,136.99867737381203,336.9171537721057
28148070,-1.419183,-5.639476,-0.009810896308898975,167.5710805246112,334.0323757273927
28149989,-4.074438,-1.017241,2.7268541036911014,29.612846747525595,117.9559114630975
28112806,-0.630079,-3.892373,0.03362610369110097,187.40588569422988,352.9740037589197
28149991,-6.706025,-2.519898,3.214350103691101,44.51012623741238,123.08038760572592
28140838,-3.307322,-4.483502,1.076549103691101,129.8681319708124,264.119805344244
28140838,-3.307322,-4.483502,1.076549103691101,129.8681319708124,264.119805344244
28148074,-0.387618,0.618594,-0.013732896308898956,401.0845349725596,259.66236995390955
28148074,-0.387618,0.618594,-0.013732896308898956,401.0845349725596,259.66236995390955
28140841,-4.228502,-6.158391,0.05891010369110106,153.26572342106562,262.4026675134695
28148075,-0.389014,0.651129,-0.018557896308898814,406.4132725161344,256.7905925286669
28148075,-0.389014,0.651129,-0.018557896308898814,406.4132725161344,256.7905925286669
28118085,-0.43115,-4.153971,-0.16080589630889897,193.89145001985307,362.2469587367955
28149997,-3.255706,-0.30457,1.717101103691101,103.9106235810452,116.31975078615204
28110857,-5.41584,-3.737597,3.2914891036911014,39.64165049179877,188.49603547248853
28148085,-0.805138,-2.162892,1.476860103691101,117.61497944593482,347.6373860350029
28144527,-0.680804,-3.327841,0.150318103691101,189.3035258491092,346.64834995430874
28148086,-0.681771,-2.150082,0.7817661036911011,171.73427977059484,342.49884498573255
28148089,-1.388308,-6.310513,0.873521103691101,134.07385453409844,348.450628186998
28146712,-7.028075,-2.193354,3.242029103691101,43.231049214936576,105.1393019291504
28150005,-3.20165,-0.399133,2.0098831036911013,76.6893159899997,118.47342163774016
28150010,-4.932845,-1.640536,2.9994881036911014,30.09353750142435,125.30941642119636
28150011,-4.477178,-1.317203,2.734340103691101,39.34246371616126,124.27748644384005
28140849,-4.098256,-6.215611,0.758618103691101,134.4423606563877,267.51396472435783
28140849,-4.098256,-6.215611,0.758618103691101,134.4423606563877,267.51396472435783
28120033,-6.492405,0.035501,0.045924103691101115,184.52007012760683,67.08656250472242
28148096,-0.613736,-2.058002,0.8119351036911011,171.85420599180168,347.0420314944719
28120038,-6.823432,-0.182738,0.06045410369110105,179.5803046409063,72.35010754326754
28148099,-1.043968,-4.3586,1.223144103691101,126.33231834245584,352.72293887177165
28111734,-4.478134,-2.14287,0.033121103691100995,177.44312629320626,181.7778317547186
28143760,-4.862811,-1.409061,-0.06649089630889882,185.5061047764558,151.51416037856922
28121005,-1.441142,-1.840797,-0.0025018963088989654,212.71860157614836,278.4723611631681
28148101,-0.795927,-2.710623,1.411475103691101,120.91393489028763,354.55252535537426
28140233,-3.054095,0.406945,0.05647110369110098,235.51430243809557,109.5330266085818
28150024,-3.389474,-0.475823,1.727517103691101,103.49163692615735,123.84227886152706
28140853,-3.267606,-4.448434,0.223104103691101,159.9230474718963,262.4776898610333
28140853,-3.267606,-4.448434,0.223104103691101,159.9230474718963,262.4776898610333
28143765,-5.438025,-1.962185,0.17963710369110109,168.52772586831617,155.33955630605303
28148109,-0.630315,-2.929602,0.45749210369110105,180.13616544142337,350.2601359017647
28124140,-3.521861,-8.573137,2.195792103691101,91.03012091016804,310.9421320465434
28150033,-8.149065,-3.769936,3.768999103691101,39.534982894970994,134.10963335163854
28111742,-5.279803,-3.823645,-0.050953896308898905,164.28819755776874,203.9943557693731
28111742,-5.279803,-3.823645,-0.050953896308898905,164.28819755776874,203.9943557693731
28148114,-0.498673,-1.784094,0.8512231036911011,175.15812083867374,353.66957939741656
28150034,-11.875205,-6.094158,4.577673103691101,45.29015434046309,135.79436133451156
28150035,-2.582565,0.5762,0.02881810369110105,255.68305084163632,112.67406459093272
28148118,-0.605206,-2.197507,1.219338103691101,139.33842403508206,359.1828170686435
28121011,-1.413495,-2.094866,0.027747103691101005,206.63417571716616,286.1410944934579
28109493,-4.893906,-5.187729,0.11913310369110097,154.0730704069171,235.1018466739042
28132711,-4.225417,-3.988443,1.202798103691101,125.66807426808812,229.36230466241207
28132711,-4.225417,-3.988443,1.202798103691101,125.66807426808812,229.36230466241207
28150042,-3.350163,-0.504061,1.7282391036911011,103.31677520187657,127.06895694406438
28150043,-3.076165,-0.312442,1.615179103691101,112.45372527975611,125.57193262248836
28140863,-2.346707,-2.555707,-0.020792896308899023,191.14044523729729,255.7379983186662
28140863,-2.346707,-2.555707,-0.020792896308899023,191.14044523729729,255.7379983186662
28148123,-0.899133,-5.012647,0.9914961036911011,135.02826426423823,361.6014844414285
28146730,-5.537464,-1.634209,3.321924103691101,15.912153076693984,106.08141019418794
28150048,-6.230191,-2.792795,3.6461431036911014,19.966622332596785,137.43895302869947
28150048,-6.230191,-2.792795,3.6461431036911014,19.966622332596785,137.43895302869947
28150049,-6.482852,-2.841841,3.3179041036911014,40.082109682830406,137.42731158871334
28150050,-12.921073,-7.049745,4.875083103691101,45.69477679016629,140.79048947142485
28150051,-4.284166,-0.682696,0.5565051036911011,171.88640261493458,129.6138934851831
28150052,-2.661326,0.501327,-0.0450348963088989,254.69502565545324,117.4605313735552
28143772,-5.157693,-2.695433,3.348663103691101,23.41351900268134,161.1601388685574
28143772,-5.157693,-2.695433,3.348663103691101,23.41351900268134,161.1601388685574
28143773,-5.544911,-2.980155,3.292040103691101,34.05885462095506,162.19356630200105
28143773,-5.544911,-2.980155,3.292040103691101,34.05885462095506,162.19356630200105
28134967,-3.917912,-4.839876,0.553647103691101,145.4340028776496,252.1125925182891
28134967,-3.917912,-4.839876,0.553647103691101,145.4340028776496,252.1125925182891
28123299,-6.88802,-0.248685,0.37712410369110105,167.27414891464628,69.3672757981929
28150058,-2.419013,0.595806,0.051093103691101094,260.45004803724777,116.37641905771068
28134970,-2.927877,-2.864624,0.043670103691101136,180.3994802165018,242.66021335305345
28140872,-1.737116,-1.2993,0.04814010369110111,217.14563901394877,248.04493986547584
28140872,-1.737116,-1.2993,0.04814010369110111,217.14563901394877,248.04493986547584
28150065,-3.528952,-0.3664,0.749058103691101,171.809547266763,130.57536288285198
28148137,-1.210513,-10.952929,0.17535310369110113,140.43456076831768,368.1790029410642
28118110,-0.37401,-5.936811,0.15047110369110106,164.89057308406043,378.3855723459731
28134973,-3.188055,-4.191079,3.565625103691101,3.181378558753181,271.7449534151765
28134973,-3.188055,-4.191079,3.565625103691101,3.181378558753181,271.7449534151765
28123310,-6.661665,-0.03734,-0.01188789630889886,184.63308574936656,69.25258694444392
28143779,-2.461107,0.370312,-0.04484989630889902,255.5995251066208,134.0186681525185
28067366,0.701587,-5.082702,0.22000810369110102,176.22131006804824,434.8989740579785
28150068,-6.351974,-3.021257,3.709118103691101,20.469792042100494,142.49205263992943
28150068,-6.351974,-3.021257,3.709118103691101,20.469792042100494,142.49205263992943
28150069,-3.619592,-0.782964,1.777779103691101,100.49241417066482,134.88579559384425
28140876,-1.772667,-1.370734,-0.08840989630889884,221.80529686828163,248.28547172431743
28140876,-1.772667,-1.370734,-0.08840989630889884,221.80529686828163,248.28547172431743
28113338,-4.407815,-1.656895,0.027380103691101,182.81045954822503,168.9569907100618
28150078,-2.608096,0.485213,-0.10885689630889894,259.25891548437323,121.88124984767806
28148153,-0.284222,0.126724,1.5397561036911012,125.32868089267636,382.94154178744986
28148154,-0.489092,-3.558026,1.075659103691101,139.3797809915066,376.7439090945496
28118114,-0.365556,-6.404033,0.1740541036911012,160.90721161117176,380.6618401008627
28140884,-2.234349,-2.496664,-0.014162896308898887,192.69724305601096,258.68473500326513
28140884,-2.234349,-2.496664,-0.014162896308898887,192.69724305601096,258.68473500326513
28148157,-0.688845,-6.801562,0.9187411036911011,131.8330680393512,378.4918833167906
28144551,-0.63277,-10.36919,4.096979103691101,18.42785585945441,427.9423495550697
28146749,-5.245038,-1.560189,3.0650461036911008,28.605030236846176,112.87419537564496
28140889,-1.712501,-1.379953,0.04131410369110111,216.0848207367844,251.8574737367908
28140889,-1.712501,-1.379953,0.04131410369110111,216.0848207367844,251.8574737367908
28150082,-2.0855,0.416253,0.8668371036911011,201.2935144206417,124.13893555027816
28130130,-2.767311,-7.427823,2.2746311036911013,84.9943667037453,322.56629171367825
28134982,-3.418594,-4.552004,2.805819103691101,54.31774435446519,267.12384042657123
28148167,-0.296963,-0.188703,1.605073103691101,104.4966644458849,391.2774545049042
28150086,-3.450392,-0.740184,1.7382631036911012,102.91395944546734,138.5548315559588
28148168,-0.342335,-4.837497,0.44563510369110104,162.0295649992271,380.0098673630081
28150087,-2.575604,0.422817,-0.010451896308898867,252.2489307667757,125.3802927857578
28126900,-4.041596,-3.274341,1.0675301036911011,133.15548055570895,218.7277415870189
28126900,-4.041596,-3.274341,1.0675301036911011,133.15548055570895,218.7277415870189
28148171,-0.275829,0.11969,1.6158761036911011,100.50659983185984,394.9570302916575
28123315,-6.82662,-0.181068,0.05525110369110098,179.75746886154764,72.32431528468297
28143782,-5.715694,-3.098786,3.057288103691101,48.79772767943911,163.87360776359034
28143782,-5.715694,-3.098786,3.057288103691101,48.79772767943911,163.87360776359034
28148173,-0.277121,0.097761,1.634339103691101,94.31744511339652,397.0775279497242
28150092,-9.559522,-5.324513,4.034112103691101,46.928743340552586,149.95862611124795
28111759,-4.521354,-3.948453,0.1852861036911011,159.40451385175447,222.0680298968419
28111759,-4.521354,-3.948453,0.1852861036911011,159.40451385175447,222.0680298968419
28140900,-2.124509,-2.435532,-0.0059038963088988705,194.2664019832199,261.6355373520188
28140900,-2.124509,-2.435532,-0.0059038963088988705,194.2664019832199,261.6355373520188
28111761,-3.789125,-3.022006,0.09961310369110099,171.62503840491132,220.98908287626008
28148177,-0.292027,-0.349801,1.6725751036911012,88.45075059085025,400.2370912413322
28134987,-1.895413,-0.979167,-0.053484896308898966,227.2923314014416,228.9713136562757
28134987,-1.895413,-0.979167,-0.053484896308898966,227.2923314014416,228.9713136562757
28140901,-1.681402,-1.419614,0.05611010369110114,214.95280134175584,254.70960557256385
28140901,-1.681402,-1.419614,0.05611010369110114,214.95280134175584,254.70960557256385
28134989,-3.167586,-4.27434,3.299734103691101,21.282729878377864,273.10564956964447
28150098,-4.097986,-1.212011,1.8142961036911012,99.87313385386892,142.90624319400632
28121032,-1.75776,-4.879585,0.14574110369110116,166.1477689102562,315.92578594065054
28140277,-2.620631,0.567222,-0.0016038963088989,255.95325707722068,112.83196345705969
28150101,-4.530272,-1.065699,0.47416710369110104,169.94974373114275,141.25417443886647
28148182,-0.286301,-0.243357,1.690736103691101,82.1370708969861,402.9680987160593
28140279,-6.580396,-2.908733,3.224589103691101,45.90996608138056,138.709971517208
28134991,-1.852367,-0.971631,0.06233810369110104,222.20378642550045,230.7051979358443
28124161,-1.690112,-1.401763,0.04680110369110113,215.6871090927564,253.68396114105948
28150105,-2.455867,0.42905,0.06433610369110099,251.59994292782096,127.69107175809826
28118129,-0.16687,-5.162996,0.15971310369110103,171.98650378817388,385.3898942867247
28148189,-0.266706,0.173575,1.691487103691101,70.5272409793038,408.7029656754463
28134993,-3.179659,-4.399061,3.5837571036911013,5.133149019068895,276.57911573867455
28121033,-1.326025,-2.340244,0.02061410369110117,203.6776731084039,295.7837398774324
28121034,-0.578506,0.610864,-0.022103896308898863,377.99449920680746,236.4229663006129
28121034,-0.578506,0.610864,-0.022103896308898863,377.99449920680746,236.4229663006129
28146757,-3.430295,-0.3382,1.7539631036911012,101.33933975685493,112.19997991086436
28134996,-2.690753,-2.641081,0.031195103691101123,185.0619246419582,245.46241855839284
28150114,-2.544096,0.39939,-0.08882889630889901,256.7465953016064,129.8070348307192
28148196,-0.283043,-0.329207,1.760977103691101,64.70946200010337,411.14585896361007
28143788,-4.880767,-1.751373,0.31874810369110107,168.06656417186832,159.2404031001765
28140906,-1.713807,-1.494207,-0.08129789630889883,219.66505878137536,254.9222974567556
28140906,-1.713807,-1.494207,-0.08129789630889883,219.66505878137536,254.9222974567556
28150120,-4.809402,-1.183346,0.06128710369110113,183.5532257820006,143.72911091625002
28148200,-0.279752,-0.252322,1.776459103691101,57.53082151118673,414.0084429536832
28111776,-4.860333,-5.147169,0.7144821036911011,137.72293860607786,235.24052451899448
28111776,-4.860333,-5.147169,0.7144821036911011,137.72293860607786,235.24052451899448
28111777,-4.854369,-5.13743,0.6190831036911011,140.5221829559274,235.2025685518676
28111777,-4.854369,-5.13743,0.6190831036911011,140.5221829559274,235.2025685518676
28150128,-2.594553,0.305552,-0.0513128963088989,249.76994412190408,133.6744474610179
28121044,-1.260296,-2.474745,0.024025103691101002,202.0138796836855,301.7918458154373
28132730,-4.849731,-4.955469,0.736668103691101,137.67396981106438,232.3593316937546
28132730,-4.849731,-4.955469,0.736668103691101,137.67396981106438,232.3593316937546
28150134,-2.581244,0.331606,-0.13826089630889893,255.87243389851287,134.0567288740532
28118135,-0.1372,-7.719204,0.06861710369110119,157.45990379022464,391.4012824737488
28148213,-0.163676,-1.475573,1.393295103691101,131.07631824332947,408.2262142796809
28111779,-4.875658,-5.164487,0.3559561036911011,147.79390516458488,235.1475123039047
28111779,-4.875658,-5.164487,0.3559561036911011,147.79390516458488,235.1475123039047
28150135,-3.617617,-1.328875,2.651845103691101,33.76889929285258,153.20332217305236
28150135,-3.617617,-1.328875,2.651845103691101,33.76889929285258,153.20332217305236
28118138,-0.813967,-11.102783,4.171919103691101,22.922554435547735,420.93302757184927
28150137,-3.316643,-0.933897,2.050646103691101,77.66876489169118,150.0038152681932
28150138,-6.000528,-1.962085,-0.3711408963088989,182.9508000481823,149.07704242480833
28150139,-5.032887,-1.382953,-0.12477189630889884,186.60518904339423,147.6510136397574
28113378,-1.150855,1.201326,-0.0009498963088989676,394.5054571879078,114.25136259737224
28113378,-1.150855,1.201326,-0.0009498963088989676,394.5054571879078,114.25136259737224
28148222,-0.026556,-5.883102,1.2829091036911011,119.81852809551488,413.8549341354295
28140925,-1.996531,-2.409512,-0.028893896308898936,196.9463173527837,266.1700773329784
28140925,-1.996531,-2.409512,-0.028893896308898936,196.9463173527837,266.1700773329784
28132739,-4.142082,-4.194697,1.270743103691101,122.74187067468588,235.64574875886885
28143802,-2.453681,0.260165,0.020457103691100986,247.9333471721888,140.63595603347852
28124169,-3.246228,-9.304223,2.683339103691101,77.11025989060425,326.0521383073519
28148228,3.46438,-79.512772,-5.992177896308899,135.34511382197795,413.2732488892737
28135016,-1.835145,-1.082429,0.03557710369110101,221.2013871434885,235.68127564953417
28135016,-1.835145,-1.082429,0.03557710369110101,221.2013871434885,235.68127564953417
28150155,-3.435865,-0.994117,1.7458721036911011,102.41102100157038,153.447969950421
28150156,-4.859983,-1.480983,0.175260103691101,175.92590205672312,151.9670810172582
28146767,-4.721131,-1.374853,2.913110103691101,29.864657729849966,118.05871870233636
28150157,-2.321167,0.345754,0.126045103691101,248.6108396786096,137.8457411600782
28132743,-2.063993,-0.516031,0.05066310369110116,230.80940630682304,201.13925525642
28150162,-2.608119,0.235078,-0.18554089630889892,254.21269715433604,140.1702983660556
28150164,-4.360144,-1.178855,0.17903110369110098,182.4108292141344,152.49533583549942
28146768,-6.526377,-2.392667,3.165337103691101,44.51712666106317,122.1302773783304
28148243,0.317179,-3.726594,0.22487510369110097,190.3584478593602,412.9234448556871
28140937,-1.639418,-1.63015,-0.07627789630889881,217.6630424734936,262.48958025428965
28140937,-1.639418,-1.63015,-0.07627789630889881,217.6630424734936,262.48958025428965
28140305,-6.571778,-3.155508,3.241899103691101,46.7722291334519,146.65735409360718
28150172,-5.283257,-1.855953,0.022408103691101022,175.51532001556944,156.32309138507583
28140306,-4.95639,-1.323484,0.13673410369110117,178.238622965758,144.90245813273452
28150173,-4.564557,-1.329333,0.026197103691101065,185.1694119207769,154.51046554507772
28124182,-1.90814,-2.349774,-0.022673896308898822,198.52868679415323,268.5559279462949
28126391,-5.520395,-1.264249,3.092918103691101,26.41693410566168,90.84961405682772
28150178,-2.575587,0.175919,-0.178338896308899,252.6572761559804,144.88393100747197
28146777,-5.357602,-1.781976,2.978603103691101,38.3573494069376,122.44536333242095
28115027,-1.945948,-0.903183,0.0166851036911011,224.5927444354585,223.555305316662
28115027,-1.945948,-0.903183,0.0166851036911011,224.5927444354585,223.555305316662
28111796,-3.471689,-3.428948,0.15941410369110098,168.02758029142782,238.3596727089471
28111796,-3.471689,-3.428948,0.15941410369110098,168.02758029142782,238.3596727089471
28150181,-4.176834,-1.165308,0.1603791036911011,184.8187734542068,156.58948230372897
28148257,0.39355,-4.41181,0.4828401036911011,168.9549450705827,423.650323180634
28148261,0.419299,-6.110431,1.0867471036911012,128.58761763050163,434.21488566518485
28150184,-5.550214,-2.093045,-0.2617038963088989,181.16668024319503,159.85840967308687
28126934,-2.192112,-0.270555,-0.044056896308898974,240.47527716230255,183.85343450581925
28148262,0.494596,-4.693769,0.33649510369110114,173.66571156451369,425.92357769647526
28150189,-7.232459,-4.173304,2.042597103691101,98.5619221573916,168.98235767606167
28150190,-4.315098,-1.427704,0.47751110369110106,167.74328833733728,160.07333474537648
28111801,-3.460262,-3.631925,0.9521141036911012,137.4003643936855,243.392520122338
28148274,2.274201,-22.300625,-0.33529089630889897,132.497149987272,439.2574225603794
28120199,-5.186014,-2.267609,3.124707103691101,32.54656052633618,145.85251765302812
28126941,-4.729717,-5.145327,1.515066103691101,112.94474137060004,238.32194236038484
28126941,-4.729717,-5.145327,1.515066103691101,112.94474137060004,238.32194236038484
28150196,-4.488918,-1.528957,0.2985921036911011,173.08016110162265,160.88593399925378
28143817,-6.412426,-3.731612,2.270565103691101,88.53907258479194,171.9214125909865
28143817,-6.412426,-3.731612,2.270565103691101,88.53907258479194,171.9214125909865
28126942,-4.180049,-3.46687,0.11162410369110098,166.0302833596926,220.62052079075053
28146783,-4.747476,-1.465335,2.935133103691101,29.85213790052217,121.92221723639383
28135035,-4.213487,-6.228347,0.053809103691101035,153.1481815329216,263.5745270216613
28140310,-5.535213,-1.769659,0.1741091036911011,169.67723443082292,147.75425329185043
28135036,-3.336077,-4.442556,0.21841010369110103,159.85030834656416,260.47292742673886
28135036,-3.336077,-4.442556,0.21841010369110103,159.85030834656416,260.47292742673886
28150202,-2.598282,0.088826,-0.21542589630889886,251.0714093128458,149.82488054908745
28150206,-5.731677,-3.504596,3.181025103691101,45.79930253882208,175.01360595637232
28150206,-5.731677,-3.504596,3.181025103691101,45.79930253882208,175.01360595637232
28150208,-6.035987,-3.388119,2.092784103691101,93.82738654005206,171.36841047728086
28146785,-3.550587,-0.461151,1.6229901036911012,112.17445390003348,119.81926931291498
28138095,-3.180632,-0.123825,1.812900103691101,94.40833779674114,101.8694876671053
28126950,-4.487612,-4.473998,0.9271231036911011,133.70476739407314,232.2334877617824
28126951,-5.266378,-5.393182,0.4205341036911011,144.42151368514578,230.73698465610516
28126951,-5.266378,-5.393182,0.4205341036911011,144.42151368514578,230.73698465610516
28150215,-6.54436,-3.778007,1.937680103691101,100.77724909441768,172.2480636904494
28150215,-6.54436,-3.778007,1.937680103691101,100.77724909441768,172.2480636904494
28150220,-4.590752,-1.643554,0.05967010369110115,180.45586435242137,164.093140056742
28150225,-5.439915,-2.385033,0.14712410369110107,166.59100708045366,167.34115110614724
28140316,-3.13576,-0.619994,1.751239103691101,100.72377581962594,142.04398225230435
28150232,-4.224092,-1.471889,0.18259010369110107,180.09830543804645,166.19397541279042
28121081,-5.354454,-5.961055,0.4363431036911011,142.03713878138666,237.2803138394883
28129319,-6.996377,-1.906832,3.220675103691101,41.72803792927684,94.37302380070858
28150237,-5.09062,-2.232268,0.23842210369110117,166.2215595734242,169.6720928034436
28124225,-2.088603,-4.633471,0.12250510369110112,167.16251924951644,301.2200274486476
28140319,-2.502056,0.517464,-0.02574389630889895,259.06204642190914,121.368694314204
28124226,-2.095313,-4.576087,0.03319110369110101,170.644312377394,299.70823581334355
28150241,-4.14059,-1.504363,0.32830310369110105,174.4121538557379,168.3323817022107
28150242,-4.326876,-1.573738,0.06518710369110114,182.84742585754032,167.9418408935727
28150243,-2.420912,0.036162,-0.017708896308898936,243.24791780496852,156.80309848888083
28124230,-1.789169,-4.171252,0.8195241036911011,144.46878899087568,311.4933964092751
28150248,-4.871568,-2.017374,-0.06240689630889884,179.4408323376859,169.98962337596612
28146796,-3.409673,-0.477107,1.759231103691101,100.93964550581347,122.60403043324882
28121088,-4.97543,-5.44969,0.3829901036911011,145.7916384233934,237.41526014856075
28140324,-2.574735,0.430762,-0.007677896308898813,252.41205921363743,124.77817770816638
28132767,-2.021843,-0.578247,0.06084410369110116,229.38014586888607,205.97001724094704
28126412,-5.532049,0.029529,0.13477210369110115,188.75138772794992,78.56779530847797
28146800,-4.898706,-1.701409,3.157094103691101,19.10017350305685,126.87321266181664
28150261,-4.591043,-1.848219,-0.04653989630889899,182.289674396136,171.10408806074196
28150262,-2.314411,0.056511,0.051920103691101005,242.7047199346336,158.91080952155852
28126968,-4.577688,-4.714759,0.7893061036911011,137.24569630861626,234.37824739959416
28126968,-4.577688,-4.714759,0.7893061036911011,137.24569630861626,234.37824739959416
28126970,-2.128861,-0.410661,0.04042610369110111,233.01346820025475,193.11090726783428
28117360,-4.045267,-3.265914,1.073437103691101,132.94410016502212,218.41934389001585
28117360,-4.045267,-3.265914,1.073437103691101,132.94410016502212,218.41934389001585
28143822,-5.193597,-2.22085,0.2124821036911011,166.7046851688196,167.38363041564958
28140328,-4.864692,-1.297126,-0.05430189630889881,186.22977427019111,147.60609466571816
28129338,-6.002061,-1.569122,3.092714103691101,36.04645890398922,97.6240575496042
28143823,-2.389352,0.261301,-0.02979889630889887,252.7032198160001,143.97586454616533
28130185,-1.725089,-4.527927,0.796770103691101,143.711825577341,318.463297726523
28108755,-1.873104,-4.255445,0.7973511036911011,144.70152146310096,309.0181173057409
28146807,-2.619114,-0.112525,1.925829103691101,77.25190469415702,119.35822233843162
28124241,-1.750093,-4.434091,0.7963341036911011,144.1500103035363,316.30008455831165
28144594,-0.271073,-7.034377,1.727532103691101,99.3908850546858,409.167989352619
28135047,-1.813716,-1.16808,-0.05578089630889882,224.233309996578,239.6918266526189
28135047,-1.813716,-1.16808,-0.05578089630889882,224.233309996578,239.6918266526189
28124248,-1.719628,-4.65673,0.7825441036911011,143.65038537525345,320.07503798766334
28150290,-4.230602,-2.337885,1.8690411036911012,98.1511851979067,184.27850719324016
28150290,-4.230602,-2.337885,1.8690411036911012,98.1511851979067,184.27850719324016
28110991,-5.503428,-3.435886,3.397830103691101,32.36590598871234,177.0724950473124
28110991,-5.503428,-3.435886,3.397830103691101,32.36590598871234,177.0724950473124
28117365,-4.765058,-5.265656,2.128666103691101,91.85672063714196,239.78800608893152
28117365,-4.765058,-5.265656,2.128666103691101,91.85672063714196,239.78800608893152
28143826,-5.399708,-3.163972,2.899761103691101,54.75127893616886,174.21725192404364
28143826,-5.399708,-3.163972,2.899761103691101,54.75127893616886,174.21725192404364
28134293,-4.219478,0.184985,0.10951910369110118,206.7102554150733,93.77205519702926
28111816,-1.807205,-1.109352,-0.026888896308898902,224.31676725132996,237.9837186718908
28150297,-3.805952,-1.446787,0.228532103691101,181.70970241984065,175.8981007170416
28135049,-1.9357,-2.035506,1.9021751036911012,85.76444990539193,268.84183253266826
28132775,-3.446754,-2.995346,0.022121103691101096,176.548118561192,229.87609683357263
28146820,-2.629316,0.593215,0.0014221036911010732,256.540964900738,110.43848777431865
28126992,-4.557889,-4.801909,0.46232210369110105,146.9006921472017,236.24945922004207
28126995,-3.03145,-4.278524,3.5258391036911014,4.809439471982898,280.09930306707025
28126995,-3.03145,-4.278524,3.5258391036911014,4.809439471982898,280.09930306707025
28150307,-3.39732,-1.669755,1.830384103691101,97.09562623639984,186.230585624236
28140333,-4.902523,-1.430242,0.13939510369110097,177.4712083405018,149.65940895166824
28121117,-4.461354,-5.009442,1.8193031036911012,102.20910494225934,242.66721414261733
28121117,-4.461354,-5.009442,1.8193031036911012,102.20910494225934,242.66721414261733
28135051,-2.801708,-3.363755,-0.002855896308898931,178.12828044292394,256.9345910899257
28143832,-5.475361,-3.313193,3.148896103691101,43.8787322549008,175.47663381344486
28143832,-5.475361,-3.313193,3.148896103691101,43.8787322549008,175.47663381344486
28130198,-1.934601,-5.607785,-0.01392889630889882,165.63172943985435,316.3237497476199
28130199,-2.12477,-11.946392,4.2802681036911014,33.441849474217776,380.42172800990863
28143833,-6.307111,-3.660182,1.681008103691101,109.34032618063328,175.00089708695472
28143833,-6.307111,-3.660182,1.681008103691101,109.34032618063328,175.00089708695472
28150313,-5.187801,-3.3322,1.725200103691101,106.716110826403,189.6826343433249
28150313,-5.187801,-3.3322,1.725200103691101,106.716110826403,189.6826343433249
28127003,-4.40455,-4.558005,0.27554410369110105,153.90584727133057,235.6226153601963
28127003,-4.40455,-4.558005,0.27554410369110105,153.90584727133057,235.6226153601963
28124262,-1.770619,-4.865075,0.16489410369110113,165.5199632838085,315.44809737827364
28088219,-5.369712,-2.553691,3.377452103691101,22.520944519881056,150.19692109175463
28121124,-3.133586,-2.881468,-0.009446896308898944,180.7836512036062,236.5638575290006
28121124,-3.133586,-2.881468,-0.009446896308898944,180.7836512036062,236.5638575290006
28146835,-3.413667,-0.599113,1.761136103691101,100.9061264820904,130.57319060874192
28130205,-1.74199,-5.15578,0.1034121036911011,165.70402090912307,319.10443599807616
28150328,-3.392026,-1.761576,1.835210103691101,96.89359097976484,190.18662221981185
28150328,-3.392026,-1.761576,1.835210103691101,96.89359097976484,190.18662221981185
28121127,-5.452332,-6.76423,-0.10273689630889882,152.07818495597678,245.5639361184253
28121127,-5.452332,-6.76423,-0.10273689630889882,152.07818495597678,245.5639361184253
28150331,-2.302128,-0.144322,0.015321103691101179,238.51146724594545,171.70685481755802
28140337,-6.375441,-3.232183,3.211360103691101,47.27823020751026,153.060772443427
28140337,-6.375441,-3.232183,3.211360103691101,47.27823020751026,153.060772443427
28146841,-4.458837,-0.777519,0.3467331036911011,179.09191264306114,132.4541489044614
28134300,-5.982801,-1.555745,3.085317103691101,36.14836763613764,97.4475635871432
28127013,-3.133334,-4.586808,3.4887121036911015,13.228139811991298,281.6776768471374
28127013,-3.133334,-4.586808,3.4887121036911015,13.228139811991298,281.6776768471374
28117376,-4.186051,-3.635236,0.48999610369110114,152.4282698949292,223.57285731355984
28117376,-4.186051,-3.635236,0.48999610369110114,152.4282698949292,223.57285731355984
28127015,-3.334959,-4.56525,2.964309103691101,45.42176324630557,270.9699159282572
28127015,-3.334959,-4.56525,2.964309103691101,45.42176324630557,270.9699159282572
28140340,-5.242793,-1.743696,0.23968010369110115,169.09715178464307,152.08372588019762
28121132,-3.515484,-3.76617,0.998281103691101,134.95367360094306,244.5274822620289
28121132,-3.515484,-3.76617,0.998281103691101,134.95367360094306,244.5274822620289
28124272,-1.514812,-5.082647,0.819882103691101,140.61799557832643,333.1451143566957
28144602,-0.153909,-6.780558,1.5974681036911011,104.74423243750532,412.6359336556582
28146846,-2.57467,0.544409,0.020061103691101145,255.1794801664828,115.64492497886948
28144603,-0.192294,-6.031021,0.11538210369110113,166.32688505003324,386.0955649391651
28143845,-6.484192,-3.79976,1.1902971036911012,125.17262947294527,177.15390661311775
28143845,-6.484192,-3.79976,1.1902971036911012,125.17262947294527,177.15390661311775
28121134,-3.293272,-3.350579,0.3288611036911011,163.40762603709285,242.0235338094917
28146849,-6.679821,-3.127639,3.386527103691101,40.64717281358767,142.550968550814
28132779,-4.293276,-4.512572,0.16175910369110102,157.8454510278573,237.39075168607928
28132779,-4.293276,-4.512572,0.16175910369110102,157.8454510278573,237.39075168607928
28150346,-2.601938,-0.426653,-0.252042896308899,237.56140755290585,176.89443561191337
28150346,-2.601938,-0.426653,-0.252042896308899,237.56140755290585,176.89443561191337
28140345,-2.450266,0.4681,-0.003937896308898958,257.4052931054315,126.4920691530296
28146852,-5.116459,-1.948376,2.479259103691101,67.6645439459611,141.4567037420008
28146853,-2.469288,0.590027,0.013302103691101186,260.8250731493834,115.96185541881862
28121141,-4.129738,-4.889359,0.7774981036911011,137.7597305051332,247.9302183233744
28121141,-4.129738,-4.889359,0.7774981036911011,137.7597305051332,247.9302183233744
28129365,-4.633444,0.269581,-0.015577896308898831,208.49703083651224,83.53797795667774
28140971,-1.504134,-1.692241,0.08689210369110101,210.32752587289457,271.89272541269617
28146857,-3.149464,-0.536016,1.7505191036911012,100.75617704618818,135.9441017751464
28124281,-1.229008,-2.464155,0.04088310369110104,201.79344318124475,303.36616484675415
28143848,-6.577132,-3.872645,1.016869103691101,130.212214092024,177.8339310226526
28143848,-6.577132,-3.872645,1.016869103691101,130.212214092024,177.8339310226526
28150350,-3.820652,-1.798068,0.26103810369110114,176.4249528439078,186.97484796731163
28150350,-3.820652,-1.798068,0.26103810369110114,176.4249528439078,186.97484796731163
28127019,-3.470746,-4.730487,2.777779103691101,57.25773931310323,268.5456904316647
28127019,-3.470746,-4.730487,2.777779103691101,57.25773931310323,268.5456904316647
28132782,-3.755319,-3.687879,0.20778010369110111,163.2416214596562,235.78665700224624
28132782,-3.755319,-3.687879,0.20778010369110111,163.2416214596562,235.78665700224624
28132783,-2.028174,-0.643993,-0.04161889630889881,232.96418693194212,209.0880653556121
28132783,-2.028174,-0.643993,-0.04161889630889881,232.96418693194212,209.0880653556121
28127025,-3.470493,-3.65093,0.9952541036911011,135.58928633094922,243.5184476651509
28127025,-3.470493,-3.65093,0.9952541036911011,135.58928633094922,243.5184476651509
28150357,-2.821482,-1.290345,1.643488103691101,108.39738536768232,193.4983469117904
28150357,-2.821482,-1.290345,1.643488103691101,108.39738536768232,193.4983469117904
28150358,-8.630082,-6.355377,-0.8914448963088988,162.34570790032933,194.5128004395237
28150358,-8.630082,-6.355377,-0.8914448963088988,162.34570790032933,194.5128004395237
28150359,-2.405683,-0.305676,-0.203040896308899,242.7589411061604,178.16809793648895
28150361,-2.552001,-1.080716,1.775916103691101,96.8163750342754,194.5451966369193
28150361,-2.552001,-1.080716,1.775916103691101,96.8163750342754,194.5451966369193
28150362,-4.136546,-2.687831,1.734008103691101,104.93244317951894,198.76707196351697
28150362,-4.136546,-2.687831,1.734008103691101,104.93244317951894,198.76707196351697
28150363,-4.582524,-2.609959,0.0997521036911011,170.66486663059197,191.507197520545
28150363,-4.582524,-2.609959,0.0997521036911011,170.66486663059197,191.507197520545
28127029,-3.441069,-2.994772,-0.004692896308899019,177.53805896160014,230.03437526613493
28127029,-3.441069,-2.994772,-0.004692896308899019,177.53805896160014,230.03437526613493
28124309,-0.917318,-13.142551,3.6435761036911014,52.3983703524668,410.1488175561435
28115049,-2.788031,-3.380678,0.006829103691101013,177.70919716451448,257.7187834606823
28115049,-2.788031,-3.380678,0.006829103691101013,177.70919716451448,257.7187834606823
28127034,-3.81217,-3.822099,0.17733510369110106,163.1340467716733,236.86767035928133
28121148,-4.407083,-5.475775,0.946091103691101,130.4997991791492,250.58311943714472
28118200,0.281953,-4.969235,0.5405541036911011,160.05000119326724,416.86541849234334
28118201,0.308429,-5.085042,0.40937710369110103,165.1316083241131,415.451747523494
28124321,-0.57515,-12.625818,3.780087103691101,44.378620892787126,422.39012619821983
28143862,-5.207771,-2.996454,1.692148103691101,108.18723637281828,180.4592803780698
28143862,-5.207771,-2.996454,1.692148103691101,108.18723637281828,180.4592803780698
28124325,-0.919532,-2.56219,0.42654710369110105,184.2704937777792,326.9454993897149
28143863,-6.206349,-3.593781,0.7201151036911011,140.37483396026698,179.4706757986096
28143863,-6.206349,-3.593781,0.7201151036911011,140.37483396026698,179.4706757986096
28121153,-2.872055,-2.793298,-0.10833489630889881,187.2759017614397,242.7271289151186
28121153,-2.872055,-2.793298,-0.10833489630889881,187.2759017614397,242.7271289151186
28121155,-4.176112,-5.252519,0.34845210369110113,149.2757743946843,251.87897008155687
28121155,-4.176112,-5.252519,0.34845210369110113,149.2757743946843,251.87897008155687
28146885,-5.746914,-1.810138,0.13218510369110104,169.72381725055888,145.43068204351556
28143864,-2.383278,0.090552,0.019278103691101167,243.94930085012325,154.4432541612803
28152964,-24.757479,2.010553,-5.101712896308899,207.30112278640317,1.4580117788057123
28121157,-3.602913,-4.271708,0.155751103691101,161.8598905317096,250.3570271097226
28146895,-6.363761,-3.274584,3.3274211036911012,42.0421840192258,153.72112649002582
28146895,-6.363761,-3.274584,3.3274211036911012,42.0421840192258,153.72112649002582
28146896,-5.247539,-1.416349,-0.1814438963088989,186.68198029966797,145.00512950569896
28143866,-5.137531,-2.93407,1.557674103691101,113.6744420805682,181.00396824824452
28143867,-6.279136,-3.64801,0.5476381036911011,145.1286802910722,180.04364531310978
28143867,-6.279136,-3.64801,0.5476381036911011,145.1286802910722,180.04364531310978
28150403,-2.936025,-1.732836,1.798082103691101,97.73598074332308,207.0661650925591
28150403,-2.936025,-1.732836,1.798082103691101,97.73598074332308,207.0661650925591
28146898,-3.14827,-0.764433,2.024723103691101,77.40667650064609,146.2776506520741
28150405,-10.28342,-8.538389,-2.595502896308899,177.22558832567427,203.35646920323472
28143868,-6.118989,-3.468117,0.4280771036911011,149.70335942258,179.4540081058073
28143868,-6.118989,-3.468117,0.4280771036911011,149.70335942258,179.4540081058073
28124338,-0.935647,-3.151348,0.042948103691101025,194.13110051108467,329.45135680392747
28140361,-5.270972,-1.915893,0.22211310369110104,168.2433417303854,156.93369322669463
28150410,-4.434066,-2.994209,0.3168801036911011,161.22175943166656,203.66017474488405
28150410,-4.434066,-2.994209,0.3168801036911011,161.22175943166656,203.66017474488405
28140362,-4.621821,-1.373275,0.08696710369110106,181.95595023648977,154.23492828957518
28152980,-8.370828,1.378604,-0.726465896308899,210.24161053396,4.842954678074733
28150412,-3.011089,-1.845045,1.6655951036911012,106.89690288966663,208.8902930997284
28150412,-3.011089,-1.845045,1.6655951036911012,106.89690288966663,208.8902930997284
28152984,-6.159394,1.124687,0.3404441036911011,188.353907376148,3.9357238669203127
28140363,-4.722085,-1.406039,-0.02474289630889892,185.05791950124743,154.0674410316073
28150421,-3.916791,-3.10543,1.900155103691101,96.55541165188124,216.71749234848832
28150421,-3.916791,-3.10543,1.900155103691101,96.55541165188124,216.71749234848832
28152989,-6.242443,1.247829,-0.03696089630889898,205.92416024569985,6.298997011259672
28146912,-5.464608,-1.833178,0.18577510369110106,169.15211981232903,150.9341171470856
28146914,-6.750915,-3.825496,3.6699031036911007,33.67540705362461,159.96746938861037
28146914,-6.750915,-3.825496,3.6699031036911007,33.67540705362461,159.96746938861037
28152991,-13.96574,0.555498,-0.5509318963088989,169.42197195989775,11.44728209882686
28150425,-8.59751,-7.770618,-1.004977896308899,159.7628128771872,211.86287433227696
28150425,-8.59751,-7.770618,-1.004977896308899,159.7628128771872,211.86287433227696
28146916,-3.467192,-1.101542,2.177814103691101,69.59138201693486,152.39392468588136
28146917,-3.410272,-0.938497,1.749236103691101,102.05688961212542,151.24674391545872
28152994,-6.409767,0.83383,0.7956111036911011,161.53762380049642,8.302411134245602
28150427,-1.94188,-0.263252,0.19879010369110106,232.69499156694928,193.1756252036357
28152995,-10.672029,1.244456,-1.4274438963088991,209.21487192415893,13.236254527355412
28152999,-6.220661,0.548164,1.5564661036911012,120.08111076886166,6.22254691441816
28153000,-5.970163,1.17015,0.030443103691101037,205.03671708642543,11.219418487141953
28150439,-4.089245,-4.162704,3.6110041036911014,12.764284088778195,237.161007103602
28129425,-6.527644,-2.59263,3.487684103691101,29.570898146921,125.9584811016864
28146926,-5.372741,-1.870055,0.20003210369110103,168.84515645932393,153.7115030787567
28121193,-3.991991,-5.209782,3.1812691036911014,44.81148675361197,261.46774021248325
28153004,-4.023214,0.723996,1.7383761036911012,104.38882014382584,0.9667043033444712
28146927,-5.159544,-1.670963,0.07851710369110099,175.87928189306655,152.71664290228523
28153005,-3.537688,1.102923,0.880296103691101,189.59296147197264,6.257742084689568
28121197,-4.012694,-5.886297,0.1280941036911012,153.13297411712847,263.92193913937456
28150444,-1.949486,-0.332153,0.088687103691101,236.9038488016971,197.2991342216572
28150444,-1.949486,-0.332153,0.088687103691101,236.9038488016971,197.2991342216572
28132806,-3.18215,-4.173634,3.5557741036911015,3.4693057805128262,271.5666797802277
28132806,-3.18215,-4.173634,3.5557741036911015,3.4693057805128262,271.5666797802277
28146928,-2.474505,0.337841,0.029685103691101,249.64961309664835,134.3121533274119
28153006,-3.082165,1.570516,-0.007657896308898904,286.7230704702902,2.224140032972201
28127049,-3.207818,-2.87272,-0.001891896308898966,180.08757226687476,234.12323587724225
28127049,-3.207818,-2.87272,-0.001891896308898966,180.08757226687476,234.12323587724225
28135088,-2.610636,-3.380616,0.13377910369110113,174.13862025527465,263.8985672422498
28132807,-3.283283,-4.335267,3.5026321036911012,10.902875586593323,270.61843460626415
28132807,-3.283283,-4.335267,3.5026321036911012,10.902875586593323,270.61843460626415
28150460,-5.284368,-5.431214,2.135395103691101,92.97775482959248,230.62110526528096
28150460,-5.284368,-5.431214,2.135395103691101,92.97775482959248,230.62110526528096
28143879,-6.390503,-3.715361,0.028602103691101055,158.95543767540136,181.4848488539889
28143879,-6.390503,-3.715361,0.028602103691101055,158.95543767540136,181.4848488539889
28150463,-3.320938,-2.188398,0.11518210369110116,181.84544413504764,213.54348162936805
28150463,-3.320938,-2.188398,0.11518210369110116,181.84544413504764,213.54348162936805
28153015,-7.686095,0.286709,1.5413381036911011,119.9913885417793,13.346325343767036
28146933,-2.575071,0.319751,-0.134278896308899,255.3974942028566,134.98965443024713
28153016,-6.921534,0.808615,0.4043951036911011,175.4591089421056,16.70523698486545
28132810,-1.966085,-0.718684,0.05603910369110099,226.9236688001344,214.9014672893109
28153017,-4.951696,1.147245,0.2336321036911011,208.79964628680568,14.663512551311015
28153018,-2.81321,1.551378,0.06468010369110111,293.69414215869074,3.6299799963535975
28150466,-4.712018,-4.833229,2.276324103691101,85.48220272010519,233.31768241107844
28150468,-5.090398,-5.217933,1.8145341036911011,103.28304308151824,231.3397438326192
28150468,-5.090398,-5.217933,1.8145341036911011,103.28304308151824,231.3397438326192
28141015,-1.893031,-3.798679,0.6160691036911011,155.18980343001522,300.24581826940835
28121214,-3.556659,-5.249103,0.8703051036911011,134.47714119887814,268.35152077899187
28153024,-3.703617,0.72302,1.7251001036911011,104.58097981160928,5.184779284143389
28150470,-2.291136,-0.855272,-0.2782788963088989,233.8632225074064,207.355510314712
28143880,-2.324932,0.065284,0.04746610369110105,242.98823743930404,157.99150681904845
28113445,-2.947449,-3.161822,0.05817510369110113,176.84761766893212,248.40962420820867
28146938,-5.993979,-3.292058,3.134456103691101,48.50363025747782,163.24947162938054
28121218,-3.088788,-4.332056,1.1012841036911012,129.61323868549692,268.3853012175593
28153029,-7.110035,0.279531,1.6047791036911012,116.92727972842698,15.979696021971648
28143881,-2.351174,0.085869,-0.04811289630889881,248.4607962358696,157.03546371976375
28153030,-5.308369,1.002917,0.34862610369110103,195.39682680659203,18.527158422351988
28146945,-4.739103,-1.994774,1.598515103691101,112.66885433777618,160.7355186724496
28153035,-3.233027,1.522158,-0.11584889630889883,284.212542436009,11.964890023314013
28127060,-3.228504,-2.94313,-0.12754289630889892,183.7691935250673,235.05655912629004
28127060,-3.228504,-2.94313,-0.12754289630889892,183.7691935250673,235.05655912629004
28140379,-5.164023,-1.936637,0.2400721036911011,167.9948384087379,159.58492648196722
28132816,-4.455469,-5.375901,0.49289710369110107,144.0455850321954,247.49840447535064
28132816,-4.455469,-5.375901,0.49289710369110107,144.0455850321954,247.49840447535064
28153036,-3.990334,0.633584,1.7344901036911011,104.65563029440064,11.799763168499766
28150484,-4.679862,-4.74671,1.4842171036911012,114.32398283730672,232.54450875500584
28150484,-4.679862,-4.74671,1.4842171036911012,114.32398283730672,232.54450875500584
28146949,-4.852045,-1.688584,0.33300910369110104,168.19702982385343,157.73414725477204
28121226,-2.708288,-3.609879,0.06654010369110108,173.99590104679672,264.69226391584414
28150486,-4.371871,-3.762703,-0.243761896308899,174.04884030430267,222.3224491356416
28150486,-4.371871,-3.762703,-0.243761896308899,174.04884030430267,222.3224491356416
28153037,-6.38953,0.737439,0.48403510369110103,175.1229399297833,22.814437153739107
28150490,-4.412375,-4.317347,1.185843103691101,125.4023168633901,231.10502200235152
28150493,-4.099955,-3.534,-0.04739189630889884,171.01693764456536,224.08897699920908
28150493,-4.099955,-3.534,-0.04739189630889884,171.01693764456536,224.08897699920908
28153038,-4.44521,1.054764,0.43647710369110104,203.5886127964971,20.13811775917938
28146953,-4.980972,-1.728448,0.08861010369110112,176.09201016071944,158.08583262149358
28143886,-5.937193,-3.329667,-0.013701896308898842,163.6132472718657,181.42658096328788
28143886,-5.937193,-3.329667,-0.013701896308898842,163.6132472718657,181.42658096328788
28153044,-6.078186,-0.138936,3.1324681036911013,14.500378356464978,6.660792955276747
28146961,-5.630891,-3.277741,3.1655101036911013,44.0477448838146,170.64826872915532
28146961,-5.630891,-3.277741,3.1655101036911013,44.0477448838146,170.64826872915532
28153045,-7.665739,-0.42178,3.247005103691101,32.65987812959264,11.471404352198732
28141023,-0.589884,0.661812,-0.011886896308898942,383.0293219932985,230.714959822829
28141023,-0.589884,0.661812,-0.011886896308898942,383.0293219932985,230.714959822829
28153046,-3.852276,0.541481,2.030606103691101,73.53079855386633,9.158012843159128
28146962,-4.508574,-1.532069,0.30871310369110105,172.5244691379201,160.45305857145846
28153047,-6.476577,0.578383,0.7922911036911011,159.07437721518556,23.74785051519456
28150502,-4.220538,-4.189862,0.909554103691101,135.57564618853587,233.50086194026656
28127065,-4.035143,-5.323308,0.9480961036911011,131.18871961841862,257.24925094675604
28150503,-4.728697,-4.833465,0.614560103691101,141.91230412973425,232.98877064464824
28150503,-4.728697,-4.833465,0.614560103691101,141.91230412973425,232.98877064464824
28153048,-5.129054,0.89999,0.5014451036911011,187.9249507261646,22.970680665236387
28150507,-3.734102,-3.595492,1.125689103691101,130.17445316419406,234.61544408918107
28150507,-3.734102,-3.595492,1.125689103691101,130.17445316419406,234.61544408918107
28150508,-2.445981,-1.313955,-0.394602896308899,225.9586543167872,217.96444645009004
28153049,-2.763081,1.487007,0.07872110369110108,291.1905205996655,12.19353524193332
28150512,-3.276666,-3.298726,1.946113103691101,92.59750486931596,242.9115440770851
28150512,-3.276666,-3.298726,1.946113103691101,92.59750486931596,242.9115440770851
28144614,-0.064903,-8.711164,-0.12011589630889885,158.08894572094263,393.2666537069441
28135115,-1.695055,-1.373328,0.05564610369110112,215.78506028333825,252.5669324742068
28150516,-4.304161,-4.631471,1.245576103691101,122.72356939610076,239.6059866863414
28150516,-4.304161,-4.631471,1.245576103691101,122.72356939610076,239.6059866863414
28150517,-4.158366,-4.295681,0.9145641036911011,135.14739174819206,237.0561513144997
28121249,-3.231402,-4.461671,3.3311401036911015,22.48221418255648,274.4903491043636
28127068,-1.984314,-0.731992,0.03958510369110102,227.0904320071148,214.65273281547783
28153053,-8.035381,0.739806,-0.33163789630889884,193.36545504260368,28.278868551033725
28140389,-5.255528,-2.742981,3.362387103691101,24.33952196481775,160.31373940042312
28140389,-5.255528,-2.742981,3.362387103691101,24.33952196481775,160.31373940042312
28150520,-3.399198,-2.925699,0.03333810369110113,177.06826422542656,229.67809564361428
28150520,-3.399198,-2.925699,0.03333810369110113,177.06826422542656,229.67809564361428
28153054,-8.137515,0.88785,-0.733340896308899,206.6229340826307,28.532394462650014
28146969,-2.455591,0.243512,-0.07804689630889894,252.88774333431795,143.4206070185462
28140391,-4.64419,-1.495815,-0.014197896308898894,184.30241834842,158.6636623358097
28150523,-4.762226,-5.221369,0.605356103691101,140.79766752706442,238.49609307062696
28150523,-4.762226,-5.221369,0.605356103691101,140.79766752706442,238.49609307062696
28150524,-4.413691,-4.638556,0.4579691036911011,148.04858179099614,236.80778648257925
28150524,-4.413691,-4.638556,0.4579691036911011,148.04858179099614,236.80778648257925
28153057,-7.98033,-0.475851,3.045172103691101,47.88433036349403,17.552371668793654
28150525,-4.158842,-4.237135,0.42354310369110104,151.6302638458596,235.8605565996024
28150525,-4.158842,-4.237135,0.42354310369110104,151.6302638458596,235.8605565996024
28150526,-3.55803,-3.242626,0.16342910369110109,168.8700789300414,232.07708669694395
28150526,-3.55803,-3.242626,0.16342910369110109,168.8700789300414,232.07708669694395
28150528,-4.475608,-4.708557,0.20077010369110115,155.1608641414976,236.50504031873447
28150528,-4.475608,-4.708557,0.20077010369110115,155.1608641414976,236.50504031873447
28153059,-6.186302,0.907279,-0.06541789630889894,202.4585810194872,28.226891041390477
28150535,-4.205257,-4.484599,0.4845431036911011,148.4222568409303,239.10974694139043
28150535,-4.205257,-4.484599,0.4845431036911011,148.4222568409303,239.10974694139043
28113463,-1.744112,-1.33404,0.02690210369110102,217.33113270615124,248.77748634660253
28113463,-1.744112,-1.33404,0.02690210369110102,217.33113270615124,248.77748634660253
28153063,-6.144872,-0.188061,3.006448103691101,26.415637135059256,14.197328665762114
28150540,-4.193471,-4.569714,0.6403191036911011,143.16871600821884,240.9366186115065
28121262,-1.913788,-2.367133,-0.011268896308898935,197.7030892023814,268.76074620811187
28153064,-8.985172,-0.69976,3.117640103691101,53.50912077353283,20.88107644620976
28127074,-1.965695,-0.787146,0.03975210369110105,225.9848123481636,217.8653491030634
28127074,-1.965695,-0.787146,0.03975210369110105,225.9848123481636,217.8653491030634
28144617,0.004679,-8.928839,1.453508103691101,109.4976347703141,415.92828778909166
28153066,-3.256772,1.456067,-0.150100896308899,281.9081884075159,20.62271969079478
28150545,-3.353574,-3.052103,-0.16961189630889884,183.3130335108891,233.7905531667443
28150545,-3.353574,-3.052103,-0.16961189630889884,183.3130335108891,233.7905531667443
28146984,-5.27526,-2.256766,0.18614510369110104,166.9534240673688,166.88690001414116
28153072,-6.466981,-0.253111,2.8637231036911013,41.90209171520101,20.437536819814227
28153073,-4.485532,0.446142,1.750394103691101,104.78178549257544,23.842456699118827
28150549,-4.291475,-5.102542,1.396341103691101,116.82067916115716,248.0920844530097
28153075,-6.596132,0.800469,-0.1909958963088989,201.57836891716204,33.45445737030627
28153076,-4.748644,1.050694,0.02998310369110113,220.25393335572383,30.667201926570584
28153077,-2.717855,1.425328,0.09009310369110102,288.81055459493984,20.41052875143461
28153080,-5.477868,0.613617,0.7332781036911011,168.64240790095485,32.52290588774022
28141032,-2.087782,-4.938747,0.13262510369110103,164.65155271825756,305.0518035336759
28150552,-2.179326,-1.24087,-0.318261896308899,228.564257854215,225.8920132305905
28111033,-3.465581,-3.671159,0.9108431036911011,138.85274039069867,243.99838759212457
28111033,-3.465581,-3.671159,0.9108431036911011,138.85274039069867,243.99838759212457
28150556,-3.621646,-3.958709,1.111191103691101,129.75548122584206,245.353696688635
28153081,-5.422943,0.658052,0.6426321036911011,174.28360843090067,32.6769954904957
28150557,-3.431206,-3.587272,0.9375311036911012,138.22555464071368,243.33071970067783
28150557,-3.431206,-3.587272,0.9375311036911012,138.22555464071368,243.33071970067783
28140394,-2.392317,0.357751,-0.002254896308898857,254.70420751753363,136.70083780488935
28146989,-2.457746,0.134595,-0.020427896308898852,245.7557545511881,149.35103872346903
28153082,-6.326138,0.716822,0.0684481036911011,192.98416030247847,34.56283595455329
28153084,-3.580623,0.35073,2.4672911036911014,17.30833962282975,12.849611860642996
28153085,-7.19601,-0.369087,2.628619103691101,64.16712309918884,27.57952008702276
28150559,-3.823511,-3.975161,0.13051110369110108,163.62194532055923,239.3993022242505
28150559,-3.823511,-3.975161,0.13051110369110108,163.62194532055923,239.3993022242505
28153086,-6.431623,0.012916,1.876314103691101,101.55083815812286,30.631880114036107
28113472,-4.280737,-1.642767,0.06757510369110098,182.36821017048848,171.27406582051157
28153087,-6.103061,0.433359,0.844206103691101,157.37988874444247,34.47936972565029
28153088,-3.193687,1.395696,-0.12539489630889888,279.9651395177479,26.91243173657457
28143237,-8.132801,0.547732,0.5949031036911011,159.1502628158084,18.251449969298847
28150562,-3.339324,-3.484966,0.949781103691101,138.36514405148193,244.0169061973641
28150562,-3.339324,-3.484966,0.949781103691101,138.36514405148193,244.0169061973641
28153091,-7.906044,-0.50504,2.540302103691101,73.82238515570356,31.04418886190038
28113475,-4.563408,-1.975271,0.03218510369110117,178.46735726780724,175.01792293917887
28153092,-4.956727,0.876495,0.1967301036911011,205.26421332529628,35.72293735757265
28150564,-3.39638,-3.35107,0.21002010369110113,167.20952071838482,238.9362029888395
28150564,-3.39638,-3.35107,0.21002010369110113,167.20952071838482,238.9362029888395
28150565,-3.181221,-2.960945,0.05906210369110099,177.18848399808326,236.9027262353437
28150565,-3.181221,-2.960945,0.05906210369110099,177.18848399808326,236.9027262353437
28153097,-10.054849,0.153042,-0.587384896308899,183.33987697018003,41.715840656746025
28153098,-2.668374,1.375383,0.11037210369110118,286.774351356883,26.649396245634733
28150574,-4.545898,-6.404791,2.937895103691101,64.6559829681207,264.2897357119231
28150574,-4.545898,-6.404791,2.937895103691101,64.6559829681207,264.2897357119231
28150578,-3.343642,-4.680546,3.420680103691101,21.167995803907303,274.8048553937367
28150578,-3.343642,-4.680546,3.420680103691101,21.167995803907303,274.8048553937367
28150581,-4.071594,-4.780843,0.7117881036911011,140.33324901083628,247.5299103485033
28141695,-0.573408,0.667946,0.027053103691101033,383.3076919797834,232.05379546962567
28141695,-0.573408,0.667946,0.027053103691101033,383.3076919797834,232.05379546962567
28153101,-7.593288,-0.557445,2.6907561036911014,64.57540569448844,33.11263434307659
28153102,-11.071734,-1.185364,2.514958103691101,87.84470964900774,37.68418100870065
28150585,-5.279287,-6.662874,-0.022598896308898997,150.9706423758775,247.53145312155965
28129499,-7.397183,-3.816014,3.4770701036911014,46.538072146391045,149.41048000015195
28129499,-7.397183,-3.816014,3.4770701036911014,46.538072146391045,149.41048000015195
28153106,-10.982524,-1.138408,2.279338103691101,95.25612920935517,39.930278625784496
28153108,-5.455068,0.736214,0.12145510369110113,200.07485532118375,41.108865749052654
28140399,-2.483726,0.256131,0.0016201036911009936,248.0471925374185,140.09868633081334
28153109,-17.52935,-0.281811,-3.6504958963088994,203.84840864042684,46.855033905904406
28150589,-3.059183,-4.36784,3.549911103691101,5.043563977749528,280.85564317015576
28150589,-3.059183,-4.36784,3.549911103691101,5.043563977749528,280.85564317015576
28150590,-3.394918,-4.800564,3.284470103691101,30.75639573770249,274.5243970470924
28150590,-3.394918,-4.800564,3.284470103691101,30.75639573770249,274.5243970470924
28153113,-11.277905,-0.517112,0.164032103691101,156.1034094178743,45.75529889142021
28150591,-3.461727,-4.799476,3.0505051036911013,43.86486412385372,271.1348776433307
28150591,-3.461727,-4.799476,3.0505051036911013,43.86486412385372,271.1348776433307
28150592,-3.184642,-3.255415,0.3350451036911011,164.41132467059998,243.3249684929513
28150592,-3.184642,-3.255415,0.3350451036911011,164.41132467059998,243.3249684929513
28141042,-1.305791,-2.215253,0.06705610369110104,203.9566356314819,294.6635054108681
28150595,-3.303036,-4.614558,3.123872103691101,36.86545746221867,273.7539875888251
28150595,-3.303036,-4.614558,3.123872103691101,36.86545746221867,273.7539875888251
28153115,-3.172488,1.327368,-0.13268289630889885,277.8872203535224,34.73548143139021
28150596,-3.061367,-3.688556,2.0297901036911012,88.29082033835925,259.9548140126878
28150596,-3.061367,-3.688556,2.0297901036911012,88.29082033835925,259.9548140126878
28150597,-4.259374,-5.368625,0.9621911036911011,130.40874904617607,252.4841782326527
28150598,-5.392697,-7.202437,0.5521691036911011,135.86655680608226,252.37334467477817
28153119,-7.944034,0.079593,0.31951910369110104,166.54795972755343,45.93967244509119
28150601,-3.05566,-4.404086,3.4484141036911007,12.14386032241032,281.1418857704434
28150601,-3.05566,-4.404086,3.4484141036911007,12.14386032241032,281.1418857704434
28153121,-8.11477,-0.760085,2.570456103691101,74.43731529662023,41.1390657011566
28153122,-9.102708,0.054754,-0.378456896308899,181.96150809894357,48.63108093514427
28143243,-5.037294,1.284968,0.09547710369110107,217.41287508937936,7.87855180323578
28132849,-3.183966,-4.608999,3.5213481036911007,12.199363420878854,280.21892275319016
28132849,-3.183966,-4.608999,3.5213481036911007,12.199363420878854,280.21892275319016
28150602,-3.441561,-4.759037,2.820004103691101,55.1371408626988,270.2218768845846
28150602,-3.441561,-4.759037,2.820004103691101,55.1371408626988,270.2218768845846
28150604,-6.147579,-8.45003,0.0762161036911011,142.3002547614315,252.39515936132852
28150604,-6.147579,-8.45003,0.0762161036911011,142.3002547614315,252.39515936132852
28150605,-2.9573,-2.85967,-0.023698896308898876,182.77318828026927,241.551791540439
28150605,-2.9573,-2.85967,-0.023698896308898876,182.77318828026927,241.551791540439
28129503,-5.77357,-2.698726,3.3142901036911008,32.36643204736356,146.9152080302154
28129503,-5.77357,-2.698726,3.3142901036911008,32.36643204736356,146.9152080302154
28153124,-3.55476,0.869983,0.6664321036911011,199.68049476957992,40.77245956204379
28150609,-2.956991,-4.360336,3.594501103691101,0.3199778440252885,285.445125862331
28150609,-2.956991,-4.360336,3.594501103691101,0.3199778440252885,285.445125862331
28150610,-4.128442,-5.593102,1.828760103691101,101.54427900031024,260.65728951553115
28150610,-4.128442,-5.593102,1.828760103691101,101.54427900031024,260.65728951553115
28150611,-5.241225,-6.881446,-0.1092918963088989,152.25833158576523,250.73920291347204
28150611,-5.241225,-6.881446,-0.1092918963088989,152.25833158576523,250.73920291347204
28153125,-2.654598,1.319025,0.10212110369110117,284.5786695256461,34.47604539076292
28140404,-5.031198,-2.00084,0.2659591036911011,167.2575548321385,164.07617905537364
28153128,-9.400792,-1.463631,3.8256801036911012,29.39626843266956,39.06802108555874
28153129,-10.094079,-0.94344,1.701330103691101,112.842409676197,47.1808797946729
28153133,-8.227586,-1.108447,3.392671103691101,36.93409394732117,40.71589562737648
28153134,-5.568631,-0.114712,2.111045103691101,84.18225250811005,42.2223234750015
28110381,-0.892326,-3.147132,-0.021877896308899025,197.56264788214585,330.8402935037327
28135141,-1.654421,-1.507803,0.04272610369110108,214.1441228429692,258.70454497823226
28135141,-1.654421,-1.507803,0.04272610369110108,214.1441228429692,258.70454497823226
28153138,-6.370926,-0.319535,2.107882103691101,88.8166695457208,45.409239200802205
28153139,-11.272706,-1.189515,1.3777981036911011,122.32700518032472,51.33781509955878
28150614,-5.841496,-8.053483,-0.042312896308899006,146.12356056220253,253.2096072343253
28150615,-4.388149,-5.849687,0.938086103691101,129.87440395186638,256.3672153433721
28150615,-4.388149,-5.849687,0.938086103691101,129.87440395186638,256.3672153433721
28153140,-20.184563,-1.188662,-4.1919648963089,198.0132825903837,55.772613478478576
28150616,-4.162557,-5.17481,0.12195410369110116,156.09620411226632,250.7610672686962
28150616,-4.162557,-5.17481,0.12195410369110116,156.09620411226632,250.7610672686962
28143246,-6.001014,0.799939,0.6052551036911011,173.16063946923157,18.883600539434497
28150617,-4.16972,-5.143929,-0.027517896308898893,160.37923751390738,249.96550310179092
28150617,-4.16972,-5.143929,-0.027517896308898893,160.37923751390738,249.96550310179092
28130254,-1.024,-2.705341,0.012698103691101137,201.55430748306156,318.0147468785712
28153141,-3.121968,1.259287,-0.121846896308899,275.9234063162206,42.11252710151376
28150621,-3.077076,-4.578451,3.1364521036911013,33.5020438902184,281.83910045632376
28150623,-3.903465,-5.154747,0.9361951036911011,132.16754682707847,258.0107950328433
28153143,-7.76774,-0.160988,0.6130221036911011,155.4340446374281,52.67550172033325
28153144,-6.150779,0.343028,0.27144010369110116,181.67352067405733,51.98067948483731
28153145,-2.589607,1.271809,0.13304410369110098,282.7224048757648,40.14391045972462
28124470,-1.45031,-1.883401,-0.019410896308898806,212.53521649929084,278.9400159158554
28153147,-5.988229,-0.349437,2.316418103691101,74.45662098219935,46.74685055887082
28153149,-7.898938,-0.172605,0.4634251036911011,160.10169492922114,54.39952541665826
28150628,-2.339512,-2.677086,1.9626951036911011,86.11832383328468,266.06555835279005
28150628,-2.339512,-2.677086,1.9626951036911011,86.11832383328468,266.06555835279005
28150629,-3.606076,-4.419417,0.185109103691101,160.03827780316556,252.77654310240288
28150629,-3.606076,-4.419417,0.185109103691101,160.03827780316556,252.77654310240288
28129513,-3.427479,-0.59018,1.733862103691101,103.13228347192276,130.04261477864844
28127087,-2.858622,-2.657901,-0.06120289630889886,187.1191927236204,240.13579231350093
28127087,-2.858622,-2.657901,-0.06120289630889886,187.1191927236204,240.13579231350093
28153154,-9.433656,-0.783884,1.049861103691101,134.1830360357449,55.60502146793462
28143247,-8.145423,0.800141,-0.128799896308899,186.5712261536888,20.9307690150292
28144635,0.410756,-9.742569,1.2411511036911012,115.6290487991204,427.4365755388328
28150633,-1.916415,-1.364639,-0.18513689630889885,224.14076069867437,241.23617763823447
28153156,-4.547098,0.757357,0.085861103691101,214.39166202474124,52.54787545291009
28153157,-3.204167,1.217071,-0.17950789630889896,274.294437472026,46.94374261846991
28143909,-2.335851,0.001609,-0.06180489630889885,246.7287581399823,162.9000732391575
28138160,-5.18819,-2.327891,0.19618010369110106,166.51951848255243,170.53890397393184
28150637,-4.286044,-6.289621,0.9068071036911011,129.872697910751,264.4626870736893
28147015,-2.368867,0.094186,0.02751210369110102,243.9788570846568,154.67638594097983
28153160,-4.746905,0.63049,0.22707310369110112,202.06562565802875,54.33006578780749
28143248,-5.919277,1.055601,0.15162410369110102,198.442223656546,15.639456760318808
28144637,0.143645,-5.542338,-0.05043289630889891,178.49805886315932,398.06749572998496
28138162,-4.258548,-1.59475,-0.030284896308898857,186.76141411493677,170.9153576478835
28121313,-2.642304,-5.461082,0.2535701036911011,155.46473350036086,294.50783895881847
28150641,-2.752563,-3.032739,0.06635710369110104,179.0710513198873,252.04655732963943
28150642,-2.503687,-2.544392,0.00461810369110105,188.83955240939247,249.7658483275036
28153167,-5.953795,-0.268431,1.8532981036911012,101.8455632559248,53.477650675231615
28153168,-5.610673,-0.128666,1.688459103691101,110.79733934031644,53.581885634262505
28143250,-6.688615,-0.144305,3.1000041036911012,26.71804938532611,3.827689707438964
28153169,-6.942394,-1.096759,3.6337411036911007,7.5932895198846495,48.09049901157681
28153170,-6.179581,0.237589,0.16693110369110098,184.4873946869697,59.0901240085706
28153171,-2.613916,1.217527,0.09988110369110115,280.6786287387359,47.71261768178965
28141701,-1.016586,-4.561175,1.395289103691101,117.04160510399956,358.350001887859
28127097,-1.909747,-0.898164,0.04193310369110104,224.0729100530358,225.0584347364202
28143915,-2.293978,-0.038296,0.03945910369110117,240.7631634165323,165.67686562144306
28150648,-4.045178,-5.779527,0.14999110369110102,152.91514647073234,261.8500720124775
28150648,-4.045178,-5.779527,0.14999110369110102,152.91514647073234,261.8500720124775
28150649,-3.075678,-3.759195,-0.16065589630889887,178.37067436567187,255.54272044563984
28150649,-3.075678,-3.759195,-0.16065589630889887,178.37067436567187,255.54272044563984
28153176,-3.385441,0.300841,1.9930781036911012,74.54195493460668,47.416909428177405
28153177,-7.975813,-0.50321,0.8486481036911011,144.60844815804444,60.886493604478346
28153178,-2.58377,0.871927,0.9351881036911011,197.9000588427372,49.795570502369
28150650,-2.416875,-2.522488,0.118331103691101,185.1583487787959,252.6782006651739
28150650,-2.416875,-2.522488,0.118331103691101,185.1583487787959,252.6782006651739
28127098,-1.923847,-0.88465,-0.04611789630889884,228.80550370147824,223.98246524072175
28127098,-1.923847,-0.88465,-0.04611789630889884,228.80550370147824,223.98246524072175
28153179,-6.377976,0.329911,-0.2897958963088989,201.0729916030756,60.8729077904774
28150655,-3.700054,-5.437354,0.8249951036911011,135.16411834510947,267.1218458078267
28150655,-3.700054,-5.437354,0.8249951036911011,135.16411834510947,267.1218458078267
28143924,-5.328725,-3.208623,0.10947710369110109,162.99040044417666,189.7674787255157
28143924,-5.328725,-3.208623,0.10947710369110109,162.99040044417666,189.7674787255157
28143925,-2.286673,-0.083484,0.038383103691101095,239.52842230258256,168.6390813221252
28153182,-4.804995,-0.025712,1.801936103691101,101.93024305632537,55.86060390620506
28153184,-7.297771,-0.151439,0.2628461036911012,169.99932008361827,62.617780735095465
28150656,-2.549381,-2.982276,0.5646861036911011,160.49217050771676,259.28904427426943
28153185,-5.064816,0.356975,0.5009571036911011,180.7195712676555,60.13955542691619
28153186,-5.411155,-0.092628,1.452345103691101,124.52121313279191,59.88905130673788
28150657,-2.395189,-2.539078,-0.0013288963088988748,190.11402497217168,253.5994834445736
28150659,-1.617186,-1.039643,0.10200410369110102,222.83237773481684,245.43350746591904
28140412,-2.465315,0.224619,-0.0024168963088988527,247.66207926716388,142.96764217422333
28130268,-0.43986,0.735092,-0.010865896308899003,413.0878015931252,242.6517680521744
28130268,-0.43986,0.735092,-0.010865896308899003,413.0878015931252,242.6517680521744
28132875,-1.872643,-0.95037,0.05174010369110116,222.9263493801595,228.89651102248752
28153187,-5.665353,-0.122025,1.3377321036911012,130.40144592999275,60.6076118765354
28153189,-8.577096,-1.633631,3.5155021036911007,38.296878242622284,58.76861321266517
28143928,-3.425924,-1.820093,1.703516103691101,105.34077442511447,192.0947153709699
28143928,-3.425924,-1.820093,1.703516103691101,105.34077442511447,192.0947153709699
28153190,-6.738105,0.02928,0.011140103691101189,183.9434294766171,65.10548910906635
28153191,-6.258584,0.227243,-0.16223689630889893,196.25639347127253,64.75046344492861
28153192,-5.508301,0.385032,-0.024886896308898843,200.3916443693041,63.8287975354292
28143254,-3.687325,0.738999,1.564806103691101,120.97475142020188,11.9985535375734
28143930,-2.267256,-0.047733,-0.032814896308899,245.230651237892,168.27123422554774
28153193,-2.546875,1.17361,0.13276910369110118,278.9696039515257,52.97188710720289
28127106,-1.881539,-0.942564,0.04977110369110105,223.06038737197625,228.160531486288
28143256,-9.142566,0.216447,0.46490410369110113,157.67560974583017,29.119834901709424
28150664,-0.585991,0.651804,-0.042239896308899016,383.9630609885344,232.06576689626792
28150664,-0.585991,0.651804,-0.042239896308899016,383.9630609885344,232.06576689626792
28143257,-7.974041,0.454059,0.4088081036911011,166.017836619053,27.486014722152817
28150666,-2.296389,-2.696157,0.798902103691101,153.20272610703643,263.5510427241364
28143258,-7.904022,0.721096,-0.09711889630889892,186.41001325654705,25.499391492733054
28121332,-2.133556,-4.728563,0.09340710369110106,167.2498136288678,300.71383525502034
28121333,-2.119485,-4.68457,-0.0038078963088989948,170.9388423956928,300.04702486565765
28124490,-1.346435,-2.114783,-0.02068189630889883,209.53237147235737,289.65171152346494
28147032,-2.413543,0.04049,-0.10290089630889887,248.27137767601872,158.03768188623633
28153198,-5.013234,0.022445,1.2998351036911011,134.55569441504753,62.50464159478028
28144645,0.344219,-7.636336,1.473500103691101,109.1118759143488,433.18795014815305
28153199,-6.920339,-0.071127,0.061906103691101055,179.94106862407642,66.5450365469523
28147035,-4.490779,-2.517953,1.852354103691101,99.78925717630072,183.0705853211585
28147035,-4.490779,-2.517953,1.852354103691101,99.78925717630072,183.0705853211585
28140419,-5.149183,-2.180746,0.22413210369110104,166.807192626031,167.09632562959644
28141702,-0.600481,-2.663219,0.720719103691101,169.00330443821153,354.1033440924874
28141703,-0.606086,-1.978371,1.3364531036911012,131.18349804015088,359.27182110264766
28153203,-4.253402,0.623419,0.172874103691101,211.78859825416225,64.15513954338581
28150681,-1.555423,-1.166075,0.10621310369110115,220.53016170209327,253.2540642990058
28153207,-4.580447,0.447864,0.33178510369110104,195.74200608767555,66.14986606652204
28153208,-14.225115,-1.210299,-2.7856498963088994,199.24127728461696,72.40124587088306
28124502,-1.772958,-4.267822,0.8173091036911011,144.08522960039232,313.4275431775159
28153209,-2.124167,1.130592,0.46497010369110103,271.56161570061573,53.62116823272095
28132884,-2.88236,-3.127186,0.09381210369110105,176.2634987024901,249.8220677257121
28132884,-2.88236,-3.127186,0.09381210369110105,176.2634987024901,249.8220677257121
28124505,-1.751373,-4.571838,0.781930103691101,144.02200358360733,317.80082099003255
28153214,-6.907448,-1.177171,3.128398103691101,39.428519561424025,63.53683094987551
28111050,-3.416232,-4.789574,0.15903010369110104,159.42220080872596,263.5258264172933
28111050,-3.416232,-4.789574,0.15903010369110104,159.42220080872596,263.5258264172933
28153217,-2.540425,1.129808,0.12554610369110097,277.26951164601167,58.5020585240955
28143265,-7.191933,-0.308212,3.0196551036911012,40.29613111561969,13.8251339492995
28112456,-5.396892,-3.622706,3.241658103691101,41.02482717183889,185.9653859928089
28140427,-5.720501,-3.366462,3.107095103691101,48.2955112735032,171.64614622241126
28124509,-1.724976,-4.782721,0.7577781036911011,143.997045067653,321.0809841492273
28143954,-2.734365,-1.307101,1.762996103691101,99.01350181555742,197.38186821064187
28143954,-2.734365,-1.307101,1.762996103691101,99.01350181555742,197.38186821064187
28132892,-2.834053,-3.104255,0.02694810369110101,179.2932833105961,250.7913445402477
28153221,-3.248402,0.071891,2.510617103691101,9.62017455763646,53.491123270540754
28144651,0.233017,-5.29837,0.06746910369110104,176.9636855772152,404.4423455692547
28153222,-5.707141,0.068991,0.33037610369110104,179.59390244457478,70.46590885315337
28132898,-3.280223,-4.621632,1.248975103691101,123.01468831940733,267.7366207876644
28132899,-3.383564,-4.767467,1.0701751036911011,129.2195052456161,266.4813667154947
28132900,-1.83388,-1.032605,0.05522310369110106,221.40759518799888,233.919177837686
28124512,-1.180737,-2.630918,0.028767103691101026,200.1394344811426,308.74489853674544
28121349,-3.086729,-8.189162,2.4478981036911014,81.5725014543587,320.673468761642
28153225,-2.782629,0.753912,0.8253281036911011,199.56707652366373,63.55635918020943
28153226,-3.893923,0.612124,0.2913301036911011,211.06654605190107,68.43553036638397
28150701,-1.45537,-1.131656,0.18543210369110108,218.8632600756734,258.0077430725269
28132905,-4.223065,-6.214591,0.06166610369110104,152.97963895758903,263.214972736762
28132905,-4.223065,-6.214591,0.06166610369110104,152.97963895758903,263.214972736762
28150702,-0.434313,0.72975,-0.013094896308898818,413.0733646168528,243.8748752347805
28150702,-0.434313,0.72975,-0.013094896308898818,413.0733646168528,243.8748752347805
28153228,-4.427795,0.400691,0.36440610369110105,195.14672693036428,71.02566356306735
28150705,-0.47892,0.667889,0.03733410369110102,394.06315390167606,243.78463963718747
28153229,-3.154659,1.025954,-0.20521289630889883,269.16023393595685,66.16836521420464
28143961,-4.347286,-2.667197,0.17374010369110104,168.88998532578904,198.2117431438966
28147041,-7.319102,-4.435785,-0.2110988963088989,159.03448279234885,181.385727683067
28147041,-7.319102,-4.435785,-0.2110988963088989,159.03448279234885,181.385727683067
28144656,1.397412,-17.934156,0.21282510369110108,129.0424499098339,431.9449421381331
28153233,-2.4339,0.537502,1.693349103691101,102.6801730336024,59.31389177500452
28147042,-2.2922,0.050909,0.06693310369110117,242.2179620518236,159.97816698225068
28150710,-0.492944,0.620539,0.01836110369110111,386.4339525155894,245.9906712287492
28147045,-7.248192,-4.364192,-0.3871178963088988,163.5846117099419,181.7116594212501
28147045,-7.248192,-4.364192,-0.3871178963088988,163.5846117099419,181.7116594212501
28153242,-6.962053,-0.12932,-0.5100898963088989,198.01259168153467,77.069663555359
28153243,-2.486643,1.07917,0.144415103691101,275.5234194909691,64.86751065848577
28150720,-5.57741,-11.802296,-0.7383238963088987,149.5845308852219,286.29630005069936
28141707,-0.634149,-2.44023,1.2404251036911011,135.5969449944603,360.2064855351431
28141708,-0.835466,-4.296736,1.000111103691101,138.14305573606106,359.85741063383057
28150726,-1.612573,-1.852193,0.5815061036911011,179.0492847757073,273.4961514536064
28121364,-1.73044,-4.549024,0.7787871036911012,144.32977363242634,318.3417853065308
28141709,-0.511152,-2.151534,0.7683041036911011,174.51903440495346,355.6712473847675
28153247,-3.982826,0.39888,0.6008331036911011,187.57474192548608,73.66441188925938
28141065,-0.482148,0.665033,0.036206103691101,393.2858424721817,243.6150723636001
28141065,-0.482148,0.665033,0.036206103691101,393.2858424721817,243.6150723636001
28153248,-7.432657,-0.298694,-0.553654896308899,194.1237320523812,78.68357791215072
28147054,-4.16749,-2.328589,1.7032021036911011,106.57448884655852,186.71244512293435
28147054,-4.16749,-2.328589,1.7032021036911011,106.57448884655852,186.71244512293435
28153249,-4.82032,0.371583,-0.06595989630889898,210.08666304998047,75.6695073727656
28144658,0.294485,-5.256735,0.47763710369110113,160.5457406970149,415.9140711836874
28153250,-5.167547,-0.824011,3.129688103691101,10.819488253176416,69.62580459691554
28138189,-2.974641,-2.094228,1.731227103691101,102.60754796788102,219.24104837525468
28138189,-2.974641,-2.094228,1.731227103691101,102.60754796788102,219.24104837525468
28153251,-3.022105,0.981343,-0.1341208963088989,267.7212722918601,70.80490898010069
28141710,-0.555917,-2.975729,0.4684231036911011,179.62329658165055,355.6881683656256
28147056,-4.602767,-2.059253,-0.3375348963088989,190.0329633562059,178.51013010694544
28147056,-4.602767,-2.059253,-0.3375348963088989,190.0329633562059,178.51013010694544
28141711,-0.742218,-3.951639,1.079691103691101,136.08981305626185,363.71312727819134
28150733,-1.600582,-1.824275,0.33072310369110103,193.6202072711894,271.8459767410648
28153253,-5.759268,-1.044922,3.135972103691101,23.645825735897404,73.02708393789953
28153255,-7.290945,-1.587193,3.253631103691101,39.89066115360862,75.8418062656612
28141712,-0.981712,-6.762491,0.5635921036911011,143.86034387384046,362.83789721449466
28150736,-0.391498,0.678598,0.0027631036911011098,409.40118079850697,254.34468462081372
28150736,-0.391498,0.678598,0.0027631036911011098,409.40118079850697,254.34468462081372
28147062,-2.32385,-0.043654,0.020260103691100984,240.9310201588646,164.98090380601352
28141713,-0.549778,0.709108,-0.041126896308898875,396.3415567480518,231.16760304738577
28141713,-0.549778,0.709108,-0.041126896308898875,396.3415567480518,231.16760304738577
28121375,-2.692067,-7.494928,3.792402103691101,24.393756686341504,337.5338151953211
28124525,-0.583345,0.65436,-0.020987896308898968,383.2990307470028,232.1329710357676
28124525,-0.583345,0.65436,-0.020987896308898968,383.2990307470028,232.1329710357676
28138190,-3.929663,-3.228071,1.1074821036911011,131.87057973245163,220.68064118897416
28138190,-3.929663,-3.228071,1.1074821036911011,131.87057973245163,220.68064118897416
28153256,-2.236588,0.566548,1.682720103691101,103.08722607413772,62.91041569813174
28121379,-1.580224,-4.690088,0.768069103691101,144.46457833167727,325.96605776956926
28150742,-0.383317,0.636086,0.004802103691101012,403.3458402388559,259.0457581901562
28150742,-0.383317,0.636086,0.004802103691101012,403.3458402388559,259.0457581901562
28141714,-1.267553,-11.401753,-0.6421988963088989,156.3088939773602,362.3959205245731
28153260,-5.752725,-0.820402,2.334140103691101,74.26098529116962,77.28262459960254
28153261,-3.899589,-0.108998,2.036946103691101,78.46726850194483,73.36641690081717
28153262,-2.224428,0.603542,1.5544801036911011,122.73463950943476,65.30865519921866
28153263,-3.229444,0.34069,1.339923103691101,140.44094981005662,73.55151820656192
28153264,-2.458711,1.038085,0.15180310369110117,273.96391815010816,69.91739037159581
28143969,-2.657669,-1.286252,1.6775121036911012,105.44091720682285,200.44886331757624
28143969,-2.657669,-1.286252,1.6775121036911012,105.44091720682285,200.44886331757624
28121386,-1.098838,-2.741339,-0.03028389630889894,202.0158814180017,314.1924838672811
28147068,-3.190459,-1.52119,1.819990103691101,96.8279857483541,187.6568843341665
28147068,-3.190459,-1.52119,1.819990103691101,96.8279857483541,187.6568843341665
28140434,-4.982621,-2.153331,0.2592141036911011,166.59333217137615,169.5915542175099
28147069,-3.819715,-2.084528,1.6980901036911011,106.34514753697152,188.8192978526657
28153267,-2.122201,0.619409,1.584028103691101,118.4269789767268,65.19676001998931
28144662,4.35056,-46.603603,-0.8392328963088989,121.76445991613924,439.8298562913403
28138193,-4.10061,-3.563835,0.6350981036911011,148.01865777900397,224.1225052890743
28138193,-4.10061,-3.563835,0.6350981036911011,148.01865777900397,224.1225052890743
28150758,-2.802138,-5.767979,-0.4103098963088989,172.45186474054577,290.55549335234105
28138194,-4.721001,-4.588579,0.7533121036911011,138.54912197626356,228.93107301488533
28138194,-4.721001,-4.588579,0.7533121036911011,138.54912197626356,228.93107301488533
28141722,-0.326577,0.639504,1.722378103691101,14.821241453521282,366.7877408274171
28153269,-4.050688,0.315074,0.5710111036911011,187.02960161725537,78.87711789236806
28141723,-0.601983,-2.940899,1.316066103691101,127.05155317620206,369.5445086430842
28111893,-1.170639,-2.621315,0.03883010369110118,199.9512645721519,309.20259403558737
28141724,-0.837814,-6.342494,0.7119771036911011,140.76608164564811,368.0449983205962
28153274,-2.373742,0.479637,1.723697103691101,97.93692548123546,68.29450104247607
28153278,-2.820185,0.425973,1.3861971036911012,139.1473227304856,75.16686727902032
28150771,-1.296005,-1.675539,0.1285971036911011,211.8137009751161,283.10709329117526
28153280,-4.384687,0.336368,0.08294510369110109,208.53577489643055,82.2175259155184
28153281,-3.206835,0.894664,-0.2763438963088989,266.0611154028928,77.94390837760784
28135201,-1.516855,-1.720965,0.06854910369110101,210.47304397783972,271.89396321695705
28150779,-2.197349,-4.843737,-0.05057889630889889,170.8932818722236,299.18711510669164
28141730,-0.697066,-5.635102,0.927978103691101,135.57249729581775,373.6332503042628
28150781,-1.368829,-2.20224,-0.06669589630889883,209.7291489250212,290.0318378287469
28153283,-2.407625,0.51429,1.521436103691101,126.17869254758205,72.76924174607032
28153288,-3.97002,0.320706,0.48145310369110106,193.24180411829977,82.40118883607084
28153289,-3.937766,0.350575,0.43002210369110105,197.12872625845267,82.33209585864606
28153290,-2.196888,1.022147,0.32049610369110104,272.68789488710297,72.88074646788849
28150795,-1.339679,-2.390276,-0.10777789630889889,208.554084760757,295.00644353843825
28150796,-1.625061,-3.695532,0.7538741036911011,150.93850171278248,311.3193223505254
28121404,-1.037423,-2.934521,0.0296731036911011,196.8999989302769,321.0111990090889
28150802,-1.154734,-2.043968,0.11470210369110112,206.97270189061817,299.7226230622605
28143976,-5.724936,-4.25618,-0.06727889630889883,160.91779821006787,203.6953132369123
28143976,-5.724936,-4.25618,-0.06727889630889883,160.91779821006787,203.6953132369123
28153295,-3.943783,-0.223909,2.0840621036911013,75.41059976373634,80.26714890820284
28143275,-3.266734,0.759743,1.565450103691101,121.2828434600409,15.35553778911887
28106728,-5.564241,-3.506043,0.7499931036911011,140.9412650980874,189.483650150734
28106728,-5.564241,-3.506043,0.7499931036911011,140.9412650980874,189.483650150734
28153296,-2.359795,0.450091,1.7410641036911012,95.35193000126436,72.15196565782574
28144672,0.374491,-4.777655,0.4904651036911011,164.68773559793323,421.7485453152923
28117499,-2.738754,-1.15671,1.6397761036911012,108.6325459291549,190.6976682825274
28117499,-2.738754,-1.15671,1.6397761036911012,108.6325459291549,190.6976682825274
28144673,0.384359,-4.691259,0.11886910369110115,182.67848244314828,414.0249938442514
28153300,-4.064785,0.351408,0.19689310369110102,207.8069034424041,85.09056445941076
28150809,-1.640477,-4.469734,0.560083103691101,153.99366781707715,319.1071511892748
28143277,-6.658505,0.558974,0.45523410369110107,172.63470316001258,31.39914356951684
28141733,-0.642183,-5.878253,0.8370041036911011,138.38135618912253,375.8960894950328
28121415,-1.424703,-5.053533,0.8972671036911011,137.81709675621494,337.347474324341
28150812,-1.893395,-5.934728,0.605483103691101,143.843645031042,325.28766310717447
28150813,-1.598356,-4.524603,0.6644091036911011,149.58258686607155,322.3993601037797
28150815,-1.348682,-3.389825,-0.25789589630889886,199.08953009466663,310.0820015032517
28150816,-1.490016,-4.143617,0.3450031036911011,165.78425474636782,319.4365165958921
28141736,-0.372534,-4.207579,0.009726103691101162,186.75543339139836,368.2007126045612
28147085,-2.375631,-0.124259,-0.12972989630889886,245.25792251118736,169.21832559822818
28147086,-5.722879,-3.526572,-0.001719896308898905,162.9548353466555,189.43245852188156
28147086,-5.722879,-3.526572,-0.001719896308898905,162.9548353466555,189.43245852188156
28153306,-5.483916,-1.189856,3.262929103691101,12.292245498469583,83.80925410261369
28153307,-4.902661,-0.86523,2.9022741036911013,25.818201347924088,83.32622994917205
28153310,-2.711501,0.901945,0.035069103691101056,264.9277720399156,80.53270563244641
28144676,0.424694,-4.539316,0.014461103691101096,189.56220200913344,414.2924938756481
28153312,-4.585661,-0.542568,2.1745231036911012,75.41588141556034,86.07282522804428
28153314,-2.663868,0.422359,1.392212103691101,139.38518974809176,80.54436447543026
28150830,-1.419915,-4.822932,0.9443941036911011,136.84921459763817,335.85576942290885
28150833,-1.761534,-10.317245,3.917159103691101,33.640384043476075,384.2947842447627
28153317,-2.517745,0.41772,1.538545103691101,123.06625283882695,80.14776095265907
28135222,-2.3458,-4.704917,0.12222110369110117,165.45005160538335,293.57058450270847
28135223,-2.177909,-4.141529,0.06653510369110105,172.5332685147439,291.1223067730071
28153319,-5.243683,-1.095482,3.009714103691101,26.15083644221943,88.29815448058844
28150835,-0.997964,-2.518064,0.17684510369110118,197.12263595284455,318.3420309656391
28150836,-0.930932,-2.157417,0.224721103691101,202.16987524152296,316.5178458109075
28153321,-2.499131,0.429918,1.4908381036911011,128.99473909703235,81.48551525883565
28153322,-2.156537,0.695773,1.089877103691101,185.91873233437607,79.78848163742748
28117506,-5.037471,-3.819376,0.09842210369110105,160.89738435943764,208.49999201908236
28117506,-5.037471,-3.819376,0.09842210369110105,160.89738435943764,208.49999201908236
28123541,-5.409628,-2.833894,3.243893103691101,33.92351763944214,160.75926543130507
28123541,-5.409628,-2.833894,3.243893103691101,33.92351763944214,160.75926543130507
28147090,-2.30532,-0.158582,0.0069421036911010425,238.455602796225,172.4582232412928
28141739,-0.754264,-6.980035,1.050859103691101,126.4659075949234,378.16049955016734
28150841,-1.799251,-10.882503,3.3926351036911013,54.76084755135389,379.1335079177377
28144678,0.502391,-5.173442,0.3493231036911011,168.163744305832,425.4395416538308
28143282,-3.837021,0.570189,1.728068103691101,104.75569223285731,21.17878107142008
28153327,-4.725574,-0.92329,3.0245231036911013,13.41238578540549,88.1758365462434
28141741,-0.606798,-6.221756,0.947630103691101,132.73835280756302,380.32745078231176
28153329,-2.199252,0.740225,0.8892641036911011,207.9566466750092,81.77099013318147
28150845,-1.700953,-10.330636,3.052228103691101,63.16184717151708,377.4065005443325
28153330,-1.911276,0.975502,0.554589103691101,264.34566857577886,78.58361900068596
28150847,-1.360034,-8.246403,3.060855103691101,51.60969079739127,383.60331305217846
28147093,-3.957933,-1.838138,-0.08543489630889889,188.4879165679469,186.30533243591407
28147093,-3.957933,-1.838138,-0.08543489630889889,188.4879165679469,186.30533243591407
28153334,-2.340298,0.403888,1.696860103691101,101.75836773421156,81.63954567552472
28153335,-2.547267,0.335179,1.659642103691101,107.7120306287953,83.71207533285386
28150848,-1.761743,-10.709456,2.795332103691101,72.60117010196777,374.239226204404
28121448,-2.28941,-9.990815,4.017394103691101,31.385858684089555,367.2335956092026
28147095,-2.703684,-1.200502,1.786584103691101,96.83131060962484,193.39498483641347
28147095,-2.703684,-1.200502,1.786584103691101,96.83131060962484,193.39498483641347
28130314,-0.518074,-11.245291,3.5317161036911013,45.27994881587381,422.8113946812405
28143286,-7.166646,0.594904,0.049583103691101194,185.27813791676715,34.01685305405667
28150851,-0.970786,-2.900051,0.4532661036911011,177.52870241122318,329.4021346480689
28143988,-5.954818,-4.697632,-0.16488089630889902,160.59134405798983,207.44010199438884
28143988,-5.954818,-4.697632,-0.16488089630889902,160.59134405798983,207.44010199438884
28150862,-0.929258,-3.036908,0.09325110369110101,193.610168881238,328.8926673975928
28141749,-0.268667,-4.428835,0.002546103691100976,185.26704887319863,374.71318884525294
28153345,-2.503897,0.428961,1.3601481036911012,144.08842822277057,86.96888679075752
28143291,-5.76234,0.928511,-0.02854089630889889,206.11514961951303,29.89798667874402
28124571,-0.431566,0.730573,-0.009664896308898996,413.4042467387084,244.18380176713652
28124571,-0.431566,0.730573,-0.009664896308898996,413.4042467387084,244.18380176713652
28150866,-1.020843,-4.032272,1.167049103691101,130.4825481779531,350.15583812453417
28150868,-0.909293,-2.954087,0.7373491036911011,162.06366496143065,337.860917894815
28141754,-1.054108,-12.781016,1.7792761036911011,101.14244872678456,388.75348903739
28144689,0.637575,-5.214304,0.4023561036911011,166.25160275162864,434.7951651794128
28143293,-6.420135,0.013965,1.644015103691101,114.17740532860527,36.48721719595639
28143294,-7.054939,0.391582,0.3814461036911011,171.5349604188405,38.21288231874848
28153350,-2.246828,0.476867,1.498307103691101,129.3759326434449,85.48177017821158
28141756,-0.397202,0.68364,-0.007841896308898866,410.0804735171547,253.0328640057466
28141756,-0.397202,0.68364,-0.007841896308898866,410.0804735171547,253.0328640057466
28153352,-2.03964,0.748082,0.9440271036911011,207.3811680137986,84.8373984990144
28117538,-4.158031,-3.456991,0.1215391036911011,165.87267131353897,220.9427489949107
28117538,-4.158031,-3.456991,0.1215391036911011,165.87267131353897,220.9427489949107
28153356,-2.304561,0.380345,1.6939361036911011,101.98901671756173,86.49173788415081
28141762,-0.394074,-7.097839,1.0385231036911011,126.90035597509755,393.0344295941191
28144695,0.800845,-5.77282,0.42178610369110103,161.4033876282096,442.69212215004825
28141763,-0.162768,-6.105602,0.10426210369110112,166.31198675137645,387.4286660132194
28153362,-4.743613,-1.091753,3.049236103691101,14.78860220164529,98.19712977376048
28153363,-2.914212,0.021733,1.9545751036911012,76.06213202939603,93.06886060093508
28117557,-2.04077,-0.583739,-0.025012896308898913,233.5141623537463,205.74952356936532
28117557,-2.04077,-0.583739,-0.025012896308898913,233.5141623537463,205.74952356936532
28117559,-2.061613,-0.661189,0.013881103691101071,228.81537972823187,208.05557417958963
28117562,-4.204391,-4.108295,1.205905103691101,125.28551333557442,232.31529673090924
28117564,-5.149683,-5.423217,-0.044605896308898885,156.61002809685922,233.5068802129995
28117564,-5.149683,-5.423217,-0.044605896308898885,156.61002809685922,233.5068802129995
28141084,-0.474937,0.55779,-0.0018778963088990075,380.89693923524624,253.1865703685229
28141084,-0.474937,0.55779,-0.0018778963088990075,380.89693923524624,253.1865703685229
28141766,-0.361121,-7.17343,1.414604103691101,112.38016391571156,400.0899530150999
28150890,-0.698539,-2.084787,0.703507103691101,177.88507413195046,338.6598568347087
28143995,-2.160483,-0.333611,0.04296510369110118,234.4535707049076,187.7672600750803
28117567,-4.848688,-5.057912,0.15716210369110106,153.7354393070083,234.04040190931244
28153367,-7.787232,-2.575696,3.5774721036911012,36.40497760311115,103.86360244131058
28117572,-4.518461,-4.668272,0.8343541036911011,136.06426714270464,234.95108189563172
28117572,-4.518461,-4.668272,0.8343541036911011,136.06426714270464,234.95108189563172
28073536,-5.52617,-2.644447,3.244886103691101,33.15755919904271,151.17569571329506
28117573,-4.729186,-4.953017,0.3279151036911011,149.76103455867548,234.92101775520263
28117573,-4.729186,-4.953017,0.3279151036911011,149.76103455867548,234.92101775520263
28150900,-0.632823,-1.800842,0.864147103691101,172.18325155958803,342.44825362298667
28150901,-0.797593,-3.743606,-0.14369089630889897,195.15254878025164,340.8792696635943
28117576,-4.768575,-5.079452,1.535866103691101,112.32564064634636,236.3078378115508
28117576,-4.768575,-5.079452,1.535866103691101,112.32564064634636,236.3078378115508
28117577,-4.55072,-4.759715,0.5928531036911011,143.17711835132712,235.7342796840342
28117577,-4.55072,-4.759715,0.5928531036911011,143.17711835132712,235.7342796840342
28153373,-6.809796,-2.070441,3.189970103691101,43.05958833642183,104.44431367174816
28124589,-0.644502,-3.867205,0.02873210369110102,187.80279352277716,351.95246706254426
28153374,-2.117212,0.430047,1.6685891036911011,104.64769995865667,89.61564906746716
28153376,-3.376961,-0.424655,2.6077591036911008,15.071938324262476,98.05678079344716
28124592,-2.179825,-12.30324,4.350734103691101,33.54651343830113,380.3039544755592
28117581,-4.435845,-4.617152,0.2987071036911011,152.8500270647162,235.9073742426621
28117581,-4.435845,-4.617152,0.2987071036911011,152.8500270647162,235.9073742426621
28147107,-2.257694,-0.172043,-0.0624358963088989,243.01268889941747,175.9669820840978
28150910,-0.760791,-4.036801,-0.2154928963088989,194.49711430551608,344.56535363067144
28153390,-4.164343,-0.543429,1.783422103691101,101.6369253510648,104.65694543734536
28150913,-2.245499,-42.079559,6.597272103691101,63.48484813583818,406.6848539331422
28150914,-2.799891,-49.041729,6.157056103691101,73.28292743466122,401.4369015260398
28141099,-1.061965,-2.610763,0.022359103691101057,202.2441991610834,314.5611889793328
28150915,-3.88431,-65.150604,5.981832103691101,82.56216363563155,396.6957021848708
28117587,-4.655519,-5.008067,2.116740103691101,91.68693929374416,237.9413415369661
28117587,-4.655519,-5.008067,2.116740103691101,91.68693929374416,237.9413415369661
28135244,-1.41563,-1.986371,0.06335510369110109,206.92354332012883,283.7936709783299
28117590,-3.625049,-3.449288,0.18722210369110104,166.1687268111501,234.53012897302463
28121485,-0.628481,-3.917642,0.03578910369110111,187.01080755574088,353.30029742966224
28117592,-1.97193,-0.709636,-0.022442896308898952,231.30114646871536,214.4905937692352
28117592,-1.97193,-0.709636,-0.022442896308898952,231.30114646871536,214.4905937692352
28150919,-6.479102,-101.091957,1.155916103691101,106.77631123509336,386.0713490426982
28150920,-2.439461,-35.259869,1.049406103691101,110.24742927715164,385.0174704078743
28147112,-4.551208,-2.796544,0.10212610369110098,169.33786289789884,196.8318177854489
28147112,-4.551208,-2.796544,0.10212610369110098,169.33786289789884,196.8318177854489
28127165,-3.560922,-7.408187,1.5435971036911011,109.9457452437264,296.4605817809702
28153402,-2.94393,-0.246179,2.469612103691101,15.967184756318886,101.34764470521245
28127167,-1.740626,-1.247972,0.05141510369110103,218.10384328456985,246.17281833934297
28153404,-4.027647,-0.832146,2.700949103691101,27.977482177234748,107.47554649455118
28150924,-1.631457,-22.258801,0.9941211036911011,113.66228552179332,384.1064378687613
28150926,-0.689825,-4.438674,-0.13656589630889893,187.21880127397088,352.23529448783324
28150927,-0.647403,-3.867053,-0.08287989630889903,192.45198211247452,350.250730069499
28140453,-2.35692,0.217278,-0.017180896308898852,251.27079346254243,147.97454933490232
28141104,-1.055256,-2.679573,0.09270110369110118,197.8294905338656,316.8500542479961
28153406,-3.558455,-0.314523,1.757009103691101,101.52787039730012,106.43035342218192
28153408,-2.923259,0.129186,1.288996103691101,144.46330235326798,103.91728384027422
28111924,-0.18185,-4.750455,-0.030346896308898863,183.60207793369972,380.0793273509621
28140457,-5.105553,-2.38336,0.22756210369110108,165.45239348651614,173.57280137447577
28147118,-2.463454,-1.091646,1.748629103691101,98.81165848279132,199.7759501571358
28130340,-0.60552,-3.702573,-0.008623896308898926,191.936483988944,351.98484026011704
28143305,-6.93334,-0.51964,3.076177103691101,36.1053236664107,27.62579646961734
28141777,0.14223,-10.107145,1.1223401036911012,118.8646347407794,415.7369369918468
28153423,-3.10323,-0.395357,2.529122103691101,16.804800218906536,107.75043501087738
28153426,-3.483552,-0.283185,1.6172041036911011,112.87566763956492,109.73542531648664
28079790,-4.773572,-4.994034,4.059391103691101,6.86334681576912,234.9949979095786
28117635,-4.069596,-4.775441,0.6584111036911011,142.05634858874765,247.4325432381624
28117635,-4.069596,-4.775441,0.6584111036911011,142.05634858874765,247.4325432381624
28153432,-5.326801,-1.660721,3.098559103691101,28.68332314173034,115.56478717757936
28121525,-1.45626,-10.029732,4.532719103691101,4.528775603727496,402.0740590073502
28123578,-5.553774,-3.230475,3.078088103691101,47.455956558893575,171.5346679194812
28123578,-5.553774,-3.230475,3.078088103691101,47.455956558893575,171.5346679194812
28111132,-0.543836,-4.057431,0.046567103691101064,185.5673720378392,358.8923805169959
28117637,-4.031964,-4.769975,0.995401103691101,131.13419022537377,248.68005415510711
28121529,-0.362009,-4.431671,-0.05387289630889902,186.74648525864063,369.0753693173119
28141119,-1.155363,-4.295621,1.409665103691101,116.83727965263188,349.0222111509026
28143312,-7.820465,0.124219,0.22949510369110104,170.57123679341936,46.63794786970357
28130345,-0.566057,-4.08285,0.023321103691101186,186.0413622864722,357.6152484880275
28117642,-3.986526,-4.780066,1.465034103691101,114.70098447532126,250.6714702950664
28117642,-3.986526,-4.780066,1.465034103691101,114.70098447532126,250.6714702950664
28143313,-5.462047,0.808903,0.04377910369110105,204.64282290282972,38.51033000809869
28153447,-2.434986,0.234296,1.456501103691101,131.41335932267356,107.6051924651287
28153451,-2.846159,-0.300744,2.448885103691101,17.58064753827901,111.6558596731691
28150983,-2.192261,-0.831807,1.975295103691101,73.19393509592615,198.26391306931592
28117646,-4.375661,-5.500349,-0.14034689630889896,160.95246290635015,250.3437336241036
28117646,-4.375661,-5.500349,-0.14034689630889896,160.95246290635015,250.3437336241036
28141781,0.132262,-12.089958,1.484064103691101,107.44165662285606,418.3408783277405
28138261,-1.064202,-3.358762,0.032259103691101076,190.3912851458951,325.57394629522
28144020,-3.086209,-2.263919,1.742251103691101,102.27252921263836,220.5482768794779
28144020,-3.086209,-2.263919,1.742251103691101,102.27252921263836,220.5482768794779
28150990,-3.069574,-1.883354,1.675408103691101,106.36620414993254,207.97234491947444
28153458,-5.128249,-1.651143,3.049135103691101,29.349699073219995,120.3806090278534
28153459,-4.425284,-1.191048,2.714726103691101,38.53542021471617,118.88355674640351
28130356,0.639943,-23.853359,5.005196103691101,50.036885653398144,445.8932011290282
28153460,-2.138834,0.546369,0.883543103691101,202.87939170034912,107.40484830105768
28153462,-3.462685,0.358178,-0.5800368963088989,255.88672751959356,114.23541745934894
28121536,-1.108991,-14.398893,2.552160103691101,84.3378419758709,395.5896730234749
28150995,-3.097624,-1.825633,2.097496103691101,77.5340567961099,202.7662121555662
28153465,-2.751751,0.047965,1.435227103691101,130.947400372929,113.17783624195226
28150999,-2.301184,-1.114356,1.7525171036911011,97.77970886331666,209.54097611957027
28150999,-2.301184,-1.114356,1.7525171036911011,97.77970886331666,209.54097611957027
28147139,-2.602219,-1.406451,1.802711103691101,95.47811788837204,208.0256908519363
28151001,-4.480498,-3.644355,-0.1662048963088989,172.0700868112498,217.50500546974897
28151001,-4.480498,-3.644355,-0.1662048963088989,172.0700868112498,217.50500546974897
28073617,-5.335208,-3.114806,3.540672103691101,19.238297974785468,170.03550047649068
28073617,-5.335208,-3.114806,3.540672103691101,19.238297974785468,170.03550047649068
28073618,-5.390532,-3.193344,3.475726103691101,24.491841408531457,171.70815002780165
28144028,-4.553673,-4.723123,3.7656911036911014,16.526061433716023,235.51195702621555
28144028,-4.553673,-4.723123,3.7656911036911014,16.526061433716023,235.51195702621555
28153477,-2.32126,0.637957,0.21031110369110118,255.40489548074171,112.19369336117362
28141785,0.299794,-4.998075,0.4311161036911011,164.901602759351,415.5001617726703
28147145,-3.809109,-2.311426,0.188591103691101,174.37742923392068,202.65952400582847
28147145,-3.809109,-2.311426,0.188591103691101,174.37742923392068,202.65952400582847
28124638,-0.340815,-4.4179,-0.03219989630889897,186.2121610525661,370.401514151067
28117656,-2.67522,-2.651106,0.021624103691101126,185.45128700990605,246.2149313467538
28153481,-6.566838,-2.55023,3.188116103691101,44.921715555410685,126.93976110216524
28135261,-1.818837,-3.969199,0.7406161036911011,148.97673126768026,306.7958549827928
28147146,-2.168602,-0.347211,0.03868710369110118,234.09845446948896,188.13452437424007
28121540,-1.105132,-14.677855,2.833310103691101,78.21443370417887,398.2038446992349
28123591,-5.389079,-3.208791,3.1358701036911008,42.9761396748618,174.41640683874553
28123591,-5.389079,-3.208791,3.1358701036911008,42.9761396748618,174.41640683874553
28147147,-5.239259,-5.347715,4.380445103691101,0.378317335480375,229.4850773520329
28147147,-5.239259,-5.347715,4.380445103691101,0.378317335480375,229.4850773520329
28153485,-4.754798,-1.549296,2.943390103691101,30.49716006367205,126.0143696246521
28153486,-13.764083,-7.058713,5.279535103691101,39.51385974491879,131.51189133464078
28144038,-2.062451,-0.495956,0.05911810369110104,230.9502758110976,200.20728321452452
28151021,-15.697351,-16.831825,2.282442103691101,103.13768911454125,218.6516665358592
28151021,-15.697351,-16.831825,2.282442103691101,103.13768911454125,218.6516665358592
28151024,-4.296594,-3.579057,1.9786601036911011,94.47307442891396,217.6094891751653
28151027,-2.484837,-1.463111,2.007266103691101,77.8736773021086,215.71065767959567
28132961,-1.729069,-1.223916,0.06871910369110101,217.9602223347772,245.97951659389912
28141133,-0.835103,-2.416616,0.7025791036911011,171.35074769294613,334.25451090455726
28153489,-3.442945,-0.478974,1.727963103691101,103.6216603588076,122.28559816710394
28153492,-2.287567,0.63887,0.1496031036911012,260.69818600960696,115.12897691388729
28144040,-4.425982,-4.583878,3.269559103691101,39.23183321555089,236.1476679963029
28144040,-4.425982,-4.583878,3.269559103691101,39.23183321555089,236.1476679963029
28140484,-5.641146,-3.039065,0.08605310369110097,163.49903786123713,179.97597257691845
28140484,-5.641146,-3.039065,0.08605310369110097,163.49903786123713,179.97597257691845
28143322,-6.867468,-0.644285,3.0787441036911014,36.56482937981576,35.74988909624682
28151034,-4.573531,-4.356558,1.175940103691101,125.56135754957548,227.92714743761212
28151034,-4.573531,-4.356558,1.175940103691101,125.56135754957548,227.92714743761212
28141791,0.356302,-4.091976,0.266735103691101,183.29716544300152,416.3160850667768
28153495,-32.268288,-18.641605,9.828078103691102,44.84507953602335,135.3380776996276
28151042,-3.185075,-2.716291,0.11318310369110107,177.46384425575673,231.19405525983464
28151042,-3.185075,-2.716291,0.11318310369110107,177.46384425575673,231.19405525983464
28144045,-4.474583,-4.643086,3.041335103691101,51.01029501173457,235.9474100824578
28144045,-4.474583,-4.643086,3.041335103691101,51.01029501173457,235.9474100824578
28153499,-39.95895,-23.892605,12.573362103691101,39.49296589653642,136.9398638623178
28143324,-7.671833,-0.442469,1.564443103691101,117.61818484200762,49.30594553740826
28151049,-4.540877,-4.654243,0.5795991036911011,143.99927612968077,234.17410288219705
28151049,-4.540877,-4.654243,0.5795991036911011,143.99927612968077,234.17410288219705
28151050,-4.369825,-4.441982,0.3839481036911011,151.28916303892595,234.44811435424208
28151050,-4.369825,-4.441982,0.3839481036911011,151.28916303892595,234.44811435424208
28144049,-4.422952,-4.580234,2.871536103691101,58.14210131841725,236.06193976794205
28144049,-4.422952,-4.580234,2.871536103691101,58.14210131841725,236.06193976794205
28143327,-7.846991,-0.486603,1.474758103691101,121.21304944596824,51.20841099760591
28151053,-2.287933,-1.471453,1.9877151036911012,77.98631273606989,226.8166580781675
28151054,-4.715549,-4.927209,0.6456731036911011,140.68686618204205,234.82953547186077
28151054,-4.715549,-4.927209,0.6456731036911011,140.68686618204205,234.82953547186077
28153506,-1.22119,0.690112,1.7276641036911011,77.75304815721992,97.14454600127674
28117674,-3.993724,-5.233284,3.050064103691101,51.06584034949197,261.4869724677833
28153507,-1.416161,0.609795,1.645727103691101,104.21696696058524,104.72006767565765
28151056,-4.010813,-4.013239,0.188723103691101,160.79539892030294,235.3957128886321
28151056,-4.010813,-4.013239,0.188723103691101,160.79539892030294,235.3957128886321
28151057,-3.604203,-3.461618,0.251501103691101,163.94855359149557,235.3615411779478
28151057,-3.604203,-3.461618,0.251501103691101,163.94855359149557,235.3615411779478
28153508,-3.244085,-0.384173,1.617098103691101,112.38031789178206,124.72246317005168
28144052,-4.513558,-4.01896,0.18643010369110113,159.0064890453574,223.57516615502817
28144052,-4.513558,-4.01896,0.18643010369110113,159.0064890453574,223.57516615502817
28151059,-4.625919,-4.875459,0.43517510369110113,147.24564903166797,235.9341359530717
28151059,-4.625919,-4.875459,0.43517510369110113,147.24564903166797,235.9341359530717
28124660,-0.168384,-5.399687,0.13471410369110104,170.83377128380633,385.6562833017047
28153510,-1.733911,0.623481,1.056983103691101,198.53322700434492,112.10400503551652
28117680,-4.053613,-5.83403,0.7004291036911011,137.245271681659,263.49986769171875
28144054,-4.272852,-4.031355,1.196745103691101,125.75745438010674,229.00834343702348
28144054,-4.272852,-4.031355,1.196745103691101,125.75745438010674,229.00834343702348
28124661,-0.144845,-4.83447,-0.02125089630889887,182.6000621433535,382.4217933874078
28117681,-4.315952,-6.345984,0.02196510369110105,153.23026723720687,262.7414342648088
28151066,-5.061635,-5.2559,2.103511103691101,93.40027568848106,232.6149734351525
28151066,-5.061635,-5.2559,2.103511103691101,93.40027568848106,232.6149734351525
28141142,-0.899374,-3.146008,0.06443610369110098,193.6236999173583,331.5453923545629
28151068,-5.203781,-5.630926,1.3382511036911011,118.1144879546067,235.62763186323855
28151068,-5.203781,-5.630926,1.3382511036911011,118.1144879546067,235.62763186323855
28135267,-1.887022,-4.339329,0.7896381036911011,144.53265728479357,309.52270621548814
28151069,-3.985963,-4.051556,0.931017103691101,135.6657849363446,236.91641251084064
28151069,-3.985963,-4.051556,0.931017103691101,135.6657849363446,236.91641251084064
28144055,-4.232012,-3.647338,0.087324103691101,165.38752857353904,223.04766968190373
28144055,-4.232012,-3.647338,0.087324103691101,165.38752857353904,223.04766968190373
28151070,-4.677598,-5.019226,0.6948251036911011,138.98582943219918,237.17571859365995
28151070,-4.677598,-5.019226,0.6948251036911011,138.98582943219918,237.17571859365995
28135268,-2.110718,-4.996421,0.10851410369110104,164.9647616083712,304.81477619209966
28151072,-4.334529,-4.606383,0.626865103691101,143.1544343408219,238.16488661131845
28151072,-4.334529,-4.606383,0.626865103691101,143.1544343408219,238.16488661131845
28151075,-2.652149,-2.039025,2.1137171036911013,74.24336696929481,230.96747117617176
28117690,-3.795584,-4.966474,3.3715911036911015,31.726345098085744,263.88644100269823
28117690,-3.795584,-4.966474,3.3715911036911015,31.726345098085744,263.88644100269823
28153516,-2.25585,0.604916,0.15994910369110116,259.58158974817303,119.06627602531567
28141796,0.457787,-4.924474,0.39301110369110104,168.3393164371327,424.34289493039705
28151076,-4.343473,-4.520466,1.535539103691101,112.54879858357302,236.6908726256524
28151076,-4.343473,-4.520466,1.535539103691101,112.54879858357302,236.6908726256524
28151077,-3.543172,-3.498489,1.130962103691101,130.51187368919875,238.1714702418674
28151077,-3.543172,-3.498489,1.130962103691101,130.51187368919875,238.1714702418674
28151078,-3.599253,-3.654041,0.2106861036911012,164.04995901166149,239.31665601797437
28151078,-3.599253,-3.654041,0.2106861036911012,164.04995901166149,239.31665601797437
28151081,-4.455248,-4.624548,1.923441103691101,98.14205732067911,235.86886672085072
28151081,-4.455248,-4.624548,1.923441103691101,98.14205732067911,235.86886672085072
28124668,-0.093646,-6.945792,0.150558103691101,159.398631899571,392.79995381336335
28143334,-7.678027,-1.044525,3.8424621036911013,4.250859398384336,32.73174152083726
28117694,-3.647501,-5.300117,0.060337103691101124,158.8162285740096,264.6768885880162
28153521,-2.479537,0.224018,0.9540231036911011,180.19043879707164,121.8348570740052
28117696,-1.760192,-1.322766,0.021924103691101093,217.57003118050585,247.6055831254886
28117696,-1.760192,-1.322766,0.021924103691101093,217.57003118050585,247.6055831254886
28151085,-4.425231,-4.592987,2.051341103691101,93.07286848576254,236.072164490263
28151085,-4.425231,-4.592987,2.051341103691101,93.07286848576254,236.072164490263
28151086,-4.032481,-4.357278,0.16979110369110106,159.32602270081918,240.949703096152
28151086,-4.032481,-4.357278,0.16979110369110106,159.32602270081918,240.949703096152
28114127,-4.337881,-2.10319,-0.007363896308898887,180.14108246059024,184.1712644353256
28114127,-4.337881,-2.10319,-0.007363896308898887,180.14108246059024,184.1712644353256
28147158,-4.233604,-2.982629,0.14502410369110108,168.08049891935485,208.65858383493745
28147158,-4.233604,-2.982629,0.14502410369110108,168.08049891935485,208.65858383493745
28153523,-8.65474,-4.245673,3.922548103691101,39.97939818837662,138.21310769088777
28151089,-3.100105,-2.784869,2.015831103691101,86.8234298865907,235.8863422742984
28151089,-3.100105,-2.784869,2.015831103691101,86.8234298865907,235.8863422742984
28153524,-6.403683,-2.726685,3.171220103691101,45.78904881218111,136.37204546789764
28141146,-0.870563,-3.07554,0.0071661036911010445,197.60733764631829,331.4268976473428
28151090,-5.235946,-5.9865,1.173600103691101,122.3855672628322,240.22507633946168
28127239,-5.523962,-26.721329,8.5696201036911,18.238973141404102,369.018851704903
28124674,-0.629183,-13.598331,3.892136103691101,45.76545409616185,421.0304594874973
28130412,0.118911,-5.375385,-0.008544896308898986,178.37998627684362,397.30892227187314
28117699,-3.524357,-4.737343,2.836174103691101,54.780395000686696,267.04620257522384
28117699,-3.524357,-4.737343,2.836174103691101,54.780395000686696,267.04620257522384
28141802,2.241335,-34.352493,1.7937401036911012,101.78129858772,438.08605112888125
28151099,-4.661613,-5.182511,1.844144103691101,101.67211301171884,240.7193740662137
28151099,-4.661613,-5.182511,1.844144103691101,101.67211301171884,240.7193740662137
28120431,-5.635133,-3.066576,0.09228710369110105,163.1737626709632,180.6946082165593
28120431,-5.635133,-3.066576,0.09228710369110105,163.1737626709632,180.6946082165593
28151100,-4.159543,-4.596109,1.261282103691101,122.2901798598668,242.6644894383
28151101,-3.439664,-3.595393,1.046225103691101,133.79961395276246,243.3473212708171
28151101,-3.439664,-3.595393,1.046225103691101,133.79961395276246,243.3473212708171
28141809,3.753308,-52.716537,3.203103103691101,92.51769838040111,444.2440748677024
28129684,-4.426957,-1.740354,0.014590103691101142,182.29291898619917,171.20991348775024
28151103,-5.429917,-5.830263,3.308483103691101,52.62704066814402,234.09402880184672
28151103,-5.429917,-5.830263,3.308483103691101,52.62704066814402,234.09402880184672
28151104,-4.091985,-4.48477,1.5433461036911011,112.13580707848224,242.6363807190729
28151104,-4.091985,-4.48477,1.5433461036911011,112.13580707848224,242.6363807190729
28141810,2.423132,-32.464455,2.105771103691101,98.03587724062736,443.8865273964282
28153537,-2.962431,0.274168,-0.291691896308899,251.8076218119674,127.88743482093844
28151105,-3.72628,-4.04143,1.111489103691101,129.3849370173572,243.95707086649816
28151105,-3.72628,-4.04143,1.111489103691101,129.3849370173572,243.95707086649816
28151106,-3.267723,-3.457886,0.11362410369110099,170.45483684121314,244.74336875819677
28151106,-3.267723,-3.457886,0.11362410369110099,170.45483684121314,244.74336875819677
28153540,-12.308235,-6.926642,4.972991103691101,40.37310996567206,144.2260299557114
28151108,-3.300785,-3.156308,2.269843103691101,74.4689768811003,238.65130377461296
28151108,-3.300785,-3.156308,2.269843103691101,74.4689768811003,238.65130377461296
28030606,-4.553741,0.168134,-0.0016098963088988505,207.12127052022808,90.29437229138708
28153541,-1.191894,0.673608,1.726006103691101,77.77085558669296,104.74186266452152
28151109,-3.04801,-2.834757,2.128962103691101,79.92492876488353,239.43823138912225
28151109,-3.04801,-2.834757,2.128962103691101,79.92492876488353,239.43823138912225
28144063,-4.381939,-4.567609,2.082521103691101,91.6903683779037,236.7336433555638
28117706,-3.397635,-4.56828,2.907171103691101,49.00426920651901,268.5435345741466
28151111,-3.271045,-3.438607,0.9658041036911011,138.054992864839,245.1953244464076
28151111,-3.271045,-3.438607,0.9658041036911011,138.054992864839,245.1953244464076
28151112,-3.812802,-4.277124,0.6554631036911011,144.7448828999502,245.5109188075536
28151112,-3.812802,-4.277124,0.6554631036911011,144.7448828999502,245.5109188075536
28151113,-3.25594,-3.473652,0.3513661036911011,161.87179861385252,245.6667935102693
28151113,-3.25594,-3.473652,0.3513661036911011,161.87179861385252,245.6667935102693
28151114,-5.279089,-5.680779,3.399547103691101,47.33951217103356,235.03256800214945
28151114,-5.279089,-5.680779,3.399547103691101,47.33951217103356,235.03256800214945
28144064,-3.816501,-3.720605,1.907027103691101,96.64461133172082,235.028720900872
28144064,-3.816501,-3.720605,1.907027103691101,96.64461133172082,235.028720900872
28151115,-4.125152,-4.824244,0.31999110369110106,152.12462533364584,246.51851385249364
28151115,-4.125152,-4.824244,0.31999110369110106,152.12462533364584,246.51851385249364
28151117,-3.706122,-4.050298,1.550996103691101,111.9492486772914,245.16914432120345
28151117,-3.706122,-4.050298,1.550996103691101,111.9492486772914,245.16914432120345
28143340,-7.829606,-0.466373,1.242431103691101,130.4515852587327,54.47142029070562
28153547,-6.741517,-1.962678,-0.348523896308899,178.3152628754513,137.21887093223572
28153548,-1.865207,0.510534,0.9649881036911011,200.64745405563028,122.30413488573132
28151118,-3.405941,-3.732393,0.8640381036911011,140.5430824888567,246.96935520533367
28151118,-3.405941,-3.732393,0.8640381036911011,140.5430824888567,246.96935520533367
28132987,-1.692569,-1.400222,0.04627310369110105,215.70785710941863,253.5103745280593
28153551,-4.077972,-0.600948,0.26440210369110106,188.41242315882272,134.6853157512083
28153552,-2.151086,0.554497,0.21262210369110113,257.4721475066249,126.41761156141736
28151121,-5.159091,-5.56837,3.496257103691101,41.885435701808746,235.9535502406014
28151121,-5.159091,-5.56837,3.496257103691101,41.885435701808746,235.9535502406014
28127261,-1.77798,-4.039866,0.8273141036911011,144.90020573863222,310.22525369900404
28151122,-3.026104,-2.899759,2.137302103691101,79.56639171312202,242.16194500385936
28151122,-3.026104,-2.899759,2.137302103691101,79.56639171312202,242.16194500385936
28121556,-0.138919,-4.892173,-0.04098389630889887,182.79310769151616,382.6107437619096
28151123,-2.798238,-2.642087,1.8825971036911011,93.25360260101723,243.92388012891047
28151123,-2.798238,-2.642087,1.8825971036911011,93.25360260101723,243.92388012891047
28143341,-8.282131,-0.046879,-0.03364989630889892,175.40623594924105,53.80642697787704
28135290,-0.618079,0.607443,0.00048010369110107476,371.9047553159188,232.2401882727851
28135290,-0.618079,0.607443,0.00048010369110107476,371.9047553159188,232.2401882727851
28120439,-2.427001,0.356872,-0.026433896308898808,255.03762952897247,135.8952318286058
28132997,-1.652892,-1.430313,0.06500910369110113,214.7257849675028,256.5190827910784
28132997,-1.652892,-1.430313,0.06500910369110113,214.7257849675028,256.5190827910784
28151124,-4.25497,-5.14332,0.11503610369110118,156.16707886472486,248.184291806272
28151124,-4.25497,-5.14332,0.11503610369110118,156.16707886472486,248.184291806272
28121560,-0.749191,-9.076947,3.736286103691101,23.621368419173905,419.4071957993239
28153561,-10.019227,-5.588998,4.147604103691101,46.88762004714943,148.95462286804712
28144072,-4.642045,-4.952578,1.545880103691101,112.0114560175182,237.10702394765767
28144072,-4.642045,-4.952578,1.545880103691101,112.0114560175182,237.10702394765767
28153562,-6.287827,-1.809719,-0.4228508963088988,184.0630579518664,140.56179145442593
28144073,-3.984214,-3.961093,1.4159381036911012,117.63321695228248,235.2661561182027
28144073,-3.984214,-3.961093,1.4159381036911012,117.63321695228248,235.2661561182027
28123648,-5.762194,-3.244964,1.3771121036911012,120.2253223414794,176.7744825983031
28123648,-5.762194,-3.244964,1.3771121036911012,120.2253223414794,176.7744825983031
28144074,-4.527958,-4.57933,0.8075361036911011,137.18669943330116,233.17446029184876
28144074,-4.527958,-4.57933,0.8075361036911011,137.18669943330116,233.17446029184876
28151127,-5.413004,-5.828147,3.8781661036911013,29.70162538337109,234.4901827170193
28151127,-5.413004,-5.828147,3.8781661036911013,29.70162538337109,234.4901827170193
28153566,-5.264174,-2.361523,3.150841103691101,32.86712224034184,147.4661580535385
28151128,-3.737151,-4.24303,1.2915351036911011,122.00280680798048,247.6939920260252
28151128,-3.737151,-4.24303,1.2915351036911011,122.00280680798048,247.6939920260252
28153569,-2.994004,0.153374,-0.3432698963088989,249.81575346715223,134.87141787180133
28153572,-6.099963,-1.840261,-0.16673989630889885,177.22014641283357,142.5307752775732
28133007,-2.630302,-4.860251,1.0179341036911012,131.74082662843213,291.096139103523
28140503,-5.820372,-3.515133,0.42139310369110106,150.46229716594274,185.9290965817672
28124695,-0.209872,-16.524244,4.270471103691101,45.70552108745321,432.901217523032
28153579,-7.191329,-3.769212,3.4216501036911007,47.1865096926762,152.0313285563782
28147167,-2.03067,-0.339069,0.12178310369110101,232.7800568212841,193.46077246560225
28151134,-3.7639,-4.193485,1.834619103691101,100.09833528171998,246.64189260353348
28151134,-3.7639,-4.193485,1.834619103691101,100.09833528171998,246.64189260353348
28151135,-3.514636,-3.989409,1.081992103691101,130.9206957825493,249.05677395506007
28151135,-3.514636,-3.989409,1.081992103691101,130.9206957825493,249.05677395506007
28120447,-4.290757,-1.753712,0.12089110369110112,179.13036754766975,174.21076924846105
28151137,-5.238551,-5.636333,3.947005103691101,23.6798212007765,235.29121869327344
28151137,-5.238551,-5.636333,3.947005103691101,23.6798212007765,235.29121869327344
28153584,-4.665635,-2.035167,2.9767461036911014,33.22364090315955,151.17772016849102
28153585,-3.313933,-0.756924,1.766804103691101,100.24308084114656,143.85046096258822
28151138,-2.880601,-2.758919,2.188969103691101,74.77403111535915,244.24775412064207
28151138,-2.880601,-2.758919,2.188969103691101,74.77403111535915,244.24775412064207
28153587,-4.927673,-1.219856,-0.07254989630889885,187.24683098306232,143.81070011913033
28153588,-2.080145,0.497211,0.24053810369110118,255.44095346222196,133.77205277255655
28133011,-1.629073,-1.535312,0.04847410369110117,213.6628249833469,260.82406909671647
28133011,-1.629073,-1.535312,0.04847410369110117,213.6628249833469,260.82406909671647
28127275,-1.728156,-4.484795,0.799809103691101,143.80130509657295,317.8449961324211
28151139,-5.352933,-7.054777,-0.172883896308899,152.83266368879634,250.6605809125585
28151139,-5.352933,-7.054777,-0.172883896308899,152.83266368879634,250.6605809125585
28117718,-3.306448,-4.4896,3.075379103691101,38.41680088411712,271.0212643983128
28117718,-3.306448,-4.4896,3.075379103691101,38.41680088411712,271.0212643983128
28134480,-6.540543,-3.220909,3.2245221036911014,47.79188613937672,149.41442032065538
28151140,-2.783847,-2.981615,0.06983210369110116,179.2325207900888,249.9362014440796
28151140,-2.783847,-2.981615,0.06983210369110116,179.2325207900888,249.9362014440796
28144082,-4.291549,-4.302803,0.5165161036911011,148.00072257786775,233.8409699255971
28144082,-4.291549,-4.302803,0.5165161036911011,148.00072257786775,233.8409699255971
28151141,-3.666001,-4.184161,1.6491581036911012,107.75560513469044,249.14519391547324
28151141,-3.666001,-4.184161,1.6491581036911012,107.75560513469044,249.14519391547324
28151142,-3.588639,-4.088318,1.5567631036911012,111.58984630827418,249.4680789392273
28151142,-3.588639,-4.088318,1.5567631036911012,111.58984630827418,249.4680789392273
28144084,-4.189723,-4.2458,0.667979103691101,143.58140101750325,235.29814218580867
28144084,-4.189723,-4.2458,0.667979103691101,143.58140101750325,235.29814218580867
28153596,-3.90036,-0.657298,0.09775810369110105,196.9984955706853,143.69709004107824
28144087,-4.2592,-4.467963,0.8938201036911011,135.14273383800298,237.65882010848503
28144087,-4.2592,-4.467963,0.8938201036911011,135.14273383800298,237.65882010848503
28151143,-5.369186,-7.128891,0.03900310369110116,147.86707728072474,251.42101022859688
28151143,-5.369186,-7.128891,0.03900310369110116,147.86707728072474,251.42101022859688
28143352,-6.814843,-0.402095,1.631575103691101,114.42611677291656,54.99230010633548
28140504,-6.107,-3.724967,0.215509103691101,154.65879108284122,185.8728903764467
28117722,-1.699916,-1.454285,0.030042103691101163,215.2201238907573,254.76301417849305
28151144,-4.603096,-5.890716,0.744008103691101,135.10888285690095,251.8553153068815
28151144,-4.603096,-5.890716,0.744008103691101,135.10888285690095,251.8553153068815
28151145,-4.831464,-6.289339,0.4987161036911011,140.27627016958593,252.04756441988616
28151145,-4.831464,-6.289339,0.4987161036911011,140.27627016958593,252.04756441988616
28153601,-5.832934,-1.828418,-0.30623689630889883,183.0996606298389,147.76309440497226
28151146,-4.614777,-6.028865,-0.2370368963088989,160.18305913583004,252.24457515763504
28151146,-4.614777,-6.028865,-0.2370368963088989,160.18305913583004,252.24457515763504
28120454,-2.953084,-1.32948,1.795239103691101,97.41089053173684,188.6196597182345
28120454,-2.953084,-1.32948,1.795239103691101,97.41089053173684,188.6196597182345
28151148,-2.676131,-2.881064,-0.024719896308898814,184.67885702664591,251.21664375230836
28151148,-2.676131,-2.881064,-0.024719896308898814,184.67885702664591,251.21664375230836
28153602,-4.262782,-0.936147,0.16374010369110104,186.72448482471503,145.63048313414097
28117726,-2.10754,-2.437835,-0.012680896308898904,194.69400490888827,262.3459183714387
28117726,-2.10754,-2.437835,-0.012680896308898904,194.69400490888827,262.3459183714387
28117728,-3.252403,-4.45244,3.3098211036911014,23.90120865947821,273.3808432126349
28151152,-2.752231,-3.035813,0.41575510369110114,165.25306833948378,252.82251725527684
28151152,-2.752231,-3.035813,0.41575510369110114,165.25306833948378,252.82251725527684
28151153,-2.718234,-2.736046,1.909764103691101,91.46490128407277,250.05066236168517
28151153,-2.718234,-2.736046,1.909764103691101,91.46490128407277,250.05066236168517
28121574,-0.482203,-13.207759,3.860606103691101,44.20456635174605,425.5703635546624
28144093,-3.921756,-4.11396,1.281083103691101,122.60324110109696,240.0221762735614
28144093,-3.921756,-4.11396,1.281083103691101,122.60324110109696,240.0221762735614
28144094,-4.46512,-4.642308,0.23113110369110101,154.6297004924761,235.65377844581656
28144094,-4.46512,-4.642308,0.23113110369110101,154.6297004924761,235.65377844581656
28151155,-5.191257,-5.631508,4.351597103691101,4.571347778492509,236.512751227393
28151155,-5.191257,-5.631508,4.351597103691101,4.571347778492509,236.512751227393
28151156,-3.506816,-3.917918,2.250896103691101,79.63301363878901,249.6882912583517
28151156,-3.506816,-3.917918,2.250896103691101,79.63301363878901,249.6882912583517
28151157,-3.405343,-3.878622,1.8917351036911012,96.48753842649631,251.59774878645135
28151157,-3.405343,-3.878622,1.8917351036911012,96.48753842649631,251.59774878645135
28144095,-4.614,-4.829488,0.09294410369110118,157.2164688549526,235.402224229149
28144095,-4.614,-4.829488,0.09294410369110118,157.2164688549526,235.402224229149
28151158,-5.235806,-7.151566,0.4190091036911011,139.30772901169686,254.53886685917104
28151158,-5.235806,-7.151566,0.4190091036911011,139.30772901169686,254.53886685917104
28151159,-5.392002,-7.445415,0.14956310369110115,144.43020412675492,254.66437025715567
28151159,-5.392002,-7.445415,0.14956310369110115,144.43020412675492,254.66437025715567
28151160,-4.737229,-6.377131,0.19608210369110113,147.83754476828676,254.689340802016
28151160,-4.737229,-6.377131,0.19608210369110113,147.83754476828676,254.689340802016
28151161,-3.89503,-5.020929,0.03210910369110098,160.26153203873602,254.6435531347456
28151161,-3.89503,-5.020929,0.03210910369110098,160.26153203873602,254.6435531347456
28153607,-5.832927,-3.126991,3.579371103691101,22.923844550093943,158.2709456546265
28153610,-4.759634,-1.358403,0.3922341036911011,169.23090582446812,147.98404216849465
28132121,-8.905891,-2.643422,3.6495041036911013,42.14280017859218,90.98237784283695
28144097,-2.047159,-0.802498,-0.10170689630889895,231.372600086981,215.1060393743765
28144097,-2.047159,-0.802498,-0.10170689630889895,231.372600086981,215.1060393743765
28151164,-4.717689,-6.33217,0.702920103691101,134.94742588140707,255.2175284608768
28151164,-4.717689,-6.33217,0.702920103691101,134.94742588140707,255.2175284608768
28117736,-1.656603,-1.456109,-0.03342389630889886,219.1103785020306,256.7625570695095
28117736,-1.656603,-1.456109,-0.03342389630889886,219.1103785020306,256.7625570695095
28135305,-1.717309,-4.726274,0.7850041036911011,143.20667398259218,320.9862625242928
28153615,-6.396132,-3.414573,3.2205761036911014,48.23628507419488,158.07190138161968
28140510,-2.326485,-0.001172,0.02623310369110099,241.92680522447225,162.27787438812777
28153616,-2.455701,-0.338391,1.979848103691101,70.91255190987292,146.52766595724006
28153617,-3.728958,-0.627684,0.16340510369110106,196.3844274321152,146.14198577911912
28151170,-4.064617,-5.229717,1.421363103691101,115.76687761246131,255.9257180683964
28151170,-4.064617,-5.229717,1.421363103691101,115.76687761246131,255.9257180683964
28153618,-3.234185,-0.764823,1.631791103691101,110.57741699729212,149.2999956808858
28153619,-5.363923,-1.715449,0.04136310369110108,175.58636684166214,150.374885915594
28121581,0.122299,-5.557402,-0.05217489630889882,178.27513986573578,397.0172809833687
28151173,-2.989759,-3.354258,1.9232141036911012,92.95085134553128,254.821313360898
28151173,-2.989759,-3.354258,1.9232141036911012,92.95085134553128,254.821313360898
28151174,-5.271852,-7.171264,1.8369151036911011,103.0728453238094,255.92609680873085
28151174,-5.271852,-7.171264,1.8369151036911011,103.0728453238094,255.92609680873085
28153620,-4.778595,-1.323609,0.05329610369110105,182.6065634187876,149.38963528886725
28151175,-5.165047,-7.047186,1.656247103691101,107.9867962725249,256.3141805147176
28151175,-5.165047,-7.047186,1.656247103691101,107.9867962725249,256.3141805147176
28143362,-7.99361,-0.211091,0.1759391036911011,169.0074615429421,59.51708563425965
28153621,-4.856616,-1.342644,-0.06089089630889899,186.04659293735347,149.37670914609225
28140516,-4.336048,-2.061357,-0.008746896308899021,180.6012519944996,183.03630601709452
28151176,-3.455659,-4.058627,2.248049103691101,80.01675607553983,254.40827209398563
28151176,-3.455659,-4.058627,2.248049103691101,80.01675607553983,254.40827209398563
28140517,-3.782941,-1.5262,0.02571810369110117,189.32134563585976,180.52198876064023
28140517,-3.782941,-1.5262,0.02571810369110117,189.32134563585976,180.52198876064023
28147175,-4.136303,-4.201584,3.6767271036911007,9.997001116173069,236.55649157858517
28147175,-4.136303,-4.201584,3.6767271036911007,9.997001116173069,236.55649157858517
28151177,-4.32688,-5.912259,0.857440103691101,132.13402366403685,258.4910360555509
28151177,-4.32688,-5.912259,0.857440103691101,132.13402366403685,258.4910360555509
28153624,-6.845982,-2.690277,-0.183995896308899,168.54554172806894,152.8633597432772
28144103,-3.667826,-3.465404,0.2376311036911012,164.1159433690646,233.69582937048963
28144103,-3.667826,-3.465404,0.2376311036911012,164.1159433690646,233.69582937048963
28144104,-3.712407,-3.381408,-0.257783896308899,180.9696147871492,230.87492693864016
28144104,-3.712407,-3.381408,-0.257783896308899,180.9696147871492,230.87492693864016
28151180,-1.516335,-1.11145,0.15102610369110114,220.1743212103661,253.69238467562076
28143366,-7.84851,-0.476983,0.8142531036911012,146.28412337729168,61.61824903658453
28151182,-3.442545,-4.200612,2.056682103691101,89.42896751492171,257.2824458062132
28151182,-3.442545,-4.200612,2.056682103691101,89.42896751492171,257.2824458062132
28151183,-3.797874,-4.850637,1.930298103691101,96.71118563739402,257.997162010938
28151183,-3.797874,-4.850637,1.930298103691101,96.71118563739402,257.997162010938
28151184,-3.738328,-4.950678,1.226925103691101,122.96634623972346,259.79444173128115
28151184,-3.738328,-4.950678,1.226925103691101,122.96634623972346,259.79444173128115
28132139,-7.961535,-2.377108,3.4495061036911014,42.12556713109777,95.89205723689469
28120467,-4.984085,-5.341695,4.013278103691101,15.388406718195256,236.28542492367924
28120467,-4.984085,-5.341695,4.013278103691101,15.388406718195256,236.28542492367924
28127304,-1.344999,-3.928887,0.7628021036911011,150.0572623935385,327.4575118087255
28147177,-3.661926,-3.077677,1.946157103691101,93.46574914015832,223.9872088030764
28151189,-2.682088,-3.308984,0.4887791036911011,160.4572325105222,261.12291072983857
28140525,-3.343363,-1.621523,1.649654103691101,108.6403796303401,187.4154061670675
28151191,-2.373559,-2.81947,0.2292531036911012,177.4597831152187,261.29989342444026
28153636,-6.521143,-3.708702,3.269996103691101,48.80069766058344,163.6811708312853
28153637,-5.779923,-2.02581,-0.3150918963088989,182.022998152619,154.23329576477573
28153638,-5.177739,-1.639683,-0.19718889630889902,185.50111242437808,153.4849924675458
28153639,-2.088762,0.38349,0.203873103691101,252.5228577754576,143.45634188490388
28151194,-2.164026,-2.475224,-0.019036896308898932,193.87789710534292,260.92816905043065
28143372,-6.78765,-0.875801,3.0808851036911014,38.015391099896334,49.9444125370166
28135317,-1.719689,-4.928894,0.14501810369110113,165.99620178313657,317.8305879037209
28153645,-5.153103,-1.81671,0.2576511036911011,168.34960750127658,156.02885564134905
28151197,-2.522794,-3.141231,0.5577311036911011,159.65837190872293,263.62323126249737
28151199,-3.546829,-4.598414,2.1457481036911012,86.60103305489491,261.66658717035415
28153646,-7.048786,-2.934219,-0.5296888963088988,175.23367394548353,157.29107119010985
28151200,-3.300596,-4.614434,0.40868310369110106,152.80698730399524,264.63367789436484
28151201,-2.94341,-3.843792,1.2844791036911012,123.52516366908591,264.99981377381687
28120482,-4.975952,-5.342332,3.586315103691101,35.00822970751793,236.41137520046044
28120482,-4.975952,-5.342332,3.586315103691101,35.00822970751793,236.41137520046044
28144107,-2.829578,-2.682293,1.904966103691101,92.08667904004272,243.7916032211723
28144107,-2.829578,-2.682293,1.904966103691101,92.08667904004272,243.7916032211723
28140535,-2.964189,-1.366602,1.803155103691101,96.91831110485175,189.85541349289747
28140535,-2.964189,-1.366602,1.803155103691101,96.91831110485175,189.85541349289747
28153647,-2.761588,0.008509,-0.2465348963088989,246.1499079495714,149.08165747717464
28151204,-3.843194,-5.60371,0.9739151036911011,129.85365324892032,266.1536718970757
28120486,-2.381945,0.096403,0.016874103691101094,244.32215852214688,154.16869244147216
28140537,-2.236595,-0.028039,-0.012506896308899007,245.55940311281097,168.1865048361219
28153653,-8.566117,-5.569953,4.033981103691101,42.995905299253366,168.78139040750625
28134510,-2.503415,0.504631,-0.030638896308898822,258.7846931357654,122.400681596759
28144111,-4.355625,-4.727061,0.33066610369110105,151.62043863478144,239.57098859433532
28144111,-4.355625,-4.727061,0.33066610369110105,151.62043863478144,239.57098859433532
28151208,-2.333747,-2.676096,1.9504451036911012,86.91059770450619,266.26370115650934
28151209,-1.900575,-2.217545,0.3938281036911011,181.0596072793004,267.64415043293366
28151210,-2.114552,-2.654927,-0.15192089630889893,197.35907569161145,266.33574106176513
28153661,-3.417875,-1.102218,1.7535781036911011,101.85652815688078,159.7082321049451
28143382,-7.164784,-0.043727,-0.02433989630889899,181.5954240843821,64.12897967502505
28151211,-3.616329,-4.770905,2.788595103691101,57.95460121280942,264.4268220255876
28151211,-3.616329,-4.770905,2.788595103691101,57.95460121280942,264.4268220255876
28151212,-2.237054,-2.471467,2.0884711036911012,75.59231120452722,266.1744009222794
28140539,-3.052423,-1.44566,1.6403591036911012,108.9117228612831,190.99891550593355
28140539,-3.052423,-1.44566,1.6403591036911012,108.9117228612831,190.99891550593355
28151213,-2.175285,-2.762594,0.6315311036911011,161.38277863828148,269.4462636516325
28140542,-5.992471,-4.02429,-0.11212689630889883,162.39565808414395,194.73920042006432
28140542,-5.992471,-4.02429,-0.11212689630889883,162.39565808414395,194.73920042006432
28153668,-4.286945,-1.284729,0.11216010369110108,184.49462840437192,158.67651286107136
28147184,-4.350202,-4.396998,3.1723091036911013,41.91965431948822,234.2661871603456
28147184,-4.350202,-4.396998,3.1723091036911013,41.91965431948822,234.2661871603456
28151214,-2.176987,-2.77338,0.5761931036911011,163.8840242279482,269.3681748209293
28089347,-4.501569,-3.199174,0.26891910369110117,161.2531752013915,206.90716274406265
28151215,-2.106633,-2.643562,0.5245101036911011,168.04316602615117,269.2037677625465
28151216,-3.555549,-4.718523,2.883581103691101,52.51642562877248,265.7948019932251
28151216,-3.555549,-4.718523,2.883581103691101,52.51642562877248,265.7948019932251
28151217,-2.342458,-3.008466,1.348914103691101,123.04253331377292,271.1346905989768
28144115,-4.14951,-4.410888,0.18585510369110114,158.14111394718802,239.0541563788073
28144115,-4.14951,-4.410888,0.18585510369110114,158.14111394718802,239.0541563788073
28153673,-5.814447,-2.315458,-0.367128896308899,181.0375729344131,161.56391130530614
28153674,-3.751562,-0.913224,0.11780810369110117,193.9036147210589,158.2073289510323
28153676,-2.094774,0.275723,0.173352103691101,249.7796131732413,151.8996435601102
28153678,-5.343706,-2.050405,-0.29470889630889885,183.79067956012904,162.78645696374053
28151222,-2.494081,-3.07224,2.099304103691101,79.61454807373426,269.49403473546755
28151223,-2.227081,-2.644525,1.968277103691101,85.00711348471151,270.8666389854542
28151224,-2.293467,-3.037095,1.1908541036911011,131.33568841393725,273.10966942054085
28144121,-3.323225,-3.541206,1.450919103691101,116.70857243390526,246.34611495080745
28144121,-3.323225,-3.541206,1.450919103691101,116.70857243390526,246.34611495080745
28126621,-5.463383,-2.881674,3.266418103691101,33.68717347970156,160.95537674967704
28126621,-5.463383,-2.881674,3.266418103691101,33.68717347970156,160.95537674967704
28151226,-1.896491,-2.442356,0.21078810369110101,186.82310584020013,272.2610385429484
28151227,-1.912838,-2.484033,0.05413010369110105,193.1299157199624,271.71744974637
28147190,-2.058111,-0.472354,0.07350010369110116,230.92366465093136,199.1872614319646
28147190,-2.058111,-0.472354,0.07350010369110116,230.92366465093136,199.1872614319646
28151230,-1.591129,-1.818972,0.5105381036911011,183.87167040054248,273.29670808715684
28121600,0.257186,-4.944449,0.5191601036911011,161.11756909170208,414.933309658117
28151233,-2.302367,-3.09884,1.459880103691101,116.79583920085074,275.46372218612345
28153687,-4.069961,-1.342396,0.5312211036911011,167.7229826302101,162.72109472615347
28153688,-4.711374,-1.688677,0.02256310369110115,180.551394440232,163.09182097395177
28151234,-1.833375,-2.319358,0.7870491036911011,159.7525127998144,275.4667396750904
28151236,-1.756454,-2.197264,0.5298621036911011,175.66916023857178,274.7250834229296
28151238,-3.475327,-4.768273,3.136387103691101,39.2211606491349,270.4118717487821
28151238,-3.475327,-4.768273,3.136387103691101,39.2211606491349,270.4118717487821
28151239,-2.831439,-4.444648,0.8766131036911011,138.28142674431015,277.6581022412992
28144123,-3.573316,-3.599622,0.24894110369110112,163.2247222923633,238.98126055649985
28135331,-1.629448,-5.085045,0.7376481036911011,143.55575655604326,327.84991596020586
28144124,-3.95338,-5.246701,3.7647081036911008,15.774945603643689,265.04671606430463
28144124,-3.95338,-5.246701,3.7647081036911008,15.774945603643689,265.04671606430463
28144125,-4.372108,-5.94533,3.7931851036911013,25.60703471636282,264.1905018027653
28144125,-4.372108,-5.94533,3.7931851036911013,25.60703471636282,264.1905018027653
28151241,-1.839855,-2.32223,1.285067103691101,130.0660715138049,278.4272398112067
28153692,-5.360682,-3.239503,3.123448103691101,43.62842893801764,176.1353951871522
28153692,-5.360682,-3.239503,3.123448103691101,43.62842893801764,176.1353951871522
28151243,-1.503421,-1.409567,1.929033103691101,75.69435142342496,276.86066408721
28147195,-3.845921,-3.806139,2.9790401036911014,42.721026440957104,236.35494696725644
28147195,-3.845921,-3.806139,2.9790401036911014,42.721026440957104,236.35494696725644
28147196,-5.436062,-5.632354,2.167669103691101,92.45009458495444,230.69919568688607
28153703,-5.006206,-2.005227,-0.10141989630889903,180.0315101831958,167.05473277729644
28134527,-5.228619,-2.685396,3.3473311036911007,24.23630601982606,158.98810093086036
28134527,-5.228619,-2.685396,3.3473311036911007,24.23630601982606,158.98810093086036
28151255,-2.154538,-3.511452,0.18199910369110106,173.9430844683804,282.6520895814681
28153706,-2.047197,0.219274,0.18754710369110117,248.04659615371756,157.93901988336427
28151257,-3.682791,-6.77909,1.041244103691101,125.42763092725704,284.89886273274954
28153709,-4.686114,-1.937914,0.34638410369110106,166.56571451583412,169.19747133638285
28143398,-7.086669,-0.154855,-0.012652896308898987,180.67986411060008,69.34127229739258
28151258,-2.012816,-3.208086,0.3557011036911011,170.64217005967737,283.7278780217548
28153713,-5.160691,-2.209052,-0.16544489630889903,179.4397672135595,169.91163983309426
28153714,-4.548984,-1.686411,-0.26660189630889897,191.98928740324848,168.56106692931775
28151267,-3.621923,-6.957294,0.8708751036911011,129.96507246159987,287.68317331461606
28133055,-1.494708,-1.836056,0.049329103691100995,209.43144147460944,275.92329296554965
28144136,-3.840052,-4.99654,3.3121791036911015,35.45650381761823,262.79620647894933
28144136,-3.840052,-4.99654,3.3121791036911015,35.45650381761823,262.79620647894933
28144137,-3.724882,-4.756901,3.1308411036911012,41.62801958609842,261.56158852662355
28144137,-3.724882,-4.756901,3.1308411036911012,41.62801958609842,261.56158852662355
28153717,-5.144097,-2.26859,-0.02335289630889892,174.45785298681022,171.05657317678114
28151271,-3.150728,-6.262761,0.09299710369110104,154.74101626530816,288.9954871478252
28120505,-4.884119,-5.205607,3.0344291036911013,57.1837241570305,236.06385864901168
28120505,-4.884119,-5.205607,3.0344291036911013,57.1837241570305,236.06385864901168
28143400,-3.072802,1.318275,-0.07234789630889882,277.73130518414,34.82035939724591
28127362,-0.907734,-13.993069,4.004018103691101,45.556821726780726,413.9335883274024
28147204,-5.604688,-5.811931,1.857580103691101,102.6481792020724,230.15512315082205
28147204,-5.604688,-5.811931,1.857580103691101,102.6481792020724,230.15512315082205
28151279,-1.881914,-3.302393,0.590399103691101,160.2211660166873,292.37140574588034
28153728,-4.217273,-1.596709,0.09398610369110116,182.3098097232152,171.15972447442238
28153731,-4.895867,-2.143926,-0.086075896308899,178.97373539764698,173.15633204906766
28151284,-1.894311,-3.471724,0.6801381036911011,154.7497284972199,295.3997594287296
28117761,-3.160937,-4.680596,3.2146921036911014,30.968266007849596,280.8335836584605
28129732,-2.783879,-1.204742,1.668746103691101,106.45692879521192,190.84546229550625
28120522,-5.144125,-3.817782,0.06995610369110117,161.35923990209494,206.33705169012487
28120522,-5.144125,-3.817782,0.06995610369110117,161.35923990209494,206.33705169012487
28153734,-5.60006,-3.65558,2.638722103691101,70.59587569143105,184.87941295933436
28151295,-2.438967,-5.654207,-0.25838889630889894,170.5021601580143,300.0194455073903
28151296,-0.475842,0.634309,0.053610103691100974,388.27427546526417,247.19198620961788
28151297,-0.471323,0.666619,0.05261210369110114,393.865327664892,244.9571668344133
28127370,-0.93957,-3.152861,0.03959310369110103,194.21796488091272,329.22665025360084
28114215,-1.843973,-1.008915,-0.02231889630889894,225.90816075770047,232.54887922894983
28114215,-1.843973,-1.008915,-0.02231889630889894,225.90816075770047,232.54887922894983
28153737,-5.274945,-2.568931,0.167187103691101,165.4300292604221,175.30293702501118
28151300,-1.97163,-4.126381,0.6401181036911011,151.66573989733126,302.1283342685979
28138372,-0.394278,0.621195,-0.00612289630889884,400.186191797147,258.6307978068811
28138372,-0.394278,0.621195,-0.00612289630889884,400.186191797147,258.6307978068811
28143405,-2.757517,1.357081,0.042855103691101126,285.9457490114672,30.793896682451106
28147211,-4.627748,-4.769766,2.183047103691101,88.72754694152903,234.24235919136285
28121607,0.298565,-4.975912,0.4339511036911011,164.97021293912624,415.5116235320632
28120529,-2.30219,-0.080515,0.021189103691101163,240.21779409807743,168.01953731714863
28114219,-1.822176,-1.12014,0.02288710369110114,221.1878125256956,237.66615625838676
28153739,-2.72233,-0.315918,-0.2983788963088989,240.26274831331392,167.7792195205219
28147212,-4.55665,-3.953666,-0.025927896308898912,165.57983824671277,221.56978072323403
28147212,-4.55665,-3.953666,-0.025927896308898912,165.57983824671277,221.56978072323403
28153743,-4.912401,-2.261297,0.05234610369110104,173.25616729473737,175.27172788393514
28114222,-1.801423,-1.188654,0.02665210369110116,219.72299588108964,241.09061641133547
28129739,-3.049398,-1.575822,1.655062103691101,107.80642873706844,196.64417291391908
28129739,-3.049398,-1.575822,1.655062103691101,107.80642873706844,196.64417291391908
28120533,-5.087343,-5.237151,2.0768691036911013,94.36083601284469,231.70084836627703
28120533,-5.087343,-5.237151,2.0768691036911013,94.36083601284469,231.70084836627703
28153747,-4.852293,-2.181401,-0.171509896308899,181.73545143908493,175.56635443941497
28151311,-1.963956,-4.463047,0.643667103691101,149.52236734175756,307.0487190889648
28117764,-1.62775,-1.610078,0.03259310369110113,212.8922646884201,262.9818427127061
28147215,-4.373184,-4.390567,1.798443103691101,102.7078817370989,233.45504247850104
28147215,-4.373184,-4.390567,1.798443103691101,102.7078817370989,233.45504247850104
28106898,-2.973514,-9.619178,1.7337611036911011,103.73069476829806,329.33207916942456
28153750,-4.806256,-2.201539,-0.07053089630889886,178.49202300676586,176.5708494757336
28120538,-4.830215,-5.097095,2.2169471036911013,88.5585935716812,235.2701718422697
28120538,-4.830215,-5.097095,2.2169471036911013,88.5585935716812,235.2701718422697
28153751,-2.010933,0.119737,0.18242110369110098,245.5279903317645,166.63440404368075
28153752,-6.493801,-4.152595,1.3451521036911012,119.81242246192906,183.92413230316805
28151318,-2.025307,-4.858479,0.7133611036911011,144.53646973357934,310.2375079950682
28151319,-1.066362,-1.993137,0.27460110369110113,200.7390786190128,305.56265886247456
28151320,-1.831458,-4.362945,0.6512841036911011,150.26540650059218,310.932881323087
28147216,-4.498854,-4.359791,1.1767781036911011,125.57099771453014,229.7924462663804
28147216,-4.498854,-4.359791,1.1767781036911011,125.57099771453014,229.7924462663804
28153753,-6.855472,-4.099602,0.15718110369110105,152.66052144951473,181.03251277842568
28151326,-0.398203,0.604337,0.01186710369110111,395.95893705880985,259.6345129441452
28144151,-4.707696,-6.248868,1.615845103691101,109.07838485568956,255.67732129328795
28144151,-4.707696,-6.248868,1.615845103691101,109.07838485568956,255.67732129328795
28141182,-0.701894,-3.340512,0.243868103691101,184.5203334762222,347.0044794794369
28153759,-4.29689,-1.897363,0.11331810369110107,177.969516448041,178.5260799612205
28153761,-2.694655,-0.403039,-0.30218689630889894,238.68392376793383,172.89974225396895
28144152,-4.929708,-6.579283,1.432623103691101,114.36953153552192,254.96406281717088
28144152,-4.929708,-6.579283,1.432623103691101,114.36953153552192,254.96406281717088
28153763,-3.005303,-1.359444,2.040839103691101,78.58741193957593,185.90381185181172
28141183,-0.714372,-3.527608,-0.024810896308898878,193.98351335256305,344.4124578061007
28151337,-1.138463,-2.985386,-0.1293648963088989,201.9924914154768,314.9806612627209
28153766,-4.296208,-1.901568,0.020514103691101182,181.37236986490944,179.18608977301932
28123706,-5.784532,-3.248856,0.21989310369110115,157.8401661361124,181.50886073209176
28153768,-1.500855,0.070937,1.830819103691101,72.02751236420144,174.46850848433414
28153772,-2.053369,0.013442,0.12559010369110113,243.85741524285083,172.2379540773492
28151341,-1.652375,-4.819983,0.6184861036911011,149.51181011849664,323.11552789848724
28153774,-4.014618,-1.973955,0.8802981036911011,147.33889539300566,183.9228862460542
28153775,-4.76558,-2.394469,-0.080855896308899,177.42911440382008,182.64732256066287
28106907,-1.683337,-4.497288,0.8062641036911011,143.59388005407453,319.88557705063056
28151348,-2.213151,-7.655578,0.3583151036911011,144.09688085271785,327.608614108156
28138381,-0.738653,-11.938966,3.576288103691101,48.43986089584527,415.25471590254415
28151350,-1.230195,-3.493221,0.8324051036911011,150.29753600345146,328.3838054986722
28112570,-3.387766,-3.464826,0.21450310369110115,166.2413912945315,241.4991911161724
28112570,-3.387766,-3.464826,0.21450310369110115,166.2413912945315,241.4991911161724
28134555,-4.251584,-1.197413,-0.09353389630889897,193.942277051084,158.13302023545535
28135364,-1.039365,-2.693477,0.00887910369110112,201.7435181518296,316.96473748208143
28147225,-4.214488,-4.221945,1.672533103691101,107.4204118687733,234.3051232649869
28151357,-0.860912,-2.548973,0.15576810369110117,199.38355650130217,326.4742331877713
28151359,-1.225295,-3.861408,1.039752103691101,137.43541619726903,335.8238670179927
28151362,-0.989667,-3.230888,0.564515103691101,167.70345617380556,334.35147359353465
28138383,0.400253,-11.353214,0.3786731036911011,136.6612040025518,414.627911893454
28127385,-0.862637,-3.143743,-0.0013068963088989083,197.0245433454937,332.60944606032973
28153788,-3.323699,-1.710416,1.8311091036911011,96.8472323893293,190.62773807750887
28123716,-2.429696,0.346029,-0.03127089630889901,254.8189260337464,136.644310961273
28153789,-5.051059,-2.73404,-0.197639896308899,176.82899962933848,185.5778467420672
28151367,-3.33041,-16.046707,-0.6288258963088988,141.91009598290373,339.6275960703159
28134560,-4.748024,-1.755011,0.15887110369110102,174.7319333718949,163.40666857406524
28138384,0.40486,-11.920788,0.608333103691101,129.78806294633483,416.961994929837
28121620,0.412734,-5.082848,0.45671210369110105,163.64064428225308,422.6874104709791
28153790,-1.920723,0.057255,0.22271410369110112,243.1649770492752,174.73767371516743
28153792,-4.084271,-2.654402,2.354120103691101,71.93326382730089,196.7102189251113
28151371,-1.526949,-6.870016,0.3449521036911011,149.06718833535285,342.53112165266464
28153795,-4.055767,-1.990566,0.3048111036911011,171.27581732900327,186.3972092250228
28153796,-4.555165,-2.355383,-0.12033489630889882,180.33462463530455,186.48005237429885
28138388,0.291944,-4.820417,0.46857710369110106,164.79371444965938,416.0461183191011
28144162,-4.933463,-6.443344,0.4214881036911011,141.63589855318153,251.86141495629397
28144162,-4.933463,-6.443344,0.4214881036911011,141.63589855318153,251.86141495629397
28151383,-1.331804,-5.763795,0.929727103691101,133.93490501626536,347.34066038800444
28112575,-4.036456,-5.370144,1.015784103691101,128.9229499083998,258.03682650794906
28112575,-4.036456,-5.370144,1.015784103691101,128.9229499083998,258.03682650794906
28153798,-5.597151,-3.436267,0.03787110369110103,162.7844600776619,189.75606537215387
28138390,-0.394607,-8.867678,3.198352103691101,43.11296355424321,426.51515267469847
28147232,-4.185271,-4.172051,1.5052591036911012,113.93582000942747,234.07824567279695
28147232,-4.185271,-4.172051,1.5052591036911012,113.93582000942747,234.07824567279695
28153799,-4.299585,-2.195694,0.08205310369110119,176.32555258798752,187.26587845628552
28151385,-0.796336,-3.597396,0.011876103691101036,190.63228840968677,341.42682318064647
28138391,0.595521,-13.748768,1.147375103691101,114.7252244699747,426.37563153834463
28141201,-0.622745,-3.709884,0.08130710369110106,187.7639393187893,352.4554809118674
28151390,-0.581343,-1.38131,1.297415103691101,140.6889209983059,350.9933864691491
28151393,-0.697727,-1.812575,1.584063103691101,108.21632537429356,354.7369903911575
28147235,-4.59093,-4.938762,1.916709103691101,98.85487748390707,238.2308609434753
28147235,-4.59093,-4.938762,1.916709103691101,98.85487748390707,238.2308609434753
28138394,0.444914,-4.771966,0.31295510369110113,173.51901039031517,422.0181007304824
28153802,-3.420686,-1.397145,0.15659710369110114,188.77630935647423,185.7210594559816
28153804,-1.50697,-0.039682,1.839385103691101,72.36990903264476,186.4209949837571
28151398,-0.791498,-2.697932,1.4114551036911012,120.96388104923176,354.7330218483215
28151399,-0.666072,-1.942903,1.3857631036911011,126.83418052887612,354.43665280750304
28134578,-5.526608,-2.51399,0.1279361036911011,165.95816842045258,169.15629555144122
28151401,-0.726992,-3.871875,-0.01555889630889884,188.8627244198345,347.2404821223888
28151402,-0.805958,-4.083138,0.42005210369110113,167.1508806824272,351.1246050378497
28120578,-3.085014,-4.203259,3.5334571036911013,3.9257322139488338,276.2469885381245
28120578,-3.085014,-4.203259,3.5334571036911013,3.9257322139488338,276.2469885381245
28153809,-4.919446,-3.014568,0.21533110369110098,162.48044036317546,193.4424552823794
28151403,-0.582719,-2.254282,0.730580103691101,174.58565792507878,350.53430817348044
28153810,-5.108878,-3.077622,-0.260428896308899,175.84114331649852,192.514390458574
28147236,-4.771597,-5.149344,1.772150103691101,104.30963308578502,237.49297774266591
28147236,-4.771597,-5.149344,1.772150103691101,104.30963308578502,237.49297774266591
28153813,-2.714341,-1.278683,1.765234103691101,98.72160049244329,196.9174646440813
28153813,-2.714341,-1.278683,1.765234103691101,98.72160049244329,196.9174646440813
28153815,-2.563147,-0.595925,-0.2730238963088989,234.93116661319635,186.08395459250667
28144166,-4.2732,-5.438685,0.728904103691101,137.28125098940257,252.8654041743025
28144166,-4.2732,-5.438685,0.728904103691101,137.28125098940257,252.8654041743025
28151408,-0.516374,-1.233619,1.402701103691101,130.9514508152911,359.3257781920533
28151409,-0.541948,-2.131145,0.8534351036911011,168.49357250865654,354.8512215092396
28153819,-3.989387,-2.105276,0.076587103691101,179.38848985474024,192.53742170715608
28141208,-0.931967,-11.089184,2.169473103691101,89.5872118631896,393.4550425750604
28151411,-0.476338,-1.102236,1.341785103691101,139.94563045086397,359.76202159397275
28080480,-6.351573,-1.909406,3.764677103691101,2.698060921527997,96.671557875968
28151412,-0.642583,-4.082378,-0.016549896308899026,187.0384006057878,353.2298352848427
28147238,-4.589221,-4.408677,0.14745510369110115,157.841737741898,228.93123196231932
28147238,-4.589221,-4.408677,0.14745510369110115,157.841737741898,228.93123196231932
28153827,-1.967546,-0.140015,0.1370641036911011,240.00832109489755,185.49000358359612
28151417,-0.653213,-2.910933,1.054564103691101,144.84974252753204,359.78605033946815
28141209,-0.920681,-10.764033,2.005891103691101,93.93962484620572,391.7052409992972
28153836,-3.763547,-2.126471,0.3696591036911011,169.22036871614145,198.0654483598981
28153836,-3.763547,-2.126471,0.3696591036911011,169.22036871614145,198.0654483598981
28153837,-4.22049,-2.533057,0.05140010369110115,174.93181020731646,198.31054905954227
28153837,-4.22049,-2.533057,0.05140010369110115,174.93181020731646,198.31054905954227
28153838,-3.673236,-1.985551,0.19372710369110102,178.26452090415532,197.14852710487853
28144167,-4.944663,-6.416649,0.003546103691101088,151.95467407796212,250.85037487174168
28144167,-4.944663,-6.416649,0.003546103691101088,151.95467407796212,250.85037487174168
28144168,-4.586116,-5.786631,0.023034103691101038,154.82634427870525,249.9635459794125
28144168,-4.586116,-5.786631,0.023034103691101038,154.82634427870525,249.9635459794125
28151424,-0.54886,-2.121425,1.2745711036911012,135.65231339373508,364.73526302177777
28138399,1.199145,-19.115032,2.0297971036911013,95.876436496636,441.290426972571
28127390,-0.847942,-3.298549,0.051423103691101035,192.52722456644207,335.9562095072873
28141210,-0.916486,-10.53545,1.7566701036911012,100.96387279469243,388.9666408575662
28151426,-0.420151,-1.2903,1.125729103691101,161.33304559167857,362.17852551915735
28151427,-0.430127,-1.748667,0.8771741036911012,174.69226335590452,360.2189769778827
28112580,-1.12671,0.728363,-0.028562896308898855,341.2755897042279,174.47582322270512
28151430,-0.579585,-3.649642,0.5702441036911011,165.8324896916173,362.0980831760496
28141211,-0.927816,-10.681509,1.613454103691101,105.02511410384764,387.46038532184167
28144169,-5.410303,-7.07846,-0.551484896308899,160.72572604134157,249.57614922450915
28144169,-5.410303,-7.07846,-0.551484896308899,160.72572604134157,249.57614922450915
28133099,-1.686591,-3.9076,0.6702211036911011,152.96651488982886,310.91561341660065
28133101,-1.799572,-4.576645,0.775895103691101,144.10753313504037,315.8889588091351
28151434,-0.578562,-2.554925,1.389747103691101,123.36763561208664,369.751792730548
28143428,-10.504372,-1.440395,-0.3611068963088988,166.69579406708272,82.19486838339463
28153849,-7.67693,-6.299599,-0.6900118963088988,160.97605677103795,205.5701425769361
28153849,-7.67693,-6.299599,-0.6900118963088988,160.97605677103795,205.5701425769361
28151437,-0.377922,-0.691466,1.4443651036911012,132.0633058643868,371.2865678668597
28120602,-3.934016,-3.157041,0.192580103691101,166.6256047886729,220.0828210823421
28120602,-3.934016,-3.157041,0.192580103691101,166.6256047886729,220.0828210823421
28138401,0.774993,-36.369358,6.903924103691101,48.307155906908434,443.00147580211495
28151438,-0.563577,-3.15775,1.078737103691101,141.72715954019546,368.8790522066488
28138402,1.143948,-14.417526,1.515514103691101,105.56829629663476,444.5315741641267
28153860,-4.411699,-3.003266,-0.06346589630889898,173.91312256606636,205.37483369485548
28153860,-4.411699,-3.003266,-0.06346589630889898,173.91312256606636,205.37483369485548
28151449,-0.304659,0.379229,1.6754771036911011,71.16250027205797,385.62595616122906
28151450,-0.391654,-1.27035,1.361643103691101,135.98694927557847,374.2543548627906
28151451,-0.434813,-4.676399,-0.04778489630889893,183.15215905042015,367.0012028066448
28132232,-2.859125,0.03573,1.944579103691101,76.46984705105976,94.01863658791667
28153868,-4.551808,-3.265931,-0.13001489630889895,173.3205718394422,208.1025831395229
28153868,-4.551808,-3.265931,-0.13001489630889895,173.3205718394422,208.1025831395229
28153870,-4.415569,-4.554396,3.7471061036911006,13.972416365299893,235.92341202966577
28153870,-4.415569,-4.554396,3.7471061036911006,13.972416365299893,235.92341202966577
28140568,-3.94046,-2.234724,0.1638651036911012,175.195887487564,197.11003628169595
28140568,-3.94046,-2.234724,0.1638651036911012,175.195887487564,197.11003628169595
28144173,-4.870997,-6.428131,0.2287981036911011,146.5930494044456,252.68755245847112
28144173,-4.870997,-6.428131,0.2287981036911011,146.5930494044456,252.68755245847112
28151462,-0.295636,-0.021902,1.5296401036911011,125.46566633514604,381.7613784044268
28147245,-4.124236,-4.066289,0.8749451036911011,137.3674928270405,233.5836099191276
28147245,-4.124236,-4.066289,0.8749451036911011,137.3674928270405,233.5836099191276
28151465,-0.459388,-2.498107,1.4292021036911011,120.45902671315906,380.85060074214186
28147246,-4.606249,-4.632411,0.43487410369110113,148.29793899562975,232.3316026638906
28147246,-4.606249,-4.632411,0.43487410369110113,148.29793899562975,232.3316026638906
28133110,-1.580402,-3.858082,0.6706691036911011,153.74995407750993,314.8519677117751
28151469,-1.120098,-6.503982,3.100086103691101,34.745457268097425,390.1846700740074
28153877,-4.142747,-4.210167,3.5228321036911012,19.165034253608013,236.50150349399425
28153877,-4.142747,-4.210167,3.5228321036911012,19.165034253608013,236.50150349399425
28151471,-0.371441,-1.230929,1.5188731036911012,116.685271048145,383.4215315459625
28151472,-0.483188,-3.779927,1.1736681036911012,132.2792263270756,380.45808093018434
28151473,-0.330109,-5.178495,-0.1098398963088989,181.04953892616933,373.6012117208944
28151474,-0.479768,-2.916399,1.530432103691101,111.0980511364468,384.58981959550897
28153880,-4.372444,-3.190548,-0.06541789630889894,172.7564935099361,210.449791930058
28153880,-4.372444,-3.190548,-0.06541789630889894,172.7564935099361,210.449791930058
28151478,-1.498859,-9.868479,4.048513103691101,23.45272314204243,394.1010380674718
28151479,-0.30435,-0.243308,1.593539103691101,107.3710761084276,389.023450855826
28143435,-7.143969,-1.460857,3.2145971036911014,39.51142875218457,72.67014668956554
28070076,-5.519992,-2.607275,3.249078103691101,32.468330773915255,149.90095560592766
28070076,-5.519992,-2.607275,3.249078103691101,32.468330773915255,149.90095560592766
28153881,-4.711724,-3.53621,-0.31092089630889896,175.96303433665773,210.5236425012772
28153881,-4.711724,-3.53621,-0.31092089630889896,175.96303433665773,210.5236425012772
28147248,-4.228913,-4.395731,1.256006103691101,122.84158045727962,237.21671315916817
28147248,-4.228913,-4.395731,1.256006103691101,122.84158045727962,237.21671315916817
28151485,-0.287478,-4.093663,0.535470103691101,164.9820325887822,381.41061581388254
28151486,-0.208371,-4.96799,-0.11335389630889892,184.23784805718827,378.3537906190872
28144176,-1.949632,-1.087846,-0.11563889630889901,226.6919128645718,230.4448088243161
28144176,-1.949632,-1.087846,-0.11563889630889901,226.6919128645718,230.4448088243161
28151490,-0.318726,-0.570077,1.658229103691101,93.9607304494114,394.35056693975815
28053499,-5.769801,-3.031754,3.0628891036911012,48.45131281812479,160.49379189348497
28151492,-0.207658,-5.1947,-0.034188896308898986,178.9112412824556,380.4860571533289
28120617,-4.82117,-5.140839,0.7424851036911011,136.98120668123562,235.98905252845344
28120617,-4.82117,-5.140839,0.7424851036911011,136.98120668123562,235.98905252845344
28112592,-2.805963,-3.334644,0.08455410369110106,175.1827712229554,256.4353885988413
28112592,-2.805963,-3.334644,0.08455410369110106,175.1827712229554,256.4353885988413
28151496,-0.27797,0.050734,1.660652103691101,85.93685354569348,400.5275880295278
28151500,-0.118571,-4.791557,0.006795103691101145,182.15539303833728,384.0674124944653
28151502,-0.35186,-1.440953,1.7897621036911011,79.46707473602845,401.0870502534266
28153892,-4.708176,-4.787097,2.8938511036911008,59.973898218572,232.474312316781
28153892,-4.708176,-4.787097,2.8938511036911008,59.973898218572,232.474312316781
28120618,-4.914668,-5.183098,0.5785761036911011,141.42408719176703,234.6393666090909
28120618,-4.914668,-5.183098,0.5785761036911011,141.42408719176703,234.6393666090909
28151505,-0.126191,-4.390092,0.3611691036911011,171.2672062612504,388.6175647168105
28153895,-3.851362,-2.771284,0.03546310369110106,175.60988702582904,213.62642862834812
28153895,-3.851362,-2.771284,0.03546310369110106,175.60988702582904,213.62642862834812
28135411,-0.892946,-3.216317,0.044254103691101054,193.56990157721677,332.5164288651939
28153898,-4.451435,-4.694698,3.202565103691101,43.57291811439541,237.74539028769067
28153898,-4.451435,-4.694698,3.202565103691101,43.57291811439541,237.74539028769067
28135412,-0.880415,-3.096491,-0.002462896308898843,197.60586839840403,331.0551262689736
28141216,-0.828322,-10.338336,2.6972751036911014,71.46041017580137,401.81029647771936
28132236,-6.114677,-2.174634,3.548538103691101,16.69291153558811,116.34125769090323
28151508,-0.315086,-0.821284,1.794825103691101,69.3167021109816,406.36862568821255
28153901,-4.186455,-3.211009,-0.030220896308899015,172.4203075096648,215.2511337897673
28153901,-4.186455,-3.211009,-0.030220896308899015,172.4203075096648,215.2511337897673
28151509,-0.184219,-1.778512,1.0828981036911012,159.38731238792744,392.79916981685113
28151510,-0.062142,-7.964812,-0.276258896308899,166.4641343586081,390.375717582
28153903,-3.468558,-3.040401,2.186645103691101,79.63928662822795,229.3730812636557
28151511,-0.315557,-4.159444,1.4908891036911012,111.88724798195416,400.2447172721151
28153905,-1.915237,-0.49466,0.0741081036911011,233.46125627269257,207.1673242032232
28153905,-1.915237,-0.49466,0.0741081036911011,233.46125627269257,207.1673242032232
28151514,-0.303842,-0.708133,1.8239991036911012,60.301271881376834,411.0537895396383
28151521,-0.658667,-8.787961,3.1887281036911013,44.87992841213608,414.8632980916971
28151522,0.065063,-5.283929,0.11040010369110109,174.27728637127177,396.499617739717
28153907,-4.186482,-4.269042,2.715910103691101,62.24047020548636,236.2510287303604
28153907,-4.186482,-4.269042,2.715910103691101,62.24047020548636,236.2510287303604
28153909,-3.242776,-2.91166,2.340824103691101,68.54273090395128,234.0572249963351
28153909,-3.242776,-2.91166,2.340824103691101,68.54273090395128,234.0572249963351
28153910,-4.662502,-4.71243,2.060190103691101,93.4497857968796,232.27477399559268
28153910,-4.662502,-4.71243,2.060190103691101,93.4497857968796,232.27477399559268
28134614,-4.394464,-1.702489,0.02470310369110118,182.536521404574,170.7279889849362
28134615,-2.380762,0.256742,-0.020187896308898834,252.22767244780596,144.4515048994187
28153911,-4.734758,-4.119955,-0.07910589630889886,165.4304878609842,220.7994903113592
28153911,-4.734758,-4.119955,-0.07910589630889886,165.4304878609842,220.7994903113592
28151525,-0.255839,-5.051395,1.6974011036911012,99.3503644004076,409.575690830568
28153913,-4.234875,-3.489566,-0.16919789630889892,174.46411417902866,220.0843330898519
28153913,-4.234875,-3.489566,-0.16919789630889892,174.46411417902866,220.0843330898519
28141218,-0.576201,-4.078522,0.027478103691101152,185.83373438994352,357.1296106673525
28153916,-3.284896,-3.036296,2.269567103691101,73.80617165638654,235.9749123001369
28153916,-3.284896,-3.036296,2.269567103691101,73.80617165638654,235.9749123001369
28153917,-3.652238,-3.555771,2.237975103691101,79.70111521956821,236.4641335028288
28153917,-3.652238,-3.555771,2.237975103691101,79.70111521956821,236.4641335028288
28153918,-4.577207,-4.638086,1.792449103691101,103.28306623155328,233.0179428766449
28144181,-3.227103,-4.421499,3.3270861036911015,22.184358331600777,273.84068700054434
28144181,-3.227103,-4.421499,3.3270861036911015,22.184358331600777,273.84068700054434
28151533,0.161951,-13.779695,0.2922471036911011,133.20322476593566,406.9991132616896
28129763,-2.327442,-0.006461,-0.054797896308898864,246.28664316600484,163.627341125596
28144182,-3.395628,-4.678592,3.156103103691101,36.59912857460665,271.6799899943203
28144182,-3.395628,-4.678592,3.156103103691101,36.59912857460665,271.6799899943203
28130585,-0.13531,-4.747633,0.014653103691101066,182.1953400767539,383.1808751935681
28151537,-0.111297,-9.350366,1.5806421036911011,105.23038886285794,413.0364039747183
28123741,-5.460647,-3.286685,0.06463610369110118,163.36785100054527,189.0578185083056
28123741,-5.460647,-3.286685,0.06463610369110118,163.36785100054527,189.0578185083056
28144183,-3.491951,-4.823946,3.053188103691101,44.17840625196209,270.5332288932846
28144183,-3.491951,-4.823946,3.053188103691101,44.17840625196209,270.5332288932846
28153923,-3.943441,-3.895691,1.999201103691101,93.03264058517316,235.13354275042707
28153923,-3.943441,-3.895691,1.999201103691101,93.03264058517316,235.13354275042707
28153925,-4.762835,-4.826859,1.481454103691101,114.37130404494694,232.02782985699008
28153925,-4.762835,-4.826859,1.481454103691101,114.37130404494694,232.02782985699008
28144184,-4.53188,-5.966913,0.48274510369110113,142.17190640908274,254.08713326282623
28144184,-4.53188,-5.966913,0.48274510369110113,142.17190640908274,254.08713326282623
28153926,-4.867377,-4.849241,1.131966103691101,125.79086630359495,230.1001861143693
28153926,-4.867377,-4.849241,1.131966103691101,125.79086630359495,230.1001861143693
28151545,0.011016,-5.937146,1.290238103691101,119.36436682754162,416.0165379641636
28153930,-4.22353,-4.229393,1.5075501036911012,113.80619811865256,234.2028520792348
28153930,-4.22353,-4.229393,1.5075501036911012,113.80619811865256,234.2028520792348
28141223,-0.805908,-11.362238,3.2107271036911014,58.100818134788085,408.9089671809487
28153935,-3.773978,-3.823828,1.996291103691101,92.56936322333904,238.69129845290044
28153935,-3.773978,-3.823828,1.996291103691101,92.56936322333904,238.69129845290044
28153936,-4.211489,-4.313225,1.656377103691101,108.01597381421008,236.20006578550417
28153936,-4.211489,-4.313225,1.656377103691101,108.01597381421008,236.20006578550417
28147253,-3.553701,-3.724523,1.985927103691101,92.23204809087429,243.48630397875192
28147253,-3.553701,-3.724523,1.985927103691101,92.23204809087429,243.48630397875192
28153938,-4.483163,-5.124661,2.5714811036911014,73.773248644485,244.77980145415967
28153938,-4.483163,-5.124661,2.5714811036911014,73.773248644485,244.77980145415967
28154262,-4.938978,-1.912585,3.023492103691101,31.97199517025905,137.84377490939568
28154264,-1.911342,-0.044767,1.8873571036911012,71.75089331105639,153.10825225706
28154265,-4.424178,-1.764327,2.227974103691101,77.12912962514861,154.13866290737144
28154266,-6.813838,-3.503606,1.915877103691101,101.8414913443316,160.97923273748108
28154268,-0.489551,0.944855,1.3955661036911011,242.7962469797306,173.78585750442937
28154274,-0.384531,1.139135,1.331153103691101,418.9050342880892,95.6151888293126
28154276,-4.057464,-1.5911,0.20413710369110105,179.19273225850213,174.27589079998373
28154277,-5.584125,-2.500093,2.977154103691101,47.34017714715424,147.0387207668242
28154278,-4.963889,-2.305233,0.249207103691101,165.92333247495006,174.315837651069
28154279,-3.918873,-1.535492,0.3808861036911011,173.40317306928372,174.87021203317107
28154283,-5.172531,-2.168903,3.286346103691101,20.780262944617533,140.19791970440286
28154284,-4.310731,-1.892295,1.845566103691101,99.21389637755188,166.07563941018907
28154285,-4.12501,-1.755874,0.31053810369110113,172.78718383393695,177.2543154820885
28154286,-3.988859,-1.589107,-0.059984896308898916,190.15251170793147,177.6478984810111
28154289,-5.806388,-3.055467,1.618716103691101,111.57743396999297,169.71746427121732
28154292,-3.391073,-1.204907,2.093317103691101,76.45659139229318,161.98516441794996
28154293,-2.525333,-0.351878,-0.17754589630889894,237.54152455806212,175.53611564042902
28154298,-4.5418,-1.909272,2.935535103691101,32.93723477630019,149.46496383685724
28154299,-4.066068,-1.810502,0.3211511036911011,172.2198025074613,180.46421359538792
28154303,-5.384184,-2.932749,0.866374103691101,139.56563466804255,178.9801127618637
28154304,-5.833836,-3.281599,0.597738103691101,146.0590616397911,179.7788868245048
28154308,-3.37727,-1.289122,2.0964901036911012,76.60983050929096,166.88540193734275
28154309,-5.226532,-2.775689,1.877664103691101,100.34720032189288,172.68450314161336
28154314,-5.172196,-2.769772,0.20629210369110118,163.287954660845,182.26572960849975
28154315,-4.576143,-2.261161,-0.01509489630889882,177.47522723382536,183.01742976707797
28154317,-3.957227,-1.825399,0.34888510369110104,171.6435449043717,183.66006431415343
28154319,-2.316793,-0.308555,-0.04782089630889885,236.62649032406176,180.4965432897222
28154323,-5.312624,-2.9022,2.1114321036911012,90.39842701330474,173.0858653111272
28154324,-5.411842,-2.991467,2.0514961036911012,93.44761885817636,173.8095473820622
28154332,-5.384456,-3.10744,1.414604103691101,119.1067398189755,180.888409202678
28154333,-5.756103,-3.422987,1.197214103691101,126.16042645217044,182.04914859516043
28154336,-6.08292,-3.702256,0.655277103691101,142.16070007078855,184.27560589560497
28154337,-5.73931,-3.419012,0.5551291036911011,147.02940287146583,184.85004156164777
28154338,-5.936515,-3.576833,0.38310410369110104,151.01346503653332,185.25032038800884
28154339,-5.454773,-3.177658,0.36172710369110106,154.96127153686837,185.64285119161795
28154340,-5.459553,-3.173171,0.2112151036911012,159.61959706327562,186.0215071242041
28154341,-5.280914,-3.018866,0.1377741036911011,163.45654670466377,186.30088881504213
28154345,-5.453561,-2.993032,2.696136103691101,64.12510006523368,168.96183877538917
28154346,-2.955975,-1.073618,2.0242751036911013,77.83659125839009,173.04492295168157
28154347,-5.559443,-3.267083,1.603210103691101,111.8294697224341,180.41360144955425
28154348,-4.158042,-2.113829,0.26603410369110114,171.07587262328616,187.60095447090885
28154349,-5.323781,-2.760292,3.224028103691101,33.41613746337481,160.40127142399515
28154350,-5.375353,-3.095552,2.027900103691101,94.4981992383598,177.70862265452223
28154351,-5.367425,-3.10963,1.885996103691101,100.43974935759714,179.01208537578572
28154352,-5.226369,-3.003318,1.8092641036911012,103.3518447684921,179.63331976043582
28154353,-2.399793,-0.463597,-0.13503789630889895,234.9692927514924,185.4133749520411
28154356,-4.70186,-2.537004,2.1978781036911013,83.1557747954192,176.00841519173662
28154357,-5.778705,-3.4295,2.240433103691101,87.3374929970079,176.94035600094344
28154359,-3.876447,-1.919114,0.22277410369110107,176.3609108064961,189.3995156000626
28154364,-5.08803,-2.616954,3.3188381036911014,23.42353312048081,160.26454449911478
28154366,-5.454867,-3.309107,1.6726401036911012,109.06854679076238,183.39760236743425
28154367,-6.133283,-3.953599,-0.1338348963088989,162.85849618947208,191.0208826258668
28154369,-5.326109,-3.009505,2.9708931036911013,49.48885247094387,170.68112947677096
28154370,-5.319692,-3.04399,2.828847103691101,56.97012669256159,172.8509437208943
28154371,-5.553165,-3.25324,2.811725103691101,60.59342982324833,173.85119440083955
28154372,-3.063943,-1.29242,0.261199103691101,188.9727356075761,192.74972674416856
28154381,-3.663116,-1.902385,0.4185831036911011,169.87515515857734,193.9454069330094
28154385,-2.9621,-1.290614,2.041530103691101,77.7813648016249,184.28881229033271
28154386,-6.457769,-4.541021,-0.2655158963088988,162.27477173528092,196.5435111398992
28154392,-5.112936,-2.897758,3.428285103691101,20.51194077546441,169.06009734669107
28154393,-5.559912,-3.678961,1.979716103691101,97.44904514947946,189.0842065055869
28154397,-5.674473,-3.945921,-0.17052189630889902,165.44268894773307,199.11325960579964
28154398,-3.731585,-2.142072,0.3683351036911011,169.32556985087285,199.42676556613768
28154405,-54.101868,-49.020882,2.580559103691101,107.95886058387768,194.2022158729445
28154417,-3.944145,-2.445366,1.853071103691101,98.33618785599974,196.45034650947497
28154418,-3.728544,-2.291491,0.215606103691101,174.0323181682274,204.2494073788027
28154421,-3.156902,-1.662986,2.091767103691101,77.48529883291158,193.41669978442556
28154424,-2.337986,-0.913529,1.999297103691101,73.03078357806675,194.55703529196117
28154425,-6.137288,-4.779809,-0.5115608963088989,167.95497075882943,206.2659490026708
28154426,-2.260219,-0.752867,-0.12615089630889886,229.70245765225425,203.8609009626013
28154429,-2.823388,-1.427341,2.0303431036911013,78.4365690152523,197.35676060038836
28154434,-2.755699,-1.418072,2.024939103691101,78.29542847201895,200.0862461224532
28154436,-4.80994,-3.697736,0.1672401036911011,160.3333251824248,210.77606629796503
28154444,-2.339534,-1.06934,1.961871103691101,78.11388896678037,203.83479575035253
28154447,-5.628098,-4.610863,1.8186531036911011,103.76273599472246,208.49866756342988
28154448,-2.919333,-1.756753,1.665197103691101,106.77956875448004,209.2389530444204
28154453,-1.932836,-0.684913,1.932506103691101,73.5278189720884,205.9216964790785
28154458,-2.171618,-0.974388,1.941763103691101,77.81246129050919,208.40112347950796
28154460,-3.530676,-2.610073,0.15843110369110103,174.52070332581627,218.3022494953977
28154464,-3.936023,-3.143569,0.21252710369110117,166.0226794452868,219.70637517345324
28154466,-3.439091,-2.60225,0.2536071036911012,171.51453748894556,220.63649448816088
28154476,-2.89286,-1.922325,2.075374103691101,78.2366317303156,215.5024571758138
28154478,-4.889299,-4.504005,-0.17340389630889885,165.28036305159222,224.34220342389796
28154479,-3.911508,-3.326741,0.011594103691101143,171.5840956981631,224.4991076083996
28154481,-2.240916,-1.209221,2.008229103691101,73.64480367462636,216.79357658765056
28154487,-2.923296,-2.128598,2.0864191036911013,78.72039754291947,221.93165532753628
28154488,-5.261162,-5.171691,1.111512103691101,125.56294397850556,227.1040988410807
28154499,-6.715458,-6.961456,2.261022103691101,93.37624591045054,226.2557357721198
28154501,-1.753297,-0.81039,0.16159110369110108,222.84807994153948,229.29224263213305
28154507,-1.489142,-0.528889,0.3944381036911011,222.41538703203923,231.8168176974849
28154513,-3.383566,-3.137819,0.9352181036911011,140.45523398796155,234.8881653934901
28154516,-3.221771,-2.944525,1.064678103691101,136.0591795004035,235.50871260536465
28154517,-4.113125,-4.176759,0.5708441036911011,147.26962137252298,235.91896660227235
28154518,-4.642494,-4.911998,0.16262710369110112,154.8042296180625,236.11098008108743
28154519,-3.396749,-3.230546,-0.05128689630889882,177.341228371825,236.3357681448478
28154524,-3.707461,-3.442156,2.2554981036911013,78.65236131201914,231.81711826544097
28154525,-4.905628,-5.118601,1.9915441036911012,96.8770344913578,233.8343764213466
28154526,-6.475637,-7.358537,1.292184103691101,117.60090309336348,235.68703440068532
28154527,-12.498373,-15.75844,-0.935023896308899,139.3762501300123,236.9756254429407
28154528,-3.213762,-3.050066,0.38661310369110113,163.8703348107441,238.0140558587628
28154531,-3.148014,-2.87174,1.568236103691101,111.87527123380102,236.34504414178275
28154532,-3.764476,-3.85958,0.054307103691101144,167.0722662995382,238.75812974198544
28154534,-2.036753,-1.376282,-0.17112489630889893,221.2311551860992,236.28222311906976
28154536,-4.938012,-5.287924,1.882395103691101,100.80377740146368,235.9995243714203
28154537,-2.636689,-2.254255,1.257422103691101,130.5907604677889,238.6475880332452
28154541,-5.004677,-5.682429,0.10042610369110117,152.2366944055379,240.086544202077
28154544,-4.78452,-5.128762,2.111952103691101,92.32922475863944,236.92256603984293
28154546,-2.996811,-2.881555,0.5468381036911011,159.7978687841413,241.2361259782969
28154549,-3.581996,-3.460849,2.234667103691101,79.1935752897601,236.48680506495668
28154550,-3.528772,-3.655333,0.7373691036911011,145.4372963083593,241.659529736014
28154551,-3.843223,-4.116835,0.5536751036911011,148.85247587198018,241.72700707466197
28154557,-8.888981,-11.263643,1.463308103691101,112.3140638339393,241.23439168105244
28154559,-2.617361,-2.379139,1.1864781036911012,133.9879245396085,243.0222631485873
28154560,-2.881833,-2.807658,0.7267801036911011,153.11025159726245,243.6003326121668
28154563,-3.311606,-3.386528,1.320846103691101,122.8715715377423,243.13053993161384
28154564,-5.157299,-5.524006,3.489692103691101,41.85013320572424,235.17772467980424
28154565,-5.117884,-5.544497,3.263475103691101,51.02552942003015,236.49143923505076
28154566,-2.986969,-2.755838,2.2091951036911013,74.16380597811707,239.70218684314796
28154568,-2.715767,-2.527963,1.662706103691101,106.27559948996662,243.8074134215861
28154569,-3.115934,-3.290381,0.26408910369110106,167.14648309301032,246.08638870065096
28154570,-3.046694,-3.189892,0.18780410369110112,171.19487801020108,246.05583056838657
28154572,-4.918924,-5.239836,3.5969941036911015,33.248015202437216,235.9294796487033
28154573,-2.73209,-2.531895,1.882948103691101,92.74466503501192,243.5302755302591
28154574,-2.495522,-2.24506,1.6119401036911012,109.20603992182836,244.9664092362598
28154575,-17.483141,-24.739492,-0.8146668963088988,129.07378135785845,245.65839350167352
28154579,-2.268698,-1.945499,1.569264103691101,112.11349278253752,246.119441255712
28154580,-3.179527,-3.342678,1.329837103691101,122.63525329716462,246.56336402776097
28154581,-3.165381,-3.371081,1.016483103691101,136.4328716533849,247.22045869860816
28154586,-4.904978,-5.241556,3.8209871036911007,22.7612674645913,236.3921165296468
28154587,-2.677392,-2.464251,2.0615931036911013,80.47825290438664,244.1730761357652
28154591,-3.515415,-3.964817,1.1086231036911012,129.95805768252745,248.596627125696
28154592,-3.171924,-3.523785,0.4552421036911011,158.04292992015397,249.35024015081063
28154593,-2.392238,-2.27399,-0.735164896308899,222.11811326962876,246.23671651499956
28154594,-3.226458,-3.506155,1.452116103691101,116.68817068010216,248.8041734343228
28154595,-3.734922,-4.327698,1.201108103691101,125.24516617072418,249.2044050459604
28154597,-2.618423,-2.441966,2.1420951036911013,74.35400392578742,246.3551607353184
28154598,-2.815313,-2.758117,2.100205103691101,80.06476133132671,246.8769533951796
28154599,-3.091876,-3.303581,1.621673103691101,108.73250289512852,249.19640462552923
28154600,-2.555698,-2.584439,1.040492103691101,140.7805116258008,250.85019198520385
28154601,-4.449991,-5.606677,0.3313121036911011,147.71345400824026,250.75518759445512
28154602,-4.739594,-6.078005,0.140728103691101,150.3001467547462,250.7779818040996
28154605,-3.032167,-3.221617,1.741306103691101,102.55259018012346,249.66131427897773
28154609,-4.779084,-6.168554,0.8410551036911011,131.54386090279888,251.9639998127717
28154610,-1.366682,-0.776768,0.938685103691101,176.3635564825941,253.05488819764844
28154611,-3.274516,-3.720198,1.561663103691101,111.45116723752557,251.9898665749413
28154613,-5.902119,-8.236559,-0.09981589630889887,146.69380871428393,254.0139802716586
28154614,-3.101701,-3.676782,0.3691991036911011,160.4966912112696,254.3103389293319
28154616,-2.509327,-2.730453,-0.074253896308899,189.665651541458,253.6054664663276
28154617,-1.888495,-1.471283,1.981395103691101,74.8342388056378,251.39299418457165
28154618,-4.471753,-5.936437,0.8137131036911011,133.1751025917398,255.47348709839403
28154619,-2.965781,-3.458245,1.006592103691101,136.89285735260404,255.75008760619912
28154622,-2.637248,-2.71467,2.078776103691101,80.21021882806801,253.46528970537344
28154623,-3.178517,-3.635656,1.9557281036911012,92.37984612792192,254.32044107686767
28154624,-7.379346,-10.58747,1.576154103691101,110.00208405343054,255.19112551577317
28154625,-7.778002,-11.290094,1.3498921036911011,113.98793537159932,255.39906363929543
28154626,-0.675163,0.319196,1.3317781036911012,176.25799896060096,258.7156007215795
28154627,-2.369014,-2.605678,-0.04647289630889895,191.34117945211528,255.97117474634263
28154629,-2.065593,-2.059799,-0.4618138963088989,219.8077918539113,253.722411748288
28154632,-3.589577,-4.405675,1.764434103691101,102.8264177056083,255.88346987317632
28154634,-3.547811,-4.657212,0.35438610369110113,153.57328213893942,258.4386678272048
28154637,-2.575811,-2.713893,2.079899103691101,79.76000533873616,256.265692028845
28154638,-2.590826,-2.813694,1.824846103691101,96.33796954139456,257.46852181387385
28154642,-5.48659,-7.594237,2.3794461036911008,88.51133467110506,257.5194355306366
28154643,-1.880284,-1.882878,0.2563791036911012,193.1106622905304,259.26767869939806
28154645,-2.579428,-2.764137,2.158066103691101,74.8013356133539,257.7626823370696
28154646,-3.10422,-3.894742,1.281827103691101,123.42875963261548,260.5200767871348
28154647,-2.835192,-3.57926,0.4214291036911011,160.4089545750597,261.0238415132516
28154648,-0.520683,0.558757,1.4188431036911011,175.99802841476304,264.12444877768337
28154649,-3.749364,-5.28877,-2.442671896308899,218.51671013280972,257.6020897721616
28154652,-0.546251,0.499894,1.391497103691101,178.32611870989706,265.3312083492348
28154654,-2.675876,-3.422797,0.4917831036911011,159.51714200429257,263.5921881566606
28154655,-2.161093,-2.538582,-0.060874896308898974,194.78347872806475,262.3293566106133
28154657,-2.19697,-2.613167,0.39282910369110113,173.84410174769368,264.2033740732329
28154659,-5.509257,-8.092956,2.4763831036911013,86.52823900686582,263.01278107743286
28154660,-3.023267,-4.136223,0.5187471036911011,152.51076129885,265.2995991314463
28154661,-1.388961,-1.140604,0.30221410369110113,212.9799010780094,262.8196411941867
28154664,-3.525325,-4.996973,1.036314103691101,129.65349942768893,265.9264775520762
28154668,-2.709059,-3.544636,1.319909103691101,122.80432959854176,267.6773079260431
28154671,-4.029695,-5.535836,2.900601103691101,59.61560915773126,265.10567335637825
28154673,-2.342508,-3.081665,0.39761310369110103,167.97469824734247,268.5603211104216
28154674,-2.334666,-3.076758,0.31980210369110107,171.33998159115274,268.4523123846043
28154675,-2.262918,-2.959549,0.14028410369110111,180.4573462607432,268.0920773325333
28154676,-2.213419,-2.475536,2.088514103691101,75.43485377890033,267.55358302877494
28154677,-1.784939,-1.995117,0.8423991036911012,160.34407533219974,269.80064320750546
28154678,-4.34727,-6.143778,3.221855103691101,51.3994698223361,266.45252404286424
28154679,-2.400799,-2.871459,2.071942103691101,79.93808976363945,268.73144058851454
28154684,-3.569667,-4.840644,3.180232103691101,38.41093892634368,268.6058278364723
28154685,-3.834075,-5.368525,3.1693731036911013,45.31102205906868,269.11648447514284
28154686,-2.096715,-2.616008,1.369148103691101,123.30888920139633,273.2569982945026
28154687,-2.272335,-3.001908,1.1999391036911011,131.04987530331908,273.2945316724429
28154688,-1.948562,-2.555285,0.03069910369110107,192.789773145895,271.6528899028959
28154690,-1.429631,-1.464641,0.7038561036911011,179.84537034618978,273.5425185976203
28154692,-1.499657,-1.627375,0.5271401036911011,187.2272041205905,273.0706650723532
28154693,-1.496384,-1.624573,0.4876351036911011,189.6701357033955,272.9153521369656
28154694,-1.271176,-1.163407,0.3688551036911011,210.4998576168472,271.378568781552
28154697,-2.104206,-2.499109,2.015351103691101,80.23455551088887,273.7032114199659
28154698,-2.256474,-2.982714,1.4581901036911011,117.11570901115309,274.9212031555684
28154700,-3.942943,-5.643681,3.4897351036911015,33.281194897653904,271.3293363396482
28154701,-2.131639,-2.562625,2.088943103691101,75.30433639178148,274.42904822575605
28154702,-1.344327,-1.289813,1.048702103691101,158.5318335271611,276.1625366081623
28154703,-1.323205,-1.26342,0.9568531036911011,166.3672974526614,275.9337042062172
28154704,-1.689014,-2.074848,0.572376103691101,175.62194105270186,275.30361241844594
28154705,-3.419452,-5.970072,-2.421975896308899,214.28596207949545,272.0543033485281
28154707,-2.080825,-2.638547,1.6866431036911012,103.3921107476104,276.5184545377673
28154708,-3.969287,-5.73351,3.7096141036911012,23.816969400827677,272.74304345041094
28154709,-3.25035,-5.335053,0.7619081036911011,138.21897107684032,277.6098485629402
28154710,-4.096728,-7.793539,-3.375812896308899,213.67417846877865,274.58993961898165
28154711,-1.404431,-1.260366,1.9061761036911011,75.81832357508824,278.85988560694244
28154712,-1.441573,-1.660567,0.728727103691101,174.83504807819486,278.92489102463
28154713,-4.353831,-7.996151,0.31056610369110105,140.8076844262108,280.19427588127104
28154722,-1.624082,-1.814579,1.968501103691101,76.15294116365075,282.6824579018082
28154726,-3.397306,-6.09675,1.198556103691101,121.9438353117981,284.9706611437066
28154727,-0.906151,-0.555309,1.123907103691101,170.75806926190762,285.001493881188
28154728,-1.844105,-2.837334,0.3957431036911011,173.8831427292358,283.9992731978323
28154729,-0.490273,0.621415,0.014018103691101125,387.1513652499536,246.2307417642625
28154734,-3.183423,-6.09816,-0.26347089630889897,165.07611597883945,285.0318169086109
28154744,-2.778181,-5.462016,-0.22850089630889903,169.41625253623045,288.4560774508926
28154752,-1.611224,-2.688081,-0.3580938963088989,210.66864282095895,286.4520096856983
28154757,-2.632967,-5.275182,0.3015451036911011,154.95575306957633,292.7811660715961
28154758,-1.895712,-3.363195,0.5714371036911011,160.49191277119465,292.7157468709041
28154765,-3.074991,-6.736846,0.02041710369110117,154.79533199251762,295.50501824870304
28154777,-2.492145,-5.430623,0.41626510369110103,150.8765882621563,299.5173412554375
28154778,-1.706132,-3.320597,0.36617510369110107,171.11020333139328,298.62746001567234
28154784,-2.925073,-7.011374,0.11119810369110117,151.62312868458446,302.26998762225344
28154804,-1.581392,-3.815431,-0.516460896308899,200.82689505358184,304.5381586998369
28154805,-1.307985,-2.860271,-0.20301889630889902,205.13810867519504,304.2210664921364
28154810,-1.667775,-3.699847,0.8899051036911011,144.39143272993203,310.6963871384468
28154811,-1.408678,-2.889349,0.9065651036911011,150.2933581775335,310.49391763435983
28154817,-0.964836,-1.611221,1.0303581036911011,158.818632436879,314.2682083814782
28154826,-1.255629,-3.291365,-0.188489896308899,198.6402662120112,313.4086718447886
28154831,-0.958347,-2.288756,0.2487901036911011,197.98862340362243,317.5747000616101
28154832,-0.947985,-2.27601,0.18928410369110105,201.5157022215872,317.199419638449
28154835,-1.165097,-2.75809,0.9618171036911011,149.43456455993976,322.73875257610337
28154847,-1.665728,-5.162632,0.715569103691101,143.93633949936492,327.0292876403395
28154849,-1.149775,-3.076649,0.9063751036911011,150.01688991550375,327.87797975494107
28154857,-0.619213,-1.164599,0.705334103691101,199.39522511039368,326.88711710939083
28154866,-0.701228,-1.848633,0.45749510369110113,198.4929354004264,329.79399068255987
28154870,-2.086283,-9.514959,-0.9170488963088987,167.2049671354046,334.45576715418105
28154873,-2.239356,-6.515551,3.6836281036911007,15.176178147168088,346.22604063487967
28154874,-1.386933,-4.98304,0.911589103691101,137.60844018999825,338.4336813363966
28154880,-3.86746,-21.217171,-2.9474428963088988,160.00043286331305,339.34715494378986
28154881,-0.575052,-1.201339,0.9908351036911011,174.25719914388753,339.13474439494934
28154884,-1.334202,-7.299593,-1.2811388963088988,191.0748429074025,338.46877785906804
28154887,-0.962209,-3.001423,1.4759391036911012,115.45838207404007,347.4971233023747
28154888,-0.881261,-3.081046,0.934234103691101,149.71250600783057,344.3402790412981
28154894,-0.612735,-2.136536,0.4359731036911011,195.09573777046413,340.75033127305085
28154902,-1.022602,-4.050559,1.092962103691101,134.2453611505006,349.15029284006687
28154903,-1.018946,-4.151848,0.9737711036911011,139.72696437194045,348.6036940972631
28154904,-0.538428,-1.464629,0.8665641036911012,179.921525828953,344.99357962159434
28154911,-0.774062,-2.356324,1.5804721036911011,108.21028220522228,355.5950492080129
28154912,-0.901998,-3.370565,1.391132103691101,120.10638460005548,354.20941646566337
28154913,-0.746109,-2.765787,1.066729103691101,144.8448884799718,351.8346280305284
28154918,-0.537251,-1.099147,1.443765103691101,127.11181936041392,355.56245149895017
28154919,-0.40414,-0.474124,1.2436721036911011,167.14711040595964,351.8279365462259
28154922,-1.408408,-9.176701,-0.4928128963088989,161.35864837542016,351.8326180107527
28154923,-0.617983,-2.645388,0.6271941036911011,174.74392705784217,350.86633188695225
28154926,-4.664304,-36.780289,-4.7987978963088995,152.82782679375717,353.7076752819651
28154927,-0.537873,-2.489561,0.38420510369110106,192.3967574515729,349.90650059768745
28154931,-0.562126,-1.642812,1.3681831036911012,130.91717250567217,359.7254918471201
28154932,-0.519861,-1.362952,1.351000103691101,135.50598733590223,359.3713395470926
28154933,-1.086227,-6.222993,0.7405941036911011,139.69413944187858,357.93452305738947
28154934,-0.504888,-1.823607,0.9109891036911011,169.66935380809403,355.21153901911794
28154935,-0.860225,-6.569718,-0.8106598963088991,187.3889419312528,352.3439775493346
28154938,-0.59255,-1.856857,1.4376151036911011,122.57019741982307,361.7828791197556
28154939,-0.773027,-3.905883,0.911867103691101,145.14659829816384,358.7662033097598
28154940,-0.484264,-1.959507,0.7621751036911011,178.70805695431562,355.2337145958157
28154941,-0.632756,-4.316924,-0.19523789630889898,191.3682537768343,353.1772584064886
28154951,-0.31904,0.009596,1.401596103691101,157.5359054496637,363.5226692596229
28154952,-0.46374,-2.075677,0.793798103691101,174.57098488365503,359.2632300374148
28154958,-0.627592,-2.962794,1.188639103691101,135.68764652573464,364.96956912767325
28154962,-0.430064,-0.70609,1.6030821036911012,105.70873178755488,370.9558768098401
28154964,-0.710809,-3.139358,1.698860103691101,98.67138182493645,371.8329695481733
28154965,-0.386842,-1.317051,1.0546631036911012,168.3603568837183,364.03385936184407
28154966,-0.389961,-2.829775,0.157886103691101,200.39556212624845,359.26606772607494
28154973,-0.624218,-2.363739,1.8414541036911012,83.24974210794625,376.5751889176744
28154974,-0.544377,-1.735919,1.762565103691101,87.44890369586085,376.3435722943351
28154978,-0.495501,-1.25485,1.813655103691101,75.93485216068382,379.42242016890816
28154982,-0.646811,-2.551772,2.009842103691101,68.10537952530001,381.1431500958371
28154983,-0.571266,-7.734282,-0.934378896308899,183.336787950185,365.92503455138456
28154986,-0.487715,-1.182495,1.904266103691101,60.270881832302535,384.2720456006342
28154987,-0.523707,-3.17086,1.1732531036911011,135.6763679972155,373.9052090175502
28154990,-0.677639,-2.832675,2.193272103691101,53.42772568917937,385.7758541267944
28154994,-0.868451,-8.267704,0.9880721036911011,125.65987552653316,377.3569910351771
28154996,-0.293404,-1.837384,0.7257141036911011,186.65848158606627,370.0033640895477
28155002,-0.437041,-9.576351,-1.322128896308899,181.1718954047261,372.4169142425391
28155005,-0.511241,-4.452482,1.113304103691101,132.3588774543797,380.7935797871029
28155006,-0.318496,-6.591215,-0.6333308963088988,185.35258287843607,373.2371865190902
28155012,-0.347566,-0.958161,1.598589103691101,105.87110242878528,388.52968479347953
28155016,-0.332064,-0.825881,1.6407851036911012,98.5798519725556,392.6146344647501
28155018,-0.225562,-2.985398,0.5348001036911011,179.1294344947148,379.7469042299782
28155032,-0.460593,-3.472756,1.955256103691101,78.32039139081701,400.285020989856
28155033,-0.269046,-1.001616,1.454494103691101,127.38201879868008,393.9185480673672
28155034,-0.340389,-4.824247,1.1193841036911012,130.7523637374925,392.11075432403663
28155035,-0.207951,-0.47642,1.248095103691101,170.78449243052765,387.87959894656615
28155036,-0.168307,-1.805165,0.8147371036911011,182.35135657259755,384.9915728254289
28155040,-0.321091,-2.848084,1.459859103691101,116.71859923912642,396.0609563614319
28155043,-0.198906,-0.488269,1.268472103691101,167.3135210692266,391.1775653573151
28155050,0.045631,-6.796721,-0.2927268963088989,175.37542108731355,392.1278838903507
28155053,-0.258366,-3.962063,1.5898921036911011,105.54700353249326,406.6564163129455
28155057,-0.272547,-5.684924,1.730337103691101,98.19138382577889,409.2209617248397
28155061,0.273142,-8.201134,-0.7157768963088988,178.49748178236584,397.2554195206337
28155064,-0.171706,-1.305339,1.414618103691101,130.0931773255083,408.1256221020473
28155072,-0.155098,-3.89092,1.590892103691101,105.25368851288616,414.6205353912385
28155073,0.001254,-8.697374,1.145448103691101,120.10556537279687,411.55383230531294
28155076,0.092502,-3.46207,0.4998831036911011,177.34787494722954,403.7693462069146
28155077,0.006059,-1.792353,0.8297811036911011,184.24089484639103,404.6227686566168
28155095,10.078087,-206.271545,-13.851116896308898,129.218661216863,417.455121205983
28155096,0.128544,-3.567171,0.709978103691101,164.3044435299936,412.0933472054341
28155097,0.144088,-6.072824,1.158584103691101,125.15724655938608,420.4584082559813
28155105,0.304734,-8.870936,1.2888251036911011,115.00513659375898,425.5153338779074
28155106,0.328935,-5.414153,0.4581611036911011,160.29420819986305,417.2833564591686
28155107,0.314258,-4.968832,0.43407610369110106,165.12514497048832,416.4568366599164
28155112,0.237136,-2.810081,0.5027501036911011,189.67000689686145,415.6331683260976
28155115,0.548611,-6.627022,0.16975710369110097,163.5524016273367,421.428442864888
28155122,1.56183,-14.87505,-1.8824158963088988,172.99637146637156,421.0170767726845
28155130,0.426524,-4.490933,0.48607410369110104,168.171652636433,425.7405943367253
28155143,0.236452,-3.575086,1.382303103691101,120.34122632049804,442.5218745069336
28155153,0.411122,-3.297925,0.7713031036911011,166.27950348049214,438.403392886976
28155173,2.410242,-14.981689,-1.2819368963088988,164.1758347786419,447.1349098753841
28156597,-6.522986,1.285392,-0.10775289630889895,206.1682008231045,4.248063554806976
28156601,-6.459414,1.121257,0.27462410369110113,188.3769406252385,4.286671242178954
28156602,-3.273472,1.581317,-0.12488589630889901,286.1575860089933,5.1328799089315
28156610,-7.899624,1.1246,-0.276385896308899,196.82812720069,9.821875877139178
28156611,-5.566777,1.231386,0.06633810369110105,209.7266394936628,8.85136370898769
28156612,-2.760301,1.522452,0.09072410369110107,292.786736531778,6.703272482901895
28156616,-18.770277,1.158359,-3.538231896308899,205.0055535727357,15.097807573374098
28156619,-38.428802,-4.552607,7.147108103691101,62.244038298172285,0.9114969486146548
28156623,-5.22029,0.960176,0.7218481036911011,175.81576065208884,10.330884858730826
28156629,-5.931537,1.042806,0.20046910369110105,195.91677950970305,14.998870909124662
28156630,-3.197858,1.160188,0.7559701036911011,208.6783157554648,10.128802845772498
28156634,-3.215973,1.479209,-0.11665189630889894,282.74866329005624,17.06990947506273
28156639,-5.807599,1.059363,0.056288103691101155,204.0419593193552,18.95950480284569
28156643,-6.302627,0.676586,0.8144851036911012,159.8240358982358,18.58236992842015
28156644,-6.635077,0.88707,0.08744310369110098,191.5646051701194,22.0275215904783
28156645,-32.629639,0.325796,-8.0379318963089,207.38587249983308,27.79149337066133
28156646,-2.72399,1.427531,0.08652610369110114,288.8857890649639,20.218690332114846
28156651,-6.028478,0.779552,0.547188103691101,175.47869028938808,21.56338048480228
28156652,-20.488857,0.446295,-4.109552896308899,202.91133365892645,28.417853197992628
28156655,-7.087108,0.782349,0.040179103691101004,188.28970823096705,25.381774711199316
28156657,-5.979311,-0.143647,3.266845103691101,1.3268705511504777,2.934666859154732
28156659,-6.459693,-0.13596,3.012988103691101,29.73929006240283,7.603536848627897
28156660,-3.226675,1.398186,-0.14335689630889892,279.8527767560021,26.9386259378754
28156661,-3.04575,0.681036,1.932663103691101,73.70033546313863,7.009543525662764
28156662,-5.221662,0.771973,0.6945991036911011,174.75261825826738,25.372181410894456
28156663,-10.779006,0.433492,-0.719842896308899,185.02897098461128,30.14317553144224
28156664,-5.213561,0.969438,0.1362331036911011,206.41520896489556,28.18319706497925
28156666,-7.088817,-0.281565,2.9993281036911013,40.19223457454541,13.435773014904754
28156668,-6.385753,0.856914,-0.12502389630889899,201.9765889640671,30.752708385955884
28156675,-5.823951,-0.151924,3.053338103691101,16.793508212270325,12.614821015719087
28156676,-2.898337,0.674654,1.9158621036911012,73.97963354374289,11.615818902906142
28156679,-6.630852,-0.28247,2.962655103691101,37.37973301712629,18.12574702106292
28156680,-3.435814,0.639367,1.713789103691101,104.78527013584164,19.9363843376768
28156681,-4.296493,0.781523,0.8590321036911011,174.18736415615322,30.03461684876308
28156683,-5.049497,0.892995,0.17470610369110107,205.37952085279656,34.12912009739364
28156684,-2.632215,1.331598,0.11824310369110114,285.3080134029081,32.523623072975795
28156687,-5.30493,0.827657,0.17259010369110106,201.0242548225291,35.681200740554914
28156693,-6.191702,0.422166,0.8377781036911011,157.1326737431762,34.421989178323685
28156697,-4.135631,0.465921,1.738985103691101,104.7109510565265,27.210471183775525
28156698,-4.805834,0.675773,0.7431001036911011,174.58549934982227,35.734135979937605
28156700,-6.465751,-0.222206,2.513332103691101,64.69778110108356,28.25609586786689
28156701,-6.695048,0.5051,0.16257910369110107,183.6098179473679,40.28965475794504
28156702,-5.248345,0.793146,0.10307710369110112,204.3650234477417,40.406762732653135
28156703,-3.11451,1.27395,-0.11303489630889896,276.383963284154,40.40886458776663
28156704,-7.33907,-0.786408,3.7143621036911014,3.4389221679883804,23.814522395945914
28156705,-6.533109,-0.214128,2.362321103691101,74.41189645764061,31.088613242090474
28156706,-2.58983,0.960558,1.0153511036911012,192.6181730977252,33.02300456975354
28156707,-12.377454,0.104362,-1.8917598963088988,200.01605172744524,45.5076908137016
28156709,-3.065718,1.292411,-0.17660389630889894,282.7457824020505,42.094637567630514
28156714,-10.542881,-1.080842,2.5886181036911013,83.73823694126841,36.16975708420705
28156719,-8.969595,-0.721422,2.285495103691101,89.93767966897673,37.732534827961445
28156722,-3.958621,0.664878,0.982008103691101,167.45780421495925,40.88840584189745
28156723,-7.404654,0.304765,-0.012761896308898901,182.89947409923508,46.68265464877473
28156724,-3.848701,0.821904,0.5818341036911011,199.16238127261863,43.27912091277514
28156725,-5.958049,0.635959,-0.12670589630889895,203.3694721229554,47.04605154869751
28156737,-8.1171,-0.526158,1.873221103691101,104.93288396150092,43.427377726114855
28156739,-6.920075,-0.246745,1.690415103691101,111.87757884682874,44.747235929103454
28156740,-7.720061,1.175512,-3.027716896308899,273.5017646248053,56.9288796213036
28156741,-2.608833,1.208668,0.10369510369110113,280.1481093815359,48.6900755927187
28156742,-6.101689,-0.249737,2.166439103691101,83.95362514134024,42.9462217563015
28156743,-2.896865,0.849373,0.9281621036911011,190.89998342974985,45.0085096886416
28156744,-11.138015,-0.125717,-1.563212896308899,198.1638726525218,55.087538900745415
28156745,-5.277955,0.613724,0.07121510369110107,202.426588563282,51.9070426997508
28156749,-7.927188,-1.047605,3.327647103691101,37.01635459101095,41.777472405766986
28156750,-4.081762,0.203202,2.074030103691101,74.43762769575162,40.12630552148934
28156751,-6.319461,-0.296977,2.081998103691101,90.02530400087124,45.29879616219429
28156752,-9.287615,-0.77589,1.5174351036911011,118.95460788334798,49.81350622710241
28156753,-4.214024,0.570353,0.8463701036911011,172.61063202154793,49.24856080670486
28156759,-6.280101,0.099643,0.7959611036911011,156.07331866046013,52.333782195304224
28156760,-6.846147,0.196959,0.10857410369110099,181.34088262783348,54.73417511979406
28156763,-5.885363,-0.176734,1.852080103691101,101.70542717892008,48.90684346386604
28156764,-8.218187,-0.544121,1.316416103691101,127.02727980854372,52.8842255210067
28156765,-5.594167,0.266265,0.6897251036911011,166.28761676867262,53.81804706792758
28156771,-3.145163,0.701557,1.054138103691101,171.96455432242152,50.26681238153424
28156772,-7.589466,0.103996,-0.325635896308899,189.99192301265853,58.61963895325198
28156773,-5.105368,0.520781,0.19474710369110104,197.34572512377127,56.87673567692636
28156774,-5.116566,0.546168,0.11021310369110116,201.49865394694467,57.18542752602704
28156777,-7.615757,-0.414425,1.1427481036911011,134.8084101202693,56.01103338747976
28156782,-5.723921,-0.210273,1.847134103691101,101.61082021626214,53.19157590916356
28156783,-5.855191,-0.186649,1.6725701036911012,111.90505661655487,54.16489043820374
28156784,-7.423915,-0.373532,1.0594271036911012,138.59719943331714,57.58834495830473
28156785,-3.725755,0.610219,0.818557103691101,180.7422241274783,55.718211429786805
28156787,-2.82946,1.099192,0.01443210369110104,271.1099336354864,59.04489060565027
28156789,-7.461646,-1.108334,3.238881103691101,37.960912533483565,51.30144599169617
28156790,-3.129827,0.376299,1.9589941036911012,74.73133396387581,46.22836132877762
28156791,-8.139896,-0.532402,0.8990241036911011,142.31605029906586,59.69762657130153
28156792,-2.633888,1.120903,0.05861210369110115,277.186787390604,59.892634237451546
28156799,-6.626113,-0.37252,1.486829103691101,121.27522687096923,58.532284340237055
28156800,-7.694376,-0.416507,0.7800361036911011,148.2480135749805,61.246995883680654
28156801,-8.682254,-0.400431,-0.0454828963088989,171.31171143290538,63.35102305266256
28156802,-5.494277,0.373353,0.06823810369110106,196.4807155232804,62.72430385457648
28156803,-5.268458,0.436411,0.05134210369110104,200.58674265425665,62.72945952477474
28156810,-2.880167,0.413394,1.929464103691101,74.84576607059935,49.58028944446653
28156811,-3.914316,0.194602,1.7631351036911012,101.91954378413124,55.78719326633467
28156812,-7.180131,-0.098576,0.004481103691100996,180.02127040758114,65.76840455812439
28156813,-4.216845,0.623771,0.18405610369110104,211.79745374827476,64.47927825302122
28156815,-5.933962,-0.86172,3.3420741036911013,8.233137155473116,54.01107744524154
28156817,-5.84684,-0.175985,1.255719103691101,134.07197024983054,62.885579870644136
28156818,-3.062276,1.024297,-0.14935689630889892,269.0623519738408,66.57070537181389
28156822,-5.638433,-0.12576,1.197084103691101,137.79856768290364,64.27566813798606
28156823,-5.969374,0.196123,-0.085878896308899,195.6349112939328,68.43451321386854
28156824,-5.314718,0.338557,0.025232103691101182,199.6986080924537,67.99237013496108
28156825,-2.49505,1.0712,0.13915410369110104,275.0768044375367,65.7341300064457
28156829,-7.377721,-1.279716,3.238258103691101,38.77749436017902,60.71497301631277
28156830,-3.325376,0.316347,1.7386601036911011,101.80611210627268,58.21248645127926
28156831,-4.319417,0.204516,1.228115103691101,142.6152131175723,63.9203776446638
28156832,-9.384054,-0.817286,0.04659110369110109,163.45287351671843,69.78721172247936
28156833,-5.218846,-0.005361,1.036756103691101,148.41221008602565,67.15169167196484
28156834,-6.649588,-0.113145,0.11596310369110108,179.38433936203978,70.5820669618125
28156841,-2.783613,0.384628,1.9242751036911012,74.51770050456898,56.53485485380045
28156842,-7.000785,-0.292925,0.27238210369110105,170.1167583388854,71.56214775843364
28156843,-4.140039,0.548228,0.19593810369110098,210.78068385499813,70.73981645468314
28156846,-2.230633,0.637992,1.596666103691101,116.62817893932927,57.05442684225298
28156848,-7.186153,-0.326615,0.11134710369110112,174.4121016611357,73.23318928005722
28156849,-5.565976,0.171188,0.023321103691101186,194.8214402917897,73.10600276626735
28156850,-3.255129,0.635175,0.6714221036911011,198.8989758921123,68.88073508728624
28156852,-4.69312,0.28064,0.4100051036911011,187.8481643277352,72.79716525977838
28156853,-2.914497,0.95755,-0.07527389630889902,266.95471726402013,73.64812652603138
28156857,-2.582752,0.481899,1.701393103691101,102.43991878692994,61.61100930865664
28156858,-5.646096,-0.122264,0.7172731036911011,161.0603026852338,73.69537565210535
28156863,-3.907854,0.211415,1.252618103691101,142.8396959775492,71.01615809764598
28156865,-2.488402,0.997639,0.12047010369110112,272.6500991872048,74.61091966654507
28156868,-2.307771,0.564254,1.643821103691101,109.39093461710344,62.8181179938716
28156870,-21.386562,-3.284185,-4.805044896308899,193.95219501399131,82.27582112425148
28156871,-18.672478,-2.608723,-4.295222896308899,197.9146781651996,82.27923600791192
28156874,-4.578722,0.125455,0.7537521036911011,168.8407247366847,76.51393760933115
28156880,-3.959584,0.28362,0.8118401036911012,173.09117116526758,76.80578497323924
28156881,-5.855865,-0.08601,0.07081710369110117,187.1723882723579,80.43436609756091
28156884,-2.539325,0.433832,1.732805103691101,97.97119125068652,68.00301708239144
28156885,-3.213401,0.336865,1.3530311036911011,139.30842036861577,73.88962897008767
28156886,-2.949402,0.877185,-0.11976289630889903,264.93571437474657,81.14277748862352
28156892,-3.846406,-0.09807,2.028404103691101,78.71658737228532,73.99982123552951
28156893,-1.930147,0.670602,1.5821291036911012,119.10077424720076,65.0565492517135
28156895,-3.991852,0.258642,0.747548103691101,176.35394914264498,79.55558234675277
28156896,-5.025133,0.102333,0.16554010369110106,193.24068877034077,82.28416132369372
28156898,-2.42224,0.519418,1.520481103691101,126.3097243071738,71.5771231399896
28156899,-4.878665,0.140753,0.12403410369110102,197.1994743587834,83.52073125227835
28156906,-8.010567,-1.979094,3.425078103691101,40.66602076422828,80.5216798446624
28156907,-3.154373,0.118594,1.975397103691101,75.55712693009056,74.25053872955246
28156908,-3.007148,0.37377,1.327142103691101,143.2563772000558,77.13344412772648
28156910,-2.446822,0.420317,1.744583103691101,95.67210136868356,72.6909021645128
28156911,-2.222398,0.586675,1.460966103691101,135.84109571296216,73.17339514864287
28156912,-9.265225,-1.495062,0.4428801036911011,149.8134751272608,86.73622242863738
28156913,-3.552063,0.328403,0.835734103691101,176.67131971731766,82.15128698777966
28156914,-4.1183,0.338616,0.17479510369110107,207.8851361764395,85.2901783242913
28156921,-2.324727,0.688497,0.989263103691101,192.5954739536332,78.82906931396806
28156922,-2.402363,0.680109,0.9292211036911011,196.46491888896088,79.62235388273223
28156923,-1.062245,1.081426,1.119377103691101,263.71552370878203,62.11929721220346
28156927,-7.157883,-1.728928,3.234851103691101,40.90837634095237,84.21590308041647
28156928,-3.315056,0.014449,2.000028103691101,75.54562648157054,79.01910103815479
28156931,-2.187203,0.689479,1.081796103691101,185.9136727143924,79.76153162790229
28156935,-2.525556,0.432451,1.490515103691101,128.97107882174026,80.19244970702474
28156938,-2.64386,0.614138,0.7215701036911011,207.04966530676117,86.50320112956913
28156941,-6.755008,-1.68234,3.1445991036911014,41.70050072088762,89.49970654832947
28156942,-2.636957,0.236663,1.910684103691101,75.97298784330377,81.18662757626879
28156943,-2.27857,0.437984,1.6954631036911012,101.5380237566456,79.655920836418
28156953,-5.659848,-1.331014,3.1442621036911014,25.64724403364363,90.85795696671512
28156955,-2.374946,0.402169,1.634499103691101,110.56349333246722,83.39706856001999
28156956,-2.416152,0.441669,1.4593941036911011,133.24313942577294,84.68235848530486
28156957,-2.007412,0.69624,1.1334551036911011,184.350299667757,84.0453915539307
28156960,-1.998355,0.474915,1.828131103691101,75.95265690421587,79.79185284253089
28156961,-2.683232,0.363549,1.348816103691101,143.1239535941388,87.98311783191988
28156962,-3.92635,0.063543,0.773034103691101,172.61786517693085,93.56672885955751
28156964,-0.769049,1.105991,1.308462103691101,262.06071055904755,49.56693646549442
28156968,-7.248507,-2.039721,3.270165103691101,42.43832656362804,95.3567145882738
28156971,-2.446872,0.323327,1.700420103691101,101.97277898494582,87.41473715622465
28156986,-6.239368,-1.855417,3.5378291036911014,14.745751648930051,99.7750631428602
28156988,-2.409122,0.592917,0.7583181036911011,208.9891399551947,95.68078507925908
28156992,-4.685141,-0.251478,0.4253021036911011,179.9368571735677,102.04423566608546
28156998,-7.552674,-2.405643,3.3732301036911014,42.7088081810478,103.55829781351784
28156999,-2.937975,-0.016842,1.958917103691101,76.18440288672136,95.93504245501924
28157005,-3.493567,-0.213001,1.750456103691101,101.77597118859154,100.90779878791686
28157013,-1.906822,0.509969,1.5872031036911012,117.13341295867296,92.93239102117636
28157015,-3.235135,0.174256,0.7995711036911011,180.29881357182973,103.38065431476863
28157019,-7.162167,-2.351915,3.287001103691101,43.33287475616308,108.50854523835208
28157031,-1.990393,0.644142,0.9272591036911011,206.3555119966156,101.2740913233594
28157034,-3.00469,-0.143153,1.9738121036911012,76.36127391691147,105.04093006090676
28157037,-2.484822,0.393091,1.003236103691101,179.7145610840795,104.5524469584861
28157040,-6.736449,-2.265284,3.191811103691101,43.91111127882624,113.31207756614327
28157042,-2.533998,0.322679,1.1304341036911012,165.57263044614095,105.38050687282852
28157043,-1.831211,0.645797,1.1168181036911011,189.1345901848684,100.79948164922703
28157045,-2.508475,0.443137,0.747757103691101,202.7082528522733,106.88660385238371
28157049,-2.961407,0.132725,1.068644103691101,162.7699496264449,108.38316519892598
28157051,-5.277899,-1.61658,3.084261103691101,28.45025793969296,114.6831690047424
28157054,-2.472284,0.622548,0.021666103691101002,261.61647970132657,113.01291934614336
28157058,-2.570915,0.316435,0.9744901036911011,179.0831680731851,109.34403067613395
28157065,-6.350929,-2.366909,3.6352341036911007,16.951996571889936,118.72909482402224
28157072,-2.987669,0.419576,-0.27200689630889885,254.93066234292476,117.64353095967746
28157077,-2.669575,0.338379,0.5918601036911011,208.1286736333722,114.32026077715966
28157081,-3.046354,-0.276897,1.983910103691101,76.82367773703731,114.946963229557
28157082,-2.752747,0.049598,1.416698103691101,132.74118553844693,113.51562911090323
28157084,-2.060946,0.511777,0.9973911036911011,192.16134677481085,110.81371599428114
28157085,-1.190584,0.936391,0.9632991036911012,260.444471846952,102.73230079310952
28157105,-1.884389,0.563754,0.9978231036911012,198.56870999085243,113.72759441916877
28157107,-2.263539,0.570573,0.14567610369110118,258.6761331356491,122.06218133863614
28157109,-2.525821,0.227931,0.9508601036911011,179.8207443682643,119.67822075088368
28157110,-0.587301,1.079914,1.508974103691101,196.37140743991293,35.080677082188174
28157111,-2.152339,0.471809,0.7553751036911011,211.69308860428225,118.8150307243452
28157112,-2.103254,0.537062,0.5903791036911011,229.8775903566033,119.6566051673673
28157118,-2.797743,-0.236566,1.956343103691101,76.82844539627473,122.13736998047216
28157119,-2.747546,0.091982,0.978661103691101,171.6733617712586,121.54490237097627
28157124,-5.156802,-1.893781,3.078484103691101,30.7832366129862,130.88253452860886
28157125,-6.618275,-2.717734,3.213479103691101,45.34277126831523,131.65835683097998
28157131,-2.230334,0.537595,0.16055910369110116,257.3728543388312,125.81107356906888
28157132,-3.80994,-0.718314,1.6155821036911011,112.59156587697191,128.0060273095639
28157139,-1.95552,0.482167,0.9328871036911011,200.47891759414156,121.72301856465154
28157146,-6.998618,-3.105658,3.325429103691101,45.72571188194178,136.6572501747712
28157150,-2.988192,0.211471,-0.3270038963088988,250.94286490858687,131.43755862405206
28157159,-1.384914,0.790137,0.791863103691101,256.0896197644275,122.86336899895949
28157165,-4.55808,-0.846899,0.17459010369110106,184.8244587429186,135.15492176600088
28157166,-4.24306,-0.676348,0.20803110369110112,188.3335038163194,134.77214446596466
28157167,-2.932189,0.171449,-0.300258896308899,249.74667023910015,135.06356670973668
28157169,-7.896162,-3.900148,3.5700271036911007,46.49791071319754,142.96164536194888
28157176,-5.8122,-1.589227,-0.07504689630889883,177.94375423822163,139.24845177964352
28157177,-4.971737,-2.103739,3.061563103691101,32.15391265660952,145.04318888674803
28157179,-3.045212,-0.232359,0.881292103691101,170.06755978065922,135.715719385134
28157180,-5.962352,-1.646732,-0.3149118963088988,184.14858634809417,140.37885330076267
28157181,-2.158064,0.4455,0.1784521036911011,254.58459141789152,135.99187519127423
28157186,-9.103158,-4.920532,3.9058661036911007,46.79412262305618,148.04579702582862
28157187,-4.234093,-0.778971,0.19358810369110113,187.7007873718556,139.5505190289739
28157191,-3.348681,-0.732298,1.7658291036911011,100.4215853970824,141.12920664162502
28157200,-5.315682,-1.460143,-0.11625089630889884,183.5623413642115,144.56080201345878
28157201,-4.239151,-0.869812,0.18112210369110104,187.0276039442257,143.33465856824802
28157202,-4.360301,-1.815635,2.878696103691101,33.42277506342381,151.05461156542077
28157203,-6.724837,-3.456529,3.2955041036911012,47.46038045297533,152.4674759188405
28157204,-3.296038,-0.751715,1.768141103691101,100.0657186986226,144.1546114854147
28157206,-2.763623,0.092985,-0.21860589630889882,247.2922205510564,143.82956538050826
28157207,-2.179646,0.370118,0.1388241036911011,253.209589733274,141.75134130576134
28157214,-3.19689,-0.810869,2.0308711036911014,77.5882164891375,147.2711094520966
28157219,-4.370679,-1.031967,0.12202410369110117,186.3582729668643,147.25403439214887
28157223,-3.357589,-0.863675,1.774047103691101,99.94406485545178,148.51020096628088
28157231,-2.727378,0.021428,-0.2205588963088989,246.0453152133577,149.1729305653671
28157235,-6.364968,-3.510907,3.3659371036911008,42.01740833621338,160.52966759209698
28157236,-4.469019,-1.183004,0.07429210369110106,185.69594948416997,151.07169094370664
28157238,-5.805511,-2.005087,-0.324458896308899,182.32890867446517,153.28178077660493
28157239,-2.157283,0.288001,0.1329471036911012,250.9062888251024,148.91241509588036
28157242,-4.715611,-2.332427,3.020795103691101,34.414943521972816,161.84319430819812
28157243,-2.968266,-0.637724,1.626738103691101,110.72448505440144,151.79037227311645
28157244,-31.262104,-17.318441,-8.1637698963089,175.4921174406005,157.5782285601112
28157250,-0.464181,1.149872,1.175919103691101,414.8868557158583,104.39962242922302
28157251,-2.509017,-0.474925,2.000235103691101,70.68242865918768,154.62554292914967
28157258,-3.254582,-0.936912,1.773977103691101,99.65670262543506,156.4404746793843
28157265,-2.849912,-0.151533,-0.33808489630889893,243.95334856511872,155.76422410686183
28157268,-4.400918,-1.433269,0.45270110369110106,168.22145918753634,158.38887881062465
28157269,-4.451402,-1.371974,0.0570661036911011,184.392393606594,158.30461289864485
28157270,-2.117767,0.225431,0.14628910369110115,248.7685306356477,154.90943666498242
28157273,-4.40149,-1.422687,0.30756610369110104,174.31063527626134,159.20359535846103
28157277,-7.544308,-4.687175,3.182817103691101,62.64763789307699,169.93701693434198
28157278,-5.188023,-1.909402,-0.14268689630889897,181.12729230449293,160.89490389749255
28157280,-4.675664,-2.65107,3.262003103691101,22.186632193012287,173.36700673672485
28157284,-4.340946,-1.427449,0.07868110369110104,183.7977032118472,162.62632857962114
28157290,-4.953987,-1.876534,-0.07151389630889882,180.50534269274863,164.23163468371789
28157291,-5.009477,-2.923654,3.017232103691101,43.57847727243941,175.53394506965157
28157292,-5.015086,-2.821711,2.740224103691101,57.95320294360377,173.81392509871307
28157293,-4.126043,-1.423831,0.521185103691101,167.04558804868043,164.35495954765986
28157297,-3.876019,-1.243188,0.4642961036911011,173.08448450115176,164.72193062498752
28157298,-4.275923,-1.503173,0.2769631036911011,175.60456083487264,165.28316002695783
28157301,-5.998213,-3.657833,2.762960103691101,67.24234691598974,175.72625782788015
28157306,-4.861887,-1.932044,-0.051139896308898924,179.88525932850294,167.66890082572584
28157312,-3.51767,-1.068922,0.523899103691101,175.02687702087638,167.57333480297865
28157313,-4.328627,-1.601179,0.06700510369110102,182.4752234640163,168.78071916877224
28157317,-2.616182,-0.27531,-0.22140689630889887,239.90831708694083,168.81221297512172
28157325,-4.875737,-2.090171,-0.07869089630889903,179.3193472197478,172.05003233240785
28157329,-4.447691,-2.349675,1.870562103691101,98.64450098721264,178.6068497305008
28157330,-4.15977,-1.610193,0.11197910369110109,181.8942160711393,172.90897309844996
28157332,-9.364298,-7.058526,3.3585201036911014,70.9365247742738,185.91142730683868
28157336,-5.664211,-3.13365,0.8973771036911011,137.2557665603831,178.2088883912818
28157348,-10.001401,-6.623348,-0.4920678963088989,151.87287685273645,181.62422622500105
28157349,-4.05794,-2.352175,2.338670103691101,71.0781689864759,187.2130954153528
28157352,-4.813358,-2.291065,-0.08292389630889896,178.09308971762334,178.89511920639853
28157353,-3.967952,-1.618655,0.15949610369110112,181.36312546274505,177.80491859570745
28157356,-4.556599,-2.433608,1.206436103691101,129.5870949877852,182.27115167630976
28157361,-4.386543,-2.278886,1.0945931036911012,135.26646411567327,182.48455073223263
28157364,-2.712542,-1.096043,1.9923441036911012,78.75992857800566,185.73265012734583
28157365,-4.228039,-2.147189,1.030492103691101,139.0245502884083,182.8684741217365
28157373,-5.482211,-2.956672,-0.35107789630889896,177.47550019037345,182.8738073441479
28157376,-4.815132,-2.647842,0.7032261036911011,148.11774373256085,184.64586697609928
28157377,-5.339366,-2.977865,0.13642210369110108,163.5172592552334,184.1812456215916
28157378,-2.532204,-0.97555,1.971231103691101,78.32752594935229,188.0025254469652
28157380,-4.586654,-2.458825,0.655505103691101,151.6950877382709,185.0305649962762
28157383,-8.162663,-6.665384,3.164237103691101,71.6382513366222,197.20015291437807
28157391,-4.255532,-2.095051,0.009597103691101116,180.15576793395653,185.84843496881967
28157394,-10.323318,-7.208483,-3.049670896308899,188.1431104143768,190.1896289984356
28157398,-2.28128,-0.86169,1.9989021036911012,71.93969943278421,194.62002229009488
28157404,-7.918738,-5.413721,-2.0047448963088987,188.28244384489133,192.8796141093324
28157414,-3.759656,-1.916543,0.17840310369110113,178.97330839578564,192.72435651954171
28157422,-2.735263,-1.499109,2.0973991036911013,72.56986546646846,204.49759563738
28157426,-4.028851,-2.324862,0.2777001036911011,169.5644132825452,196.8525477753388
28157432,-2.557041,-0.816088,-0.3359918963088988,232.5493228719305,195.78719903464625
28157435,-2.084219,-0.835149,1.9720331036911012,72.29402296021752,205.29154363923584
28157439,-4.115839,-2.502565,0.08636510369110106,174.57321783536844,200.01633575055203
28157443,-5.636706,-4.07068,-0.32787789630889885,169.019471125456,202.48453577092408
28157444,-3.354767,-1.772165,0.3161931036911011,177.79749606824564,199.5270712852888
28157449,-6.537686,-5.141048,-0.33690889630889886,161.03595869621546,205.1687677263311
28157453,-2.294163,-0.704198,-0.138359896308899,230.89319195889283,200.46359425444945
28157458,-1.772441,-0.546748,1.860497103691101,79.30198389162959,208.48334753316917
28157460,-4.358775,-2.944939,-0.04544989630889895,174.06330802224332,205.23718540529217
28157467,-5.703182,-5.058801,1.7365331036911011,106.51995811827229,215.5334830320666
28157468,-3.57098,-2.182007,0.2052971036911011,176.52493356100194,205.71212156519684
28157472,-4.418024,-4.599861,3.818141103691101,10.653077305225253,236.9058710106152
28157473,-4.739084,-4.99976,3.890541103691101,15.200720633085185,236.0830028589793
28157474,-2.309624,-1.315667,2.0255971036911014,73.53497375952233,218.14192629578184
28157479,-3.740534,-2.52388,0.3366831036911011,167.24551231679143,209.8046532090765
28157491,-4.242721,-3.110264,-0.02918889630889887,172.86365875190194,211.69011215854545
28157497,-4.254161,-3.21919,-0.13443289630889899,175.33506687295048,213.9755538994778
28157504,-4.1771,-3.221574,-0.027775896308898984,172.30917575768854,215.70189615067176
28157508,-4.639976,-4.938537,3.121651103691101,50.37518714164068,237.38461657671996
28157509,-4.535947,-4.747062,2.9974291036911014,54.09621031528502,236.36058319618064
28157515,-3.592554,-3.263386,2.209645103691101,79.84519477764971,231.07705965040424
28157522,-5.016135,-5.069626,2.029874103691101,95.69914044951636,230.37671791768545
28157523,-3.960245,-3.117755,0.04839910369110112,171.71124937657646,218.7255339772548
28157526,-4.902205,-4.924464,1.788200103691101,103.90729131776368,230.4694814759283
28157527,-4.608572,-4.010489,-0.04305389630889889,165.53236724059477,221.4954981868999
28157530,-2.26802,-1.573755,2.039019103691101,73.90285914392487,232.43331382649305
28157531,-3.638594,-3.421639,2.108890103691101,85.80875852647492,233.59371035808647
28157532,-3.633376,-2.81903,0.10060810369110107,174.16797436813985,220.54468652956965
28157538,-2.166507,-0.994314,-0.13758889630889892,226.07617980838427,217.4128624887934
28157540,-3.643236,-3.558395,2.2375441036911012,79.68996254583703,236.8271712669133
28157541,-4.679739,-4.885109,2.069795103691101,93.3363860806418,235.0859786454793
28157542,-5.272815,-5.023527,-0.06387689630889892,158.53773635215683,225.092046310295
28157545,-3.553077,-3.382057,2.0304831036911013,89.37131634112313,235.4510338405584
28157546,-4.683552,-4.8818,1.9300011036911011,98.5010881306079,234.9149777333932
28157550,-2.20953,-1.330547,1.4070181036911011,125.90961302765588,225.7002493096978
28157552,-3.844977,-3.273408,0.04323410369110103,171.2817873240457,225.06560011448863
28157555,-4.353517,-4.545486,1.872425103691101,99.86637364729675,236.99847293364
28157556,-1.895121,-0.76179,0.10333610369110113,224.5846034910909,220.07914971833964
28157557,-6.958188,-8.818644,3.139247103691101,73.83755391094857,245.5444578099824
28157558,-4.575846,-4.867434,1.776249103691101,103.89817246713304,237.2768467003059
28157559,-4.078703,-3.922124,1.079552103691101,130.54285219747933,231.901170456629
28157560,-4.606349,-4.385154,-0.02233089630889884,162.7831214675096,228.21341243499964
28157563,-5.071815,-5.515612,1.492874103691101,113.50808304368084,236.6634338377108
28157564,-4.664087,-4.881578,1.3399461036911011,119.0381133101274,235.30695274798745
28157568,-3.595014,-3.806036,2.248838103691101,79.7561388854551,244.2478849501865
28157569,-4.067139,-3.792517,0.0828801036911011,165.28691810522145,229.8778424562805
28157572,-1.299194,-0.080038,0.5975521036911011,228.92725633142288,219.36774123297445
28157575,-4.290184,-4.504961,1.2440881036911011,123.02533232565976,237.6718710596793
28157576,-2.635588,-2.088461,1.2788821036911011,130.11530564193237,233.57540007930692
28157577,-4.903687,-5.253051,0.757147103691101,136.1117990430687,235.9928639430786
28157579,-2.921226,-3.390403,3.042278103691101,23.19092113885094,262.1169480645947
28157580,-4.419207,-4.554502,0.6084081036911011,143.75476427379868,235.2710477185779
28157581,-4.854513,-5.130018,0.35966510369110105,147.8714303732041,235.05503791305927
28157582,-4.712673,-4.905539,0.28794110369110104,151.1308470120166,234.51271122108972
28157585,-2.936882,-3.399302,2.964388103691101,29.050453767227737,261.34146246823536
28157586,-3.632121,-3.903579,1.984568103691101,92.82130824609422,244.88891093389063
28157587,-4.519431,-4.764954,0.6551531036911011,141.32310427480832,236.5476555376495
28157590,-3.3351,-4.361633,3.5089291036911012,11.60168320745376,269.12728479120256
28157591,-4.586783,-4.805308,0.1977371036911011,154.46872426431486,235.61972985184252
28157592,-3.42508,-3.128979,0.3825241036911011,162.40371081190352,233.39589475347668
28157593,-3.021839,-2.510816,0.18638710369110112,177.7750421806807,231.3393399322098
28157594,-0.389113,0.664742,-0.0014218963088989955,407.6479058902737,255.81089695113556
28157596,-4.338749,-4.638265,0.8085981036911011,137.25965167141146,238.68070730901616
28157598,-3.889757,-4.652004,2.461632103691101,74.125702657938,252.74042496473064
28157600,-3.359746,-4.516957,3.490843103691101,15.157800913784513,271.285794295216
28157601,-3.537709,-3.512167,0.8117561036911011,143.26432717212495,238.4803415646921
28157602,-4.44693,-4.786014,0.3476401036911011,150.6146495717697,238.4565521954278
28157603,-3.040016,-4.035011,3.4068361036911012,9.152868460282832,273.8947592100852
28157604,-3.99904,-4.380856,1.1890861036911011,125.39778260628766,242.92310422851375
28157607,-2.128047,-1.354676,-0.326566896308899,227.2648897808695,231.71001072499283
28157609,-2.655665,-2.67975,2.0817551036911013,79.96816954804959,251.6428797357292
28157610,-2.434053,-2.07448,1.487816103691101,117.4460523727511,242.2171857308197
28157611,-3.238337,-3.226058,1.157475103691101,130.72494247073135,241.7290233712824
28157613,-3.192791,-4.494975,3.616340103691101,4.693221553510199,278.14170206508936
28157614,-6.88255,-8.637016,-0.14177189630889897,145.0727641454099,243.04872175033904
28157615,-2.102167,-1.359141,-0.19276689630889887,221.5468268271595,232.9147785589887
28157619,-3.501491,-3.947495,1.7635971036911011,102.599181636034,249.6747241538443
28157620,-6.959751,-9.189239,1.000591103691101,122.07301787439428,247.9779298825676
28157621,-2.624069,-2.247649,0.8529201036911012,152.47797629973326,238.69338633603152
28157623,-3.392201,-4.758664,3.434436103691101,21.863879897355616,274.50972632252564
28157624,-3.865146,-5.261086,3.079750103691101,48.97576939665507,266.02775822620043
28157625,-3.592687,-4.084088,1.6322191036911011,108.42619629279083,249.3764436951529
28157626,-3.687096,-4.158062,1.429093103691101,116.76729978648144,247.7035977360956
28157627,-1.983819,-1.24362,-0.20141389630889894,226.51432973050635,234.28024398303756
28157628,-4.302929,-4.816385,0.04266010369110118,159.6738005976868,242.05011776817648
28157633,-3.620209,-4.787338,2.768482103691101,59.04715203106386,264.5389792347672
28157634,-4.002141,-5.412605,2.785492103691101,63.76726882870773,263.58629655575965
28157635,-4.179413,-4.727605,0.31397510369110104,152.6029733283049,243.67963319138852
28157636,-3.144656,-3.069453,0.2982511036911011,167.4820358572259,240.5354896954489
28157637,-3.101527,-4.487597,3.4838201036911007,11.718858821974123,281.0558941248817
28157639,-3.859333,-4.846321,2.048489103691101,92.09633732142112,256.38886627575744
28157640,-3.508915,-3.835196,0.9145871036911011,137.9415870576878,246.00429681607145
28157641,-4.266745,-4.886162,0.14168110369110098,156.62183329085386,244.03363774424696
28157642,-2.055391,-1.414978,-0.18622089630889893,220.8029725271304,236.6959978242379
28157643,-3.444782,-4.368351,2.273206103691101,79.77794808745028,261.035351185646
28157644,-3.984283,-5.036095,1.774670103691101,103.15374105686884,255.57753272573763
28157645,-3.447947,-3.806075,0.8525161036911011,140.56763508850446,247.15695522570223
28157648,-3.502501,-4.795203,2.768489103691101,58.32056847470466,268.6077583814728
28157649,-4.056247,-5.125039,1.565820103691101,110.81600110936829,254.73088034332943
28157650,-4.019197,-4.945878,1.2598181036911011,121.73868714600609,252.2844256378606
28157651,-5.111097,-6.63108,0.528895103691101,138.17110613955342,250.83087443979892
28157652,-3.711447,-4.18763,0.1698151036911011,161.49978691217382,246.0966976514664
28157653,-3.38571,-3.655292,0.22257610369110115,164.59626481294393,245.2998924518219
28157658,-4.212162,-5.271062,0.9100741036911011,132.3290700318775,252.0703438662785
28157659,-2.997755,-3.069047,0.33295210369110106,166.94261107848075,245.21282047882252
28157661,-1.798023,-1.13769,0.04412610369110115,220.0856562331106,239.4979122506822
28157662,-2.009991,-1.483242,-0.2793528963088989,224.30479884421536,240.6830192145264
28157665,-3.666466,-4.771043,1.9223841036911011,96.67044434708704,260.4723961353929
28157666,-4.831639,-6.191104,0.1382221036911011,149.744425453379,250.3785205530765
28157667,-4.060752,-4.88279,0.18183310369110117,156.11008945379024,248.81601645447032
28157669,-4.327919,-5.538254,0.7364181036911011,136.68033686224004,253.05043780866384
28157670,-4.517175,-5.831909,0.6081731036911011,139.18400082998437,252.7502645914324
28157671,-4.418761,-5.548039,0.14815410369110116,152.989159513711,250.40361381443196
28157673,-3.538773,-4.101066,0.22607710369110112,160.88775918729334,249.2288126502477
28157674,-3.011594,-3.171638,-0.01676489630889888,179.06973600611715,246.5088229668002
28157675,-2.949351,-3.064277,-0.058262896308898915,182.0267032178876,246.1661788862699
28157678,-4.563349,-6.133495,0.9060501036911011,130.00822046514327,256.23651839619214
28157679,-5.08853,-6.886251,0.28520710369110114,143.41210278017223,254.06806473298784
28157682,-3.209797,-4.323904,2.2325091036911013,80.5548105835534,268.0945988729835
28157683,-5.127998,-6.983385,0.09365810369110106,147.52386985860443,254.2234852082426
28157684,-1.824644,-1.334713,-0.11142389630889893,222.86326933002397,244.62340046446903
28157687,-2.834808,-3.638152,2.053151103691101,86.01572601424337,267.64418548078635
28157688,-1.904556,-1.484154,-0.10501889630889893,217.9289415133188,245.60270242129332
28157690,-4.343493,-5.737832,-0.15541489630889882,160.29491273874328,254.21485653043567
28157691,-3.29574,-3.861807,-0.252274896308899,179.18711509068504,250.9791789251087
28157692,-3.955144,-5.438296,1.1851721036911012,123.36615204574646,261.43502434590846
28157693,-3.010993,-3.426177,-0.002627896308898814,176.25641638330862,251.61082608864857
28157696,-5.5935,-8.120521,-0.4288448963088989,154.11814308864473,257.5243449143055
28157697,-3.336155,-4.058502,0.019396103691101008,168.78774027244475,253.7120001044525
28157699,-4.076993,-5.691287,0.8854681036911011,132.12588041093792,261.38830322395984
28157701,-3.94862,-5.542329,0.9830461036911011,129.62056855167094,262.65915589760687
28157702,-2.784877,-3.144342,-0.134761896308899,185.14895172297463,252.89020153171853
28157703,-1.737863,-1.32533,0.034852103691101144,217.2260903291334,248.8253359419673
28157704,-1.826929,-1.497047,-0.158165896308899,221.42247511701623,249.44088969405675
28157707,-2.638985,-2.966978,0.44860810369110105,165.10474697355602,255.3821410388744
28157708,-3.660663,-4.759003,-0.5303678963088989,178.56048108558878,255.5186316120489
28157710,-1.375173,-1.494365,2.477942103691101,5.395453242740388,299.1509800965273
28157712,-1.969669,-2.295284,1.987749103691101,80.36122246838315,275.3475763135419
28157713,-3.208134,-4.427652,1.263579103691101,122.8975590663369,266.765965820744
28157714,-5.316648,-8.435262,0.7115281036911011,129.82046707873192,267.0629671047314
28157715,-2.970091,-3.670387,-0.01838789630889881,174.94805202833044,257.37990213882705
28157719,-2.963824,-3.699919,-0.11221989630889895,177.92758487833362,257.8891975698018
28157720,-1.83723,-1.643496,-0.10809189630889882,215.80643597422647,253.37120465390268
28157722,-1.848291,-2.14298,2.029528103691101,75.04479202155832,278.523393618042
28157723,-3.745081,-5.283739,0.01461010369110105,159.8791679904517,261.96852592182034
28157725,-3.671031,-5.246879,0.27034010369110106,152.90450984710372,263.836496141524
28157735,-2.679577,-3.397373,0.11265310369110115,174.35434310667915,261.846696938432
28157741,-1.775004,-2.205201,2.009599103691101,76.53121365021099,284.8608555523189
28157743,-1.979764,-2.404718,1.505096103691101,115.37709016845812,274.5895406178584
28157744,-2.065206,-2.372087,0.7862981036911011,157.85044227394894,265.7302302276935
28157745,-0.554391,0.735101,1.453503103691101,177.29932589514726,219.8813959280624
28157747,-2.01401,-2.319508,0.9000981036911011,152.42501428692657,267.3071571552651
28157754,-2.285142,-3.021335,0.5764541036911011,161.04819861557013,270.281504011031
28157755,-0.523375,0.775398,1.497766103691101,164.77817832019207,217.99871662527735
28157756,-2.36003,-3.165884,0.3976801036911011,167.10780094073314,269.5867963355996
28157759,-2.22757,-2.918275,0.4004771036911011,170.12694491399694,269.66428631390784
28157760,-2.275912,-3.01305,0.10632210369110107,181.153625373936,268.5481860020461
28157761,-0.501806,0.819687,1.459880103691101,188.495986700079,212.7537185856316
28157763,-0.723731,0.266674,1.5848901036911012,114.02363221129082,259.11073085582825
28157767,-1.749642,-3.24052,2.799817103691101,21.20507221999455,320.3780451025352
28157770,-3.252167,-5.786492,1.214984103691101,121.9790782945192,285.2161372291912
28157771,-3.054569,-5.284108,1.1700191036911012,124.61242016270424,284.2104369107143
28157772,-1.258382,-0.936373,1.2090641036911012,150.37135682998945,270.44260820791715
28157773,-0.469571,0.873474,1.536686103691101,157.46576234175112,202.60197618841624
28157775,-1.809622,-2.223948,-0.23511689630889898,210.94001626423588,268.9537280626048
28127404,-0.742103,-3.620527,0.03560710369110098,189.8167181813224,344.7463915502756
28134628,-2.417413,0.163461,0.014033103691101001,245.8624704670061,148.54178433315798
28153943,-4.99696,-5.181905,0.5928691036911011,140.88215123228102,232.89574089276965
28153943,-4.99696,-5.181905,0.5928691036911011,140.88215123228102,232.89574089276965
28153944,-5.107682,-5.270685,0.35350610369110114,146.9621980685355,232.03060753270017
28153944,-5.107682,-5.270685,0.35350610369110114,146.9621980685355,232.03060753270017
28153948,-5.313278,-5.5101,-0.06694989630889903,156.3614291826387,231.6433251718794
28153948,-5.313278,-5.5101,-0.06694989630889903,156.3614291826387,231.6433251718794
28120631,-3.416347,-4.522132,2.730686103691101,57.94834839902183,266.37162796769235
28120631,-3.416347,-4.522132,2.730686103691101,57.94834839902183,266.37162796769235
28123748,-4.2829,-2.027658,0.01286210369110119,180.5040911374828,183.24248962232247
28120633,-2.154362,-0.43399,0.02092610369110104,232.842785424079,193.24573845350687
28151563,0.295669,-5.01493,0.5212221036911011,160.62522913057978,417.2039022681042
28083998,-4.958061,-5.020815,3.0091581036911013,57.7045736173005,230.61767215603464
28083998,-4.958061,-5.020815,3.0091581036911013,57.7045736173005,230.61767215603464
28151569,0.436964,-4.778476,-0.042115896308899003,188.96727111382413,413.60127073269257
28127413,-0.6854,-3.80874,0.023241103691101106,188.41183834187152,349.27429108080014
28135432,-0.674354,-2.160658,0.7428871036911011,174.2682632514121,342.4548436460517
28153977,-3.710363,-3.867262,1.222923103691101,125.5471639903366,241.0470668203413
28147281,-3.702744,-4.040423,1.2955001036911011,122.27882783411027,244.7970759323404
28117807,-2.384409,-4.148042,0.0006121036911010957,173.63471256705475,283.87632727075834
28140589,-4.010702,-2.505488,0.1109641036911011,174.28761012375432,202.69488886288184
28140589,-4.010702,-2.505488,0.1109641036911011,174.28761012375432,202.69488886288184
28053577,-5.346611,-4.244344,-0.003079896308898933,160.47039004153436,210.48590523827664
28135456,-0.698182,-3.651754,0.05193810369110108,189.1080645742243,347.54683127076044
28117828,-1.464275,-1.9822,0.030727103691100988,207.92029066995917,280.9568044370413
28127441,-0.411413,-4.346055,0.050190103691100996,183.0987709002873,367.665171767828
28154031,-3.307202,-4.543416,3.047145103691101,40.483386110412766,271.9159659331955
28144873,-1.163242,-2.548268,-0.020245896308898947,204.03713918965133,307.7029749555548
28144875,-1.1278,-2.606625,0.07582310369110101,198.96967569433355,311.57935492840534
28123770,-2.350339,0.090323,-0.04692189630889887,248.57246136173868,156.7790598523802
28154045,-3.046938,-3.092946,0.10705110369110105,175.0493724427822,243.91517618048465
28117846,-2.441927,-5.416955,0.12449010369110103,160.4500490232244,299.3082188226306
28135470,-0.639625,-3.786074,0.061913103691101146,187.46300587812823,351.96573079904385
28117849,-2.143838,-4.677316,-0.00563289630889896,170.9304275929227,299.1314045336168
28127459,-0.255145,-4.697206,0.054101103691100993,180.2430086123456,377.5032125532459
28117850,-1.384698,-2.193827,0.02980510369110112,205.0951927866894,289.8130875229104
28147329,-3.398787,-4.728813,3.190581103691101,35.22610519004482,272.64986682423347
28147329,-3.398787,-4.728813,3.190581103691101,35.22610519004482,272.64986682423347
28154066,-2.817792,-2.939626,0.07167710369110103,179.3472205238114,247.91802321337389
28154066,-2.817792,-2.939626,0.07167710369110103,179.3472205238114,247.91802321337389
28154080,-0.483389,0.622783,0.028530103691100983,387.25111920959046,247.06280797891736
28154080,-0.483389,0.622783,0.028530103691100983,387.25111920959046,247.06280797891736
28154083,-2.850158,-3.203747,0.010406103691101176,178.83691358096343,252.27051923756028
28154083,-2.850158,-3.203747,0.010406103691101176,178.83691358096343,252.27051923756028
28154086,-4.512585,-6.402675,-0.032631896308898956,153.8821825309459,259.23316531766244
28154086,-4.512585,-6.402675,-0.032631896308898956,153.8821825309459,259.23316531766244
28154089,-2.443892,-2.54339,0.10568910369110118,185.20680005154964,252.1328413373642
28154089,-2.443892,-2.54339,0.10568910369110118,185.20680005154964,252.1328413373642
28129799,-3.998512,-2.481712,0.11557210369110105,174.4012385577948,202.3813235072236
28129799,-3.998512,-2.481712,0.11557210369110105,174.4012385577948,202.3813235072236
28144894,-1.480093,-5.237425,0.8854361036911012,137.40909382329667,336.6410464086518
28154097,-3.188231,-4.098151,0.2964101036911011,159.94381745180897,259.14207789758655
28154097,-3.188231,-4.098151,0.2964101036911011,159.94381745180897,259.14207789758655
28154100,-2.794796,-3.326176,0.002279103691101181,178.3375534271203,256.4429721941293
28154100,-2.794796,-3.326176,0.002279103691101181,178.3375534271203,256.4429721941293
28117868,-1.316118,-2.211229,-0.028153896308898974,208.4768205787546,293.22193692250414
28154107,-2.989718,-5.693343,3.9069131036911013,1.659704991180007,308.3069045034781
28117870,-1.327003,-2.317669,0.026801103691101114,203.7711839081923,295.3305358648999
28132318,-3.334868,-0.469107,1.7240821036911012,103.60306138955303,125.29043371126704
28154118,-0.386041,0.63355,0.018479103691101173,401.75465258708783,259.02301378193505
28154118,-0.386041,0.63355,0.018479103691101173,401.75465258708783,259.02301378193505
28086952,-4.955626,-5.02261,2.9037361036911014,62.07701091472407,230.74087164418785
28086952,-4.955626,-5.02261,2.9037361036911014,62.07701091472407,230.74087164418785
28154125,-2.22235,-2.46201,0.09228410369110107,188.75894889269705,258.6744859764003
28154125,-2.22235,-2.46201,0.09228410369110107,188.75894889269705,258.6744859764003
28147359,-3.566457,-4.685366,1.231598103691101,123.40746613749587,260.2895926619263
28147359,-3.566457,-4.685366,1.231598103691101,123.40746613749587,260.2895926619263
28117881,-1.282683,-2.434688,0.027496103691101004,202.2580732728685,299.9166471536171
28154145,-2.044032,-2.367255,0.08331910369110118,192.1639740474627,263.66220275889805
28154145,-2.044032,-2.367255,0.08331910369110118,192.1639740474627,263.66220275889805
28147367,-4.298392,-5.82329,0.08668510369110116,153.7634203859857,256.66730894831056
28147367,-4.298392,-5.82329,0.08668510369110116,153.7634203859857,256.66730894831056
28147368,-3.825385,-4.912515,0.06403310369110105,160.15824988406132,254.76768240448172
28147368,-3.825385,-4.912515,0.06403310369110105,160.15824988406132,254.76768240448172
28154173,-1.811571,-2.329931,0.20001910369110099,189.74719611529952,273.4353378190816
28154174,-1.804821,-2.314013,0.10943310369110115,194.27215757336344,272.89974566118644
28117891,-1.226233,-2.441681,-0.029483896308899027,205.5299702230156,302.4142257588091
28147377,-1.90485,-1.318731,-0.16369789630889886,224.36603913392705,240.3183107209125
28147377,-1.90485,-1.318731,-0.16369789630889886,224.36603913392705,240.3183107209125
28147378,-4.328415,-6.171722,0.04574810369110116,153.30091768172366,260.39540859047224
28147378,-4.328415,-6.171722,0.04574810369110116,153.30091768172366,260.39540859047224
28144913,-0.621994,-2.159235,0.781493103691101,172.24676507461027,347.23810187766617
28135510,-0.363656,-7.040833,1.430426103691101,111.86851063845224,400.0846688345297
28135513,-0.375535,-4.385242,0.05773510369110113,182.6250807941236,369.84634506672353
28135515,-0.360951,-6.640885,0.128080103691101,160.97204441078725,380.99821232850616
28154203,-2.418782,-4.772197,0.05420110369110098,166.9128738301021,291.7645750063334
28154205,-2.263973,-4.310951,0.014772103691101046,172.47960620198631,290.3289249541583
28133200,-0.976583,-3.121459,0.020195103691101002,195.15701562563007,326.6683346449497
28146374,-9.000384,1.145005,-0.30011389630889895,189.54061007321584,4.246385710933822
28135525,-0.274742,-4.624412,0.05374710369110103,180.89931792283787,376.1707521653393
28117908,-1.189632,-2.529857,-0.03823389630889884,204.8539006980861,305.83235428624147
28144923,-0.39985,0.600523,-0.008708896308898817,396.417629456413,259.492644196298
28144923,-0.39985,0.600523,-0.008708896308898817,396.417629456413,259.492644196298
28147405,-2.687829,-3.386837,0.11398910369110116,174.34883957276804,261.3769744130842
28133214,-0.894432,-3.0967,-0.015858896308898807,198.04680638481847,330.1534435007568
28134682,-4.182567,-1.95185,0.13122310369110113,177.53012271090995,182.88388419231924
28134682,-4.182567,-1.95185,0.13122310369110113,177.53012271090995,182.88388419231924
28140624,-3.878686,-2.789484,0.10793610369110107,172.74021213347726,213.2014257951105
28140624,-3.878686,-2.789484,0.10793610369110107,172.74021213347726,213.2014257951105
28129844,-4.676628,-4.151659,0.14255910369110114,159.0421153833991,222.43268379279849
28146392,-3.854728,0.791093,1.6051031036911012,117.2205201580748,1.7274103374470826
28133228,-0.679809,-2.148625,0.747533103691101,174.0911778556033,341.94758464153887
28107854,-1.550645,-1.843322,0.017853103691101158,210.0198931214497,273.0742263238892
28117918,-1.16541,-2.670559,0.03615910369110109,199.3271773612811,310.2907813460737
28115829,-3.960173,-2.731032,0.016582103691101135,175.97350420924087,209.8664914769153
28115829,-3.960173,-2.731032,0.016582103691101135,175.97350420924087,209.8664914769153
28140645,-4.657823,-4.864858,4.017367103691101,6.089181833878968,235.57840915088573
28140645,-4.657823,-4.864858,4.017367103691101,6.089181833878968,235.57840915088573
28133235,-0.798031,-3.472178,0.03815510369110098,191.1768201338473,340.3480274256158
28117930,-1.122659,-2.747163,0.03499310369110109,198.64158849060723,313.7595060156687
28112640,-5.058031,-4.493425,0.02140910369110105,159.46992406633726,220.57041695250987
28112640,-5.058031,-4.493425,0.02140910369110105,159.46992406633726,220.57041695250987
28117931,-1.108967,-2.694178,-0.02836789630889891,202.59369764377723,312.9209299586216
28146415,-7.239594,0.499063,0.6888831036911011,159.1401782044931,24.66194955032654
28117932,-1.693598,-5.433493,0.0367771036911011,166.2207319781825,323.0196163800953
28127543,-0.95563,-3.063229,-0.03620689630889884,198.78510549061767,326.28247797715875
28146420,-5.732181,1.039361,0.07675910369110106,203.7184819006204,20.319669359894988
28129887,-2.100599,-0.475222,-0.04104889630889885,236.20949310769336,198.0734956822537
28129887,-2.100599,-0.475222,-0.04104889630889885,236.20949310769336,198.0734956822537
28137052,-2.900122,-1.434732,1.7792811036911012,98.5569211396748,195.89886792966996
28137052,-2.900122,-1.434732,1.7792811036911012,98.5569211396748,195.89886792966996
28133249,-0.738506,-3.57092,0.05278010369110109,189.7688543776005,344.6661172748209
28143545,-2.770559,0.957389,0.012350103691101122,266.7462947280062,74.47669405807042
28117950,-1.614915,-5.65879,-0.0012898963088989746,166.2792152089199,327.4787399159344
28123898,-2.143664,-0.411631,0.03180510369110112,233.13298679,192.5498712535752
28135605,0.276969,-5.122196,0.5056531036911011,160.32188504023742,415.634908427524
28116495,-2.45422,0.271735,0.01781810369110115,248.49046816633657,139.8805258501912
28147544,-1.671485,-3.842912,0.729812103691101,150.83389932865038,311.17560901121493
28144324,-2.630953,-4.832207,0.9995911036911012,132.52802354373358,290.5864430257037
28147547,-1.608532,-3.663506,0.6969311036911011,153.85770640022406,311.0735673833078
28140672,-4.666908,-4.811522,1.376627103691101,117.90837139802328,234.01432563933952
28147553,-1.324677,-2.457,0.010149103691101002,202.1625719708417,298.06361422744857
28134734,-2.874424,-1.427216,1.772934103691101,98.92600341493792,196.70333065200663
28134734,-2.874424,-1.427216,1.772934103691101,98.92600341493792,196.70333065200663
28143566,-2.712013,0.90538,0.028555103691101147,265.46559966586227,80.41945189517412
28147577,-2.46566,-12.025981,3.991186103691101,44.50725418413711,368.8028272529075
28147579,-1.681567,-5.284252,0.05807110369110102,166.60581459887734,322.1595860025362
28127621,-0.318975,-4.610871,0.03654310369110103,181.40723274402848,373.59622318922777
28129958,-2.009762,-0.695177,-0.04889689630889893,232.31099338553395,212.18675922781617
28129958,-2.009762,-0.695177,-0.04889689630889893,232.31099338553395,212.18675922781617
28120809,-1.904619,-2.329302,1.8508231036911011,90.70515914912669,279.10826384349855
28120809,-1.904619,-2.329302,1.8508231036911011,90.70515914912669,279.10826384349855
28147593,-2.14606,-12.315472,4.323163103691101,34.27338546874341,381.021916854368
28146477,-2.867008,1.535042,0.021705103691101124,292.79593538745536,7.69192139026427
28127649,0.04503,-5.329643,0.0660081036911011,175.45052095086152,394.8034947418598
28140690,-4.833347,-5.013706,0.03490910369110112,157.27239866721453,233.66853015802053
28140690,-4.833347,-5.013706,0.03490910369110112,157.27239866721453,233.66853015802053
28144364,-0.581384,0.607983,-0.008009896308898812,376.40783272938256,236.3500766102834
28144364,-0.581384,0.607983,-0.008009896308898812,376.40783272938256,236.3500766102834
28144368,-3.522272,-10.399746,2.824859103691101,76.24531777085974,327.15987502849106
28140700,-4.380709,-4.536368,0.38784610369110106,150.70680267944786,235.8221655961047
28140700,-4.380709,-4.536368,0.38784610369110106,150.70680267944786,235.8221655961047
28114394,-0.70692,-3.707792,0.035083103691101014,189.0162440018237,347.3987209083965
28107095,-0.592529,-3.848258,-0.03559589630889892,191.24842605212365,353.5331128722843
28074616,-5.389042,-2.969893,3.416093103691101,25.362251293970445,164.64815377844354
28074616,-5.389042,-2.969893,3.416093103691101,25.362251293970445,164.64815377844354
28147681,-0.615958,-3.165689,0.24798410369110102,187.64113756548505,350.1711717340148
28103495,-4.841626,-5.115886,0.1978071036911011,152.40110888010273,235.0885233973676
28103495,-4.841626,-5.115886,0.1978071036911011,152.40110888010273,235.0885233973676
28134793,-3.878087,-2.665567,0.12345110369110102,173.23444012589152,210.17003504786436
28149595,-3.817747,0.672465,1.7262201036911011,104.87720735770766,9.874409270105332
28056746,-5.874351,-2.790351,3.0573131036911008,47.773639711330645,150.2692004991133
28056746,-5.874351,-2.790351,3.0573131036911008,47.773639711330645,150.2692004991133
28149605,-6.16083,-0.173194,3.135706103691101,16.273792040015934,8.60437462845806
28147742,-0.1924,-5.991435,0.1188941036911011,166.49756584408755,386.032526432979
28133308,-0.312021,-4.568978,0.047142103691101056,181.49199252989212,373.9034436801038
28107112,-0.19022,-4.80663,0.06402510369110104,179.157063717442,381.4105046932403
28137185,-0.481398,0.369142,-0.01973489630889902,357.681361434804,265.61865954716075
28137185,-0.481398,0.369142,-0.01973489630889902,357.681361434804,265.61865954716075
28144416,-2.179246,-8.495552,3.101997103691101,56.013384153831794,355.39230167487096
28134831,-4.460764,-3.924011,0.20396210369110102,159.1820947767109,222.97002053082696
28134831,-4.460764,-3.924011,0.20396210369110102,159.1820947767109,222.97002053082696
28134834,-3.758687,-2.951306,0.12245710369110108,171.5607939706059,220.1683418982662
28143674,-3.270783,-0.492069,1.726280103691101,103.22105591225515,129.03420162680942
28144427,-1.141773,-2.497861,0.09079710369110106,199.91861057083617,309.0871253075184
28140136,-2.790527,0.951484,-0.0019778963088989965,266.639508790649,74.98465312300164
28134863,-2.055816,-0.599858,-0.04529889630889894,233.8137576495293,205.87495854328571
28134863,-2.055816,-0.599858,-0.04529889630889894,233.8137576495293,205.87495854328571
28109385,-5.406736,-2.966294,3.4442451036911015,23.9051336333101,163.87176885240711
28109385,-5.406736,-2.966294,3.4442451036911015,23.9051336333101,163.87176885240711
28140165,-6.004745,-1.728132,2.9952371036911014,43.50384011180879,106.5471789582728
28134872,-4.764299,-4.95949,0.13427810369110116,155.02804928592133,234.2631813924617
28144455,-0.936062,-2.54108,0.4728681036911011,181.88078450356144,326.25926393127645
28067042,-1.606509,-5.583187,0.019099103691101016,166.16829860287567,327.2565117975608
28137230,-0.313195,-2.148181,0.3507981036911011,204.797109439596,361.8973948617644
28147895,-1.736333,-1.251624,-0.029677896308898832,222.29220663332745,246.3444950783112
28147895,-1.736333,-1.251624,-0.029677896308898832,222.29220663332745,246.3444950783112
28147897,-4.83665,-6.629376,-0.098731896308899,153.82402593078348,255.38839135548724
28147901,-2.789728,-3.230394,0.10105510369110116,175.62335935546218,254.9403004098412
28147901,-2.789728,-3.230394,0.10105510369110116,175.62335935546218,254.9403004098412
28074899,-1.438594,-3.725184,-0.007378896308898986,184.29151429838424,313.071495606866
28147911,-2.740828,-3.270832,0.11425210369110106,175.06460724785484,257.3786326969813
28143723,-6.275269,-3.070124,3.178010103691101,46.97073282343953,150.23123665638082
28143723,-6.275269,-3.070124,3.178010103691101,46.97073282343953,150.23123665638082
28133359,0.103716,-5.444213,-0.02394889630889896,178.1868047558533,396.3998361353087
28143724,-3.177266,-0.657347,1.7586171036911011,100.29856292951158,142.7720572325414
28147916,-3.193011,-4.025337,1.0574621036911012,132.1951312259887,259.5219780798377
28147920,-2.202086,-2.447441,0.09715610369110106,188.92856332159147,259.1521267034325
28147920,-2.202086,-2.447441,0.09715610369110106,188.92856332159147,259.1521267034325
28147925,-3.38137,-4.495692,1.246438103691101,123.33933384725631,262.56041657695965
28147925,-3.38137,-4.495692,1.246438103691101,123.33933384725631,262.56041657695965
28147930,-1.67289,-1.508816,-0.06466989630889897,219.20572920413505,257.41114923069966
28147930,-1.67289,-1.508816,-0.06466989630889897,219.20572920413505,257.41114923069966
28147944,-1.611845,-1.518608,-0.018433896308899023,217.70444098964867,260.9261073294198
28147944,-1.611845,-1.518608,-0.018433896308899023,217.70444098964867,260.9261073294198
28124057,-1.913419,-0.954343,0.02852610369110109,223.2901598366459,227.0893631169892
28124057,-1.913419,-0.954343,0.02852610369110109,223.2901598366459,227.0893631169892
28132628,-5.565372,-4.200463,-0.06073289630889889,161.5382699368378,205.62139246514343
28130066,-1.757114,-1.278352,-0.051039896308898935,222.3684457742817,246.15657808533388
28130066,-1.757114,-1.278352,-0.051039896308898935,222.3684457742817,246.15657808533388
28147988,-3.237018,-4.472643,3.1870381036911013,31.17898843545379,273.81911506070645
28147988,-3.237018,-4.472643,3.1870381036911013,31.17898843545379,273.81911506070645
28147992,-3.371782,-4.722178,3.335985103691101,26.816426426247403,274.1490646394194
28147992,-3.371782,-4.722178,3.335985103691101,26.816426426247403,274.1490646394194
28140204,-3.350224,-0.296175,1.5853761036911012,115.31374244299693,115.60273387618432
28149925,-5.903053,-1.719617,3.090819103691101,36.674143902698034,106.63548734182994
28148015,-2.307853,-4.945576,-0.10598889630889885,171.3811609980262,296.6095933270642
28140812,-3.299804,-4.528898,3.2108731036911013,31.077944533979093,272.6134422287783
28140812,-3.299804,-4.528898,3.2108731036911013,31.077944533979093,272.6134422287783
28105238,-1.867769,-5.008432,0.009896103691101166,169.31094830848633,312.4836913920135
28148026,-0.59191,0.662202,-1.689630889889493e-05,382.10855101049793,230.4329096798409
28148026,-0.59191,0.662202,-1.689630889889493e-05,382.10855101049793,230.4329096798409
28146690,-2.783333,0.993737,-0.06782189630889901,272.7686672008033,73.5224640829743
28140819,-1.832203,-1.109922,0.029247103691101062,220.9197499835893,236.81336736826705
28140819,-1.832203,-1.109922,0.029247103691101062,220.9197499835893,236.81336736826705
28105249,-1.454553,-5.132409,0.8973991036911011,137.41555352724396,336.8429480740387
28140825,-4.779595,-6.873556,-0.11499989630889895,153.41899771315536,259.2918764288033
28140825,-4.779595,-6.873556,-0.11499989630889895,153.41899771315536,259.2918764288033
28148055,-1.764464,-5.713174,-0.01390889630889891,165.67180730350304,322.86370892622296
28120995,-1.805894,-3.927735,0.7381801036911011,149.3914727580051,306.7183659948761
28143751,-6.310418,-3.35431,3.203327103691101,48.01084194158096,158.111118720144
28143751,-6.310418,-3.35431,3.203327103691101,48.01084194158096,158.111118720144
28148080,-0.718506,-2.046465,0.7720121036911011,173.66379623584285,337.8271515219499
28140226,-3.314879,-0.371,1.7217441036911012,103.71292482803368,119.1025778814695
28121004,-2.108762,-4.702929,0.012098103691100981,170.3179722886182,300.7323653979153
28132698,-5.00808,-4.450753,0.048852103691101156,159.0864178292424,220.8249437493241
28132698,-5.00808,-4.450753,0.048852103691101156,159.0864178292424,220.8249437493241
28144535,-0.634433,-3.526193,0.13630410369110102,187.64837564195184,350.9593580979569
28150061,-3.332274,-0.560165,1.726423103691101,103.42684164587487,131.4612851368148
28130124,-1.615888,-1.620627,-0.05440389630889886,217.18096115304104,263.482343519193
28130124,-1.615888,-1.620627,-0.05440389630889886,217.18096115304104,263.482343519193
28150081,-5.169207,-1.24086,0.12423110369110102,178.08815085884214,137.8548912660179
28130132,-1.574901,-1.658547,-0.038144896308898835,216.2231106369371,266.6594396023956
28150117,-5.858646,-2.855622,3.063345103691101,47.82936875217385,152.76519328638756
28150117,-5.858646,-2.855622,3.063345103691101,47.82936875217385,152.76519328638756
28121043,-1.456768,-5.097339,0.9039441036911011,137.29193477453742,336.4955122382105
28135003,-4.796731,-6.759628,-0.10830189630889886,153.648670447558,257.6681489356579
28130142,-1.547764,-1.735445,-0.039847896308898845,215.10009142372093,270.0878698953755
28135005,-1.867278,-1.047175,-0.05765689630889881,226.3206732964129,232.83161839186903
28143795,-5.921455,-3.406086,3.2622591036911013,42.632678442752,167.40114903271768
28143795,-5.921455,-3.406086,3.2622591036911013,42.632678442752,167.40114903271768
28135014,-4.295066,-6.230342,0.6457161036911011,137.30088774547312,262.97435165224755
28135014,-4.295066,-6.230342,0.6457161036911011,137.30088774547312,262.97435165224755
28140936,-1.606871,-1.579156,0.04991110369110108,213.00132768993905,263.2331453862228
28140936,-1.606871,-1.579156,0.04991110369110108,213.00132768993905,263.2331453862228
28150177,-3.122026,-0.875643,1.738384103691101,101.93223391165624,158.469758634301
28134264,-6.04844,-1.42117,3.5185621036911012,6.725080596656113,81.48958154730929
28117345,-2.372308,0.096203,0.017913103691101107,244.5096209176563,154.55600233019302
28118154,-0.551183,-12.740921,3.841673103691101,42.87448134008767,423.76162153420273
28135037,-2.778737,-3.240419,0.10724010369110104,175.36883490726146,255.51354621069936
28135037,-2.778737,-3.240419,0.10724010369110104,175.36883490726146,255.51354621069936
28130169,-1.432009,-1.992545,0.05648510369110116,206.9126275197499,283.0400133703758
28124213,-1.5363,-1.856265,0.024889103691100978,209.62773810308363,274.16755626802626
28140955,-2.747054,-5.094998,0.974127103691101,132.47011428867455,290.27527004485825
28130176,-1.402022,-2.033213,-0.03325589630889891,210.92392933314295,284.8693034894963
28116714,-2.368752,-4.175101,0.002390103691101153,173.43747594545528,284.80654563469204
28134287,-2.746019,1.117675,-0.007358896308898855,276.59523981431795,60.07461405951685
28130192,-1.32323,-2.208002,0.0567611036911011,204.35732797752843,293.509066965727
28124252,-1.339564,-2.012173,0.008468103691101181,210.22811539984116,287.9505822354892
28120252,-5.695861,-3.041896,3.0505111036911012,48.570433057799335,162.5541978724202
28120252,-5.695861,-3.041896,3.0505111036911012,48.570433057799335,162.5541978724202
28093643,-5.706649,-2.922791,3.024792103691101,49.0857676074003,158.63221195144143
28093643,-5.706649,-2.922791,3.024792103691101,49.0857676074003,158.63221195144143
28116729,-1.465832,-2.010039,0.022680103691101072,207.7565315930557,281.4822209640444
28143834,-2.371487,0.204,0.04917410369110109,246.50750494278483,147.13603367688577
28121123,-3.759379,-4.008041,1.292120103691101,122.45986217404058,242.5173793431634
28121123,-3.759379,-4.008041,1.292120103691101,122.45986217404058,242.5173793431634
28124263,-1.335681,-2.339931,0.018416103691101027,203.66242300367517,295.2671442164008
28150343,-5.209451,-3.065758,0.15108210369110098,163.03962838477918,188.78125265987603
28150343,-5.209451,-3.065758,0.15108210369110098,163.03962838477918,188.78125265987603
28130215,-1.226397,-2.455492,0.052577103691101135,201.42025799923448,303.4529742937662
28124280,-1.436265,-5.081105,0.9113331036911011,137.09952289366913,337.2691873951792
28060344,-3.6989,-7.449446,4.150010103691101,17.30541462865756,306.2372293812183
28060344,-3.6989,-7.449446,4.150010103691101,17.30541462865756,306.2372293812183
28071084,0.754096,-5.191595,0.24272310369110106,174.418811505484,438.2748103072
28124296,-1.161647,-2.725986,0.019347103691101042,199.24722302056912,311.24277487573784
28135061,-1.777927,-1.200418,-0.038282896308898806,223.2115272284312,242.562152282734
28135061,-1.777927,-1.200418,-0.038282896308898806,223.2115272284312,242.562152282734
28116762,-1.254058,-2.373545,-0.030438896308898844,206.430885501306,299.67243454206096
28130223,-1.670615,-5.567771,0.03476310369110114,165.48147710238757,325.0458967682033
28150374,-2.889869,-1.504309,1.8126851036911011,96.14386125086432,199.27201189656276
28150374,-2.889869,-1.504309,1.8126851036911011,96.14386125086432,199.27201189656276
28130224,-1.180857,-2.523444,0.06416710369110112,200.27396909691495,307.19916280763545
28150390,-2.796775,-1.481758,1.7808481036911012,98.11572014511728,202.524968912648
28150390,-2.796775,-1.481758,1.7808481036911012,98.11572014511728,202.524968912648
28111013,-4.808428,-5.063683,0.34134510369110105,148.74634862260734,234.9862048731332
28111013,-4.808428,-5.063683,0.34134510369110105,148.74634862260734,234.9862048731332
28111014,-4.876826,-5.138344,1.635807103691101,109.0327743209742,234.8265264221086
28111014,-4.876826,-5.138344,1.635807103691101,109.0327743209742,234.8265264221086
28140988,-1.518827,-1.88808,-0.07023289630889895,213.8609763481499,275.2693452244039
28150397,-5.076434,-3.493208,0.13703210369110108,161.44445572519933,200.97404920097904
28150397,-5.076434,-3.493208,0.13703210369110108,161.44445572519933,200.97404920097904
28121163,-4.226511,-5.476033,0.4583231036911011,145.1287115898872,254.0957928259059
28116777,-1.1575,-2.686316,0.037388103691101016,199.10675134754155,310.9780511555728
28121177,-4.646756,-6.573108,-0.05854489630889881,153.52703768371043,258.5112075026608
28121177,-4.646756,-6.573108,-0.05854489630889881,153.52703768371043,258.5112075026608
28150426,-3.010315,-1.526981,0.27113910369110106,185.7740937542389,202.84578719646072
28124358,-0.795356,-3.478627,0.03857810369110104,191.0957698091479,340.5618961108466
28124364,-0.739241,-3.6274,0.03467610369110119,189.7925284754911,344.9495778581037
28130229,-1.159543,-2.559311,-0.026805896308898847,204.19643087981416,308.0230272931456
28150446,-4.546971,-4.641305,3.182337103691101,44.88834225575616,233.86692724951288
28121205,-2.784003,-3.441813,0.06907910369110115,174.9241624283812,259.1620860896904
28121205,-2.784003,-3.441813,0.06907910369110115,174.9241624283812,259.1620860896904
28150461,-5.262679,-4.66989,-0.010000896308898888,158.81993857654214,219.52648438722528
28150461,-5.262679,-4.66989,-0.010000896308898888,158.81993857654214,219.52648438722528
28141012,-1.442504,-2.070372,-0.07669289630889886,211.67663993902167,283.35868216303214
28135092,-1.740656,-1.328439,-0.05415189630889894,221.6380415528368,248.5763307324045
28135092,-1.740656,-1.328439,-0.05415189630889894,221.6380415528368,248.5763307324045
28140377,-6.01494,-3.243679,3.134672103691101,48.31291869472077,161.33125088936467
28140377,-6.01494,-3.243679,3.134672103691101,48.31291869472077,161.33125088936467
28150475,-4.525659,-4.007268,0.19830610369110113,158.66734445352483,223.07150039592415
28150475,-4.525659,-4.007268,0.19830610369110113,158.66734445352483,223.07150039592415
28121220,-2.707551,-3.48731,0.009871103691101002,177.12912440024311,262.32012021988766
28121220,-2.707551,-3.48731,0.009871103691101002,177.12912440024311,262.32012021988766
28141018,-1.398304,-2.060378,0.05366210369110114,206.230991524506,286.3370951327235
28127061,-2.00297,-0.671672,-0.03498089630889889,232.3715041515809,211.44209612515525
28127061,-2.00297,-0.671672,-0.03498089630889889,232.3715041515809,211.44209612515525
28141022,-1.409054,-2.132899,-0.0659338963088989,210.444391525386,286.5116579255018
28121237,-3.353636,-4.611515,3.106218103691101,38.29854310064769,271.7438592470072
28121237,-3.353636,-4.611515,3.106218103691101,38.29854310064769,271.7438592470072
28150510,-5.039398,-5.20525,-0.014808896308898811,157.1138421165398,232.43220845895655
28150510,-5.039398,-5.20525,-0.014808896308898811,157.1138421165398,232.43220845895655
28150519,-3.438014,-2.96442,0.11108910369110103,173.67988173612184,229.4009591672104
28150530,-3.799265,-4.069026,1.291053103691101,122.3582085492074,242.58176616386243
28135120,-1.692433,-1.410198,-0.04348889630889885,220.04952286758467,253.5474944594501
28150539,-3.81175,-4.153779,1.203528103691101,125.51956837180732,243.79612753279625
28146983,-5.14384,-3.035978,3.066197103691101,43.0735729803086,175.4462353463477
28146983,-5.14384,-3.035978,3.066197103691101,43.0735729803086,175.4462353463477
28118238,1.848167,-20.533827,-0.20750689630889885,132.64610549214171,434.5741434800353
28153074,-6.282995,0.669184,0.2793681036911011,184.05253628244867,32.71480652759223
28121274,-1.571486,-1.602444,-0.021127896308898997,216.6519276566863,265.3603543633823
28141693,-0.56275,0.627378,0.03914710369110108,378.0355790524415,236.9263292567497
28141693,-0.56275,0.627378,0.03914710369110108,378.0355790524415,236.9263292567497
28150561,-3.619077,-4.069463,1.297834103691101,122.15470471885696,247.81617389409365
28150561,-3.619077,-4.069463,1.297834103691101,122.15470471885696,247.81617389409365
28140397,-5.157456,-2.70878,3.172663103691101,34.103738659329565,163.11989544203774
28140397,-5.157456,-2.70878,3.172663103691101,34.103738659329565,163.11989544203774
28143239,-3.853204,0.716019,1.729263103691101,104.69599388383058,4.13420144687106
28143240,-3.799016,0.700973,1.757160103691101,101.62238504788364,5.0607911010474425
28124458,-4.230437,-9.044172,1.766934103691101,104.04603748298796,296.67871007662177
28127079,-1.953238,-0.786941,-0.038130896308898876,230.4023946465353,218.65248977392025
28127079,-1.953238,-0.786941,-0.038130896308898876,230.4023946465353,218.65248977392025
28135142,-1.667741,-1.507724,-0.05737289630889886,218.95579531837848,257.65945461471097
28135142,-1.667741,-1.507724,-0.05737289630889886,218.95579531837848,257.65945461471097
28110383,-0.784436,-3.502322,0.043723103691100995,190.65220500083905,341.44985321928846
28124473,-1.472621,-2.025731,0.01765210369110104,207.6062105977317,281.4733007145637
28121310,-1.454082,-1.853181,-0.013677896308898818,212.81589010841716,278.0376264679828
28140409,-5.608593,-3.137775,3.1581141036911013,43.12551642863724,166.84268523283504
28140409,-5.608593,-3.137775,3.1581141036911013,43.12551642863724,166.84268523283504
28150638,-4.043153,-5.564317,0.16267910369110106,153.51037514924843,259.0591690684339
28150638,-4.043153,-5.564317,0.16267910369110106,153.51037514924843,259.0591690684339
28153166,-6.806764,-0.867937,3.0824351036911013,38.04380753525416,49.245066119388696
28144639,0.652966,-12.382837,1.5896651036911011,104.15698593298832,435.285119053712
28121318,-1.415823,-1.950286,-0.01938189630889897,211.6976881469299,282.3281259217811
28143252,-5.672553,1.148224,0.03058610369110104,208.4164259971808,14.897929699402567
28143253,-6.325119,-0.019355,2.670068103691101,51.35641495398605,11.082103107709033
28121327,-1.40003,-2.142477,0.026728103691101124,205.9802309013425,287.8844582983672
28143255,-3.79556,0.652649,1.725809103691101,104.83975079444836,12.49728935903164
28121329,-3.164567,-7.508094,1.9114491036911012,98.16092225700103,309.5984622625332
28147029,-5.417628,-3.220467,1.5644851036911012,113.25913402405264,182.41033904748664
28147029,-5.417628,-3.220467,1.5644851036911012,113.25913402405264,182.41033904748664
28150672,-2.249367,-2.469142,0.09642210369110105,188.2391905547001,257.7907427011264
28150672,-2.249367,-2.469142,0.09642210369110105,188.2391905547001,257.7907427011264
28141052,-1.271408,-2.480197,-0.07266189630889897,206.251657688492,300.4412229084173
28135161,-1.607147,-1.557248,0.05485710369110097,213.21453787308727,262.60896908018185
28135161,-1.607147,-1.557248,0.05485710369110097,213.21453787308727,262.60896908018185
28130276,-0.934487,-3.175284,0.03454410369110117,194.1682748394942,329.719371802086
28135162,-1.628811,-1.578699,-0.05624489630889884,217.97484997493925,261.64866675355245
28124498,-1.285963,-2.219636,-0.0128158963088989,208.00658273104855,295.09053834869496
28143946,-2.223961,-0.134161,0.06254610369110103,238.0526378037767,173.97160137288512
28124504,-1.254771,-2.307824,-0.01316689630889889,206.8075114717384,298.5022133361862
28121344,-1.323087,-2.322439,0.03368310369110117,203.40995954074535,295.687434323271
28121345,-1.300294,-2.229819,-0.022087896308898847,208.05840690011587,294.4778166813775
28141704,-0.63006,-3.701029,-0.007278896308898997,191.66010020248143,350.709752825201
28143264,-6.692579,-0.254614,3.275479103691101,15.5901208967079,6.169993056900978
28121347,-1.876325,-4.415033,0.7902261036911011,144.1398561259653,310.9436849294221
28132893,-1.884528,-1.050157,-0.06867789630889898,226.48172543590977,232.11794826791856
28132893,-1.884528,-1.050157,-0.06867789630889898,226.48172543590977,232.11794826791856
28143266,-3.738228,0.639666,1.753507103691101,101.78902766603868,13.36001146303903
28124511,-1.786375,-5.275333,0.078811103691101,165.4997294365527,318.5989116038651
28121350,-2.952118,-7.818929,2.225689103691101,87.83557468835389,320.0796263928231
28143959,-2.790689,-1.401657,1.6429641036911011,108.28753467908471,199.96394458527752
28143959,-2.790689,-1.401657,1.6429641036911011,108.28753467908471,199.96394458527752
28141058,-1.221991,-2.438626,0.05836510369110104,201.4911575275908,303.4221648882431
28121353,-1.282456,-2.451165,0.025855103691101,202.05475233703976,300.22912229686824
28121354,-1.259841,-2.355963,-0.03212989630889895,206.75209976506636,299.01674158241224
28130283,-0.890879,-3.104598,-0.007345896308898814,197.58286133140575,330.54905929203574
28124518,-1.112203,-2.655916,-0.01701189630889899,202.6788229160913,312.23884113934787
28129546,-3.208411,-0.586075,1.725107103691101,103.15069963930954,137.58851269191877
28121365,-1.216035,-2.56782,0.02514110369110112,200.93132036872743,305.7816250821688
28121370,-1.17757,-2.652279,0.036342103691101135,199.47329359940983,309.3540093069963
28124521,-1.670441,-5.412183,0.05199810369110103,165.9709243454849,323.73400828861287
28121371,-1.155343,-2.551538,-0.024792896308899026,204.2921545786942,308.124331285317
28135180,-2.694949,-5.03285,0.999814103691101,131.79122640426243,291.2426990381637
28121382,-1.667843,-5.260591,0.07895210369110117,166.13614597163524,322.572927794671
28135187,-1.551175,-1.631874,0.07299310369110112,211.57825256955067,267.702846861328
28150757,-2.274613,-4.281771,0.10980110369110108,169.33736113747398,290.0589965675368
28127128,-2.792195,-3.338887,0.09063210369110108,175.00534783209733,256.97706164996777
28127128,-2.792195,-3.338887,0.09063210369110108,175.00534783209733,256.97706164996777
28138195,-4.096885,-3.686688,0.6086751036911011,148.3491760736236,226.7986098653537
28138195,-4.096885,-3.686688,0.6086751036911011,148.3491760736236,226.7986098653537
28138197,-4.981874,-5.308637,1.839723103691101,102.31269233549008,235.338001114225
28113595,-1.669361,-5.225562,0.09500410369110113,165.8337265251243,322.3011118531067
28141075,-1.189383,-2.603858,-0.05899489630889887,204.5266379016524,306.9530298901083
28141731,-0.430651,0.569765,0.006387103691101181,387.1558175623664,257.97422361214296
28141731,-0.430651,0.569765,0.006387103691101181,387.1558175623664,257.97422361214296
28124539,-0.952489,-3.197487,0.01939510369110109,194.3289159727938,328.8979508367688
28124541,-0.918307,-3.111135,-0.03446589630889885,198.38544097213705,328.87031285660987
28138204,-0.926598,1.059361,-0.015847896308898823,401.5726419395967,152.50134054405274
28147083,-5.585619,-3.280752,-0.20107089630889896,170.55762873898823,187.47572328745125
28147083,-5.585619,-3.280752,-0.20107089630889896,170.55762873898823,187.47572328745125
28143983,-2.14784,-0.252964,0.071124103691101,235.629092064229,183.8513030577952
28121425,-0.908395,-3.155368,-0.03423289630889892,197.80691777379388,329.96120396978023
28132922,-2.758637,-3.306911,0.10102910369110107,175.11754311774592,257.4703972567718
28132922,-2.758637,-3.306911,0.10102910369110107,175.11754311774592,257.4703972567718
28135224,-1.498365,-1.885685,-0.05474789630889898,213.4758433778789,276.3280710966187
28135228,-1.473413,-1.891505,0.048508103691101034,208.68172817648457,278.4053127664659
28124561,-0.787147,-3.529832,0.029073103691101165,190.89007834464635,341.40836574213256
28124562,-0.773392,-3.429306,-0.027510896308899024,194.8979095783808,340.279878547995
28143285,-7.526711,0.226718,0.659818103691101,157.09813344976217,36.62417801136269
28121450,-0.669915,-2.132407,0.7865481036911011,171.81277458371812,343.2290364308449
28117526,-3.495718,-2.339167,0.03992510369110103,181.87365616658244,212.59376422573095
28117526,-3.495718,-2.339167,0.03992510369110103,181.87365616658244,212.59376422573095
28141750,-0.398155,0.61034,-0.004376896308898814,397.8862217417431,258.99084059393795
28141750,-0.398155,0.61034,-0.004376896308898814,397.8862217417431,258.99084059393795
28143295,-5.533226,0.877029,0.11262610369110115,201.82989771560213,31.67474590866365
28117535,-4.732108,-4.193527,0.12343610369110114,159.19356864230207,222.0036714359564
28117535,-4.732108,-4.193527,0.12343610369110114,159.19356864230207,222.0036714359564
28117536,-3.876962,-3.020218,0.07783810369110111,171.91960139162703,218.65986493389929
28117536,-3.876962,-3.020218,0.07783810369110111,171.91960139162703,218.65986493389929
28147100,-5.412842,-3.496654,0.06746110369110103,162.25764949953398,194.4733066362048
28147100,-5.412842,-3.496654,0.06746110369110103,162.25764949953398,194.4733066362048
28147102,-2.446384,-1.045752,1.962300103691101,78.89427165102049,196.64469696926443
28121468,-0.702333,-3.730235,0.033348103691101194,188.84003239178816,347.8226197515152
28141083,-1.154435,-2.623609,0.05022610369110114,199.57490472998265,310.2020355886614
28073524,-5.783947,-2.803211,3.030888103691101,48.50160868225291,152.8793687943549
28141087,-1.682368,-5.414079,0.03493510369110098,166.46506343511496,323.2065700896603
28117571,-4.49439,-4.626891,1.397470103691101,117.42416946972924,234.84934555214943
28127154,-1.784293,-1.154966,-0.030405896308898894,223.7985371804023,240.70210400497936
28127154,-1.784293,-1.154966,-0.030405896308898894,223.7985371804023,240.70210400497936
28124590,-0.631786,-3.760563,-0.03304389630889881,191.93714349747475,350.7909131594968
28117578,-4.527507,-4.717651,0.48368110369110107,146.6759133506232,235.5397138219278
28117578,-4.527507,-4.717651,0.48368110369110107,146.6759133506232,235.5397138219278
28141095,-1.572561,-5.30365,0.09036810369110104,165.88880710094378,326.45949269183774
28147110,-2.908709,-1.50036,1.651999103691101,107.79825700390474,199.19947747070853
28147110,-2.908709,-1.50036,1.651999103691101,107.79825700390474,199.19947747070853
28108883,-0.965704,-3.124759,0.03366710369110115,194.62122705081345,327.4332575648091
28130335,-0.670075,-3.75879,0.04631310369110109,188.20939720434467,349.92476456243185
28104264,-1.76222,-1.138632,-0.012717896308898968,223.6962192525615,241.24815287028017
28150963,-2.856828,-1.474357,1.644050103691101,108.27920964584382,200.31076164982804
28147131,-2.107937,-0.227109,0.1044351036911011,235.47217028601565,183.9689019440845
28147131,-2.107937,-0.227109,0.1044351036911011,235.47217028601565,183.9689019440845
28135255,-1.401541,-2.088152,-0.04963689630889889,210.6419086902848,286.0169134668769
28124618,-0.482971,-4.207006,0.040565103691101,184.5359066081489,362.98057627989016
28144019,-4.688765,-4.852267,3.993759103691101,7.56546287048883,234.3780228711818
28144019,-4.688765,-4.852267,3.993759103691101,7.56546287048883,234.3780228711818
28132954,-1.772356,-1.235903,-0.05215789630889889,223.16332369336203,244.00683356323756
28132954,-1.772356,-1.235903,-0.05215789630889889,223.16332369336203,244.00683356323756
28117651,-4.287235,-5.5143,0.43078210369110104,145.6432493626477,253.2116662068
28151002,-1.972803,-0.636685,-0.008449896308898808,232.58277789875584,211.23832864681827
28151002,-1.972803,-0.636685,-0.008449896308898808,232.58277789875584,211.23832864681827
28141784,0.275257,-4.924021,0.5390981036911011,160.4712931430554,416.4839242286565
28151006,-3.81252,-2.955463,0.030419103691101013,174.44289702793913,218.9498811784607
28151006,-3.81252,-2.955463,0.030419103691101013,174.44289702793913,218.9498811784607
28138267,-0.79292,-2.129229,0.5458451036911011,186.0517266787133,329.7771181443516
28130370,-0.344491,-4.454364,0.06469010369110118,181.79922415182523,371.9294044581994
28144033,-5.13768,-4.552596,0.024620103691101125,158.84011300973327,219.97910622856784
28144033,-5.13768,-4.552596,0.024620103691101125,158.84011300973327,219.97910622856784
28141789,0.773077,-17.995935,1.034113103691101,114.43447730401958,425.2375350454173
28151019,-4.655594,-4.147782,0.15220510369110118,158.84887001790554,222.8154898363032
28151019,-4.655594,-4.147782,0.15220510369110118,158.84887001790554,222.8154898363032
28135263,-1.371888,-2.075495,0.06410410369110098,205.7984717337058,288.13535736920096
28151033,-1.964878,-0.944414,0.0026911036911010378,223.92863250204977,224.2893164967555
28151033,-1.964878,-0.944414,0.0026911036911010378,223.92863250204977,224.2893164967555
28151040,-3.230881,-2.737743,0.022465103691100996,180.35733267871333,230.33095451520327
28151040,-3.230881,-2.737743,0.022465103691100996,180.35733267871333,230.33095451520327
28130387,-0.151365,-4.926555,0.04826410369110112,178.81610411077833,383.5598462645629
28117667,-4.538567,-6.384057,-0.01946189630889883,153.57071655096297,258.4979993878125
28151045,-4.822236,-4.959519,0.03521910369110115,157.55113754976617,233.05246907788444
28151045,-4.822236,-4.959519,0.03521910369110115,157.55113754976617,233.05246907788444
28151048,-5.04905,-5.256385,0.7355311036911011,136.52654782017973,232.97902534636967
28151048,-5.04905,-5.256385,0.7355311036911011,136.52654782017973,232.97902534636967
28127214,-1.638275,-1.549064,0.037290103691101084,213.7884415544669,260.7138568762612
28127214,-1.638275,-1.549064,0.037290103691101084,213.7884415544669,260.7138568762612
28143328,-6.925806,0.022397,0.7314001036911011,155.40467976778487,50.50955847247721
28151055,-4.371433,-4.49621,0.26966810369110106,154.47852520367337,235.33317151904603
28151055,-4.371433,-4.49621,0.26966810369110106,154.47852520367337,235.33317151904603
28124658,-0.178675,-4.89132,0.045256103691101,179.1051269165602,382.0103504828136
28151062,-4.712345,-4.844702,1.690960103691101,107.0943844063588,233.53072173020925
28151062,-4.712345,-4.844702,1.690960103691101,107.0943844063588,233.53072173020925
28151067,-4.695179,-4.849764,1.772725103691101,104.18010231729907,234.0372691754652
28151067,-4.695179,-4.849764,1.772725103691101,104.18010231729907,234.0372691754652
28151074,-1.824826,-1.00077,-0.012326896308898938,225.9633315081772,233.1834175245569
28151074,-1.824826,-1.00077,-0.012326896308898938,225.9633315081772,233.1834175245569
28151082,-3.031292,-2.883466,0.3593081036911011,167.27299390160624,240.0040598128284
28151082,-3.031292,-2.883466,0.3593081036911011,167.27299390160624,240.0040598128284
28127234,-1.573449,-1.667785,0.04955710369110111,211.67032842163215,267.4313819704219
28127237,-1.55583,-1.627841,-0.01666589630889881,216.1296618177329,266.8875021970261
28141803,1.390281,-16.416327,0.3296681036911011,128.99093961092797,434.8886641779416
28141806,1.718984,-17.839279,0.04532910369110099,132.25320060115425,437.65568897515095
28151107,-1.804297,-1.171666,0.03373010369110108,219.70576649397927,240.368367739383
28151107,-1.804297,-1.171666,0.03373010369110108,219.70576649397927,240.368367739383
28117704,-2.743105,-3.538417,0.07086710369110105,174.25462018187568,262.28322259043694
28117704,-2.743105,-3.538417,0.07086710369110105,174.25462018187568,262.28322259043694
28144061,-4.581781,-4.693354,1.6860301036911012,107.17330380830496,233.9393336202648
28144061,-4.581781,-4.693354,1.6860301036911012,107.17330380830496,233.9393336202648
28147162,-4.684757,-4.826784,4.060119103691101,3.642467918314708,233.9338893644649
28147162,-4.684757,-4.826784,4.060119103691101,3.642467918314708,233.9338893644649
28135286,-1.312367,-2.248827,0.052291103691101126,203.9756462765181,294.89219633612515
28127256,-1.475727,-1.921749,0.04034810369110109,208.4574183497044,278.9767592436214
28135287,-1.32461,-2.270834,-0.049077896308898916,208.23320177541652,293.8485169506298
28144065,-4.487008,-4.568903,1.5319341036911012,112.71939530389244,233.9699584519473
28144065,-4.487008,-4.568903,1.5319341036911012,112.71939530389244,233.9699584519473
28124685,0.134444,-5.588594,0.05579910369110119,173.99067176588434,399.4795866177052
28127264,-1.440562,-1.991697,0.045287103691101116,207.3598024651323,282.4985163862352
28132998,-1.683831,-1.462567,-0.05127989630889895,219.39560541743865,255.54175826959192
28132998,-1.683831,-1.462567,-0.05127989630889895,219.39560541743865,255.54175826959192
28114154,-4.885927,-5.161737,1.4911461036911011,113.7864641826533,235.0011913836645
28143342,-7.423787,0.193857,-0.05542289630889896,183.17423227214027,52.07535818151132
28151129,-2.854689,-3.018394,0.11040010369110109,176.84705643417703,248.45831837369192
28151129,-2.854689,-3.018394,0.11040010369110109,176.84705643417703,248.45831837369192
28127271,-1.412503,-2.090983,0.03937310369110114,206.15636033175215,286.1920834710581
28114161,-3.131328,-4.299189,3.547942103691101,5.200731360168049,276.3617258623213
28114161,-3.131328,-4.299189,3.547942103691101,5.200731360168049,276.3617258623213
28151136,-1.81964,-1.34371,-0.017523896308898834,218.09600202863368,245.3140153336392
28151136,-1.81964,-1.34371,-0.017523896308898834,218.09600202863368,245.3140153336392
28144080,-5.085177,-5.261928,-0.03823889630889887,157.33444107715098,232.38188796586928
28144080,-5.085177,-5.261928,-0.03823889630889887,157.33444107715098,232.38188796586928
28134483,-2.560151,0.537964,0.02060710369110108,255.33760048250485,116.63718672827548
28144085,-3.713222,-3.39735,0.23280110369110107,164.55159134304455,231.0627184231471
28144085,-3.713222,-3.39735,0.23280110369110107,164.55159134304455,231.0627184231471
28153600,-4.768388,-1.288871,0.23137010369110111,176.2054730182073,146.78756930255167
28151147,-2.827747,-3.130762,0.103783103691101,176.20634963746096,251.68139295253036
28151147,-2.827747,-3.130762,0.103783103691101,176.20634963746096,251.68139295253036
28151149,-1.805012,-1.39855,-0.02835489630889887,217.66061069573155,247.7416990339969
28151149,-1.805012,-1.39855,-0.02835489630889887,217.66061069573155,247.7416990339969
28147169,-4.398179,-4.469062,3.620603103691101,19.671733640469142,234.48005001606307
28151167,-4.571678,-6.263433,-0.006644896308898973,153.65282654299568,256.365179119627
28151167,-4.571678,-6.263433,-0.006644896308898973,153.65282654299568,256.365179119627
28133026,-3.412773,-8.344933,1.993690103691101,96.57518582001316,310.7787812233941
28135307,-1.258817,-2.403434,0.051165103691101166,201.97945629234533,300.76277413943825
28133028,-1.566739,-1.646675,0.06458010369110112,211.45347770472748,267.2679726534917
28151171,-4.336443,-5.87523,0.45577710369110114,143.56069194659318,257.1018946489106
28151171,-4.336443,-5.87523,0.45577710369110114,143.56069194659318,257.1018946489106
28151178,-2.760915,-3.348856,0.09686210369110104,174.8778211944309,258.2017073512665
28141161,-0.809907,-3.428197,-0.04234089630889892,195.17780977592963,338.19616938478447
28151181,-4.382421,-6.208787,0.021719103691101083,153.62600120421473,259.66661565518893
28127302,-1.25487,-2.466321,0.03489510369110116,201.7147489839277,302.01375679817727
28147176,-4.528528,-4.627017,3.4615801036911007,30.942449040588173,234.10052210815743
28153631,-3.195723,-0.807663,1.735601103691101,102.35579056162688,151.71440381847435
28153633,-5.42803,-2.974191,3.453628103691101,23.700638744013474,163.55121109232246
28127314,-1.212704,-2.55002,0.04016110369110115,200.56818452904668,305.7805997015467
28151193,-3.145757,-4.117462,1.057193103691101,131.96032680888214,262.6937600747566
28063631,-1.630321,-5.595822,0.006279103691101184,166.3913858879723,326.4514157060954
28127322,-1.163473,-2.703469,0.021603103691101078,199.48686496967971,310.7960583781932
28151198,-2.713001,-3.531322,0.07811110369110108,174.23327946346302,263.14814009842473
28135319,-1.204534,-2.492089,0.05784310369110113,200.8151614760059,305.3249246358506
28144110,-3.724799,-4.005304,1.298194103691101,122.23877392039272,243.4662183436752
28151207,-1.639617,-1.659435,0.009531103691100995,212.82698806387387,263.6748765577749
28127340,-1.078368,-2.623826,0.008564103691101055,202.46097966096207,313.7538810032248
28143383,-2.832929,1.417954,0.016932103691100986,287.6920319659756,23.345679349255107
28104439,-2.691038,-9.596795,1.833741103691101,100.71847300150746,336.8262969748437
28151219,-1.593283,-1.696482,0.03132310369110103,211.68618459210705,267.11986858342027
28151220,-1.559567,-1.620868,-0.01752589630889889,216.26378317175724,266.49915927743325
28126622,-6.007948,-3.221224,3.127905103691101,48.42844545274531,160.8377466971562
28124731,1.453757,-17.382385,0.30172110369110106,128.2209690642614,434.6706262938751
28151244,-3.326612,-5.813593,0.6252611036911011,140.73247465499963,281.23953068461685
28151248,-1.465098,-1.79783,-0.007297896308898988,213.47919141656143,276.1176531983103
28120496,-2.344033,0.122616,-0.03411289630889902,249.1627045527912,154.84407390487252
28151249,-3.26203,-4.53013,3.362214103691101,21.8243575015934,274.780726448202
28151249,-3.26203,-4.53013,3.362214103691101,21.8243575015934,274.780726448202
28151259,-1.472387,-1.970644,0.024691103691101057,208.3228463938028,280.2262429721484
28151261,-2.903755,-5.102855,1.243552103691101,122.36517358806124,286.7150793925838
28151265,-0.580454,0.676991,-0.028071896308898836,387.2366580841466,230.46668257558596
28151265,-0.580454,0.676991,-0.028071896308898836,387.2366580841466,230.46668257558596
28151268,-0.572167,0.694224,-0.03348789630889892,391.0041473785095,229.88218191001167
28151268,-0.572167,0.694224,-0.03348789630889892,391.0041473785095,229.88218191001167
28133058,-1.506418,-1.885895,-0.061091896308898885,213.6548021087798,275.8902429685506
28140551,-4.054767,-2.184118,0.13569210369110118,175.99756395437316,192.82717189740305
28140551,-4.054767,-2.184118,0.13569210369110118,175.99756395437316,192.82717189740305
28120506,-4.181375,-2.283031,0.0072741036911010415,178.95023355620057,192.87608930937935
28120506,-4.181375,-2.283031,0.0072741036911010415,178.95023355620057,192.87608930937935
28151275,-2.88219,-5.443751,0.9341891036911011,132.63572734256354,290.44295628544285
28151277,-1.402662,-2.047166,-0.04520589630889882,211.2132350909491,285.0668850487951
28135340,-1.657307,-5.323515,0.05974910369110109,166.38699201150197,323.4031238782057
28135341,-1.155494,-2.617853,0.052719103691101,199.5405171488716,310.07361448992754
28151280,-1.385161,-2.127341,0.039139103691101074,205.8639910511136,288.4085137769042
28135342,-1.159085,-2.611938,-0.042882896308898966,204.0333961563948,308.80117082712536
28151286,-1.385225,-2.270485,-0.002843896308898808,205.2544405022727,291.1572693512237
28151288,-1.342421,-2.252925,-0.05659189630889894,208.67320708001984,292.512873488208
28151289,-1.324377,-2.236175,0.0556221036911011,203.88417790648072,294.0328906324834
28140554,-2.463197,-0.995148,1.958474103691101,79.07098820732375,192.880901619119
28124748,1.937402,-18.765532,0.004905103691100976,131.73082510465292,440.5483420791594
28151304,-1.261283,-2.296323,0.0766911036911011,202.60860412801304,298.7601680699736
28151305,-1.28841,-2.460465,-0.08117589630889888,206.76713137242496,299.1410866028762
28127374,-0.916178,-3.053996,-0.00996689630889902,198.20119540029216,328.52445087539786
28151312,-2.154362,-5.211964,0.191881103691101,160.61627304412272,306.38656517508355
28140559,-2.830518,-1.395675,1.776535103691101,98.45060740243308,197.14950535562903
28140559,-2.830518,-1.395675,1.776535103691101,98.45060740243308,197.14950535562903
28132202,-6.020501,-1.823334,3.130032103691101,36.63885446784343,108.56115547820592
28151321,-1.205342,-2.596826,-0.067033896308899,204.81173039553568,305.9426959468964
28106901,-2.730808,-9.567348,1.728045103691101,103.63575937175064,334.9838856293492
28138379,-0.392173,0.660295,-0.027584896308898932,408.0132595807983,255.5166114518997
28138379,-0.392173,0.660295,-0.027584896308898932,408.0132595807983,255.5166114518997
28153770,-5.4056,-3.207865,0.9408611036911011,135.9423561601336,185.0454147888324
28151344,-1.700269,-5.409715,0.08300110369110114,164.8317904582586,322.9220571769273
28151356,-0.835452,-2.13887,0.6854211036911011,176.60825764063895,329.2965943879619
28133074,-1.456822,-2.017435,-0.06566889630889894,211.98250042199103,281.5010919703384
28151360,-0.910484,-3.08199,0.07469210369110102,193.9902226502981,330.2562322895796
28140563,-2.891651,-1.457946,1.6445151036911012,108.32380818330364,198.1111686045548
28140563,-2.891651,-1.457946,1.6445151036911012,108.32380818330364,198.1111686045548
28121621,0.396196,-4.304006,0.22286510369110113,182.9386154752285,417.60346156997343
28138387,0.285905,-4.986156,0.5307991036911011,160.37782631304478,416.8662287277676
28120566,-3.947898,-2.785793,0.09453010369110104,172.85488013718154,211.3302439583708
28120566,-3.947898,-2.785793,0.09453010369110104,172.85488013718154,211.3302439583708
28151380,-0.675434,-2.140834,0.7848431036911011,171.7374042828058,342.901315944618
28141196,-0.670787,-3.806767,-0.06351389630889881,192.22564873371155,348.8017265327898
28053467,-5.781868,-2.809226,3.035272103691101,48.30475506037493,153.09231853104117
28151384,-0.663057,-2.203378,0.7285961036911011,174.65510123185416,343.6720257438253
28147233,-4.435112,-4.478701,1.358568103691101,119.00257602205755,233.5721624564196
28147233,-4.435112,-4.478701,1.358568103691101,119.00257602205755,233.5721624564196
28153808,-3.015235,-1.536066,1.682893103691101,105.85304158142006,196.16653598968705
28153808,-3.015235,-1.536066,1.682893103691101,105.85304158142006,196.16653598968705
28153822,-2.365673,-1.051535,2.023287103691101,72.10611384525598,200.95435925182056
28120586,-2.196816,-0.281182,0.03153310369110107,235.84811479094307,183.51697248628005
28138398,1.566128,-17.80225,0.2741211036911011,128.21913616703108,436.3141595629973
28133093,-1.391444,-2.111308,-0.0515018963088989,210.42759667663196,287.03082038434417
28151436,-0.353795,-2.138254,0.4103611036911011,200.64223662035272,359.9319876383979
28120594,-3.145178,-4.287166,3.3634271036911008,17.162106506490943,274.59467563539687
28153854,-2.35692,-1.218232,1.9629661036911012,79.19394454197504,210.8172526719389
28153856,-4.497539,-4.598164,4.000238103691101,1.4654879529518323,234.4213688088403
28153856,-4.497539,-4.598164,4.000238103691101,1.4654879529518323,234.4213688088403
28153861,-3.193523,-1.681979,0.180148103691101,186.1434974092149,202.26581045447816
28153861,-3.193523,-1.681979,0.180148103691101,186.1434974092149,202.26581045447816
28147242,-4.866393,-5.019289,0.6248761036911011,140.72422013578728,233.0518510055382
28147242,-4.866393,-5.019289,0.6248761036911011,140.72422013578728,233.0518510055382
28053494,-5.402225,-2.596392,3.485309103691101,16.8419574761555,150.01089855050952
28106928,-2.209756,-0.357858,0.005309103691101047,234.69852013658488,187.1225281182515
28153874,-4.374602,-4.438804,3.512548103691101,24.899352732110717,234.5007856020147
28153874,-4.374602,-4.438804,3.512548103691101,24.899352732110717,234.5007856020147
28133109,-1.334032,-2.245491,-0.05235989630889892,208.7288551752282,292.8185707899329
28153878,-4.74945,-4.891452,3.4315431036911015,36.65454941152916,233.4668955388784
28153878,-4.74945,-4.891452,3.4315431036911015,36.65454941152916,233.4668955388784
28151480,-0.505212,-6.037557,0.7847371036911011,140.06230296461092,381.8845633898384
28151481,-0.376544,-6.464441,0.17612710369110118,160.40578672343065,380.434403085504
28153885,-4.595842,-3.616922,0.227636103691101,159.70488542245494,213.7790864390084
28153885,-4.595842,-3.616922,0.227636103691101,159.70488542245494,213.7790864390084
28134603,-5.66999,-2.860479,0.09180410369110104,164.285974661439,175.22393180966122
28134603,-5.66999,-2.860479,0.09180410369110104,164.285974661439,175.22393180966122
28147249,-5.175365,-5.371729,-0.060946896308898824,157.17573288381936,232.25618251002032
28147249,-5.175365,-5.371729,-0.060946896308898824,157.17573288381936,232.25618251002032
28133121,-1.279089,-2.373269,0.04716610369110108,202.43853552326507,299.0875668481758
28133129,-1.470575,-4.015083,0.6596991036911011,153.5925352327646,321.68964105172256
28133134,-1.223815,-2.464917,0.050053103691101164,201.4104343254509,303.7392876213495
28133135,-1.237894,-2.4871,-0.054611896308898844,205.73712621493905,302.42829376641447
28133138,-1.383942,-4.118055,0.7334851036911011,149.96748775083682,327.60973841799563
28133139,-1.661669,-5.293544,0.0734781036911012,166.11769807686096,323.0686855670722
28133140,-1.177672,-2.523457,0.06622710369110107,200.2150127962961,307.38767903604804
28133141,-1.192838,-2.553772,-0.041782896308898865,204.55983511428445,306.06121924788715
28133147,-2.122974,-12.086637,4.2875061036911015,33.99078110775713,380.8506802393027
28153927,-4.531529,-4.61685,1.645936103691101,108.60152084825556,233.76020380987512
28153927,-4.531529,-4.61685,1.645936103691101,108.60152084825556,233.76020380987512
28133150,-1.137194,-2.670226,-0.046805896308898864,203.49171231793275,310.8762866577385
28147252,-4.473936,-4.520546,0.36168410369110104,151.31535980495778,233.40753555623192
28147252,-4.473936,-4.520546,0.36168410369110104,151.31535980495778,233.40753555623192
28151546,0.472788,-14.478459,0.09200110369110104,136.17839759019972,412.7252964576412
28121647,1.958644,-19.759478,-0.09163389630889895,131.94647808281252,438.6532437213767
28153931,-4.532439,-4.613753,1.363848103691101,118.61541644059996,233.677784990015
28153931,-4.532439,-4.613753,1.363848103691101,118.61541644059996,233.677784990015
28154280,-2.278547,-0.137977,0.025944103691101006,238.6845681188153,172.2343881358183
28154387,-4.12954,-2.40809,0.08888510369110114,175.22501556902262,197.19959941630012
28154388,-4.152016,-2.419395,-0.0014528963088988878,178.1943909285008,197.25229476335733
28154423,-2.912408,-1.521834,1.6480381036911012,108.06813529159224,199.99028405238303
28154430,-3.950937,-2.658243,0.10863810369110105,173.40712405264117,208.11066111733248
28154456,-3.803055,-2.852787,0.12141410369110117,172.16069052426087,216.68873782343823
28154473,-1.957881,-0.843067,0.03555110369110115,224.9012572570888,220.5468929844692
28154489,-1.905838,-0.939278,0.03775510369110102,223.32326620816752,226.86296114982477
28154506,-4.729644,-4.870314,0.27865910369110103,151.5009074204674,233.5806187388935
28154515,-4.687317,-4.819819,1.521496103691101,112.9777172883123,233.6811716013569
28154521,-4.607911,-4.731856,1.6896661036911012,107.05994939287906,234.00703815014597
28154545,-3.787654,-3.918366,1.210288103691101,125.85952512156804,239.8529964251828
28154558,-3.77154,-4.022638,1.207849103691101,125.70365445301574,242.38925121866225
28154585,-4.243103,-4.304827,3.605658103691101,16.78501877692591,235.52265804915945
28154588,-2.834666,-2.984102,0.12248210369110102,176.84811766461456,248.3989571561604
28154596,-2.878433,-3.133095,0.012123103691101145,179.26377199390814,249.9349135925254
28154628,-1.683645,-1.411908,0.05142510369110109,215.3293146775159,254.34139795646053
28154633,-3.442088,-4.365138,1.071533103691101,130.25431103103364,258.07351486539784
28154639,-2.743366,-3.369663,0.014118103691101114,177.8326794650207,258.9652080969636
28154665,-1.611332,-1.627107,-0.050211896308898885,216.90858383710705,263.9089450569678
28154672,-3.44279,-4.549876,2.603312103691101,64.64823363324263,265.5563170535434
28154680,-0.581861,0.674267,-0.026084896308898875,386.5674588857244,230.54544964123244
28154714,-1.485457,-1.907309,0.04223610369110098,208.5064145050463,278.1365164544991
28154723,-1.460518,-1.963591,0.04005410369110107,207.87574878982724,280.76790297018766
28154731,-4.666341,-8.96125,1.3936061036911012,113.58129151614716,285.7849691051722
28154732,-4.128982,-8.208923,-0.09781789630889892,149.75948355796763,285.4777105546665
28154735,-1.46585,-2.068475,-0.090202896308899,212.01089483323787,282.0617226328389
28154736,-0.455688,0.742661,-0.010172896308898949,412.13834438188206,239.8512077400672
28154750,-2.879042,-5.444901,0.9427591036911012,132.3411347728213,290.59339764312256
28154754,-3.249408,-6.232372,1.4379901036911011,113.89420615611246,291.67688915177155
28154755,-2.489898,-4.826883,0.11916110369110111,164.0903500462819,290.5733856796621
28154759,-1.379192,-2.175463,0.03687410369110111,205.16486429669567,289.7531313324947
28154766,-2.431943,-5.114998,0.158542103691101,161.2105875472787,296.2257027997219
28154767,-2.359403,-4.954972,0.06011210369110098,165.73643831820007,295.9986149332965
28154768,-1.35161,-2.306112,-0.08053389630889884,208.6775584168799,292.94999160785795
28154772,-0.412536,0.584948,-0.002586896308898856,392.1203250919043,259.0843973283993
28154774,-1.304917,-2.244965,0.05902210369110117,203.8183579011829,295.25930860704364
28154779,-0.387256,0.639055,0.01180810369110108,402.88901875849615,258.332843848785
28154788,-1.299143,-2.517161,-0.10196489630889882,206.57474393440955,299.4914577409106
28154793,-1.248498,-2.379952,0.053160103691101135,202.42689955900957,300.8639227626129
28154813,-1.200945,-2.66215,-0.08266889630889884,204.45901662753684,307.15009765122846
28154818,-1.135274,-2.569068,0.07730410369110108,199.4370681017196,310.54966108548786
28154821,-1.535032,-3.794313,0.6856961036911011,153.73660513952814,316.1422247442462
28154842,-1.66119,-5.301475,0.08177810369110117,165.7867721151033,323.2285061613646
28154859,-2.361133,-7.325977,2.549919103691101,73.1746454426804,336.8510704938893
28154867,-0.904943,-3.133118,0.062576103691101,193.83989717929936,331.06282076699813
28154883,-2.162334,-7.814878,2.8790501036911014,61.33247336721669,349.9721188704581
28154897,-0.656759,-2.158332,0.7797911036911012,172.00442748034078,344.499438135902
28154908,-0.60789,-2.060284,0.8396321036911011,169.9086196376247,348.15153206790114
28154921,-1.953779,-8.240755,3.185887103691101,50.1189204834138,362.7367761108097
28155048,-0.644118,-7.66036,2.8117801036911008,54.49145860116192,409.86043710886656
28155134,1.633037,-19.371927,0.1761631036911011,127.9858132199336,434.73426352848514
28156606,-5.111663,1.013481,0.8461941036911012,170.31763337310312,2.4121187589649367
28156620,-6.75275,0.807219,0.760328103691101,160.99911644109267,8.769183557015737
28156622,-5.380115,0.917325,0.7934891036911011,169.78695373493923,9.92075999559006
28156638,-3.828214,0.721253,1.7313511036911011,104.3924669985057,3.664132482322657
28156658,-6.698987,-0.254259,3.285398103691101,14.950625497042807,5.783210899357471
28156667,-3.812511,0.618781,1.7265921036911012,104.81869142500533,16.14206593762981
28156682,-6.978199,0.591225,0.11211710369110106,184.32393959206232,34.46950770908046
28156718,-6.871013,-0.43714,2.686666103691101,58.79870825852359,33.09087533711488
28156721,-6.684706,-0.534564,3.025524103691101,36.69197678687826,32.260196918818934
28157048,-3.396945,-0.270334,1.7225171036911011,103.8878237500012,108.9720912734301
28157192,-4.974082,-1.268414,0.171306103691101,177.3479925845374,142.287570821286
28157199,-6.383486,-2.145509,-0.03097789630889891,169.53187612029376,145.3627472852591
28157205,-4.76924,-1.236933,0.23212910369110107,176.680176176268,144.8931641769901
28157225,-4.380924,-1.118218,0.3429071036911011,176.08838193628523,148.14833927179163
28157228,-5.554096,-2.767321,2.998225103691101,48.06656013209829,157.0483157020263
28157342,-5.585327,-3.074109,0.7961831036911011,141.0209702556622,178.77181333727438
28157393,-5.383207,-3.198883,0.10274210369110115,163.04238217478587,188.49647798029423
28157401,-2.434608,-1.011274,1.957785103691101,78.98824969353379,195.34829298698403
28157408,-2.85253,-1.39384,1.774475103691101,98.68712932151924,196.11226394639328
28157409,-5.465322,-3.502576,0.04679310369110112,162.63344712088124,193.64114206090076
28157413,-2.958572,-1.508005,1.677454103691101,106.1128248188222,197.30852251122835
28157417,-2.849101,-1.464418,1.809811103691101,96.11714461706028,199.2748144448477
28157436,-2.374285,-1.140422,1.960746103691101,79.03848136849356,205.7849423652471
28157437,-4.91233,-3.328671,0.18329710369110108,161.60335393614935,200.79064248346924
28157448,-2.429445,-1.306897,2.042055103691101,73.10760118586526,210.98884664115343
28157464,-4.57827,-4.707335,3.9226021036911014,8.24274688132735,234.4392794059951
28157490,-4.439863,-4.549021,3.355938103691101,34.73982710507315,234.9909044016872
28157493,-4.748523,-3.795134,0.18787810369110103,159.37755341446484,214.02410588703123
28157494,-4.482562,-3.449232,0.055811103691101094,166.59839193139246,213.18344242474643
28157505,-0.565469,0.69867,-0.022812896308898933,391.8017286878589,230.2462101445688
28157510,-4.379593,-4.472347,2.8349131036911013,58.95430368961007,235.01656996996385
28157524,-0.591377,0.645417,-0.046096896308899016,382.7308147822957,232.01045527521237
28157543,-4.307801,-3.771205,0.06744110369110112,164.89892748299462,223.69821683193825
28157547,-4.611936,-4.728876,1.7902371036911011,103.42587548192908,233.85556788534055
28157549,-4.688211,-4.819919,1.627191103691101,109.3156299611722,233.6622083085894
28157551,-4.64958,-4.764976,1.489025103691101,114.12822027195278,233.5969745080024
28157570,-2.082161,-1.079327,-0.10132589630889899,223.7996970326768,224.1481140837436
28157578,-4.7261,-4.830586,0.09922410369110102,156.70170450916137,233.02017326858757
28157599,-3.724823,-3.902369,1.295345103691101,122.57278847105404,241.39384981622027
28157612,-3.449324,-3.30241,0.014826103691101045,174.15090470406602,236.35648195658172
28157632,-3.351337,-4.647213,3.224161103691101,32.09254146535807,273.0058452638802
28157638,-3.359062,-4.639904,3.123425103691101,37.67077709165187,272.1541630805539
28157731,-4.280576,-6.667293,0.684504103691101,135.09490433014366,268.6968988967012
28157732,-1.72996,-1.554531,-0.020650896308898936,215.11287925755929,256.1216836353132
28157733,-1.863099,-2.312729,2.041958103691101,75.27608550029282,282.67722870684696
28157736,-2.697104,-3.42679,0.022162103691101054,177.30570072068485,261.5699933930135
28157750,-1.68741,-1.676067,-0.016350896308898966,213.02535938326227,261.6782902999968
28130589,-0.087106,-6.065998,0.012368103691100973,170.24672760029864,389.320124683917
28140583,-4.045957,-2.41183,0.026719103691100976,177.93168988726538,199.62665318187845
28140583,-4.045957,-2.41183,0.026719103691100976,177.93168988726538,199.62665318187845
28147285,-3.4649,-3.315448,0.09518810369110109,171.1782385854982,236.20790126671776
28147285,-3.4649,-3.315448,0.09518810369110109,171.1782385854982,236.20790126671776
28154007,-3.33505,-3.229566,0.10798810369110101,172.1358979751504,238.1373689596672
28154007,-3.33505,-3.229566,0.10798810369110101,172.1358979751504,238.1373689596672
28134647,-3.849754,-1.3615,0.022223103691101143,190.9258534520684,173.1565964448902
28117861,-2.324356,-5.553978,0.10458210369110099,160.7098412344939,304.2970317738428
28140607,-2.774449,-1.658173,1.796246103691101,97.153405735724,211.02723792101483
28140607,-2.774449,-1.658173,1.796246103691101,97.153405735724,211.02723792101483
28154236,-1.764301,-3.906186,0.7416961036911011,149.53015286965797,308.1899142151781
28129820,-3.965899,-2.639687,0.022955103691101097,176.51323159633162,207.4766552811357
28141280,-0.199706,-4.842659,0.05370610369110107,179.1238945721721,380.903576437113
28144942,-0.344253,-2.12526,0.3997121036911011,201.76142819323763,360.299498147262
28108460,-6.419375,-1.517174,3.0699491036911013,41.22116422695444,88.38536744994644
28106007,-2.502649,-2.626083,0.07174810369110118,185.13472753703496,251.8203205237253
28132392,-5.905865,-3.136784,3.084643103691101,49.16632600314574,160.7036667781831
28132392,-5.905865,-3.136784,3.084643103691101,49.16632600314574,160.7036667781831
28140003,-4.673998,0.560381,0.018475103691101058,211.76071211162952,65.0781927153543
28140656,-4.242787,-3.702925,0.2723291036911011,159.07960799611195,223.73708832217355
28140656,-4.242787,-3.702925,0.2723291036911011,159.07960799611195,223.73708832217355
28140004,-2.982748,1.309141,-0.02177489630889884,277.7738283636663,35.182303673278426
28147523,-2.383803,-5.552185,0.12795410369110116,159.7744831281097,302.60385633441933
28081308,-1.438233,-3.767714,0.0753551036911011,180.5417985823363,314.38528416535985
28140028,-4.61505,0.447499,0.02260910369110114,210.25418139269436,72.80418106026747
28140029,-2.787421,1.286408,0.011489103691101121,282.61879468401844,40.03026982815959
28135628,0.339687,-4.283375,-0.024377896308898972,193.99591780805287,408.29436958818167
28120811,-2.882295,-3.169558,0.08487610369110099,176.20294680381903,250.6822195254919
28120811,-2.882295,-3.169558,0.08487610369110099,176.20294680381903,250.6822195254919
28145006,0.62205,-16.130434,-0.04672389630889895,135.85732158717923,414.5039798653096
28134758,-2.833202,-1.533292,1.821747103691101,95.28618699586336,202.97876123381656
28140050,-6.341857,-1.285126,3.589008103691101,4.28334464033523,67.76248304437257
28143599,-3.379278,-0.294792,1.7225251036911011,103.83548604308338,111.37014574644516
28144363,-3.167972,-8.473686,2.218427103691101,89.50014117724604,319.337978998676
28126791,-5.738817,-3.170374,0.06038010369110114,163.12216057493063,181.23957426967007
28126791,-5.738817,-3.170374,0.06038010369110114,163.12216057493063,181.23957426967007
28146519,-2.877218,1.421738,-0.011023896308898884,287.6575842584039,23.58916563562937
28135667,0.747323,-5.259386,0.21716710369110115,174.7697528312736,436.9352096004924
28140081,-2.738582,1.14787,0.0047151036911010635,277.6961470219794,56.61996992110247
28120846,-2.72757,-3.256491,0.04365310369110098,177.91589753906777,257.3621268029748
28149589,-5.762979,1.157171,-2.0896308899009952e-05,208.75734192232227,14.483930032216932
28140137,-2.686329,1.013558,0.001267103691101168,273.19932471769255,71.78306488521571
28130005,-5.319645,-11.519365,5.7971511036911005,4.0815447018610485,308.6460352983135
28130005,-5.319645,-11.519365,5.7971511036911005,4.0815447018610485,308.6460352983135
28134861,-4.741956,-4.921332,0.537926103691101,143.82807292380377,234.1475698223529
28134861,-4.741956,-4.921332,0.537926103691101,143.82807292380377,234.1475698223529
28149751,-4.902387,0.640762,-0.05104289630889891,213.23973118361303,58.324206852959776
28118033,-2.212368,-10.156439,4.4101041036911015,17.371052253865514,374.1699098113663
28143712,-3.20344,-0.616541,1.7294931036911012,102.78258153067428,139.67867172017634
28137235,-0.257331,-6.08021,0.11365310369110104,165.70929933727336,383.3813679361043
28144475,-1.425005,-9.983042,4.537492103691101,3.536251451447839,403.30643980591606
28147923,-1.660899,-1.400198,-0.018724896308898842,219.5729382461757,254.89347890404704
28132626,-2.847085,-1.560297,1.780042103691101,98.46968482251258,203.75431787047128
28132626,-2.847085,-1.560297,1.780042103691101,98.46968482251258,203.75431787047128
28147978,-1.511319,-1.754845,0.06661910369110102,209.958169849652,273.0695902541641
28147984,-3.121444,-4.241104,3.002452103691101,38.35883894596756,272.8994083110529
28133395,0.364636,-4.411122,0.19729910369110115,182.46081792658305,414.8275536759349
28143741,-3.187401,-0.726516,1.733565103691101,102.44947345763671,147.15247418457332
28148001,-2.586341,-4.977562,0.011602103691101151,166.1474644954271,289.0603562191276
28148003,-1.390949,-1.92196,0.09671810369110112,206.8604589412841,283.80531907628944
28124082,-2.784392,-3.351624,0.0863701036911011,175.095639028525,257.4668680786614
28124082,-2.784392,-3.351624,0.0863701036911011,175.095639028525,257.4668680786614
28140811,-3.128037,-4.236197,3.418341103691101,12.69823331291184,274.5178287309619
28140811,-3.128037,-4.236197,3.418341103691101,12.69823331291184,274.5178287309619
28120987,-2.443022,-5.607208,0.10192410369110116,160.05061595113392,301.2896879250945
28120999,-2.311425,-5.595607,0.11965410369110119,160.04750532723972,305.22884771409593
28118097,-1.398653,-9.900379,4.522385103691101,3.0646506352749725,404.0783657930318
28113332,-2.499641,0.472766,-0.034864896308898885,257.86837575223467,125.00707222098946
28124152,-2.112487,-2.428758,-0.005896896308899002,194.4824056459892,261.9625359936467
28150119,-3.176491,-0.676353,1.759163103691101,100.27015642647692,144.0047160209673
28150121,-5.018095,-1.266287,-0.09743189630889892,186.96439020979545,143.8026199893401
28150132,-5.013511,-1.437579,0.1566111036911011,176.049135838326,147.45261055498517
28140284,-3.268653,-0.570936,1.729921103691101,102.9407475900078,134.33489632067395
28150144,-6.804669,-2.619552,-0.177763896308899,168.96044939243586,151.76979200201913
28140295,-3.245801,-0.623005,1.7305191036911012,102.83930768893826,138.5354408729056
28150160,-4.999467,-2.56781,3.1168521036911008,34.2308454066042,162.4643336404286
28150160,-4.999467,-2.56781,3.1168521036911008,34.2308454066042,162.4643336404286
28148233,0.288091,-3.902057,0.07614110369110105,194.57113169368512,407.2201202386233
28130160,-2.451452,-5.687374,0.07981410369110109,160.24160423212373,301.79603981755804
28117341,-2.423547,0.163396,0.006003103691101019,246.1565498012741,148.43531191959232
28124218,-2.352414,-5.430727,0.157241103691101,159.67037268707543,302.3756503037622
28120245,-5.413021,-2.99068,3.4488211036911007,23.99299197053361,164.52704130964173
28120245,-5.413021,-2.99068,3.4488211036911007,23.99299197053361,164.52704130964173
28140341,-4.667623,-1.267011,0.08692010369110115,182.74034322071677,149.5196224197046
28146850,-6.432162,-2.923704,3.191103103691101,46.48782083827288,142.3015432187932
28146884,-3.161242,-0.645354,1.7580231036911012,100.2743876002274,142.61162080930632
28140358,-3.142712,-0.762019,1.7585731036911012,100.2810509497022,150.6321838132663
28140366,-2.463796,0.407779,-0.029929896308898973,256.11227101891933,130.95771538731665
28129418,-2.772926,1.12805,-0.026824896308898838,277.24444799071165,59.12131233633909
28141003,-1.416882,-1.909135,0.08136410369110103,207.51288498168336,282.0093929174144
28121195,-2.784342,-3.327503,0.013333103691101078,177.9910281679256,256.82991439719655
28121195,-2.784342,-3.327503,0.013333103691101078,177.9910281679256,256.82991439719655
28150467,-4.594222,-3.887887,-0.030790896308898974,165.97443509688483,219.50462037632585
28150467,-4.594222,-3.887887,-0.030790896308898974,165.97443509688483,219.50462037632585
28141020,-2.377922,-5.552635,0.11997810369110118,160.04123003823642,302.7421419207684
28150551,-3.442322,-3.306351,0.10135010369110109,171.15699894857158,236.65840710755245
28150551,-3.442322,-3.306351,0.10135010369110109,171.15699894857158,236.65840710755245
28153105,-6.683055,-0.409508,2.7035911036911013,55.98844153252847,32.8510899140565
28153114,-4.712037,0.905055,0.03891610369110099,217.21683769153773,41.31843408650508
28121297,-2.716281,-5.087716,1.004545103691101,131.4211914156028,291.3163291880526
28113487,-4.07479,-2.666239,0.07574210369110101,173.79336869788006,205.2136221983095
28113487,-4.07479,-2.666239,0.07574210369110101,173.79336869788006,205.2136221983095
28111866,-2.387764,-5.516118,0.12315410369110102,160.1165790793484,302.058333222717
28124483,-2.482616,-5.712397,0.07478310369110108,160.1420617033886,301.12513461632886
28121331,-2.422688,-5.673714,0.09835610369110115,159.85725931010904,302.6003133863674
28124496,-2.100947,-5.249101,0.08292210369110098,164.16690985372296,307.8499049456028
28129533,-6.055135,-3.089125,3.1269531036911014,47.89850742283369,155.72570543792102
28129533,-6.055135,-3.089125,3.1269531036911014,47.89850742283369,155.72570543792102
28150749,-0.392503,0.611008,0.006431103691101114,398.05376257871865,259.82049363548583
28150749,-0.392503,0.611008,0.006431103691101114,398.05376257871865,259.82049363548583
28150754,-2.580426,-5.008521,-0.005938896308898878,166.52171430208435,289.5516798259152
28135194,-2.387974,-4.192476,0.003741103691101033,173.1412291583286,284.4358748778291
28140441,-2.399862,0.184012,0.02936110369110101,246.1735928326709,147.65148234316723
28144680,0.482539,-4.775306,0.30293210369110113,174.22394947257465,424.1354090872833
28117521,-3.942782,-2.868158,0.0811311036911011,172.67455403402673,213.44315327625216
28117521,-3.942782,-2.868158,0.0811311036911011,172.67455403402673,213.44315327625216
28117534,-2.79529,-1.67452,1.7964691036911011,97.2427991072922,210.7736119509488
28117534,-2.79529,-1.67452,1.7964691036911011,97.2427991072922,210.7736119509488
28111117,-0.503934,0.699496,0.007961103691101146,397.631230581717,237.66281164991503
28108910,-0.210841,-11.96847,4.425521103691101,15.383644069365973,445.2282423690152
28150984,-2.84004,-1.570703,1.787775103691101,97.89181384411646,204.47257086630077
28150984,-2.84004,-1.570703,1.787775103691101,97.89181384411646,204.47257086630077
28153452,-3.364147,-0.323133,1.722367103691101,103.80660443450844,113.96440722778092
28150985,-3.889143,-2.775741,0.031299103691101005,175.4939855263367,212.7493587521686
28150985,-3.889143,-2.775741,0.031299103691101005,175.4939855263367,212.7493587521686
28150992,-3.90851,-2.867862,0.08604210369110099,172.69566428951794,214.31776093467343
28150992,-3.90851,-2.867862,0.08604210369110099,172.69566428951794,214.31776093467343
28150996,-3.823623,-2.834665,0.04250210369110108,174.98045567021538,215.84577809830617
28150996,-3.823623,-2.834665,0.04250210369110108,174.98045567021538,215.84577809830617
28091908,-4.717653,0.571177,0.00852710369110099,211.8084397440041,63.95791788315808
28151028,-1.881045,-0.743596,0.023658103691100996,229.782332241276,220.1955597098165
28151028,-1.881045,-0.743596,0.023658103691100996,229.782332241276,220.1955597098165
28117662,-2.895357,-3.167856,0.07731810369110104,176.41630147680337,250.21657173866944
28117662,-2.895357,-3.167856,0.07731810369110104,176.41630147680337,250.21657173866944
28151035,-4.030163,-3.747048,0.09832410369110112,165.2504764553715,229.91123093463585
28151035,-4.030163,-3.747048,0.09832410369110112,165.2504764553715,229.91123093463585
28151039,-5.403295,-5.562225,-0.13065689630889898,157.46205057759073,230.7206483379571
28151039,-5.403295,-5.562225,-0.13065689630889898,157.46205057759073,230.7206483379571
28143326,-3.08752,1.538188,-0.02775189630889896,285.9215858018844,7.292355570402492
28117682,-2.829079,-3.39027,0.062104103691100976,175.3626527003797,256.71888829196934
28117685,-2.782847,-3.342507,0.006378103691101034,178.11321737521365,257.15168632664387
28151133,-5.001869,-5.415344,3.545083103691101,37.578803947992185,237.11688950434404
28151133,-5.001869,-5.415344,3.545083103691101,37.578803947992185,237.11688950434404
28127286,-1.352712,-2.222433,0.03915610369110101,204.5520084310024,292.1396133693026
28153614,-5.305839,-2.673596,3.1958331036911014,33.962547369503426,157.9431087238219
28117739,-3.151541,-4.275384,3.4475361036911014,11.706829965619676,274.50259005594233
28117739,-3.151541,-4.275384,3.4475361036911014,11.706829965619676,274.50259005594233
28151179,-2.693997,-3.233556,0.05235010369110116,178.03257030263575,258.0401814501036
28143367,-3.021855,1.425736,-0.016146896308898873,281.9020666894728,21.053728247293662
28120469,-2.380687,0.255026,-0.026590896308898992,252.53450645468257,144.68211121029535
28106866,-2.436778,-2.593682,0.0701161036911011,186.13845969893157,253.4811833520186
28106866,-2.436778,-2.593682,0.0701161036911011,186.13845969893157,253.4811833520186
28134513,-5.625565,-2.828101,2.9920681036911008,49.427913106758325,157.546035654077
28134513,-5.625565,-2.828101,2.9920681036911008,49.427913106758325,157.546035654077
28151245,-3.575385,-6.464131,0.17547910369110098,150.56380798213297,281.0840219683954
28151250,-1.507257,-1.936418,0.017263103691101067,208.8498896456798,277.58281043293783
28147197,-5.090281,-4.487461,0.04284510369110106,158.81038293742844,219.79555685425996
28147197,-5.090281,-4.487461,0.04284510369110106,158.81038293742844,219.79555685425996
28151254,-3.208217,-5.907029,0.10902910369110108,155.78463551893907,283.58063907422445
28151264,-0.582755,0.658267,-0.02273589630889883,384.0161654939672,231.8584433420885
28151264,-0.582755,0.658267,-0.02273589630889883,384.0161654939672,231.8584433420885
28151285,-2.404573,-4.973703,0.06361710369110107,165.29942644543524,294.8334798230694
28151303,-2.326686,-5.37727,0.1662511036911012,159.7915718704833,302.6202321906841
28151308,-0.441384,0.732042,-0.019116896308899012,412.8212542505545,242.6969521851112
28151308,-0.441384,0.732042,-0.019116896308899012,412.8212542505545,242.6969521851112
28151313,-2.194788,-5.389877,0.039966103691100985,164.2430103958647,306.1369847998787
28133071,-2.4108,-5.619438,0.11167510369110101,159.79787265479624,302.4384278150261
28134549,-5.499704,-3.056568,3.456028103691101,25.29856226296306,164.6163167182644
28134549,-5.499704,-3.056568,3.456028103691101,25.29856226296306,164.6163167182644
28151346,-1.381195,-4.027452,0.672381103691101,153.32757335656106,326.00306021479724
28127384,-0.69812,-2.169184,0.7397821036911011,174.07834033273534,340.7404368726085
28153805,-4.031617,-2.084023,0.2992441036911011,170.80249183913398,189.84005194763887
28133105,-1.328996,-2.196946,0.05984310369110113,204.33236686831987,293.00012881046587
28143430,-2.811142,1.282481,-0.00983989630889881,282.71908250034085,40.96789964917642
28123737,-2.405948,0.242905,-0.04058089630889894,252.15954228346644,144.73513240580297
28153908,-4.892504,-4.277027,0.10971210369110107,158.6262463626849,220.10074656108688
28153908,-4.892504,-4.277027,0.10971210369110107,158.6262463626849,220.10074656108688
28134621,-3.896577,-1.265347,0.022968103691101138,191.6994496424473,168.52332306170874
28154362,-4.091544,-2.113435,0.05741910369110115,179.33072246888688,190.2284588324532
28154368,-3.64326,-1.81169,0.4266831036911011,170.53029611061885,191.604078861084
28154402,-4.159172,-2.545538,-0.017788896308899016,177.5920999297277,200.36246985395417
28154435,-2.84671,-1.552762,1.8114971036911012,96.14238224755732,203.2882798054351
28154437,-4.374627,-3.235173,0.09219510369110107,167.36666958296,211.0613159106078
28154446,-2.864612,-1.671746,1.832442103691101,94.9108689673491,207.47285910880757
28154450,-3.871624,-2.828928,0.09655010369110117,172.85440500715492,214.34799903475815
28154463,-5.294777,-4.698604,-0.02011789630889882,158.85395554920137,219.3913033116699
28154493,-4.02773,-3.74608,0.09479110369110111,165.37991411824456,229.9539376404665
28154509,-4.707891,-4.872691,0.5447141036911011,143.87652236737244,234.0960979007921
28154548,-4.802326,-4.994906,2.890984103691101,61.6532402921288,234.12225748497
28154718,-3.445163,-6.247406,0.20772710369110103,150.88445389522298,281.8991459321153
28154742,-1.427706,-2.085866,0.029267103691101193,206.53323011911488,285.2234823004975
28154762,-0.411216,0.704209,-0.025609896308898872,412.6358995781286,249.20222434207167
28154773,-0.392854,0.674267,-0.014509896308898984,409.4854202064735,254.37174090320727
28154792,-2.286057,-5.429357,0.008472103691101074,164.6035036898057,303.5518332217811
28154796,-2.269286,-5.413716,0.16121710369110098,159.95258622743515,304.7892435079239
28154801,-1.802744,-3.972816,0.729989103691101,149.4742851218817,307.4320025940126
28154845,-1.398573,-4.041906,0.6730121036911011,153.12233556778597,325.3947936474047
28155123,0.423945,-4.250852,0.2256861036911011,183.7719373581634,419.5976686228147
28156671,-6.745686,-0.299844,3.138386103691101,26.911951107754305,13.201194425693302
28156729,-8.0541,-0.988935,3.4900021036911006,28.88198761159086,34.29269660364483
28156864,-4.447615,0.420042,0.0716411036911011,209.7824986479877,76.28186857267414
28156879,-6.583449,-1.271527,3.082277103691101,39.78283660749736,73.63474123810437
28157071,-3.367167,-0.318304,1.721551103691101,103.8852694588466,113.52917840659164
28157164,-3.271775,-0.556665,1.728178103691101,103.08943794570838,133.31325897427126
28157211,-3.894707,-0.681209,0.10279610369110115,196.47312561459697,144.82647192938617
28157234,-5.444011,-2.929052,3.454496103691101,23.315472833730013,161.57768720079267
28157257,-5.062063,-2.809508,3.4151801036911014,19.553504909838125,167.32871195034917
28157262,-5.889977,-3.355192,3.241892103691101,42.97792365824319,166.69107719707836
28157358,-5.83272,-3.237546,0.03194410369110101,163.21555863409563,181.12273866040192
28157366,-4.091014,-1.842195,0.32253010369110113,171.7113114137883,180.8103363944772
28157428,-2.998698,-1.649981,1.651842103691101,107.8827144275966,201.77394582469557
28157442,-2.893569,-1.679058,1.7984261036911011,97.47964110548568,206.67102869628695
28157452,-3.478318,-1.942986,0.07569810369110108,184.93110222313896,201.9509717820107
28157485,-3.927059,-2.715489,0.026746103691100975,175.950071454178,210.32446839535325
28157512,-5.464215,-4.842704,-0.09748389630889887,159.67506633851792,218.60489766313216
28157516,-3.861163,-2.95067,0.013939103691101185,174.77344290803325,217.5870319285912
28157534,-0.442514,0.732096,-0.017179896308898934,412.5645157428519,242.5495343628832
28157544,-0.589961,0.60258,-0.06663889630889885,378.45000428948606,235.77499732024685
28157561,-3.5864,-2.98693,-0.04884989630889902,178.2542957078458,225.82810718958692
28157566,-5.315511,-5.463033,-0.09834789630889884,157.33078888715863,230.92350361666865
28157617,-0.389599,0.62047,-0.0003088963088988539,400.3252623068536,259.38792351050154
28157734,-0.679915,0.473121,1.5467581036911011,127.85999206867488,239.60930519520372
28157751,-1.612291,-1.537298,-0.030817896308898973,217.901162173585,261.39458938795343
28143448,-2.816756,1.240793,-0.018411896308898834,280.77914727155365,45.84269333792017
28151578,0.418029,-4.427013,0.18657310369110114,183.2331548148386,417.96737571287713
28154040,-0.582098,0.60254,-0.03768289630889887,377.4859024029032,236.690620725179
28154040,-0.582098,0.60254,-0.03768289630889887,377.4859024029032,236.690620725179
28105912,-2.251454,-0.028259,-0.012276896308898833,245.147626524194,167.55750818668872
28154092,-3.935511,-6.97201,3.4980911036911007,42.60523086042815,290.2749476809455
28154092,-3.935511,-6.97201,3.4980911036911007,42.60523086042815,290.2749476809455
28143478,-2.76815,1.157807,-0.015284896308898954,278.2477725650047,55.6863155803066
28144902,-0.695124,-2.1062,0.7578231036911011,173.9157620728119,340.3170046744746
28154212,-2.359077,-4.917767,0.07563510369110116,165.48211829645086,295.6278912774752
28123825,-2.219519,-0.136942,-0.028949896308898992,243.26140260808376,175.3315726552769
28120729,-2.031291,-0.69012,0.023804103691100975,228.1174112115044,210.689081700662
28107868,-1.597948,-4.071303,0.7306291036911011,149.5822293205457,317.4924071118299
28147482,-2.432447,-4.369602,-0.061183896308898866,173.67195467571963,285.26431887659805
28141329,0.957271,-16.386095,1.632236103691101,103.15967704163364,436.7330732848673
28144350,-3.5657,-9.115079,2.373777103691101,86.65708243929492,315.0091248836913
28134752,-4.115985,-2.4604,0.006268103691100979,177.77702596696494,199.1877075921652
28134752,-4.115985,-2.4604,0.006268103691100979,177.77702596696494,199.1877075921652
28140043,-2.770246,1.236757,0.006963103691101091,280.93681497966395,46.181396312391655
28114913,-2.143987,-0.275075,-0.016633896308899,239.982807356703,185.98562285583557
28134764,-4.099457,-2.626661,-0.006844896308898951,176.86247218624823,203.84153446791373
28134764,-4.099457,-2.626661,-0.006844896308898951,176.86247218624823,203.84153446791373
28103485,-3.854405,-2.917954,0.019995103691101024,174.87799687549276,217.005936191634
28103485,-3.854405,-2.917954,0.019995103691101024,174.87799687549276,217.005936191634
28115936,-1.281086,-2.42117,0.03277510369110104,202.26267321181632,299.7862008033037
28134798,-3.599533,-2.295288,0.001367103691101157,183.0286518719362,208.5681788191713
28134798,-3.599533,-2.295288,0.001367103691101157,183.0286518719362,208.5681788191713
28140098,-6.295223,-1.521925,3.6020781036911007,6.4801446170570784,81.11773580205843
28129994,-1.943748,-0.813869,-0.03813489630889899,229.86966178696764,220.2005000580167
28129994,-1.943748,-0.813869,-0.03813489630889899,229.86966178696764,220.2005000580167
28144446,-2.051995,-11.414465,4.176806103691101,33.27876256510291,380.3488260965432
28144452,-2.058952,-12.944343,4.7661111036911015,23.7485754583694,388.6132334732631
28132536,-3.741365,-1.285028,0.06539210369110116,191.13643059231003,173.09201302895698
28147932,-2.085079,-2.406533,0.07448910369110107,191.59302724946775,262.8478425520462
28120957,-1.643113,-1.632831,0.01749410369110116,212.9313196910369,262.7904188187223
28120957,-1.643113,-1.632831,0.01749410369110116,212.9313196910369,262.7904188187223
28147963,-1.565996,-1.686167,-0.03982489630889896,215.85613513945023,267.8513273414859
28078646,-0.087478,-6.334908,0.0693091036911011,166.22005865623913,390.73297591627176
28121009,-1.681607,-3.884874,0.7297641036911011,150.515213004772,311.33001288381786
28146727,-6.058089,-1.77983,3.012034103691101,43.50851797059573,107.63268005188851
28148178,-0.198624,-5.52909,0.2261531036911011,166.07387704558357,386.0321365708372
28150136,-5.800949,-2.951908,3.063790103691101,48.06452141414758,157.20911780330988
28150136,-5.800949,-2.951908,3.063790103691101,48.06452141414758,157.20911780330988
28150143,-5.671707,-3.041003,3.5254391036911015,23.15739707906721,159.4766443134305
28150143,-5.671707,-3.041003,3.5254391036911015,23.15739707906721,159.4766443134305
28150147,-3.247244,-0.786827,1.629170103691101,110.76834808958654,150.15201694658617
28150171,-2.691275,-0.59636,1.9611391036911012,78.09415504983878,155.52135502476588
28140958,-1.553344,-1.650335,0.06971510369110101,211.32290359303124,268.0869157250682
28150292,-5.483271,-2.886766,0.11769010369110111,164.08047443801183,179.28468387544598
28150292,-5.483271,-2.886766,0.11769010369110111,164.08047443801183,179.28468387544598
28150319,-3.933097,-1.74036,0.36000510369110106,172.15362093633254,181.50955201315125
28150319,-3.933097,-1.74036,0.36000510369110106,172.15362093633254,181.50955201315125
28121138,-1.95821,-0.946036,0.00019510369110098402,224.14424010515532,224.67006293497835
28121138,-1.95821,-0.946036,0.00019510369110098402,224.14424010515532,224.67006293497835
28150385,-5.177608,-3.468534,0.11405910369110117,161.90367436829274,198.43534048182767
28150385,-5.177608,-3.468534,0.11405910369110117,161.90367436829274,198.43534048182767
28146905,-6.116791,-3.168465,3.154506103691101,47.59782897672062,156.73445305680497
28146905,-6.116791,-3.168465,3.154506103691101,47.59782897672062,156.73445305680497
28116793,-0.394354,0.676546,-0.014289896308898875,409.6495218911879,253.9746292833652
28116793,-0.394354,0.676546,-0.014289896308898875,409.6495218911879,253.9746292833652
28121178,-1.8503,-1.150957,0.008646103691101192,220.68227474226995,237.375862854061
28127047,-2.019819,-0.616559,-0.03363689630889888,233.4948113069621,208.23377772490863
28121200,-1.748232,-1.162891,-0.010737896308898875,223.25420262211244,242.78930824285803
28141017,-3.259858,-9.040514,2.559804103691101,80.3017318949191,323.13149343544853
28140378,-3.115569,-0.812172,1.7603111036911012,100.0901993297317,154.6853724916408
28138135,-4.755554,-1.262309,0.061561103691101016,183.1052245000604,147.6747373487682
28118230,0.486894,-4.915505,0.2896581036911011,173.33409235639246,423.7607980304739
28150527,-3.299568,-2.798803,-0.03137489630889889,181.26050317625524,229.71999150099307
28150527,-3.299568,-2.798803,-0.03137489630889889,181.26050317625524,229.71999150099307
28143242,-5.762197,1.153033,0.08034310369110109,205.1065856472505,12.420796144608374
28110391,-0.399283,-4.408145,0.042894103691101026,182.7857237811184,368.5389377646428
28121312,-3.498974,-7.649868,1.6984241036911012,105.2195254831026,301.0391710890081
28153175,-6.29808,-0.793492,3.083220103691101,31.22399063602032,51.17379362292076
28121340,-3.267937,-8.395215,2.148339103691101,91.74422063131156,315.710513902049
28143270,-5.62354,1.013607,0.10238210369110101,203.46754102099104,22.23542445649977
28124523,-2.75267,-9.132786,2.819106103691101,70.83471064937356,339.1244661326908
28143273,-6.745592,-0.299087,3.153013103691101,25.873987431895216,12.711985986943148
28123526,-6.027315,-3.096647,3.121566103691101,48.00253150878135,156.58706813005202
28123526,-6.027315,-3.096647,3.121566103691101,48.00253150878135,156.58706813005202
28150842,-1.559544,-11.167808,4.340509103691101,22.728186731895164,397.05082719171526
28143989,-4.523801,-3.105684,0.07526910369110107,168.12837355148957,204.75523803940075
28143989,-4.523801,-3.105684,0.07526910369110107,168.12837355148957,204.75523803940075
28138217,-0.765067,1.08838,-0.023222896308898955,429.4976989133407,163.703366007137
28112472,-2.526616,0.519192,-0.037169896308898887,259.0261920536603,120.6207924480459
28127183,-3.379552,-7.593163,1.803169103691101,101.90385919109744,304.0758454440971
28150982,-2.011749,-0.553024,-0.002130896308898844,233.79903704123365,205.5982193659036
28150982,-2.011749,-0.553024,-0.002130896308898844,233.79903704123365,205.5982193659036
28150998,-2.831327,-1.679468,1.831787103691101,94.8332563056528,209.2515921285637
28150998,-2.831327,-1.679468,1.831787103691101,94.8332563056528,209.2515921285637
28151029,-1.990343,-0.911121,-0.010675896308898869,224.9809403384455,221.82271169027453
28151029,-1.990343,-0.911121,-0.010675896308898869,224.9809403384455,221.82271169027453
28151037,-1.897467,-0.859138,-0.02524589630889884,228.91623494013945,224.2086153097767
28151037,-1.897467,-0.859138,-0.02524589630889884,228.91623494013945,224.2086153097767
28151046,-1.915964,-0.987758,0.015706103691101037,223.08353902447973,228.2560520710502
28151046,-1.915964,-0.987758,0.015706103691101037,223.08353902447973,228.2560520710502
28151061,-1.920256,-1.080347,-0.009954896308898897,222.07456985823455,231.5021692063096
28151061,-1.920256,-1.080347,-0.009954896308898897,222.07456985823455,231.5021692063096
28117687,-1.747454,-1.175429,-0.01714989630889896,223.29281395299705,243.249093251858
28117687,-1.747454,-1.175429,-0.01714989630889896,223.29281395299705,243.249093251858
28151083,-1.874713,-1.131115,-0.0005808963088989039,221.19494551026773,235.4947351744562
28151083,-1.874713,-1.131115,-0.0005808963088989039,221.19494551026773,235.4947351744562
28147166,-2.762493,-1.783994,1.8032141036911011,96.80432604979016,216.61534043626847
28151130,-1.737602,-1.175817,-0.010245896308898939,223.10741320225452,243.76579852364617
28151130,-1.737602,-1.175817,-0.010245896308898939,223.10741320225452,243.76579852364617
28134487,-6.283259,-3.138942,3.180410103691101,47.40251591654311,152.23095815703047
28134487,-6.283259,-3.138942,3.180410103691101,47.40251591654311,152.23095815703047
28151150,-1.69942,-1.215674,0.003841103691101022,222.1014995777329,247.0686192491925
28151150,-1.69942,-1.215674,0.003841103691101022,222.1014995777329,247.0686192491925
28151162,-2.784897,-3.181577,0.033494103691101174,178.63068399051474,253.9745067328803
28151162,-2.784897,-3.181577,0.033494103691101174,178.63068399051474,253.9745067328803
28134494,-2.535295,0.546158,-0.035885896308898824,259.7730942593062,118.23452627032192
28132141,-2.821899,1.297984,-0.011194896308899027,283.1866327971571,39.06384225580311
28153652,-5.34336,-2.97086,3.2471041036911013,34.42789379790688,167.064430277901
28132161,-2.80802,1.232186,-0.01771989630889892,280.6443606059328,46.93947436425188
28151231,-1.569683,-1.783032,0.026865103691101178,210.49962979405075,270.6047378230552
28151242,-1.483266,-1.730068,0.00555310369110118,213.98288026600412,273.50311885172334
28153699,-4.063252,-1.253336,-0.03369089630889888,192.6029497304729,164.2444509949375
28151260,-1.429502,-1.865666,-0.0005378963088988886,212.28704071105156,279.7062996960935
28151263,-0.585159,0.634436,-0.012066896308899011,379.806395326454,233.65728395329788
28151263,-0.585159,0.634436,-0.012066896308899011,379.806395326454,233.65728395329788
28151273,-0.570682,0.599119,-0.002415896308898935,376.0238242125646,238.33649133598192
28151273,-0.570682,0.599119,-0.002415896308898935,376.0238242125646,238.33649133598192
28151281,-1.373824,-2.149727,-0.05181889630889902,209.95587106278384,288.76575945589565
28120523,-4.076057,-2.404325,0.10221410369110107,175.10053292027857,198.40712211006556
28151292,-1.965363,-3.892708,0.6947071036911011,150.8929805311118,299.3190569751569
28133067,-3.057416,-9.336558,2.6422341036911012,77.87000502570865,330.917573709405
28151327,-0.392802,0.670769,-0.012666896308898945,408.80300741801057,254.690947357186
28151327,-0.392802,0.670769,-0.012666896308898945,408.80300741801057,254.690947357186
28151331,-0.387585,0.653304,-0.0004438963088988501,405.9033329648114,256.9864488187052
28151332,-3.102544,-8.20048,2.212142103691101,89.18532532101412,318.9091379149811
28120551,-3.97583,-2.648869,0.09842610369110116,173.70706036028147,207.25727031839665
28120551,-3.97583,-2.648869,0.09842610369110116,173.70706036028147,207.25727031839665
28120552,-2.220604,-0.110839,-0.015290896308898905,243.33304117200169,173.67416881586354
28153779,-3.787427,-1.655376,0.4111631036911011,171.78700314255994,182.4063180895689
28153833,-5.066259,-3.423775,0.151044103691101,161.45790507809934,199.6761056722821
28153833,-5.066259,-3.423775,0.151044103691101,161.45790507809934,199.6761056722821
28053483,-5.597593,-2.73914,3.116623103691101,41.87887045570511,154.08455608196243
28120592,-3.834347,-2.85325,0.11011110369110111,172.38291123390204,215.8841784120665
28120592,-3.834347,-2.85325,0.11011110369110111,172.38291123390204,215.8841784120665
28153859,-5.555176,-4.24141,-0.317384896308899,168.09206914635394,207.0315508458246
28153859,-5.555176,-4.24141,-0.317384896308899,168.09206914635394,207.0315508458246
28114247,-4.015904,-2.689061,0.08274210369110113,173.69190396088106,207.2568700447144
28114247,-4.015904,-2.689061,0.08274210369110113,173.69190396088106,207.2568700447144
28135413,-0.411433,0.597391,-0.011114896308898947,394.6500396991017,258.16951779827593
28135413,-0.411433,0.597391,-0.011114896308898947,394.6500396991017,258.16951779827593
28151540,-0.500454,-10.546885,3.4726801036911015,43.39767545815309,423.5825108806518
28154287,-2.190866,-0.080962,0.009928103691100976,243.6731080134244,172.9893644488074
28154301,-2.180679,-0.143957,-0.004756896308898861,242.65660811987576,177.1679388841965
28154318,-4.159401,-1.954443,0.056678103691101045,180.45665165148276,183.9248401139577
28154321,-5.66631,-2.942853,3.1426991036911014,42.82617480591108,159.28997470093827
28154329,-2.154411,-0.214332,-0.005107896308898852,241.0297234101418,182.1941409885048
28154360,-2.141068,-0.264727,-0.008783896308898864,239.9454567293685,185.5066599855373
28154383,-2.106212,-0.344119,-0.010779896308898973,238.3978304534334,191.1954257261836
28154416,-2.062265,-0.482586,-0.020764896308898884,235.7577290428331,200.05608976181145
28154419,-4.069703,-2.613707,-0.0028368963088989396,177.01572141549912,204.2564953402807
28154438,-2.069672,-0.681332,0.001483103691101162,228.76963154457007,208.6187571039628
28154472,-3.848716,-3.176552,-0.01193389630889885,173.87029480017958,222.947579907616
28154474,-1.897178,-0.756188,0.008205103691101057,229.9331699624672,219.966951484584
28154520,-1.829643,-1.015434,-0.025472896308898818,226.18254070763555,233.4907267646068
28154554,-2.720482,-2.559062,-0.01685689630889886,187.66790877587545,242.47424118095415
28154640,-1.707244,-1.537066,0.0013171036911010514,214.75582085014287,256.7909937303767
28154681,-1.529098,-1.621396,0.003090103691101076,215.713794436844,268.18375091669844
28155088,0.292004,-4.304359,-0.018139896308899006,192.9283881634152,405.5050674090356
28156589,-4.995269,1.394895,0.076776103691101,221.58288233617023,0.002701736242443
28156624,-4.794743,1.248177,0.06391210369110101,222.32795107833348,13.940319576098489
28157264,-3.964904,-0.977408,0.03702210369110115,194.3115219124582,155.8833057882332
28157302,-4.022325,-1.26874,-0.018776896308899005,192.18636345380725,165.70854752206685
28157344,-5.63621,-3.113166,0.6485311036911011,145.6210690475549,179.38252679606822
28157390,-4.210739,-2.106172,0.2551921036911011,171.24688522114832,186.09895450012323
28157440,-3.409623,-1.763302,0.08810210369110116,187.12534933289615,198.4979762948682
28157502,-4.777841,-5.148859,3.292962103691101,45.09533662634715,237.84089258758283
28157521,-4.810644,-5.192431,2.908822103691101,61.89140618782653,237.6690683173877
28157565,-0.403139,0.703429,-0.009052896308898939,412.68802286520815,250.4877687742436
28157589,-2.110956,-1.206011,-0.15597289630889888,223.03723477597637,227.42726809917775
28157727,-1.660624,-1.379144,-0.017617896308898873,220.0087364747849,254.25833269433025
28157746,-0.664537,0.473451,1.5381611036911012,130.65335182214858,243.01892458465545
28157774,-0.681905,0.397293,1.355796103691101,174.98292270321446,248.57415993813208
28132252,-5.636221,-1.918639,3.1923121036911013,29.57639578179192,119.65793671823776
28105882,-3.205417,-9.010429,2.169105103691101,91.6765039293338,322.06142776751915
28134636,-5.640866,-3.035856,0.08855610369110112,163.4443422535249,179.89680263807628
28134636,-5.640866,-3.035856,0.08855610369110112,163.4443422535249,179.89680263807628
28154030,-0.472586,0.74371,-0.008460896308899013,409.89051748217867,237.54585892144985
28154030,-0.472586,0.74371,-0.008460896308899013,409.89051748217867,237.54585892144985
28117838,-1.42735,-2.092561,0.027549103691101084,206.49590539313212,285.38085749939216
28135465,-0.86185,-12.402297,4.763806103691101,11.639282031440132,425.4263488688475
28154063,-0.483189,0.669076,0.03818310369110112,393.656105394212,243.13080779239905
28117866,-3.431126,-8.695391,2.318969103691101,87.351511848407,314.82892046601444
28105930,-2.212335,-0.383317,0.0013721036911011897,234.10711057115293,188.317896463584
28154237,-1.719139,-3.726234,0.6970491036911011,152.91161026620796,307.11492329255134
28146413,-6.414013,-0.214925,3.209366103691101,15.435151156236714,7.384401630100712
28134698,-5.917655,-3.833948,-0.0789838963088989,162.74780071132156,192.3238256902543
28134698,-5.917655,-3.833948,-0.0789838963088989,162.74780071132156,192.3238256902543
28134743,-5.720575,-4.215896,-0.07635789630889889,161.37181713951543,203.0637207820144
28134743,-5.720575,-4.215896,-0.07635789630889889,161.37181713951543,203.0637207820144
28145020,0.363493,-4.137601,8.110369110103655e-05,195.3129379595705,410.3617484177241
28134769,-5.465279,-4.345672,-0.026676896308899023,160.21831506610064,210.0605399164132
28134769,-5.465279,-4.345672,-0.026676896308899023,160.21831506610064,210.0605399164132
28143629,-5.71157,-2.05626,3.413532103691101,18.24868822366309,121.19951463691736
28134800,-2.766601,-1.75374,1.798695103691101,97.09551745504304,215.24811295798963
28134800,-2.766601,-1.75374,1.798695103691101,97.09551745504304,215.24811295798963
28115955,-0.392961,0.674197,-0.014619896308898817,409.4654789488676,254.36199757976044
28115955,-0.392961,0.674197,-0.014619896308898817,409.4654789488676,254.36199757976044
28137193,-0.389894,0.624994,-0.01908389630889884,402.1213841539558,258.7856627827857
28137193,-0.389894,0.624994,-0.01908389630889884,402.1213841539558,258.7856627827857
28116607,-0.970773,0.742098,-0.012298896308899021,354.75781991296657,185.349269953938
28116607,-0.970773,0.742098,-0.012298896308899021,354.75781991296657,185.349269953938
28147979,-1.52469,-1.773811,-0.03291289630889893,214.31624443832987,272.2973414311158
28124091,-1.839251,-1.111273,0.027633103691101057,220.84386508789024,236.51592408883485
28124091,-1.839251,-1.111273,0.027633103691101057,220.84386508789024,236.51592408883485
28143759,-3.201377,-0.77101,1.5976591036911012,113.13460387642658,151.369607132741
28140237,-5.489647,-1.880183,3.162099103691101,29.268029292243767,121.48458097652036
28140246,-3.275838,-0.411358,1.720132103691101,103.7351519866855,123.35931754539756
28121020,-1.393411,-2.229441,0.010432103691101036,205.2573587934991,289.98202015886534
28140257,-5.821246,-2.207505,3.002759103691101,45.59055423511694,130.43991563373828
28132717,-3.785563,-3.014103,0.110107103691101,171.34133880263903,220.8932437170752
28150091,-5.763921,-2.706815,3.313344103691101,32.401211686105825,147.43138413352446
28150091,-5.763921,-2.706815,3.313344103691101,32.401211686105825,147.43138413352446
28150126,-2.961958,-0.668841,2.0803001036911013,69.50924985857094,146.43425852571107
28150127,-6.893643,-2.555122,-0.19173089630889883,169.37145530267702,148.9633661973533
28140298,-2.523232,0.562991,-0.024800896308898812,260.2000103719658,117.09978937673154
28124176,-3.090056,-9.001616,2.501072103691101,81.54513727292229,326.9380657853234
28082705,-2.691146,-10.337694,3.500780103691101,53.126960549115296,352.39487477098453
28140959,-1.588743,-1.714238,-0.06235989630889893,216.00039556014104,267.3568592236355
28120243,-5.241376,-2.681317,3.1898111036911008,33.709143792279804,159.86863932060703
28120243,-5.241376,-2.681317,3.1898111036911008,33.709143792279804,159.86863932060703
28093641,-5.876235,-2.978253,3.072826103691101,48.39254372259239,156.36757029506242
28143846,-5.47251,-2.602873,0.12475210369110101,165.70852008284007,172.4859209563249
28146902,-3.259343,-0.731883,1.595726103691101,113.41987425419426,146.98937259518095
28138132,-6.240416,-2.195078,-0.009536896308898868,169.1934060165875,148.88322230432092
28141038,-2.93829,-9.005098,2.618779103691101,77.48175911594953,331.7815054041063
28147004,-5.788254,-2.812786,0.0323911036911011,165.88942322926067,172.18269410296182
28150682,-0.468717,0.744927,-0.009617896308898866,410.6919004684249,237.93245731506255
28150682,-0.468717,0.744927,-0.009617896308898866,410.6919004684249,237.93245731506255
28129549,-5.300646,-2.702321,3.204606103691101,33.695461522622566,159.04206834573688
28121392,-2.711336,-9.100618,2.845714103691101,69.72371053417297,340.2965563513376
28127130,-1.826056,-1.027849,-0.027011896308898997,226.01487853119536,234.12317165113365
28141751,-0.311879,-5.584457,0.08459110369110112,170.32792880435963,378.8880983527415
28108879,-0.430265,0.730529,-0.00985389630889899,413.5896263295844,244.36206120535772
28108879,-0.430265,0.730529,-0.00985389630889899,413.5896263295844,244.36206120535772
28147113,-3.590095,-1.731909,0.033373103691101136,188.17824616706795,192.4765988878761
28147113,-3.590095,-1.731909,0.033373103691101136,188.17824616706795,192.4765988878761
28141778,0.499768,-14.870214,0.06104710369110111,136.05162030862903,412.99893748413024
28117640,-1.915204,-0.999973,0.015548103691101156,222.8030898065628,228.7542305740704
28150993,-2.060326,-0.678502,0.0075581036911009924,228.71195017368825,208.90033451095485
28150993,-2.060326,-0.678502,0.0075581036911009924,228.71195017368825,208.90033451095485
28151012,-2.010401,-0.796852,0.012478103691101028,226.30569521741984,216.22964818075505
28151012,-2.010401,-0.796852,0.012478103691101028,226.30569521741984,216.22964818075505
28104303,-4.26918,-1.902745,0.035878103691101115,180.9824777855115,179.79231298756648
28104303,-4.26918,-1.902745,0.035878103691101115,180.9824777855115,179.79231298756648
28151051,-1.858755,-0.935653,-0.022208896308898884,227.5071175960754,229.06722123371975
28151051,-1.858755,-0.935653,-0.022208896308898884,227.5071175960754,229.06722123371975
28140493,-4.201311,-1.798475,0.14771010369110105,178.27405257526763,177.6506547528871
28140493,-4.201311,-1.798475,0.14771010369110105,178.27405257526763,177.6506547528871
28151102,-1.796485,-1.119013,-0.03286789630889886,224.58610016469504,238.8457920794584
28151102,-1.796485,-1.119013,-0.03286789630889886,224.58610016469504,238.8457920794584
28147164,-6.320531,-5.424248,-0.311079896308899,159.83711368929897,212.9124422986047
28147164,-6.320531,-5.424248,-0.311079896308899,159.83711368929897,212.9124422986047
28153586,-7.712078,-2.90745,-0.39433489630889884,169.45932299502817,146.7561219603665
28126593,-6.098438,-3.05266,3.129783103691101,47.83032682067884,153.6429956413276
28126593,-6.098438,-3.05266,3.129783103691101,47.83032682067884,153.6429956413276
28120464,-3.742897,-1.249888,0.06136410369110101,191.75511246434297,171.81449534495852
28126602,-6.221673,-3.278437,3.175674103691101,48.136652539620144,157.81400211484947
28151186,-1.714722,-1.525595,-0.0005778963088989286,214.97683751521643,256.07805902388907
28153635,-5.04206,-2.620578,3.127072103691101,34.64174504999818,163.2333876384468
28151195,-1.641551,-1.469651,-0.03248189630889886,219.01159501484523,257.9264736879581
28151205,-1.606455,-1.523916,-0.023489896308898972,217.92989029291675,261.33215917863043
28134523,-5.308658,-2.704183,3.215960103691101,33.14202657713611,158.81664283447734
28134523,-5.308658,-2.704183,3.215960103691101,33.14202657713611,158.81664283447734
28106891,-1.60284,-1.717483,0.019259103691101176,211.70936880679488,267.1507016674374
28120514,-5.455343,-4.024288,-0.0009048963088988948,161.18642500713742,204.31854854493412
28120514,-5.455343,-4.024288,-0.0009048963088988948,161.18642500713742,204.31854854493412
28120570,-3.540019,-2.184791,0.03605310369110115,183.32296147295835,207.17418931290635
28120570,-3.540019,-2.184791,0.03605310369110115,183.32296147295835,207.17418931290635
28143420,-6.105479,-1.035236,3.4134261036911013,8.77272008155731,60.625142885713046
28138392,0.404882,-4.275005,0.22183810369110102,183.45241946206292,418.195119350244
28106917,-2.368653,-0.010989,0.0011121036911010407,241.95917432871943,161.4592134298685
28153825,-5.429347,-3.650814,0.0449391036911011,161.99001305124315,197.39827979001475
28153825,-5.429347,-3.650814,0.0449391036911011,161.99001305124315,197.39827979001475
28153839,-3.705073,-1.960851,-0.053232896308898825,187.91911767436056,196.51801356608027
28153839,-3.705073,-1.960851,-0.053232896308898825,187.91911767436056,196.51801356608027
28140567,-5.713688,-4.133657,-0.05323589630889902,161.19447024685817,201.6320545757838
28140567,-5.713688,-4.133657,-0.05323589630889902,161.19447024685817,201.6320545757838
28151491,-0.253167,-5.806023,0.046449103691101,170.22394044962948,381.744418789581
28106933,-3.846178,-2.934623,0.1038601036911011,171.8714556092401,217.47727915421453
28106933,-3.846178,-2.934623,0.1038601036911011,171.8714556092401,217.47727915421453
28154269,-2.266788,-0.039932,-0.029140896308898823,245.3007719690386,167.79401640072513
28154296,-4.299835,-1.93038,0.023439103691101026,180.95467123431064,179.93769595692928
28154300,-3.660886,-1.444227,0.06922610369110105,189.65960680968044,180.8758441761358
28154327,-4.153873,-2.040389,0.12984210369110105,176.9256741047205,186.2207372406763
28154373,-2.205205,-0.400307,-0.0025368963088989727,233.9826811990582,189.5048689250116
28154389,-2.163725,-0.460789,-0.0005868963088988544,233.0386055221213,194.27627917232783
28154403,-2.079263,-0.431631,-0.019855896308898835,236.8464796255477,196.8268081266431
28154415,-2.111413,-0.549309,0.01430610369110119,230.84183232220192,200.71852630241855
28154431,-2.041838,-0.580911,-0.036586896308898886,234.1939191970159,205.6284355516306
28154442,-1.993869,-0.621143,-0.01972189630889898,233.17911669623075,209.5965906635743
28154462,-2.004969,-0.797112,0.007424103691101136,226.67504794152728,216.5093692292116
28154484,-1.907473,-0.863624,-0.030608896308898847,228.8775326648436,223.9127534083326
28154492,-3.858996,-3.527209,0.3985991036911011,157.3312950020154,229.8088262742504
28154502,-1.861991,-0.95098,-0.02619489630889893,227.2526604272759,229.49741754419492
28154552,-1.793216,-1.122373,-0.031926896308899,224.5153107562101,239.12530778402515
28154607,-1.711492,-1.291442,-0.02800489630889902,221.7020955653041,248.88886513001552
28154656,-1.609134,-1.500197,-0.018648896308898877,218.1736008792949,260.52295142601673
28154695,-0.575305,0.603218,-0.013738896308898907,376.7934594949885,237.4416040696162
28154717,-3.015933,-4.143632,3.419759103691101,9.592302829740362,277.3606849614255
28157158,-4.245821,-0.596082,-0.02728089630889885,199.5657469559348,134.10929087629256
28157249,-6.030385,-3.308672,3.140249103691101,48.6113229848801,162.94002254052944
28157465,-5.808408,-4.588825,-0.12287089630889891,160.4852141322292,208.1215581162264
28157480,-3.484602,-2.17857,0.05990210369110116,182.8868705128793,208.5379133892588
28157503,-4.784096,-3.957539,-0.07253989630889901,166.01233096870277,216.74787004225752
28157511,-4.850161,-5.044004,2.7963241036911013,66.03075224375138,233.83626428253916
28157517,-0.469142,0.744723,-0.008756896308898865,410.5498560727763,237.89789116541004
28157562,-0.484667,0.667367,0.03891910369110119,393.15981170956536,243.0946897448796
28157573,-0.395313,0.690801,0.003646103691101077,410.893106062638,252.7712032049751
28157588,-3.223561,-2.742066,-0.008121896308898924,181.49856813655805,230.66187604487308
28157776,-1.551862,-1.6524,-0.019837896308898983,215.8193835877402,267.7501261181694
28141226,-0.688078,-10.927483,4.204797103691101,19.26214131205802,426.3636142379906
28135423,-1.272317,-10.330041,4.561795103691101,4.516484678849878,409.5815667452774
28130596,-0.437497,0.734961,-0.006843896308898811,413.1678219832591,242.99613034119923
28130596,-0.437497,0.734961,-0.006843896308898811,413.1678219832591,242.99613034119923
28132270,-5.594943,-2.013419,3.195287103691101,30.006973683432136,124.73293406212444
28153962,-3.763804,-3.492724,0.072255103691101,169.076865635907,231.69933218962768
28141234,-0.663195,-12.345075,3.783195103691101,43.34305791953662,419.87884713278095
28151580,0.151839,-18.231627,4.817527103691101,37.541076660607445,444.4052051698854
28132279,-6.698669,-2.764764,3.230573103691101,45.48834188984026,131.65352946981977
28144860,-3.72004,-5.840647,3.9031571036911012,12.720097045158695,283.4348076890394
28153996,-3.186571,-2.910707,0.08184810369110118,176.78131971662617,235.6287265797467
28153996,-3.186571,-2.910707,0.08184810369110118,176.78131971662617,235.6287265797467
28143455,-6.309353,-1.307932,3.291595103691101,24.09447622329003,75.60849985893523
28144863,-2.091541,-4.688328,0.0952041036911011,167.68588187462186,301.64151240261936
28143466,-6.216755,-1.326707,3.466266103691101,11.458615200865836,74.58197502787536
28143469,-6.211936,-1.349598,3.276681103691101,24.33907676150949,79.64932367898652
28141251,-0.35748,-15.677137,4.189737103691101,45.07753644612515,429.4286887416638
28154078,-2.542552,-2.607744,0.09035010369110119,184.2611838796257,249.9951837193477
28154078,-2.542552,-2.607744,0.09035010369110119,184.2611838796257,249.9951837193477
28135485,-0.685881,-11.378609,4.300344103691101,19.18889871026704,427.0441649287744
28135496,-0.56119,-14.459901,4.429714103691101,33.84386719110688,427.9879536502024
28154139,-2.130046,-2.425906,-0.003957896308898867,194.26244464028068,261.19883087920016
28154139,-2.130046,-2.425906,-0.003957896308898867,194.26244464028068,261.19883087920016
28141263,-0.282922,-11.749348,3.894374103691101,33.93246034677489,435.3549257881828
28144919,-0.420928,0.573429,-0.00501689630889901,389.5541277970965,258.8475197295185
28135523,0.088328,-19.758968,5.115672103691101,36.92937832254577,442.6363276566572
28144920,-0.449887,0.737985,-0.010708896308898819,412.1775480354594,241.05155395227428
28144920,-0.449887,0.737985,-0.010708896308898819,412.1775480354594,241.05155395227428
28141270,-0.163302,-15.612225,4.110667103691101,46.0774345118721,433.9833342336
28143494,-6.124384,-1.420806,3.261174103691101,25.129379013397312,85.10967210354087
28141283,0.084815,-15.135382,3.9725901036911013,46.80774348604359,440.4053860780192
28132368,-6.130017,-3.05731,3.135127103691101,47.84397166494921,153.10021386681117
28132368,-6.130017,-3.05731,3.135127103691101,47.84397166494921,153.10021386681117
28143512,-6.024194,-1.457391,3.2460521036911008,25.292984929259237,89.00146860747384
28146411,-4.857799,1.272392,0.04953710369110098,222.50415343106235,11.948459448410432
28143523,-6.238034,-1.651551,3.515765103691101,13.283776408662476,90.29634021729052
28144952,-2.027939,-11.364941,4.147747103691101,33.80246024585918,380.67158539819377
28133242,-0.707515,-11.065186,4.266917103691101,18.1155830662218,426.2878532875153
28147487,-0.469545,0.743491,-0.008922896308898975,410.296576323001,237.9610311907218
28147487,-0.469545,0.743491,-0.008922896308898975,410.296576323001,237.9610311907218
28146428,-6.354636,-0.322222,3.394591103691101,1.709361968898321,9.80101354122192
28114856,-5.703629,-2.939722,0.03148710369110108,165.4768113282647,176.74374803291812
28114856,-5.703629,-2.939722,0.03148710369110108,165.4768113282647,176.74374803291812
28140008,-6.452179,-0.988933,3.134231103691101,32.104963977581804,59.35672804141714
28147527,-2.121523,-4.71137,0.09627210369110117,167.33494691419165,300.92112838434605
28090059,-0.858628,-11.602539,3.807544103691101,39.65638643830045,414.25166794827567
28127573,-2.453233,-12.275576,4.408317103691101,33.16439252614481,373.2638192456304
28127590,-2.237914,-13.162256,4.560481103691101,32.21204636813118,382.33023388395554
28144331,-2.72578,-5.069171,0.08417210369110117,162.7029862427627,286.4295611068528
28141354,1.834654,-20.145123,0.39766010369110105,123.65922608434845,439.44956198168046
28135616,1.639818,-18.546375,0.20989410369110106,128.42284127625044,436.2747866503133
28141361,0.351704,-4.293641,-0.022448896308898902,193.88690258987828,409.0826971563899
28140024,-6.089778,-1.008211,3.398389103691101,9.160628296912222,59.56641491017359
28092801,-5.156221,-4.414127,0.030966103691101088,159.29334918288387,217.21015994450204
28092801,-5.156221,-4.414127,0.030966103691101088,159.29334918288387,217.21015994450204
28127614,-0.431743,0.728886,-0.005312896308898862,412.84302895002565,244.3346124307561
28127614,-0.431743,0.728886,-0.005312896308898862,412.84302895002565,244.3346124307561
28147583,-2.332549,-11.97296,4.388631103691101,31.382278505293897,375.5958957339449
28133264,-0.649962,-12.305606,3.7312781036911007,44.74906862612161,419.7193861531461
28107070,-0.487213,0.743675,-0.010835896308898807,408.0355258119196,235.66073480367743
28107070,-0.487213,0.743675,-0.010835896308898807,408.0355258119196,235.66073480367743
28133278,-0.391758,-14.157933,3.9967251036911007,44.10046464497603,428.5525095493516
28140053,-6.087031,-1.196507,3.4249671036911007,10.289838634497473,70.1870678739503
28143606,-5.701391,-1.87699,3.394830103691101,16.857411364289817,113.43312916427304
28143613,-5.603952,-1.843983,3.180388103691101,29.056033988332278,117.09337658344197
28145025,-0.037814,-15.319965,3.9961281036911007,47.43943301659721,436.77330613029073
28146535,-6.676096,-0.912102,3.173285103691101,31.374035452425854,51.25416437398584
28140083,-5.961233,-1.261069,3.2013541036911013,24.87391327188027,80.53237008343052
28144387,-0.458276,0.742343,-0.010583896308898888,411.74917830519337,239.53921441374868
28147720,-0.205639,-13.28362,3.7444681036911014,46.74764433885207,432.7457304140676
28140088,-6.071248,-1.35342,3.4285891036911007,12.258221754225929,79.18977387234469
28149603,-4.779237,1.224652,0.055473103691101144,222.47304956703292,16.24308241037903
28118013,-2.545238,-10.976282,4.595358103691101,19.442547345514757,368.3016905486292
28146575,-7.424285,-1.433844,3.3975231036911007,31.97847065253765,64.58907087619025
28120867,-1.799202,-1.175723,0.03254010369110105,219.7622797907372,240.75940536918296
28137189,-0.398889,0.693926,-0.010255896308899004,411.7263874780634,251.8930427613803
28092998,-2.158706,-10.179657,4.808583103691101,1.4028427116637658,380.26242488565
28140119,-5.897224,-1.420572,3.211416103691101,25.450028108361863,89.98599855500544
28143672,-5.405871,-2.090993,3.1675821036911014,30.40872869217702,132.68933039832007
28118023,-2.335525,-10.699795,4.176370103691101,30.67781827405392,369.8270473580691
28144426,-2.598714,-12.036237,4.410718103691101,32.591315970275105,368.6775683605234
28149730,-6.160445,-0.710671,3.041659103691101,31.26827328744838,48.89370420491946
28107140,-0.245411,-11.632239,4.5537471036911015,7.732098710261482,447.0636415786619
28144453,-2.076059,-12.803636,4.4475621036911015,32.751278532226365,385.01854991119546
28105110,-5.618456,-3.542386,0.0053471036911010295,163.04224543827553,191.68136506627008
28149798,-6.615734,-1.280031,3.2018501036911013,33.049763845694514,71.32673047411504
28149812,-6.18334,-1.260765,3.4517681036911014,10.927802493136651,71.74816556249823
28149834,-6.581172,-1.5246,3.377643103691101,24.77465882331083,80.8618061556491
28118050,-2.010644,-10.923579,4.097848103691101,32.7101658187313,379.6419683624376
28074926,-2.346547,-10.546177,4.596290103691101,14.592731092740564,372.9627815740242
28074929,-2.34104,-11.180651,4.283514103691101,30.09965929686544,372.1797165127452
28067114,-2.25575,-10.943472,4.173803103691101,31.78746942140583,372.978341701687
28074934,-2.293175,-11.067678,4.552897103691101,19.76785326375864,375.77859560196447
28116628,-2.253779,-10.898891,4.032599103691101,36.27288893761485,371.6023489541564
28067140,-2.098333,-12.132149,4.330507103691101,32.755362025355,382.0362859108552
28074971,-0.523893,-12.13015,4.033590103691101,32.98120758827497,427.9452244763153
28120963,-2.588274,-12.907591,4.943950103691101,21.34681342123747,375.7492258183274
28120964,-2.812603,-13.198959,4.698724103691101,31.49810771122492,368.85803278484434
28074985,0.18701,-17.663029,4.7203611036911015,37.40316565385979,445.5814553725644
28107990,-0.44931,0.737331,-0.013290896308898903,412.2928092713589,241.1801762431425
28107990,-0.44931,0.737331,-0.013290896308898903,412.2928092713589,241.1801762431425
28070803,-2.764696,-12.669089,4.597817103691101,31.35233802168364,367.7453234032197
28120975,-2.285032,-11.500147,4.273019103691101,32.03889006261929,374.64334894162187
28107992,-0.424614,0.722345,-0.010607896308898912,413.0182349051988,245.86524035457927
28107992,-0.424614,0.722345,-0.010607896308898912,413.0182349051988,245.86524035457927
28078639,-1.14381,-11.387861,4.714179103691101,7.214683521998126,415.9787593643396
28070828,-2.080691,-11.440823,4.507070103691101,22.50654694812241,382.73916082371136
28120986,-2.057578,-11.079873,4.093045103691101,34.11889077198279,378.55878757681705
28140210,-5.59229,-1.830844,3.174884103691101,29.10771934839474,116.81027227813892
28148050,-3.792619,-8.961553,4.446747103691101,18.982480020521024,319.4954469500459
28148050,-3.792619,-8.961553,4.446747103691101,18.982480020521024,319.4954469500459
28120993,-1.296093,-9.273318,4.360307103691101,2.4704415240395576,405.6432450391879
28148060,-0.451799,0.737354,-0.012506896308899007,411.9075787234399,240.8516753258732
28148060,-0.451799,0.737354,-0.012506896308899007,411.9075787234399,240.8516753258732
28140220,-5.599891,-1.879951,3.373349103691101,16.899416654863188,116.0374445726177
28148066,-0.411361,0.588236,-0.006210896308898928,392.97885508223146,258.94623280606453
28148066,-0.411361,0.588236,-0.006210896308898928,392.97885508223146,258.94623280606453
28146706,-5.976399,-1.734556,3.459865103691101,14.422039606784438,100.0847427929714
28067281,0.020703,-15.441189,4.407470103691101,36.40002933303842,442.83365830066055
28150004,-5.55818,-2.060602,3.3822401036911014,18.25522386415741,125.1513032098614
28067290,0.343403,-17.97175,4.287444103691101,48.38720987579711,444.4699453986572
28124129,-3.616882,-8.435604,2.057903103691101,95.0993966080024,306.78486148803137
28120049,-6.367086,-1.693919,3.0698731036911013,42.35056715291674,97.43459969305124
28148129,-2.273811,-10.893107,4.175043103691101,31.546671523124985,372.2942853620401
28140252,-5.597342,-2.078978,3.393839103691101,18.28537225689206,124.95360523652371
28124150,-3.438118,-8.708982,2.297403103691101,88.0269405746973,314.64531794140834
28118108,-1.195158,-9.293518,4.289030103691101,4.901035250179717,408.8035548664641
28140256,-5.388618,-1.955902,3.149442103691101,29.758775990256595,127.35587791506786
28140875,-4.219415,-7.468843,3.689691103691101,40.124192095485,289.0696058381174
28140875,-4.219415,-7.468843,3.689691103691101,40.124192095485,289.0696058381174
28148155,-0.470368,-5.768716,0.04450110369110116,169.43614413020242,372.1794004393228
28148162,-0.393484,-6.152449,-0.026251896308898903,169.33730512447386,376.0333974227434
28120095,-5.983826,-2.173078,3.503633103691101,17.727390338894935,119.47664324826192
28124159,-3.197215,-8.194863,2.1551211036911013,91.16372043275184,315.9922502885633
28148183,-0.14836,-5.688347,0.08409110369110118,170.39403808284192,386.6588917996436
28070939,-0.767945,-11.73031,4.405800103691101,18.63485571359388,424.9576827814727
28144561,-0.592974,-11.514933,3.629156103691101,43.76239390015385,421.14240597895673
28140288,-5.476904,-2.275342,3.197171103691101,31.496951418023684,138.46290036453723
28150149,-2.804269,-0.630597,2.053448103691101,70.05776816498891,151.12250692167896
28130147,-2.841486,-8.744817,2.630922103691101,76.15869009246663,332.8056399701641
28129270,-6.343326,-1.335711,3.5116311036911014,10.418486335966492,72.16574314743391
28121062,-0.435415,0.733527,-0.010173896308898867,413.401560181528,243.39352536751332
28121062,-0.435415,0.733527,-0.010173896308898867,413.401560181528,243.39352536751332
28118147,-0.717609,-10.020297,4.1997671036911015,11.592394389345912,426.7283468516495
28146776,-5.544382,-1.977236,3.3676201036911007,17.87193657927807,121.8676529488024
28144580,-0.306095,-11.568184,3.5767311036911007,44.23819603615243,430.4727285387549
28070980,0.072971,-21.61364,5.440357103691101,36.83756039417733,441.80783345649513
28070986,0.0049,-15.579062,4.105728103691101,45.35635881989976,438.6665499376776
28124211,-2.298574,-10.52095,4.109167103691101,31.63241411810378,369.7207047826329
28124229,-1.973373,-10.57436,3.9745301036911007,34.59709067120852,378.67677547210167
28123369,-6.105626,-1.806598,3.028800103691101,43.236111140015225,107.70059185488697
28124237,-1.831698,-11.577786,4.416285103691101,24.846842868656356,389.71776005988727
28130180,-2.583668,-12.315292,4.509703103691101,31.032580371334436,370.7205183856108
28108756,-2.310445,-11.158442,4.229524103691101,31.57523737998744,372.52079671338754
28118172,-0.322443,-13.788969,3.9211351036911015,44.30735637999842,430.336371039891
28134295,-6.037361,-1.584438,3.4542591036911015,13.486668570082571,91.53142828845792
28146818,-5.464462,-2.189879,3.371580103691101,19.43088221100328,133.10284074749785
28123381,-6.004322,-2.119186,3.5090781036911007,16.95372150675911,116.64617289063102
28144597,-0.280764,-5.979413,0.0017281036911009906,170.2788593044894,380.5014563600417
28130193,-2.09283,-10.245736,3.732247103691101,41.86208912477804,371.5831101626546
28144599,0.005795,-12.993845,3.625661103691101,48.0725997461042,438.7286873304845
28117371,-3.879083,-2.687039,0.03651810369110109,176.14271586267364,210.8647138464713
28150325,-3.700423,-1.452477,0.0528501036911011,189.8725603451925,180.1520085631273
28150325,-3.700423,-1.452477,0.0528501036911011,189.8725603451925,180.1520085631273
28123390,-5.762325,-2.054555,3.4314921036911015,17.759038744669226,119.80273749703808
28127011,-2.099633,-0.536329,0.025698103691101037,230.837987725068,200.58802405472525
28140338,-3.152673,-0.699827,1.755787103691101,100.48466155812984,146.44215352752514
28134318,-6.033525,-1.687122,2.990220103691101,43.69943981090279,104.22316878128969
28126438,-6.152098,-1.959549,3.322926103691101,28.091866191464305,109.37085014248106
28118198,0.082961,-15.167988,3.992793103691101,46.394587542735366,440.5096012224625
28124340,-0.273306,-15.023729,4.035444103691101,46.188588816935976,431.08192223283385
28129401,-5.73804,-1.959173,3.424047103691101,16.603005201703468,116.07774644585471
28124352,-0.01591,-15.477518,4.064358103691101,46.14296525645844,437.8317435826781
28118223,0.405358,-4.308185,0.2120611036911011,183.47962899255612,417.9368223098952
28153023,-6.591279,-0.090282,3.0619811036911013,27.353639112796827,1.7290275251911569
28093880,-0.878303,-11.057462,4.538896103691101,8.744083497519256,423.71509356838135
28129483,-5.991332,-2.79193,3.586691103691101,20.52825022985661,142.9765759874873
28129484,-5.410344,-2.278197,3.182240103691101,31.68239966726523,140.28496359087688
28098835,-0.859386,-11.541527,4.037477103691101,31.282410446748287,417.1327814834601
28153104,-6.344954,-0.415366,2.947855103691101,36.48472136561082,30.145501360893636
28121294,-2.395047,-4.196033,0.08253210369110109,170.3357271002093,284.6300241554438
28140410,-3.965396,-1.0671,0.021750103691100975,193.7185828373107,159.45396337814947
28121336,-3.519158,-8.762028,2.253453103691101,89.5605596635036,312.81466272994163
28153201,-6.1111,-0.970059,3.396516103691101,9.00855935847241,56.95417364647588
28076032,-1.818445,-12.082172,4.880010103691101,12.432096475644611,395.6465809341952
28076061,-0.662985,-11.9863,4.6366571036911015,11.271814255553323,431.44886112349184
28143267,-4.802473,1.243498,0.060514103691100996,222.25105167424985,14.35973224018855
28153224,-6.270745,-1.085109,3.260678103691101,22.6836318237454,64.58641856005869
28129540,-5.969544,-3.097161,3.221691103691101,42.61205177909992,157.06623524758106
28129540,-5.969544,-3.097161,3.221691103691101,42.61205177909992,157.06623524758106
28141063,-2.591789,-9.527808,3.0973001036911008,62.47331950942868,348.0472811221295
28112460,-2.546435,0.588834,-0.03221789630889882,260.9595944449509,114.454656925858
28144667,1.71797,-18.102512,-0.010534896308898922,132.8209566138658,436.7555088434084
28150778,-2.159023,-4.740353,0.10393810369110112,166.68513237906723,300.0713015948363
28150811,-2.322762,-11.254264,4.253509103691101,31.436815027209747,372.6656111477852
28144674,0.341188,-4.178349,-0.008449896308898808,194.8445564226312,408.7403997808312
28117517,-3.553745,-2.200998,0.02952610369110098,183.29647480852853,207.24441032644447
28117517,-3.553745,-2.200998,0.02952610369110098,183.29647480852853,207.24441032644447
28124564,-2.519793,-11.609205,4.337142103691101,32.01468492840712,368.8844136110738
28141746,-0.451094,0.736724,-0.007701896308898837,411.6245913114663,241.01855331069595
28141746,-0.451094,0.736724,-0.007701896308898837,411.6245913114663,241.01855331069595
28141747,-2.169667,-12.473343,4.382056103691101,33.46073895728418,381.22829677582433
28124570,-2.603242,-12.149128,4.8388731036911015,19.849305790122827,372.4529214145
28121461,-2.195107,-10.847942,3.911765103691101,39.67876868578426,372.0807450739256
28121466,-2.13665,-10.464052,4.334362103691101,22.02200748689469,376.7968546528183
28124574,-2.205278,-10.687529,4.102505103691101,32.3167733593223,373.0507275543042
28121480,-1.922718,-10.797787,4.024358103691101,33.9161078400727,381.3352423981695
28141103,-2.363145,-11.441319,4.297134103691101,31.37645527707744,372.4449820933902
28121501,-1.826172,-11.619102,4.153637103691101,33.886648548961915,387.3007489449283
28150936,-0.408826,-12.331186,3.679729103691101,45.28140769063663,426.9683024283231
28121506,-1.831843,-11.563818,4.466497103691101,23.02816397271297,390.2098756263762
28150947,-0.221784,-11.501462,3.5047761036911007,45.91859413688809,432.6504966129039
28147129,-5.178928,-3.692078,0.09308010369110109,161.25711943178308,203.0776756067114
28147129,-5.178928,-3.692078,0.09308010369110109,161.25711943178308,203.0776756067114
28141117,-2.232209,-12.454061,4.786164103691101,21.106932810209912,383.07719221385815
28141780,-0.61801,-11.800599,3.699917103691101,43.018541063687735,420.88295799593993
28138260,-0.404799,0.701974,-0.014448896308898895,412.5146371697464,250.34876603641945
28141122,-2.140651,-12.394243,4.360436103691101,33.52758778904533,381.67095241125713
28086221,-2.97319,-14.079943,5.3414011036911,19.12765410530997,372.0857845555632
28150991,-4.57947,-3.610106,0.003509103691101023,166.75112495848958,214.36580236706055
28150991,-4.57947,-3.610106,0.003509103691101023,166.75112495848958,214.36580236706055
28141787,0.347924,-4.074222,0.029078103691100976,194.77801417836565,410.04506137946345
28127199,-1.683501,-1.484856,0.034346103691101026,214.5997355514929,256.52546261529085
28144041,-4.77833,-4.963209,2.882670103691101,61.71976538589709,234.12855978273532
28144041,-4.77833,-4.963209,2.882670103691101,61.71976538589709,234.12855978273532
28141135,-1.820505,-11.652531,4.466479103691101,23.56069644842768,390.6984589068429
28134444,-6.396048,-2.785376,3.165979103691101,46.4218435013216,138.58302567699124
28151071,-2.957467,-2.662076,-0.034062896308898916,185.2636242449845,237.05233679758183
28151071,-2.957467,-2.662076,-0.034062896308898916,185.2636242449845,237.05233679758183
28141799,0.48598,-4.782246,0.32848510369110107,172.99580550572577,424.94288946659617
28134451,-5.661705,-2.361659,3.248518103691101,31.4321072942397,137.21859624885508
28151093,-2.892238,-2.77817,-0.003362896308898966,183.3394000140654,241.8330974848739
28151093,-2.892238,-2.77817,-0.003362896308898966,183.3394000140654,241.8330974848739
28153529,-3.268043,-0.496191,1.723919103691101,103.41198943895436,129.45903820232576
28138292,-0.562944,-11.061134,4.227216103691101,18.453387645465057,431.2471923667068
28134457,-5.796589,-2.543747,3.5110861036911007,19.610107097073552,138.57894198782265
28134457,-5.796589,-2.543747,3.5110861036911007,19.610107097073552,138.57894198782265
28127255,-2.567459,-12.046688,4.449096103691101,31.28571791227799,369.86581258985984
28143345,-6.544771,-0.654715,3.003372103691101,37.86914993699358,41.71694133945422
28063555,-4.389144,-8.959964,4.623687103691101,17.046666316562096,304.3061023693955
28063555,-4.389144,-8.959964,4.623687103691101,17.046666316562096,304.3061023693955
28133013,-3.462136,-7.748387,1.7976161036911011,102.2124290394392,303.35583188627265
28127283,-2.116396,-12.431643,4.387711103691101,32.75846625865694,382.6644914171735
28141159,-1.540503,-12.861959,5.193156103691101,5.650588395906908,408.1143582540224
28127289,-1.884529,-11.754223,4.2118781036911015,33.11868152270674,386.3723102478601
28151166,-2.392777,-2.552842,-0.008874896308898927,190.27003373119533,253.9873960400942
28151172,-1.714849,-1.412342,0.026149103691101017,216.09974624215187,252.71261427256448
28151172,-1.714849,-1.412342,0.026149103691101017,216.09974624215187,252.71261427256448
28132138,-6.331569,-1.5975,3.3266211036911013,25.758516618077778,89.32599204069311
28133034,-3.453004,-8.77727,2.314795103691101,87.6407985915217,314.8966212525065
28121592,-0.104263,-15.168001,4.022410103691101,46.40001002867018,435.4716120435361
28053384,-3.844183,-1.256384,0.03417810369110108,191.84385459499225,169.50738395240938
28135324,-2.661397,-11.661593,4.7475061036911015,19.925180091497225,368.5715243621977
28147185,-4.807518,-4.977605,3.152629103691101,50.37273734068813,233.6519951965593
28147185,-4.807518,-4.977605,3.152629103691101,50.37273734068813,233.6519951965593
28132175,-5.953574,-1.608281,2.976496103691101,42.99768177134223,102.25232150615165
28140544,-3.665128,-1.668888,0.03195710369110105,188.3528150063159,188.37438931918695
28140544,-3.665128,-1.668888,0.03195710369110105,188.3528150063159,188.37438931918695
28151218,-1.902316,-2.343696,-0.01672589630889898,198.4250442587077,268.6928066211736
28133052,-3.293274,-9.338971,2.634352103691101,78.78250086097566,324.80053192807094
28063712,-2.249865,-11.583763,4.313799103691101,30.99513836653037,376.2519905554799
28151262,-2.749458,-5.106873,-0.011139896308898889,165.33152605289854,285.81606291603646
28120502,-3.695118,-1.640731,0.030179103691100995,188.50700468971925,186.6467382156919
28120502,-3.695118,-1.640731,0.030179103691100995,188.50700468971925,186.6467382156919
28141173,-1.436511,-13.641459,5.3215251036911,6.676437142629084,412.6007149188651
28151274,-3.76974,-5.986957,3.9186951036911015,14.107415344106215,284.06865294211434
28151274,-3.76974,-5.986957,3.9186951036911015,14.107415344106215,284.06865294211434
28104469,-2.109727,-11.348551,4.183588103691101,33.013594959082866,378.5399799787533
28135339,-2.582747,-11.990033,4.464383103691101,30.57577270915948,369.4059105108333
28121604,0.246369,-18.536024,4.407944103691101,47.8579786447595,442.1006488239278
28151282,-0.543885,0.570458,-0.004908896308899013,375.26109733760063,243.8107608517052
28151282,-0.543885,0.570458,-0.004908896308899013,375.26109733760063,243.8107608517052
28151290,-0.487617,0.743207,-0.012959896308898822,408.026292889307,235.65139553694277
28151290,-0.487617,0.743207,-0.012959896308898822,408.026292889307,235.65139553694277
28135346,-2.554022,-12.282821,4.816880103691101,21.10764640438478,373.9904605611782
28140555,-5.51205,-3.741304,0.002086103691101071,162.4175202960505,197.74240607760865
28140555,-5.51205,-3.741304,0.002086103691101071,162.4175202960505,197.74240607760865
28127372,-0.613459,-11.677618,3.6483151036911012,44.08757181216629,420.5117012076146
28151307,-4.730076,-9.793376,4.847956103691101,17.900855338683186,304.26566426955185
28151315,-1.708119,-3.748684,0.685701103691101,153.3073329877272,307.8311439704774
28135351,-2.29133,-11.141981,4.208940103691101,32.043663309531865,372.8457020556619
28138376,-0.442025,0.735168,-0.00809189630889895,412.6415296721441,242.36649070825533
28138376,-0.442025,0.735168,-0.00809189630889895,412.6415296721441,242.36649070825533
28106903,-2.243322,-11.312686,4.499610103691101,23.00238485870352,377.44916686210047
28115191,-0.353833,-13.271037,3.888444103691101,43.00583394930149,429.8292441791865
28135368,-2.107787,-11.809478,4.608551103691101,21.784281918640914,383.69776706314985
28135369,-0.453657,0.74096,-0.010664896308898886,412.1584903747869,240.27656442789015
28135369,-0.453657,0.74096,-0.010664896308898886,412.1584903747869,240.27656442789015
28143415,-6.741818,-1.199664,3.217117103691101,32.6543432784581,65.1239327904938
28143416,-6.12522,-0.940554,2.961046103691101,39.00197304965923,65.02877320860011
28151416,-2.270569,-9.55652,4.250036103691101,19.158283919243587,368.4706008696225
28135389,-1.795291,-12.052578,4.923590103691101,10.50558055962091,396.8003145731767
28138397,1.071342,-18.077509,1.711209103691101,101.70508138165673,437.3769527950126
28151422,-2.507251,-11.881816,4.409543103691101,31.22508800512915,370.68246336918287
28138400,1.619783,-16.861614,0.09439910369110116,132.82694110340202,437.4096536937648
28130570,-0.479443,0.555717,-0.003298896308898902,380.1993312572006,252.7765799305052
28130570,-0.479443,0.555717,-0.003298896308898902,380.1993312572006,252.7765799305052
28151442,-2.019957,-10.929808,4.104802103691101,32.56865400992717,379.4389988632337
28135401,-1.53811,-11.190891,4.854977103691101,3.478069651358652,403.8550419692238
28151458,-2.043286,-12.7165,4.4014371036911015,33.48957367608972,385.3480948399189
28094750,-0.448935,-12.319355,4.480921103691101,17.98171137566368,436.2375131501774
28153879,-4.834778,-3.742195,-0.06819389630889883,166.99337711005688,211.5404878753445
28153879,-4.834778,-3.742195,-0.06819389630889883,166.99337711005688,211.5404878753445
28151507,-1.370194,-11.97799,4.937784103691101,5.939790554896433,410.704298262797
28133132,-2.327561,-11.77932,4.378120103691101,30.55370657832782,375.1299867733974
28153920,-3.787228,-2.992006,-0.12083089630889887,179.4301475807217,220.63018996693307
28153920,-3.787228,-2.992006,-0.12083089630889887,179.4301475807217,220.63018996693307
28154306,-5.948359,-2.886912,3.663430103691101,16.81338523353554,146.62603931344194
28154382,-5.681346,-3.212713,3.637182103691101,19.00427066376153,164.18123170061662
28154406,-3.463825,-1.90155,0.05130910369110109,186.5054803518148,201.2358818399157
28154451,-3.956402,-2.916028,-0.0041008963088988715,175.13681101130445,214.3610637413046
28154494,-3.506577,-3.080572,0.06129510369110114,174.06542135782297,230.0471840550113
28154497,-3.425443,-3.010313,0.003790103691100999,177.19500953161793,230.81895457559645
28154500,-3.246424,-2.809989,-0.0405948963088989,181.8512579771516,231.55139701848407
28154533,-3.040522,-2.847261,0.002770103691100978,181.3196787255685,238.67514781711893
28154538,-2.839464,-2.595388,-0.0295798963088989,186.7674815049168,239.3277113612457
28154571,-2.759154,-2.758425,0.05417710369110118,182.32934954354056,245.84489529692357
28154606,-2.511075,-2.621113,0.07789510369110109,184.8724533527096,251.4141914606978
28154715,-0.485909,0.744504,-0.013723896308898809,408.5152721857455,235.7467324745952
28154725,-0.481997,0.668504,0.036620103691101136,393.81554216754574,243.32918308356025
28154733,-2.860187,-5.240063,0.245223103691101,156.18367009080106,285.4137978871577
28154746,-0.435051,0.728703,-0.012679896308898986,412.7681892878156,243.87362006432065
28154803,-1.69409,-3.731558,0.6908521036911011,153.25973216122367,308.2323606464546
28154925,-2.826077,-12.073736,4.908934103691101,18.5826766019494,366.7184809878482
28154930,-2.854317,-13.306707,4.742684103691101,31.03390634550516,368.464609663981
28154950,-2.156049,-10.206881,4.3350351036911015,20.17980691841197,375.4065721554816
28154972,-1.981965,-11.238844,4.101062103691101,34.33399813043869,381.3087508881182
28154988,-0.532421,-5.548038,0.10141510369110107,168.81442778761323,369.24421179962513
28154989,-1.810633,-11.508915,4.137045103691101,33.69290876788335,387.409228651974
28155011,-1.569234,-10.589164,4.744814103691101,2.384280199573567,401.0237310613139
28155025,-1.75432,-14.697009,5.693893103691101,5.073339859999521,407.2378784995474
28155075,-0.486566,-15.80752,4.273744103691101,43.9595675743783,426.6700898787194
28155083,-0.421248,-15.375677,4.573396103691101,33.66900407837775,432.1807452343438
28155121,0.457641,-19.429003,4.455032103691101,48.96985416735174,445.75406684750567
28156699,-6.866876,-0.425628,2.928395103691101,43.81077343329659,26.28019317696436
28156839,-5.976506,-0.983195,3.3602051036911007,9.68447660286813,60.63117553248867
28156867,-6.125844,-1.184821,3.434253103691101,10.056531933801663,68.69942367555583
28157001,-5.908542,-1.774455,3.4445681036911013,15.03849511752506,103.58087760000548
28157224,-6.548771,-2.413119,-0.09841289630889882,169.0605128982819,150.16235561647255
28157245,-3.994446,-0.906122,0.03667510369110105,195.0225398357508,152.32482502707833
28157418,-5.575432,-3.728979,0.010985103691101061,162.01323472784495,196.26979345932315
28157478,-5.079031,-4.0331,0.0847101036911011,159.99693624903716,211.77909073235676
28157606,-3.244364,-2.963236,0.06934710369110109,176.38931958218726,235.05725153973304
28157660,-3.050172,-3.125184,0.09287110369110119,175.26150500391276,244.4810317418657
28157726,-2.298663,-2.530921,0.06862510369110097,188.18252495680537,257.2310797247534
28157757,-1.967865,-2.327322,0.007229103691101191,196.9007374008625,265.62863236030967
28133154,-0.537795,0.568934,-0.007309896308898889,375.8653077085373,244.64221887064372
28133154,-0.537795,0.568934,-0.007309896308898889,375.8653077085373,244.64221887064372
28114257,-5.112453,-4.671988,4.177046103691101,0.7567038744770684,217.95346600505985
28114257,-5.112453,-4.671988,4.177046103691101,0.7567038744770684,217.95346600505985
28083988,-4.940394,-4.992518,4.049969103691101,9.271495405197868,230.20312118774945
28083988,-4.940394,-4.992518,4.049969103691101,9.271495405197868,230.20312118774945
28066285,-5.975887,-1.947223,3.472697103691101,16.55440867572517,110.0011998140287
28117793,-3.779762,-6.407001,4.019805103691101,13.774473745332244,290.2668607255674
28117793,-3.779762,-6.407001,4.019805103691101,13.774473745332244,290.2668607255674
28140581,-5.738431,-4.30527,-0.07243889630889888,160.76841572952998,204.34282918844667
28140581,-5.738431,-4.30527,-0.07243889630889888,160.76841572952998,204.34282918844667
28070127,-5.65482,-3.108235,3.1695831036911013,42.69044864323541,164.7588844402905
28070127,-5.65482,-3.108235,3.1695831036911013,42.69044864323541,164.7588844402905
28153979,-3.616908,-3.405427,0.08289710369110104,170.1047053940016,233.8523296694879
28153999,-0.553573,0.714941,-0.016106896308898833,395.2618463970448,230.1485544267512
28132288,-6.264668,-2.569495,3.251774103691101,39.25231344301463,132.63823848725514
28123761,-5.627935,-3.836144,-0.034925896308898974,162.53039414055766,197.52327699748608
28123761,-5.627935,-3.836144,-0.034925896308898974,162.53039414055766,197.52327699748608
28117816,-3.85854,-7.245255,4.1775781036911015,15.679777763785893,299.1925651214874
28117816,-3.85854,-7.245255,4.1775781036911015,15.679777763785893,299.1925651214874
28154008,-2.991527,-2.664375,-0.02781089630889899,184.74031295049065,236.02219102179257
28154008,-2.991527,-2.664375,-0.02781089630889899,184.74031295049065,236.02219102179257
28141244,-0.459768,-5.994689,-0.01604989630889886,169.84709831214943,372.81519299461775
28120656,-3.768059,-6.907588,4.243567103691101,8.403637411285047,298.3566955852876
28120656,-3.768059,-6.907588,4.243567103691101,8.403637411285047,298.3566955852876
28154029,-3.007907,-2.847107,-0.005505896308898972,181.8605069049356,239.6884654244988
28117837,-3.585508,-8.231225,1.996294103691101,96.69707871994748,305.51435657155906
28154034,-2.802427,-2.551933,-0.004681896308898814,186.59570840196167,239.545913751055
28154034,-2.802427,-2.551933,-0.004681896308898814,186.59570840196167,239.545913751055
28144876,-3.552649,-7.328681,4.070351103691101,18.324588290790278,309.04477696358623
28154046,-2.853805,-2.751117,0.003318103691101193,183.66210177004143,242.4793354544452
28144213,-4.00764,-6.698839,4.129959103691101,13.92745856404892,287.54724468855574
28144213,-4.00764,-6.698839,4.129959103691101,13.92745856404892,287.54724468855574
28154062,-2.71098,-2.701525,-0.0014738963088989365,185.50021665745936,246.11174890336443
28154062,-2.71098,-2.701525,-0.0014738963088989365,185.50021665745936,246.11174890336443
28120670,-4.119475,-7.869654,4.348094103691101,16.491754376932505,299.3705577601521
28120670,-4.119475,-7.869654,4.348094103691101,16.491754376932505,299.3705577601521
28144886,-3.300816,-7.853976,4.0257571036911015,22.666533261133168,321.91516812818674
28144886,-3.300816,-7.853976,4.0257571036911015,22.666533261133168,321.91516812818674
28105917,-2.275337,-0.22693,0.000919103691101153,237.38084300819492,177.5146721980879
28144221,-3.972721,-6.836543,4.305135103691101,6.931727239187154,291.2958118278237
28144221,-3.972721,-6.836543,4.305135103691101,6.931727239187154,291.2958118278237
28117856,-3.544578,-7.67757,4.407954103691101,6.739616401140694,315.10827238268405
28117856,-3.544578,-7.67757,4.407954103691101,6.739616401140694,315.10827238268405
28117859,-3.376839,-7.470047,4.059636103691101,18.486745545880154,316.0839093122344
28117859,-3.376839,-7.470047,4.059636103691101,18.486745545880154,316.0839093122344
28117860,-3.304801,-8.234178,2.0809801036911013,93.6902351426829,313.0799676059046
28144225,-4.160949,-7.383249,4.309524103691101,14.086882716848123,292.461788271005
28144225,-4.160949,-7.383249,4.309524103691101,14.086882716848123,292.461788271005
28132304,-5.72866,-2.401068,3.468160103691101,19.562177798310216,134.85817751240756
28144893,-3.720392,-10.030509,4.5463951036911014,22.759167893491394,330.014722507486
28154094,-2.436085,-2.557404,0.009423103691100998,189.07817320687587,252.5371769565803
28154094,-2.436085,-2.557404,0.009423103691100998,189.07817320687587,252.5371769565803
28141254,-0.383488,-6.892346,0.45358410369110114,148.52512520672656,385.031754041409
28154096,-0.504246,0.552736,-0.00880089630889902,377.4214354441654,249.9305389328584
28154096,-0.504246,0.552736,-0.00880089630889902,377.4214354441654,249.9305389328584
28132316,-6.72727,-3.119022,3.4004011036911015,40.30819992957791,141.27917445785812
28154104,-0.479893,0.551219,-0.00838189630889885,379.8566213662948,253.03113019291857
28154104,-0.479893,0.551219,-0.00838189630889885,379.8566213662948,253.03113019291857
28144898,-0.498382,0.554805,-0.010147896308899007,378.4233994461984,250.4726308126841
28144898,-0.498382,0.554805,-0.010147896308899007,378.4233994461984,250.4726308126841
28154113,-3.463281,-6.732883,3.9625761036911014,16.621976735001027,304.5628700471674
28154113,-3.463281,-6.732883,3.9625761036911014,16.621976735001027,304.5628700471674
28117877,-3.46277,-8.183508,4.470107103691101,8.336496328408515,322.8700200214331
28117877,-3.46277,-8.183508,4.470107103691101,8.336496328408515,322.8700200214331
28117878,-3.40631,-8.188813,4.169695103691101,20.420733577635215,322.5655320009878
28117879,-3.189671,-8.473248,2.263947103691101,88.15254853154525,319.0244995410495
28154134,-3.931021,-8.547879,4.439114103691101,17.045241536966444,311.9594499780883
28154134,-3.931021,-8.547879,4.439114103691101,17.045241536966444,311.9594499780883
28120689,-3.431448,-2.999537,0.021457103691101098,176.62799078299605,230.4049296484272
28154144,-3.790192,-8.567885,4.367600103691101,18.83953229865344,315.72989967331847
28144905,-3.238757,-10.172531,4.365946103691101,26.656656016744392,342.8013111427911
28154157,-3.344912,-8.020442,4.116949103691101,20.645865227143872,322.64463098329543
28154157,-3.344912,-8.020442,4.116949103691101,20.645865227143872,322.64463098329543
28140613,-5.098526,-4.136703,0.05811210369110098,160.14308554905017,213.35374199812333
28140613,-5.098526,-4.136703,0.05811210369110098,160.14308554905017,213.35374199812333
28154165,-3.613574,-9.678067,4.779674103691101,10.909905615680344,332.11305225774856
28117890,-3.21524,-9.041316,2.571384103691101,79.82926465578564,324.3614685125276
28066414,-5.706129,-2.711319,3.147997103691101,40.92950533996546,150.38553967809614
28154180,-2.88656,-7.320168,3.843325103691101,22.268134318564734,329.6052115662716
28144911,-3.139699,-10.64243,4.414819103691101,27.41546909202768,348.4100450026539
28135512,-0.39076,-6.008942,0.012734103691101062,169.1020850886961,376.1045964403104
28154191,-3.546496,-10.253026,4.5269071036911015,23.75824515659892,335.9693288253439
28147384,-4.420818,-8.27047,4.515430103691101,15.815591042724408,296.1265232398891
28147384,-4.420818,-8.27047,4.515430103691101,15.815591042724408,296.1265232398891
28144252,-4.881364,-9.807978,5.308168103691101,3.3275498257174263,302.8121454866866
28144252,-4.881364,-9.807978,5.308168103691101,3.3275498257174263,302.8121454866866
28154202,-2.882325,-8.835139,4.078782103691101,25.05527138477692,343.1408770791992
28117902,-3.359551,-8.720126,4.491725103691101,11.552768217586674,330.63838593547524
28117903,-3.277595,-8.642517,4.158050103691101,23.52929888678864,330.1083473169318
28144257,-3.782311,-7.119562,4.122184103691101,16.212052804207246,299.7744809083565
28144257,-3.782311,-7.119562,4.122184103691101,16.212052804207246,299.7744809083565
28147391,-4.44594,-8.637149,4.592415103691101,16.09327885640991,299.5697702542618
28147391,-4.44594,-8.637149,4.592415103691101,16.09327885640991,299.5697702542618
28154221,-2.588856,-8.715827,3.970295103691101,26.151719850160333,351.0231267204432
28154223,-3.063383,-11.417052,4.840560103691101,17.923364740753982,357.2917726994418
28154230,-2.334611,-8.316535,3.7796211036911007,28.8423356943581,355.66320349762293
28120709,-3.756321,-7.498537,4.141999103691101,18.610326645575668,304.954184749006
28120709,-3.756321,-7.498537,4.141999103691101,18.610326645575668,304.954184749006
28154242,-2.460934,-10.140366,4.123392103691101,29.71778378156887,363.4546747801563
28084166,-3.603973,-7.865484,3.144151103691101,58.80381499979677,307.5135413026093
28107821,-3.803871,-7.693294,3.085807103691101,61.09091619298519,300.03064023161346
28107821,-3.803871,-7.693294,3.085807103691101,61.09091619298519,300.03064023161346
28117909,-2.981777,-8.814442,2.554314103691101,79.20247569034399,328.8826312605296
28147407,-3.908461,-8.059323,4.593704103691101,6.170139600694938,308.8398920230167
28147407,-3.908461,-8.059323,4.593704103691101,6.170139600694938,308.8398920230167
28132353,-5.642648,-2.673632,3.482203103691101,21.028809179222407,147.3250117853866
28132353,-5.642648,-2.673632,3.482203103691101,21.028809179222407,147.3250117853866
28132354,-5.612015,-2.608581,3.273439103691101,32.06171312160134,147.60109071003717
28132354,-5.612015,-2.608581,3.273439103691101,32.06171312160134,147.60109071003717
28132355,-6.350862,-3.148554,3.330063103691101,40.83935385406488,150.00549813297596
28132355,-6.350862,-3.148554,3.330063103691101,40.83935385406488,150.00549813297596
28144928,-2.776438,-11.555902,4.465930103691101,29.13130456927078,362.6969890674676
28140627,-2.732281,-1.787176,1.8309851036911011,94.69137864088157,218.02699396071387
28107832,-2.320662,-2.497767,0.018737103691101042,190.4965732707715,255.4918157585273
28144931,-2.208355,-9.492421,3.941878103691101,30.20312090285151,367.1889656743791
28144276,-3.625624,-7.18571,4.060418103691101,18.10798124102652,305.1011716469204
28144276,-3.625624,-7.18571,4.060418103691101,18.10798124102652,305.1011716469204
28147421,-3.707053,-7.80418,4.235145103691101,16.969352787931683,310.19030987206486
28147421,-3.707053,-7.80418,4.235145103691101,16.969352787931683,310.19030987206486
28141285,-0.156474,-5.889042,0.02134310369110115,170.97487079218632,385.9218993561223
28140632,-3.939013,-2.910871,-0.008122896308898842,175.41638144370486,214.69535469541464
28140632,-3.939013,-2.910871,-0.008122896308898842,175.41638144370486,214.69535469541464
28147436,-3.847428,-8.703495,4.361839103691101,20.598764071735417,315.2558688924871
28147436,-3.847428,-8.703495,4.361839103691101,20.598764071735417,315.2558688924871
28106994,-2.431327,-2.534635,0.009477103691100996,189.40276150753743,252.1860500927244
28147444,-3.925698,-9.304781,4.498465103691101,20.714181523654133,318.90891641282536
28147444,-3.925698,-9.304781,4.498465103691101,20.714181523654133,318.90891641282536
28107851,-3.041017,-8.881289,2.3179981036911013,86.76680635540305,326.27234601518273
28107006,-2.318766,-2.495311,0.014678103691101008,190.71516555700447,255.49648391601923
28107006,-2.318766,-2.495311,0.014678103691101008,190.71516555700447,255.49648391601923
28105977,-4.933223,-4.995277,3.6196661036911006,30.26508772206097,230.587815490097
28105977,-4.933223,-4.995277,3.6196661036911006,30.26508772206097,230.587815490097
28144289,-3.963707,-8.370828,4.339017103691101,19.753638886396487,308.8165695175676
28144289,-3.963707,-8.370828,4.339017103691101,19.753638886396487,308.8165695175676
28129860,-3.803251,-3.017327,0.0979411036911011,171.64440037655567,220.5098108624348
28132379,-5.861452,-2.982888,3.198988103691101,41.926357114994886,155.84750804868767
28132379,-5.861452,-2.982888,3.198988103691101,41.926357114994886,155.84750804868767
28117926,-3.09761,-8.949803,4.149924103691101,24.82241680207983,337.7500686800391
28120743,-3.445501,-7.175735,4.008599103691101,18.645521082536305,310.4618210217635
28120743,-3.445501,-7.175735,4.008599103691101,18.645521082536305,310.4618210217635
28147469,-3.263398,-8.131367,4.072410103691101,22.736482308729023,325.84257303057404
28117929,-2.901653,-9.245846,2.782401103691101,72.84090074448744,335.428498763681
28140649,-4.847039,-5.062991,3.145201103691101,51.474722497035,234.2984423762697
28140649,-4.847039,-5.062991,3.145201103691101,51.474722497035,234.2984423762697
28127539,-2.93514,-8.533197,4.032634103691101,24.943873834875603,339.0584044839068
28066544,-3.556947,-1.914797,0.011919103691101052,187.1417025612019,199.07194108167388
28066544,-3.556947,-1.914797,0.011919103691101052,187.1417025612019,199.07194108167388
28147481,-3.539222,-9.740749,4.452228103691101,22.73399925429825,332.3904874572106
28120750,-2.971088,-2.646017,-0.019864896308898983,184.7939975546822,236.24569613258095
28117939,-2.934706,-9.795507,3.084670103691101,65.17435150909765,339.8938403926272
28070343,-4.972347,-4.931124,4.206588103691101,0.7909477406527685,227.8757945945499
28070343,-4.972347,-4.931124,4.206588103691101,0.7909477406527685,227.8757945945499
28147494,-3.232965,-9.396332,4.274180103691101,24.473387085704616,337.592909187415
28077840,-2.267406,-10.738694,3.8131071036911015,42.768708246380925,368.7001260102585
28144957,-0.445894,-5.807172,0.035612103691101016,169.57632844734644,373.2667727187388
28127544,-3.195561,-10.780005,4.491202103691101,26.1150047079492,348.13633740100863
28130663,0.725816,-4.933946,0.08971210369110105,183.9166469064076,433.8369168984169
28137051,-5.373437,-4.104115,3.421698103691101,35.93645078545018,198.82020383901096
28144307,-3.600033,-8.069321,4.241289103691101,18.1128020777488,316.04134401141664
28144307,-3.600033,-8.069321,4.241289103691101,18.1128020777488,316.04134401141664
28106022,-2.288996,-2.487462,0.00744710369110102,191.39774731304567,256.431253435632
28106022,-2.288996,-2.487462,0.00744710369110102,191.39774731304567,256.431253435632
28147512,-3.236289,-10.402628,4.427717103691101,26.05093750088247,344.59313595804144
28127557,-3.069191,-12.829243,4.718147103691101,30.371063982613805,361.52435526867487
28120761,-2.986887,-2.800644,0.013947103691101193,181.75692418119533,239.31984212061735
28127564,-0.537095,0.565582,-0.012077896308898994,375.80162835399335,244.97251647626427
28127564,-0.537095,0.565582,-0.012077896308898994,375.80162835399335,244.97251647626427
28117948,-2.917701,-9.306571,4.153170103691101,26.011217473947084,345.5468605786335
28120766,-4.294207,-10.272135,4.7675091036911015,20.89267971262313,318.2809813993905
28120766,-4.294207,-10.272135,4.7675091036911015,20.89267971262313,318.2809813993905
28147518,-0.491646,0.550186,-0.0107348963088989,378.57368288871714,251.6491580180835
28147518,-0.491646,0.550186,-0.0107348963088989,378.57368288871714,251.6491580180835
28137062,-4.964336,-5.018214,3.234751103691101,48.0917107641437,230.3437460895969
28137062,-4.964336,-5.018214,3.234751103691101,48.0917107641437,230.3437460895969
28143541,-6.077805,-1.651463,3.2672921036911013,27.013702848937044,97.35223512310108
28127565,-2.885075,-13.274197,4.7144581036911015,31.82294087170709,367.4099230170739
28106038,-2.063762,-2.392118,0.005328103691101038,195.0188608160912,263.13513958221773
28106038,-2.063762,-2.392118,0.005328103691101038,195.0188608160912,263.13513958221773
28120776,-2.853846,-2.599491,-0.030652896308899003,186.64644955439195,238.9496044977024
28120776,-2.853846,-2.599491,-0.030652896308899003,186.64644955439195,238.9496044977024
28134715,-5.884518,-3.987803,-0.09757889630889882,162.5554786934732,195.92144469843893
28134715,-5.884518,-3.987803,-0.09757889630889882,162.5554786934732,195.92144469843893
28120780,-3.582174,-8.957165,4.634945103691101,9.936566516111924,326.76194713670384
28120780,-3.582174,-8.957165,4.634945103691101,9.936566516111924,326.76194713670384
28147534,-2.613979,-8.824421,3.957820103691101,27.68906094177001,350.7029064940106
28143551,-5.979621,-1.687137,3.254096103691101,27.07570507863946,101.08972339626088
28144323,-3.417317,-8.088845,4.1234401036911015,21.56801385228576,321.03322061962507
28143557,-5.933253,-1.723839,3.444234103691101,14.685338369906134,100.635319673692
28147551,-2.342794,-8.80523,3.8672961036911007,29.08721742989775,358.8383617647886
28147568,-2.26139,-9.862337,4.0185511036911015,30.278385616549315,367.6503440765807
28106074,-3.878522,-7.249166,4.329516103691101,9.193278426894436,299.45419731215253
28106074,-3.878522,-7.249166,4.329516103691101,9.193278426894436,299.45419731215253
28143569,-6.076562,-1.775519,3.0128061036911014,43.60056758107865,107.0877970332167
28120798,-2.692045,-2.518696,-0.007888896308898996,188.0307183883179,242.50054067731128
28120798,-2.692045,-2.518696,-0.007888896308898996,188.0307183883179,242.50054067731128
28143573,-5.755319,-1.67883,3.199786103691101,27.66676460799195,105.8726224786794
28106083,-3.564974,-8.696132,4.585248103691101,9.392310404944311,324.8562737580143
28106083,-3.564974,-8.696132,4.585248103691101,9.392310404944311,324.8562737580143
28144346,-3.612348,-9.960328,4.506471103691101,22.89871441714004,332.1992324890121
28143574,-6.126301,-1.855128,3.153040103691101,36.70923983388269,107.67195927809122
28123921,-3.874977,-6.809074,4.384480103691101,1.8134257377492704,294.45126482989315
28123921,-3.874977,-6.809074,4.384480103691101,1.8134257377492704,294.45126482989315
28120805,-3.563458,-9.595968,4.732438103691101,11.571109056225652,332.64961579571354
28117962,-2.63227,-9.617508,3.1196011036911013,62.24465195129778,347.53449530913537
28117965,-2.890211,-10.207964,4.279384103691101,27.551811479613576,352.25501453969446
28144349,-3.199146,-8.830982,4.508916103691101,10.42325151219046,336.582429381813
28120816,-3.275304,-8.406897,4.149252103691101,21.974411890937944,328.2819305772113
28123934,-3.794514,-6.497209,4.0254711036911015,14.595088126235453,291.043574610773
28123934,-3.794514,-6.497209,4.0254711036911015,14.595088126235453,291.043574610773
28056563,-6.220835,-1.579847,3.303401103691101,25.634579075643277,90.73405809040328
28123939,-2.112104,-0.537786,0.019427103691101122,230.8724343091617,200.12227229071564
28134756,-5.488816,-4.116712,-0.021712896308898832,161.1661624015587,205.45022282092197
28134756,-5.488816,-4.116712,-0.021712896308898832,161.1661624015587,205.45022282092197
28143594,-6.007416,-1.936264,3.130030103691101,37.637285336949645,113.80863530903424
28056584,-6.2608,-1.773321,3.3296221036911007,26.812902165809703,98.85425923447616
28108583,-5.473674,-3.804889,3.3801831036911008,36.31049990197775,188.55433766375785
28117975,-2.966182,-10.722118,4.715484103691101,16.44773993143579,356.01540616330044
28135646,0.432111,-4.302238,0.19774810369110107,184.48670829996337,419.3587726877493
28144362,-2.889599,-8.423976,4.311328103691101,12.001130145930716,342.1628838684534
28129969,-3.74815,-6.37144,3.9936681036911015,14.326143219437968,290.6755121084554
28129969,-3.74815,-6.37144,3.9936681036911015,14.326143219437968,290.6755121084554
28143607,-5.834617,-1.873868,2.973868103691101,44.44876510857867,116.6115360752738
28144367,-2.862909,-8.611059,4.004912103691101,26.099181343152797,341.6835476301011
28146505,-7.21998,-0.977982,3.3098601036911015,30.003675068246537,45.62679759366998
28137150,-3.566386,-8.238314,2.704873103691101,74.83075349775064,309.5901635089332
28107092,-2.44082,-10.103242,4.374951103691101,20.08031286499232,366.2691057857626
28143621,-5.863081,-2.008433,2.994065103691101,44.7469162500218,121.54404989204248
28140072,-6.445438,-1.440579,3.167917103691101,34.94528293294562,82.57530890265639
28117984,-2.590521,-9.740744,4.085462103691101,29.27187196351585,357.3627700484469
28144378,-3.017831,-10.298652,4.329607103691101,27.268232815227208,349.4338242812147
28074615,-5.653172,-3.10487,3.032959103691101,49.5757254797185,165.6415622413437
28074615,-5.653172,-3.10487,3.032959103691101,49.5757254797185,165.6415622413437
28049661,-6.298823,-1.654167,3.053459103691101,42.27583638307496,97.0402004342186
28120838,-3.384297,-9.666451,4.375994103691101,23.8156267327706,335.7181820491466
28074623,-5.595409,-3.259888,2.877350103691101,57.77843097956156,172.6960026001351
28074623,-5.595409,-3.259888,2.877350103691101,57.77843097956156,172.6960026001351
28144383,-2.676551,-9.347696,4.358253103691101,16.49702130962436,355.1516146507608
28143632,-5.928823,-2.160433,3.134532103691101,38.7627527181042,124.77089003644204
28143633,-5.691343,-1.993892,2.965506103691101,44.65634762319908,124.81050736616224
28134783,-5.266886,-4.271342,0.019485103691101013,159.97345795379545,212.49634560978689
28134783,-5.266886,-4.271342,0.019485103691101013,159.97345795379545,212.49634560978689
28149563,-5.018344,1.385041,0.06110110369110111,221.73545701144008,1.225629994874481
28137165,-0.585471,0.659343,-0.010261896308898955,383.0818027914221,231.4408456201413
28137165,-0.585471,0.659343,-0.010261896308898955,383.0818027914221,231.4408456201413
28129979,-5.09091,-9.866099,5.4081271036911005,2.0410497049903142,298.7276170316291
28129979,-5.09091,-9.866099,5.4081271036911005,2.0410497049903142,298.7276170316291
28049670,-6.277617,-1.694929,3.318587103691101,26.763382982676603,95.05917928049844
28059658,-6.176463,-1.59657,3.281861103691101,26.64128567689218,92.68956631683692
28144390,-2.765118,-9.963513,4.175749103691101,28.725999687469223,353.8931941681196
28143651,-5.722423,-2.212501,3.436160103691101,19.03256575946912,127.51141916450808
28134797,-5.00943,-5.004692,4.2302291036911015,0.9578282342471311,228.46029592925711
28134797,-5.00943,-5.004692,4.2302291036911015,0.9578282342471311,228.46029592925711
28081777,-3.92542,-4.707276,3.7914651036911007,7.301988414210655,255.4461066936776
28081777,-3.92542,-4.707276,3.7914651036911007,7.301988414210655,255.4461066936776
28115950,-0.443229,0.559181,-0.01135089630889885,385.2840728841834,256.9990458536385
28123973,-3.810741,-7.692713,4.518199103691101,4.726559096503905,307.5809824778706
28118000,-2.394999,-10.241405,3.5247321036911012,50.49596531648578,360.5901011347719
28070593,-3.680299,-6.504835,3.991802103691101,15.105537533594005,294.68006030121006
28070593,-3.680299,-6.504835,3.991802103691101,15.105537533594005,294.68006030121006
28134808,-4.951062,-5.018975,3.665564103691101,28.47420179805428,230.58881789967
28134808,-4.951062,-5.018975,3.665564103691101,28.47420179805428,230.58881789967
28134810,-3.536542,-2.366188,0.01979210369110107,182.05990417193527,212.1766931199525
28134810,-3.536542,-2.366188,0.01979210369110107,182.05990417193527,212.1766931199525
28056767,-5.539612,-2.614965,3.4269041036911014,22.356604984988508,148.02505244984064
28056767,-5.539612,-2.614965,3.4269041036911014,22.356604984988508,148.02505244984064
28149610,-6.494114,-0.334989,3.424430103691101,2.2009722761093258,8.69612342406495
28143662,-6.490174,-2.711827,3.3059341036911007,39.67360590374207,132.89307961717907
28120863,-2.899415,-8.726685,4.058348103691101,25.154438378460867,341.72291245068527
28144406,-2.532462,-10.123537,4.128430103691101,29.910286987681246,361.2402356398149
28104978,-4.968192,-5.02893,3.303800103691101,45.1652966589358,230.43981172883971
28104978,-4.968192,-5.02893,3.303800103691101,45.1652966589358,230.43981172883971
28123982,-3.905097,-7.654699,4.203434103691101,18.709662549342795,302.51398857286256
28123982,-3.905097,-7.654699,4.203434103691101,18.709662549342795,302.51398857286256
28074712,-5.600058,-3.253447,2.975471103691101,53.03726552687465,171.80238571241642
28074712,-5.600058,-3.253447,2.975471103691101,53.03726552687465,171.80238571241642
28112727,-4.143943,-7.204177,4.427602103691101,7.033239402983412,291.3400388989649
28112727,-4.143943,-7.204177,4.427602103691101,7.033239402983412,291.3400388989649
28120866,-2.326852,-2.502548,0.0026231036911010808,191.0469005081189,255.32628545805272
28120866,-2.326852,-2.502548,0.0026231036911010808,191.0469005081189,255.32628545805272
28092992,-2.464238,-10.341097,3.510432103691101,51.75653793319577,358.8829384255099
28112728,-4.059066,-7.073438,4.220984103691101,14.027569189172652,291.2624020879771
28112728,-4.059066,-7.073438,4.220984103691101,14.027569189172652,291.2624020879771
28118017,-2.295105,-10.591253,3.747444103691101,44.32742949492547,366.79130520496255
28143671,-5.547485,-2.217495,3.396059103691101,19.334645035476,132.09521068427838
28070627,-3.75986,-7.515178,4.1439451036911015,18.70749422673748,305.0368110474839
28070627,-3.75986,-7.515178,4.1439451036911015,18.70749422673748,305.0368110474839
28103577,-3.946897,-7.035334,3.7323181036911013,33.58625678265966,291.7961684041636
28103577,-3.946897,-7.035334,3.7323181036911013,33.58625678265966,291.7961684041636
28149652,-6.383708,-0.443177,3.216044103691101,18.13308446896804,23.93700286387434
28149658,-6.775976,-0.426207,2.7801971036911013,52.21485209534583,31.00645392047264
28103583,-3.816365,-7.243558,3.516642103691101,42.790854407177335,296.9859263276107
28103583,-3.816365,-7.243558,3.516642103691101,42.790854407177335,296.9859263276107
28120878,-3.623489,-8.108709,1.9240711036911011,98.80191198020128,303.1621957527275
28066913,-4.242119,-8.093644,4.426883103691101,16.302612153573534,298.7094783870031
28066913,-4.242119,-8.093644,4.426883103691101,16.302612153573534,298.7094783870031
28120880,-3.549107,-7.829063,1.7636051036911011,103.3428687317622,301.74240141088694
28146589,-6.957181,-1.377051,3.280723103691101,33.122746717099204,69.96634868330091
28103603,-3.312833,-8.344412,2.754118103691101,72.64876962498255,317.5468817393346
28144431,-2.336988,-10.745321,3.6796051036911015,47.52313467852432,365.5348568223012
28143680,-6.158121,-2.628304,3.229842103691101,39.95024515424453,137.10481000299765
28149694,-4.835129,0.890524,-0.010665896308899026,217.3378539992352,42.12466307388502
28081959,-3.711647,-7.555714,3.3696711036911013,49.62252404993208,302.61349436373825
28081959,-3.711647,-7.555714,3.3696711036911013,49.62252404993208,302.61349436373825
28095603,-3.196701,-8.655055,2.332025103691101,86.35759350632014,320.6213967334756
28120892,-3.462427,-8.427935,2.151642103691101,92.06045561388254,311.01697979716863
28120893,-3.440907,-8.069979,1.918123103691101,98.69237981759947,307.35757126412926
28066954,-3.788756,-8.21422,4.301205103691101,18.5209039631755,312.14410412380414
28066954,-3.788756,-8.21422,4.301205103691101,18.5209039631755,312.14410412380414
28120897,-2.750733,-9.285573,4.095613103691101,26.80293833104642,350.1242469923242
28105059,-3.805353,-7.97095,4.436573103691101,10.946904277652491,310.1074984204034
28105059,-3.805353,-7.97095,4.436573103691101,10.946904277652491,310.1074984204034
28123999,-4.139292,-8.642915,4.469402103691101,18.33410588453617,307.2213763140578
28123999,-4.139292,-8.642915,4.469402103691101,18.33410588453617,307.2213763140578
28105060,-3.832525,-7.259497,3.525015103691101,42.66603176483829,296.7402698261204
28105060,-3.832525,-7.259497,3.525015103691101,42.66603176483829,296.7402698261204
28074776,-3.9112,-4.680352,3.452323103691101,25.768685057468502,254.59824557948943
28074776,-3.9112,-4.680352,3.452323103691101,25.768685057468502,254.59824557948943
28095625,-3.311666,-8.902836,4.515567103691101,11.815274548602844,333.6505989680404
28126826,-4.993644,-5.161226,4.256041103691101,1.4066923443222097,232.3037912217248
28126826,-4.993644,-5.161226,4.256041103691101,1.4066923443222097,232.3037912217248
28066970,-3.585911,-8.018475,4.214220103691101,18.6654120655829,315.8224166874988
28130008,-4.07208,-8.092812,4.332419103691101,18.618304285924268,302.9783714171631
28130008,-4.07208,-8.092812,4.332419103691101,18.618304285924268,302.9783714171631
28149719,-6.228174,-0.775456,3.405570103691101,6.965372789576065,42.76202509325165
28070681,-3.697202,-8.889383,4.373373103691101,20.442549642551143,321.15009859538566
28070681,-3.697202,-8.889383,4.373373103691101,20.442549642551143,321.15009859538566
28120906,-3.329834,-8.761004,2.4010821036911008,84.75573146135221,318.3617217336613
28056964,-5.771633,-5.311793,4.473617103691101,1.5661351618344952,215.0153623289848
28143693,-5.625855,-2.455057,3.4446881036911012,20.378501848243644,139.5970861308631
28143693,-5.625855,-2.455057,3.4446881036911012,20.378501848243644,139.5970861308631
28105095,-2.987518,-9.213316,2.199688103691101,90.5939762555196,329.18368500361987
28105101,-2.159868,-4.832965,0.06677210369110109,167.2731367829706,300.970516925122
28074820,-3.915468,-7.356905,3.329638103691101,51.23610883031495,294.5457875100253
28067006,-3.420089,-9.259559,4.325462103691101,22.950385193244045,331.5913627905278
28056997,-5.451544,-5.419901,4.419674103691101,1.7861378325019075,225.4007523208621
28056997,-5.451544,-5.419901,4.419674103691101,1.7861378325019075,225.4007523208621
28074832,-3.818258,-7.655655,3.168250103691101,58.07069492011698,299.65492959464444
28130016,-3.982985,-8.336821,4.386760103691101,17.767062268500524,308.2126368847473
28130016,-3.982985,-8.336821,4.386760103691101,17.767062268500524,308.2126368847473
28140170,-5.879992,-1.76005,3.430306103691101,15.368812598942384,103.66498131353924
28074842,-3.596426,-7.40621,4.403485103691101,4.592304027800282,310.6061825085385
28074842,-3.596426,-7.40621,4.403485103691101,4.592304027800282,310.6061825085385
28140171,-5.971208,-1.79451,3.2568391036911013,28.08519702015184,106.2808699185958
28120914,-2.71429,-9.903166,4.183259103691101,27.6894489272797,355.1939271185175
28120915,-3.246369,-8.578933,2.255305103691101,88.68924521178477,318.307022077172
28067026,-3.19802,-9.421135,4.287710103691101,23.897282874391465,338.88003772114
28120917,-2.042981,-2.388864,0.07205910369110113,192.36710543711655,264.1667277667691
28070705,-3.45628,-9.131849,4.345835103691101,21.497077895142525,329.769712534458
28146626,-6.047499,-1.176703,2.958994103691101,40.78375568948036,79.31655295835165
28120920,-3.182319,-9.032888,2.617915103691101,78.29802289898561,325.4409853269047
28130024,-4.113967,-9.027021,4.494411103691101,20.187498884084818,311.50752672262666
28130024,-4.113967,-9.027021,4.494411103691101,20.187498884084818,311.50752672262666
28074854,-3.543466,-8.178429,4.489049103691101,8.255854492569597,320.4286057742646
28074854,-3.543466,-8.178429,4.489049103691101,8.255854492569597,320.4286057742646
28140172,-6.235249,-1.926095,3.179376103691101,37.00324725639379,108.41464067824336
28067037,-3.10105,-9.721335,4.2709341036911015,25.970723691917044,343.4294541254105
28137227,-0.326587,-2.151713,0.29983310369110105,207.59070326814896,359.70674143556226
28067047,-2.985119,-9.93218,4.283510103691101,26.175901024447512,348.099203743514
28120928,-3.089682,-9.264431,2.772624103691101,73.81359063416471,330.4216100885107
28120929,-3.120877,-8.916193,2.4722721036911013,82.34142526762713,325.3519731518198
28070726,-3.093572,-9.110688,4.207926103691101,23.788446917583823,339.3927862196459
28137232,-0.289688,-2.144837,0.188537103691101,215.03058906793535,359.9941826141478
28105127,-3.891594,-2.885817,0.09250210369110112,172.41652841359576,215.16855224111117
28105127,-3.891594,-2.885817,0.09250210369110112,172.41652841359576,215.16855224111117
28146633,-6.408602,-1.419355,3.169544103691101,34.22014994463413,82.07397541660922
28074874,-3.083648,-8.783773,2.4467851036911012,82.7760309365554,325.24130520597566
28124029,-3.701013,-8.238945,4.275303103691101,19.033668609769848,314.7984141606036
28124029,-3.701013,-8.238945,4.275303103691101,19.033668609769848,314.7984141606036
28067063,-2.873127,-10.222703,4.260362103691101,28.20142743574928,352.6704392574926
28143716,-6.031507,-2.84596,3.231508103691101,40.59317420521512,147.3380022361166
28143716,-6.031507,-2.84596,3.231508103691101,40.59317420521512,147.3380022361166
28143718,-5.419915,-2.49214,3.3934621036911015,21.397169368769227,146.41226909385327
28143718,-5.419915,-2.49214,3.3934621036911015,21.397169368769227,146.41226909385327
28074882,-3.129411,-9.069643,4.498933103691101,12.36844859702967,340.3191633797163
28143719,-5.535649,-2.544866,3.244502103691101,32.24712846683909,147.23353334579957
28143719,-5.535649,-2.544866,3.244502103691101,32.24712846683909,147.23353334579957
28137237,-0.240648,-2.14162,0.15931210369110116,217.7475996185263,363.1182453535644
28074888,-2.918041,-9.029024,4.395130103691101,14.331558399042676,345.8881613872695
28078525,-4.952519,-5.006924,3.859545103691101,19.05957551859879,230.23787288814876
28078525,-4.952519,-5.006924,3.859545103691101,19.05957551859879,230.23787288814876
28114972,-3.659874,-7.757273,3.226393103691101,55.64312325681456,305.3500858836389
28114972,-3.659874,-7.757273,3.226393103691101,55.64312325681456,305.3500858836389
28074893,-2.804649,-9.382908,2.871256103691101,70.09331440547541,339.5467130000611
28120939,-2.97849,-8.937473,2.6022471036911012,77.96434590283167,330.1263360749427
28124032,-2.837464,-2.596684,-0.03238189630889887,186.8773211414592,239.42251425401403
28067083,-2.703135,-10.526617,4.243753103691101,29.63798314831601,358.86929833242607
28149818,-6.4533,-1.303437,3.1693231036911014,33.47332263862043,75.53351404791206
28078531,-4.860041,-5.158061,3.5336241036911007,34.98516897473726,235.88033976686145
28149823,-6.195426,-1.192061,2.991873103691101,40.454486940662974,77.1199619904246
28067093,-2.488787,-10.554041,4.2221591036911015,29.152714131174463,365.1185080619754
28074909,-2.57905,-9.361067,4.343335103691101,16.380875996628674,358.26258509286583
28120944,-2.897121,-9.30137,2.808915103691101,72.14556733010104,336.07873225973395
28149829,-6.240378,-1.30124,3.1236811036911014,33.8691664926061,79.58644158588578
28134894,-3.941211,-4.729388,3.826105103691101,5.807104889659797,255.4476773052571
28134894,-3.941211,-4.729388,3.826105103691101,5.807104889659797,255.4476773052571
28134895,-3.956311,-4.724607,3.6102491036911015,18.13138693786041,254.34331581277203
28134895,-3.956311,-4.724607,3.6102491036911015,18.13138693786041,254.34331581277203
28134896,-3.973533,-4.717098,3.366185103691101,31.36040279730574,253.1084702119755
28134896,-3.973533,-4.717098,3.366185103691101,31.36040279730574,253.1084702119755
28116616,-3.634576,-7.734413,1.7633111036911011,103.43792629943432,298.7275752664259
28070752,-2.833177,-9.208138,4.399250103691101,14.999013320526387,349.708270120182
28120954,-2.754557,-9.897435,3.257680103691101,59.36651557032715,346.61241017198904
28134901,-3.359156,-2.962295,0.014513103691101037,177.6618551527762,231.65966197538003
28070772,-2.915236,-10.949994,4.387186103691101,28.843980984753895,355.8361263931224
28130057,-3.473345,-8.146565,4.141405103691101,21.779806998086144,319.94322206839684
28130057,-3.473345,-8.146565,4.141405103691101,21.779806998086144,319.94322206839684
28070777,-2.877407,-10.895879,4.7217651036911015,16.869279630432203,359.37575905375706
28107984,-3.531129,-7.916893,1.8051401036911012,102.10925993511216,303.1849170605142
28124059,-3.382217,-8.192617,4.136640103691101,21.6006292650504,323.11234270991844
28132605,-5.52961,-3.865466,-0.014675896308898873,162.15376479706364,199.8929072145035
28132605,-5.52961,-3.865466,-0.014675896308898873,162.15376479706364,199.8929072145035
28126843,-5.538109,-3.795794,-0.012807896308898892,162.44703049162655,198.3645183130145
28126843,-5.538109,-3.795794,-0.012807896308898892,162.44703049162655,198.3645183130145
28107987,-3.788588,-7.457586,4.458465103691101,4.671422011051618,305.3715219224579
28107987,-3.788588,-7.457586,4.458465103691101,4.671422011051618,305.3715219224579
28120966,-2.619358,-9.869766,3.218967103691101,59.92207682777527,349.965424930214
28070796,-2.533194,-10.175124,4.454563103691101,18.38375170627569,364.39261043066097
28149889,-5.985474,-1.63042,3.447901103691101,13.834561168998476,94.92914361971611
28120969,-2.507919,-10.287562,3.4635491036911015,53.24497335538493,357.0222098416659
28070799,-2.396768,-10.136485,3.500501103691101,50.819348203418656,359.8952000858065
28134923,-3.409225,-3.300398,0.077502103691101,172.21832335704,237.46624194114872
28134923,-3.409225,-3.300398,0.077502103691101,172.21832335704,237.46624194114872
28147991,-2.862033,-5.143986,-0.00033389630889901767,164.31315840556456,283.1244566703952
28149915,-5.72444,-1.609099,3.180552103691101,27.663170835362397,103.37773315836112
28149916,-5.911998,-1.632238,2.970866103691101,43.14918435022784,104.23782443897892
28146678,-5.858327,-1.499936,3.389524103691101,13.984857184598525,91.58443089296142
28148010,-4.591913,-7.789679,4.482901103691101,14.43961632516246,286.022270310722
28148010,-4.591913,-7.789679,4.482901103691101,14.43961632516246,286.022270310722
28149932,-5.91636,-1.7502,2.978631103691101,43.82842071541936,109.45797099948376
28105231,-3.948848,-7.138942,3.4085971036911014,47.228752151561565,291.48174387673026
28105231,-3.948848,-7.138942,3.4085971036911014,47.228752151561565,291.48174387673026
28140207,-6.120344,-2.088885,3.0507301036911008,44.60774315551049,119.13029915037764
28124089,-3.379187,-9.255648,4.284739103691101,24.12790033194861,332.4614105528287
28148020,-4.346785,-7.891083,4.401800103691101,16.45710577128807,293.5000163677063
28148020,-4.346785,-7.891083,4.401800103691101,16.45710577128807,293.5000163677063
28134938,-3.037182,-2.82214,0.013069103691101036,181.21254781533497,238.2199566168964
28134938,-3.037182,-2.82214,0.013069103691101036,181.21254781533497,238.2199566168964
28148028,-3.7959,-7.176926,4.080604103691101,18.704591496006717,299.79288695623126
28148028,-3.7959,-7.176926,4.080604103691101,18.704591496006717,299.79288695623126
28149963,-5.473586,-1.752618,3.1426291036911014,28.774236032617807,116.1391324427793
28149964,-5.842443,-1.920852,3.091837103691101,38.03191579032125,116.89861876394735
28143746,-6.059811,-3.147078,3.255764103691101,42.06228874918682,156.48879903435602
28143746,-6.059811,-3.147078,3.255764103691101,42.06228874918682,156.48879903435602
28148039,-3.694003,-7.722496,4.186092103691101,18.186230415249952,309.46331788097496
28148039,-3.694003,-7.722496,4.186092103691101,18.186230415249952,309.46331788097496
28130094,-3.282822,-9.359563,4.287823103691101,24.066413971174114,335.9933621876254
28148047,-0.494952,0.551811,-0.007678896308898953,378.2373540918495,251.1401438822377
28148047,-0.494952,0.551811,-0.007678896308898953,378.2373540918495,251.1401438822377
28140835,-2.513118,-2.590241,0.0015471036911010039,188.32077499973855,250.48109687848824
28132671,-5.203696,-4.371977,0.023346103691101128,159.56249163533278,215.53335987596293
28132671,-5.203696,-4.371977,0.023346103691101128,159.56249163533278,215.53335987596293
28148056,-0.463149,0.55493,-0.010791896308898874,382.3871270813679,254.81054443779496
28148056,-0.463149,0.55493,-0.010791896308898874,382.3871270813679,254.81054443779496
28148062,-3.337383,-8.49919,4.180675103691101,21.970875520260563,327.3326994408718
28148067,-3.185789,-8.912415,4.195585103691101,23.45142380891457,335.15136393854016
28124118,-3.041076,-8.89022,4.103934103691101,25.717394036533364,338.72901646296725
28149990,-5.919805,-2.087115,3.123137103691101,38.62343811938638,122.0590215010015
28148073,-3.117288,-9.145975,4.229597103691101,23.411285751551617,339.0714862295508
28148078,-3.316554,-10.072638,4.714666103691101,14.133287938382097,342.6068120345737
28121000,-2.139439,-4.778428,0.07328510369110108,167.54285624462497,301.01578667934336
28121003,-2.10354,-4.811593,0.13978910369110098,165.2168910104313,303.0384071970321
28150012,-5.668026,-2.023694,2.958462103691101,45.11211832144244,126.64775322319922
28140848,-4.116049,-6.83421,3.7588231036911015,32.275223284291684,284.46832602071106
28140848,-4.116049,-6.83421,3.7588231036911015,32.275223284291684,284.46832602071106
28146718,-5.824881,-1.69137,3.214804103691101,27.7188280459842,104.87376670821418
28124135,-3.202416,-10.296194,4.423036103691101,25.270158297233195,344.92211515928113
28150031,-5.463582,-2.146209,3.361924103691101,19.45552350328117,131.34372916304687
28126311,-6.248334,-1.194033,3.264740103691101,23.57011029036761,70.93457587982476
28111741,-5.329179,-3.897204,0.04774210369110099,160.92367033418756,204.2345850597585
28111741,-5.329179,-3.897204,0.04774210369110099,160.92367033418756,204.2345850597585
28148113,-2.380041,-9.594418,3.975353103691101,30.874184477236383,362.33477401377417
28085152,-3.944803,-4.700759,3.3931521036911008,29.49416554134916,253.77314403295804
28085152,-3.944803,-4.700759,3.3931521036911008,29.49416554134916,253.77314403295804
28140858,-4.008254,-6.8855,4.449272103691101,1.1191862892832205,291.5433941752009
28140858,-4.008254,-6.8855,4.449272103691101,1.1191862892832205,291.5433941752009
28130113,-3.064966,-9.145647,4.139612103691101,26.431935126335414,339.9566941697755
28110883,-5.55881,-3.590774,0.04079310369110112,161.98047045935022,193.69788996035865
28110883,-5.55881,-3.590774,0.04079310369110112,161.98047045935022,193.69788996035865
28140862,-4.421222,-7.852592,4.479882103691101,13.633348483790089,291.3683995055255
28140862,-4.421222,-7.852592,4.479882103691101,13.633348483790089,291.3683995055255
28120060,-6.07021,-1.732793,3.2786611036911006,27.18774526947618,101.1933784488922
28140245,-5.9861,-2.234964,3.1575041036911013,38.72996762349087,126.36429843148925
28150056,-5.70829,-2.405791,3.262830103691101,31.574874404914794,137.78498123059143
28115011,-5.407045,-3.645052,0.03542510369110108,162.37400052898894,197.740229973968
28115011,-5.407045,-3.645052,0.03542510369110108,162.37400052898894,197.740229973968
28146738,-6.147036,-1.946939,3.157114103691101,37.59242330061685,111.25262644130068
28150064,-6.99101,-3.300402,3.4821111036911008,39.99050818125329,141.51358399609686
28126335,-6.371337,-1.348817,3.148991103691101,34.29970715628076,79.48857818602369
28150073,-5.613457,-2.467757,3.248799103691101,32.022012834901915,142.4602743813653
28124153,-2.887795,-9.592892,4.154236103691101,27.809160204495925,348.10143949162693
28140270,-5.442993,-2.104384,3.163879103691101,31.22943400932056,132.4637763953038
28150080,-5.564958,-2.451187,3.089917103691101,40.47353449661085,144.5355471961995
28146748,-5.636555,-1.802525,3.368994103691101,16.60408025323065,111.61934995977025
28113342,-4.391154,-1.810344,0.09378410369110113,178.9109125950588,173.72216978440954
28140886,-3.94689,-7.227289,4.198475103691101,15.42287205689081,296.4040503274851
28140886,-3.94689,-7.227289,4.198475103691101,15.42287205689081,296.4040503274851
28140892,-4.224583,-8.040617,4.748092103691101,2.580071991784621,300.2505791057374
28140892,-4.224583,-8.040617,4.748092103691101,2.580071991784621,300.2505791057374
28150090,-5.569787,-2.625481,3.449776103691101,21.48536027204824,147.49818893892984
28150090,-5.569787,-2.625481,3.449776103691101,21.48536027204824,147.49818893892984
28130134,-2.882476,-9.654867,4.175844103691101,27.413546269224952,348.7782992929122
28134986,-2.702299,-2.554014,-0.023899896308898994,188.1579890354395,242.9692891613235
28134986,-2.702299,-2.554014,-0.023899896308898994,188.1579890354395,242.9692891613235
28120096,-5.681938,-1.859564,3.2054521036911012,28.59752919380648,115.81597371721122
28140278,-6.260844,-2.704516,3.251512103691101,40.38409550008481,137.57838395242862
28150110,-6.514891,-3.347816,3.3737561036911012,41.60834796662138,152.64446682103346
28150110,-6.514891,-3.347816,3.3737561036911012,41.60834796662138,152.64446682103346
28140910,-2.067182,-2.413149,0.06374710369110104,192.1488194341489,263.696860419276
28140910,-2.067182,-2.413149,0.06374710369110104,192.1488194341489,263.696860419276
28120114,-5.517138,-1.911593,3.1692721036911013,29.520200331362105,122.21940430396248
28140283,-5.586252,-2.308976,3.4146771036911012,19.86406116021212,134.86317585981698
28150130,-5.749619,-2.916274,3.1694881036911013,41.93128823379013,156.31983493181752
28150130,-5.749619,-2.916274,3.1694881036911013,41.93128823379013,156.31983493181752
28123332,-6.129067,-1.780056,3.5008101036911015,14.545441227133324,98.78738559093304
28140916,-3.920122,-7.840508,4.2480271036911015,18.607371531326663,304.2861291819475
28140916,-3.920122,-7.840508,4.2480271036911015,18.607371531326663,304.2861291819475
28140289,-5.977027,-2.609553,3.193295103691101,40.08142231848541,140.47971184630742
28140926,-4.011246,-8.469943,4.723776103691101,5.758412693060137,310.5919240646451
28140926,-4.011246,-8.469943,4.723776103691101,5.758412693060137,310.5919240646451
28150152,-5.326641,-2.751943,3.060191103691101,42.60317179413772,161.3648146919614
28150152,-5.326641,-2.751943,3.060191103691101,42.60317179413772,161.3648146919614
28123340,-6.524968,-1.810497,3.115899103691101,42.28782326258255,99.26746154019632
28082697,-3.430762,-8.084793,2.9269121036911008,66.47138399692139,313.1118433387127
28110963,-3.97993,-7.405247,4.538171103691101,2.5327186918715654,299.2934973301966
28110963,-3.97993,-7.405247,4.538171103691101,2.5327186918715654,299.2934973301966
28110233,-4.028282,-7.520633,4.576262103691101,2.5840426341794966,299.35846184668634
28110233,-4.028282,-7.520633,4.576262103691101,2.5840426341794966,299.35846184668634
28085277,-2.960007,-9.841695,3.090704103691101,65.23446426924846,339.52189070439243
28140304,-5.576551,-2.487184,3.439265103691101,20.49453403472569,142.0630935835355
28140304,-5.576551,-2.487184,3.439265103691101,20.49453403472569,142.0630935835355
28150168,-3.131347,-0.827721,1.734494103691101,102.24512010932516,155.36760446989555
28124178,-2.769403,-10.664764,4.280066103691101,29.70846215611138,357.8500118763685
28124179,-3.000177,-8.986292,2.604327103691101,78.07603516719769,329.8829593523241
28135021,-2.572004,-2.649362,0.071394103691101,184.3129877028052,249.86526148643475
28135021,-2.572004,-2.649362,0.071394103691101,184.3129877028052,249.86526148643475
28130159,-2.479195,-9.332848,3.964809103691101,30.14770542448744,357.84323789676523
28108726,-3.416973,-8.407957,4.153023103691101,22.977513090837817,323.9764931941281
28124196,-2.558794,-10.607226,4.2538031036911015,28.865519479680813,363.519344235192
28140309,-5.834355,-2.715239,3.617826103691101,15.923853402861257,143.2322792057506
28120189,-5.396497,-2.477318,3.375941103691101,21.99749724260778,146.56537062057828
28120189,-5.396497,-2.477318,3.375941103691101,21.99749724260778,146.56537062057828
28110250,-3.67017,-7.564464,3.261475103691101,53.4823458009096,303.31184306950433
28110250,-3.67017,-7.564464,3.261475103691101,53.4823458009096,303.31184306950433
28140952,-3.589523,-7.99769,4.481378103691101,7.240126863266795,317.2767076539838
28140952,-3.589523,-7.99769,4.481378103691101,7.240126863266795,317.2767076539838
28140953,-3.427796,-7.475926,4.037341103691101,19.977364396574472,314.3459176560106
28140953,-3.427796,-7.475926,4.037341103691101,19.977364396574472,314.3459176560106
28108740,-3.420682,-8.436111,2.5291871036911013,80.44415793667821,314.1469687173501
28108741,-3.435153,-8.145763,1.962553103691101,97.40301941258876,308.378734889226
28130170,-2.50772,-10.684099,4.206120103691101,30.667634807495745,364.9044037599381
28129311,-6.192434,-1.459376,3.134662103691101,34.38766121702187,88.2013427770645
28135040,-4.10974,-7.08817,4.525351103691101,1.0055384531242453,291.38696289118224
28135040,-4.10974,-7.08817,4.525351103691101,1.0055384531242453,291.38696289118224
28129316,-6.084214,-1.478962,3.257330103691101,25.601721729257434,88.85315198367573
28146790,-5.762372,-2.058774,2.978930103691101,45.12061774812767,125.89075102357286
28135042,-4.019024,-6.775053,3.835597103691101,27.77827435998697,286.87049443923445
28135042,-4.019024,-6.775053,3.835597103691101,27.77827435998697,286.87049443923445
28126962,-3.81677,-3.037919,0.09184210369110102,171.6183731196718,220.6224545744081
28126962,-3.81677,-3.037919,0.09184210369110102,171.6183731196718,220.6224545744081
28140323,-5.536801,-2.533303,3.241088103691101,32.3359319135775,146.80102703464468
28140323,-5.536801,-2.533303,3.241088103691101,32.3359319135775,146.80102703464468
28062745,-6.446805,-0.938285,3.2876151036911008,21.26681234293761,53.03411709525335
28126411,-5.971455,-1.65318,3.254333103691101,26.546189356602497,99.5975435124044
28135045,-2.460105,-2.603211,0.06613110369110098,185.9906303366705,252.83347768274217
28135045,-2.460105,-2.603211,0.06613110369110098,185.9906303366705,252.83347768274217
28146801,-5.799796,-2.202392,3.111908103691101,39.17935544296864,129.40542956195986
28129337,-6.043468,-1.642103,3.264882103691101,26.63186043038891,97.56096788430789
28129342,-5.89283,-1.648154,3.4272141036911012,14.13737727209741,97.91690019431202
28123375,-6.193511,-2.072361,3.351457103691101,28.14397424697799,113.10635323885262
28126421,-6.064552,-1.693175,3.012147103691101,42.77003819030796,103.59901811070996
28116719,-3.708463,-7.596315,1.544575103691101,109.92768213669706,294.6599547776466
28062777,-6.3873,-1.123358,3.298164103691101,22.269847884758235,64.24779678948886
28146822,-5.502512,-2.198791,3.1956031036911012,31.02948047421461,134.73209763907735
28146823,-5.820704,-2.34316,3.018268103691101,45.86443150614201,135.58594207226437
28126997,-3.537522,-2.85702,-0.019828896308898836,178.72200135149157,224.22595883148455
28135052,-2.413525,-2.531512,0.00794410369110099,189.66430943455103,252.76697288238597
28146834,-6.088865,-2.581297,3.2012151036911014,40.42841279160709,137.07760754882688
28062817,-6.22368,-1.31767,3.2691341036911012,24.57069345785706,77.91806543598224
28140336,-6.181006,-3.099143,3.2747831036911013,41.747785210431005,152.2916965792141
28140336,-6.181006,-3.099143,3.2747831036911013,41.747785210431005,152.2916965792141
28135055,-4.081047,-7.063292,3.7426571036911014,34.36676927257821,288.30354890817216
28135055,-4.081047,-7.063292,3.7426571036911014,34.36676927257821,288.30354890817216
28060333,-4.320056,-8.887764,4.567356103691101,18.017342418756243,305.1660624673317
28060333,-4.320056,-8.887764,4.567356103691101,18.017342418756243,305.1660624673317
28146844,-5.63012,-2.457598,3.4471751036911007,20.312553046557923,139.57496188534046
28146844,-5.63012,-2.457598,3.4471751036911007,20.312553046557923,139.57496188534046
28140970,-3.878905,-9.412156,4.5006131036911015,21.085288082995334,321.0293303873799
28140970,-3.878905,-9.412156,4.5006131036911015,21.085288082995334,321.0293303873799
28146848,-5.510384,-2.355801,3.2120931036911013,31.85708386188213,140.78456005010582
28121140,-4.836116,-5.236461,3.873169103691101,19.548328739332533,238.2082883623925
28121140,-4.836116,-5.236461,3.873169103691101,19.548328739332533,238.2082883623925
28126432,-6.438384,-2.034474,3.239176103691101,36.70470499015392,108.57513305219418
28062849,-6.21761,-1.540802,3.2995271036911014,25.35837654756159,88.92461527350164
28140975,-3.465598,-8.356643,4.506790103691101,8.498236808287885,324.53415554121165
28140975,-3.465598,-8.356643,4.506790103691101,8.498236808287885,324.53415554121165
28135059,-4.146996,-7.266649,3.5875571036911014,42.313902039432776,288.2485196011094
28135059,-4.146996,-7.266649,3.5875571036911014,42.313902039432776,288.2485196011094
28134313,-6.249341,-1.820884,3.5472591036911014,13.810998952147116,97.81224356043752
28146867,-5.633854,-2.571405,3.269501103691101,32.132197980917795,145.75012331701754
28146868,-5.97542,-2.774622,3.201606103691101,41.04870635097405,146.31351888232504
28146868,-5.97542,-2.774622,3.201606103691101,41.04870635097405,146.31351888232504
28062869,-6.22479,-1.681782,3.3093581036911015,26.542345834386023,95.50358217343934
28146871,-5.520068,-2.567318,3.4251641036911007,21.643055434057203,146.6658020287034
28146871,-5.520068,-2.567318,3.4251641036911007,21.643055434057203,146.6658020287034
28140979,-3.438513,-7.82548,1.848721103691101,100.66391034078404,304.9090824321251
28116766,-3.242335,-8.085055,4.071559103691101,22.209748185590257,326.1132645732948
28088276,-4.940292,-5.006149,4.1646601036911015,3.5399572475560603,230.46811277463007
28088276,-4.940292,-5.006149,4.1646601036911015,3.5399572475560603,230.46811277463007
28060361,-3.586608,-7.93096,4.219791103691101,17.675623169951194,315.01152073073786
28060361,-3.586608,-7.93096,4.219791103691101,17.675623169951194,315.01152073073786
28135068,-3.986317,-7.122683,3.7340921036911014,34.44360494874718,291.7105414562683
28135068,-3.986317,-7.122683,3.7340921036911014,34.44360494874718,291.7105414562683
28118202,0.332329,-4.201208,-0.010690896308898967,194.51107907721837,408.1327474012025
28135071,-2.305384,-2.484075,0.005657103691101062,191.36285971948644,255.72197702300733
28135071,-2.305384,-2.484075,0.005657103691101062,191.36285971948644,255.72197702300733
28140986,-3.265193,-8.103994,4.366823103691101,10.088216405104475,327.75039417414365
28140989,-3.639642,-9.374738,4.406896103691101,22.438627216511264,326.7354988175075
28127040,-4.62939,-8.84926,5.049918103691101,2.143984568595215,298.9976434553597
28127040,-4.62939,-8.84926,5.049918103691101,2.143984568595215,298.9976434553597
28060377,-3.333455,-7.855683,4.059863103691101,21.52487501910133,321.13471018547966
28150402,-4.993685,-4.935285,4.216348103691101,0.5980512404021852,227.3605199089594
28150402,-4.993685,-4.935285,4.216348103691101,0.5980512404021852,227.3605199089594
28135076,-2.299622,-2.540272,0.06778610369110116,188.0909069721763,257.40659717775185
28135076,-2.299622,-2.540272,0.06778610369110116,188.0909069721763,257.40659717775185
28140990,-3.519496,-8.511561,2.160068103691101,92.00913803885172,310.3183010933658
28135077,-4.003987,-7.504929,4.562811103691101,2.759472045379596,299.84306055423275
28135077,-4.003987,-7.504929,4.562811103691101,2.759472045379596,299.84306055423275
28150408,-3.509277,-1.832998,0.023256103691100982,188.05699675919223,197.9562279544079
28150408,-3.509277,-1.832998,0.023256103691100982,188.05699675919223,197.9562279544079
28144608,-0.162886,-5.907691,0.02301910369110116,170.72913526690903,385.7139566211477
28150419,-4.990441,-5.176586,4.242857103691101,2.2339443487111623,232.72250300164305
28150419,-4.990441,-5.176586,4.242857103691101,2.2339443487111623,232.72250300164305
28132799,-3.280919,-2.943523,0.008164103691101099,178.56401692495774,233.53060150325888
28132799,-3.280919,-2.943523,0.008164103691101099,178.56401692495774,233.53060150325888
28146915,-5.765668,-2.99543,3.1695521036911014,42.720296802667065,158.59758918612928
28146915,-5.765668,-2.99543,3.1695521036911014,42.720296802667065,158.59758918612928
28060393,-3.380323,-9.098255,4.264633103691101,23.71830914875801,331.1730131107165
28127046,-4.089704,-7.453026,4.288193103691101,14.98641028249287,295.2619632970995
28127046,-4.089704,-7.453026,4.288193103691101,14.98641028249287,295.2619632970995
28150441,-5.015205,-4.082087,0.08765110369110118,159.8682009237798,214.0055976940456
28150441,-5.015205,-4.082087,0.08765110369110118,159.8682009237798,214.0055976940456
28150449,-4.907264,-5.076951,3.019817103691101,57.25662623261215,233.0089220121387
28150449,-4.907264,-5.076951,3.019817103691101,57.25662623261215,233.0089220121387
28060416,-3.210723,-9.674685,4.253475103691101,27.044969410768715,339.8409285682444
28129440,-5.801004,-2.199795,3.271381103691101,29.861535513154195,127.3501296408877
28093813,-3.115674,-4.260821,3.607576103691101,0.3401683909716837,276.54176246637473
28093813,-3.115674,-4.260821,3.607576103691101,0.3401683909716837,276.54176246637473
28141010,-3.227419,-8.565084,2.265707103691101,88.31297597358278,318.75275432831575
28135090,-4.015701,-7.498598,3.3929611036911007,50.18189140581865,293.64962549385507
28135090,-4.015701,-7.498598,3.3929611036911007,50.18189140581865,293.64962549385507
28141013,-3.024416,-8.515866,4.345588103691101,12.669464342224472,338.6269558225017
28141014,-3.018039,-8.414129,4.016320103691101,25.319762797600504,335.4203902605129
28134341,-6.336843,-2.064142,3.681082103691101,10.046554728277698,105.39835802179608
28140376,-5.770459,-3.060198,3.1783901036911013,42.833341096954285,160.54016227940505
28085637,-4.948955,-4.992573,3.9678821036911014,13.509649695728513,229.9927923736511
28085637,-4.948955,-4.992573,3.9678821036911014,13.509649695728513,229.9927923736511
28146943,-6.065548,-3.419537,3.277254103691101,43.162494926619416,164.6038685547082
28146943,-6.065548,-3.419537,3.277254103691101,43.162494926619416,164.6038685547082
28153031,-4.830303,1.208123,0.03253710369110108,222.3307124185348,17.82457636000595
28060439,-3.18303,-10.468563,4.460289103691101,25.02180262054523,346.6596591619747
28110358,-3.80134,-7.406804,3.3626511036911007,49.60401033489376,298.4531977365526
28110358,-3.80134,-7.406804,3.3626511036911007,49.60401033489376,298.4531977365526
28060443,-3.054012,-10.170525,4.257224103691101,29.17244635581855,347.1805522487916
28098803,-4.696331,-10.246603,5.309718103691101,5.410607907937759,311.0128021626431
28098803,-4.696331,-10.246603,5.309718103691101,5.410607907937759,311.0128021626431
28135110,-3.81914,-7.350413,3.4992411036911006,44.14628659560032,298.0114288893883
28135110,-3.81914,-7.350413,3.4992411036911006,44.14628659560032,298.0114288893883
28153043,-6.508268,-0.294402,3.433084103691101,0.9973775671365672,5.252703209989761
28060452,-3.14996,-11.791776,4.587459103691101,28.9467203929928,354.6516587816053
28135116,-3.819482,-7.657364,4.518070103691101,4.45131760375952,306.93431014738377
28135116,-3.819482,-7.657364,4.518070103691101,4.45131760375952,306.93431014738377
28110364,-3.666105,-7.553702,3.2782411036911014,52.78221121500209,303.4058435772038
28110364,-3.666105,-7.553702,3.2782411036911014,52.78221121500209,303.4058435772038
28143891,-5.585604,-3.34243,0.912674103691101,136.16497338217448,184.7047041276373
28143891,-5.585604,-3.34243,0.912674103691101,136.16497338217448,184.7047041276373
28141027,-3.219401,-9.817744,4.349443103691101,24.66637394465164,341.1671938643874
28100716,-5.405808,-2.599111,3.218756103691101,32.919969261184576,152.56794285833382
28100716,-5.405808,-2.599111,3.218756103691101,32.919969261184576,152.56794285833382
28060477,-2.675057,-11.807783,4.3981261036911015,32.13711087889655,365.7840567060747
28141029,-3.167788,-9.401413,2.762988103691101,74.70285651342914,329.21227624043377
28135121,-3.883359,-7.748183,3.196071103691101,57.80370997731288,298.9746318360965
28135121,-3.883359,-7.748183,3.196071103691101,57.80370997731288,298.9746318360965
28063042,-5.668756,-2.557702,3.111119103691101,41.23868287150094,145.9970542331248
28138145,-4.114657,-0.937968,-0.00748089630889881,195.22144447897008,151.0142498204499
28135122,-2.056823,-2.411235,0.07508210369110113,191.7823539069995,264.1226600452766
28135122,-2.056823,-2.411235,0.07508210369110113,191.7823539069995,264.1226600452766
28141033,-0.546744,0.717472,-0.016540896308898878,396.5148143018382,230.7327742897502
28141033,-0.546744,0.717472,-0.016540896308898878,396.5148143018382,230.7327742897502
28135123,-2.058921,-2.392699,0.002558103691101099,195.18022737899392,263.3366197504796
28135123,-2.058921,-2.392699,0.002558103691101099,195.18022737899392,263.3366197504796
28063058,-5.4632,-2.486808,3.0523541036911013,41.95291820541408,148.57637651398994
28132834,-3.097601,-4.244958,3.4280481036911015,11.759220135270796,276.0313329613159
28132834,-3.097601,-4.244958,3.4280481036911015,11.759220135270796,276.0313329613159
28121286,-3.859016,-6.55931,4.083354103691101,13.16847229831123,290.1058032252511
28121286,-3.859016,-6.55931,4.083354103691101,13.16847229831123,290.1058032252511
28129498,-6.222055,-2.955069,3.2764431036911015,40.85580095143618,146.72607659763682
28129498,-6.222055,-2.955069,3.2764431036911015,40.85580095143618,146.72607659763682
28063078,-5.518325,-2.616993,3.4215851036911014,22.44159667342609,148.65392900147486
28150599,-2.820893,-2.586909,-0.02294189630889898,186.7569765511584,239.74719822749276
28150599,-2.820893,-2.586909,-0.02294189630889898,186.7569765511584,239.74719822749276
28153118,-6.320107,-0.542156,3.212183103691101,18.971359866432863,31.483179072652945
28129502,-5.548143,-2.585212,3.441091103691101,21.24866441668061,146.54194746325385
28121300,-3.846677,-6.899494,4.135361103691101,14.098107588966428,295.171049102231
28121300,-3.846677,-6.899494,4.135361103691101,14.098107588966428,295.171049102231
28135137,-3.752537,-7.963787,4.230361103691101,18.957909039801223,310.37862603866614
28135137,-3.752537,-7.963787,4.230361103691101,18.957909039801223,310.37862603866614
28124457,-3.948469,-6.731957,4.118455103691101,14.200009278504012,289.7627890476217
28124457,-3.948469,-6.731957,4.118455103691101,14.200009278504012,289.7627890476217
28153137,-6.187183,-0.668635,3.3840951036911013,5.985782939936939,36.713662569047074
28127084,-4.019425,-8.439449,4.436506103691101,16.974706641663744,308.4413744593235
28127084,-4.019425,-8.439449,4.436506103691101,16.974706641663744,308.4413744593235
28150627,-3.875745,-6.601829,4.061901103691101,14.775159760837454,290.0380802076072
28150627,-3.875745,-6.601829,4.061901103691101,14.775159760837454,290.0380802076072
28108809,-2.681971,-2.537208,-0.013017896308898935,188.09891885055197,243.2821680647197
28153153,-6.642913,-0.795527,3.168487103691101,29.893368321087934,45.00067040940016
28135145,-3.695561,-7.719477,3.2867621036911014,53.45083421758727,304.29672766477006
28135145,-3.695561,-7.719477,3.2867621036911014,53.45083421758727,304.29672766477006
28124477,-3.820228,-7.250038,4.163808103691101,15.969664418340614,300.348634645141
28124477,-3.820228,-7.250038,4.163808103691101,15.969664418340614,300.348634645141
28110393,-0.227895,-2.11977,0.028231103691101156,226.0519858740392,360.8956190557423
28121315,-3.465723,-6.667877,3.9336391036911014,17.356880428411273,303.5184869341233
28121315,-3.465723,-6.667877,3.9336391036911014,17.356880428411273,303.5184869341233
28123476,-6.002065,-2.701521,3.198786103691101,40.81160564519857,143.21153127586763
28150645,-4.022861,-7.498176,4.228563103691101,17.310656043584572,297.44225252471165
28150645,-4.022861,-7.498176,4.228563103691101,17.310656043584572,297.44225252471165
28124485,-3.915331,-8.053492,4.3412431036911014,16.609018350341046,307.12141715957625
28124485,-3.915331,-8.053492,4.3412431036911014,16.609018350341046,307.12141715957625
28132871,-4.222892,-7.391245,4.612973103691101,1.5992512717573106,292.18406302924603
28132871,-4.222892,-7.391245,4.612973103691101,1.5992512717573106,292.18406302924603
28141048,-2.964682,-10.502049,4.367659103691101,26.94909563217436,352.24827073039825
28127101,-3.986047,-8.887348,4.438169103691101,20.225601389720907,313.4458171968921
28127101,-3.986047,-8.887348,4.438169103691101,20.225601389720907,313.4458171968921
28129518,-6.556685,-3.378821,3.3891851036911014,41.450556319691714,152.6596067930215
28129518,-6.556685,-3.378821,3.3891851036911014,41.450556319691714,152.6596067930215
28138166,-5.615931,-3.569418,3.232161103691101,42.88696246746579,179.26183288284037
28138166,-5.615931,-3.569418,3.232161103691101,42.88696246746579,179.26183288284037
28141049,-2.790041,-9.356327,2.864306103691101,70.18286959287798,339.744645418146
28121328,-4.149594,-9.209343,4.509211103691101,21.272523095268557,312.20773181346146
28121328,-4.149594,-9.209343,4.509211103691101,21.272523095268557,312.20773181346146
28132878,-4.167152,-7.334293,4.282865103691101,14.82345326143252,291.5674988609635
28132878,-4.167152,-7.334293,4.282865103691101,14.82345326143252,291.5674988609635
28076004,-2.724211,-9.701816,3.072047103691101,64.44247665340387,345.0377365900032
28135156,-1.934124,-2.370993,-0.02661189630889882,198.09282970690583,267.9174616966409
28150670,-4.17972,-8.67518,4.489217103691101,18.16200461991977,306.5294481219924
28150670,-4.17972,-8.67518,4.489217103691101,18.16200461991977,306.5294481219924
28124492,-3.626855,-7.802276,4.176023103691101,18.72353418096625,312.2523044180632
28124492,-3.626855,-7.802276,4.176023103691101,18.72353418096625,312.2523044180632
28076017,-2.324911,-10.43123,3.656663103691101,46.68706741655868,364.5297981391159
28124495,-3.19374,-6.948308,3.8939701036911014,19.316790758052548,315.6838370389734
28124495,-3.19374,-6.948308,3.8939701036911014,19.316790758052548,315.6838370389734
28153205,-6.318634,-1.017684,3.264659103691101,22.149198937784377,59.93880458035079
28144648,0.181517,-4.903014,0.0014181036911011802,183.4778698230928,400.089895723669
28141055,-2.812131,-10.412436,3.426792103691101,56.29849789904284,348.88910369432176
28123495,-5.409496,-2.527229,3.396800103691101,21.501511085328985,148.0111946969812
28123495,-5.409496,-2.527229,3.396800103691101,21.501511085328985,148.0111946969812
28135165,-3.587989,-7.850656,3.1626531036911008,58.00133438736532,307.9189237956668
28124507,-3.232999,-8.237703,4.111877103691101,21.746792085968025,327.9685932004098
28123497,-5.890722,-2.727221,3.1733891036911013,41.376376680676174,146.70113533427252
28132887,-4.052884,-7.378681,4.558492103691101,2.102741995998855,296.86148526530883
28132887,-4.052884,-7.378681,4.558492103691101,2.102741995998855,296.86148526530883
28150691,-3.986745,-9.064575,4.512525103691101,18.8406123718724,315.3670689480109
28150691,-3.986745,-9.064575,4.512525103691101,18.8406123718724,315.3670689480109
28121348,-3.444985,-8.321793,4.210039103691101,20.22004438721683,322.79523726843854
28150699,-3.302274,-7.506673,4.264679103691101,8.941885131599633,320.3700477134924
28150699,-3.302274,-7.506673,4.264679103691101,8.941885131599633,320.3700477134924
28132904,-3.792095,-6.916281,4.096661103691101,15.486280910711258,296.88611566525145
28132904,-3.792095,-6.916281,4.096661103691101,15.486280910711258,296.88611566525145
28143960,-5.677869,-4.064011,-0.04059189630889892,161.3259279789381,200.96671053252751
28143960,-5.677869,-4.064011,-0.04059189630889892,161.3259279789381,200.96671053252751
28150707,-3.491129,-8.209909,4.221731103691101,19.1906825005523,320.49989938295425
28150707,-3.491129,-8.209909,4.221731103691101,19.1906825005523,320.49989938295425
28135174,-3.515669,-8.067044,4.472201103691101,7.606427175871346,320.17663830887886
28135174,-3.515669,-8.067044,4.472201103691101,7.606427175871346,320.17663830887886
28115096,-3.675389,-7.914001,1.8222101036911011,101.7835174046398,299.66026459130995
28153238,-6.127656,-1.113666,3.230239103691101,23.181958492149533,69.01908523485449
28124516,-3.499886,-10.179291,4.471031103691101,24.851873014211662,336.3995065608856
28141706,-2.471644,-8.359377,3.8502011036911012,27.32413569162324,351.7967617034931
28121357,-3.267385,-8.203079,4.092212103691101,22.550232325201108,326.45881538404626
28150722,-0.495403,0.550804,-0.011055896308898916,378.2671880059616,251.1405143072652
28150722,-0.495403,0.550804,-0.011055896308898916,378.2671880059616,251.1405143072652
28141062,-2.890614,-11.307417,4.479272103691101,27.893603961996604,358.7333779095735
28121369,-3.457109,-9.574977,4.399802103691101,22.823663305057494,333.2206165766603
28127125,-3.774188,-9.282232,4.413330103691101,22.514282501441045,322.3523848135651
28135179,-3.571758,-8.288291,4.224196103691101,20.421954206802692,318.766699350853
28135179,-3.571758,-8.288291,4.224196103691101,20.421954206802692,318.766699350853
28141067,-2.794761,-11.174304,4.711275103691101,18.6611925805056,362.7692724719578
28153254,-6.086337,-1.13334,3.070988103691101,33.526959716999016,74.10704160156433
28135182,-3.573529,-7.802499,1.7190241036911011,104.68162420483524,300.68607022704487
28124527,-3.055398,-9.649105,4.249313103691101,25.920004103448942,344.1807821660046
28150746,-3.259179,-9.161174,4.230430103691101,24.565371471726905,334.93179276614785
28141069,-0.503521,0.552858,-0.008429896308898899,377.4928128719078,250.01120478623756
28141069,-0.503521,0.552858,-0.008429896308898899,377.4928128719078,250.01120478623756
28124531,-2.605726,-9.276119,3.008944103691101,64.53037002002722,345.5890258427425
28129559,-5.652209,-3.027077,3.1655161036911013,42.21158776692596,162.2198107018205
28135191,-3.308294,-8.058002,4.388025103691101,9.13263574679138,326.1200823497868
28135191,-3.308294,-8.058002,4.388025103691101,9.13263574679138,326.1200823497868
28135192,-3.443111,-8.098464,2.918945103691101,66.84187278654474,312.84608636541
28150761,-2.708843,-8.109074,4.181020103691101,12.907101971085126,345.0425743923395
28096449,-2.8722,-9.417185,2.861993103691101,70.72280529740968,337.8305316605357
28153275,-6.328998,-1.398241,3.302957103691101,24.76175811627257,79.80589945788884
28153276,-6.263787,-1.319637,3.1205541036911013,34.534063685530185,80.22288053268699
28150775,-2.486833,-8.011376,3.7756861036911014,27.786550541992423,348.3942557784817
28124534,-2.91437,-9.501875,4.487336103691101,14.733034028375272,349.5566607077751
28121397,-2.971874,-9.39398,4.174049103691101,26.263220173565884,344.5826728970394
28141074,-2.540136,-10.001007,3.3456461036911014,55.99675601755831,353.85482795985774
28124536,-2.680313,-9.094198,4.034039103691101,27.22846150835423,350.75706014549763
28150790,-2.68378,-10.187858,4.237656103691101,27.479367220037343,357.9043557986266
28135204,-3.241903,-8.377047,4.410352103691101,10.64880371575481,331.06062822389185
28135205,-3.513798,-9.204213,4.320601103691101,23.41704923169669,328.46859474113865
28135206,-3.489801,-8.587416,2.228145103691101,90.02840167495384,312.0215120611768
28121407,-2.92417,-9.81741,4.184591103691101,28.510432146183632,348.486512003417
28121410,-2.589139,-9.380615,3.063149103691101,63.04550011918244,347.0681423089055
28135212,-3.334853,-8.184137,2.027926103691101,95.30538244082835,311.60450443163586
28150807,-2.282032,-9.930763,3.9939091036911014,31.7930606498999,367.0149348948805
28073456,-5.83007,-2.351815,3.140721103691101,39.249365413992365,134.39042071625622
28124543,-2.92215,-11.341108,4.464296103691101,28.77875266751016,357.8944691523502
28141734,-0.494735,-5.926826,0.019087103691101115,168.98013609607492,371.5288701833729
28121420,-2.554553,-8.898382,4.2404211036911015,16.319030171944775,355.7345240138345
28123533,-5.639079,-2.910855,3.1464921036911013,42.12167106052669,158.80578181053548
28123533,-5.639079,-2.910855,3.1464921036911013,42.12167106052669,158.80578181053548
28124549,-2.416368,-9.721075,3.969244103691101,32.21401106879375,361.6720247990329
28135217,-3.280218,-8.329116,2.707732103691101,74.0174830167862,318.0387369012324
28135221,-3.399326,-9.36396,4.629188103691101,12.15165037269452,335.096782356227
28117505,-3.546451,-1.949213,0.007621103691101139,186.9972115489313,200.4006609929785
28117505,-3.546451,-1.949213,0.007621103691101139,186.9972115489313,200.4006609929785
28121433,-2.619126,-10.430463,4.195998103691101,30.119491927928465,360.5215796680623
28141740,-0.463448,-5.861062,0.03623910369110117,169.04615725752134,372.7658411322335
28106746,-4.88266,-5.151983,4.212436103691101,2.186492997100288,235.25095832243403
28106746,-4.88266,-5.151983,4.212436103691101,2.186492997100288,235.25095832243403
28135231,-3.353529,-9.777324,4.369498103691101,24.61559485001672,337.2493608413269
28124565,-2.217627,-10.447008,3.667484103691101,45.83642912761567,367.8639932870393
28135232,-3.193468,-8.657886,2.331379103691101,86.3740607848845,320.7236803181252
28153341,-6.085573,-1.496939,2.994517103691101,42.173200417246136,94.27925786218948
28135237,-3.1994,-8.8866,2.522949103691101,80.94563706422099,323.38033424124194
28143289,-6.297437,-0.310451,3.178823103691101,17.45626918082519,16.40642333001162
28073510,-5.723454,-2.729946,3.4810361036911015,22.721037000971563,147.60147291813666
28073510,-5.723454,-2.729946,3.4810361036911015,22.721037000971563,147.60147291813666
28153355,-5.819246,-1.536713,3.1993651036911013,26.725792363268937,97.60870117441696
28141764,-0.146178,-5.789405,0.05986810369110107,170.45803929942358,386.6753724122988
28083314,-3.922138,-4.676959,3.5424751036911015,20.931090645600136,254.3572019976696
28111116,-3.207547,-8.832335,4.191116103691101,23.17240586979824,333.8881605756461
28141086,-2.686342,-11.835842,4.460205103691101,30.42392324102533,366.07426041675774
28141091,-2.404845,-10.3372,3.581328103691101,49.131060749186304,361.1748944115517
28141097,-2.301113,-10.596814,3.716475103691101,45.4105247455928,366.3620781408342
28153389,-5.960557,-1.728373,2.993227103691101,43.19606394171109,107.41565285649096
28127160,-3.308098,-9.138542,4.222138103691101,25.07242523577128,333.272868608182
28108875,-3.45179,-8.35183,2.131462103691101,92.56223036898788,310.5520215061595
28117585,-3.387856,-3.001547,0.01128410369110111,177.240624922294,231.70005886938213
28117591,-3.614052,-3.414687,0.07621110369110107,170.27568420949763,234.1180704292557
28117591,-3.614052,-3.414687,0.07621110369110107,170.27568420949763,234.1180704292557
28132935,-3.575466,-7.029952,4.017980103691101,18.066424406470706,304.6856864524068
28132935,-3.575466,-7.029952,4.017980103691101,18.066424406470706,304.6856864524068
28117597,-4.987021,-4.960136,4.2304321036911015,0.0948891141493106,228.09865740605463
28117597,-4.987021,-4.960136,4.2304321036911015,0.0948891141493106,228.09865740605463
28120403,-5.253719,-4.953173,4.290150103691101,0.2116496313597053,220.53565497144945
28120403,-5.253719,-4.953173,4.290150103691101,0.2116496313597053,220.53565497144945
28138238,-1.060016,-0.163123,-0.013136896308898915,279.15034813287923,242.67130193682652
28138238,-1.060016,-0.163123,-0.013136896308898915,279.15034813287923,242.67130193682652
28153405,-6.081766,-1.919274,3.146375103691101,37.27836476374455,111.42379062153007
28123560,-5.552078,-3.039775,3.014239103691101,49.267066332715245,166.01461638382835
28123560,-5.552078,-3.039775,3.014239103691101,49.267066332715245,166.01461638382835
28144001,-4.997672,-4.946705,4.218411103691101,0.6867471021775771,227.50358847627152
28144001,-4.997672,-4.946705,4.218411103691101,0.6867471021775771,227.50358847627152
28141105,-0.431647,0.566737,-0.011757896308898896,387.7330345629049,257.90222476392296
28141105,-0.431647,0.566737,-0.011757896308898896,387.7330345629049,257.90222476392296
28144002,-5.307301,-4.294322,0.008081103691101044,160.0394107095499,212.13369527108168
28144002,-5.307301,-4.294322,0.008081103691101044,160.0394107095499,212.13369527108168
28132942,-4.234775,-9.047065,4.927178103691101,5.140357062830731,310.7895007646767
28132942,-4.234775,-9.047065,4.927178103691101,5.140357062830731,310.7895007646767
28138249,-0.569084,0.698343,-0.015080896308898861,390.8518758489489,229.83987410501143
28138249,-0.569084,0.698343,-0.015080896308898861,390.8518758489489,229.83987410501143
28153424,-5.930258,-1.928071,3.119367103691101,37.38629256542984,115.09704212402754
28117634,-2.995942,-2.830034,0.0014331036911010564,181.86082071739557,239.68756782744072
28117634,-2.995942,-2.830034,0.0014331036911010564,181.86082071739557,239.68756782744072
28138255,-0.499048,0.744396,-0.012718896308898886,406.6762500612417,234.0860014441863
28144013,-4.997203,-4.086174,0.09251610369110108,159.76738853268972,214.44742413809465
28144013,-4.997203,-4.086174,0.09251610369110108,159.76738853268972,214.44742413809465
28083399,-5.070309,-4.865098,4.221342103691101,0.388616840574997,223.6115816789383
28083399,-5.070309,-4.865098,4.221342103691101,0.388616840574997,223.6115816789383
28150986,-3.501067,-2.343431,0.034446103691101015,181.99838239681569,212.5639243567302
28150986,-3.501067,-2.343431,0.034446103691101015,181.99838239681569,212.5639243567302
28150987,-5.191844,-4.243891,0.03384110369110105,159.96025623942967,213.4671195563975
28150987,-5.191844,-4.243891,0.03384110369110105,159.96025623942967,213.4671195563975
28144023,-4.91942,-5.104797,3.560980103691101,33.79507729789256,233.2187469872353
28144023,-4.91942,-5.104797,3.560980103691101,33.79507729789256,233.2187469872353
28151000,-5.318367,-4.606178,-0.025228896308898907,159.3607684916847,217.3904121079956
28151000,-5.318367,-4.606178,-0.025228896308898907,159.3607684916847,217.3904121079956
28147140,-5.322691,-3.976248,0.03835210369110098,160.79143773605966,205.9002289780964
28147140,-5.322691,-3.976248,0.03835210369110098,160.79143773605966,205.9002289780964
28114092,-5.464904,-3.795731,3.522042103691101,29.006305731385027,187.87994583702877
28153474,-5.688742,-2.140292,3.425630103691101,18.30076242215728,125.24913789093706
28151007,-3.480633,-2.565247,0.04326310369110109,179.57663769870712,218.8026745452204
28151007,-3.480633,-2.565247,0.04326310369110109,179.57663769870712,218.8026745452204
28151010,-3.8316,-3.05077,0.087189103691101,171.5972007388833,220.52466796908112
28151010,-3.8316,-3.05077,0.087189103691101,171.5972007388833,220.52466796908112
28135259,-2.968323,-9.438839,4.482786103691101,14.82771804597715,347.4817676355177
28144030,-4.835018,-5.019269,3.227919103691101,47.5102250632452,233.7542149093501
28144030,-4.835018,-5.019269,3.227919103691101,47.5102250632452,233.7542149093501
28144031,-4.926836,-5.107838,3.091640103691101,54.51873957930334,233.10282796478143
28144031,-4.926836,-5.107838,3.091640103691101,54.51873957930334,233.10282796478143
28135260,-3.083711,-9.380362,2.825332103691101,72.47646306738633,331.67184720297416
28130369,-0.322492,-5.812963,0.03846110369110112,170.0812369631481,378.6209846511365
28151025,-3.442407,-2.776074,0.0237351036911011,178.52461664372277,225.0054213681091
28151025,-3.442407,-2.776074,0.0237351036911011,178.52461664372277,225.0054213681091
28083445,-3.629442,-8.038485,4.487331103691101,7.780099880731711,316.4568993972442
28083445,-3.629442,-8.038485,4.487331103691101,7.780099880731711,316.4568993972442
28053256,-6.241316,-1.603937,3.298616103691101,26.47458341279858,91.644560301346
28153494,-5.557344,-2.177363,3.395600103691101,18.96123628769044,130.148321183467
28151036,-3.533137,-3.10271,0.06485010369110111,173.6012201453365,229.78515633782064
28151036,-3.533137,-3.10271,0.06485010369110111,173.6012201453365,229.78515633782064
28132969,-3.705572,-8.162116,4.269583103691101,18.654473826071097,313.9151944203076
28132969,-3.705572,-8.162116,4.269583103691101,18.654473826071097,313.9151944203076
28115683,-4.913685,-4.968584,3.7541781036911015,23.421181405866577,230.5191507486984
28115683,-4.913685,-4.968584,3.7541781036911015,23.421181405866577,230.5191507486984
28151058,-3.535128,-3.366647,0.08258410369110103,170.83804861395612,235.3001224832296
28151058,-3.535128,-3.366647,0.08258410369110103,170.83804861395612,235.3001224832296
28151060,-3.198238,-2.938262,0.06812110369110114,176.95730099407675,235.88791804080677
28151060,-3.198238,-2.938262,0.06812110369110114,176.95730099407675,235.88791804080677
28117686,-2.388161,-2.545839,0.0820381036911011,186.64298304317515,254.21490139938103
28117686,-2.388161,-2.545839,0.0820381036911011,186.64298304317515,254.21490139938103
28151073,-3.374588,-3.297128,0.07547010369110119,172.50736530748884,238.38611510786376
28151073,-3.374588,-3.297128,0.07547010369110119,172.50736530748884,238.38611510786376
28127229,-2.703347,-9.981842,4.152515103691101,29.260161807764263,355.6385076994186
28117689,-2.371729,-2.544713,0.002403103691101194,190.10175187019797,254.6103618572032
28153514,-5.792225,-2.352922,3.269307103691101,31.545697010831105,133.80213158802252
28135270,-2.971533,-9.11062,2.197886103691101,90.49534270344026,328.91205755237706
28151079,-3.016954,-2.820019,0.006074103691101174,181.6394578789512,238.80330022416817
28151079,-3.016954,-2.820019,0.006074103691101174,181.6394578789512,238.80330022416817
28151087,-2.982722,-2.843888,0.06306210369110099,179.48993553109273,240.4589701787222
28153522,-5.770705,-2.472823,3.4826241036911014,20.11093418721012,136.6579988699201
28151088,-2.790399,-2.556215,-0.0133988963088989,186.9866121748925,240.04502664964625
28151088,-2.790399,-2.556215,-0.0133988963088989,186.9866121748925,240.04502664964625
28134452,-6.471312,-2.926982,3.332452103691101,39.9573663491899,140.39438914577607
28135281,-2.951596,-10.257873,4.313916103691101,27.09469352099603,351.00193360622995
28151094,-4.941588,-5.137944,2.992048103691101,58.91813535906775,233.30997017836447
28151094,-4.941588,-5.137944,2.992048103691101,58.91813535906775,233.30997017836447
28153528,-5.855185,-2.493292,3.3069171036911014,31.533571679359824,137.53664446848754
28135282,-2.866716,-9.442346,2.855544103691101,70.97765021681604,338.0865779848821
28151096,-3.146365,-3.196918,0.06571910369110112,175.02427380177446,243.01228663681235
28151097,-2.72095,-2.553562,-0.021188896308898864,187.8996948125348,242.32421060167636
28151097,-2.72095,-2.553562,-0.021188896308898864,187.8996948125348,242.32421060167636
28120433,-3.887753,-1.173936,0.03353810369110111,192.54549465735556,165.3610505353776
28120435,-4.891831,-4.93264,4.156652103691101,2.438963425128833,230.22636561428445
28120435,-4.891831,-4.93264,4.156652103691101,2.438963425128833,230.22636561428445
28153539,-5.669617,-2.532054,3.465045103691101,20.6496781179514,141.4385468323057
28132982,-3.845654,-8.956605,4.460184103691101,18.853418569830183,318.04950130422884
28132982,-3.845654,-8.956605,4.460184103691101,18.853418569830183,318.04950130422884
28126559,-6.269193,-2.884912,3.271730103691101,40.92113691070222,143.4672300926026
28151116,-4.911852,-5.09997,3.551475103691101,34.12860614303236,233.32416849753616
28151116,-4.911852,-5.09997,3.551475103691101,34.12860614303236,233.32416849753616
28079996,-0.233387,-2.13225,0.016391103691101083,226.25734011614213,360.3464766194945
28134466,-5.929888,-2.716469,3.6470081036911015,15.426597362367886,140.89023381037697
28134466,-5.929888,-2.716469,3.6470081036911015,15.426597362367886,140.89023381037697
28126566,-5.995677,-2.788548,3.202131103691101,41.316520841250224,146.3683848916503
28135289,-2.929657,-10.70031,4.6710711036911015,17.572596104755945,356.60683257790146
28153560,-5.533276,-2.593466,3.4331241036911013,21.64627928407316,147.28724214199167
28151125,-2.691323,-2.722271,0.06153210369110118,182.9489458254331,247.34338751464333
28151125,-2.691323,-2.722271,0.06153210369110118,182.9489458254331,247.34338751464333
28151126,-2.663231,-2.675564,0.0037991036911011467,185.97139262869604,247.1614754613971
28151126,-2.663231,-2.675564,0.0037991036911011467,185.97139262869604,247.1614754613971
28127268,-2.204485,-10.609909,3.806648103691101,41.95221526111905,370.0763898814967
28135297,-2.722867,-9.683213,3.056139103691101,64.8792367608408,344.8568789032337
28151132,-4.976835,-5.153897,3.945619103691101,16.627968309390496,232.64771789458536
28151132,-4.976835,-5.153897,3.945619103691101,16.627968309390496,232.64771789458536
28134478,-5.834109,-2.720057,3.3322201036911014,32.208169941444226,146.1933010410459
28134478,-5.834109,-2.720057,3.3322201036911014,32.208169941444226,146.1933010410459
28153578,-7.320389,-3.912955,3.6022861036911014,41.517886314952,152.48913500261898
28134479,-6.080444,-2.889429,3.2403271036911008,40.92922414504059,147.72559837075252
28134479,-6.080444,-2.889429,3.2403271036911008,40.92922414504059,147.72559837075252
28132115,-6.763165,-1.564061,3.263668103691101,33.984081763913935,82.00264273785263
28135300,-2.786237,-10.291002,3.385305103691101,56.99922077520043,348.6895241517369
28063563,-3.933964,-8.214587,4.344156103691101,18.022996079163704,308.1893349311137
28063563,-3.933964,-8.214587,4.344156103691101,18.022996079163704,308.1893349311137
28133016,-3.504596,-9.424972,4.370809103691101,23.12917965319932,330.64979457304986
28109655,-4.048282,-6.837547,3.7612951036911006,31.670229916949296,286.4904559053747
28109655,-4.048282,-6.837547,3.7612951036911006,31.670229916949296,286.4904559053747
28117733,-2.071487,-2.415614,0.07420010369110108,191.61457145076676,263.61574246979416
28117733,-2.071487,-2.415614,0.07420010369110108,191.61457145076676,263.61574246979416
28120459,-4.836191,-5.072455,4.086621103691101,7.1379215576697845,234.87355430306388
28063583,-3.616292,-7.981951,4.170748103691101,20.39935196441553,314.27794712886094
28063583,-3.616292,-7.981951,4.170748103691101,20.39935196441553,314.27794712886094
28153608,-5.903284,-3.045511,3.210203103691101,42.22133252617115,156.9079527341318
28126592,-6.133269,-3.137472,3.2667261036911013,42.05215000398812,154.56545952968187
28126592,-6.133269,-3.137472,3.2667261036911013,42.05215000398812,154.56545952968187
28151165,-2.830416,-3.298728,0.07953110369110106,175.54149207886525,254.9328259475728
28151165,-2.830416,-3.298728,0.07953110369110106,175.54149207886525,254.9328259475728
28151168,-2.373396,-2.557818,0.06612110369110114,187.28782000857376,255.00643764339856
28063595,-3.581966,-8.508198,4.278441103691101,20.15390247202012,320.7210305174829
28063595,-3.581966,-8.508198,4.278441103691101,20.15390247202012,320.7210305174829
28140515,-5.645838,-3.359011,0.03733410369110102,163.05818351419964,187.19301293489704
28133033,-2.875339,-7.796073,3.910634103691101,23.431877466268105,334.5523482117483
28073746,-3.538926,-7.764447,3.108591103691101,59.32684050112067,308.17592176082155
28151185,-2.238301,-2.501597,0.06876710369110106,189.1020888696978,258.8936722677779
28153634,-5.511772,-2.91191,3.111708103691101,42.85070663577548,162.04659627141666
28063627,-3.339372,-9.75682,4.405702103691101,23.073739239384597,337.78049720392664
28073756,-3.354149,-7.970702,2.882267103691101,67.2961810917011,313.98254016309033
28143375,-6.757081,-0.916009,3.196765103691101,30.89163738999397,49.96419718364416
28127325,-0.539773,0.569265,-0.009557896308898917,375.8408725251512,244.3727315382436
28127325,-0.539773,0.569265,-0.009557896308898917,375.8408725251512,244.3727315382436
28140531,-5.787302,-3.695285,-0.04084489630889898,162.8961670096512,191.81562936178963
28140531,-5.787302,-3.695285,-0.04084489630889898,162.8961670096512,191.81562936178963
28151202,-2.077587,-2.425048,0.06621710369110101,191.7724560070596,263.5532220890857
28120483,-5.705022,-3.826569,-0.034428896308899004,162.30296000826826,195.9051317895512
28120483,-5.705022,-3.826569,-0.034428896308899004,162.30296000826826,195.9051317895512
28104425,-3.901163,-7.046724,3.653224103691101,36.58132494549173,292.8971839465248
28104425,-3.901163,-7.046724,3.653224103691101,36.58132494549173,292.8971839465248
28126616,-5.843062,-3.098791,3.2113181036911014,42.0857656809915,159.93681929293507
28126616,-5.843062,-3.098791,3.2113181036911014,42.0857656809915,159.93681929293507
28073765,-2.131724,-4.766474,0.07465510369110118,167.62011313519662,301.13373633794595
28104428,-3.684339,-7.897926,2.957062103691101,65.82481998206003,304.6392403664989
28104433,-2.938352,-9.124699,2.182204103691101,90.90478071509196,329.77126712536096
28134512,-5.708477,-2.912885,3.154007103691101,42.35280662462148,157.2477725725712
28134512,-5.708477,-2.912885,3.154007103691101,42.35280662462148,157.2477725725712
28104436,-2.771771,-9.340612,1.9456571036911012,97.60083343527924,333.9643968938535
28063662,-2.981747,-10.440084,4.317048103691101,28.38907732775303,351.06757147337817
28073774,-2.953177,-9.133018,2.6800861036911012,75.91822143586069,332.6211873560864
28147186,-4.885279,-5.053319,3.078791103691101,54.50680187549102,233.111987260214
28147186,-4.885279,-5.053319,3.078791103691101,54.50680187549102,233.111987260214
28063683,-2.732815,-10.585157,4.282636103691101,28.87428403074324,358.582917857328
28133046,-2.953636,-8.676512,4.055138103691101,25.316179053199107,339.6351312953983
28073788,-2.652462,-10.010897,3.265946103691101,59.09972857787267,350.09791748707863
28133047,-3.191858,-8.481402,2.2637901036911012,88.1739147989449,319.0290488017867
28151246,-2.993054,-5.219377,0.07551610369110118,161.06453295528937,280.7299975452348
28151247,-2.975176,-5.195235,-0.0026528963088989777,163.62864821961315,280.62002296344906
28151253,-3.12129,-4.294156,3.416156103691101,13.57106257982636,275.9947782297075
28151253,-3.12129,-4.294156,3.416156103691101,13.57106257982636,275.9947782297075
28143395,-6.491652,-0.990477,3.147024103691101,31.77175071128059,58.63215969536992
28151272,-2.608403,-4.982852,0.005908103691101063,166.1966946956381,288.441288628126
28135335,-2.390457,-10.316721,3.550904103691101,49.96223378096323,361.2524721672567
28133059,-2.892799,-9.275093,4.110534103691101,27.20751962827103,345.7769516551773
28151287,-4.066393,-7.244288,4.261038103691101,13.982964070777456,293.3389947680718
28151287,-4.066393,-7.244288,4.261038103691101,13.982964070777456,293.3389947680718
28151294,-2.182131,-4.834309,0.07038510369110118,167.03799977322427,300.27379313319386
28151299,-3.82239,-7.187958,4.139690103691101,16.462883372939643,299.4294106866032
28151301,-0.489608,0.549968,-0.008959896308898818,378.6544783567596,251.9279012247376
28129740,-5.744366,-3.895021,-0.05087089630889885,162.2563742848392,196.55689158304855
28129740,-5.744366,-3.895021,-0.05087089630889885,162.2563742848392,196.55689158304855
28126638,-5.857429,-3.213303,3.0978821036911013,48.69503712216246,164.03563358701467
28151324,-3.350213,-7.01019,3.965015103691101,18.139027936078804,311.53079312775304
28120544,-3.58611,-1.954462,-0.0011498963088989456,186.95534758373427,199.45446045718032
28120544,-3.58611,-1.954462,-0.0011498963088989456,186.95534758373427,199.45446045718032
28151330,-3.436275,-7.454963,4.334154103691101,6.60633368439639,315.89446229496747
28151334,-1.485436,-3.736669,0.6987141036911011,153.7889359393804,317.7363344213732
28133069,-2.985248,-10.273583,4.3205861036911015,27.195000793201928,350.1668425164289
28151336,-3.285092,-7.626184,4.013481103691101,21.081892312422127,320.2445920225017
28135359,-0.942759,-1.890918,-0.001367896308898997,219.7875961073483,307.6879149691532
28151343,-3.567302,-9.147667,4.320831103691101,23.3870791097884,326.526180925938
28153776,-3.708925,-1.462464,0.04800810369110109,189.86816245419703,180.2846604458061
28151349,-2.898352,-7.596263,3.852049103691101,24.456680619017877,331.6452996806302
28151355,-2.91958,-8.068007,3.9478161036911015,24.53122995830213,335.4871519982239
28076926,-3.045813,-9.393101,2.859413103691101,71.33247027755735,332.98027835357834
28133078,-2.829511,-9.067348,2.7701961036911014,72.4901803117107,336.21326304772566
28105831,-3.940338,-7.671399,4.433118103691101,9.486942391285991,302.9108167052033
28105831,-3.940338,-7.671399,4.433118103691101,9.486942391285991,302.9108167052033
28151369,-3.302658,-11.071916,4.564920103691101,26.244244322787356,347.2461189997607
28138386,0.33007,-4.320084,-0.03598189630889892,193.8786715702656,407.45181857571896
28080449,-4.836859,-5.100998,3.358492103691101,42.28204600455021,235.33969179943276
28080452,-4.845279,-5.137815,3.0546481036911013,55.75238929073086,235.78210161317483
28151388,-3.035436,-11.140674,4.462575103691101,28.310407905724333,353.9623223691086
28094702,-3.050811,-8.997196,2.5838771036911012,78.88421026348774,328.4663550074596
28134574,-5.293826,-3.063177,3.5279791036911012,18.84711593594173,169.41800522432183
28134574,-5.293826,-3.063177,3.5279791036911012,18.84711593594173,169.41800522432183
28151397,-2.731188,-10.746076,4.300364103691101,29.29070905058768,359.4554694810371
28151406,-2.804677,-11.955758,4.490979103691101,30.847141237435835,363.56360028261344
28133090,-2.704082,-9.454514,3.0156531036911014,65.3267633012369,343.8208125427729
28094723,-2.587884,-10.040722,3.319579103691101,57.21771363148591,352.4759790912005
28066195,-6.193326,-1.594219,3.2871681036911014,26.48688786138902,92.1914494750218
28105842,-3.796243,-7.456172,3.459592103691101,46.156953704581895,299.61836259224424
28105842,-3.796243,-7.456172,3.459592103691101,46.156953704581895,299.61836259224424
28120589,-3.112351,-4.250508,3.432956103691101,11.731862916030082,275.5503947358185
28120589,-3.112351,-4.250508,3.432956103691101,11.731862916030082,275.5503947358185
28153844,-5.008085,-4.954543,4.2202781036911015,0.8195063795201349,227.38521056250505
28153844,-5.008085,-4.954543,4.2202781036911015,0.8195063795201349,227.38521056250505
28133096,-2.366295,-8.796358,3.8684701036911013,29.1534010002832,358.0028351544209
28133104,-2.536882,-9.659244,3.199923103691101,59.36701444412972,351.1225848280613
28112582,-3.630824,-8.059349,4.384612103691101,12.344837512626896,315.93703969689045
28112582,-3.630824,-8.059349,4.384612103691101,12.344837512626896,315.93703969689045
28153853,-5.078582,-5.257217,4.212341103691101,5.773641630308873,231.9855852997246
28153853,-5.078582,-5.257217,4.212341103691101,5.773641630308873,231.9855852997246
28132231,-6.089972,-2.020513,3.158939103691101,37.62942654698929,115.45602755134244
28153857,-4.942161,-5.118126,4.040228103691101,11.216294075271009,232.84821622087765
28153857,-4.942161,-5.118126,4.040228103691101,11.216294075271009,232.84821622087765
28153863,-5.118065,-5.277287,3.848790103691101,23.79538595212321,231.40251114668604
28153863,-5.118065,-5.277287,3.848790103691101,23.79538595212321,231.40251114668604
28153865,-4.840374,-5.009625,3.857399103691101,18.040336072675785,233.40893466730813
28153865,-4.840374,-5.009625,3.857399103691101,18.040336072675785,233.40893466730813
28153867,-5.41266,-4.30419,-0.006025896308898826,160.0364102819202,210.2920545467052
28153867,-5.41266,-4.30419,-0.006025896308898826,160.0364102819202,210.2920545467052
28151460,-0.498407,-6.025197,-0.01693689630889894,169.45073535475572,371.3542806107331
28070069,-5.70014,-2.658993,3.490366103691101,21.06403822498416,145.38051085516216
28070069,-5.70014,-2.658993,3.490366103691101,21.06403822498416,145.38051085516216
28153875,-4.850077,-5.027683,3.569567103691101,32.16431109509929,233.5206298856857
28153875,-4.850077,-5.027683,3.569567103691101,32.16431109509929,233.5206298856857
28151475,-0.376286,-5.896465,0.03398110369110108,169.3006023679629,376.5625768825847
28133114,-2.312556,-9.873143,4.015420103691101,30.82395492657997,366.0256889316886
28080555,-4.967577,-5.040083,3.527126103691101,35.22232514393778,230.62171209589124
28080555,-4.967577,-5.040083,3.527126103691101,35.22232514393778,230.62171209589124
28153888,-4.875664,-5.051888,3.132561103691101,52.137520959053205,233.33188644712348
28153888,-4.875664,-5.051888,3.132561103691101,52.137520959053205,233.33188644712348
28153891,-4.870687,-5.051664,3.036651103691101,56.19848954133127,233.4584534968785
28153891,-4.870687,-5.051664,3.036651103691101,56.19848954133127,233.4584534968785
28133122,-2.361253,-10.567299,3.690117103691101,46.44610749450919,364.2698064117926
28053506,-5.551976,-2.848307,3.115843103691101,42.44837945215966,158.9239138682144
28123740,-4.930274,-5.122078,4.017853103691101,12.244200947495584,233.26361241392507
28123740,-4.930274,-5.122078,4.017853103691101,12.244200947495584,233.26361241392507
28120622,-3.869888,-6.405438,4.0747731036911015,12.069167748522004,287.60670037347745
28120622,-3.869888,-6.405438,4.0747731036911015,12.069167748522004,287.60670037347745
28115764,-3.930205,-7.167487,3.5432831036911008,42.01010274363736,292.964961629339
28115764,-3.930205,-7.167487,3.5432831036911008,42.01010274363736,292.964961629339
28154263,-5.97213,-2.661739,3.067384103691101,47.07076777972031,143.65943043334465
28154291,-5.779719,-2.754786,3.164917103691101,41.06811639890432,150.14607362431158
28154305,-5.670247,-3.134067,0.20063610369110108,159.41633447151645,181.1288368129994
28154331,-5.995769,-3.29695,3.116724103691101,49.39330896971194,163.47886479838746
28154354,-5.612235,-3.104623,3.029046103691101,49.45548317063589,166.5914110162795
28154365,-5.173563,-2.790127,3.033773103691101,42.99573724117789,166.6740445189997
28154396,-3.412334,-1.776306,0.06619210369110107,187.84231196170592,198.90812927285577
28154410,-3.53747,-2.028183,0.05337410369110107,184.3825230042987,202.78955680498197
28154414,-5.382161,-3.879569,0.04450210369110108,160.92872928983695,202.8625732260406
28154428,-3.620169,-2.274121,0.000691103691101036,183.1240055417753,207.4260424215014
28154449,-4.597433,-3.619795,0.0019071036911011419,166.66181326310033,214.16182538201537
28154454,-5.290665,-4.463416,-0.005062896308899001,159.6047876175915,215.4589358044411
28154467,-3.536097,-2.703142,0.008074103691101175,179.16911864994597,220.63194134633977
28154482,-3.431595,-2.776431,0.024321103691101076,178.5703093912158,225.3241189068183
28154510,-3.062505,-2.702405,-0.019979896308898848,183.5061289451473,234.67535258630863
28154514,-3.520181,-3.360641,0.08056110369110114,171.0332798724505,235.59055095342956
28154553,-2.884663,-2.80237,0.061416103691101176,180.664842176165,242.6841831831376
28154561,-3.113728,-3.175958,0.0727801036911011,175.15164572987248,243.57164346820025
28154567,-4.743216,-4.730972,4.055691103691101,3.377007226095344,230.02295842440236
28154576,-2.687731,-2.684978,0.008386103691101043,185.48688860294627,246.5417683187609
28154577,-1.801399,-1.289967,0.009153103691101006,218.2693872683376,244.48706710804703
28154589,-2.640093,-2.682691,0.07641510369110116,183.19283103941643,248.2388833315769
28154724,-0.516681,0.555489,-0.010036896308898813,376.5239447211196,248.20934473958957
28154738,-4.548151,-7.559917,4.441260103691101,13.706896488738266,284.2684097194701
28154741,-2.647144,-5.020379,0.0014801036911011867,165.9238977276899,287.7515716052278
28154745,-0.478794,0.551055,-0.009801896308898828,380.0457376827525,253.16894271660212
28154748,-4.061821,-6.686188,4.4167121036911015,0.9545496934638322,287.03256123733485
28154749,-4.20607,-7.126497,4.261744103691101,14.143406742788216,287.76394930280776
28154760,-0.451616,0.556782,-0.011724896308898947,384.00958287086246,256.1133971489571
28154764,-3.604691,-6.271554,3.9198141036911007,15.357322279611282,293.67218755855174
28154771,-3.50089,-6.28364,3.892587103691101,15.731919901945815,297.20189194657496
28154785,-2.126343,-4.781785,0.07847610369110103,167.40586672037068,301.5264790437266
28154787,-4.025568,-8.066807,4.3726331036911015,16.40148659054765,304.2485720975628
28154800,-3.56806,-7.368399,4.091857103691101,17.890230295153174,309.1139368339756
28154809,-3.528357,-7.579657,4.1216481036911015,18.171324211573705,312.7472551577445
28154815,-3.463029,-7.757669,4.1012641036911015,20.04894244584912,316.41584102518016
28154825,-3.610165,-8.459955,4.571084103691101,8.170836130196363,321.4125868012196
28154827,-3.201097,-7.600437,3.993212103691101,20.98682807063005,322.605316130155
28154838,-3.249348,-8.383202,4.141900103691101,21.86418634344028,328.84659987988806
28154841,-3.525694,-9.203581,4.641328103691101,11.372947121428837,330.32855993951466
28154856,-3.625233,-10.792103,4.6133751036911015,24.956121187446968,337.65365656798434
28154886,-2.639472,-9.306892,4.071826103691101,27.04205559461829,353.5472331286929
28154893,-2.728349,-9.631777,4.433642103691101,16.35964142169513,355.61686244289825
28154901,-2.543163,-9.529814,4.050641103691101,28.75404827846421,357.53295504918765
28154910,-2.740278,-10.856218,4.634044103691101,18.6311451652152,362.4511052608476
28155015,-0.312785,-6.036282,0.009867103691101109,169.38948629505984,379.4444441998223
28156686,-6.637821,-0.468726,3.4743831036911015,3.436845193070411,15.669734360198987
28156692,-6.578024,-0.419798,3.2585491036911014,17.644258299340606,19.263583797361235
28156708,-4.849018,0.887171,-0.014234896308898959,217.22016372370496,42.27271690521383
28156717,-6.430896,-0.522879,3.239705103691101,18.353639660900285,28.24132472660125
28156730,-4.817884,0.801319,0.005344103691101054,215.0163475738546,47.89325696450712
28156736,-6.322566,-0.574703,3.2178881036911013,19.089117496416836,33.483809284996
28156748,-6.442703,-0.69444,3.2580531036911013,19.782302059784517,38.8642571561204
28156754,-4.777878,0.724032,0.008637103691101045,213.91026214717476,53.41452074735378
28156758,-6.902064,-0.818068,3.231061103691101,29.303392158268625,41.9125255300124
28156762,-6.16045,-0.7212,3.3780161036911007,6.925124269198904,40.755658243408845
28156770,-6.16748,-0.690977,3.191483103691101,20.43454487391625,43.691375621545774
28156781,-6.379231,-0.767965,3.103063103691101,30.594025029675294,48.1128820819412
28156845,-6.269191,-1.061088,3.255798103691101,22.665141096828563,63.34391037061377
28156862,-7.187037,-1.448519,3.3368391036911014,33.06102468159327,69.35958711315328
28156890,-6.260508,-1.354398,3.483855103691101,11.34156046167584,75.04330582760241
28156891,-6.263556,-1.240999,3.129257103691101,33.10665683258674,75.95941545616154
28156905,-6.264298,-1.346704,3.2816211036911014,24.65539982097985,78.56001237082134
28156919,-5.911738,-1.204684,3.0439121036911008,34.04867663993517,81.42184350762446
28156933,-5.80955,-1.351829,3.3606751036911007,12.981041697673334,85.02040394166613
28156934,-6.000887,-1.327983,3.0777461036911014,34.32194426739733,85.80441250764784
28156947,-6.033185,-1.543314,3.4458851036911007,13.379784854764296,89.63904070372197
28156975,-5.947637,-1.580333,3.235696103691101,26.539639733467567,96.77276747830796
28157012,-6.328947,-1.92938,3.199595103691101,36.82699060705721,106.58605382816393
28157030,-6.131112,-1.919756,3.1609291036911014,36.94400539241616,110.31548173698548
28157047,-5.65472,-1.866521,3.384081103691101,16.767046596015945,114.07592671230884
28157052,-5.867922,-1.896133,3.099999103691101,37.56315278985775,115.18918134763057
28157066,-5.779547,-1.8654,2.9636311036911014,44.4463517086318,117.48142834266206
28157080,-5.613191,-1.948138,3.192365103691101,29.64492784627805,121.47670900790892
28157089,-5.895565,-2.050708,3.002479103691101,44.936830756483175,122.55298168488922
28157098,-5.656675,-2.130276,3.408366103691101,18.837839042587035,125.73221558584022
28157099,-5.602479,-2.031708,3.2048361036911013,29.71415684433137,125.24788861190936
28157100,-5.884902,-2.147184,3.1264441036911013,38.663038208424695,125.21601700551123
28157101,-3.433065,-0.386819,1.5836651036911011,115.27886214827473,119.33438632455692
28157116,-5.512774,-2.158741,3.3741701036911014,19.49134229107784,130.61477315092156
28157117,-5.664095,-2.133835,3.077630103691101,39.147649654663695,129.87314454353725
28157136,-5.642935,-2.366244,3.4345161036911014,20.094080083922705,135.7262328498453
28157144,-5.620731,-2.312064,3.234308103691101,31.28295195494184,136.29340077732792
28157145,-5.765551,-2.349742,3.114976103691101,40.05320996790533,135.95973044213616
28157155,-5.562743,-2.436711,3.4235311036911007,20.647620749437635,140.53260264791928
28157162,-5.495267,-2.350738,3.2103321036911012,31.73938889239065,140.94762126635186
28157163,-5.956992,-2.605644,3.182478103691101,40.44205034136485,140.8611378762183
28157178,-5.638412,-2.517338,3.107494103691101,40.792730165187066,145.20836598371864
28157194,-5.578029,-2.60289,3.105524103691101,41.10494217789159,149.74456576690844
28157196,-1.723361,0.674797,-0.015082896308898919,297.9788987734688,141.78000280180908
28157218,-5.558885,-2.74957,3.113423103691101,41.79101238793058,155.3640107846465
28157248,-5.597522,-3.00867,3.134605103691101,43.19609161183647,163.09772654340628
28157252,-2.64944,-0.557468,1.9562441036911011,77.88868729554264,154.7653189426223
28157281,-3.140034,-0.980218,1.7765011036911011,99.08512210666898,163.19182124683246
28157438,-4.957637,-4.955851,4.199268103691101,1.3104871360395407,228.8503445279081
28157450,-3.305932,-1.737983,0.11506510369110101,187.221115360916,200.7567094080092
28157451,-4.891754,-5.073942,4.218493103691101,0.9962213028491932,233.31947480178496
28157457,-5.043941,-5.228473,4.028922103691101,14.068526890739577,232.35606266531516
28157470,-4.85246,-5.24307,4.189485103691101,4.125436994377111,238.0144071658189
28157471,-5.031083,-5.23131,3.793107103691101,25.152259718294573,232.78147910513383
28157482,-4.896884,-5.089003,3.450220103691101,38.53143608885131,233.50494355057344
28157496,-4.873088,-5.073984,3.195205103691101,49.547753462253525,233.83367445090863
28157533,-3.453971,-2.58023,0.045181103691101177,179.53958601615392,219.9393970128696
28157583,-0.481129,0.624136,0.03284010369110102,387.4468181755472,247.2606718721752
28157605,-3.515577,-3.370281,0.07791710369110105,171.07284967159566,235.91482935631808
28157616,-0.481658,0.548777,-0.009883896308898965,379.42462612487634,252.9903020423097
28157622,-2.95846,-2.634557,-0.011439896308898856,184.69423598394488,236.3833401264039
28157629,-3.03126,-2.819837,0.019550103691100995,181.034678636713,238.3567615184921
28157646,-2.936629,-2.823748,0.07240110369110098,179.65707733771978,241.49003111356012
28157647,-2.757495,-2.53408,-0.001403896308898922,187.0431939949894,240.6364389653428
28157656,-3.915398,-6.514709,4.103910103691101,12.315680882868662,287.8085203004993
28157657,-3.925722,-6.2003,3.6582621036911007,30.038369831193904,281.05239325329893
28157668,-2.656666,-2.511666,0.006071103691100976,187.8578125994856,243.57319776432132
28157672,-3.759981,-6.370811,3.999270103691101,14.173223261703155,290.309119247457
28157676,-2.71844,-2.684636,0.015392103691101111,184.9717584668176,245.49628608569896
28157686,-4.456069,-8.279651,4.558315103691101,14.5268673155594,295.4748095131516
28157689,-4.407146,-8.560547,4.895781103691101,3.4054742852946163,301.30445666063474
28157695,-3.900944,-7.22839,4.1690251036911015,16.288928574230113,297.6558838642247
28157711,-2.941108,-5.303416,3.5469421036911015,16.57234099396436,301.9487914222358
28157716,-2.34461,-2.506428,0.015556103691101164,190.29606900165476,254.77764266182183
28157721,-3.431248,-6.784055,3.9653091036911015,16.688668387252704,306.2597330354466
28157737,-2.169544,-2.433534,0.00782510369110101,193.26055700690125,259.83940130111927
28157740,-3.263512,-6.858227,3.9104341036911014,18.344546070197765,312.4287663098994
28157749,-2.052452,-2.388352,-0.0007528963088989649,195.45296023517363,263.4892809794218
28157752,-3.935536,-9.275869,4.5182271036911015,19.85516801303348,318.52811255553223
28132262,-5.792175,-2.153404,3.4502181036911015,18.28903085011109,123.2876157561617
28129775,-3.604478,-1.714746,0.02797010369110109,188.47876390675944,191.55495232473035
28129775,-3.604478,-1.714746,0.02797010369110109,188.47876390675944,191.55495232473035
28143453,-6.301587,-1.228185,3.014266103691101,40.55174480005456,76.92102884433018
28132287,-5.681203,-2.235854,3.4293941036911013,19.224470081067267,129.49058938844288
28143480,-6.008324,-1.341632,3.410010103691101,12.408289837536133,79.97828878506903
28143499,-5.842504,-1.345013,3.370996103691101,12.652464521211044,83.84321044128944
28143500,-6.19885,-1.456253,3.1251161036911013,35.0127377398986,88.10639704485124
28143507,-6.163501,-1.447846,3.010263103691101,41.53847924745179,90.28492837812652
28147503,-0.524606,0.557794,-0.008094896308898925,375.85444231651945,247.0907680274973
28147503,-0.524606,0.557794,-0.008094896308898925,375.85444231651945,247.0907680274973
28143542,-6.229792,-1.701863,3.153860103691101,36.19023556518238,98.85408798962575
28143546,-6.102618,-1.645378,3.012899103691101,42.65277514568271,100.70041048253842
28143552,-6.144174,-1.746641,3.145652103691101,36.23180039441826,102.56329903559087
28134720,-3.685267,-1.664341,0.019032103691100977,188.7513872554557,187.73332401974164
28134720,-3.685267,-1.664341,0.019032103691100977,188.7513872554557,187.73332401974164
28140021,-6.514427,-1.125726,3.157799103691101,32.907897009532405,65.53127397776774
28146468,-6.628974,-0.558686,3.135154103691101,28.98301254815325,31.45495089106956
28137118,-1.039727,0.529574,-0.011850896308899017,328.11994687552175,198.94636581978628
28137118,-1.039727,0.529574,-0.011850896308899017,328.11994687552175,198.94636581978628
28140045,-6.490312,-1.288309,3.1770811036911013,33.24717947281172,74.05471562140974
28056568,-6.174673,-1.617189,3.019348103691101,42.71483935806606,98.01617645130035
28146487,-6.59419,-0.725971,3.3008061036911007,19.44469684419684,38.03854826624891
28143618,-5.857734,-1.996246,3.099336103691101,38.495029019080704,119.7640910518383
28146525,-6.194185,-0.756199,3.2052691036911014,20.803974930965158,47.18235270864611
28146534,-6.499212,-0.936184,3.496283103691101,7.569969192194407,47.231060778379344
28049681,-6.225831,-1.735204,3.038587103691101,43.16987049333829,102.21048476510012
28143663,-5.837367,-2.265027,3.013116103691101,45.6441026442773,132.2618732915484
28143666,-5.817681,-2.383454,3.576408103691101,13.86201795596483,130.92699895573452
28143666,-5.817681,-2.383454,3.576408103691101,13.86201795596483,130.92699895573452
28140110,-5.919361,-1.390473,3.3936091036911007,12.95064651394722,84.52744318341806
28149643,-7.19661,-0.594593,3.2698841036911013,27.738611596562865,24.85774463962392
28140125,-6.039306,-1.533821,3.452331103691101,12.894313785888896,88.91908625659073
28149669,-6.38341,-0.524155,3.2215411036911012,18.975014617880333,29.33199468335161
28146588,-6.048251,-1.094323,3.3976761036911007,9.965079738185835,65.41136921360959
28140139,-6.160909,-1.667372,3.024934103691101,42.71916694813905,100.4885999285674
28140144,-6.25511,-1.758763,3.1744181036911012,35.826431266827456,100.69816160252242
28149706,-7.408299,-0.931686,3.211415103691101,37.29179852001568,43.31590316820112
28140152,-5.974187,-1.653359,3.242870103691101,27.30818983104919,99.74371216802632
28140157,-5.917676,-1.666887,3.423776103691101,14.998478170225296,98.4466920368826
28149756,-6.39797,-0.978054,3.2812141036911013,21.57511285363384,56.16467525914965
28146616,-6.41571,-1.345286,3.3273201036911013,23.642572634619317,75.23786825390138
28146632,-6.377099,-1.44404,3.3231831036911013,24.65734593226901,81.0095391648218
28146635,-6.104157,-1.395658,3.4495641036911007,11.960468035564476,80.52025881607304
28114973,-1.716151,-0.476767,-0.014574896308898966,244.0035526011655,216.92527877424465
28114973,-1.716151,-0.476767,-0.014574896308898966,244.0035526011655,216.92527877424465
28132587,-3.755799,-1.675421,0.009423103691100998,188.39794805033733,186.1881768398731
28132587,-3.755799,-1.675421,0.009423103691100998,188.39794805033733,186.1881768398731
28132606,-3.658863,-1.698814,0.020788103691101067,188.49166374048377,189.5535027241605
28132606,-3.658863,-1.698814,0.020788103691101067,188.49166374048377,189.5535027241605
28146659,-5.765896,-1.345274,3.3487291036911007,13.050652258464368,85.68928153606728
28140196,-5.918963,-1.923251,3.1031241036911013,38.178256035842935,115.33161640312362
28149894,-6.009208,-1.570518,3.099987103691101,35.69178051367467,97.44200529064716
28146668,-6.420338,-1.633024,3.1908761036911013,35.31392572880779,91.82315545477675
28132640,-3.534684,-1.847132,0.019006103691101117,187.84253373553295,197.6646812938881
28126855,-3.682521,-1.674308,0.025606103691101056,188.3923545727612,188.0928257771957
28126855,-3.682521,-1.674308,0.025606103691101056,188.3923545727612,188.0928257771957
28149950,-6.291617,-2.081516,3.1999371036911013,37.89209440127127,113.70139788337046
28146702,-5.909215,-1.622396,3.229619103691101,26.970237512469225,99.66593150292128
28140221,-6.100303,-2.151747,3.172412103691101,38.22473423996817,120.55622121547324
28140230,-5.834532,-2.036865,2.9922431036911012,44.83582954475543,123.33442899790391
28146717,-5.974509,-1.70635,3.104695103691101,36.46246883026538,104.45301790888858
28123276,-6.053569,-1.367432,3.4262741036911013,12.36575287900328,80.30053973767426
28140260,-3.352412,-0.474378,1.585609103691101,114.8503430087899,127.8185116276794
28120075,-6.091041,-1.771339,3.016958103691101,43.46072846164739,106.5742505341729
28146761,-6.077343,-2.12463,3.164329103691101,38.19740116871992,119.98803829957932
28123333,-6.184937,-1.639951,3.148911103691101,35.36753697321021,96.83007213714512
28123348,-5.934791,-1.694666,3.236155103691101,27.750306210277785,102.58198120055287
28150185,-4.037972,-1.032311,0.002574103691101115,194.2754705915484,156.45931888349625
28129300,-5.887371,-1.311494,3.374727103691101,12.556232300152343,81.10589843331883
28069393,-6.240908,-1.522225,3.3021641036911014,25.252367350696574,87.55776696258542
28150272,-5.875049,-3.036921,-0.0018648963088989667,165.19284095792952,176.00534617104984
28150272,-5.875049,-3.036921,-0.0018648963088989667,165.19284095792952,176.00534617104984
28129343,-6.285785,-1.722823,3.0548071036911013,42.69916609608171,100.36075758956235
28134301,-5.945353,-1.522868,2.953568103691101,43.488660879260806,98.70954660380634
28138113,-6.028203,-2.162204,3.614121103691101,11.328520905410642,116.61594336083424
28129383,-6.063838,-1.885201,3.0235571036911013,43.8458983673244,111.99119262976524
28134317,-6.037359,-1.716466,3.267729103691101,27.27638321897939,101.19942505849689
28134342,-5.976138,-1.801943,2.987819103691101,44.33234665779287,110.50221037878724
28134352,-6.056022,-1.954534,3.1561891036911014,36.79449329165018,113.31001760233768
28126459,-5.913208,-1.909406,3.103529103691101,37.95748744688064,114.83192770879026
28134357,-6.062315,-1.974379,3.026873103691101,44.42677465104009,115.78744674751096
28134365,-5.625739,-1.810003,3.370717103691101,16.441934649567003,112.18146814491088
28134372,-5.938527,-2.021435,3.0112811036911014,44.57911157464031,120.36759004329105
28153206,-7.341502,-1.342931,3.3609661036911014,32.23908256618628,61.90741562305686
28134392,-5.713446,-2.026313,3.2199271036911012,30.01703055168656,122.44156968511489
28153320,-6.811545,-1.787387,3.308693103691101,34.174823123389075,90.73637911028048
28143287,-4.811275,1.154177,0.021537103691101178,221.95646185676097,22.51284839251645
28153348,-6.229281,-1.662593,3.156345103691101,35.63408679561155,96.99927338017012
28153366,-5.827142,-1.627378,3.2146161036911014,26.9708237402551,101.71878288217296
28153384,-5.724815,-1.660534,3.197772103691101,27.187887802250916,105.6196995070854
28143354,-6.525603,-0.75238,3.284553103691101,19.96621930262603,40.87629600784948
28132120,-6.232121,-1.398003,3.290208103691101,24.343948125786422,81.59447640911517
28143370,-6.222553,-0.75992,3.4033351036911013,6.764616189448333,41.87113045108831
28143371,-6.462573,-0.813268,3.2761251036911014,20.52018082493143,45.59455117854378
28153656,-4.058949,-1.012382,0.0008731036911011625,194.4108157876344,155.1885456925007
28132163,-6.128359,-1.614363,3.008819103691101,42.85531057144772,98.8660328016607
28132169,-6.050202,-1.658147,3.268139103691101,26.70453551060291,98.16205199323454
28143386,-6.395024,-0.928858,3.464301103691101,8.046138314082157,48.88757566047949
28132184,-5.902203,-1.693299,3.2352921036911013,27.38999193426432,103.1492014537946
28120495,-3.781542,-1.634048,0.012946103691101163,188.53448665362464,184.14867546779985
28120495,-3.781542,-1.634048,0.012946103691101163,188.53448665362464,184.14867546779985
28140548,-4.214968,-2.276905,0.003518103691101171,178.9251161850366,191.89766111950377
28140548,-4.214968,-2.276905,0.003518103691101171,178.9251161850366,191.89766111950377
28132197,-5.96751,-1.829493,3.4614511036911013,15.538721567869516,104.82118761896344
28120518,-3.631076,-1.697086,0.024976103691101148,188.58369257134228,190.26032189577373
28120518,-3.631076,-1.697086,0.024976103691101148,188.58369257134228,190.26032189577373
28153738,-3.915241,-1.36949,-0.011717896308898856,191.59842263230715,171.93825053299096
28153760,-3.79109,-1.427532,0.02777010369110111,190.39474866494265,176.97084257557543
28132211,-5.987787,-1.86534,3.275500103691101,27.96276575343433,108.94521003443414
28143423,-6.527026,-1.200997,3.3332861036911012,22.84159506384023,65.79647642475052
28153814,-3.65169,-1.722446,0.02088010369110105,188.26527174566883,190.4961563134313
28132222,-5.713506,-1.795684,3.3900181036911015,16.193268134660883,109.36570739442033
28132226,-6.206363,-2.032311,3.0590351036911008,44.440960197167584,115.08051904528268
28129762,-3.677022,-1.69633,0.016133103691100992,188.5515828549486,188.99051591915307
28129762,-3.677022,-1.69633,0.016133103691100992,188.5515828549486,188.99051591915307
28143443,-6.221191,-1.217839,3.456715103691101,10.494254667264896,68.62826297908731
28143444,-6.517374,-1.28412,3.1810461036911013,33.262183830775626,73.36333670337888
28154267,-3.805969,-1.321684,0.0360321036911011,191.2737197186233,172.84253504124587
28154273,-4.433725,-1.817304,-0.00027789630889896166,182.01627915792147,173.5035230788663
28154295,-4.317424,-1.954861,0.09288010369110111,178.04498303010212,179.86053766483283
28154328,-3.731927,-1.662203,0.01448510369110112,188.55846509822445,186.3969967014557
28156713,-7.351037,-0.695268,3.3108381036911014,28.236220725791497,28.46100975716766
28156786,-4.713428,0.632368,0.013389103691101134,212.82603593376768,60.09660059593219
28156807,-6.259495,-0.862334,3.239711103691101,20.856057769082184,52.08096607826175
28156840,-6.970652,-1.240905,3.2780371036911014,31.9906841660856,63.03567177314781
28156954,-6.118883,-1.494662,3.114974103691101,35.1650911491713,91.54458585956148
28156987,-6.605953,-1.914534,3.268971103691101,35.559218159889724,100.18754202141592
28156997,-5.75143,-1.59475,3.187448103691101,27.374234117360345,102.0222590028408
28157070,-6.150784,-2.149915,3.191624103691101,37.62573592586824,119.26793755362873
28157171,-4.124239,-0.60471,0.019180103691101014,198.7814825799337,136.779120527604
28157230,-4.108836,-0.902824,-0.007579896308898881,195.76780485502692,149.78018088321767
28157367,-3.883847,-1.58824,-0.020228896308899014,189.5165476799109,180.11977209369724
28143534,-6.110162,-1.562181,3.001338103691101,42.63073992507952,96.8561393230597
28140103,-6.283692,-1.498008,3.0322881036911014,41.9086009685567,90.322563382771
28140117,-6.128864,-1.491876,3.109484103691101,35.58356406964839,91.32961479253748
28140120,-6.151829,-1.520262,3.013548103691101,41.92075672172203,93.93363723478322
28123199,-6.48172,-0.842124,3.023178103691101,37.92369957308969,53.089680280365656
28119969,-6.506752,-1.364904,3.554747103691101,10.406589184182394,70.40165582479617
28053262,-6.16223,-1.607385,3.017338103691101,42.620398725953066,97.8093393900653
28146466,-6.590488,-0.631219,3.487908103691101,4.50547591100738,26.88209716156925
28153060,-4.806434,1.110492,0.01656610369110112,221.28468036454984,26.00866556170305
28140054,-6.324431,-1.262022,3.0265811036911012,40.374689795845,78.07758288457813
28146467,-6.461339,-0.545619,3.244024103691101,18.84679187000222,29.33498981246484
28149872,-6.023132,-1.561116,3.446167103691101,13.477585746855992,90.7342131068284
28156816,-6.88652,-1.088676,3.2535101036911014,30.851186934431496,56.64831108209728
28140011,-6.196976,-0.970241,3.418857103691101,8.789675720677906,55.2052579585351
28149657,-6.458606,-0.54565,3.439075103691101,4.345550590889161,23.737179648482083
28149691,-6.819697,-0.727901,3.2005221036911013,29.17057341891177,38.23459777880737
28149698,-6.425766,-0.676425,3.252145103691101,19.688054388148288,38.060962649905065
28149797,-6.14346,-1.133653,3.236889103691101,23.21797861905759,69.76501539152619
28126322,-6.613204,-1.372535,3.211894103691101,33.41498823574341,75.85514804716283
28069373,-6.28866,-1.336571,3.2929571036911014,24.10735589326185,77.42096073981179
28143301,-6.289688,-0.389384,3.3785371036911007,3.0768368312311054,15.924693994523608
28143317,-6.412739,-0.504634,3.0973741036911013,28.021771299023044,31.20309438516722
28143321,-6.253438,-0.505173,3.192284103691101,18.844194528795413,30.247054878922256
28143344,-6.81391,-0.763307,3.194572103691101,29.91095362826138,40.54348274666776
28156873,-6.183564,-1.173622,3.258150103691101,22.86966217718876,70.93738184773079
28056508,-6.251546,-1.192322,3.467455103691101,9.813770561942816,66.47783993387722
28146497,-6.356185,-0.720842,3.4326931036911015,6.169099862639143,36.898474513300926
28149817,-6.272027,-1.272969,3.2836281036911013,23.675752438743103,74.48023170429218
28149729,-6.325985,-0.809661,3.238983103691101,21.1036705997808,47.993623199389134
28123179,-6.533395,-0.956174,3.5150891036911007,7.118271157746733,47.5634715779253
28140020,-6.387308,-1.089454,3.2971961036911015,21.878051969237816,62.36059263890206
28049650,-6.128391,-1.47385,3.446797103691101,13.680288696057232,84.33421550180594
28069350,-6.272274,-1.146251,3.269823103691101,22.915900748370376,67.81523744345813
28085659,-6.007653,-1.272012,3.208694103691101,25.14224983095849,80.19840348486537
28143407,-6.368425,-1.026593,3.2805721036911013,21.87915908797993,59.4016038116917
28143473,-6.164032,-1.328265,3.107066103691101,34.34232058147396,82.5333492546271
28140000,-6.199222,-0.877854,3.213988103691101,22.018675852981488,54.46552225755812
28140041,-6.137524,-1.123187,3.2305461036911014,23.424989011296987,69.40041715250209
28027178,-6.450308,-0.956226,3.2958981036911013,21.00356630863624,53.85137689644105
28140059,-6.144889,-1.235605,3.2436801036911014,24.145393761641515,75.2642215318157
28129233,-5.881136,-0.908352,3.3225411036911012,9.631470261090982,58.287912277564
28066126,-6.404119,-1.230991,3.3073301036911014,23.31013199558365,69.73240579343604
