uid,px_world,py_world,pz_world,u_rectified,v_rectified
28106940,-2.529043,-0.92327,1.9693361036911012,59.855981552148506,188.6225934675473
28106940,-2.529043,-0.92327,1.9693361036911012,59.855981552148506,188.6225934675473
28102937,-0.509291,-5.33905,-0.20065389630889885,143.95072059416702,341.4776474913822
28105867,-1.909775,-2.336662,1.6767891036911011,77.34338535081432,264.0302011510552
28105867,-1.909775,-2.336662,1.6767891036911011,77.34338535081432,264.0302011510552
28105868,-1.916353,-2.35137,1.5708411036911012,84.19432904284955,263.9671539283845
28105868,-1.916353,-2.35137,1.5708411036911012,84.19432904284955,263.9671539283845
28112603,-2.368321,-3.867789,1.1130071036911011,105.6898683627307,269.0019549152407
28066286,-6.306961,-2.278225,3.238626103691101,29.494843415946548,100.48455882281932
28107747,-4.923023,-5.250744,1.7357011036911012,88.52344159725371,216.1976809243762
28107747,-4.923023,-5.250744,1.7357011036911012,88.52344159725371,216.1976809243762
28102947,-0.076851,-5.16658,-0.06455089630889899,140.56832505973802,358.79532542280447
28066292,-6.019779,-2.061257,3.303541103691101,20.771565237910977,96.91448114718348
28053532,-5.095311,-2.583225,3.000692103691101,30.84686966794285,143.538456368954
28105874,-1.9544,-2.364076,0.10749410369110102,159.8236011528884,262.3772866592378
28105878,-1.857269,-2.33323,0.681790103691101,133.88062095081938,266.0439491181708
28105878,-1.857269,-2.33323,0.681790103691101,133.88062095081938,266.0439491181708
28105879,-1.873982,-2.381733,0.245949103691101,153.76176958778348,265.92821682623827
28105879,-1.873982,-2.381733,0.245949103691101,153.76176958778348,265.92821682623827
28102952,0.177349,-7.307632,0.32709910369110107,114.92293316379732,372.8207134950851
28112607,-1.626967,-1.679577,-0.059977896308898826,178.1957295740706,264.702902327553
28112607,-1.626967,-1.679577,-0.059977896308898826,178.1957295740706,264.702902327553
28070125,-3.780237,-1.414925,0.033381103691101144,170.4725283755584,180.09348792690716
28070125,-3.780237,-1.414925,0.033381103691101144,170.4725283755584,180.09348792690716
28106945,-2.46497,-0.880961,2.0197281036911012,54.18301448731589,189.3544499670612
28106945,-2.46497,-0.880961,2.0197281036911012,54.18301448731589,189.3544499670612
28106947,-3.702339,-3.402842,0.231528103691101,143.57250092370424,222.6622101577283
28112609,-2.218323,-4.347811,0.19309510369110106,137.92590523633282,278.5278525821481
28112609,-2.218323,-4.347811,0.19309510369110106,137.92590523633282,278.5278525821481
28080670,-0.322359,1.593461,-0.012277896308898972,389.39916055532126,268.4587081306552
28105888,-2.780946,-9.957047,1.851010103691101,75.30093860906462,306.4461266190585
28105889,-1.423449,-2.076199,-0.0544708963088989,172.29678767331325,280.2700520078471
28097197,-2.757197,-0.548638,2.039510103691101,55.1312903275994,157.71907806971092
28112610,-1.520476,-1.754327,0.052955103691101124,172.1650417594139,270.9707712493326
28112610,-1.520476,-1.754327,0.052955103691101124,172.1650417594139,270.9707712493326
28105894,-1.760911,-4.098708,0.704071103691101,119.98950844373562,292.7370958635864
28053574,-3.120296,-0.93119,1.742712103691101,84.4773403284203,165.47773087342432
28053574,-3.120296,-0.93119,1.742712103691101,84.4773403284203,165.47773087342432
28092412,-6.946212,-0.233152,1.7832401036911012,106.35763664739449,34.01794455459904
28092413,-5.788085,1.041845,0.3626351036911011,187.20238566127412,26.26501089844564
28105897,-2.549139,-9.998176,1.589966103691101,81.28551563033105,311.0395847416647
28107759,-0.95186,1.556951,-0.004245896308898933,331.6815056858286,191.4120786138789
28107759,-0.95186,1.556951,-0.004245896308898933,331.6815056858286,191.4120786138789
28097218,-4.813205,-4.758977,1.633550103691101,92.22106033593778,211.56431010715707
28106960,-3.408284,-3.376121,0.44291010369110106,136.43551313603928,229.61033509694388
28106960,-3.408284,-3.376121,0.44291010369110106,136.43551313603928,229.61033509694388
28107763,-4.036963,-4.00661,1.284092103691101,103.77508336329508,219.85876134253107
28107763,-4.036963,-4.00661,1.284092103691101,103.77508336329508,219.85876134253107
28107764,-2.254194,-1.140131,1.943288103691101,59.12430642567389,212.22446272983476
28097223,-4.76882,-4.750013,1.887562103691101,83.16302400565243,211.38135189241413
28097223,-4.76882,-4.750013,1.887562103691101,83.16302400565243,211.38135189241413
28101453,-3.313606,-5.496547,-0.01298189630889901,137.4295033635062,259.99578805273126
28092433,-6.703979,-1.306058,3.1108761036911012,34.97794082472825,54.66922520514333
28113156,-4.612797,1.348291,0.900992103691101,171.20856380669204,3.726084943995573
28089711,-7.076141,-0.29438,1.631109103691101,113.59182130072764,39.04995196303395
28066349,-5.648777,-2.046779,3.403079103691101,9.359338708270542,102.7291575577715
28097248,-4.170205,-5.822908,0.5994551036911011,119.60752952166044,243.1064540750236
28097249,-2.655705,-2.719609,0.5266851036911011,137.97696011685602,241.83420821225263
28097249,-2.655705,-2.719609,0.5266851036911011,137.97696011685602,241.83420821225263
28107771,-3.805692,-5.025617,3.3591861036911013,14.546106378052372,236.60708309679157
28107771,-3.805692,-5.025617,3.3591861036911013,14.546106378052372,236.60708309679157
28094970,-6.85508,-0.377137,2.0795691036911013,90.76589976555424,34.36426279376863
28105914,-2.777328,-0.476952,1.9767061036911011,61.02013518064021,154.2144055373441
28107780,-3.657552,-3.379057,0.09628210369110102,148.24518762372898,223.94840158066856
28107780,-3.657552,-3.379057,0.09628210369110102,148.24518762372898,223.94840158066856
28086893,-3.08173,0.21808,1.9384891036911012,67.07630830795605,95.26296792751624
28086897,-5.528649,-2.809768,3.546042103691101,6.694033734745688,132.01454231672113
28086897,-5.528649,-2.809768,3.546042103691101,6.694033734745688,132.01454231672113
28101465,-3.269222,-4.236889,2.688650103691101,37.71411263471427,242.2732427310816
28101465,-3.269222,-4.236889,2.688650103691101,37.71411263471427,242.2732427310816
28101467,-3.266256,-4.357213,2.967511103691101,23.69322676643668,243.8415174565053
28101469,-2.189212,-4.138462,0.053597103691101156,144.2390685219378,277.0557891333739
28105918,-4.028059,-2.723974,-0.0006758963088988601,156.75503760269103,203.07922681589685
28097264,-1.04728,-0.136985,-0.0019618963088989805,218.1051327960164,263.07453974503164
28097264,-1.04728,-0.136985,-0.0019618963088989805,218.1051327960164,263.07453974503164
28070169,-3.750505,-1.635423,0.013400103691101117,168.4899323041133,186.78791344072687
28070169,-3.750505,-1.635423,0.013400103691101117,168.4899323041133,186.78791344072687
28066372,-5.871682,-2.456554,3.519647103691101,9.550261193145786,111.55777288351152
28097267,-0.566089,0.928936,-0.0064598963088988715,289.1387198528409,268.96643576334463
28097267,-0.566089,0.928936,-0.0064598963088988715,289.1387198528409,268.96643576334463
28112614,-2.872965,-10.870334,1.762863103691101,77.82055561114731,308.31098478479043
28105919,-1.131155,1.657255,-0.006237896308898927,332.25897407934474,165.74368414959258
28105919,-1.131155,1.657255,-0.006237896308898927,332.25897407934474,165.74368414959258
28113165,-7.756669,-0.044897,1.7494941036911011,111.50422693298523,14.827848218248365
28112615,-1.369002,-1.848735,0.11201810369110099,168.37503506362043,279.8031765368644
28113166,-4.603766,1.322149,0.6048281036911011,188.6582850980056,19.774973275730986
28105921,-1.013983,2.002857,-0.008038896308898869,391.6111061525946,138.9593659011666
28105921,-1.013983,2.002857,-0.008038896308898869,391.6111061525946,138.9593659011666
28112617,-3.212102,-0.889805,2.120740103691101,56.38001963723784,152.96616522256005
28113167,-3.329946,1.988486,-0.03506489630889886,270.6826564598779,22.579136519019016
28113168,-4.924268,0.644449,1.838713103691101,96.58898680949268,11.541346282511595
28106980,-2.316681,-1.378973,1.9655011036911012,59.061537960306566,217.20693377512637
28107800,-3.228278,-4.140442,2.678496103691101,37.31651291829127,242.0263525754247
28107800,-3.228278,-4.140442,2.678496103691101,37.31651291829127,242.0263525754247
28092489,-1.346415,2.44492,-0.017975896308898953,442.64988355238086,37.23939266707293
28113170,-8.123627,-0.231776,1.692255103691101,114.08031346104508,20.732723838389177
28108404,-6.804753,-0.348964,2.702554103691101,55.64652953580563,14.594392729594205
28113171,-4.498351,1.321627,0.5363401036911011,193.39254515612225,24.944109362185856
28084115,-3.632797,-3.11404,0.07367410369110106,151.2065356949654,220.27400250908477
28084115,-3.632797,-3.11404,0.07367410369110106,151.2065356949654,220.27400250908477
28086969,-4.29827,-0.301699,0.012867103691101,185.9564322430507,130.78361795726963
28066402,-5.713974,-2.558224,3.471964103691101,11.175287579983092,119.83417303265922
28097306,-2.280127,-5.635509,0.09078610369110107,133.2327355975458,288.1779722210419
28105927,-2.61471,-0.574058,2.009741103691101,55.82187850944905,166.83666334119033
28105929,-2.681251,-0.706423,1.976264103691101,60.55644537019893,170.8585236124123
28105929,-2.681251,-0.706423,1.976264103691101,60.55644537019893,170.8585236124123
28113173,-4.157337,0.727139,2.068994103691101,68.75771981425356,8.376742246600486
28097310,-3.208936,-4.262459,3.0894691036911013,15.492217974974295,243.94451212034608
28097310,-3.208936,-4.262459,3.0894691036911013,15.492217974974295,243.94451212034608
28107809,-4.359333,-5.899219,0.05772110369110117,133.8694227640464,240.65071733621195
28107809,-4.359333,-5.899219,0.05772110369110117,133.8694227640464,240.65071733621195
28107810,-2.929971,-2.718904,0.044744103691101156,156.6815333674638,234.0454799980596
28107810,-2.929971,-2.718904,0.044744103691101156,156.6815333674638,234.0454799980596
28101515,-1.643719,-10.904915,3.5051761036911007,23.265946512161577,343.8409923814123
28107811,-4.108807,-5.787735,0.9909861036911011,108.33995776885764,243.55047828420084
28113175,-6.353169,-0.142794,2.5447381036911008,60.22069282141538,14.27808844749623
28105934,-2.617469,-0.769953,1.970455103691101,60.41004031061959,177.18895159301803
28105934,-2.617469,-0.769953,1.970455103691101,60.41004031061959,177.18895159301803
28066416,-3.786112,-1.341765,0.04708810369110106,170.89351717739072,177.82896603593537
28113176,-1.73065,2.450423,-0.08637189630889885,401.6542049032606,21.910184420620965
28095064,-5.136832,-0.584743,0.17745510369110118,171.86393654342493,117.72675241567153
28108412,-3.261429,1.918301,-0.01803789630889896,267.65441501590857,30.451371528485534
28113178,-4.54056,0.678196,1.7756891036911011,98.8361327151546,19.55753405715896
28112622,-4.769156,-2.482169,0.05454210369110113,156.24313152933686,179.67105984365793
28112622,-4.769156,-2.482169,0.05454210369110113,156.24313152933686,179.67105984365793
28113179,-8.163529,-0.187021,1.128547103691101,136.52618275648155,31.95941895114981
28105936,-2.236639,-0.605272,-0.06738389630889885,196.13058948338323,212.6493644274083
28113180,-4.400305,1.21387,0.6139631036911011,186.96429820922023,31.93237782058088
28084141,-2.749937,-2.751529,-0.00938989630889897,158.59596163484323,240.46958094965163
28084141,-2.749937,-2.751529,-0.00938989630889897,158.59596163484323,240.46958094965163
28112623,-2.269426,0.218757,0.03366110369110098,212.31364698656023,180.7606999893993
28112623,-2.269426,0.218757,0.03366110369110098,212.31364698656023,180.7606999893993
28084143,-3.40347,-4.381353,2.8787511036911013,30.08596200327264,239.8079194739557
28113181,-4.979466,0.468114,1.847679103691101,95.56344758012756,23.7167012231528
28112624,-5.106517,-3.046738,0.35254910369110104,142.07723295223963,181.50814981061296
28112624,-5.106517,-3.046738,0.35254910369110104,142.07723295223963,181.50814981061296
28112625,-5.140617,-3.013267,-0.057911896308898925,154.81558698398777,182.90866639080065
28112625,-5.140617,-3.013267,-0.057911896308898925,154.81558698398777,182.90866639080065
28107817,-2.414881,-2.554007,1.4218471036911011,95.65332995121057,245.7841465581011
28112628,-3.896362,-2.031492,0.30604910369110105,152.69428680127322,189.86485320033665
28112628,-3.896362,-2.031492,0.30604910369110105,152.69428680127322,189.86485320033665
28113182,-4.477521,1.218068,0.5070281036911011,192.5730679774229,34.30549126113067
28106984,-4.005547,-5.081025,1.3133251036911011,99.76279507033271,236.70589377224928
28106984,-4.005547,-5.081025,1.3133251036911011,99.76279507033271,236.70589377224928
28113183,-6.898046,-0.390279,2.367732103691101,75.79867948479477,26.075098590182307
28112629,-2.26612,-0.378489,1.947872103691101,55.01901634486552,176.66806767639235
28107819,-2.555022,-2.590198,0.33560710369110114,147.07887322625726,243.5023940663304
28107819,-2.555022,-2.590198,0.33560710369110114,147.07887322625726,243.5023940663304
28112630,-3.705777,-2.229084,0.40104510369110113,147.29180256938736,199.15497296230183
28112630,-3.705777,-2.229084,0.40104510369110113,147.29180256938736,199.15497296230183
28105939,-2.022286,-0.371452,0.028061103691101152,198.6333660182029,214.4699097526287
28106985,-2.814744,-3.069111,0.03586710369110113,153.6842495548994,243.42854470463328
28106985,-2.814744,-3.069111,0.03586710369110113,153.6842495548994,243.42854470463328
28106986,-2.323702,-1.45901,2.041236103691101,53.29315751681111,218.9319894253527
28106986,-2.323702,-1.45901,2.041236103691101,53.29315751681111,218.9319894253527
28112631,-4.9718,-3.978473,0.6799721036911011,126.25161008262758,199.5962710316265
28112631,-4.9718,-3.978473,0.6799721036911011,126.25161008262758,199.5962710316265
28105940,-1.159417,1.221586,-0.006809896308898944,288.7847822776341,197.17371451757643
28105940,-1.159417,1.221586,-0.006809896308898944,288.7847822776341,197.17371451757643
28112632,-2.119058,-0.132853,0.029192103691101146,203.96063531575572,201.7276901152288
28112632,-2.119058,-0.132853,0.029192103691101146,203.96063531575572,201.7276901152288
28101561,3.155893,-15.125458,0.36378510369110106,91.19171652924834,437.610999834507
28095102,-5.640141,-3.21133,1.8118911036911012,91.46030407448303,161.54078463457435
28095102,-5.640141,-3.21133,1.8118911036911012,91.46030407448303,161.54078463457435
28105944,-2.531894,-0.851293,2.025401103691101,54.54281817546686,184.42747100173284
28066454,-3.757834,-1.493688,0.028729103691101043,169.68882456413652,182.84896696096803
28113190,-10.114477,-1.820114,2.625043103691101,82.0802286925221,39.43988893827486
28105945,-2.14811,-0.75364,-0.049303896308898976,192.6196499667242,220.6416091402772
28107825,-2.083925,-2.549963,2.092179103691101,51.63383155229212,259.65526351841834
28107830,-2.10879,-2.439718,1.587715103691101,84.44875771000238,256.5725746313468
28107830,-2.10879,-2.439718,1.587715103691101,84.44875771000238,256.5725746313468
28105951,-5.309153,-5.673427,1.7879391036911012,87.78296159616329,213.75281710579895
28113191,-6.358395,-0.179863,1.861407103691101,100.14985685357004,38.34138497094972
28112633,-2.316245,-0.403895,-0.056736896308899,199.67184999404813,202.86984103387897
28112633,-2.316245,-0.403895,-0.056736896308899,199.67184999404813,202.86984103387897
28105952,-2.478705,-0.992968,1.962557103691101,60.01484766416459,194.26366792723667
28105952,-2.478705,-0.992968,1.962557103691101,60.01484766416459,194.26366792723667
28070265,-2.639944,-0.721538,1.964814103691101,61.05193440881061,173.8515625210363
28070265,-2.639944,-0.721538,1.964814103691101,61.05193440881061,173.8515625210363
28108417,-3.21165,1.883127,5.210369110097979e-05,265.99718579385006,34.32474930384154
28095120,-1.374321,2.136711,-0.016150896308898988,379.9618576372417,89.49488887744477
28112634,-2.447915,-0.847767,1.610984103691101,88.75376315730767,194.4453774444872
28105960,-4.125288,-4.09014,1.276754103691101,104.056903816356,218.97022466719912
28092620,-7.154374,-0.310655,1.0832631036911011,136.87330810717836,51.78479677994642
28105963,-3.406074,-3.310986,0.18544310369110106,145.92104545345728,229.41531923802475
28080973,-2.030243,2.031542,-0.014017896308898825,321.3654505683976,63.78725296953559
28105964,-2.875902,-2.438117,0.056233103691101016,159.3240348381204,230.7057851385169
28105964,-2.875902,-2.438117,0.056233103691101016,159.3240348381204,230.7057851385169
28112636,-2.472814,-0.884261,1.9613861036911011,59.598299723020006,189.94002750848304
28107846,-1.929765,-2.342385,0.806948103691101,127.59733665103091,263.06648834044324
28107846,-1.929765,-2.342385,0.806948103691101,127.59733665103091,263.06648834044324
28077648,-5.876447,-1.899806,3.5317751036911007,2.914236344822456,88.3571813049231
28087040,-3.576893,-4.54773,1.2531971036911012,101.90038414833676,240.71092031761864
28087040,-3.576893,-4.54773,1.2531971036911012,101.90038414833676,240.71092031761864
28107847,-1.886213,-2.399826,0.8172061036911011,126.525659677714,265.9644977428824
28108423,-3.211145,1.841108,-0.009262896308898982,264.2685687894897,38.84096472631919
28106998,-2.442266,-2.51335,0.4602651036911011,142.62409759977072,245.9373379135668
28107000,-0.890017,1.089224,-0.017932896308898938,289.760362032352,228.92648667474003
28107000,-0.890017,1.089224,-0.017932896308898938,289.760362032352,228.92648667474003
28059293,-1.101158,1.949292,-0.011713896308898963,374.4917152315477,137.51537854577677
28087041,-4.282693,-7.438753,-0.06563489630889885,130.11646569266566,256.80826314237555
28108429,-6.317752,0.116164,0.6950901036911011,157.22792522259124,55.64717624559461
28077664,-5.802014,-2.193242,3.5480041036911008,4.055299160485163,102.27636057764298
28108431,-3.181639,1.761872,-0.011995896308898857,260.9902571865741,47.17719474896353
28099773,-3.640616,-0.147511,1.7327411036911011,91.57614167963948,105.96088834834474
28107855,-2.223002,-4.705989,0.268519103691101,133.01460973325857,282.07151778589497
28087047,-0.739347,1.562031,-0.00640089630889884,347.02244724412594,213.8012297068186
28111450,-4.78551,1.318486,0.7744551036911012,177.44691178429326,8.994745277901274
28108438,-3.182695,1.719168,-0.02240489630889897,259.3719691056656,51.44543669370543
28107011,-2.568274,-3.07566,0.3981481036911011,140.16744072169723,250.9573569040396
28107860,-1.491233,-1.901043,-0.044896896308898926,174.39040870302517,274.5714450062768
28049552,-6.400723,-0.969812,3.4846371036911012,3.5265431332526878,31.46976408126241
28077699,-1.327681,1.124071,-0.018066896308899016,276.0804551605144,190.40930351225785
28111456,-5.549853,1.093304,0.6560011036911011,175.49419146669766,16.761138077269322
28095178,-1.088394,2.033982,-0.019074896308898914,390.1762866819182,128.24648601372968
28087058,-0.906921,-1.882763,0.05461910369110101,172.31240265903602,303.5472646416481
28108454,-5.403135,0.438963,0.012507103691101085,193.0155680107937,74.3025189260565
28092670,-1.633747,1.91965,-0.01590989630889883,331.9496358838331,99.94547020239256
28112639,-3.605044,-2.581721,0.922253103691101,123.42016978595564,206.5827559532068
28113192,-4.491649,0.98403,0.6930051036911011,176.56566495553295,43.28273083376803
28113193,-7.254009,-0.031363,0.565542103691101,159.09218483333456,50.36604115878799
28113194,-3.725304,1.311997,0.4497951036911011,205.77951473018288,48.06840658912239
28111466,-6.90393,-0.19571,2.155404103691101,87.43983649472085,21.97745959864716
28105989,-4.026749,-5.044289,0.4614011036911011,126.68989602171044,237.4367049945432
28105989,-4.026749,-5.044289,0.4614011036911011,126.68989602171044,237.4367049945432
28108462,-2.857526,1.54535,0.02684910369110116,255.364720823012,75.23838545110843
28108464,-2.859749,1.504209,0.015389103691101136,253.9178711939932,79.03122292140722
28084241,1.30267,-18.865328,3.913989103691101,23.825851125893905,410.88877992774576
28077761,-0.791219,1.598752,-0.009390896308898888,348.3315075527745,205.0449328535473
28077761,-0.791219,1.598752,-0.009390896308898888,348.3315075527745,205.0449328535473
28092683,-1.576403,1.858566,-0.016702896308898874,328.6754354705853,110.7604486199336
28108468,-3.040984,1.370551,-0.030569896308898947,246.47437126477925,84.55898363634648
28084248,-0.299982,1.26107,-0.011053896308898858,339.1912908255166,288.36364725339683
28084249,-0.342345,1.728819,-0.001599896308899007,413.7599476842594,256.1610321939753
28077790,-0.739755,1.228879,-0.008508896308898839,308.62858777069846,235.96476745009
28107878,-2.728829,-0.473833,1.9732821036911012,60.60099154136429,156.4819361896939
28111484,-7.136254,-0.478074,1.4977751036911011,118.61286570005365,49.63353620580841
28111485,-7.178425,-0.479359,1.373470103691101,123.91947450158646,51.91227867915248
28107881,-2.709844,-0.563845,1.966968103691101,61.26660261415398,162.39823393507712
28107881,-2.709844,-0.563845,1.966968103691101,61.26660261415398,162.39823393507712
28111487,-7.643849,-0.663205,1.188261103691101,130.62952370375496,56.4037013359162
28108475,-5.184793,0.011029,0.01949410369110116,186.55989887011287,97.0984157541028
28112641,-5.392384,-5.033161,-0.3012318963088989,147.40263162529197,210.79987809347503
28112641,-5.392384,-5.033161,-0.3012318963088989,147.40263162529197,210.79987809347503
28111489,-3.175734,0.81867,1.997552103691101,59.47072675541068,30.34784745295181
28111490,-7.707924,-0.691855,1.008785103691101,137.0418324859308,60.140266330789416
28077814,-0.538016,1.483527,-0.01205989630889892,351.84620173277085,244.15293998988065
28077814,-0.538016,1.483527,-0.01205989630889892,351.84620173277085,244.15293998988065
28111492,-7.486856,-0.609847,0.8527441036911011,143.21265891520352,63.37164920278724
28111493,-5.280294,0.620446,0.1465181036911012,191.57907801274183,64.77483146035135
28087100,1.876,-9.582498,0.08848210369110099,111.03003558347184,422.81483783543104
28106008,-2.915308,-2.8422,1.908447103691101,71.84518499799907,230.4846740035919
28111495,-3.170593,0.77056,1.940523103691101,66.69120206341361,39.67030622924938
28112642,-2.224154,-0.531672,-0.03952789630889897,196.55408984731625,210.76290747342577
28112642,-2.224154,-0.531672,-0.03952789630889897,196.55408984731625,210.76290747342577
28095236,-6.903978,-0.212806,1.515806103691101,118.8409651860342,40.78777446662647
28108478,-2.807703,1.399916,0.01782610369110116,249.85820805157093,89.16427663571784
28111498,-6.399195,0.009419,0.16111610369110108,176.3297170945144,70.84408366946084
28108482,-1.310252,2.282337,-0.015905896308898937,412.30790727254174,70.88165084414433
28107027,-3.403066,-5.349523,1.1918761036911012,101.39056403561936,255.71934364182695
28095247,-1.355196,2.405401,-0.008941896308898967,432.177516969457,43.79964699244354
28070352,-3.616854,-3.461768,0.05489210369110098,148.95423124917767,226.49410522591083
28070352,-3.616854,-3.461768,0.05489210369110098,148.95423124917767,226.49410522591083
28090010,-0.205682,1.727048,-0.018667896308898868,432.5707638984401,280.7621246231133
28077865,-0.231242,-2.07327,0.14977610369110117,166.61145809534673,345.47811390507457
28108485,-1.447744,2.180452,0.0014561036911011627,379.32299985801217,76.2246459594727
28107031,-1.963128,-2.365677,0.18611110369110118,156.42954106103588,262.05363028208427
28107031,-1.963128,-2.365677,0.18611110369110118,156.42954106103588,262.05363028208427
28095257,-1.377664,2.31045,-0.008383896308898908,409.79262606481575,60.30223584382043
28077876,1.242324,-19.35977,4.571583103691101,10.937743077526704,412.95926324805765
28108490,-2.927001,1.181327,-0.021928896308898826,240.09805665263065,101.7468770685642
28077897,1.591214,-8.922943,0.08952010369110108,113.70820969483933,415.95169034667526
28056370,-7.064058,-0.728137,3.255237103691101,26.587594839326076,14.614889940626938
28070376,-3.011134,-2.578562,0.015272103691100991,159.1046541727245,229.11604608943705
28070376,-3.011134,-2.578562,0.015272103691100991,159.1046541727245,229.11604608943705
28109240,-6.373828,1.413732,0.23048910369110098,196.5710830136032,0.0095251237703166
28112644,-3.164472,-2.032822,2.204453103691101,54.42485549191253,197.86526773627125
28112644,-3.164472,-2.032822,2.204453103691101,54.42485549191253,197.86526773627125
28066603,-3.515169,-2.419801,0.029040103691100994,159.45736569413418,210.9318517647915
28066603,-3.515169,-2.419801,0.029040103691100994,159.45736569413418,210.9318517647915
28056389,-5.966615,-0.81479,-0.02949489630889901,173.90855580303796,111.37683196061292
28113198,-7.582212,0.295357,-0.7628948963088991,204.54133895355872,60.38812635850289
28111530,-6.743526,-1.46583,-0.03141089630889882,165.27686725374235,116.29287238802428
28107889,-2.465344,-0.858486,2.017483103691101,54.271258245386576,188.360315686735
28107889,-2.465344,-0.858486,2.017483103691101,54.271258245386576,188.360315686735
28103268,-5.376476,0.342654,0.097146103691101,188.083461962444,77.21793434976843
28107039,-1.580828,-1.666756,-0.04061589630889895,177.73732148465848,266.58620649869266
28103269,-5.387602,0.2603,0.08532810369110111,187.10069377493983,80.91912524053123
28099856,-1.987627,1.498648,0.001103103691101115,278.4482844264772,119.68555598885187
28103270,-5.29602,0.179008,0.010541103691101172,189.14416293732103,87.96055548732284
28070387,-3.379364,-3.359953,0.06297610369110118,149.6692601167605,231.3113858561073
28070387,-3.379364,-3.359953,0.06297610369110118,149.6692601167605,231.3113858561073
28111536,-3.031135,0.324948,1.380855103691101,119.4075454451022,109.6411920038817
28103272,-5.517399,-0.127135,0.012710103691101038,183.16096225387335,95.65161037446435
28111537,-3.063949,0.266129,1.4257581036911011,115.14410521532656,110.84022873988164
28090062,-0.233197,-6.955542,1.5868121036911012,71.68240530481413,369.7240524936314
28103277,-2.749081,1.299258,0.02466310369110114,245.98617852357145,98.78235129937669
28111541,-4.379508,-0.199228,0.08545410369110118,184.2984956100439,123.47674277177047
28081222,-1.317102,1.433567,-0.011968896308898858,300.19013731557254,169.46315029487926
28081222,-1.317102,1.433567,-0.011968896308898858,300.19013731557254,169.46315029487926
28066620,-3.452478,-2.486531,0.05916810369110115,157.78611026602212,213.90781357321063
28066620,-3.452478,-2.486531,0.05916810369110115,157.78611026602212,213.90781357321063
28111544,-5.606281,-1.231139,0.1987601036911011,162.31660348546706,128.07619073914475
28103286,-3.44276,-0.110122,1.716760103691101,91.30580609017744,111.29435909662284
28109254,-6.26284,1.193712,0.27825010369110104,190.999180053403,12.994778409952602
28103290,-2.914346,0.111758,2.0142921036911012,56.62499138331057,108.05357605887232
28059443,-3.875994,0.607315,1.606559103691101,107.64271861236185,49.94589845268453
28111546,-2.816693,0.338444,1.447142103691101,112.6658879018073,115.76004800575842
28111547,-2.835449,0.098755,1.9400681036911012,63.33627020105075,115.41134529314984
28103305,-2.895727,-0.058876,1.9520461036911012,63.65005286776696,123.4923368293865
28104832,-4.707699,1.367805,0.4411321036911011,198.07851431883944,21.260549897738457
28111548,-2.905002,0.147992,1.661764103691101,92.14208608746831,118.10101617437512
28106047,-1.952128,-2.336044,0.18495910369110113,156.85499114791497,262.0143188965985
28106047,-1.952128,-2.336044,0.18495910369110113,156.85499114791497,262.0143188965985
28074425,-1.341946,2.423588,-0.018466896308898972,438.3656879611639,42.04637030100113
28081255,-0.945589,1.783133,-0.009364896308898807,362.3061451527892,171.45131199597745
28081255,-0.945589,1.783133,-0.009364896308898807,362.3061451527892,171.45131199597745
28112646,-3.158534,-2.070055,2.1324431036911013,59.23438713116738,199.9036827122673
28112646,-3.158534,-2.070055,2.1324431036911013,59.23438713116738,199.9036827122673
28097551,-6.915145,-0.392415,0.4620071036911011,159.5857839541329,71.70817293773581
28056441,-6.648607,-0.977047,3.186703103691101,27.371646429762563,36.93829599516812
28107045,-1.922655,-2.361013,1.1848101036911012,107.21904824833553,263.7686824072206
28056442,-4.309331,-0.240689,0.025326103691101,186.4354450011648,127.98469979729254
28106050,-0.656703,1.459333,-0.02838189630889887,340.9145667832319,231.20626733816215
28112647,-5.316003,-5.243359,2.104394103691101,77.82670442143399,205.9406390340836
28112647,-5.316003,-5.243359,2.104394103691101,77.82670442143399,205.9406390340836
28059462,-7.183673,-0.700596,3.4251871036911012,17.069936549750622,5.692814743505636
28092772,-2.998524,0.073879,1.965389103691101,63.4338649855579,108.91610575770169
28113205,-2.654406,0.937502,1.9191281036911012,57.75215898795077,41.00867685308708
28111555,-2.910314,-0.064989,2.023217103691101,56.61643613255734,120.95593699059714
28108517,-1.08618,2.251627,-0.005065896308898976,433.150303564652,93.97089899222205
28108518,-3.476151,-0.16167,1.6017221036911011,100.31818062887172,116.3606029835846
28108519,-2.815081,0.944374,-0.01329189630889882,232.17943016708497,120.92016961037574
28106055,-2.073465,-2.081482,1.989706103691101,56.82684563095347,249.9186388430984
28106055,-2.073465,-2.081482,1.989706103691101,56.82684563095347,249.9186388430984
28056456,-4.22409,-0.280495,0.03943410369110101,185.5947079521614,131.54016950116292
28107896,-4.795291,-5.02047,1.767762103691101,87.22234691550963,215.52421171451388
28107896,-4.795291,-5.02047,1.767762103691101,87.22234691550963,215.52421171451388
28113208,-1.677544,2.205377,-0.029223896308898878,365.39671877031606,60.221226770704334
28106056,-1.926243,-2.3687,0.8883591036911012,123.19814747120496,263.690985322696
28106056,-1.926243,-2.3687,0.8883591036911012,123.19814747120496,263.690985322696
28081307,-0.688352,1.629139,-0.011861896308899,360.8855225732146,214.61517123932308
28081307,-0.688352,1.629139,-0.011861896308899,360.8855225732146,214.61517123932308
28092777,-5.54502,-3.200417,1.115159103691101,116.53167949829404,169.42617898584467
28092777,-5.54502,-3.200417,1.115159103691101,116.53167949829404,169.42617898584467
28104845,-7.124904,0.090834,0.22845210369110114,172.74190909629323,54.666910856252855
28027138,-6.451258,-0.79463,3.122960103691101,27.336486626474567,32.13150033944578
28027139,-6.454786,-0.837966,3.019356103691101,34.44282120254522,37.69756736624368
28081317,-0.685879,1.076476,-0.013194896308898807,297.1954678421587,249.70674941615096
28106059,-1.561497,-1.764004,0.0316731036911011,172.84449939755171,269.21107523708866
28106059,-1.561497,-1.764004,0.0316731036911011,172.84449939755171,269.21107523708866
28104848,-4.559089,1.041615,0.47494610369110113,189.46140001799785,45.92548210442223
28059475,-4.473017,-0.036624,0.0047231036911010715,190.01844093503448,116.10427935998896
28112648,-6.006285,-6.348214,1.519484103691101,96.7275973249072,210.11805803200505
28112648,-6.006285,-6.348214,1.519484103691101,96.7275973249072,210.11805803200505
28103341,-1.064486,1.986277,-0.01765989630889897,384.2587737304601,136.68433861694697
28106061,-1.927921,-2.361928,1.220744103691101,105.20409041681204,263.5489665288688
28106061,-1.927921,-2.361928,1.220744103691101,105.20409041681204,263.5489665288688
28112651,-6.724533,-7.477897,0.45481210369110103,120.60765863214168,214.21846203999917
28112651,-6.724533,-7.477897,0.45481210369110103,120.60765863214168,214.21846203999917
28112652,-3.972274,-3.390238,2.428567103691101,54.11439405549396,203.86478450211123
28112652,-3.972274,-3.390238,2.428567103691101,54.11439405549396,203.86478450211123
28111560,-2.902406,0.014374,1.7743791036911012,81.10128589221642,123.76919158611618
28106066,-0.657418,1.098728,-0.027110896308898846,301.52343424659455,251.6821316797807
28106066,-0.657418,1.098728,-0.027110896308898846,301.52343424659455,251.6821316797807
28112653,-5.913866,-6.356106,1.402223103691101,99.6239696824627,212.30752782783688
28097575,-2.804107,1.901009,-0.013074896308898909,279.46229536707443,46.29355324543542
28081336,-0.761558,-12.149618,3.4551981036911013,24.090387506061404,368.294913349248
28106072,-2.053385,-3.991412,0.6917891036911011,121.6419054100453,281.03956314614214
28113212,-5.296271,-0.342222,2.162725103691101,75.1106779770355,58.541028816784205
28107054,-2.386284,-4.511387,-0.05289889630889899,144.88263600215367,274.7645995194647
28107054,-2.386284,-4.511387,-0.05289889630889899,144.88263600215367,274.7645995194647
28112654,-6.36432,-7.028185,1.072465103691101,107.46785772217764,213.43546179488692
28112654,-6.36432,-7.028185,1.072465103691101,107.46785772217764,213.43546179488692
28112655,-6.281458,-6.892962,0.15128010369110112,128.64083124470085,215.8674340860601
28112655,-6.281458,-6.892962,0.15128010369110112,128.64083124470085,215.8674340860601
28092786,-5.615045,-3.560457,1.070166103691101,116.6574380456401,175.72506200515403
28113213,-3.73698,0.570979,1.563866103691101,110.07096491578966,58.89313888883663
28112656,-6.319711,-6.939644,-0.020185896308899,132.14974434859442,216.19679131827957
28112656,-6.319711,-6.939644,-0.020185896308899,132.14974434859442,216.19679131827957
28107055,-2.70335,-5.251827,0.5625601036911011,120.94598924058192,273.6558600927593
28081352,0.238372,-4.662066,0.05620710369110116,140.01555717051923,373.5058842574509
28081355,-0.231358,1.399792,-0.007723896308899025,364.5788133079391,293.00074777763865
28081355,-0.231358,1.399792,-0.007723896308899025,364.5788133079391,293.00074777763865
28112657,-5.844625,-6.330069,0.42460110369110105,124.1520743440576,216.2250126420132
28112657,-5.844625,-6.330069,0.42460110369110105,124.1520743440576,216.2250126420132
28107059,-1.876448,-2.433251,2.046874103691101,51.73366236189662,267.83886842478745
28107059,-1.876448,-2.433251,2.046874103691101,51.73366236189662,267.83886842478745
28107060,-2.061108,-4.032937,0.6788971036911011,121.9300060492842,281.20487816255115
28095342,-3.153628,0.676545,1.944539103691101,66.21614206127302,50.21284989873581
28074483,-1.631952,1.946246,-0.013042896308898877,334.8664652571631,96.73977299191604
28106082,-1.705525,-4.722528,0.7562991036911011,114.66291216486324,300.53398932828867
28106084,-1.457301,-4.094876,0.7402041036911011,117.87463001780168,304.37422269597863
28104863,-3.112385,1.579011,-0.019094896308898823,253.8994862965089,65.45792525330648
28059495,-7.009199,-0.938049,3.263775103691101,26.989533631265743,26.80511512254856
28049613,-6.202014,-1.225152,3.097719103691101,29.02883727794816,60.3340185785095
28092803,-3.321471,-1.795279,0.45616810369110106,149.63759573670066,200.3239883306952
28112658,-4.94672,-4.988502,2.130163103691101,75.21731654495903,210.04150127518943
28112658,-4.94672,-4.988502,2.130163103691101,75.21731654495903,210.04150127518943
28092809,-0.776491,1.780924,-0.004991896308898847,376.5353494060832,190.22508319922613
28092809,-0.776491,1.780924,-0.004991896308898847,376.5353494060832,190.22508319922613
28108559,-2.909765,-0.074242,1.716744103691101,86.36131470481658,130.89098741999942
28107901,-3.618031,-3.533313,0.31636410369110113,139.7725306824501,226.75067886207844
28104873,-5.335973,0.006723,0.18805210369110115,179.17520816173752,90.58355301399465
28097601,-1.519415,2.44625,-0.01995389630889899,420.8320153074927,26.616281693850624
28092817,-3.911043,-3.582108,0.0669421036911011,147.4803310347032,220.7529987610804
28092817,-3.911043,-3.582108,0.0669421036911011,147.4803310347032,220.7529987610804
28107064,-1.272827,-2.541501,0.004925103691101107,163.42692742696627,293.2994832409165
28104875,-6.06402,-1.747797,3.483759103691101,7.25621510682933,78.48489530906718
28107068,-0.467741,1.063402,-0.002014896308898839,305.7426560316844,274.6696396328556
28107068,-0.467741,1.063402,-0.002014896308898839,305.7426560316844,274.6696396328556
28104877,-5.998799,-1.76038,3.270788103691101,19.910680798356708,85.35993244773314
28111572,-2.687871,0.495809,0.5898801036911011,182.73886516284696,136.63757055470154
28112661,-5.210543,-5.699978,1.3622781036911011,100.2579159577086,217.6064171198093
28112661,-5.210543,-5.699978,1.3622781036911011,100.2579159577086,217.6064171198093
28107071,-1.688221,-4.761123,0.7657441036911011,114.08510713101376,301.49367802844205
28113218,-1.257398,2.333497,0.004406103691101171,428.50507945389086,63.57671254575604
28112662,-3.734636,-3.435441,1.055425103691101,113.75587882338398,219.09241741450933
28112662,-3.734636,-3.435441,1.055425103691101,113.75587882338398,219.09241741450933
28108568,-3.240194,-0.528545,1.751436103691101,85.62977740525085,141.65687012513337
28059522,-6.535581,-0.90102,3.155679103691101,27.2275642261622,35.64098256115744
28111574,-2.606159,0.607915,0.42203410369110106,197.62532187296517,138.01679207620674
28106102,-0.738993,-3.857496,0.3314331036911011,135.74839298809172,330.05390204263176
28108570,-3.906487,-0.594578,0.09649110369110114,179.43753078840857,150.90140966862518
28104883,-6.767409,-2.758178,3.3826041036911008,29.94244387225456,105.70843029986187
28059529,-6.42178,-0.879952,3.278275103691101,17.250401528229787,32.564683147480906
28104885,-3.159976,0.262217,1.9706381036911012,64.81407405397417,87.15545194195352
28087271,-3.813248,0.652604,1.5682581036911012,110.86297217145216,49.751634480739625
28103396,-2.315341,-0.335265,-0.03906889630889898,200.46946013413032,200.48228881925365
28106110,-0.54512,-2.123158,0.9276761036911011,119.18886032050996,335.35432872969494
28112664,-4.919216,-5.239049,2.139247103691101,74.79891707070794,214.59586648647996
28112664,-4.919216,-5.239049,2.139247103691101,74.79891707070794,214.59586648647996
28092840,-3.602865,-3.400264,1.215505103691101,107.17778487946626,221.58250559739096
28092840,-3.602865,-3.400264,1.215505103691101,107.17778487946626,221.58250559739096
28108574,-2.915471,-0.069557,1.2458801036911011,125.15143411575237,142.46580796402233
28112665,-4.492834,-4.722568,1.848156103691101,83.39677545716737,217.77296050137656
28112665,-4.492834,-4.722568,1.848156103691101,83.39677545716737,217.77296050137656
28056562,-6.244619,-1.571628,3.509748103691101,6.406877743362486,65.78594433003258
28104890,-6.296638,-1.67721,0.02265610369110105,162.43419102469295,129.1755024950063
28104891,-3.574886,-0.058435,1.556610103691101,104.96133790151654,108.02838329038642
28103410,-3.179803,-4.268832,3.191561103691101,9.292448016864569,244.893494061508
28103410,-3.179803,-4.268832,3.191561103691101,9.292448016864569,244.893494061508
28112666,-4.553657,-4.856991,1.4005161036911011,99.03416178789374,220.01503069176655
28106113,-1.747688,-11.729263,3.099495103691101,39.0811313452104,340.91221283476955
28112667,-4.683012,-5.061911,2.0213071036911012,77.85759322938151,217.8436367251915
28112667,-4.683012,-5.061911,2.0213071036911012,77.85759322938151,217.8436367251915
28111579,-3.239459,-0.468676,1.587793103691101,98.17495018799136,142.2333693809637
28111580,-2.545787,0.538817,0.583534103691101,185.45934407354616,140.67920623381212
28107078,-0.309015,1.554109,-0.012213896308898908,383.5865026940374,272.9034627833996
28107078,-0.309015,1.554109,-0.012213896308898908,383.5865026940374,272.9034627833996
28103414,-4.134577,-5.279938,0.8997161036911011,112.75213104545809,237.00430447710443
28103414,-4.134577,-5.279938,0.8997161036911011,112.75213104545809,237.00430447710443
28107910,-3.381331,-3.696595,0.3672991036911011,136.8449940724935,235.63648244248077
28112668,-4.319687,-4.671412,0.5088501036911011,127.3716077137052,225.614759536262
28112668,-4.319687,-4.671412,0.5088501036911011,127.3716077137052,225.614759536262
28103415,-4.334335,-6.198166,0.5820291036911011,118.92948358167752,243.63872957208585
28103415,-4.334335,-6.198166,0.5820291036911011,118.92948358167752,243.63872957208585
28107911,-4.318692,-5.543821,0.20548410369110104,131.7016282712464,237.32901423543743
28106116,-0.464208,-2.080389,0.8384611036911012,125.24964318128596,339.35305554263914
28112669,-4.080772,-4.272092,0.3101391036911011,135.3409570060238,226.19025412232563
28112669,-4.080772,-4.272092,0.3101391036911011,135.3409570060238,226.19025412232563
28111581,-2.608453,0.513836,0.44524910369110104,193.31991954238063,142.7311095758776
28103418,-2.709614,-3.209377,0.11892610369110113,149.49233146014265,248.73520110182403
28056577,-5.895536,-1.483992,3.070444103691101,28.71618261872797,79.72421607412574
28103420,-3.281973,-5.336431,0.8768941036911011,111.5125326375917,258.9032182819219
28103420,-3.281973,-5.336431,0.8768941036911011,111.5125326375917,258.9032182819219
28107079,-0.306812,1.604997,-0.011720896308898832,393.2273002363967,270.2975493832972
28107079,-0.306812,1.604997,-0.011720896308898832,393.2273002363967,270.2975493832972
28103423,-3.156484,-5.238206,1.0281421036911012,106.5409584562284,261.1485467641288
28103423,-3.156484,-5.238206,1.0281421036911012,106.5409584562284,261.1485467641288
28095393,-0.909964,1.933863,0.020074103691101186,388.3671140662535,157.10722435577006
28106118,-0.127321,1.464547,-0.00799789630889891,385.8852677906753,308.0535766905772
28106119,-0.12706,1.557961,-0.02297989630889896,405.1274408571271,304.1142167970369
28106119,-0.12706,1.557961,-0.02297989630889896,405.1274408571271,304.1142167970369
28106120,-1.791596,-12.213886,3.9555881036911007,16.048562015697655,345.0149407519096
28112670,-4.180339,-4.505116,0.8819391036911011,116.2913597603735,225.43709969837747
28112670,-4.180339,-4.505116,0.8819391036911011,116.2913597603735,225.43709969837747
28103428,-1.775312,-1.072522,-0.0064838963088988955,186.25126428996583,245.5246766330795
28112671,-4.318197,-4.731714,0.7414971036911011,120.03144431413205,225.81433226766805
28112671,-4.318197,-4.731714,0.7414971036911011,120.03144431413205,225.81433226766805
28103429,-2.628671,-3.703587,0.000519103691100975,149.38233408685642,258.2166404207153
28103430,-1.898712,-2.320076,1.774775103691101,70.71094219357528,264.28377307985085
28103430,-1.898712,-2.320076,1.774775103691101,70.71094219357528,264.28377307985085
28106123,-0.540709,-7.410599,0.6264571036911011,106.56366673995116,351.3195611768818
28099948,-6.842703,-1.429632,-0.04925189630889881,165.96646662220007,113.85738355786512
28112672,-0.45685,2.034565,0.8381641036911011,438.54963859282816,148.50930284232413
28112673,-4.084663,-4.388345,1.903227103691101,79.54721202782923,222.62927934476568
28112673,-4.084663,-4.388345,1.903227103691101,79.54721202782923,222.62927934476568
28112674,-4.035209,-4.377205,0.5799111036911011,126.3527632588252,228.02243387661792
28112674,-4.035209,-4.377205,0.5799111036911011,126.3527632588252,228.02243387661792
28107916,-2.309606,-1.352871,2.0323961036911014,53.27599475628227,216.1150280101845
28107916,-2.309606,-1.352871,2.0323961036911014,53.27599475628227,216.1150280101845
28112675,-4.059096,-4.32519,2.372552103691101,59.76161766718173,220.41865643435932
28112675,-4.059096,-4.32519,2.372552103691101,59.76161766718173,220.41865643435932
28108585,-2.631599,0.13387,1.121567103691101,136.85428720635633,146.84357283558495
28112676,-4.157558,-4.595017,1.6550101036911011,89.1951094813002,224.9065664801176
28112676,-4.157558,-4.595017,1.6550101036911011,89.1951094813002,224.9065664801176
28056619,-5.825549,-1.758298,3.077594103691101,29.42519767027952,93.2788295476414
28112677,-4.131024,-4.580945,1.279709103691101,102.55314956183544,226.56204405421985
28112677,-4.131024,-4.580945,1.279709103691101,102.55314956183544,226.56204405421985
28113226,-3.648015,0.191645,2.114538103691101,58.3497959129223,68.76697362330918
28056624,-6.138035,-1.975379,3.5167411036911007,8.694047839533113,86.31591031944134
28107087,-0.759837,-3.275818,0.3398221036911011,140.61671169319362,325.6241925149193
28103443,-1.920649,-2.354406,1.0101661036911012,116.85945211657943,263.708974096892
28103443,-1.920649,-2.354406,1.0101661036911012,116.85945211657943,263.708974096892
28103446,-1.999595,-2.469603,0.635170103691101,135.00238329271565,262.2623416416634
28103446,-1.999595,-2.469603,0.635170103691101,135.00238329271565,262.2623416416634
28108593,-5.642418,-3.207799,0.7935611036911011,127.32364334395226,170.09799804990294
28108593,-5.642418,-3.207799,0.7935611036911011,127.32364334395226,170.09799804990294
28111595,-2.918147,-0.237611,1.2581091036911012,122.39731404996996,150.86092992634497
28112678,-4.113256,-4.567591,0.7292851036911011,120.81689812125198,228.414989970644
28112678,-4.113256,-4.567591,0.7292851036911011,120.81689812125198,228.414989970644
28056638,-6.17271,-2.151053,3.180848103691101,30.310208454509336,99.55746998600448
28107089,-0.701892,-3.637299,-0.032108896308898904,152.8926645326495,327.67955211620773
28104920,-2.895801,-0.137798,1.958818103691101,63.2560318982745,128.58749750399954
28111596,-3.096218,-0.40029,1.176752103691101,126.77925122157194,152.96771600392088
28112680,-4.012134,-4.511265,0.8794851036911011,116.03113777392204,229.6833109612168
28112680,-4.012134,-4.511265,0.8794851036911011,116.03113777392204,229.6833109612168
28112681,-3.292691,-3.325488,0.655482103691101,128.88371113909915,231.47274533227292
28112681,-3.292691,-3.325488,0.655482103691101,128.88371113909915,231.47274533227292
28112682,-4.047301,-4.63241,1.708639103691101,86.6933522192279,228.1875944847892
28112682,-4.047301,-4.63241,1.708639103691101,86.6933522192279,228.1875944847892
28106135,0.001111,1.4895,-0.002499896308898908,405.2405130512884,332.1309595432836
28112683,-4.093957,-4.77495,0.675354103691101,121.5584729657297,231.88695862980083
28112683,-4.093957,-4.77495,0.675354103691101,121.5584729657297,231.88695862980083
28111597,-2.911651,-0.200187,1.133840103691101,131.6486923596572,151.84547536637456
28112684,-3.622798,-3.937531,1.786435103691101,82.20247750989773,228.44844949302237
28112684,-3.622798,-3.937531,1.786435103691101,82.20247750989773,228.44844949302237
28113227,-4.847099,-0.347722,2.009345103691101,81.35096929359679,73.96019520396379
28095439,-4.861305,-4.366426,0.1031341036911011,140.97409302820438,210.6820340837888
28112685,-3.720625,-4.104237,2.167231103691101,66.15586600650994,227.12136179902544
28112685,-3.720625,-4.104237,2.167231103691101,66.15586600650994,227.12136179902544
28103457,-2.895289,-0.11047,0.026693103691101117,197.91246620105548,167.86840043145372
28111599,-5.635954,-3.288598,1.731516103691101,94.36132404048377,164.1603038211549
28111599,-5.635954,-3.288598,1.731516103691101,94.36132404048377,164.1603038211549
28112687,-4.241222,-5.159313,0.788049103691101,116.77215996112244,233.22129661418492
28112687,-4.241222,-5.159313,0.788049103691101,116.77215996112244,233.22129661418492
28056654,-5.968318,-2.118134,3.2997441036911015,20.799605540401014,100.40085752508938
28103461,-2.366429,0.451892,0.02793010369110105,218.9030967480832,165.80511994740698
28112688,-4.136192,-4.974712,0.43515210369110113,127.89758798061968,234.0669379830633
28112688,-4.136192,-4.974712,0.43515210369110113,127.89758798061968,234.0669379830633
28070541,-3.1899,-5.254126,0.026040103691101102,137.67527578252876,260.5711564509729
28108603,-2.896568,-0.046877,-0.0018808963088989827,200.79623433197935,165.764230512103
28111605,-3.730586,-0.787169,0.12751010369110105,175.79394113239044,162.13792360601093
28111607,-2.823016,-0.697694,2.056371103691101,55.388744338808095,162.02284218669078
28106141,1.169284,-18.724453,-0.002043896308898896,98.0698009784867,386.083140930883
28084536,-1.715151,2.082958,-0.015157896308898966,345.7910333539651,74.34005411847204
28087347,-1.213525,1.534258,-0.016262896308898878,314.91564051697327,169.80175669507207
28087347,-1.213525,1.534258,-0.016262896308898878,314.91564051697327,169.80175669507207
28112689,-4.8407,-6.222304,0.029172103691101015,133.307795339222,234.48304224310888
28112689,-4.8407,-6.222304,0.029172103691101015,133.307795339222,234.48304224310888
28059608,-6.031981,-1.153662,3.401009103691101,5.45394651609692,51.36675954524463
28111608,-5.596448,-3.166389,0.932901103691101,122.92370382755,169.0864111643541
28111608,-5.596448,-3.166389,0.932901103691101,122.92370382755,169.0864111643541
28113231,-3.606822,0.040456,2.0430331036911014,65.10605287520227,84.560637399896
28056660,-5.943129,-2.155076,3.133196103691101,30.3581064984632,105.56661145300762
28056661,-6.137462,-2.321786,3.072486103691101,36.815303972920674,108.5967884866875
28087351,-5.123714,-4.925026,-0.006329896308898908,140.70796811365994,213.53971241594328
28087351,-5.123714,-4.925026,-0.006329896308898908,140.70796811365994,213.53971241594328
28113232,-4.443037,-0.47173,2.056403103691101,74.47889354112763,90.27126774902604
28097713,-1.324261,2.012813,-0.011797896308898936,365.1155625381944,110.26148612641803
28112690,-3.442634,-3.706761,1.896201103691101,76.39416182143475,229.48370337609936
28112690,-3.442634,-3.706761,1.896201103691101,76.39416182143475,229.48370337609936
28112691,-3.85661,-4.527886,1.048405103691101,109.95869108877224,233.4319520258987
28112691,-3.85661,-4.527886,1.048405103691101,109.95869108877224,233.4319520258987
28112692,-3.807384,-4.52648,1.473010103691101,94.67532712439606,233.6341177732084
28112692,-3.807384,-4.52648,1.473010103691101,94.67532712439606,233.6341177732084
28092904,-3.283264,-4.191644,2.540964103691101,45.16672800825359,241.35952744309844
28092904,-3.283264,-4.191644,2.540964103691101,45.16672800825359,241.35952744309844
28092905,-2.42063,-2.530343,1.780397103691101,75.13634985480707,244.20175599501957
28108608,-2.357162,0.375171,0.014382103691101156,217.24370782701143,170.0694403297448
28111616,-5.5826,-3.149226,0.36995110369110107,140.85578143691862,173.34671296249178
28111616,-5.5826,-3.149226,0.36995110369110107,140.85578143691862,173.34671296249178
28103468,-2.29882,0.340535,0.039351103691101175,215.4791761467642,173.93293296852727
28103468,-2.29882,0.340535,0.039351103691101175,215.4791761467642,173.93293296852727
28103469,-5.569093,-3.237632,0.8372491036911011,125.67297881375904,171.89932993311697
28103469,-5.569093,-3.237632,0.8372491036911011,125.67297881375904,171.89932993311697
28059623,-6.293518,-1.465649,3.143984103691101,29.1442156586418,68.94326630837764
28111617,-4.658623,-1.994243,0.0146041036911011,162.3998027614575,171.65419017378713
28078188,-1.822177,2.472882,-0.009729896308898978,392.8519244210289,5.244867355886328
28108612,-0.932346,1.846346,-0.006033896308898834,372.93307981576487,166.016333771335
28108612,-0.932346,1.846346,-0.006033896308898834,372.93307981576487,166.016333771335
28103472,-3.061284,-0.258192,2.060421103691101,56.454242416582986,125.92316186699358
28111623,-0.764892,1.931413,-0.03491589630889891,406.5148931419551,176.67630084039232
28107100,-0.541451,-2.181994,0.9080251036911011,119.94344701809383,335.7693714550419
28109301,-3.108693,1.545016,-0.030194896308898933,252.9864978386656,68.80967919179386
28092919,-2.215027,-2.231663,2.0139941036911013,57.33725872372938,246.33399675981056
28092919,-2.215027,-2.231663,2.0139941036911013,57.33725872372938,246.33399675981056
28107101,-0.586932,-2.328514,1.1329501036911012,104.0993096625969,336.5738905479998
28109302,-2.926141,1.624443,0.003018103691101004,259.1839838300799,67.09147517805499
28107103,-0.535426,-2.179597,1.042079103691101,110.990711242498,337.8495714350149
28056687,-5.780458,-2.203696,3.104568103691101,30.40841203537209,111.59148665174573
28109305,-4.792665,0.42137,0.3514741036911011,181.5007946933441,79.97675184951808
28056688,-5.863892,-2.286632,3.017240103691101,36.698484943971465,114.274817402242
28108620,-2.60116,-1.110334,2.0535231036911012,54.45467506529226,191.7137697979416
28108620,-2.60116,-1.110334,2.0535231036911012,54.45467506529226,191.7137697979416
28111625,-0.925684,1.781784,-0.0064198963088988314,363.5743313306112,173.55533792786002
28111625,-0.925684,1.781784,-0.0064198963088988314,363.5743313306112,173.55533792786002
28113239,-4.145283,0.214767,0.4755471036911011,174.8373854546182,103.68594977047567
28113240,-1.407996,2.02819,-0.01003889630889887,360.5332365569317,101.71945026387148
28084584,-5.202731,-2.715548,3.190492103691101,22.24363516995888,142.39360562636483
28084584,-5.202731,-2.715548,3.190492103691101,22.24363516995888,142.39360562636483
28078212,-2.948889,2.046823,-0.003122896308898948,283.73863540569386,25.46840987920092
28111628,-2.71392,-1.161677,2.070981103691101,54.848521429399,188.09263208854856
28113242,-2.200579,0.771147,1.861086103691101,56.45916572569601,89.75018010958246
28113243,-3.10992,1.069483,-0.22120089630889894,242.90126043929692,108.26720339862796
28112697,-3.153534,-3.625031,2.2200931036911014,58.44431975821428,236.50224256075623
28112697,-3.153534,-3.625031,2.2200931036911014,58.44431975821428,236.50224256075623
28112698,-2.795017,-2.965894,2.218355103691101,53.16231204879952,236.67534229487416
28112698,-2.795017,-2.965894,2.218355103691101,53.16231204879952,236.67534229487416
28112699,-3.936796,-5.190131,2.705728103691101,46.80068935500074,236.96617146669632
28095488,-0.517798,1.479022,-0.01642089630889898,353.07765229025244,247.1195743962786
28095488,-0.517798,1.479022,-0.01642089630889898,353.07765229025244,247.1195743962786
28103481,-0.99151,1.903749,0.038289103691101056,374.1687765266457,151.2055849861854
28103481,-0.99151,1.903749,0.038289103691101056,374.1687765266457,151.2055849861854
28097755,-6.821812,-0.366344,0.1667191036911011,170.26453060580317,77.84252376821868
28056696,-5.782996,-2.198582,3.446632103691101,10.15816432635495,104.9390599086232
28056697,-5.681656,-2.174517,3.2298401036911013,21.69217581276453,110.48210674166172
28112701,-3.172374,-3.852813,2.346812103691101,52.75460644956237,239.66838760527529
28112701,-3.172374,-3.852813,2.346812103691101,52.75460644956237,239.66838760527529
28108623,-0.927965,1.759238,-0.0027018963088989434,359.8283777615203,175.45458109358972
28108623,-0.927965,1.759238,-0.0027018963088989434,359.8283777615203,175.45458109358972
28103487,-3.842606,-3.120002,0.08796410369110119,150.5206757383954,214.72735045147664
28103487,-3.842606,-3.120002,0.08796410369110119,150.5206757383954,214.72735045147664
28112702,-4.411217,-6.671813,0.9816361036911011,106.86152932987902,246.46134429697491
28112702,-4.411217,-6.671813,0.9816361036911011,106.86152932987902,246.46134429697491
28112703,-4.457831,-6.814514,1.350474103691101,96.49276503571744,246.5358219259169
28112704,-3.649213,-5.054434,2.247673103691101,63.55355170134965,244.03898305950156
28113248,-4.009107,0.094065,0.48656110369110106,172.7029413209836,113.1337840094447
28056713,-5.780774,-2.413946,3.479570103691101,10.258070405217808,112.77528219102504
28056714,-5.813181,-2.466457,3.292578103691101,22.04309778908825,117.2292242247685
28059668,-6.115246,-1.586531,3.4782851036911007,6.617704848379901,69.93108276482101
28112705,-5.482765,-9.262236,1.411499103691101,94.0977413360446,249.13615483745252
28111643,-2.38719,-0.302132,-0.06773189630889886,202.08410324125705,196.55353098609103
28111643,-2.38719,-0.302132,-0.06773189630889886,202.08410324125705,196.55353098609103
28112706,-2.433773,-2.864533,0.3688411036911011,143.17647611010074,252.30862812990836
28081764,-5.033745,-5.155101,3.508230103691101,21.31274069909196,204.20860410742836
28081764,-5.033745,-5.155101,3.508230103691101,21.31274069909196,204.20860410742836
28056725,-5.62922,-2.402186,3.089662103691101,30.812201542662507,122.61246318356848
28112707,-3.525681,-5.013983,2.480054103691101,52.83085549516309,246.68909420167785
28112707,-3.525681,-5.013983,2.480054103691101,52.83085549516309,246.68909420167785
28112708,-2.313506,-2.803321,0.6840941036911011,130.25776262177953,255.38603696587944
28112708,-2.313506,-2.803321,0.6840941036911011,130.25776262177953,255.38603696587944
28109340,-4.840352,-0.385456,0.1411481036911011,177.08325911738245,118.03311163694556
28056734,-5.796868,-2.604423,3.299848103691101,22.49428068699291,122.36461816405232
28112710,-11.934284,-4.505912,-37.9751038963089,382.9163747407823,210.9142603616637
28092954,0.009453,1.610802,-0.008928896308898926,434.8385877820407,330.5291069412342
28112711,-3.182885,-4.758523,1.407578103691101,94.3082443504206,254.4975444200637
28112711,-3.182885,-4.758523,1.407578103691101,94.3082443504206,254.4975444200637
28103522,-3.064454,-2.852845,0.01366410369110116,156.27422772719655,232.29070606157137
28103522,-3.064454,-2.852845,0.01366410369110116,156.27422772719655,232.29070606157137
28059690,-6.13866,-1.797828,3.1528141036911013,29.09846314107733,86.60552155993676
28104958,-2.363321,0.296856,-0.007278896308898997,215.8454298140954,173.67588529295563
28056748,-5.748529,-2.697819,3.145581103691101,30.982661196735023,129.02902643187426
28112716,-2.188193,-2.676325,1.527061103691101,88.15283287885572,257.6033994272991
28107108,-0.406746,-2.199977,0.6452301036911011,136.0374299472795,341.351304613544
28090330,-6.901563,-0.404192,1.0665661036911012,136.681960834142,59.93175914491076
28107931,-3.511511,-4.292263,1.9263221036911011,75.50909420513156,237.27371226975745
28107931,-3.511511,-4.292263,1.9263221036911011,75.50909420513156,237.27371226975745
28110007,-4.177173,1.1807,0.9198441036911011,168.35626494539727,26.08368030806318
28107110,-0.115294,1.382216,-0.01917889630889902,373.1526725395453,312.7799347795033
28090336,-6.924345,-0.419734,0.39071810369110105,161.787058680619,73.9287705715872
28113257,-2.910295,0.107676,1.722709103691101,86.29671798449138,118.68190908523071
28103536,-3.705623,-4.185736,1.293704103691101,101.83888867206907,231.69460931223668
28103536,-3.705623,-4.185736,1.293704103691101,101.83888867206907,231.69460931223668
28113258,-2.64893,0.567355,1.1307721036911011,143.64543638456814,117.69748169595488
28103538,-2.759883,-2.286371,1.464998103691101,95.9869332611681,225.91020322626449
28103538,-2.759883,-2.286371,1.464998103691101,95.9869332611681,225.91020322626449
28110019,-2.973615,1.794991,0.019988103691101156,266.21881239407827,49.19029644510175
28113259,-2.962202,0.142062,1.5316261036911012,104.36352814584951,120.1005781486158
28103542,-2.826147,-2.293602,1.8806091036911012,72.34119014486922,221.2343241962084
28097816,-1.249706,2.112486,-0.015973896308898894,387.6469784537768,102.80462210382171
28097816,-1.249706,2.112486,-0.015973896308898894,387.6469784537768,102.80462210382171
28059714,-6.231546,-2.073926,3.2031971036911013,29.22955100858374,94.8992949388213
28112724,-0.483732,1.751582,0.41674110369110107,373.0788661941809,223.7290616130368
28112724,-0.483732,1.751582,0.41674110369110107,373.0788661941809,223.7290616130368
28103545,-2.598348,-2.664927,-0.004695896308898995,159.60421682458428,243.9952945342544
28103545,-2.598348,-2.664927,-0.004695896308898995,159.60421682458428,243.9952945342544
28104975,-4.385264,-2.820628,0.11711010369110109,151.6579739001454,195.29453387367664
28103550,-3.936411,-5.034472,1.645102103691101,88.09025076086292,237.12182473533088
28103550,-3.936411,-5.034472,1.645102103691101,88.09025076086292,237.12182473533088
28113261,-3.257005,0.112622,1.078934103691101,139.991662186582,122.77148101682585
28113263,-2.856686,0.409089,1.036993103691101,148.0672117071938,122.21322204402696
28113264,-2.814589,0.378541,1.1031331036911012,142.40122774442517,124.04714084290262
28111654,-2.359291,-1.400838,2.041750103691101,53.45648511254265,215.093561215458
28111654,-2.359291,-1.400838,2.041750103691101,53.45648511254265,215.093561215458
28104979,-2.672277,-0.999272,1.9874241036911011,60.56947120014499,184.5053008252065
28104979,-2.672277,-0.999272,1.9874241036911011,60.56947120014499,184.5053008252065
28109349,-3.405247,-0.003321,1.560243103691101,103.98708916239237,110.7301757915777
28103560,-3.453499,-5.266971,0.0995011036911011,135.5959860537372,254.1678491373929
28103560,-3.453499,-5.266971,0.0995011036911011,135.5959860537372,254.1678491373929
28103564,-0.713785,1.403283,-0.01667189630889898,329.48351043621074,228.21011397207644
28103564,-0.713785,1.403283,-0.01667189630889898,329.48351043621074,228.21011397207644
28059737,-6.164026,-2.170304,3.1919651036911008,29.721677992099217,100.2689666560557
28107115,-0.441222,-6.9998,0.980035103691101,95.45232581205045,356.6638360168033
28095557,-3.251183,-4.223377,2.754524103691101,34.017242803325445,242.50965373243392
28095557,-3.251183,-4.223377,2.754524103691101,34.017242803325445,242.50965373243392
28113266,-2.64487,0.32851,1.463235103691101,109.99014562816566,124.00393069448847
28113267,-2.76214,0.517576,0.7970551036911011,168.49077752189422,126.42383128023684
28087514,2.338086,-20.652918,0.6769581036911011,83.8111937549433,407.1911150155347
28113269,-2.78393,0.397021,1.0015671036911011,150.65343391346005,127.19433198037709
28078316,-5.857717,-2.24914,3.561814103691101,4.6454113964964,102.99493003359596
28100087,-4.589779,-4.651533,0.8456481036911011,117.57740523842637,218.0699406491316
28101840,-5.49974,1.115709,0.06455010369110115,203.62554743280768,36.50707899798451
28049695,-6.371574,-1.919486,3.359935103691101,20.823134714208862,82.52634338563598
28097857,-3.221657,0.58515,1.922555103691101,70.1429159906819,58.117565120172486
28113271,-1.109438,1.989467,-0.0036768963088988915,379.7522999036293,131.22413052165058
28105007,-3.959595,-2.973522,0.06778710369110108,152.33525533590472,209.15937178102615
28105007,-3.959595,-2.973522,0.06778710369110108,152.33525533590472,209.15937178102615
28112733,-2.057334,-2.917026,1.6557651036911012,79.60166228187873,267.61289296654746
28110051,-1.503652,2.093029,-0.0030848963088989656,361.7443454604555,85.59033295004241
28103578,-1.923928,-2.366788,1.756567103691101,72.21749268873842,263.9367125526824
28062105,-5.976956,1.510512,-0.013248896308899027,211.8620777839066,8.040708021732485
28103580,-2.024724,-2.538609,2.0083451036911013,56.66502885731472,262.3622205258952
28101849,-3.022236,2.013401,0.04833810369110103,276.17775584097546,23.74671319158688
28049702,-6.121475,-1.789117,3.1413511036911013,29.49925681217931,86.84158767013707
28056844,-3.135615,-0.894845,1.738261103691101,84.9935729505766,163.36527181061123
28107121,-0.042599,1.680166,-0.01027789630889897,444.8580021901283,316.692708155635
28107121,-0.042599,1.680166,-0.01027789630889897,444.8580021901283,316.692708155635
28112737,-2.937804,0.781728,-10.6136428963089,412.8653760104869,216.4288505860036
28103591,-3.395265,-7.706877,2.672307103691101,51.36123135972906,279.5670446204825
28103591,-3.395265,-7.706877,2.672307103691101,51.36123135972906,279.5670446204825
28101853,-7.008219,-0.448397,0.8747471036911011,143.8247932101405,64.09641895618012
28084738,-3.177367,-4.263731,3.2823651036911015,3.8551691086599646,244.70272449140737
28084738,-3.177367,-4.263731,3.2823651036911015,3.8551691086599646,244.70272449140737
28113273,-2.749732,0.138153,1.5922131036911011,97.15374945921371,128.12169749642055
28095583,-1.911502,-2.326523,1.6590661036911012,78.5182332691252,263.7410813086455
28095583,-1.911502,-2.326523,1.6590661036911012,78.5182332691252,263.7410813086455
28113274,-2.688528,0.376752,1.143035103691101,139.1352688065868,128.66672355341987
28105021,-2.500118,-1.559904,1.999371103691101,59.40999809314161,213.7330069283411
28110061,-3.092592,0.238176,2.037036103691101,56.63695000574026,89.15144438167093
28105022,-4.032864,-3.699555,0.037453103691101,147.4619712391011,219.6817801866713
28105022,-4.032864,-3.699555,0.037453103691101,147.4619712391011,219.6817801866713
28084746,-1.068208,1.626875,-0.009546896308898933,332.8885358675662,174.37246796930197
28084746,-1.068208,1.626875,-0.009546896308898933,332.8885358675662,174.37246796930197
28056863,-2.744684,-0.494721,1.965423103691101,61.65954863829006,157.02570950609953
28084747,-1.015404,1.807146,-0.0035798963088988778,359.77628874014147,161.64954162278443
28084747,-1.015404,1.807146,-0.0035798963088988778,359.77628874014147,161.64954162278443
28059782,-5.756823,-2.187921,3.2524741036911013,21.431955528161865,108.82887859742816
28059786,-5.884107,-2.359422,3.130068103691101,31.191463747370108,114.51741115117278
28113275,-2.704325,0.50015,0.7908661036911011,168.81325816137775,130.24148505939567
28100124,-3.726094,-4.764791,2.834781103691101,37.54195227023038,236.1267146497049
28101867,-3.26132,0.6645,1.957255103691101,66.66293714385509,46.83787833281852
28084763,-0.894183,1.529707,-0.007435896308898959,332.3442827493316,199.52004536105255
28084763,-0.894183,1.529707,-0.007435896308898959,332.3442827493316,199.52004536105255
28105034,-3.82229,-4.331868,1.2868201036911011,102.05092720348031,230.795242353143
28105034,-3.82229,-4.331868,1.2868201036911011,102.05092720348031,230.795242353143
28107125,0.187747,-8.041706,0.09683810369110102,119.11420982704392,371.0253683977146
28112744,-8.908875,-2.146457,-39.6345198963089,415.2130745618317,219.75340229356124
28059802,-5.777926,-2.353193,3.271046103691101,21.94703375030068,114.27473022264672
28101872,-5.19845,0.33222,0.0548151036911011,190.5619341633281,82.37837612287379
28105040,-4.009454,-5.143489,1.5895001036911012,90.20102205856212,236.86313371364287
28105040,-4.009454,-5.143489,1.5895001036911012,90.20102205856212,236.86313371364287
28111665,-2.632382,-1.977953,1.851210103691101,72.2433094536666,221.23380734418964
28111665,-2.632382,-1.977953,1.851210103691101,72.2433094536666,221.23380734418964
28078373,-5.529146,-3.074496,3.5907781036911013,6.722374898030665,140.11669665429616
28078373,-5.529146,-3.074496,3.5907781036911013,6.722374898030665,140.11669665429616
28110075,-4.915695,-0.661611,0.21097210369110098,170.20937429022916,124.96982422743396
28107947,-4.015981,-6.341283,0.9059071036911011,109.02546253309708,251.75129664528717
28107947,-4.015981,-6.341283,0.9059071036911011,109.02546253309708,251.75129664528717
28049721,-5.888628,-1.75711,3.082904103691101,29.88162617382295,91.72124934570564
28107128,-0.00994,-5.859649,0.8684921036911011,100.9325196171838,371.42616836775767
28105042,-3.37214,-3.352391,0.060297103691101084,149.8266463270926,231.40080770922984
28105042,-3.37214,-3.352391,0.060297103691101084,149.8266463270926,231.40080770922984
28081955,-3.203354,-5.301164,1.146957103691101,102.45463239185224,260.5577217791443
28081955,-3.203354,-5.301164,1.146957103691101,102.45463239185224,260.5577217791443
28113277,-3.304472,-0.641728,2.1250211036911013,56.17637972268375,136.4406879005877
28084786,-1.742666,-11.898687,2.5924691036911014,53.30640286803802,339.0641345874287
28110724,-4.077504,1.297787,0.867772103691101,175.194329319443,20.882423676789983
28101881,-3.153716,1.514822,-0.05539789630889902,252.02191290141548,70.72992898309704
28103626,-1.414487,-5.708022,0.7206121036911011,111.19241925972712,317.16610693802585
28110730,-4.311531,1.091036,0.8138161036911011,172.5901392329189,34.83621636259679
28103627,-0.833801,-2.623248,0.20794510369110109,154.007476902655,315.99330301534013
28103630,-0.816224,-2.076251,0.6158101036911011,139.49282921611535,314.8104098039348
28101889,-2.868143,1.531011,0.018166103691101165,254.9018701564092,76.4072248372288
28110096,-2.901331,-0.016214,1.954589103691101,63.32441395435646,120.18661587056022
28095634,-0.590668,-2.235971,1.003800103691101,113.3891834007648,334.0959225814462
28105074,-2.688363,-3.393607,0.023084103691101143,151.257983013948,252.1854893808749
28101894,-2.843233,1.500829,0.023266103691101048,253.66676417197343,79.59668932947852
28113279,-2.703871,0.122859,1.5244551036911012,102.94955154815244,133.3478632199339
28059838,-5.783396,-2.694332,3.153309103691101,30.93011182454404,127.99033816926196
28105075,-3.104153,-5.123215,1.2856541036911011,97.73320709716104,261.2714666065691
28101898,-3.061272,1.312643,-0.052934896308898916,244.811580364926,88.82927897116514
28109381,-2.899084,0.180549,1.2800371036911011,125.48488828892305,127.78632966604832
28097953,-2.712688,-0.541958,1.963777103691101,61.52034018546962,161.16906706927665
28105076,-3.253262,-5.251659,0.576658103691101,121.31387462419195,258.8097878742021
28101901,-3.071344,1.261911,-0.0715748963088989,243.50524155642407,92.65377501591196
28105078,-1.942999,-2.293958,1.982089103691101,56.63039738969752,261.48579502229194
28110738,-6.907201,-0.384468,1.2346411036911011,129.9511633214094,55.256217119332376
28108661,-2.780813,-1.982031,1.7900751036911011,77.49785921684321,215.3934975598712
28084824,1.283282,-18.744253,3.6462501036911013,29.486347923894183,408.9467509700223
28113280,-2.040941,0.916236,0.9364741036911011,172.75792142630695,129.55525881531128
28103641,-0.742801,-4.333745,0.13164210369110108,139.9236684054459,330.9034249166048
28110739,-5.179724,0.74614,0.18545310369110113,192.94759831714,59.29753887633359
28101904,-3.050351,1.226014,-0.0703818963088989,242.346750436036,95.80226194614976
28100166,-1.693391,-5.394238,0.7020121036911011,113.73177011323595,305.8565779508435
28084831,-0.339236,1.572486,-0.00655389630889891,383.4609968115898,267.04210611645544
28095650,0.634345,0.525536,-0.0198388963088989,310.7406324614493,446.4430583933017
28097962,-2.66833,-0.601249,2.034533103691101,54.46830058775916,165.03972080978934
28084833,-0.327327,1.731177,-0.005920896308899026,416.4102474398444,258.5557271109409
28084833,-0.327327,1.731177,-0.005920896308899026,416.4102474398444,258.5557271109409
28090456,-4.72532,-4.453259,0.11722310369110112,140.05901463249097,214.7885967337368
28108663,-2.244467,-0.462585,-0.03609989630889898,197.8408319510161,207.6956388754348
28108663,-2.244467,-0.462585,-0.03609989630889898,197.8408319510161,207.6956388754348
28113281,-2.455519,0.69863,0.6402171036911011,186.9515649212411,133.38782764772895
28105089,-3.299728,-8.328203,2.721467103691101,50.5835010733062,286.79727673537235
28105089,-3.299728,-8.328203,2.721467103691101,50.5835010733062,286.79727673537235
28105091,-1.935186,-2.377079,0.860903103691101,124.56782191445048,263.44003475300127
28105092,-1.945603,-2.352838,0.3318251036911011,150.19445002953665,262.55058362435483
28105092,-1.945603,-2.352838,0.3318251036911011,150.19445002953665,262.55058362435483
28110101,-2.957422,0.223605,0.8300841036911011,159.10808063320854,134.6295581831109
28110742,-1.41561,2.405443,-0.017534896308898817,424.873101583464,40.768602150179646
28105096,-1.570667,-1.983948,-0.10747589630889887,175.52142054413656,272.2307108885525
28105097,-2.93763,-9.415586,1.9985981036911011,71.79912533670705,300.5990856763554
28105097,-2.93763,-9.415586,1.9985981036911011,71.79912533670705,300.5990856763554
28109387,-3.3197,-0.012007,0.7455131036911011,159.11658355861695,134.8625769969753
28095660,2.802124,-20.732651,2.1450871036911012,57.36353281279423,424.3355110555867
28103648,-0.511943,-2.138559,0.8210871036911012,125.89815656952398,336.3335489183153
28105102,-1.519916,-2.005249,-0.08720489630889894,174.49451485648234,274.82847392803086
28113284,-2.64986,0.246931,1.1732311036911012,134.50749740626452,137.90838928038806
28109389,-2.798528,0.082219,1.6663271036911012,90.37356071925942,127.32253227686
28068979,-5.181338,1.440418,0.019624103691101125,216.1802547634384,23.89874255294822
28105104,-2.83085,-9.535756,1.959697103691101,72.49407104025084,303.5562869182549
28105104,-2.83085,-9.535756,1.959697103691101,72.49407104025084,303.5562869182549
28067008,-1.69051,-3.953927,0.49403110369110104,129.18995520870544,293.2450444382912
28105105,-1.483617,-1.908541,0.03616510369110104,170.60375365513664,275.1755212008322
28109391,-2.811621,0.10424,1.537378103691101,102.47291957137053,129.12687121454127
28112284,-5.482218,1.186558,0.7766841036911011,171.25913901530208,6.874693116464471
28101916,-4.893523,-0.598645,0.10645610369110114,175.18436425913015,124.9739135818727
28103655,-0.941556,-11.991543,1.6787071036911012,73.57392684356628,353.25804733533715
28103656,-0.545833,-7.183352,0.8537621036911011,99.7458894188297,352.39332495546813
28103658,-0.947198,-12.269587,1.871132103691101,68.92539659872466,354.4307879257569
28097988,-2.481772,-0.723967,2.012597103691101,54.23547056835176,181.29164778014223
28105113,-2.199104,0.223183,0.06875410369110102,211.3265861313797,183.39049341000583
28110752,-3.096873,1.496971,-0.03206789630889895,251.10549545027305,73.08983995449566
28103661,-0.448957,-6.669584,1.2225651036911012,87.12018770850295,357.9701501353688
28112292,-5.155663,1.164521,0.694712103691101,176.72847794595353,17.19404151554201
28110106,-3.022396,-0.102855,1.442035103691101,110.24160657228416,135.0062803746421
28109398,-2.799863,0.027639,1.5747071036911011,98.54380177081232,133.50333474706292
28112297,-5.074565,0.712725,1.652117103691101,111.47361458921311,11.750257877378516
28110755,-3.71695,0.304192,2.113766103691101,58.99771579366816,57.24113463002397
28109400,-2.806421,0.127984,1.2570001036911012,126.3934973670552,135.70983764574154
28057021,-5.032705,-5.235007,3.689280103691101,13.70048108877117,204.75397556927575
28112299,-3.849374,0.985721,1.760599103691101,96.05861515191478,7.220741280577073
28108671,-3.971738,-4.150167,1.290802103691101,102.89504530970012,223.9322832455157
28108671,-3.971738,-4.150167,1.290802103691101,102.89504530970012,223.9322832455157
28112301,-4.189304,0.919873,1.585196103691101,113.99625366402148,15.685157501184364
28105118,-3.979105,-2.278419,0.06421210369110097,158.93121764669465,194.90977234836487
28087684,-1.579778,2.363206,-0.009400896308898954,397.9544579537702,37.99559342769811
28098014,-0.339777,1.572406,-0.005445896308899023,383.32515684046825,266.96388398445606
28112304,-4.181502,0.887276,1.625489103691101,110.25556435854128,16.756467657824402
28113287,-2.91738,-0.0628,1.3087391036911011,120.47787383630089,140.52078744654278
28101933,-2.685996,1.078879,0.009030103691101132,238.4529386048916,117.0990943285327
28110110,-2.837311,0.101119,1.253028103691101,126.45299324261924,136.03696020494164
28087688,-3.772601,0.447367,1.5866531036911011,107.3911350642024,66.46450181928876
28072618,-1.488134,2.345194,-0.01397589630889895,404.500640814828,47.241086157288095
28113288,-2.583818,0.645336,0.2991831036911011,206.75818389947983,139.95257530907918
28101938,-2.636873,1.020762,0.01960810369110111,236.3217171034481,122.57770264948724
28103669,0.264508,-9.430449,0.22879710369110118,110.6402723652838,374.0251857508906
28101941,-2.82821,0.824525,-0.04828689630889893,229.4654623977192,128.3134626991478
28101946,-2.785215,0.770101,-0.03586289630889894,227.50651045740287,132.7462058740868
28112308,-4.567088,1.089628,0.7645341036911011,174.24601995637056,31.27271759507579
28111687,-3.328366,-3.005857,0.30028510369110106,144.39189721391057,226.1162036334073
28112311,-4.4599,1.213611,0.5133441036911011,192.2491623087979,34.762219842477634
28105129,-2.661423,-0.76829,1.9775041036911012,60.40331182879501,174.7985893044883
28105129,-2.661423,-0.76829,1.9775041036911012,60.40331182879501,174.7985893044883
28105130,-4.082993,-3.44093,0.12542610369110108,146.6288706620881,213.92252063673843
28112315,-4.346213,1.313515,0.2818051036911011,208.56323375685355,39.34059995492973
28101947,-2.605883,0.88318,0.0075021036911011585,232.0493880052607,132.64608953364146
28105131,-2.061478,-0.326181,0.019095103691101123,199.9133210792885,211.20707800638013
28105131,-2.061478,-0.326181,0.019095103691101123,199.9133210792885,211.20707800638013
28101948,-5.69143,-3.248928,1.603790103691101,99.40063950387432,163.19714170314654
28101948,-5.69143,-3.248928,1.603790103691101,99.40063950387432,163.19714170314654
28105132,-2.599416,-0.729475,2.027285103691101,54.76251336682208,175.1677076199417
28105132,-2.599416,-0.729475,2.027285103691101,54.76251336682208,175.1677076199417
28109414,-2.501228,0.674637,0.008863103691101104,225.8117499536052,148.85818766433465
28109416,-2.821652,0.089679,0.6275431036911011,169.94174261429157,151.70359322549865
28069031,-4.723399,1.237867,0.08105810369110111,212.62448167300343,43.59280915241365
28105133,-4.057163,-3.561422,0.056546103691101024,147.8925550307157,216.8213059130773
28105133,-4.057163,-3.561422,0.056546103691101024,147.8925550307157,216.8213059130773
28113291,-2.473473,0.525308,0.8057051036911012,169.5716708812045,139.00405177344817
28111691,-3.435139,-4.139178,1.852274103691101,78.25783639356473,237.3000846841802
28111691,-3.435139,-4.139178,1.852274103691101,78.25783639356473,237.3000846841802
28105134,-2.164808,-0.576608,-0.015981896308898902,194.81181726654623,214.5718407423361
28105134,-2.164808,-0.576608,-0.015981896308898902,194.81181726654623,214.5718407423361
28105135,-2.030349,-0.354803,0.027303103691101116,199.02543823306812,213.5540276922391
28105135,-2.030349,-0.354803,0.027303103691101116,199.02543823306812,213.5540276922391
28105136,-1.166762,1.214212,-0.010848896308898848,288.176185023325,197.12739028162275
28105136,-1.166762,1.214212,-0.010848896308898848,288.176185023325,197.12739028162275
28113292,-2.591863,0.64755,0.22947510369110113,210.95438199715457,141.1895527469414
28109422,-1.030254,1.954282,0.018472103691101083,380.1005239605945,142.09026491820018
28109422,-1.030254,1.954282,0.018472103691101083,380.1005239605945,142.09026491820018
28112328,-7.040574,-0.341709,1.181843103691101,132.5821658250249,52.57499746560862
28110111,-2.665577,0.350237,1.007843103691101,149.4567573647078,135.29082730435124
28105140,-2.005156,-0.44884,0.021896103691101176,197.1686698251719,217.77409639068927
28105140,-2.005156,-0.44884,0.021896103691101176,197.1686698251719,217.77409639068927
28109431,-3.923932,-1.156636,0.02175410369110109,173.96921111028308,168.9673728333436
28109432,-2.903388,-0.042714,-0.0037998963088989868,200.93300127993228,165.37022372050032
28101957,-5.537546,-3.191878,1.257878103691101,111.59040622169212,168.22350249921018
28101957,-5.537546,-3.191878,1.257878103691101,111.59040622169212,168.22350249921018
28074905,-1.524164,-4.09916,0.7379751036911011,118.09447116999756,301.79997813771104
28107970,-2.593554,-4.607611,0.914002103691101,111.35079367012209,270.4071724486532
28113293,-3.902634,-0.538215,0.28064810369110105,172.3696374324864,146.29208107557355
28112332,-4.183158,0.255119,2.194050103691101,58.80133071161734,43.94912039746336
28105143,-2.088042,-0.742429,-0.01999989630889898,191.85825836820405,222.81639837111595
28105143,-2.088042,-0.742429,-0.01999989630889898,191.85825836820405,222.81639837111595
28109435,-5.464154,-3.413643,0.41884510369110106,137.6959681219642,180.54039947776909
28109435,-5.464154,-3.413643,0.41884510369110106,137.6959681219642,180.54039947776909
28070749,-0.567862,0.697874,-0.009283896308898809,271.3813710402818,277.2464538018796
28057107,-3.548319,-4.605514,1.2405331036911011,102.10863584141374,242.32640051276476
28057107,-3.548319,-4.605514,1.2405331036911011,102.10863584141374,242.32640051276476
28110771,-1.513617,2.094332,-0.0026128963088989376,361.1192451849699,84.69398213492292
28112763,-1.598849,-3.064566,-0.36216189630889883,170.41102047364495,284.89067489556044
28107974,-2.7625,-5.377304,0.7277591036911011,115.141566597934,273.38283428292823
28107974,-2.7625,-5.377304,0.7277591036911011,115.141566597934,273.38283428292823
28100221,-0.95812,-13.05662,2.037259103691101,65.41441185665664,355.80784354915653
28107975,-2.767542,-5.458737,0.5932161036911011,119.15258779516353,273.9078325198687
28107975,-2.767542,-5.458737,0.5932161036911011,119.15258779516353,273.9078325198687
28100225,-0.726494,-12.122988,3.6687901036911015,17.08909974616597,370.6959058797172
28112340,-5.056153,0.65343,0.01797610369110103,199.08260492701243,71.16093214541763
28112341,-7.210379,-0.505775,0.4069551036911011,159.87149890845052,72.2270719190766
28112764,-0.516049,1.210225,-0.010007896308898978,319.0387293362504,262.2534706129204
28098090,0.048895,1.532522,-0.009048896308898824,421.4357547109125,341.08006161076713
28100228,1.803432,-9.419423,-0.06674689630889885,116.16968472203293,419.2978942430782
28107977,-2.664497,-5.024126,1.035285103691101,105.62689040237484,272.90528746984387
28107977,-2.664497,-5.024126,1.035285103691101,105.62689040237484,272.90528746984387
28059963,-3.088323,-0.991998,1.7744901036911012,81.81287089814498,168.84582041728166
28059963,-3.088323,-0.991998,1.7744901036911012,81.81287089814498,168.84582041728166
28098098,0.042032,1.231344,0.005196103691101017,361.1700584095408,345.2179625094758
28105166,-3.124609,-3.174975,0.243323103691101,145.09968951401711,235.18065700295068
28113294,-3.67651,-1.270845,2.220559103691101,56.26415803095975,150.36844390418923
28057127,-3.456609,-4.759511,1.2465681036911012,101.18475715458202,246.92359804668396
28078563,-3.23928,-4.231962,3.3475901036911013,0.5053026940015286,241.70132902805335
28078563,-3.23928,-4.231962,3.3475901036911013,0.5053026940015286,241.70132902805335
28090596,-4.169231,-2.810487,0.17773310369110118,149.89961223527308,200.11688097627936
28098111,0.301117,1.111221,-0.012887896308898972,366.4657345293344,395.59478410653367
28107982,-1.829041,-2.31208,1.8206821036911012,66.84556876727245,267.7381288671316
28107982,-1.829041,-2.31208,1.8206821036911012,66.84556876727245,267.7381288671316
28101981,-2.978291,-0.063112,0.3219151036911011,183.374668115741,158.07312304768587
28105174,-4.092982,-5.148906,0.45276210369110104,126.5178763743548,237.2099049274244
28105174,-4.092982,-5.148906,0.45276210369110104,126.5178763743548,237.2099049274244
28113295,-2.645575,0.107333,1.299096103691101,122.17469789782446,143.29218351925937
28110780,-1.296716,2.133304,-0.014237896308898934,386.53682244936215,95.81912324561524
28107983,-1.861071,-2.393487,2.0167011036911013,53.54267485048104,267.8339779589232
28107983,-1.861071,-2.393487,2.0167011036911013,53.54267485048104,267.8339779589232
28074956,-0.903186,-12.15477,2.197549103691101,60.36291867418481,357.0958171347031
28074958,-0.871593,-12.159184,2.498831103691101,52.23863429905734,359.5576875584998
28074960,-0.837127,-12.035963,2.790185103691101,43.75098682857649,362.05643983415945
28107985,-2.181952,-4.519542,0.6080311036911011,122.15482779780368,282.14540802296034
28098121,-0.186427,-6.835969,0.16600210369110102,122.71432632175302,358.7372959541036
28111702,-2.45715,-2.68547,1.526850103691101,89.80903540991275,246.4415007289633
28111702,-2.45715,-2.68547,1.526850103691101,89.80903540991275,246.4415007289633
28111703,-0.776537,1.242896,-0.0008308963088989874,307.5917450679266,231.22302337095817
28111703,-0.776537,1.242896,-0.0008308963088989874,307.5917450679266,231.22302337095817
28098123,-0.599541,-2.255558,1.247789103691101,96.53883283404784,336.6816026515959
28098124,-0.391423,-6.996823,0.593978103691101,108.53113977804884,355.33155279204107
28105184,-3.990133,-5.099863,1.5104391036911011,92.94828201360627,236.92936583416767
28112356,-5.223654,0.194929,0.11744010369110103,185.52532648147545,86.49352694685669
28113297,-4.167856,-0.681484,-0.006786896308898838,181.16520982002268,147.9044072363149
28105187,-3.9839,-5.098642,1.636538103691101,88.50656764747106,236.80100688991823
28105187,-3.9839,-5.098642,1.636538103691101,88.50656764747106,236.80100688991823
28074978,-0.275451,-2.08901,0.16074010369110114,165.5941342475695,342.9127961225173
28110783,-4.678797,-0.095109,0.02950810369110113,186.88859753985295,112.83189233506654
28110115,-2.91268,-0.075817,1.431511103691101,110.69965295508152,138.44201522902046
28113298,-2.495509,0.648343,0.3175441036911011,206.76617667405185,143.3127953909725
28113299,-1.011591,1.925898,0.03364310369110113,376.2323166832877,146.69367186928267
28111706,-2.214599,-2.403957,1.654946103691101,81.17351642784027,250.92236607471932
28105196,-2.768176,-3.492837,-0.00544089630889899,151.29695033108612,251.1559987637897
28078612,-0.940353,-1.896211,0.11611010369110097,168.88360953667964,302.2868254343015
28113300,-2.777996,0.176939,0.8388211036911011,158.1323959633209,144.5218071756861
28098144,-0.486853,-16.569784,4.7896471036911015,4.190208430654792,381.7282048692799
28113301,-2.657507,0.486734,0.33005110369110113,199.19029868896084,144.77761684023864
28105203,-2.367361,-2.506196,0.9752701036911011,118.8732504986092,247.6809058507926
28113303,-4.026351,-1.63242,2.204969103691101,62.26260516395018,153.11176401955885
28078616,-0.450678,1.178337,-0.013419896308898949,319.5739284378733,271.77487712074395
28078616,-0.450678,1.178337,-0.013419896308898949,319.5739284378733,271.77487712074395
28098148,2.898072,-21.399199,0.921481103691101,78.54990542354574,416.85589201951245
28110119,-2.728965,0.256409,0.8584651036911011,158.49407767151973,141.82722160863193
28105213,-0.660507,1.675348,-0.0031368963088989066,369.8848625643653,214.0437320264855
28105213,-0.660507,1.675348,-0.0031368963088989066,369.8848625643653,214.0437320264855
28078627,-1.77217,-12.052408,2.326217103691101,60.51966395408135,337.58077357837726
28093272,-6.83272,-0.357271,0.07283210369110105,173.47524402671763,79.05892793750095
28113306,-3.128369,-0.039751,0.5613081036911011,169.92249459440055,146.98454469895074
28078630,-0.2901,1.479242,-0.010388896308898943,372.3491978087655,279.9378521431183
28078630,-0.2901,1.479242,-0.010388896308898943,372.3491978087655,279.9378521431183
28075012,2.391232,-19.463371,3.2828491036911007,34.2489704734935,427.7818831375386
28075016,0.709886,-4.961191,0.09871610369110106,135.6475891472353,395.9634214242552
28090662,-3.458019,-4.370111,2.173365103691101,64.46026576754207,239.55245783964693
28107993,-1.642867,-5.507376,0.761370103691101,111.0567893719906,308.53348416857443
28113308,-3.433425,-0.901503,1.779042103691101,84.59417312838306,151.27410035297288
28111708,-2.442643,-2.637138,0.878258103691101,122.82276369537593,247.36582322213408
28090671,-2.435384,-2.552106,1.903035103691101,67.77085275433635,243.7125945520789
28090671,-2.435384,-2.552106,1.903035103691101,67.77085275433635,243.7125945520789
28062392,-4.91552,1.335561,0.057646103691101125,214.3736760224021,34.26361744804677
28110123,-2.664841,0.112258,1.173467103691101,132.49615434659955,145.2567633891495
28105229,-2.358038,-4.374009,0.07815910369110113,141.6306272542816,274.32923489613574
28105229,-2.358038,-4.374009,0.07815910369110113,141.6306272542816,274.32923489613574
28111710,-3.598505,-5.416185,0.05697310369110098,136.0268818872458,252.3269634366208
28107997,-0.301121,1.597023,-0.010571896308898987,392.26315549315177,271.7130138869072
28107997,-0.301121,1.597023,-0.010571896308898987,392.26315549315177,271.7130138869072
28090687,-4.156262,-7.39655,3.5390321036911008,24.65113130644835,257.93558680746423
28090687,-4.156262,-7.39655,3.5390321036911008,24.65113130644835,257.93558680746423
28110124,-3.018307,-0.019207,0.5599071036911011,170.87840257233756,150.2750141169515
28105236,-1.759795,-3.828104,0.7450831036911011,119.82475909232204,290.14770565160114
28110800,-4.881048,-0.541539,0.03215710369110103,178.88163115727426,124.4719483299718
28111713,-3.851036,-7.176342,1.402884103691101,92.72545790797454,263.3019076751691
28090692,-3.152218,-4.233432,3.2771491036911007,3.4831467000586827,245.09134895373276
28090692,-3.152218,-4.233432,3.2771491036911007,3.4831467000586827,245.09134895373276
28110802,-3.048145,0.230054,1.503072103691101,108.1203323835922,111.43574045727657
28110126,-2.999346,0.023762,0.35641410369110105,183.27280041898368,152.88147569980293
28062410,-4.817337,1.278625,0.06804910369110106,213.3718517154464,39.5070654850808
28112366,-4.865146,-0.022326,0.2885191036911011,176.46114446090564,100.22007226442618
28112367,-1.048975,2.28086,0.00709610369110103,444.8235538189257,91.07423253525825
28110806,-3.156,0.217135,1.238507103691101,129.8352814619222,116.0871020654818
28112368,-3.042433,0.331771,1.921817103691101,67.92488220363498,88.28939842011596
28110807,-4.880272,-0.625337,0.022134103691101137,178.0624940497692,127.5163812996906
28113312,-3.320716,-1.067512,2.158976103691101,55.56601835214195,156.08066691154426
28108001,-0.80449,-3.287184,0.07380210369110118,152.18996207130456,321.6520392773608
28093315,-1.815983,2.168402,-0.014044896308898824,349.4498517648611,56.68377705259383
28113313,-3.60346,-1.315351,2.1274611036911013,62.16562263380615,156.47615256219188
28105248,-2.415143,-9.779505,1.484632103691101,83.67907847854775,312.7938664083142
28108002,-1.31355,-6.163357,0.7734611036911011,107.49596148998336,323.1737600571086
28087845,-5.596886,-3.255083,2.091175103691101,80.1786391872208,160.8994493837551
28087845,-5.596886,-3.255083,2.091175103691101,80.1786391872208,160.8994493837551
28111718,-1.777714,-2.144164,1.413149103691101,93.70504329295208,266.7936330360978
28112785,-1.029973,-2.148383,0.205687103691101,160.21356803822647,301.1478195658767
28108003,-0.773111,-3.344748,-0.009222896308898942,155.07358212396045,322.869354740542
28113314,-2.813807,-0.034901,0.9902661036911011,143.90492020765984,150.72951623778292
28095891,-4.551865,1.398511,0.5495091036911011,194.19832433014884,17.308176065985037
28111720,-2.893964,-5.539041,0.6114361036911011,118.44697447449484,271.2633046135224
28105253,-2.150039,-10.394128,1.0856921036911011,92.39108322129653,319.80554474457915
28105254,-2.024099,-10.499022,0.9520601036911011,95.1506326730115,322.4604276787819
28112787,-0.365226,1.536636,-0.014843896308898819,375.14968394232784,265.140816636128
28112787,-0.365226,1.536636,-0.014843896308898819,375.14968394232784,265.140816636128
28110128,-2.62756,0.132628,1.071458103691101,140.7071507340064,148.30896025082703
28108004,-0.253792,1.432113,-0.01760689630889889,368.3985458943505,287.87865989834137
28108004,-0.253792,1.432113,-0.01760689630889889,368.3985458943505,287.87865989834137
28112792,-0.868387,-2.11537,0.3770141036911011,152.2104273501559,310.42962959099634
28102023,-4.758493,-4.970214,2.771423103691101,49.521854168185854,211.42328284164472
28102023,-4.758493,-4.970214,2.771423103691101,49.521854168185854,211.42328284164472
28067234,-0.14543,-5.835975,0.048495103691100994,131.97052214617162,358.0241062420064
28108007,-0.717348,-2.249593,0.873540103691101,122.05558832068628,324.76457384943944
28105264,-0.612908,-2.143174,0.9191091036911011,119.79749435598772,330.94488972804044
28112793,-0.809882,-1.900175,0.5738681036911011,144.19193080092043,312.92411392770833
28105265,-1.787143,-12.175406,2.3205871036911008,60.85497330273824,337.4983344432008
28112794,-1.317022,-4.764596,0.9198711036911011,106.94403090445014,315.81746567407544
28112796,-0.270079,1.612743,-0.031005896308898828,399.90901189896704,275.8558398803692
28112796,-0.270079,1.612743,-0.031005896308898828,399.90901189896704,275.8558398803692
28108008,-0.911172,-3.048728,1.504451103691101,79.8278367946983,326.14718617798644
28110833,-3.003156,-0.090887,1.433572103691101,110.90161944272909,135.35274690062164
28105267,-1.748525,-11.819169,2.8958061036911014,45.00491542542963,340.1308983972127
28113318,-2.845,-0.159563,1.024708103691101,139.6612809947335,154.8943507220508
28113320,-5.667437,-2.956274,1.010489103691101,121.4445060259956,162.36748778070194
28112799,-0.786915,-3.060351,0.8894221036911011,115.14642320780962,327.3819959647801
28105274,-0.423637,-2.21047,0.681701103691101,133.704756040651,340.7870701150355
28112800,-0.717524,-2.567144,1.004909103691101,111.49982967587157,328.70861400450434
28113321,-2.856668,-0.164846,0.9657601036911011,143.55875541786182,155.813483342702
28110835,-2.700595,0.087292,1.6127771036911012,94.48907060882463,133.25377091446927
28105279,-1.743352,-11.852304,4.046618103691101,11.156760590054205,346.0248348826485
28105281,-0.427298,-7.08546,0.12124710369110114,123.2786006173545,350.8224044429424
28087866,-4.28887,-5.878289,0.08599110369110119,133.21341948785886,241.8622658412071
28087866,-4.28887,-5.878289,0.08599110369110119,133.21341948785886,241.8622658412071
28112801,-0.715357,-2.502262,1.2181521036911012,98.275132334934,330.60140720094495
28110836,-2.745693,0.332958,0.8781441036911011,158.60913961862653,136.180689238382
28108699,-3.842651,-4.889586,1.7154311036911012,85.28637999307315,237.4026935412384
28112802,-0.792335,-4.52341,0.20936110369110117,135.48035973816653,330.40649907227913
28112803,-1.642307,-10.923666,1.7605091036911011,73.74103137814711,335.4455236829298
28112804,-0.883075,-4.562585,1.217179103691101,92.83609563885491,334.39345137262205
28113324,-2.441536,0.259783,0.8864221036911011,157.39418473243316,154.430510997771
28110838,-2.945861,-0.099233,1.437413103691101,110.2153539687722,138.18444218552304
28105284,-0.427723,-6.715365,0.3301471036911011,118.34030690930916,351.6372925609699
28087870,-3.164441,-5.319964,0.13254310369110112,134.22521134743306,261.8790213919375
28105285,-0.276966,-4.602418,0.058467103691101086,140.4891164497545,350.61559017351624
28112807,-0.173559,1.608004,-0.029995896308898873,410.3365510895756,293.1026861416643
28112807,-0.173559,1.608004,-0.029995896308898873,410.3365510895756,293.1026861416643
28110846,-2.65479,0.243949,1.058548103691101,143.58335921130023,140.8989449853289
28102031,-2.34283,0.222786,-0.01053589630889884,213.97147250656505,177.8680296073675
28110850,-2.701248,0.210392,0.9840551036911012,148.58870925214865,142.6053490550747
28108013,-1.84341,-12.755045,3.457521103691101,32.666364477394495,342.41548052257315
28110853,-2.939566,-0.182699,1.211360103691101,126.43362796597644,148.16088999319908
28113325,-2.676547,0.10652,0.7007221036911011,166.28625824334156,155.6169936307149
28111731,-5.337611,-3.112885,1.683063103691101,95.4449364500839,167.1851377940219
28098297,-5.229737,0.761114,0.08807410369110102,197.1243772901576,60.22110723915438
28105310,1.321008,-19.465996,2.277163103691101,58.24001208804242,399.8972455312037
28108015,-1.812739,-12.554686,3.620214103691101,27.33179527476139,343.4998391987001
28110859,-1.409498,1.567481,-0.018552896308899003,308.40241384284377,151.54286853963578
28110859,-1.409498,1.567481,-0.018552896308899003,308.40241384284377,151.54286853963578
28110860,-1.008187,1.884784,0.047268103691101127,369.0282651840356,151.3278407623528
28110860,-1.008187,1.884784,0.047268103691101127,369.0282651840356,151.3278407623528
28110862,-3.789881,-0.861051,0.10429110369110117,175.41134907038202,163.0138634030058
28067291,0.264475,-4.714257,0.03334310369110116,140.48421558796937,374.4057517930832
28110864,-2.872666,-0.741109,2.070056103691101,55.13510857763595,161.60552714704377
28110865,-5.555882,-3.203893,0.9402321036911011,122.43900605877737,170.6725969527375
28112813,-0.069045,1.608058,0.02087910369110113,421.5036756314609,314.71051419857866
28105316,3.559235,-23.749157,-0.18621389630889884,93.06420320849386,416.8246877570859
28095928,-6.789185,-0.488258,0.09179010369110108,171.4523302803443,83.97800885592804
28110870,-6.534652,-3.896951,-0.46773789630889895,157.78027510885977,174.62130607906442
28110871,-4.406151,-1.745197,0.09528110369110099,162.7074694749578,171.0726610443232
28110872,-2.854707,-0.862422,2.072137103691101,55.29874333823389,168.30250869553964
28111733,-4.415058,-2.093682,0.29342410369110106,152.04432761670444,177.59288138951246
28111733,-4.415058,-2.093682,0.29342410369110106,152.04432761670444,177.59288138951246
28110874,-3.036596,-0.894227,1.635728103691101,91.5577754697891,169.1080011264973
28110874,-3.036596,-0.894227,1.635728103691101,91.5577754697891,169.1080011264973
28095936,-3.607281,0.442597,1.715181103691101,95.18489542668227,66.86653647571461
28110876,-2.582595,-0.58377,1.952359103691101,60.81722077400116,170.12810785008864
28095937,-2.114653,2.315866,-0.021744896308898864,347.8605924644087,21.249423820860613
28082396,-1.613144,2.312756,-0.01952989630889901,386.6335933755892,45.95562457980853
28111737,-3.777212,-1.86828,0.34223610369110113,153.08849444322013,189.049638461138
28111737,-3.777212,-1.86828,0.34223610369110113,153.08849444322013,189.049638461138
28112817,-0.051609,-4.125424,1.632471103691101,65.02928730390582,381.1047146110485
28109488,-4.076548,-3.601,0.2340181036911011,142.01855759435335,216.2794139054084
28109488,-4.076548,-3.601,0.2340181036911011,142.01855759435335,216.2794139054084
28082412,-3.707414,0.533086,1.7443041036911011,93.91217452995348,54.978563807566445
28111738,-4.930391,-3.196584,2.956473103691101,35.19087279039309,166.9673418342742
28110137,-5.700398,-3.039533,0.06412410369110111,150.60941998396908,171.06807952064878
28110137,-5.700398,-3.039533,0.06412410369110111,150.60941998396908,171.06807952064878
28098352,-3.542838,-0.077728,1.7245031036911012,91.65281082862656,105.40899027843987
28093400,-1.670086,1.755191,-0.010537896308898898,312.7528142930489,115.30146763403256
28110138,-4.506076,-1.743049,0.08356910369110104,162.95407238122985,168.61261862667658
28102047,-3.252656,-4.213845,3.139713103691101,12.761478133882605,241.39348961303008
28102047,-3.252656,-4.213845,3.139713103691101,12.761478133882605,241.39348961303008
28102048,-3.765169,-4.84492,2.667407103691101,45.90331216486999,236.6762435182188
28102048,-3.765169,-4.84492,2.667407103691101,45.90331216486999,236.6762435182188
28095959,-5.019717,-0.382818,0.018612103691101112,181.18263116324653,115.85529469873406
28110880,-3.142075,-1.142603,1.621207103691101,92.53493423933485,174.95496405725325
28110141,-2.8828,-0.082387,-0.0025528963088989887,200.09240519987932,167.68856321756337
28108019,-1.063469,-13.414974,1.176390103691101,85.16299760908751,349.9101700580441
28110143,-2.627283,-0.528618,1.953728103691101,61.13911196134936,164.93923355643824
28110881,-0.711653,2.017421,-0.021295896308898943,430.7721401533095,172.3586700133444
28085151,-4.07503,-3.595709,0.14212110369110098,144.9617523290705,216.5972783179193
28085151,-4.07503,-3.595709,0.14212110369110098,144.9617523290705,216.5972783179193
28090803,1.458318,-18.38394,1.609534103691101,69.64749711839045,400.31801073214297
28110148,-2.793498,-1.02266,2.078618103691101,54.65442869170741,178.34395648728523
28112386,-1.222345,2.101107,0.0029081036911011715,387.35058677058674,105.4082764910016
28108023,-0.107418,1.238936,-0.008715896308898907,350.5739139809662,318.62471510140125
28111743,-2.292295,-0.136152,-0.054709896308899,206.55245434438692,194.77287655214465
28113330,-2.646203,-0.008674,0.863594103691101,153.26466279435823,159.43228375577027
28113331,-3.055993,-0.130459,0.13240610369110106,191.1153550152584,161.0301668213703
28111747,-2.625293,-0.90849,1.982240103691101,60.02456844417202,182.9385337352095
28111747,-2.625293,-0.90849,1.982240103691101,60.02456844417202,182.9385337352095
28087925,1.797301,-19.523373,0.19876210369110114,93.128743475208,397.0120251080336
28111749,-3.213398,-1.714826,1.706123103691101,86.27915238002487,190.97054509002768
28111749,-3.213398,-1.714826,1.706123103691101,86.27915238002487,190.97054509002768
28113333,-4.10732,-1.409741,0.508880103691101,150.8099176029379,165.69814392725817
28111750,-2.327718,-0.40242,-0.06206389630889886,199.8736343311743,202.37607278561836
28111750,-2.327718,-0.40242,-0.06206389630889886,199.8736343311743,202.37607278561836
28110886,-3.624448,-1.503863,0.4356921036911011,153.39734930104402,183.33851904212224
28110156,-0.911102,1.707624,-0.0008968963088988868,353.6764462785355,182.18289227134449
28110156,-0.911102,1.707624,-0.0008968963088988868,353.6764462785355,182.18289227134449
28109496,-3.744048,-4.944732,3.509937103691101,5.404416119902805,236.77782569875123
28109496,-3.744048,-4.944732,3.509937103691101,5.404416119902805,236.77782569875123
28111751,-3.348368,-1.955282,0.5023801036911011,146.0065764339457,203.01083937474985
28111752,-1.020905,1.922333,0.026713103691101026,375.1896068675839,146.5548628781031
28109498,-3.691577,-4.77985,3.2216681036911012,18.33660205377436,236.41266406966048
28093422,-4.470325,-1.836222,-0.002522896308899014,165.0241307704735,172.61753088937164
28102056,-4.104484,-5.284802,1.276297103691101,100.79702446440608,237.0329868167143
28102056,-4.104484,-5.284802,1.276297103691101,100.79702446440608,237.0329868167143
28110178,-0.873698,1.583633,-0.012330896308898831,340.6445787755855,197.41370818704095
28110178,-0.873698,1.583633,-0.012330896308898831,340.6445787755855,197.41370818704095
28102058,-3.349713,-3.118988,0.133964103691101,149.31855704297766,228.01257336041323
28072854,-5.154902,1.636685,0.05364810369110118,220.26805949976944,9.704447574489931
28113336,-4.709315,-2.59342,1.4366271036911011,104.61225032629768,172.0440528094591
28111753,-3.795517,-2.575771,0.14661710369110104,153.3745236580131,205.52948300236136
28111753,-3.795517,-2.575771,0.14661710369110104,153.3745236580131,205.52948300236136
28113337,-3.126226,-1.082079,1.751136103691101,83.69229064982207,171.3432364673668
28069264,-6.530093,-0.650257,3.473776103691101,2.45866953642576,10.084286622395467
28108710,-4.434571,-6.052697,0.050701103691101146,133.35925568081905,240.73748665130864
28111754,-2.971738,-1.609304,1.654851103691101,87.94420846957817,197.60313167143232
28111754,-2.971738,-1.609304,1.654851103691101,87.94420846957817,197.60313167143232
28044236,-5.272061,0.086847,0.0859841036911011,184.77123185166272,90.7414516287219
28110193,-2.796015,-2.023757,1.4614881036911012,97.26189161180088,218.03318087795228
28108711,-2.923123,-2.712483,0.047838103691101086,156.64338533551165,234.14037515946976
28108711,-2.923123,-2.712483,0.047838103691101086,156.64338533551165,234.14037515946976
28082525,-3.82071,-5.102407,3.6334871036911007,1.3698741084189408,236.69708315931896
28082525,-3.82071,-5.102407,3.6334871036911007,1.3698741084189408,236.69708315931896
28110202,-2.696613,-2.065298,1.6693281036911012,84.27256276843966,221.91688897874613
28110202,-2.696613,-2.065298,1.6693281036911012,84.27256276843966,221.91688897874613
28113339,-2.732978,-0.849858,2.059368103691101,54.54889719581752,173.72065666746593
28113340,-5.570982,-3.226511,0.5474791036911011,134.9343609480469,173.81521355193917
28112390,-1.101817,2.145365,-0.005762896308898924,408.7243212213383,110.07159466597555
28110897,-2.33551,-0.9177,1.941292103691101,59.54787275912534,198.97571112125829
28110897,-2.33551,-0.9177,1.941292103691101,59.54787275912534,198.97571112125829
28112392,-2.905081,0.39141,1.3930771036911012,118.56215383612766,109.88167355124948
28113341,-4.372184,-1.85146,0.32523810369110107,153.25103664333147,172.4564180898618
28102064,-2.917186,-2.884002,0.17075510369110103,150.43036216891588,236.91441663935345
28102064,-2.917186,-2.884002,0.17075510369110103,150.43036216891588,236.91441663935345
28111755,-2.57764,-1.061301,1.987592103691101,59.504564333816745,191.74758830876456
28110900,-0.711167,1.79132,-0.015250896308898865,385.2111276974156,197.4426517237388
28110900,-0.711167,1.79132,-0.015250896308898865,385.2111276974156,197.4426517237388
28112838,7.737739,-47.60318,1.1286451036911012,70.67580100727525,430.85908367770566
28085186,-5.929751,-2.497697,3.6328571036911015,4.027105073028508,109.73591641487826
28110911,-0.7009,1.751486,-0.008043896308898901,378.9489380622608,202.3171888819768
28102070,-2.834552,-2.952186,-0.07475689630889892,158.73646307467132,241.19785222769625
28102070,-2.834552,-2.952186,-0.07475689630889892,158.73646307467132,241.19785222769625
28109509,-3.185106,-2.555815,0.48937610369110107,141.01209118135165,221.3353551663568
28102071,-1.897143,-2.087393,2.033913103691101,51.24008438144091,259.37332635260987
28102071,-1.897143,-2.087393,2.033913103691101,51.24008438144091,259.37332635260987
28108034,0.010346,1.637607,-0.01243789630889891,442.0121693386253,329.8396180139281
28110918,-1.28981,1.007727,-0.02356489630889902,269.85633724465924,200.263711335966
28111758,-2.815069,-1.494475,1.8050921036911012,76.86952896146363,198.91998742009508
28111758,-2.815069,-1.494475,1.8050921036911012,76.86952896146363,198.91998742009508
28093472,-7.092732,-0.290922,0.9014631036911012,144.15192232152265,55.94164210136728
28113352,-2.992458,-1.198057,1.6620711036911011,88.54917697174767,182.56287435961752
28093475,-7.0749,-0.282528,1.415826103691101,123.19446962709712,43.932422493927504
28113353,-3.610218,-1.326069,0.4099281036911011,156.60503822056876,179.04161114016546
28096028,-1.66156,1.8187,-0.013945896308898975,319.60728623672134,109.36591097016216
28113354,-0.891968,1.750744,-0.009663896308898856,361.9572069711382,180.3597285487086
28113354,-0.891968,1.750744,-0.009663896308898856,361.9572069711382,180.3597285487086
28093480,-6.934816,-0.233998,1.618641103691101,114.08149553791804,38.6413827185969
28113356,-2.48279,0.040103,-0.046632896308898886,209.0411394876405,179.69116067259273
28069298,-6.4014,-0.762617,3.118124103691101,26.691236840172024,31.295629032325024
28110929,-0.899334,1.411262,-0.00600989630889881,318.60741244940715,207.8525569144176
28110929,-0.899334,1.411262,-0.00600989630889881,318.60741244940715,207.8525569144176
28113357,-1.127229,1.501743,-0.01813089630889886,316.3352851685115,179.92316728089173
28112397,-2.886529,0.077348,1.947129103691101,63.51101879333331,114.37024710953848
28102083,-2.49107,0.723885,0.02945410369110113,226.60224701198004,146.18484183380224
28110931,-2.692369,-2.053796,1.658768103691101,84.90161475369933,221.8563504820557
28110931,-2.692369,-2.053796,1.658768103691101,84.90161475369933,221.8563504820557
28113359,-4.316434,-3.702558,2.498593103691101,54.46743958534941,200.190103873722
28113359,-4.316434,-3.702558,2.498593103691101,54.46743958534941,200.190103873722
28093485,-1.806803,2.171461,-0.005452896308898891,349.95728299117,56.07515199348365
28112846,0.8037,-3.329576,1.234168103691101,83.41725243106839,438.04785465978296
28113360,-1.130231,1.449882,-0.018206896308898823,311.02333678509,183.74873473702252
27967623,-6.213273,-0.713749,3.211907103691101,16.90089374737218,28.528243399387776
28110932,-2.726522,-2.068178,1.5696021036911012,90.44845666476812,221.33460234845944
28110932,-2.726522,-2.068178,1.5696021036911012,90.44845666476812,221.33460234845944
28110933,-2.768276,-2.09677,1.478834103691101,95.87211662497847,220.89557754029377
28110933,-2.768276,-2.09677,1.478834103691101,95.87211662497847,220.89557754029377
28113362,-2.425571,-1.089653,2.028683103691101,53.90905445956639,200.15129809006405
28113363,-7.124874,-7.387461,1.904949103691101,88.56596682964425,202.5220383840236
28113363,-7.124874,-7.387461,1.904949103691101,88.56596682964425,202.5220383840236
28069306,-6.552866,-0.882214,3.033881103691101,35.06370870178495,37.99168296845491
28113364,-5.162518,-4.92819,2.0556771036911012,78.8739036893738,204.46972312212336
28113364,-5.162518,-4.92819,2.0556771036911012,78.8739036893738,204.46972312212336
28113365,-1.130899,1.367272,-0.013023896308898886,302.8730195766646,189.72655271343123
28113365,-1.130899,1.367272,-0.013023896308898886,302.8730195766646,189.72655271343123
28113366,-4.471003,-3.069752,0.1748731036911011,147.72028489770696,197.6443416713511
28096038,-3.047184,-1.07416,1.783393103691101,80.71696594231739,173.7950041534133
28096038,-3.047184,-1.07416,1.783393103691101,80.71696594231739,173.7950041534133
28112398,-2.906357,0.158152,1.659502103691101,92.41201223737356,117.40713239055074
28093491,-6.815912,-0.174347,2.310830103691101,78.36954225884858,17.205261793279703
28082619,-5.581932,-3.228715,2.282667103691101,72.17000222029617,158.70505574786853
28082619,-5.581932,-3.228715,2.282667103691101,72.17000222029617,158.70505574786853
28072899,-5.84481,1.246435,-0.008523896308898937,206.84032051628265,25.579454355657816
28111775,-5.423105,-6.018055,0.8357091036911011,114.43697212206148,219.0624083862756
28112400,-3.000497,0.034558,1.7404731036911012,85.43142629058445,119.10964397814838
28072906,-1.084145,1.971808,-0.012235896308898875,379.6943675111942,136.33970561022986
28113369,-4.892991,-4.84217,2.057817103691101,77.56335003347115,209.2209675860582
28113369,-4.892991,-4.84217,2.057817103691101,77.56335003347115,209.2209675860582
28113370,-5.480321,-5.605087,1.921580103691101,84.2951453669119,208.71426489015607
28113370,-5.480321,-5.605087,1.921580103691101,84.2951453669119,208.71426489015607
28111778,-5.150947,-5.595197,0.42602910369110103,126.30852538035292,220.2966660805849
27967642,-6.193114,-0.817561,3.217560103691101,17.27003546672728,34.90396359240404
28109513,-2.924215,-2.240752,0.8457201036911011,128.07220781480024,221.7951320417608
28098465,-1.184259,2.05865,-0.012414896308899026,384.6678166205517,115.75952144629152
28098465,-1.184259,2.05865,-0.012414896308899026,384.6678166205517,115.75952144629152
28096050,-4.349486,-1.938802,0.084077103691101,161.1317486697122,177.3697440130308
28112401,-3.221791,0.149332,1.096307103691101,139.31206134822196,121.56219387935305
28082644,-4.798312,-5.047865,2.2355081036911013,70.66115531329007,214.0432887221652
28082644,-4.798312,-5.047865,2.2355081036911013,70.66115531329007,214.0432887221652
28060192,-3.603012,-4.617348,1.232083103691101,102.54749561957466,241.01404519367983
28060192,-3.603012,-4.617348,1.232083103691101,102.54749561957466,241.01404519367983
28113372,-0.719488,1.716862,-0.03248889630889895,372.9881970305494,203.8493867480783
28113372,-0.719488,1.716862,-0.03248889630889895,372.9881970305494,203.8493867480783
28113373,-0.647797,1.775897,-0.40878289630889886,407.54138100967134,215.65894615059077
28100430,-3.346883,0.894231,1.956803103691101,67.52198855200578,18.563605043118457
28067430,4.733095,-22.345423,-0.11352389630889892,91.13869406382986,440.36260544172296
28113374,-5.890981,-6.198304,1.4419091036911011,98.7887780917448,210.58605424169863
28113374,-5.890981,-6.198304,1.4419091036911011,98.7887780917448,210.58605424169863
28078916,-1.884273,2.481304,-0.01655889630889895,388.7109514659823,1.7899507116592588
28085234,-4.985538,-5.067529,3.162273103691101,35.40932661810217,205.60959453727807
28085234,-4.985538,-5.067529,3.162273103691101,35.40932661810217,205.60959453727807
28113377,-0.646633,1.720454,-0.9486288963088991,417.8215692288279,227.1928109901731
28113377,-0.646633,1.720454,-0.9486288963088991,417.8215692288279,227.1928109901731
28072918,-1.095182,1.955443,-0.009310896308898808,375.8673003712836,137.1843036977428
28072918,-1.095182,1.955443,-0.009310896308898808,375.8673003712836,137.1843036977428
28062633,-4.41439,0.226369,0.048781103691101,193.4577977750356,105.59970299207072
28082672,-2.470119,-2.561743,1.9581901036911011,64.67257610259529,242.2562654358258
28111780,-4.897986,-5.185028,1.956438103691101,81.05911647581738,214.95876003192205
28111781,-4.293032,-4.282148,2.0370661036911013,75.29774487296137,214.68804581945412
28096064,-4.401369,-2.361147,0.024897103691100986,158.82492889169183,186.10501082809893
28096064,-4.401369,-2.361147,0.024897103691100986,158.82492889169183,186.10501082809893
28110223,-3.316928,-3.103199,0.35132510369110104,141.75307576122356,227.96109844342487
28100442,-6.830214,-0.433766,0.03663010369110098,173.77766810133642,82.40366846414469
28108044,0.081375,1.487452,-0.026580896308898927,416.29281432465154,348.16145076102816
28102123,-3.481067,-1.699738,0.42080910369110114,152.01594479595565,193.11516640479496
28100454,-2.956397,1.643657,-0.01080189630889894,260.24629287835666,64.99497763687825
28098492,-6.94207,-0.319528,0.5023271036911011,158.86051508238972,67.75261131651948
28108717,-2.35186,-2.453563,1.4412661036911012,94.53708657249857,246.3380671529003
28108717,-2.35186,-2.453563,1.4412661036911012,94.53708657249857,246.3380671529003
28110964,-2.156362,-1.913233,1.9855041036911012,57.50660724428295,241.42659896181203
28113382,-5.404736,-5.598065,0.6974481036911011,119.45578025623014,214.5456579716226
28113382,-5.404736,-5.598065,0.6974481036911011,119.45578025623014,214.5456579716226
28070956,-0.462573,-14.037821,4.035893103691101,13.033209645624652,379.29994555639786
28110966,-1.085116,0.870139,0.0051951036911010995,265.3522264247369,223.1229733746425
28110966,-1.085116,0.870139,0.0051951036911010995,265.3522264247369,223.1229733746425
28062655,-3.298774,0.853418,1.956327103691101,66.83444712106723,24.900450520332328
28113385,-4.611931,-5.262725,2.0439351036911013,76.70240806388873,222.4954083876697
28113385,-4.611931,-5.262725,2.0439351036911013,76.70240806388873,222.4954083876697
28069344,-3.795054,0.448156,1.582478103691101,107.87364473774656,65.87527968190645
28108723,-2.126521,-2.744907,2.106275103691101,52.05484295655293,261.470253489052
28108723,-2.126521,-2.744907,2.106275103691101,52.05484295655293,261.470253489052
28112403,-2.828132,0.284928,1.390080103691101,117.24602094357446,120.84835114835344
28110970,-2.98816,-3.208498,0.195220103691101,146.59389010157292,239.9447110652289
28110970,-2.98816,-3.208498,0.195220103691101,146.59389010157292,239.9447110652289
28110971,-2.44621,-2.644775,1.541892103691101,88.99960179368463,246.0497631991172
28110971,-2.44621,-2.644775,1.541892103691101,88.99960179368463,246.0497631991172
28070963,-0.146155,-5.684443,0.06172210369110109,132.46685238008774,357.91340180589003
28112405,-2.897213,0.051031,1.759824103691101,82.482119883564,121.98013437242015
28111792,-3.901696,-4.06903,0.9108921036911011,116.62023491368046,225.76685289805488
28113391,-5.29574,-5.599021,0.49968410369110106,124.51864898697328,217.29734928451455
28113391,-5.29574,-5.599021,0.49968410369110106,124.51864898697328,217.29734928451455
28062677,-4.527543,-0.022876,-0.019114896308898954,190.94066520903684,114.62104080409584
28113392,-5.18485,-5.327343,0.3310311036911011,129.9718181752831,216.515654853032
28113392,-5.18485,-5.327343,0.3310311036911011,129.9718181752831,216.515654853032
28113393,-4.996198,-5.476615,1.0466521036911012,109.49754575622072,220.07101845067183
28113393,-4.996198,-5.476615,1.0466521036911012,109.49754575622072,220.07101845067183
28111799,-3.573411,-3.716293,1.145831103691101,108.6525556143191,228.2669941055549
28085337,2.356329,-21.06295,0.269272103691101,90.0122253615946,404.628367151039
28098533,-4.982474,-0.824641,0.1805221036911011,169.0784428400422,129.37015899209712
28112407,-2.903373,0.378035,0.995174103691101,150.5704440347347,123.42302332307295
28082743,0.249841,-5.02391,0.4164751036911011,122.5859323186003,378.1853783518164
28069370,-4.401453,-0.201591,-0.003470896308898963,187.8199233749472,124.57237548969285
28062691,-6.598915,-0.634331,3.491535103691101,2.1723536986981173,7.364130408510306
28111804,-3.798202,-4.237825,1.4946651036911012,94.4061008828233,229.36661241573887
28110249,-0.893408,1.026577,-0.008444896308898997,283.9540894719796,231.8394097998828
28110249,-0.893408,1.026577,-0.008444896308898997,283.9540894719796,231.8394097998828
28110977,-0.83607,1.090553,-0.0030178963088989263,291.09522779098813,233.8258056570196
28108734,-0.337663,1.744689,-0.01739989630889882,418.6146979736762,255.8408418493997
28108734,-0.337663,1.744689,-0.01739989630889882,418.6146979736762,255.8408418493997
28108735,-1.894364,-2.256301,1.482423103691101,89.78433572833757,263.18175492591274
28108735,-1.894364,-2.256301,1.482423103691101,89.78433572833757,263.18175492591274
28044272,-3.759091,0.568821,1.749024103691101,94.12703393653608,50.157560521113965
28108736,-1.895154,-2.284412,1.429006103691101,93.02987580763286,263.68005625328027
28108736,-1.895154,-2.284412,1.429006103691101,93.02987580763286,263.68005625328027
28110255,-1.894774,-2.296357,1.9501011036911011,58.37130868629396,264.0528490096938
28110255,-1.894774,-2.296357,1.9501011036911011,58.37130868629396,264.0528490096938
28062700,-1.034626,1.906035,0.037754103691101104,370.6340009716196,146.60074590023174
28062700,-1.034626,1.906035,0.037754103691101104,370.6340009716196,146.60074590023174
28085379,0.153029,1.341384,0.005793103691100976,392.23194942259306,366.5514021517448
28062706,-6.930202,-0.926234,3.240427103691101,27.31438169150897,28.078538663960984
28108742,-1.915102,-2.333284,0.9489531036911011,120.2609711288763,263.5718286937586
28091062,-6.859532,-0.385099,0.7056031036911011,150.85997367295738,67.47906107458414
28100507,-5.558302,-3.219642,2.097997103691101,79.71517336650663,160.8393094124513
28100507,-5.558302,-3.219642,2.097997103691101,79.71517336650663,160.8393094124513
28091071,-2.309446,2.135294,-0.010865896308899003,316.95932551508344,37.897888290453466
28065219,-1.079929,1.975737,-0.008789896308898815,380.5389809255214,136.05063214557896
28069387,-6.297704,-1.551693,3.602270103691101,0.893572937728436,61.339978617813046
28102174,-3.606573,-3.703254,0.2288441036911011,141.47208429666608,229.9841361712866
28102174,-3.606573,-3.703254,0.2288441036911011,141.47208429666608,229.9841361712866
28111806,-4.154208,-4.980387,0.6696721036911011,120.92780625770862,233.1981592057664
28111807,-2.336324,-1.653773,1.991978103691101,58.270141239437294,224.8622569355612
28111807,-2.336324,-1.653773,1.991978103691101,58.270141239437294,224.8622569355612
28065226,-1.089162,1.960149,-0.009937896308898964,377.2058568344832,137.20003148862472
28065226,-1.089162,1.960149,-0.009937896308898964,377.2058568344832,137.20003148862472
28108743,-1.912465,-2.280161,0.6878541036911011,134.1253078527937,262.7275614986053
28108743,-1.912465,-2.280161,0.6878541036911011,134.1253078527937,262.7275614986053
28110265,-0.229059,1.715519,-0.00675189630889883,426.0026999948788,277.1705358189889
28110265,-0.229059,1.715519,-0.00675189630889883,426.0026999948788,277.1705358189889
28110267,-0.393375,1.400278,-0.016649896308899015,351.65305734249966,268.6131117146877
28110267,-0.393375,1.400278,-0.016649896308899015,351.65305734249966,268.6131117146877
28112409,-2.879803,0.353855,0.8892181036911011,157.84099931156078,128.85553032224863
28062736,-6.458711,-0.91418,3.141473103691101,27.207535582656675,38.10854498965787
28110985,-2.19802,-4.101541,0.14421310369110119,141.397441919521,276.50060741203964
28110985,-2.19802,-4.101541,0.14421310369110119,141.397441919521,276.50060741203964
28102186,-4.130523,-5.282787,0.7851741036911011,116.20531563758075,237.35725839249108
28102186,-4.130523,-5.282787,0.7851741036911011,116.20531563758075,237.35725839249108
28110271,-1.843379,-3.856236,0.6915861036911011,122.05342055614828,287.15341724466225
28110271,-1.843379,-3.856236,0.6915861036911011,122.05342055614828,287.15341724466225
28110273,-0.487849,0.894523,-0.013486896308898988,290.05011465214386,278.8278706786439
28044280,-4.42455,-0.244659,-0.013724896308898948,187.37473470162465,125.78443914219628
28110279,-2.681762,-0.51484,2.024519103691101,55.16137285029421,159.94186299877282
28110280,-3.769227,-2.168743,0.3067001036911011,151.43895132528945,196.62353704249685
28110280,-3.769227,-2.168743,0.3067001036911011,151.43895132528945,196.62353704249685
28062749,-6.560022,-1.062684,3.1626891036911013,28.384143236146,43.67411175157386
28062750,-4.318956,-0.262048,0.0069541036911011656,186.7735116600515,128.85096641070032
28110281,-2.243637,-0.185755,-0.04697889630889884,205.30660648140295,198.63637538788436
28111813,-2.756491,-2.977151,0.14776710369110102,150.5388277552434,243.603352272965
28111813,-2.756491,-2.977151,0.14776710369110102,150.5388277552434,243.603352272965
28096150,-1.515168,2.139379,-0.014883896308898859,368.1557669028987,79.05005915740045
28110285,-2.187215,-0.348429,-0.05431789630889883,201.99876348385877,206.75912608660505
28111814,-2.164136,-1.695555,2.036934103691101,52.6245956238142,234.77944677916423
28111814,-2.164136,-1.695555,2.036934103691101,52.6245956238142,234.77944677916423
28109547,-3.183181,-4.794859,1.057998103691101,106.99637642224292,255.1853388017132
28109547,-3.183181,-4.794859,1.057998103691101,106.99637642224292,255.1853388017132
28111815,-3.711585,-4.75545,2.6524771036911012,45.8067316096851,236.88049863910547
28065260,-1.106029,1.929154,-0.007849896308898874,370.6911836834026,139.31117989357227
28065260,-1.106029,1.929154,-0.007849896308898874,370.6911836834026,139.31117989357227
28102199,-2.465176,-2.594468,0.5847511036911011,136.48330047081822,246.30238471946137
28102199,-2.465176,-2.594468,0.5847511036911011,136.48330047081822,246.30238471946137
28113399,-3.30775,-4.256769,3.048857103691101,18.969307064308797,240.45073011191585
28110992,-2.293475,-0.180968,-0.06541589630889888,205.8922080589186,196.433597121997
28073024,-1.060493,1.819982,-0.002775896308898851,357.97290578545767,155.85266616692945
28073024,-1.060493,1.819982,-0.002775896308898851,357.97290578545767,155.85266616692945
28112418,-2.817695,0.048471,1.516375103691101,103.97587917473712,133.0086195036393
28088193,-6.622598,-1.692521,3.125584103691101,35.56588320100664,73.17837588274861
28071025,0.326893,-4.392329,-0.04430589630889892,146.55868242508407,376.6364606801599
28113400,-2.658116,-2.182296,1.8087141036911012,75.29854837634485,225.77233454898948
28073032,-1.036025,1.811052,-0.0016018963088988425,358.56556724500365,159.1256087355085
28073032,-1.036025,1.811052,-0.0016018963088988425,358.56556724500365,159.1256087355085
28110300,-4.038904,-4.265315,0.25613210369110107,137.0055779794413,227.25825294869583
28091155,-5.554347,-3.21854,1.832254103691101,90.30318606723608,163.41518741233114
28091155,-5.554347,-3.21854,1.832254103691101,90.30318606723608,163.41518741233114
28113401,-2.370926,-1.921003,2.084612103691101,52.811006066414905,230.4194522515183
28062787,-6.429518,-1.24438,3.161546103691101,28.150164910009067,55.28631274497138
28091172,-5.562269,-3.224492,1.0255241036911011,119.50064334870324,170.29428009706132
28091172,-5.562269,-3.224492,1.0255241036911011,119.50064334870324,170.29428009706132
28093652,-0.825126,1.647915,0.0015921036911010766,351.8069630819109,196.8310320344681
28093652,-0.825126,1.647915,0.0015921036911010766,351.8069630819109,196.8310320344681
28102221,-2.315955,-4.27186,0.45128310369110103,129.42863353641116,274.9641139481534
28100554,-3.140867,-1.043847,1.747514103691101,84.12836436542733,169.25803325082018
28100554,-3.140867,-1.043847,1.747514103691101,84.12836436542733,169.25803325082018
28110308,-3.439219,-3.523368,0.8109981036911011,122.05484556162806,229.9983994868005
28110310,-2.567247,-1.884133,1.847593103691101,71.79269950873314,221.54025160572647
28110310,-2.567247,-1.884133,1.847593103691101,71.79269950873314,221.54025160572647
28062801,-6.033629,-1.038621,3.389330103691101,4.8859617821011625,45.218636386745686
28108762,-1.328214,-2.380415,-0.07638789630889886,169.02737792582985,288.58276392529905
28102229,-0.518459,0.620229,0.046009103691101005,263.6648819490353,285.0868546639347
28110316,-2.262032,-1.474667,2.032818103691101,53.19443534004475,222.76148699231769
28110316,-2.262032,-1.474667,2.032818103691101,53.19443534004475,222.76148699231769
28110317,-2.71898,-2.439324,1.677303103691101,83.48860002778048,230.1112730080716
28110318,-3.017479,-3.31469,0.3079431036911011,141.6579568811693,240.47292686429105
28110318,-3.017479,-3.31469,0.3079431036911011,141.6579568811693,240.47292686429105
28108765,-1.554906,-4.244366,0.6170491036911011,122.27402835068229,301.40715274065326
28093685,-3.452682,-3.468385,0.4305651036911011,136.24784055867414,229.89684486148911
28110322,-3.547662,-4.464985,3.008651103691101,25.452271771549675,236.1770097551152
28112422,-2.457053,0.694588,0.608777103691101,189.0965310909253,134.49551164258693
28111820,-2.437628,-2.685186,0.42611010369110114,142.45989526626315,249.1497712131724
28111820,-2.437628,-2.685186,0.42611010369110114,142.45989526626315,249.1497712131724
28112424,-2.560614,0.578162,0.646204103691101,182.094980832116,135.93950949472008
28098655,-5.591436,-3.237873,2.2200931036911014,74.85346074722779,159.34214354349407
28098655,-5.591436,-3.237873,2.2200931036911014,74.85346074722779,159.34214354349407
28098656,-0.874815,1.751355,-0.019868896308898876,364.0975320758997,182.49892112652716
28100596,-3.787678,-4.889561,2.776119103691101,41.35980645468706,236.44648604386245
28112426,-2.783453,0.257722,0.934156103691101,152.97881588643745,137.46819704017372
28093694,-4.81129,-5.060815,2.306975103691101,68.10072401526423,213.6495833497737
28093694,-4.81129,-5.060815,2.306975103691101,68.10072401526423,213.6495833497737
28112427,-2.555055,0.631977,0.42554710369110105,198.6762002423132,138.81043489887932
28111001,-2.945856,-1.601868,1.6895611036911011,85.56001136068275,198.0802541099748
28091219,-4.122627,-3.566314,0.9327131036911012,118.5707976728734,211.4697716623043
28091219,-4.122627,-3.566314,0.9327131036911012,118.5707976728734,211.4697716623043
28093708,-3.40959,-4.220439,0.22164210369110116,138.16992792757583,242.6028818169844
28110332,-2.501898,-3.447614,0.154083103691101,146.24380355777947,258.7482286559745
28093721,-2.732836,-1.891247,1.719737103691101,81.61528961924014,215.3659362501548
28062874,-6.069843,-1.567539,3.4631051036911007,6.693232282648296,70.33353840744249
28100614,-4.192154,-5.499486,1.383368103691101,97.12833780665358,237.4647705633319
28109561,-1.901429,-2.256476,0.6898031036911011,134.24195351157553,262.79490680102845
28102248,-0.798242,-1.964178,0.4734081036911011,149.11922734620526,313.50533749213184
28109562,-1.868383,-2.356127,0.5436691036911011,140.3906718181866,265.8808655965201
28109562,-1.868383,-2.356127,0.5436691036911011,140.3906718181866,265.8808655965201
28100624,-3.515056,-2.992222,0.09104310369110102,151.77950101676265,221.3330612030593
28100624,-3.515056,-2.992222,0.09104310369110102,151.77950101676265,221.3330612030593
28085556,-6.37882,0.080648,0.2687031036911012,173.39577095368736,66.00486452238886
28085557,-6.344389,0.082989,0.19426910369110106,176.2945041680777,68.10984342210199
28100628,-5.009806,-0.376257,0.09598410369110111,178.34838182975568,114.51158434740576
28088288,-4.74639,-0.404859,0.27322410369110106,171.77477839063778,118.71738846491624
28111010,-5.290195,-5.610428,0.628093103691101,121.1005387157888,217.1553226163434
28085560,-2.095383,2.022472,-0.012071896308898822,317.02738484322174,61.594266565842446
28111011,-4.891614,-5.190729,0.548304103691101,124.46683128230067,219.9944067472452
28111012,-5.400427,-5.988328,0.3339581036911011,127.24646395478142,220.5347068950659
28113410,-3.414199,-4.046648,2.2794371036911008,58.63393947634052,235.24186612672415
28113410,-3.414199,-4.046648,2.2794371036911008,58.63393947634052,235.24186612672415
28111015,-3.812673,-3.693189,0.928547103691101,117.51979795811118,221.9537503776225
28110335,-2.999219,-4.588477,1.326726103691101,97.0764312952144,257.8096512517551
28113411,-3.856474,-4.223587,1.3935041036911011,98.49733683217998,227.86127320143615
28113411,-3.856474,-4.223587,1.3935041036911011,98.49733683217998,227.86127320143615
28112430,-3.240277,-0.502262,1.6204831036911012,95.61476440211156,143.17485083181845
28093755,-3.275504,-5.339211,0.7582181036911011,115.28861043976862,259.1361004542555
28093755,-3.275504,-5.339211,0.7582181036911011,115.28861043976862,259.1361004542555
28113413,-3.33683,-3.740039,1.982002103691101,71.73562803972348,233.1899478120258
28113413,-3.33683,-3.740039,1.982002103691101,71.73562803972348,233.1899478120258
28113414,-3.428675,-4.293262,2.417316103691101,52.83994466918034,238.6298044646849
28113414,-3.428675,-4.293262,2.417316103691101,52.83994466918034,238.6298044646849
28111017,-3.929262,-4.000339,0.30273610369110104,137.16739045517463,225.9440967557928
28102256,-0.776962,-2.138402,0.811920103691101,127.05617347332856,319.4963184094189
28093760,-3.124085,-5.17952,0.7075971036911011,117.26723269276964,261.4082111760464
28093760,-3.124085,-5.17952,0.7075971036911011,117.26723269276964,261.4082111760464
28113416,-4.334412,-4.847108,0.6624671036911011,121.96817415962106,227.2540032754747
28113416,-4.334412,-4.847108,0.6624671036911011,121.96817415962106,227.2540032754747
28112431,-2.629838,0.17229,1.3281371036911012,120.43086550535142,139.2921274706331
28093769,-3.732078,-4.79669,2.918698103691101,33.787748084533405,236.2467325783888
28093769,-3.732078,-4.79669,2.918698103691101,33.787748084533405,236.2467325783888
28069477,-5.600641,0.82062,0.08077910369110097,196.1787512840267,50.226358081295245
28108784,-4.89902,-5.204633,0.052862103691101,137.6507489373456,221.48620602732225
28108784,-4.89902,-5.204633,0.052862103691101,137.6507489373456,221.48620602732225
28113417,-3.371244,-4.204615,2.2912531036911012,58.10919558658901,239.2898607694587
28113417,-3.371244,-4.204615,2.2912531036911012,58.10919558658901,239.2898607694587
28088331,-5.884388,-2.153563,3.014459103691101,36.31558525180807,108.98041221905714
28113418,-4.271507,-5.376215,1.589957103691101,90.82585396795426,233.51965708692455
28113418,-4.271507,-5.376215,1.589957103691101,90.82585396795426,233.51965708692455
28112433,-2.534386,0.553882,0.5996701036911011,184.870276520964,139.8882882806659
28113419,-2.96476,-2.674923,1.201932103691101,108.76163686766706,228.02469980378507
28102265,-1.02233,-13.348556,1.430455103691101,79.59225394920227,351.81603549073657
28113420,-2.884162,-2.4844,1.1365861036911011,112.59320061413764,227.1733587438312
28062921,-6.003488,-1.872731,3.2777521036911015,20.51875308858942,89.97479562968903
28113421,-3.274405,-3.012325,0.7892661036911011,125.63947439222416,226.03797043456908
28079218,-3.44682,-2.759326,0.024964103691101025,156.29283141428257,219.3748479322173
28079218,-3.44682,-2.759326,0.024964103691101025,156.29283141428257,219.3748479322173
28113423,-3.766357,-4.710631,1.810616103691101,81.45790014254064,236.66079372857575
28073145,-6.592052,-0.499631,3.1385741036911012,25.76354531775931,11.775949583052409
28073154,-6.706312,-0.599401,3.306737103691101,16.821293304421005,10.309755026772905
28111830,-3.261707,-5.386814,1.303380103691101,97.05765862539504,259.9024636028857
28111830,-3.261707,-5.386814,1.303380103691101,97.05765862539504,259.9024636028857
28102281,1.407545,-8.221795,-0.006545896308898902,119.6401310490466,411.1800895217154
28104011,-7.027633,-0.348283,2.2424151036911013,83.40390032999846,25.67553845463428
28088357,-3.381071,-2.995858,0.009730103691101055,154.6609790703132,225.4684189190203
28088357,-3.381071,-2.995858,0.009730103691101055,154.6609790703132,225.4684189190203
28098762,-2.276276,-4.374777,0.19700510369110114,137.62356654783378,276.99721639383506
28091350,-4.368146,-2.615131,0.32826510369110107,146.2793626368295,190.175835763436
28091350,-4.368146,-2.615131,0.32826510369110107,146.2793626368295,190.175835763436
28102288,2.809302,-20.533792,1.3802001036911011,70.95146043714024,420.0485075000738
28104014,-6.911991,-0.402749,2.2596791036911013,81.6982359053128,29.692600032602144
28113433,-4.102946,-5.193627,0.5668031036911011,123.00546169149548,237.3126589965899
28113433,-4.102946,-5.193627,0.5668031036911011,123.00546169149548,237.3126589965899
28102289,2.148403,-18.256205,2.451886103691101,50.56880893567356,420.12991471599446
28113437,-4.438404,-6.282427,0.7927201036911011,113.13055057144722,242.044409884315
28113437,-4.438404,-6.282427,0.7927201036911011,113.13055057144722,242.044409884315
28113440,-0.928115,-1.32126,-12.6229998963089,402.6027178302397,272.9448402982524
28112435,-2.738482,-0.230682,1.9478151036911011,62.24921791377275,142.37492519931567
28109571,-0.626712,0.621578,0.005569103691100974,263.2375069938193,274.068102178638
28091370,-2.592351,-0.526528,1.9481001036911012,61.13733819370421,166.72829257106986
28091370,-2.592351,-0.526528,1.9481001036911012,61.13733819370421,166.72829257106986
28104021,-3.065815,1.941258,0.0018681036911010196,273.1962202755475,32.80819833764619
28073179,-6.582588,-0.726722,3.146646103691101,27.03330465932632,25.31231811443868
28111023,-3.905036,-4.113379,0.8063021036911011,120.0287153248536,226.70285825536573
28088378,-1.788139,-4.419901,0.7787661036911011,115.39638508563944,295.0442557068627
28091377,-2.811759,-1.286383,1.7986851036911011,77.3174065719542,191.8552168610456
28113446,-4.201528,-6.587951,0.8198891036911011,111.0585687967688,250.23506228574823
28113446,-4.201528,-6.587951,0.8198891036911011,111.0585687967688,250.23506228574823
28113448,-2.231302,-2.489458,1.448463103691101,93.3310529552798,252.230130607694
28088393,-1.180756,-4.575052,0.6852941036911011,116.97380471605112,318.49234894324377
28062991,-5.684874,-2.078262,3.421475103691101,9.05829039378972,102.8151374202442
28062992,-5.791057,-2.209833,3.263135103691101,21.42297605748294,108.68918098248074
28075824,-5.584985,-3.235771,2.790566103691101,49.65044951917531,153.45523669846312
28075824,-5.584985,-3.235771,2.790566103691101,49.65044951917531,153.45523669846312
28062994,-5.942955,-2.410849,3.1486911036911014,31.15889872343016,114.7242097053545
28112438,-2.427823,0.278651,1.421335103691101,112.08395784838332,139.88423696077723
28110359,-3.12867,-6.287491,1.7636911036911012,79.56398790387576,273.03165587745514
28111841,-2.323692,-3.616087,0.853591103691101,117.67966953272938,267.0846359504197
28104042,-4.39891,0.806122,0.4750881036911011,185.25111985309812,64.64453594830812
28091400,-3.233433,-5.207646,0.4709381036911011,124.75676325589096,258.8749994026501
28111027,-2.351709,-1.418142,1.969086103691101,59.38197955362634,216.68940202403127
28111027,-2.351709,-1.418142,1.969086103691101,59.38197955362634,216.68940202403127
28073203,-3.788645,0.659718,1.761180103691101,93.7203191726025,40.75550569737749
28109573,-1.303459,-2.237484,0.05713910369110109,165.25363716386514,288.3115133144132
28108798,-1.970449,-0.84993,-0.056267896308898946,192.0889286611381,231.214412339287
28108798,-1.970449,-0.84993,-0.056267896308898946,192.0889286611381,231.214412339287
28112442,-2.777833,0.002266,1.290929103691101,122.0800984850588,143.47398797731285
28112443,-2.519467,0.583069,0.42050810369110103,197.8513986860304,143.42465514149993
28073204,-3.860771,0.630743,1.6002961036911012,108.26260283312904,48.73885635729857
28093871,0.358908,0.814314,0.003933103691101003,326.18733445847545,403.3142183618651
28091419,-0.352385,1.55383,-0.003862896308898911,378.67388660605457,266.1062047812359
28091419,-0.352385,1.55383,-0.003862896308898911,378.67388660605457,266.1062047812359
28113456,-1.858583,-1.217211,-0.07784789630889888,186.28405012462773,245.13134940773625
28113456,-1.858583,-1.217211,-0.07784789630889888,186.28405012462773,245.13134940773625
28111844,-2.204394,-3.287267,1.2951701036911012,98.80888838453323,267.10502624616527
28073215,-6.522997,-0.9546,3.3052351036911007,17.700915785154336,34.22264608978952
28104059,-8.236434,-2.459473,-0.4214548963088989,164.8851523722546,121.22764024314344
28093884,3.009706,-22.128674,0.21876210369110116,89.0689229173883,413.310311157814
28113459,-2.797274,-5.09339,1.640233103691101,83.20553642200281,270.122771857295
28113460,-1.891677,-2.242249,1.342376103691101,98.4321053466754,263.02559620825184
28063026,-3.809351,-1.320179,0.02931510369110102,171.80352795226486,176.74326336350146
28063026,-3.809351,-1.320179,0.02931510369110102,171.80352795226486,176.74326336350146
28113461,-3.281475,-5.554667,0.5352291036911011,121.30531689824524,261.3068685965184
28098828,-1.750061,-11.797144,3.3822531036911014,31.16000199913984,342.3604398361623
28113462,-1.841271,-2.291024,1.3135861036911012,99.68526688729742,266.36646647308567
28113464,-1.761979,-1.359617,-0.06396289630889895,183.45467769251775,252.4925469223997
28113464,-1.761979,-1.359617,-0.06396289630889895,183.45467769251775,252.4925469223997
28075874,-4.819959,-5.109056,2.861718103691101,46.722629541445656,211.86465826042084
28075874,-4.819959,-5.109056,2.861718103691101,46.722629541445656,211.86465826042084
28104064,-7.086058,-2.011059,-0.1644638963088989,163.62158714848923,125.90268213688816
28111847,-3.128744,-5.781475,1.561161103691101,86.9591317531787,267.8602780995809
28104068,-3.562917,0.024868,1.5666771036911011,104.66891961734254,103.0949127881325
28075883,-4.830956,-5.095925,3.722169103691101,8.961634858078526,207.18639047633465
28075883,-4.830956,-5.095925,3.722169103691101,8.961634858078526,207.18639047633465
28069548,-4.746441,0.706867,0.014274103691101159,202.62891430829384,75.40375924096159
28106567,-6.878919,-0.377011,2.776431103691101,52.0266609126657,12.716015417908524
28079316,-0.885352,-1.888166,0.12821210369110103,168.6041645801162,305.2371860421949
28113467,-1.428258,-1.663395,0.11331010369110106,171.1320791459347,273.91534202247453
28113467,-1.428258,-1.663395,0.11331010369110106,171.1320791459347,273.91534202247453
28108803,-2.71641,-2.116176,1.755191103691101,79.11005919086043,221.9136527629068
28111850,-1.883029,-2.44138,1.869960103691101,64.28181377405028,267.5120361656275
28111850,-1.883029,-2.44138,1.869960103691101,64.28181377405028,267.5120361656275
27960235,-6.223114,-0.748508,3.4080011036911007,3.112644877309009,23.69218199732103
28111851,-2.289636,-3.860722,0.47795510369110106,131.05918089132734,271.1128873521912
28111851,-2.289636,-3.860722,0.47795510369110106,131.05918089132734,271.1128873521912
28075906,-1.190923,0.786688,-0.01068289630889896,258.2585615389555,219.12337329685167
28075906,-1.190923,0.786688,-0.01068289630889896,258.2585615389555,219.12337329685167
28096313,-2.963156,-0.033,2.034845103691101,56.14194291887739,115.87992783750944
28106584,-6.860105,0.019368,0.730514103691101,153.95664378527624,50.34483161633486
28079339,-0.239836,1.69965,-0.005504896308898832,420.7999713993627,276.1735198159984
28079345,0.103011,-5.619255,0.040126103691101145,133.4781683797018,367.40908723755
28111035,-3.816751,-4.346407,0.9518061036911011,113.8681725341766,232.07992175002292
28106591,-5.264429,0.697349,0.2923451036911011,186.78417927467996,57.13938891542389
28111036,-3.76066,-4.322244,0.7322491036911011,121.3090349532376,233.75131604375244
28085728,-1.95895,-2.356551,0.16779810369110115,157.3349784579404,262.0739700450842
28085728,-1.95895,-2.356551,0.16779810369110115,157.3349784579404,262.0739700450842
28079353,1.258406,-19.087002,2.523254103691101,53.35457209852407,400.7432008626392
28079354,1.268251,-19.146603,3.152708103691101,40.88580199038921,404.64123275770567
28096324,-5.580434,-3.235118,2.844434103691101,47.080901752582406,152.9435384869425
28096324,-5.580434,-3.235118,2.844434103691101,47.080901752582406,152.9435384869425
28104090,-5.917738,-3.240759,3.098558103691101,38.03626028041055,142.37805563010963
28104090,-5.917738,-3.240759,3.098558103691101,38.03626028041055,142.37805563010963
28096329,-0.790534,1.603936,-0.010901896308898928,349.1835429046463,204.73161522893653
28096329,-0.790534,1.603936,-0.010901896308898928,349.1835429046463,204.73161522893653
28111037,-2.219264,-1.387636,2.0212251036911013,53.09178320534377,222.2489375152889
28111037,-2.219264,-1.387636,2.0212251036911013,53.09178320534377,222.2489375152889
28110380,-0.312847,1.72785,-0.019624896308898965,418.2045382384416,261.2955322066633
28110380,-0.312847,1.72785,-0.019624896308898965,418.2045382384416,261.2955322066633
28106609,-3.188259,0.697127,1.948451103691101,66.30214185063164,46.543739862474894
28096332,-0.791368,1.540567,0.0019311036911011659,339.92083856408163,209.4221557861943
28096332,-0.791368,1.540567,0.0019311036911011659,339.92083856408163,209.4221557861943
28106619,-5.360292,-0.08315,0.05106910369110107,183.05061749575813,96.46601299253535
28053006,-4.471369,0.230137,0.028721103691101035,194.0339011508343,104.40888055003404
28100784,-0.564688,0.593303,0.00029310369110113754,263.66813482109285,280.99369964613913
28106624,-6.240797,-1.789345,3.048690103691101,36.21001915218534,86.3579496564059
28110385,-0.834028,-3.813358,0.29530410369110105,137.6918620929522,325.37610131632823
28063120,-5.402905,-2.864809,3.092454103691101,31.07790662192025,143.43265896678707
28063120,-5.402905,-2.864809,3.092454103691101,31.07790662192025,143.43265896678707
28106627,-3.218616,0.440217,1.965800103691101,65.6986295145933,69.69140190423951
28073313,-4.326895,-0.257785,0.010106103691100987,186.677304078076,128.42636522976676
28110387,-0.950564,-4.796031,1.452372103691101,81.75260468750676,334.4701981921844
28085774,-0.380679,1.562145,-0.010929896308898845,377.7687603990997,261.2560207984401
28085774,-0.380679,1.562145,-0.010929896308898845,377.7687603990997,261.2560207984401
28110388,-0.551244,-2.301017,0.7261811036911011,130.18875632845044,333.82502069555767
28110389,-0.496224,-2.251848,0.873505103691101,121.40468534432912,338.7616975346998
28110390,-0.701483,-3.943989,1.387044103691101,84.34989601552505,341.6386706389091
28109582,-2.136202,-0.444517,-0.043260896308898955,199.50500286377303,212.04120029479787
28108810,-2.827123,-2.518864,1.659040103691101,85.14194237907492,227.7532115041784
28109583,-2.12202,-0.500787,-0.05423589630889891,198.8072089085766,214.50460800077903
28110392,-0.291609,-2.157241,0.31980110369110104,155.6939061541649,344.28207129379035
28108811,-4.171254,-5.335507,0.6160711036911011,121.05775332801625,237.38685466059408
28108811,-4.171254,-5.335507,0.6160711036911011,121.05775332801625,237.38685466059408
28096357,-3.482731,-3.338202,0.0830961036911011,149.11313949556632,228.05196452216023
28096357,-3.482731,-3.338202,0.0830961036911011,149.11313949556632,228.05196452216023
28085786,1.687271,-17.171612,0.085637103691101,97.43071943213916,397.6432188384771
28085790,-0.209091,1.262375,0.000831103691101065,345.2801380403691,301.95367587294925
28085791,2.165444,-18.96104,1.7157721036911011,65.9248355140098,413.6181711841035
28075973,-0.64604,1.443813,-0.010715896308898909,338.49778455675136,233.2916144116779
28073333,-6.164589,-1.664091,3.2974181036911014,19.67886287540261,76.96376699437187
28096364,-3.446384,-3.404605,0.35540710369110107,139.33030978272228,229.2728463791376
28096364,-3.446384,-3.404605,0.35540710369110107,139.33030978272228,229.2728463791376
28106654,-3.335404,-0.08835,1.711897103691101,90.84122665828863,114.16560219026488
28069602,-4.686382,0.513923,0.00791710369110099,199.2173956921877,86.53880885867031
28110396,-0.071833,0.931732,-0.02271589630889892,315.04808153832295,330.59372041818995
28106658,-3.158766,0.046626,1.488597103691101,108.5140066940496,119.27503879012905
28110397,-0.054969,-6.436991,0.6337361036911011,108.1918679399528,367.2583170078227
28096375,-3.445253,-3.302747,1.184170103691101,108.36699398624222,224.6311768120596
28096375,-3.445253,-3.302747,1.184170103691101,108.36699398624222,224.6311768120596
28108818,-3.518311,-4.273959,1.8475251036911011,78.88503489213684,236.9746849159734
28108818,-3.518311,-4.273959,1.8475251036911011,78.88503489213684,236.9746849159734
28076006,-1.418141,-3.791678,0.5398611036911011,128.10136627227757,302.3441510935801
28083176,-3.848099,0.577694,1.6088311036911012,107.042931414188,53.06664017626116
28083177,-3.29758,0.817133,1.956556103691101,66.90207177776577,29.097728939488007
28111041,-2.271029,-1.595916,1.969363103691101,58.984312391837705,226.56683231428875
28111041,-2.271029,-1.595916,1.969363103691101,58.984312391837705,226.56683231428875
28069618,-4.679346,0.457702,-0.0024778963088989414,198.54789302177156,89.62766763932967
28083183,-3.610708,0.311694,1.591748103691101,104.94266726055326,81.4994445559075
28106674,-1.164545,2.103134,-0.012044896308898823,394.30754498769727,111.16044422629226
28083184,-6.293394,-1.515313,0.05431110369110104,162.99031866285105,124.55213338987004
28100830,-0.377211,-3.997303,0.05307210369110105,146.06190403094365,344.4154239429408
28111046,-3.435662,-4.251481,2.0982281036911012,67.51033400573735,238.5035679641125
28104125,-5.603539,-3.140481,0.08566010369110111,149.31462203046294,174.79821499252856
28104125,-5.603539,-3.140481,0.08566010369110111,149.31462203046294,174.79821499252856
28076050,-0.790565,-12.031361,3.172724103691101,32.36481888379262,365.6478736227641
28063187,-3.069191,-1.005207,1.776376103691101,81.48947070256935,170.1604450288041
28073374,-5.974039,-1.854534,3.116917103691101,29.602889504540173,93.24108968763132
28073375,-5.929958,-1.800285,2.976272103691101,36.912678854279534,94.8556999451175
28111879,-2.571309,-6.932977,0.11069610369110117,126.5833919743429,290.1498629465517
28096413,-3.228147,-5.209308,0.9499651036911011,109.4320213350688,258.89449937350025
28096413,-3.228147,-5.209308,0.9499651036911011,109.4320213350688,258.89449937350025
28111054,-2.857438,-3.636991,2.042317103691101,65.20063964585731,247.6432904088216
28076079,1.299214,-18.809164,2.675459103691101,49.85264255807306,402.9219910278497
28104133,-2.92603,-0.097424,0.045427103691101145,197.0644562880301,165.91417172483136
28076085,0.364908,-4.939663,0.47105510369110104,120.55421542933864,384.4891677320415
28111057,-3.3816,-5.228623,0.9016581036911011,111.3037809540576,255.05998140271535
28110408,1.733531,-19.199846,0.187001103691101,93.68604953303348,396.2618355495264
28076089,0.45757,-4.279081,0.21395010369110112,136.58748771761827,386.993484178603
28076092,2.150857,-18.63092,2.1181201036911013,57.87357059680005,416.81269249163023
28088671,-1.605813,2.504207,-0.01250389630889881,422.0122716979373,9.147839676062205
28076097,3.090873,-22.408407,2.080132103691101,59.14739427992086,424.8208909405526
28112458,-2.873629,-0.193257,1.2233401036911011,125.27492723769528,151.26456251065534
28099015,-3.364202,2.1239,-0.029821896308898976,277.2568792408176,7.335660343004179
28088688,-1.641206,2.189947,-0.016146896308898873,365.3436158435329,63.65010763158188
28069644,-3.778723,0.682278,1.756184103691101,94.1971655328411,39.256355701485774
28106708,-2.880768,0.039595,0.7979781036911011,157.95745045101205,148.19320082112677
28099022,-6.647892,0.099463,0.4962111036911011,164.3122391463107,55.67139418831107
28099025,-6.550712,0.041127,0.5191711036911011,162.94517437335162,59.20997559344582
28108830,-2.943213,-3.608492,1.6878251036911012,83.15680683350996,244.78200021076464
28053095,-6.700122,-0.718465,3.1666091036911013,27.278459783711327,22.33143144063584
28099032,-5.91132,-1.659678,2.967116103691101,36.38519717241269,89.55057121154428
28112459,-2.783279,-0.077577,1.1583621036911012,131.2430850287037,150.6533719353476
28104146,-2.523775,0.181338,-0.03338889630889885,211.91276525580668,171.98819236635416
28100875,1.27721,-16.497889,0.8856951036911012,83.94707544320235,395.2897851294709
28073418,-5.716938,-2.005862,3.227963103691101,20.859181783532136,102.976608615839
28111064,-3.168621,-4.958397,1.313445103691101,97.3238483914964,257.4680706996842
28111064,-3.168621,-4.958397,1.313445103691101,97.3238483914964,257.4680706996842
28111068,-1.920366,-2.291378,0.5775161036911011,139.43165202113352,262.57768975625606
28111068,-1.920366,-2.291378,0.5775161036911011,139.43165202113352,262.57768975625606
28111070,-1.904428,-2.279601,0.7702451036911011,129.96847706086248,263.07488697928414
28111070,-1.904428,-2.279601,0.7702451036911011,129.96847706086248,263.07488697928414
28108836,-3.56112,-4.531891,3.068139103691101,22.97417548737738,236.7439324330056
28108836,-3.56112,-4.531891,3.068139103691101,22.97417548737738,236.7439324330056
28106716,-3.144302,-0.073899,-0.010374896308898984,198.59926987817573,157.8652377005887
28108837,-2.369042,-2.971724,0.3699451036911011,142.1773412187232,256.2677453878969
28112461,-0.796643,2.052925,-0.00036189630889893465,426.5877353446087,155.8321822410535
28112461,-0.796643,2.052925,-0.00036189630889893465,426.5877353446087,155.8321822410535
28073428,-5.948774,-2.277269,3.156128103691101,29.95129170026541,109.61803163026516
28083246,-5.550687,-3.49023,3.098990103691101,35.783156539204015,157.7069347684362
28083246,-5.550687,-3.49023,3.098990103691101,35.783156539204015,157.7069347684362
28105633,-4.367971,1.323295,0.9281081036911011,170.0908770103588,9.30588359308149
28086002,-1.447056,2.515993,-0.019817896308898852,445.3417837848402,15.824053675325985
28073433,-5.71958,-2.143863,3.245180103691101,21.01761497441791,108.10963596425236
28096453,-0.685423,-4.210649,0.2857151036911011,134.7809433783571,333.83180252725407
28096456,-0.333601,-2.078369,0.3336591036911011,156.0547481582126,341.378048400839
28108843,-3.382143,-5.528158,0.8378111036911011,112.29890847880554,258.41022873962675
28108843,-3.382143,-5.528158,0.8378111036911011,112.29890847880554,258.41022873962675
28096458,-0.456578,-2.148435,0.8093491036911011,126.42407572598458,339.90777238783386
28086009,-6.320813,-1.024179,3.459058103691101,4.654945386190207,36.84832818494655
28104170,-4.89136,-5.192858,3.547388103691101,18.39490793459564,208.30938802522527
28104170,-4.89136,-5.192858,3.547388103691101,18.39490793459564,208.30938802522527
28104171,-2.509824,-0.111425,-0.17731289630889902,211.10258549480287,185.97211554037975
28096468,-0.799505,-11.673345,2.9578571036911008,37.68038792976503,363.8923150491241
28069694,-6.699254,-0.811896,3.172772103691101,27.624060628454743,27.4751143637034
28111079,-2.131161,-3.294936,0.37460310369110106,139.19719399341568,269.3573846080029
28111079,-2.131161,-3.294936,0.37460310369110106,139.19719399341568,269.3573846080029
28106730,-0.856999,2.081912,-0.008749896308898997,425.4969529125337,145.09454608760444
28106733,-2.626368,0.158192,-0.09549889630889896,213.2903140873837,169.62187614957804
28111901,-0.329075,1.622808,-0.00043789630889889963,393.5534183127407,265.58353709072065
28111901,-0.329075,1.622808,-0.00043789630889889963,393.5534183127407,265.58353709072065
28053129,-6.650192,-0.93686,3.177091103691101,27.684323826984155,35.03319290526002
28110421,5.332937,-27.064631,-0.9928748963088989,98.83987899289107,432.05912938828885
28104187,-2.413687,-0.243279,-0.06997489630889886,203.42350289780487,193.42658318906985
28111904,-0.930851,-3.44566,-0.106715896308899,157.64937806852933,316.09676828141346
28109602,-3.390138,-3.477599,0.47532110369110103,134.5692320936758,231.6815532227353
28109602,-3.390138,-3.477599,0.47532110369110103,134.5692320936758,231.6815532227353
28104196,-1.001209,1.675694,-0.020584896308898815,344.0428459080508,176.68772359025337
28104196,-1.001209,1.675694,-0.020584896308898815,344.0428459080508,176.68772359025337
28111085,-2.551551,-4.692271,-0.12422489630889899,145.75010240978835,271.7587083863144
28111085,-2.551551,-4.692271,-0.12422489630889899,145.75010240978835,271.7587083863144
28111906,-0.944161,-3.232873,1.456275103691101,82.9033669990668,325.31253321689474
28088806,-3.542248,0.065367,1.749593103691101,90.09419626349091,95.41009494499178
28111907,-0.71019,-2.359557,0.41230810369110105,147.2628287602145,321.83345179413845
28073469,-5.67725,-2.316121,3.2574941036911014,21.16039512150263,115.48587479044136
28069720,-6.40228,-0.8301,3.4687401036911014,2.909756061521364,23.612735819713578
28111089,-2.716662,-5.068593,1.717845103691101,79.72197734456964,272.42620150833096
28104213,-2.08799,-0.149491,0.04270810369110101,203.08403367461875,203.67042468285777
28104213,-2.08799,-0.149491,0.04270810369110101,203.08403367461875,203.67042468285777
28106747,-0.983051,1.809346,-0.010718896308898884,363.1733191402128,164.94679652444177
28106747,-0.983051,1.809346,-0.010718896308898884,363.1733191402128,164.94679652444177
28109603,-3.196723,-3.188061,0.4392011036911011,137.85813574408948,232.68445063539303
28109603,-3.196723,-3.188061,0.4392011036911011,137.85813574408948,232.68445063539303
28104219,-3.725765,-4.76718,2.761040103691101,40.99178843034082,236.36763613267905
28105653,-3.002578,1.843066,0.01364310369110111,268.5418292710197,43.94026951187877
28088859,-4.688187,-3.754946,0.17905310369110117,142.63096206238814,204.6208517397684
28088859,-4.688187,-3.754946,0.17905310369110117,142.63096206238814,204.6208517397684
28063327,-4.967844,-5.155577,3.7633461036911013,9.002180660528353,204.52322900550277
28088864,-2.706484,-0.608403,1.970157103691101,61.09566025489062,164.8143365202727
28088864,-2.706484,-0.608403,1.970157103691101,61.09566025489062,164.8143365202727
28094116,-4.676241,1.472005,0.4743281036911011,199.29916607396405,12.47874476114896
28094117,-6.986456,-0.257726,1.626250103691101,113.75090587205725,38.79176311529781
28088878,-3.270132,-5.333942,0.6473601036911011,118.78611599397118,259.2472665734638
28108857,-0.607193,1.533378,-0.0026168963088988306,352.88730328713325,231.80804517468755
28108857,-0.607193,1.533378,-0.0026168963088988306,352.88730328713325,231.80804517468755
28083295,-4.809203,-5.084988,2.9824711036911014,41.59333772869354,211.17531552708763
28083295,-4.809203,-5.084988,2.9824711036911014,41.59333772869354,211.17531552708763
28108861,-4.154922,-6.903731,3.9455221036911015,5.48819939918809,252.1507768158512
28108861,-4.154922,-6.903731,3.9455221036911015,5.48819939918809,252.1507768158512
28091750,-3.204119,2.118579,-0.025175896308898826,281.4914058794588,11.68363880607714
28104237,-1.929658,-0.52615,0.04125010369110105,194.8875055604274,223.61494076646167
28091756,-6.861761,-0.375061,1.3756411036911012,123.95169225898562,52.28531365683244
28091758,-2.958781,2.157266,-0.01433289630889889,291.6598406156599,13.292011173493393
28111113,-1.567484,-3.618501,0.7735761036911011,119.4098611893987,295.6121132750699
28111114,-0.486343,0.937412,0.002066103691101162,292.73334036540115,277.4897414078608
28105663,-3.295531,0.808369,1.951873103691101,67.45417337121106,30.453294234905627
28111915,-0.763022,-8.535722,0.36648410369110107,111.38753839539804,345.2477811826883
28079700,-6.02897,-2.013313,3.032835103691101,36.06687011872864,100.11578744760132
28104242,-4.385988,-6.523749,-0.004559896308898859,132.55965549204686,246.54338793081232
28104244,-2.424431,-2.617801,1.7399521036911012,77.57849789200594,245.9766029126069
28104244,-2.424431,-2.617801,1.7399521036911012,77.57849789200594,245.9766029126069
28105669,-3.249783,0.789069,1.9483681036911011,67.11605699931192,34.36822855221371
28108866,-1.888364,-2.265783,1.936128103691101,59.19697615728313,263.75124015725567
28108866,-1.888364,-2.265783,1.936128103691101,59.19697615728313,263.75124015725567
28111120,-1.033638,-2.49152,0.13344710369110113,158.8720768429683,304.41781063823805
28109614,-2.698101,-3.063806,0.3430881036911011,142.41292253728295,246.52542724949376
28069759,-6.297556,-1.087322,3.111691103691101,28.336593123275748,51.11812352830424
28088950,2.388577,-21.044432,0.3985731036911011,87.96464509003812,405.8798905009179
28111916,-0.806351,-9.996364,0.7177031036911011,98.80610100570168,348.7220946679684
28073551,-7.171093,-0.301688,2.809597103691101,52.78269364494256,3.2595088248323805
28108876,-1.845831,-3.819808,0.6979311036911011,122.01332896796453,286.68398641153715
28108876,-1.845831,-3.819808,0.6979311036911011,122.01332896796453,286.68398641153715
28104250,-1.842102,-0.752785,0.032909103691101116,190.6932069255803,234.27722856667208
28104250,-1.842102,-0.752785,0.032909103691101116,190.6932069255803,234.27722856667208
28108878,-0.416239,1.501158,-0.02394789630889882,365.29737021261406,259.7304144173869
28108878,-0.416239,1.501158,-0.02394789630889882,365.29737021261406,259.7304144173869
28079738,-1.515595,1.422667,-0.007457896308898926,290.6082113966488,155.53608957216983
28079738,-1.515595,1.422667,-0.007457896308898926,290.6082113966488,155.53608957216983
28104255,-1.832667,-0.847306,0.015223103691101025,189.5603624059433,237.26916283131663
28104255,-1.832667,-0.847306,0.015223103691101025,189.5603624059433,237.26916283131663
28079762,-5.624154,-3.169,2.093054103691101,80.28055385099313,158.16438631656695
28079762,-5.624154,-3.169,2.093054103691101,80.28055385099313,158.16438631656695
28086181,-4.404142,-6.109547,-0.11560989630889895,137.18391101044273,242.1795274484588
28111925,-0.24677,-7.451102,1.0922181036911012,90.04187317479895,364.8055444824332
28111927,-0.053799,-7.31849,1.0837381036911011,89.78033109441634,371.574911044332
28108892,-0.648528,-4.070999,0.22485910369110118,138.3711438319952,334.2627144159926
28111929,0.550444,-12.077142,0.47188510369110104,98.3723836022954,381.6877090599959
28109621,-3.518963,-4.417109,2.980523103691101,26.277838791402047,236.35096024198077
28109622,-3.287747,-4.173077,2.467807103691101,48.78816807463639,241.06204646542787
28091847,-5.580105,-3.240893,1.217387103691101,112.91318402079756,168.71184907014413
28091847,-5.580105,-3.240893,1.217387103691101,112.91318402079756,168.71184907014413
28069783,-4.332839,-0.226244,0.017509103691101036,186.8875069830234,126.94678784104504
28111128,-1.02737,-4.947447,0.9198231036911011,105.33784553928209,328.13763711617946
28108896,-0.463621,-2.773293,0.47693610369110107,139.031217776972,339.0862812092511
28111129,-0.803612,-3.206242,0.8718121036911011,115.1999631747059,327.3819587775348
28094183,-5.577503,-3.321952,3.316193103691101,24.2387010447425,149.9713047820852
28108897,-0.54592,-3.010762,1.1012981036911011,102.3799291581101,342.67336453009216
28112480,-3.016814,-0.963608,2.108940103691101,54.99162546982629,165.01734890745843
28108899,-0.429935,-6.986237,0.8935921036911011,98.47526439335462,356.34576876068195
28112481,-3.961751,-1.217834,0.5435941036911011,151.57663630994296,163.70704367493164
28063421,-3.56795,-4.755302,1.2332941036911012,102.01444983966742,243.84905454517303
28063421,-3.56795,-4.755302,1.2332941036911012,102.01444983966742,243.84905454517303
28111131,-0.951027,-3.803396,1.5473651036911011,77.30791915360899,329.7600077425424
28086194,-0.927258,1.076338,-0.016709896308898964,287.12348794811385,226.1806642446985
28112483,-3.031219,-0.107568,0.125103103691101,192.1492750830845,161.14781354997268
28112484,-0.782093,1.998525,0.019666103691101,415.5838353219882,163.83502916672552
28099210,-6.933649,-0.420722,0.2864331036911011,165.34645909300377,75.76845756684256
28065776,-4.834622,1.287445,0.06309810369110114,213.6618194947905,38.767560677173975
28063422,-3.210303,-4.013544,1.115281103691101,107.67857316043424,243.7258143533886
28063422,-3.210303,-4.013544,1.115281103691101,107.67857316043424,243.7258143533886
28099211,-6.89388,-0.395103,1.536805103691101,116.80358158311522,48.792135952305244
28111939,2.104811,-10.808569,1.3702541036911011,69.68475163126811,439.7904182131226
28108908,0.114059,-4.458944,1.154892103691101,90.93754952484704,382.3780727062332
28083383,-5.573231,-3.248181,1.7086081036911012,95.07134535883358,164.81032615473674
28083383,-5.573231,-3.248181,1.7086081036911012,95.07134535883358,164.81032615473674
28104271,-1.898491,-2.298759,1.2083521036911011,106.1002082995224,263.7503812904164
28104271,-1.898491,-2.298759,1.2083521036911011,106.1002082995224,263.7503812904164
28104272,-1.924251,-2.333596,1.1012391036911011,112.04338196500376,263.18425154052284
28104272,-1.924251,-2.333596,1.1012391036911011,112.04338196500376,263.18425154052284
28109634,-1.962876,-2.370703,0.24798110369110105,153.68335777825365,262.14268274275986
28109634,-1.962876,-2.370703,0.24798110369110105,153.68335777825365,262.14268274275986
28106810,-2.23814,-0.583837,-0.05584189630889891,196.0481713357873,211.85702217535908
28104274,-1.96899,-2.418923,0.5141161036911011,141.15728180988432,262.6844895678724
28112489,-3.172363,-1.000263,1.6105751036911011,93.9266892051119,168.34158716624594
28112489,-3.172363,-1.000263,1.6105751036911011,93.9266892051119,168.34158716624594
28108915,1.438301,-21.156113,3.103212103691101,44.67098586535002,403.99509099424574
28099232,-4.76689,-0.597351,0.060270103691101085,177.42914560087354,128.6815000962332
28104277,-1.635412,-1.365804,-0.0017258963088988555,181.0644174902116,258.4136875499032
28102550,-5.272944,0.893149,0.09311810369110107,199.32518429631,52.23180207148897
28104279,-1.859229,-2.332609,0.6097931036911011,137.43274906615994,265.91435236428765
28104279,-1.859229,-2.332609,0.6097931036911011,137.43274906615994,265.91435236428765
28109636,-2.93418,-4.644763,1.068093103691101,106.44259973914612,260.54209340718427
28104280,-1.860851,-2.31355,0.5054411036911011,142.6529170702241,265.48236009773973
28104282,-1.86162,-2.369254,0.38611510369110114,147.61915722582395,266.3064425599228
28104283,-1.862766,-2.363364,0.31372110369110107,150.9707069205593,266.1295484247684
28104283,-1.862766,-2.363364,0.31372110369110107,150.9707069205593,266.1295484247684
28104284,-1.865335,-2.360855,0.18414210369110107,156.7333278539071,265.9256615863691
28104284,-1.865335,-2.360855,0.18414210369110107,156.7333278539071,265.9256615863691
28111134,-0.996706,-11.214489,0.9184681036911011,92.58454251836602,347.10775078739795
28109637,-1.943229,-2.326728,0.4986311036911011,142.82532075672916,262.21276153477595
28109637,-1.943229,-2.326728,0.4986311036911011,142.82532075672916,262.21276153477595
28104285,-1.868724,-2.368848,0.06889010369110116,161.57375413606363,265.8640981434783
28104285,-1.868724,-2.368848,0.06889010369110116,161.57375413606363,265.8640981434783
28091907,-6.933881,-0.221206,1.764801103691101,107.25130851996072,34.117686110175896
28102557,-2.987284,1.80007,0.008441103691101182,266.81469844903535,48.84905752045739
28091909,-2.091767,1.99777,-0.026396896308898965,315.7605287811158,65.64900287567451
28069814,-6.179914,-1.318766,3.467212103691101,5.302335292970582,55.42670829529027
28104286,-1.661672,-1.631549,0.006287103691101192,175.82466960634306,262.2749331130103
28094232,-5.665379,-3.218848,1.637084103691101,98.15497884923732,162.7712688563517
28094232,-5.665379,-3.218848,1.637084103691101,98.15497884923732,162.7712688563517
28111136,-0.293629,-4.924666,-0.12399789630889901,144.6207704033279,349.1026361670839
28104288,-1.609368,-1.57778,-0.03359789630889898,178.83636544984455,263.6824118062955
28102561,-5.08812,0.530751,0.10459810369110101,192.8032575821167,74.28009274648434
28112492,-1.412327,1.388618,-0.019705896308898962,292.849640736325,165.95622510473714
28112492,-1.412327,1.388618,-0.019705896308898962,292.849640736325,165.95622510473714
28102566,-3.160467,1.45651,-0.07233089630889888,250.1740205891492,75.63865727675775
28111144,1.23179,-22.079306,1.559242103691101,72.04357886510027,391.5176437719805
28069819,-4.276779,-0.347536,0.0052591036911011635,185.59615566735383,133.17430630805052
28104295,-2.217708,-4.18061,0.04199510369110104,144.30012744445344,276.58544752401656
28104295,-2.217708,-4.18061,0.04199510369110104,144.30012744445344,276.58544752401656
28104296,-1.595112,-1.711974,0.027072103691101024,173.7837069960701,266.7636588612522
28105719,-1.542926,1.740656,-0.010974896308898918,317.87533481660955,125.29680480204664
28102577,-5.057638,-0.008632,0.05236610369110117,185.55755206146293,100.04825510340098
28102579,-5.192386,-0.141241,0.0817681036911011,181.69241852161724,101.76386047464176
28111151,1.913292,-19.155165,1.615736103691101,68.59074785002505,407.6855425189472
28094259,-1.953965,1.522683,-0.005236896308898897,281.65504765706606,119.76364344076651
28102584,-2.762718,1.44137,0.05401810369110116,250.7264246360772,86.22820150344981
28111156,2.372073,-13.088678,1.5996951036911011,63.53572371019891,438.1647128261855
28107520,-6.87213,-0.376959,2.7197681036911012,55.38689943864412,14.686685599850447
28083462,-0.910382,1.525146,-0.0009928963088989828,330.3450525796163,198.07089260920145
28083462,-0.910382,1.525146,-0.0009928963088989828,330.3450525796163,198.07089260920145
28086261,0.458762,-4.927788,0.41505310369110104,122.86276862813932,388.3137063956796
28102587,-5.147039,-0.303223,-0.0076508963088988136,182.8411114520598,110.54148982189145
28112499,-0.931375,1.726414,-0.0037848963088988885,354.92320297396145,178.36343316493014
28104309,-2.537584,-0.061803,-0.09353689630889894,208.09627317248163,181.93146757879276
28106824,-0.734987,1.678914,-0.013026896308898861,364.537306336326,204.8469359686517
28112500,-3.017535,-1.316698,1.629621103691101,90.59813544474588,186.23495300834145
28112500,-3.017535,-1.316698,1.629621103691101,90.59813544474588,186.23495300834145
28104311,-2.486359,-0.11313,-0.07762589630889893,206.45833439350235,185.7813536111032
28104311,-2.486359,-0.11313,-0.07762589630889893,206.45833439350235,185.7813536111032
28104318,-2.190479,0.106942,0.044479103691100974,209.23234103875285,188.99011753802364
28104318,-2.190479,0.106942,0.044479103691100974,209.23234103875285,188.99011753802364
28094284,-3.957153,-1.198475,0.013362103691101135,173.60639835438695,169.31067129801812
28091965,-1.534492,1.792051,-0.008294896308898903,323.42854204938294,120.43135627468446
28076560,-1.612983,1.956201,-0.013889896308898919,337.24026676153693,96.82028587701684
28106827,-3.250255,-2.91432,0.021722103691101058,155.1628078295431,227.79375374311343
28106827,-3.250255,-2.91432,0.021722103691101058,155.1628078295431,227.79375374311343
28076564,-6.985808,-0.242841,0.796138103691101,148.68494768454983,57.92548598964623
28102598,-2.906236,0.121927,1.9436331036911012,64.03808361782922,110.2472798594916
28104321,-2.144339,-0.117333,0.019782103691101005,204.6394653631943,200.0681258358274
28104321,-2.144339,-0.117333,0.019782103691101005,204.6394653631943,200.0681258358274
28079944,-0.932165,0.71448,-0.016316896308898876,261.53375105423976,243.07796486579517
28079944,-0.932165,0.71448,-0.016316896308898876,261.53375105423976,243.07796486579517
28086275,-0.025596,1.330428,-0.01869389630889895,372.91302953567424,330.1609030991526
28107536,-7.002552,0.130421,0.37425510369110104,168.38113431086697,51.66517737087386
28105732,-3.143955,-0.130825,0.181657103691101,188.09811088320123,157.0566059733133
28101113,-2.984911,1.874617,0.03569010369110104,269.56776247660207,40.195081995237615
28083495,-0.611738,-2.136494,0.8599461036911011,123.67682462043884,330.2928399990623
28105733,-4.25553,-1.49009,0.08183710369110098,166.43999115374078,168.48617739822066
28105734,-1.021882,2.001273,-0.008167896308898914,390.5319772251753,138.3832795014808
28105734,-1.021882,2.001273,-0.008167896308898914,390.5319772251753,138.3832795014808
28069868,-3.502317,0.023777,1.7428841036911011,90.15236274036374,99.82140522907176
28089173,-6.868786,-0.376292,2.250711103691101,81.91160496503812,29.22658640089233
28089178,-1.807225,2.461284,-0.017435896308898968,392.72994885521655,8.979417198306294
28101122,-3.158557,1.591273,-0.04028689630889892,254.65344027627864,63.84474046074328
28105736,-1.427183,1.583311,-0.01740789630889883,308.9458169961071,148.7929234250717
28105736,-1.427183,1.583311,-0.01740789630889883,308.9458169961071,148.7929234250717
28104329,-2.072919,-0.279451,0.02068610369110102,200.93349607815503,209.09935079360028
28104329,-2.072919,-0.279451,0.02068610369110102,200.93349607815503,209.09935079360028
28106832,-0.989566,1.293054,-0.01768589630889883,303.05300087210003,207.51364340625065
28106832,-0.989566,1.293054,-0.01768589630889883,303.05300087210003,207.51364340625065
28107553,-6.435884,0.065901,0.4252441036911011,167.12852877723563,62.18734831887633
28094326,-6.399514,0.070086,0.3370151036911011,170.6349086998833,64.59165795499715
28104330,-2.490134,-0.521567,1.9956361036911012,54.85731388295733,170.8796117951427
28101135,-2.856386,1.431471,5.9103691101070055e-05,251.33612033673472,85.55501025147544
28096734,-6.906566,-0.391312,0.9582391036911011,141.09411221203175,61.67819727062295
28104333,-0.945108,1.831016,-0.0015728963088990078,369.1243911928988,166.1541012054499
28104333,-0.945108,1.831016,-0.0015728963088990078,369.1243911928988,166.1541012054499
28102627,-3.761659,-0.502465,0.15375310369110107,179.12352458845572,151.1549973173859
28109651,-1.960493,-2.426757,1.3505611036911012,97.62668149588492,263.2532536803121
28089203,-5.103991,-1.289688,2.996928103691101,20.618919415944248,90.70687805338883
28101142,-2.801562,1.314609,0.004287103691101191,246.79104570323,96.3155272359719
28104338,-2.639183,-0.942933,1.9838551036911012,60.21086599057671,183.74225586283396
28104338,-2.639183,-0.942933,1.9838551036911012,60.21086599057671,183.74225586283396
28107564,-3.728112,0.623029,1.725363103691101,96.26625480226078,47.525201080360006
28101144,-4.895648,-0.472261,0.032990103691101114,179.80556614295062,121.68861442652664
28096746,-6.362247,0.085302,0.23963010369110105,174.5911995348086,66.7283703795751
28101145,-3.013018,0.075343,1.965388103691101,63.660515986397485,108.16853705737836
28112504,-2.457762,-1.054662,2.031973103691101,53.91576129929149,197.00264965514137
28112504,-2.457762,-1.054662,2.031973103691101,53.91576129929149,197.00264965514137
28106841,-2.048075,-0.889424,-0.029291896308898835,189.44040012875064,228.60488440741813
28106841,-2.048075,-0.889424,-0.029291896308898835,189.44040012875064,228.60488440741813
28101150,-2.761796,1.250242,0.007084103691101129,244.52531974947783,102.42876391211816
28105742,-2.500003,0.163773,-0.025072896308898862,211.23441464361684,173.61601670282982
28096752,-2.851711,2.095926,-0.019656896308898997,291.4432290727311,23.9915254205182
28104341,-1.99931,-0.541734,0.001798103691101005,195.99710287000784,221.00688882326236
28107571,-3.221506,0.751544,1.9472291036911011,66.86424631266982,39.565225270781184
28096770,-2.73856,1.987831,-0.017696896308898813,287.7070061986582,39.692481011993294
28101178,-2.798459,0.885987,-0.017484896308898934,230.49034970372347,125.16409014834564
28099358,-3.084019,-0.288873,2.066015103691101,56.44086033153224,126.71066309667296
28105749,-1.515968,1.281823,-0.02734089630889902,281.2999468240879,166.64235795220975
28105749,-1.515968,1.281823,-0.02734089630889902,281.2999468240879,166.64235795220975
28094394,-3.421983,0.751481,1.938981103691101,71.21851952179821,33.370428285736665
28112506,-3.95495,-2.213854,-0.045559896308899006,163.46947845864895,194.91300619316848
28096788,-4.270583,0.538438,0.4766791036911011,180.3363743043775,83.3938084258341
28104354,-1.944154,-0.654796,-0.0007358963088988091,193.89464662455677,226.88866851569895
28102654,-5.485323,-3.158536,0.19999910369110108,145.89458931537592,176.73558962608948
28089240,-2.937403,-0.026285,1.962878103691101,63.0894290065892,118.96864319629542
28092046,-0.923502,1.788604,-0.0010848963088989638,364.4534023568776,172.8831366841688
28104362,-3.10674,-3.128033,0.08681910369110102,151.06099517220105,235.37005575383512
28104362,-3.10674,-3.128033,0.08681910369110102,151.06099517220105,235.37005575383512
28083569,0.445192,1.360669,-0.003159896308899013,436.5483874289664,439.8661645914373
28112509,-1.212648,1.226085,0.0837871036911011,280.7675822419983,190.55779750979275
28096798,-1.854279,2.276478,0.0015761036911010606,359.84082228575744,37.096829870643575
28092055,-3.059078,-0.947346,1.7351801036911012,84.46735390621907,168.8147047649186
28105759,-2.374256,-0.549016,1.981833103691101,54.4344381886134,178.95910798625488
28105759,-2.374256,-0.549016,1.981833103691101,54.4344381886134,178.95910798625488
28099382,-0.745378,1.603196,-0.006008896308898892,352.19622642403664,209.82833732593085
28099384,-0.748579,1.534598,-0.009679896308898872,342.9313732021045,214.91209673932184
28109656,-2.380963,-4.124112,0.10331910369110098,142.626511831407,270.92985686230014
28107589,-5.300596,-0.278141,0.047831103691100996,180.4954146642397,105.26590719830288
28069932,-6.029474,-2.095781,3.156497103691101,29.64973467625046,100.95084171521184
28104373,-4.719524,-4.918295,3.4523841036911014,19.186766977268377,208.1877403528067
28104373,-4.719524,-4.918295,3.4523841036911014,19.186766977268377,208.1877403528067
28094428,-1.119939,2.137825,-0.007398896308898895,405.28557228512375,109.6773698249363
28112514,-2.505057,-1.395084,1.981998103691101,60.24341444772461,208.06803323749557
28106856,-2.475899,-2.743371,1.0544201036911012,113.88291794374736,247.7130436431464
28058680,-1.087253,1.838536,-0.014725896308898978,359.2332186339295,151.83148874757433
28094434,-3.160175,0.614497,1.949484103691101,65.96115970013287,56.08004725451016
28112519,-5.07851,-5.492546,1.9761851036911011,81.02038909377285,215.42213656559576
28107605,-2.737594,1.155755,-0.0026938963088989354,241.417661565592,110.26001056366722
28092073,-3.76715,-3.580177,1.211775103691101,107.15092180312227,220.1251698628473
28099405,-2.754071,-1.987686,1.557177103691101,91.56089332960768,218.18871265713292
28112523,-2.48398,-1.567704,1.9174341036911011,65.46025178621238,215.4332085408316
28107611,-3.62871,-0.199666,1.607208103691101,100.717313092976,112.92787695369292
28065970,-6.768123,-0.39183,2.1674541036911013,85.66622100423072,33.96721041429166
28101223,-2.889016,-0.783651,2.002030103691101,61.48658114149134,164.25129866557688
28101223,-2.889016,-0.783651,2.002030103691101,61.48658114149134,164.25129866557688
28104399,-2.686059,-3.579684,0.0008481036911009987,150.38994080608916,254.83365053346856
28069959,-6.056921,-2.302598,3.176807103691101,30.20736558122104,107.80894780747826
28107616,-2.851716,0.931296,-0.03427789630889899,232.249900989658,120.83947179165224
28099418,-3.506395,-5.667584,0.0542321036911011,134.7298255445662,257.0992752983821
28099418,-3.506395,-5.667584,0.0542321036911011,134.7298255445662,257.0992752983821
28112532,-2.722797,-2.060772,1.864160103691101,72.29158526705251,219.51010933055545
28112532,-2.722797,-2.060772,1.864160103691101,72.29158526705251,219.51010933055545
28104413,-3.00051,-4.808166,0.530937103691101,124.51442298889678,260.6541366399915
28104414,-1.946909,-2.354653,0.31057710369110103,151.12278425475006,262.52673897490274
28104414,-1.946909,-2.354653,0.31057710369110103,151.12278425475006,262.52673897490274
28105773,-4.345506,-3.012335,-0.12463489630889901,157.7172943212525,201.25610448712976
28102705,-3.822515,-2.760989,0.04135610369110099,155.25505885265142,208.9580516732561
28102705,-3.822515,-2.760989,0.04135610369110099,155.25505885265142,208.9580516732561
28104421,-2.261696,-4.072271,0.600121103691101,125.0709366050956,274.66979473235205
28104421,-2.261696,-4.072271,0.600121103691101,125.0709366050956,274.66979473235205
28112540,-3.52528,-4.476719,3.107081103691101,20.1203819183462,236.8416013111601
28112540,-3.52528,-4.476719,3.107081103691101,20.1203819183462,236.8416013111601
28106871,-2.146903,-2.466587,1.6129061036911012,83.16472861045318,255.33798123224932
28106871,-2.146903,-2.466587,1.6129061036911012,83.16472861045318,255.33798123224932
28094511,-3.341033,-1.675504,0.45378110369110103,151.0230285102714,196.69420408691943
28107645,-3.045411,0.077071,1.3236001036911011,121.31319742321656,126.67774492763829
28104426,-1.905742,-2.308746,1.8289661036911011,67.06041123641108,263.7104695680896
28104426,-1.905742,-2.308746,1.8289661036911011,67.06041123641108,263.7104695680896
28104427,-3.498084,-7.905202,1.953032103691101,74.95235223732351,277.8085647470974
28104427,-3.498084,-7.905202,1.953032103691101,74.95235223732351,277.8085647470974
28094516,-3.734844,-2.608103,-0.06766989630889886,160.53821098763223,208.97741584528129
28094516,-3.734844,-2.608103,-0.06766989630889886,160.53821098763223,208.97741584528129
28094526,-3.087576,-1.132754,1.751606103691101,83.26017275505001,174.92374905960392
28094528,-0.673904,1.680983,-0.001539896308898836,369.48409631999664,211.8437779712009
28102717,-4.008054,-5.122206,1.4047431036911011,96.5942632712414,237.0022206826629
28102717,-4.008054,-5.122206,1.4047431036911011,96.5942632712414,237.0022206826629
28069982,-5.705815,-2.056802,3.417344103691101,9.407473682088892,101.51358951345178
28099445,-3.216861,-5.44319,1.2817451036911012,97.53562303214548,261.7585117348122
28112545,-2.733168,-2.142595,1.5379911036911011,92.14378097024964,223.12115932564407
28112545,-2.733168,-2.142595,1.5379911036911011,92.14378097024964,223.12115932564407
28102723,-2.306615,-2.586315,2.138910103691101,51.26293368744652,249.72230061819832
28102723,-2.306615,-2.586315,2.138910103691101,51.26293368744652,249.72230061819832
28092118,-0.287148,1.69795,-0.0029298963088988383,414.1113406417684,267.8145516820435
28092118,-0.287148,1.69795,-0.0029298963088988383,414.1113406417684,267.8145516820435
28092119,-0.260206,1.724874,-0.007987896308898845,423.9712308112026,270.82813500467194
28092119,-0.260206,1.724874,-0.007987896308898845,423.9712308112026,270.82813500467194
28106881,-1.92004,-2.368268,1.595910103691101,82.61526634439818,264.1187471525114
28106881,-1.92004,-2.368268,1.595910103691101,82.61526634439818,264.1187471525114
28107649,-3.000052,0.003699,1.575483103691101,99.934231276969,126.04950730369292
28105789,-4.166329,-3.718683,1.034573103691101,114.29700714557904,212.57260142043268
28066031,-4.498205,0.106056,0.010931103691101063,192.24240177007755,109.4579068793357
28094562,-0.771363,1.088567,-0.016106896308898833,294.63185183687165,240.3864235364272
28094562,-0.771363,1.088567,-0.016106896308898833,294.63185183687165,240.3864235364272
28104448,-2.269665,-10.163246,1.231778103691101,89.3774198120021,316.8050729153389
28112546,-2.728781,-2.205305,1.587912103691101,89.081396084099,224.58163872397176
28112546,-2.728781,-2.205305,1.587912103691101,89.081396084099,224.58163872397176
28106885,-1.923314,-2.313714,0.6165731036911011,137.31887806752724,262.8362574112055
28106885,-1.923314,-2.313714,0.6165731036911011,137.31887806752724,262.8362574112055
28066039,-4.473822,0.033472,0.006956103691101001,191.1999909845905,113.18413608369396
28104452,-1.209978,-4.812695,0.666474103691101,116.59500833961404,318.77691083491686
28112547,-2.3084,-1.808806,2.065835103691101,52.87719579620946,230.4363609929983
28106886,-0.350435,1.696841,0.0025891036911009913,405.741813213573,257.1011154051365
28106887,-1.866277,-2.346124,0.7046681036911011,132.63121073410974,265.8780871163504
28094578,-2.947021,-3.294716,0.40852410369110104,138.11184929559448,242.1072640848284
28089365,-0.843735,1.673077,-0.010977896308898893,354.6967934171791,192.90647616759725
28107657,-3.047007,-0.333009,2.064582103691101,56.2183461513315,131.12382606825406
28101264,-4.338382,-2.441138,-0.06045989630889892,160.9679096228598,189.95400380926708
28102738,-3.283053,-5.345615,0.08268210369110118,135.57089136262465,259.18550090628133
28102738,-3.283053,-5.345615,0.08268210369110118,135.57089136262465,259.18550090628133
28102739,-3.404552,-5.658376,-0.06739789630889881,138.04350622032902,259.4408802561725
28102739,-3.404552,-5.658376,-0.06739789630889881,138.04350622032902,259.4408802561725
28102740,-1.900557,-2.313041,1.870711103691101,64.11642341422211,264.07378915337955
28102740,-1.900557,-2.313041,1.870711103691101,64.11642341422211,264.07378915337955
28105799,-4.087779,-3.608573,0.07606510369110109,146.92184347222462,216.75113747855244
28105799,-4.087779,-3.608573,0.07606510369110109,146.92184347222462,216.75113747855244
28066057,-6.713666,-0.894895,3.186622103691101,27.59261603530928,31.4204755966164
28109685,-0.486098,0.584051,0.02616110369110114,263.68062918078124,289.3536930561985
28102750,-2.68474,0.385082,-0.0763198963088989,218.32744821526396,157.0359786632702
28102752,-2.650192,0.323652,-0.06991989630889894,216.54996569325576,161.11607882943937
28073800,-0.584494,0.643739,-0.01254489630889899,267.30782620644675,277.3719256790837
28069999,-6.070591,-2.544665,3.202753103691101,30.50321114034054,115.70556928645328
28053415,-5.862026,-2.493785,3.151750103691101,30.61791144921864,119.41510390738053
28106894,-1.560025,-1.697703,-0.03602989630889897,177.08673936918228,268.0834447587709
28104467,-0.466608,-3.838493,0.03678110369110099,148.23299974835754,339.64836175811627
28102760,-2.575053,0.301203,-0.034188896308898986,214.90727814097755,164.63506376420943
28109689,-0.761817,-2.068779,0.6489711036911011,137.61887807294994,318.24100959398413
28101278,-3.85449,-5.197594,3.473235103691101,10.77378986440246,237.63277109741676
28094603,-0.329947,1.628509,-0.006710896308898873,394.9127659725368,265.0706363127373
28109692,-1.923206,-13.339689,2.218295103691101,64.83496456918107,336.71625752785474
28109695,-0.25535,-2.01385,0.26080310369110116,161.4185486335798,345.1242193958017
28102769,-5.516368,-3.183619,0.6589941036911011,131.64875394483624,173.2547680186339
28102769,-5.516368,-3.183619,0.6589941036911011,131.64875394483624,173.2547680186339
28109696,-0.116214,1.302412,-0.008156896308898931,359.3751656799556,315.37213460471645
28089407,-0.855264,-1.965162,0.46134810369110113,149.7213692407293,310.1168999217829
28112558,-0.792129,1.404896,-0.024951896308898824,325.4168347569349,219.672100393604
28112558,-0.792129,1.404896,-0.024951896308898824,325.4168347569349,219.672100393604
28094622,-0.33425,1.339823,-0.011912896308899024,347.3920812839986,280.022781413049
28109700,-0.143713,-5.134073,0.5653081036911011,116.6235137023087,362.221343900231
28070014,-1.092042,1.962285,-0.012056896308898946,377.4088769924128,136.77848522176456
28104477,-0.310494,-2.048043,0.28603710369110114,159.27989333579177,342.0776798959539
28080324,-1.549668,2.288133,-0.01681089630889887,388.4090189782639,53.67787551802493
28112560,-3.245627,-3.707553,1.751328103691101,81.85732775898146,236.25381469751207
28096930,-2.986917,-1.337263,1.763484103691101,81.34290752940896,186.6118337949629
28096930,-2.986917,-1.337263,1.763484103691101,81.34290752940896,186.6118337949629
28102776,-1.059159,1.987664,-0.009282896308898891,384.5415550858087,136.5477641247819
28092186,0.183437,1.313172,-0.0007558963088989401,390.4754906589844,372.80986768026935
28076857,-3.26374,-4.280247,2.8323521036911012,30.381337651015457,242.89037993991943
28076857,-3.26374,-4.280247,2.8323521036911012,30.381337651015457,242.89037993991943
28089438,-0.124254,1.688457,-0.024122896308898856,435.1270476309539,298.76647868862204
28089438,-0.124254,1.688457,-0.024122896308898856,435.1270476309539,298.76647868862204
28102780,-2.481802,-0.296966,-0.11645189630889896,203.75055418956333,192.91409758669388
28102780,-2.481802,-0.296966,-0.11645189630889896,203.75055418956333,192.91409758669388
28066107,-6.261361,-1.059082,3.106297103691101,27.973471997532585,50.46849643928303
28107687,-1.362338,1.745707,-0.02421389630889892,329.3595944563337,138.61611533741154
28107687,-1.362338,1.745707,-0.02421389630889892,329.3595944563337,138.61611533741154
28105813,-3.624799,-3.201889,0.047918103691101166,151.31967044131042,222.07813910742763
28105813,-3.624799,-3.201889,0.047918103691101166,151.31967044131042,222.07813910742763
28053444,-5.822741,-2.629426,3.3208471036911007,21.82986383360199,122.29558303366817
28070026,-1.108064,1.918387,-0.009509896308898869,368.9622763305622,140.5020471028087
28070026,-1.108064,1.918387,-0.009509896308898869,368.9622763305622,140.5020471028087
28101290,-4.203894,-4.167676,1.2688761036911012,104.33844279427146,218.26231669879223
28109712,1.371171,-20.220005,2.0045071036911013,63.617000291822166,398.1964232736215
28070030,-5.811281,-2.446602,3.477538103691101,11.11865926294672,113.33234080302776
28107690,-3.129629,-0.058492,0.011395103691101083,198.0343047027304,157.43059787124577
28101294,-0.918809,1.868747,0.0006341036911010622,377.4105614511348,164.68809924858772
28107692,-5.610787,-3.265579,0.7911591036911011,127.06422893463892,171.95621838745592
28107692,-5.610787,-3.265579,0.7911591036911011,127.06422893463892,171.95621838745592
28076897,-0.58835,1.586058,-0.01640089630889885,363.0817746633479,230.57871033646447
28094658,-2.003223,-3.963287,0.564469103691101,126.74663055531798,282.2439712964311
28066128,-4.254272,-0.322805,0.01786410369110114,185.61094058477155,132.66208095784663
28096979,-6.964149,-0.328222,0.08517610369110118,173.04429788104645,75.70533989877885
28112566,-2.605192,-2.922542,2.1931821036911012,52.53719527595646,243.59268593163756
28104499,0.028091,1.640056,0.00357710369110098,444.85220065506553,334.50519664758
28092204,-0.788285,-11.888355,3.184874103691101,31.49517429307781,365.7433625648072
28107700,-1.235844,1.702509,-0.015667896308898976,331.5922860033538,152.7265803631964
28107700,-1.235844,1.702509,-0.015667896308898976,331.5922860033538,152.7265803631964
28094664,-2.054909,-2.237119,1.9206401036911012,62.10843947020436,254.57131717823816
28094664,-2.054909,-2.237119,1.9206401036911012,62.10843947020436,254.57131717823816
28107701,-2.562297,0.244757,-0.04020789630889898,213.68683544375045,167.75171190348982
28112567,-3.589483,-4.70866,1.759498103691101,82.59816210666705,241.67972530209389
28096984,-1.379892,2.423546,9.210369110101979e-05,432.62079547031806,37.43244302362805
28106906,-2.460064,-9.804812,1.388458103691101,86.27806550512696,311.5980090763122
28102816,-4.303121,-4.2286,1.179173103691101,107.58691439605204,217.112592611518
28105824,-4.037167,-5.071509,0.8133231036911011,115.98095716548548,236.84091653176608
28105824,-4.037167,-5.071509,0.8133231036911011,115.98095716548548,236.84091653176608
28092210,2.216499,-19.811993,1.1218491036911011,76.78041841387449,409.1130270445627
28107708,-2.569025,-0.740143,1.957360103691101,60.77491083349102,178.45465668455986
28106909,-1.302965,-2.149586,0.07283610369110116,165.81751043010672,287.21002441533244
28096993,-6.838501,-0.366784,1.731210103691101,107.85101241265396,43.477504888516535
28092213,1.301713,-19.032717,2.826378103691101,47.158468791915965,403.4955495686622
28109717,1.689703,-10.110645,0.4074341036911011,100.88387128821634,417.8505222634777
28099528,-1.726339,-11.5137,1.9516111036911012,69.36973060269895,335.7802803154749
28107712,-0.985972,1.80816,-0.008032896308898918,362.5931962189013,164.66667245442474
28107712,-0.985972,1.80816,-0.008032896308898918,362.5931962189013,164.66667245442474
28099529,-0.567601,-2.20471,0.960156103691101,116.42445178471672,334.85175688325154
28105833,-2.847588,-2.752023,0.009040103691100976,157.76563370694083,237.3114261321598
28105833,-2.847588,-2.752023,0.009040103691100976,157.76563370694083,237.3114261321598
28053460,-5.633996,-2.586969,3.1061871036911013,31.144819593575505,128.62268364390087
28104508,1.16936,-17.474552,3.2973101036911014,34.55155182543541,406.9288685902965
28097010,-1.63736,2.009195,-0.013061896308898868,341.8745291773664,88.62217210483212
28099543,2.193924,-21.906824,0.558782103691101,85.46006236091227,402.1888648145297
28076948,-0.301581,1.705262,-0.0077908963088988425,414.1120863525024,264.8008849558926
28076948,-0.301581,1.705262,-0.0077908963088988425,414.1120863525024,264.8008849558926
28101316,-1.934929,-1.758262,2.015091103691101,51.5006631265282,249.1912871032393
28066173,-5.888251,-1.195174,3.3565951036911015,6.6827407463025,57.85895014453166
28094708,-0.839004,-1.963917,0.5386521036911011,145.3728728649296,311.633973358551
28101329,-2.808933,0.560618,-0.09696589630889885,223.3312027427433,144.10714391338587
28094724,0.254195,1.309879,-0.0027728963088988756,398.19741119707976,388.603319793642
28097061,-1.39564,1.97504,-0.009702896308898978,354.1654917950735,109.47274360805856
28066203,-6.072285,-1.534105,3.453697103691101,6.979882964369978,68.89079180095104
28094736,-0.868106,-11.881264,2.401691103691101,54.38946829172832,358.8703250077233
28106923,-1.378557,1.320709,-0.008572896308898903,288.0695504927436,173.18380964520617
28106923,-1.378557,1.320709,-0.008572896308898903,288.0695504927436,173.18380964520617
28094739,-0.81292,-11.698624,2.7458361036911008,44.06225492981165,362.2113039702134
28058997,-3.239739,2.155626,-0.03258889630889894,283.1478703563814,7.121950534789448
28112585,-1.981616,-2.151621,1.9815831036911011,56.57662608408876,256.3492345820292
28112585,-1.981616,-2.151621,1.9815831036911011,56.57662608408876,256.3492345820292
28107726,-2.661517,-1.189468,2.067993103691101,54.49482639861381,191.76959018288227
28107726,-2.661517,-1.189468,2.067993103691101,54.49482639861381,191.76959018288227
28112587,-0.733995,1.240828,-0.01826989630889897,310.79638188192166,235.981008947312
28112587,-0.733995,1.240828,-0.01826989630889897,310.79638188192166,235.981008947312
28112588,-2.526687,-2.838236,0.9215751036911011,119.67982775414504,247.7378788179869
28102874,-1.803193,-2.157609,0.2432761036911011,156.7375238242764,265.2581517241224
28094759,2.258734,-18.433966,3.357823103691101,30.609363343438616,428.885141005824
28106929,-4.588297,-3.796118,0.18661010369110098,142.1401074468746,207.5122457792076
28106930,-0.994115,1.905376,0.03671110369110098,374.2898294383955,150.82110159219798
28106930,-0.994115,1.905376,0.03671110369110098,374.2898294383955,150.82110159219798
28097094,-1.139126,2.002685,-0.009666896308898831,379.4991499868367,127.13000529219867
28070078,-1.02919,1.913874,0.040535103691101027,372.2183378589776,146.04322932298174
28102887,-2.402076,-4.615301,0.25813510369110104,134.04132547406883,275.70749430213897
28102887,-2.402076,-4.615301,0.25813510369110104,134.04132547406883,275.70749430213897
28112591,-2.753081,-3.044004,0.13908410369110102,150.23760502488,244.7886574733083
28112591,-2.753081,-3.044004,0.13908410369110102,150.23760502488,244.7886574733083
28101364,-5.574382,-3.236351,1.621340103691101,98.38226818002808,165.2905261512102
28101364,-5.574382,-3.236351,1.621340103691101,98.38226818002808,165.2905261512102
28097100,-3.17353,0.589165,1.952178103691101,65.96839126635206,57.96683833230895
28097103,-1.213681,1.849421,-0.010373896308898845,350.84366915545803,139.07543949393252
28053502,-0.565659,0.587669,-0.031035896308899025,265.4463412659276,280.90771477741134
28112595,-2.422381,-2.807849,0.38651010369110106,142.97417936116634,251.7798157390212
28083947,-5.626159,-3.197176,1.694010103691101,95.93016899394031,162.60399558346722
28083947,-5.626159,-3.197176,1.694010103691101,95.93016899394031,162.60399558346722
28080573,-1.071857,1.688681,-0.00036789630889888514,339.52102903402454,168.00557604440203
28066256,-6.518312,-2.245721,3.2822711036911008,29.292394065450765,94.17195252335628
28112597,-2.274906,-2.55661,0.166167103691101,154.61278879571836,253.25376817244864
28112597,-2.274906,-2.55661,0.166167103691101,154.61278879571836,253.25376817244864
28106934,-1.002933,1.806641,-0.007161896308898852,360.9314808760638,163.09035762587703
28106934,-1.002933,1.806641,-0.007161896308898852,360.9314808760638,163.09035762587703
28112598,-0.905763,0.763151,-0.004582896308898965,264.5880324725971,243.18706831378455
28112598,-0.905763,0.763151,-0.004582896308898965,264.5880324725971,243.18706831378455
28106937,-2.897908,-1.414034,1.775728103691101,79.66952023707984,192.92833027274543
28106937,-2.897908,-1.414034,1.775728103691101,79.66952023707984,192.92833027274543
28102926,-0.76349,-1.990468,0.5852931036911011,142.34218236672757,316.7803319669873
28102928,-0.742734,-2.005415,0.7054401036911011,134.96368267707226,319.2758267049651
28105862,-2.329422,-2.583018,0.053272103691101025,158.75149232289493,251.841293932972
28105862,-2.329422,-2.583018,0.053272103691101025,158.75149232289493,251.841293932972
28102932,-0.716233,-2.11367,0.834560103691101,125.76481546675298,323.2108445658896
28102933,-0.161817,1.426947,-0.006696896308898914,375.53726013650487,303.4380851570834
28113470,-0.54322,1.660515,1.5350511036911012,57.60816037963869,152.43691132642078
28113473,-0.659621,1.558673,1.317583103691101,159.69332617320197,175.2539096424738
28113477,-5.04419,-2.700779,-0.017942896308899003,156.29342170233713,178.56310697424917
28113478,-5.087447,-3.007184,1.713012103691101,93.4697801462047,170.2774809744533
28113481,-4.808155,-2.659648,0.04607210369110115,154.91283483403498,182.54577869119584
28113482,-2.245906,0.141926,0.028471103691101174,210.53464921788347,185.15964952242223
28113483,-2.437324,-0.139384,-0.05565689630889881,205.14645163604632,188.5554198758403
28113484,-5.02151,-3.485553,1.809920103691101,88.47965071839673,181.96414859585013
28113485,-3.967187,-2.23646,0.265474103691101,152.1362286498425,192.90941637351543
28113488,-4.800131,-3.821969,1.833755103691101,86.13361140591189,194.17109045577743
28113493,-6.060152,-6.19449,2.008144103691101,83.40979699868126,205.293724913208
28113494,-6.612693,-7.279112,1.7724421036911011,90.55342199850584,210.0494058496685
28113495,-5.391818,-5.670685,0.8862351036911011,114.12807789158616,215.12502797448863
28113496,-4.83402,-5.117093,1.5562261036911011,94.2814627656885,216.87325637632736
28113497,-4.352579,-4.347092,2.307949103691101,64.55048297198661,213.03170672937807
28113499,-4.287025,-4.430056,0.06696310369110114,141.59271832134584,224.3150321010509
28113500,-4.513021,-4.869898,0.4130891036911011,129.3723307764098,224.2381424660963
28113501,-4.438931,-4.817509,0.6667431036911011,122.10876147296597,224.44442547177303
28113503,-4.396566,-4.798877,0.33142710369110107,131.97997163608989,226.10430149380824
28113504,-3.997548,-4.377455,1.8086981036911012,82.86031541177738,225.1439407536549
28113505,-3.953308,-4.362041,0.9997771036911011,112.45816596252956,228.64192886756013
28113506,-3.913599,-4.317082,1.5555051036911012,92.37929210234856,227.287618873172
28113507,-3.73548,-4.105896,0.6665411036911011,124.54800294063664,231.41799169862944
28113508,-4.298188,-5.199026,0.33189010369110106,129.8975622521777,233.43101963645896
28113509,-3.610237,-4.157883,1.679003103691101,86.42397335836722,232.85601553327848
28113510,-3.959297,-4.826338,1.849481103691101,80.8340625835014,233.0501283941265
28113511,-4.069593,-5.292783,1.8082881036911012,82.58917788503481,236.8985689020284
28113514,-4.206724,-6.039536,-0.221013896308899,140.07730516220147,245.64000415287973
28113516,-4.234023,-6.280313,1.175966103691101,101.93364902632798,245.9706866452001
28113517,-4.38102,-6.621773,0.6828241036911011,114.9111629187623,246.9040224152162
28113518,-4.60991,-7.344203,1.6559901036911011,87.72051751618804,248.35562774239665
28113519,-2.416665,-2.797669,0.46320310369110107,139.89058307159058,251.72595047419915
28113522,-3.289076,-0.079355,-8.8138488963089,373.5503852131157,215.0435643820221
28113523,-3.006868,-4.330792,0.17671210369110102,138.78540104837631,254.98713719915585
28113524,-3.631727,-5.978155,0.1966131036911012,129.4214344024607,257.2237640550512
28113525,-0.780853,1.176244,-0.2638478963088988,317.904453865319,236.87227364694215
28113529,-3.661953,-6.221623,0.2674911036911012,126.4631816767527,258.8619736266997
28113539,-1.891495,-2.24396,0.47665710369110104,144.76021644491186,262.99440418416566
28113546,-2.193036,-3.22084,1.0876511036911012,108.95713136125843,266.4513980979572
28113549,-2.2317,-3.308763,1.482219103691101,89.58708955182203,266.4452113752111
28113556,-2.558136,-4.663174,0.16496510369110107,136.8642721459347,271.4990496100052
28113585,-0.475044,1.139968,-0.022825896308898974,314.68285172203184,270.45473372759125
28113596,-1.033126,-2.395213,0.07383310369110108,162.9540446826634,303.0802675471442
28113598,-1.293629,-3.575084,0.8117221036911011,117.2830093287797,306.85875061673886
28113599,-0.403402,0.71769,0.006018103691101118,277.66347299375246,294.15097870651687
28113602,-0.269158,1.622596,0.010286103691101056,399.72621116950427,275.7196888100163
28113605,-1.107124,-4.58837,0.6710631036911011,117.31669496501304,321.36740878892067
28113606,-0.840341,-2.600831,1.176263103691101,101.26484999418756,323.41325255775075
28113608,-0.648885,-2.069108,0.759896103691101,130.7659014637174,326.2677916286134
28113609,-0.684789,-2.609068,0.6103311036911011,133.79147195715086,327.0490698687179
28113621,-0.164385,-0.526763,1.4097491036911012,83.11401366719997,373.1694316529913
28113622,-0.020448,1.671924,0.009673103691101081,445.432887567464,322.6206202911562
28113625,0.0255,-5.027369,1.3136861036911012,82.45625771119856,379.0832451522605
28113626,-0.072776,-1.457081,1.489458103691101,71.76612385763255,383.89812112863297
28113628,-0.05382,-1.125133,1.452150103691101,75.34872126533679,386.4731040931051
28113629,0.304964,-5.255507,0.3063821036911011,125.55768073241396,379.0693021601597
28113647,0.763905,-3.885382,1.166418103691101,87.35461984841848,426.3337066037518
28113648,-0.019259,0.965786,1.373931103691101,100.08239493581532,427.8730802388309
28113965,-6.562569,1.087337,0.38996910369110105,182.85654821830403,11.318998345755888
28113968,-8.65706,-0.107615,1.802354103691101,111.53307902219004,6.330830108171455
28113971,-5.307075,0.381795,2.2524551036911014,68.17520870586708,6.519918280332774
28113972,-5.525786,0.384408,2.114919103691101,80.5963683953909,8.546207221139127
28113973,-4.912076,1.133738,0.8335131036911011,169.4932865566723,18.20289041004133
28113975,-4.964716,1.01918,0.9511191036911011,160.3141535962188,20.70756586230243
28113977,-6.884194,-0.338781,2.6484071036911008,59.64834254926322,14.658783179895948
28113978,-5.689633,0.351649,1.859736103691101,98.84818329646455,18.248660128225225
28113980,-7.289721,-0.450645,2.563046103691101,68.23649528131224,17.893003212736687
28113983,-6.693983,-0.093429,1.9400871036911012,97.9332453044278,26.08508005631816
28113984,-5.881457,0.291029,1.634731103691101,112.96055906767334,26.898753154816603
28113985,-4.239356,1.065545,1.033590103691101,157.99190080837622,28.872412447806997
28113988,-6.871419,-0.373365,2.3739561036911008,75.25830889709303,25.380556518311607
28113989,-4.445596,0.93232,1.011023103691101,156.46241333634683,35.46457021755026
28113993,-6.367335,0.415187,0.5940111036911011,165.03852539475994,43.36587016425301
28113998,-6.665697,0.161005,0.6510091036911011,158.95003429508444,49.02390218940812
28113999,-2.949548,1.765846,0.02798910369110108,264.7522419461818,52.34981451502259
28114005,-2.855286,0.841349,1.943751103691101,59.5931717620804,43.170674796008086
28114008,-2.590753,0.916753,1.9020101036911012,58.91658041272245,47.87437370998822
28114009,-3.690807,0.598948,1.563825103691101,110.04557559497177,58.06273974193675
28114014,-3.689816,0.353097,1.9470101036911012,74.63935039824554,61.46992848880396
28114017,-1.17975,1.765908,1.2608891036911012,184.1488617914936,44.482417210890446
28114019,-6.289426,-1.109789,2.228246103691101,78.83222197956079,74.50579171500928
28114020,-3.262755,0.501759,1.790775103691101,84.68818539918206,70.70491346651431
28114023,-10.815207,-2.372412,-0.9060658963088988,172.0584071837881,93.2946459257418
28114025,-1.521996,2.016281,0.0009241036911011857,349.7687364274556,94.43450056866295
28114030,-4.892245,-0.008245,0.09295610369110108,184.7270942894544,103.000754250987
28114031,-3.172568,0.155302,1.856035103691101,76.71165076046222,99.4398761696534
28114036,-3.525177,0.433765,0.7253031036911011,167.90765725233655,104.45182915960775
28114039,-2.977009,0.39108,1.303871103691101,126.49911843175802,109.87079438143526
28114040,-3.39952,-0.298456,2.114678103691101,56.84495850758438,112.860644812916
28114041,-1.502967,1.587618,0.7437621036911011,240.2189694376836,104.24785268117677
28114047,-2.565828,0.617161,1.154873103691101,142.53121098682277,117.11212676431492
28114052,-2.827541,0.384844,1.1198681036911011,141.18454208180674,122.5641934082531
28114054,-2.536612,0.54512,1.1373791036911012,142.67403442264305,124.48676212586284
28114055,-2.44311,0.644284,1.0741211036911011,150.47078961399703,124.00000011514058
28114056,-2.628396,0.639494,0.7767661036911011,173.81259491176914,125.080644768984
28114057,-2.264759,0.734817,1.1391471036911012,146.7567030372859,124.03088341084788
28114058,-2.607343,0.570266,0.9339351036911011,160.08197453173528,125.87001590431105
28114062,-2.697201,0.378539,1.168736103691101,137.04554783220684,127.37450855662507
28114063,-2.486422,0.685607,0.8136001036911011,173.16239904017164,127.47730791094136
28114064,-1.005484,2.035178,4.810369110108681e-05,397.97558316833056,135.02776698663047
28114065,-2.522883,0.623561,0.857831103691101,167.79645965567974,128.6090680209137
28114066,-2.599156,0.283599,1.4254391036911012,112.80562201260793,130.62673821117534
28114067,-2.704964,0.357478,1.0979131036911012,142.46469308756429,130.48517059122756
28114068,-3.293366,-0.000583,0.8335851036911011,154.07830170647009,133.3258752517377
28114069,-0.799386,2.141139,0.00651910369110098,447.0338601201752,142.15287730478184
28114071,-2.714226,0.33838,1.052981103691101,145.66890387281484,132.54826852963976
28114075,-2.749479,-0.221145,2.010638103691101,56.02415556505167,139.50945419074822
28114076,-2.641095,0.254061,1.183395103691101,133.77253627994406,137.60198067310904
28114077,-2.218415,0.774764,0.807334103691101,178.30683038979055,135.09895812163177
28114080,-2.647098,0.204587,1.206563103691101,131.13818541705868,139.75051449535272
28114081,-0.899974,2.02624,-0.033453896308898834,409.6846241684585,149.2957109324388
28114083,-2.377148,0.059001,1.8803271036911011,62.1713440785243,144.1853266903574
28114085,-2.54941,0.4121,0.8314891036911011,164.49105212153296,141.6632746490028
28114086,-5.676342,-3.299529,2.692195103691101,55.06937783915606,154.10996621437914
28114087,-0.846244,2.038077,-0.021575896308899,417.950326520526,153.1329221839686
28114097,-2.744785,0.012183,0.9386361036911011,148.3097039738056,152.434975963959
28114098,-2.844648,0.018298,0.7186511036911011,162.7296531516916,152.380825154138
28114101,-1.370014,1.562779,-0.019592896308898933,309.95427453122,154.9711174498526
28114107,-3.589776,-0.771658,0.5168631036911011,158.94183735838385,160.83390653429834
28114108,-4.465488,-1.425673,0.03233110369110115,168.5089781740718,161.84304108968874
28114115,-2.765823,-0.664988,1.624420103691101,90.99129075190108,171.1176326662591
28114116,-1.274361,1.516728,-0.020153896308898966,310.3508544131089,166.39775226530327
28114119,-5.75863,-3.309553,0.2274231036911012,144.0083917835642,173.95464096940182
28114121,-0.894752,1.752214,-0.010003896308898863,361.9660675179407,179.92900780833162
28114125,-4.902211,-3.095572,0.8285931036911011,125.90000780549684,183.75780032504355
28114128,-0.614763,1.941373,-0.039478896308899,427.2200755757643,195.27156139177504
28114129,-1.13371,1.450732,-0.014668896308899004,310.69304101233774,183.2862896580331
28114130,-2.584339,-0.135846,-0.13458489630889892,207.71977730633867,183.265455330805
28114132,-2.39456,-1.025394,2.021388103691101,53.737997407087306,199.26741954789333
28114134,-0.939517,1.564003,-0.014347896308898989,333.97762008991043,192.3322595826617
28114135,-11.686306,-12.828401,0.23999410369110108,116.74495023055772,201.39908965380891
28114139,-4.32173,-4.343595,2.5581361036911012,53.56095766980076,212.6130052500126
28114141,-2.767998,-1.003364,0.5643541036911011,154.93286616687575,197.2809966107475
28114158,-4.553501,-5.018308,1.790190103691101,85.48319712098532,221.0966812913524
28114160,-4.743525,-5.765685,2.318868103691101,67.91001210437304,225.7665945197447
28114162,-3.222551,-3.398677,2.326103103691101,52.77631494367458,229.28681078095397
28114165,-4.521413,-4.960266,1.4053331036911012,98.54644409185858,222.27933027820623
28114168,-3.264754,-4.13879,2.954490103691101,22.778874220784928,240.06032698846545
28114169,-1.69818,0.205323,-5.772520896308899,375.4716108746827,238.74238947377643
28114176,-2.939767,-2.955974,1.779382103691101,79.01720482943799,232.4748267114688
28114179,-4.529276,-5.003202,0.3753571036911011,129.80521165787434,225.75458197500453
28114180,-3.520425,-3.546701,0.9376771036911011,117.2836021398358,227.6249692320192
28114185,-0.640214,1.49139,1.382895103691101,132.23882585743527,189.45663985200304
28114187,-3.499974,-3.561999,0.7565321036911011,123.96804377394255,229.0662143056284
28114188,-3.450978,-3.737652,1.094014103691101,110.24286089528272,232.33788884054744
28114189,-3.280411,-3.147712,0.6719361036911011,129.397612303464,228.72431720352603
28114193,-3.576119,-3.834028,0.5807611036911011,128.78113583288297,231.8054864854982
28114202,-6.282499,-11.075849,1.825329103691101,85.67539003472638,249.6429349408619
28114203,-3.605331,-6.095273,2.5918461036911014,51.69724159883049,258.2568297365962
28114211,-6.517245,-11.26876,-0.7907358963088991,131.99011147370868,249.1381091640288
28114213,-4.637125,-7.459407,0.08475310369110112,126.87736176998872,250.1746412194754
28114217,-2.622964,-3.105474,0.1575261036911011,149.084728159133,249.9036940820706
28114218,-2.53775,-2.938757,0.1360791036911011,151.53685300675525,250.18803892489643
28114220,-2.25863,-2.486605,0.5206761036911011,140.22614562180792,252.27589290158275
28114221,-0.440865,1.473607,-0.019399896308898823,358.7020002912237,257.8820114193145
28114223,-2.127894,-2.415387,0.32782710369110113,149.5123887380071,256.31323934472795
28114224,-1.90187,-2.446032,0.7745951036911011,128.31673828873994,266.037899235433
28114226,-1.590774,-1.24866,0.12269310369110098,177.36577469408235,258.0992564513341
28114228,-1.862674,-2.601477,0.43694910369110107,142.8618351716409,269.912934377153
28114229,-0.340606,1.901368,1.232712103691101,314.24225237189285,187.00747571835808
28105866,-2.173489,-2.445517,0.0021201036911011606,162.7046774399154,255.3328013498329
28105866,-2.173489,-2.445517,0.0021201036911011606,162.7046774399154,255.3328013498329
28053520,-5.293165,-2.675421,3.470797103691101,6.469575506833394,134.5001159430372
28053520,-5.293165,-2.675421,3.470797103691101,6.469575506833394,134.5001159430372
27974551,-6.335035,-0.961326,3.006297103691101,34.60172530442941,46.82903826007902
28105872,-1.705226,-1.48766,0.016457103691100983,177.64819695422867,257.5591114381669
28106942,-2.119696,-0.648853,-0.016807896308898895,193.54755800723572,218.72515980960685
28106942,-2.119696,-0.648853,-0.016807896308898895,193.54755800723572,218.72515980960685
28105873,-1.663926,-1.359901,-0.016542896308898936,181.73547755209967,256.96470739024363
28105873,-1.663926,-1.359901,-0.016542896308898936,181.73547755209967,256.96470739024363
28105876,-1.669629,-1.542626,0.021145103691101008,176.6242598272671,260.2495896495625
28063993,2.778038,-10.618431,-0.060290896308898834,110.39259604783116,445.9276334569531
28066309,-5.930146,-2.056965,3.469304103691101,9.447613314677568,95.32232699313346
28105884,-1.577497,-1.715573,0.03191110369110106,173.56838853301088,267.6401679592801
28105886,-1.943474,-4.258222,0.7497091036911011,117.69201600020205,287.881198467026
28105886,-1.943474,-4.258222,0.7497091036911011,117.69201600020205,287.881198467026
28112608,-2.351732,-4.765707,0.21388210369110117,134.5333437084552,278.6628812221766
28112608,-2.351732,-4.765707,0.21388210369110117,134.5333437084552,278.6628812221766
28106948,-3.700432,-3.471893,0.06600910369110102,148.46732537048706,224.41387391433565
28106948,-3.700432,-3.471893,0.06600910369110102,148.46732537048706,224.41387391433565
28070132,-1.052981,1.811657,-0.009507896308898811,357.7997856927534,157.7600005434619
28070132,-1.052981,1.811657,-0.009507896308898811,357.7997856927534,157.7600005434619
28102958,0.147667,1.001446,-0.015390896308898894,337.2695594667473,365.2159396199757
28092406,-5.860161,1.329313,0.00419410369110107,208.01284396648228,20.10862897603201
28080688,2.402898,-19.338511,3.951606103691101,19.02768996791008,433.6446861048063
28106957,-2.004996,-0.847268,-0.0005218963088988726,189.20850959156607,229.29659992967248
28106957,-2.004996,-0.847268,-0.0005218963088988726,189.20850959156607,229.29659992967248
28101450,-4.056748,-4.751273,2.674560103691101,47.61336658252557,226.72527545335464
28101450,-4.056748,-4.751273,2.674560103691101,47.61336658252557,226.72527545335464
28107766,-0.777318,1.725462,-0.012271896308899022,368.0047432526192,195.6646840933206
28107766,-0.777318,1.725462,-0.012271896308899022,368.0047432526192,195.6646840933206
28106967,-1.96824,-0.944632,-0.0005228963088990124,187.4087989461217,233.48031562045293
28106967,-1.96824,-0.944632,-0.0005228963088990124,187.4087989461217,233.48031562045293
28059130,-5.921044,1.488157,0.0032841036911011035,211.1419337154969,9.635138242328622
28102979,0.429471,0.995625,-0.006100896308898873,358.68071793773623,421.203783166281
28049464,-6.78541,-0.568535,3.318772103691101,16.900176171447896,6.814046589807361
28086880,-3.622565,0.258899,1.748213103691101,91.63303788337252,79.09778491525503
28102982,5.094565,-22.347082,-0.0810028963088989,90.02394392367614,447.1331520806384
28106977,-1.907887,-0.999033,0.021267103691101186,185.60085113629373,237.50832187160256
28106977,-1.907887,-0.999033,0.021267103691101186,185.60085113629373,237.50832187160256
28113160,-3.160323,2.085838,-0.00996589630889888,279.914102270612,15.4994003703153
28113162,-6.923565,0.995839,0.13867910369110104,189.53840854605036,19.06475825121072
28066378,-5.679767,-2.374603,3.266405103691101,21.14725894552683,117.44379908061718
28105920,-3.092941,-1.239861,1.6248901036911012,91.65558307638868,180.49068796881951
28056069,-1.105867,1.867101,-0.01139089630889889,361.6413680588664,146.75948795550278
28056069,-1.105867,1.867101,-0.01139089630889889,361.6413680588664,146.75948795550278
28097282,-3.305975,-5.108357,1.044924103691101,106.76660625380548,255.58746185704408
28097282,-3.305975,-5.108357,1.044924103691101,106.76660625380548,255.58746185704408
28089770,-1.763021,1.877026,-0.01783189630889881,320.31735058651213,96.865384237372
28049484,-6.810373,-0.695449,3.348661103691101,16.53109549557837,13.205068831095955
28066388,-5.735446,-2.576706,3.145718103691101,30.06246061737721,125.27827232649986
28105923,-2.155321,-0.195858,-0.0037938963088988142,203.65265198891865,202.5935933279274
28105923,-2.155321,-0.195858,-0.0037938963088988142,203.65265198891865,202.5935933279274
28112618,-5.616379,-3.249693,2.422706103691101,66.42249426185325,157.02634972649764
28112618,-5.616379,-3.249693,2.422706103691101,66.42249426185325,157.02634972649764
28112619,-5.329528,-3.0181,1.941287103691101,85.15998479244448,162.65284473457638
28112619,-5.329528,-3.0181,1.941287103691101,85.15998479244448,162.65284473457638
28112620,-5.489321,-3.145151,0.5771581036911011,134.450456175108,173.65470202703477
28095054,-3.522691,0.22025,1.5706931036911012,105.43402119866356,91.6697210661386
28112621,-2.513767,0.035132,-0.06062289630889883,209.29797849855603,178.76272926815187
28112621,-2.513767,0.035132,-0.06062289630889883,209.29797849855603,178.76272926815187
28107812,-2.045548,-0.846271,-0.016444896308899004,189.74211024464907,227.5186779694682
28107812,-2.045548,-0.846271,-0.016444896308899004,189.74211024464907,227.5186779694682
28101528,0.483264,-4.925896,0.2868191036911011,128.30179346023758,387.7181501759224
28106983,-2.638218,-2.648221,0.08428510369110098,156.34991546960495,242.19502850600455
28106983,-2.638218,-2.648221,0.08428510369110098,156.34991546960495,242.19502850600455
28056138,-4.789257,0.93528,0.0003141036911011863,208.10534309217775,62.67228113853258
28077458,-6.245567,-1.855839,3.6372871036911008,1.389350010029574,76.01938251874125
28099729,-6.558939,-1.268036,3.066138103691101,35.673407737804894,56.58115731659001
28097349,0.513411,0.804399,-0.007427896308898951,336.8366645831373,433.00339168000886
28107818,-2.633408,-2.66305,0.07802510369110105,156.4382213566733,242.62051595383105
28107818,-2.633408,-2.66305,0.07802510369110105,156.4382213566733,242.62051595383105
28112627,-4.115837,-2.197158,0.03765510369110103,160.46859528226025,189.70798285728844
28112627,-4.115837,-2.197158,0.03765510369110103,160.46859528226025,189.70798285728844
28070242,-2.689377,-0.641474,1.967803103691101,61.18888752416447,167.38808382673832
28070242,-2.689377,-0.641474,1.967803103691101,61.18888752416447,167.38808382673832
28113187,-3.092657,1.824352,0.04329110369110101,263.3542882780654,41.30309630678403
28059240,-4.798276,1.031487,0.0017701036911010881,210.27924656398716,57.02041131812311
28066442,-5.599577,-2.814137,3.1374751036911013,30.51223689682317,136.4269438389495
28066442,-5.599577,-2.814137,3.1374751036911013,30.51223689682317,136.4269438389495
28070256,-3.491593,-2.113032,0.059132103691101,161.71510992883037,205.082669251451
28070256,-3.491593,-2.113032,0.059132103691101,161.71510992883037,205.082669251451
28107823,-2.522129,-2.61953,0.07542010369110108,157.17028598383715,245.66620983696453
28107823,-2.522129,-2.61953,0.07542010369110108,157.17028598383715,245.66620983696453
28105949,-3.75761,-3.491275,0.21405710369110098,143.48270279239767,222.7095068181669
28105949,-3.75761,-3.491275,0.21405710369110098,143.48270279239767,222.7095068181669
28092595,-3.371297,-1.451882,0.4868511036911011,152.06949682177034,189.4729536351805
28092600,-7.063646,0.058985,0.03155610369110118,179.2338695441964,60.95013543701697
28105953,-4.856177,-5.122507,1.454675103691101,97.62163364985896,216.81885681697997
28112635,-2.131094,-0.212287,0.010776103691101158,202.68338088607723,204.1525070795432
28112635,-2.131094,-0.212287,0.010776103691101158,202.68338088607723,204.1525070795432
28070277,-2.946128,-1.308108,1.802813103691101,78.27140822461564,186.784417075788
28070277,-2.946128,-1.308108,1.802813103691101,78.27140822461564,186.784417075788
28092628,-5.291674,0.277847,0.029087103691101124,190.1297216046529,83.39973758613334
28077621,-1.723186,1.890285,-0.01663889630889881,323.734650866578,97.72900648399268
28105962,-2.0386,-0.841865,-0.016249896308898837,189.87093923803064,227.7135521756282
28077628,-6.158503,-1.569991,3.567119103691101,1.1869541354602688,65.94929311136349
28107840,-1.80264,-1.338866,-0.00021889630889893041,180.64896300161297,250.11402800430864
28107840,-1.80264,-1.338866,-0.00021889630889893041,180.64896300161297,250.11402800430864
28105965,-1.95504,-0.749695,-0.027432896308899002,192.99229813479715,229.1329231766097
28105965,-1.95504,-0.749695,-0.027432896308899002,192.99229813479715,229.1329231766097
28108422,-6.902498,0.151671,0.4682231036911011,165.4164391732883,50.12747238320878
28111440,-5.890589,1.564617,0.09702410369110104,209.2082950058331,1.777029059378009
28105968,-1.995386,-0.926449,-0.008422896308898808,187.9985952540144,231.8236124960897
28105968,-1.995386,-0.926449,-0.008422896308898808,187.9985952540144,231.8236124960897
28106996,-4.043769,-5.758509,0.9181431036911011,110.45243465951587,244.8166614813952
28112637,-1.286327,1.116443,-0.010415896308898942,276.4470824714423,193.84092204875205
28099764,-3.649172,0.108684,1.579361103691101,104.78212701605275,94.41368665481602
28106999,-1.821508,-1.276743,0.000519103691100975,181.6703893015962,247.92758405681528
28095151,-1.872948,1.58099,-0.024499896308898927,290.06357916208947,120.08574944523444
28077673,-5.72885,-2.663115,3.5862541036911013,5.651316744754581,121.35048167810946
28108433,-6.71507,-0.089429,0.704384103691101,154.0141177074605,57.87604608833343
28112638,-2.818063,-1.496137,1.7749671036911012,78.97202059109429,199.1518851187865
28107856,-1.989056,-3.980872,0.6828031036911011,121.94440195132746,283.1855390953906
28111451,-6.705966,0.790799,0.7576321036911011,162.2050787406517,14.209659788548834
28066501,-3.680402,-1.692782,0.016067103691101092,167.8581623059401,190.20413120390043
28066501,-3.680402,-1.692782,0.016067103691101092,167.8581623059401,190.20413120390043
28108442,-6.857578,-1.226415,3.129760103691101,35.16177991768868,47.73160957355836
28037981,-5.003809,1.318646,0.022341103691100983,214.65510299863405,34.881530698292664
28077693,-1.02644,1.888938,0.04092910369110103,368.4531510324636,149.31028771273952
28077693,-1.02644,1.888938,0.04092910369110103,368.4531510324636,149.31028771273952
28107861,-1.812762,-3.601887,0.6262021036911011,126.330364089582,285.323196939249
28107861,-1.812762,-3.601887,0.6262021036911011,126.330364089582,285.323196939249
28108449,-3.110421,1.650701,-0.0005168963088988399,256.38788761959745,58.68681595975474
28108450,-5.383279,0.522321,0.029137103691101007,193.9845423071912,70.44447981113032
28107863,-1.412326,-2.02665,0.0493521036911011,168.4073895894649,280.3017128128292
28105984,-4.053937,-5.05524,0.10721310369110104,136.76391010607122,237.61258499406424
28059316,-1.107427,1.908165,-0.00697789630889889,367.3156620961032,141.64568182162168
28059316,-1.107427,1.908165,-0.00697789630889889,367.3156620961032,141.64568182162168
28059318,-4.710952,0.639073,0.015543103691101123,201.36525818475596,79.62745876981475
28111462,-6.744146,-0.325794,2.876863103691101,43.96675780520192,8.094833107106325
28095191,-5.275162,1.014241,0.11130710369110108,201.10353827077628,44.94046164324294
28107867,-1.926098,-11.361115,4.129072103691101,7.262540924634692,340.7320976975567
28111474,-4.677814,1.103237,0.4554021036911011,191.07122787445385,39.93393794135434
28077752,-4.021904,-4.7264,2.787985103691101,42.158805941554505,226.90692427783927
28077752,-4.021904,-4.7264,2.787985103691101,42.158805941554505,226.90692427783927
28089961,-0.786368,1.748005,-0.017564896308899014,371.0615965844222,192.6560677126404
28089961,-0.786368,1.748005,-0.017564896308899014,371.0615965844222,192.6560677126404
28059351,-1.101856,1.866302,-0.014097896308898905,362.0135967737209,147.3517470592796
28059351,-1.101856,1.866302,-0.014097896308898905,362.0135967737209,147.3517470592796
28049565,-6.140163,-0.899038,3.2155201036911008,17.424775636535685,40.66514892701795
28106001,-1.868792,-1.139531,0.002822103691101141,183.9274474436654,242.70180965891504
28106001,-1.868792,-1.139531,0.002822103691101141,183.9274474436654,242.70180965891504
28113196,-5.552068,0.761415,0.006587103691101159,198.36725221705183,56.16642677663248
28111488,-6.724227,-0.011621,0.4991211036911011,162.73293225473384,59.06910654131701
28059362,-1.09485,1.850184,-0.011947896308898809,360.12289518702937,149.70779947722178
28059362,-1.09485,1.850184,-0.011947896308898809,360.12289518702937,149.70779947722178
28027085,-6.501232,-0.449208,3.241838103691101,16.568284494607923,6.090653194743709
28066567,-5.185778,-4.276103,0.05274310369110102,142.88828830274417,202.82055248564572
28066567,-5.185778,-4.276103,0.05274310369110102,142.88828830274417,202.82055248564572
28107883,-3.395046,-1.996604,0.4103791036911011,149.3917920576118,203.1391778778028
28059377,-1.079205,1.83184,-0.009831896308899024,358.6170236117755,153.09962957836217
28111506,-3.64335,0.360925,1.746397103691101,92.38525109825667,70.79766901079685
28059383,-4.594031,0.396336,0.02618010369110113,196.65494319896493,93.88070512224148
28030834,-6.554543,-0.479035,3.262851103691101,16.23933343966965,6.46957218154003
28107030,-2.306149,-2.57758,1.7141281036911011,78.20127693794777,250.3143549381828
28056362,-6.629982,-0.498615,3.279993103691101,16.438354775932936,6.004523570297948
28111516,-5.166904,-0.143192,0.20643710369110102,176.8380672080724,99.98246900858156
28048838,-1.100321,1.866215,-0.005786896308898948,361.62017557568,147.10711985278226
28048838,-1.100321,1.866215,-0.005786896308898948,361.62017557568,147.10711985278226
28030843,-6.571445,-0.520334,3.4639991036911013,2.198150265787291,1.2726826279912018
28113197,-3.073262,1.704574,0.02619410369110109,258.4550733628264,53.928687093268735
28056382,-6.688271,-0.674605,3.038091103691101,35.09544843743444,24.158656729955737
28056386,-6.55924,-0.593278,3.4622261036911013,3.087607077506334,6.36862050043564
28109248,-5.782661,1.476985,0.11933310369110117,207.11212084572963,8.155834066641205
28056396,-6.66327,-0.691926,3.3003841036911012,17.538847371375255,16.84885381419727
28095290,-1.475588,2.005186,-0.011323896308898851,352.402885408794,99.89569312276552
28107890,-4.214284,-3.79138,1.097361103691101,111.84431174162282,212.32893881979032
28107890,-4.214284,-3.79138,1.097361103691101,111.84431174162282,212.32893881979032
28056407,-6.624407,-0.764545,3.048495103691101,34.2401996428618,29.91803014073216
28070396,-2.972175,-2.656996,-0.01808389630889895,159.55301859350618,231.8390219210388
28070396,-2.972175,-2.656996,-0.01808389630889895,159.55301859350618,231.8390219210388
28056425,-6.80566,-0.974982,3.089003103691101,35.375085796320946,37.10067906250231
28092756,-1.085494,2.019958,-0.008656896308898876,387.4649704456578,129.765570959114
28081238,-2.80142,-2.692028,-0.06643789630889896,161.22903251204764,237.9614609927337
28081238,-2.80142,-2.692028,-0.06643789630889896,161.22903251204764,237.9614609927337
28106043,-3.289002,-5.116841,1.2088941036911012,101.0588753561076,256.0583738473085
28056426,-3.701517,0.431617,1.724108103691101,95.16955014327785,64.30555966910498
28030859,-6.704585,-0.716412,3.318213103691101,17.198912489615935,17.084506804049397
28056431,-6.414766,-0.763571,3.4458461036911014,3.94330819983756,20.097554132694626
28113202,-3.026806,1.676604,-0.0361548963088989,261.68992788766826,60.88495188930423
28104831,-5.89428,1.135355,0.05016110369110116,201.72567251691763,29.20508072896891
28107044,-2.057401,-2.234936,1.9946541036911012,56.86741076307087,254.3027892092913
28070407,-2.831614,-2.583375,-0.01845489630889885,160.601967467172,234.99327391323644
28070407,-2.831614,-2.583375,-0.01845489630889885,160.601967467172,234.99327391323644
28107046,-0.708147,0.989589,-0.017270896308898998,289.0184617893838,251.55250544286727
28107046,-0.708147,0.989589,-0.017270896308898998,289.0184617893838,251.55250544286727
28048857,-1.078316,1.831854,-0.0039368963088988185,358.3258304496875,152.91648519015422
28095322,-1.162364,2.138765,-0.013878896308898936,401.1361615544978,106.19945783287416
28095322,-1.162364,2.138765,-0.013878896308898936,401.1361615544978,106.19945783287416
28056449,-6.33438,-0.864017,3.256154103691101,17.263524635013596,33.86476219807298
28056454,-6.47271,-0.940156,3.501214103691101,3.2125133162451505,27.95712642817321
28095329,-1.490276,1.760673,-0.016727896308898815,323.1447649603367,127.23162626829946
28104846,-7.120268,0.17407,0.008432103691101034,181.29822706951785,56.124000630888304
28106060,-2.069165,-2.231328,1.9952771036911012,56.94920221098732,253.62295253086717
28112649,-4.043276,-3.529791,1.0548571036911012,114.08806471576416,212.3237327913734
28112650,-0.93141,1.859366,-0.019939896308898808,375.919117246582,165.27818562882902
28112650,-0.93141,1.859366,-0.019939896308898808,375.919117246582,165.27818562882902
28056476,-6.531944,-1.16761,3.185046103691101,27.43270303932934,48.94043906138657
28090103,0.451411,0.948216,-0.012952896308898953,353.526346186806,424.0506127041722
28106071,-0.5996,1.066771,-0.011356896308899023,300.2052383034038,259.4090186680545
28106073,-1.408397,-2.182006,0.015781103691101084,167.62004536558007,282.6322336185892
28107897,-2.05869,-0.774597,-0.01494289630889889,191.11312923257785,224.992187006436
28059484,-6.557575,-0.61235,3.4680031036911014,2.8803880729619777,7.424458270230474
28059485,-6.747231,-0.731637,3.325666103691101,17.493738204794255,17.096458844251174
28106076,-1.303012,-2.321682,0.038389103691101045,164.89936215263648,289.3622505109904
28106078,-1.249344,-2.452239,0.03439510369110099,163.40140981336882,293.4108574257653
28081366,-0.021514,1.178441,-0.020245896308898947,349.4424176447065,333.984745966668
28106079,-1.226557,-2.617891,-0.07282089630889899,165.84946867882542,295.91278328744534
28056499,-6.356146,-1.198805,3.139923103691101,28.19216399127896,54.95048866631308
28049610,-6.268309,-1.237474,3.0087201036911013,35.46487232542441,61.99265833343611
28106080,-1.207869,-2.551309,0.037623103691101,162.020844078076,296.4641653544347
28081373,0.139994,1.145235,-0.011480896308898814,357.27849286570813,363.5862948053051
28107058,-2.249716,-4.817635,0.24797410369110118,133.03023856529595,282.2820612383231
28107058,-2.249716,-4.817635,0.24797410369110118,133.03023856529595,282.2820612383231
28106081,-1.168598,-2.635897,-0.043916896308898945,164.52468378956462,298.8093468797019
28092804,-0.820958,1.729342,-0.007011896308898979,364.5250854781343,190.144426040369
28059499,-6.568016,-0.738955,3.296990103691101,16.782701127392926,21.27344592547422
28112659,-4.459089,-4.300916,0.15627510369110098,139.8346531847621,218.30491820988064
28112659,-4.459089,-4.300916,0.15627510369110098,139.8346531847621,218.30491820988064
28104867,-6.49015,-1.424172,3.0703181036911014,35.59752699686038,65.06362356469077
28108554,-1.693601,1.624455,0.004510103691101053,298.96101661487813,125.8467545279508
28111569,-2.870932,-0.202655,2.034947103691101,55.51674104596623,131.75300784892102
28111570,-2.678861,0.328195,1.180817103691101,135.20186330522247,131.17649568581683
28059506,-4.451125,-0.181806,-0.017661896308899028,188.4806345608318,122.78090007079489
28107066,-1.221904,-2.546757,-0.05270689630889902,165.97524686724267,295.3987169718025
28056522,-6.149704,-1.267548,3.101920103691101,28.40306411326017,63.3504637319069
28107069,-1.157485,-2.649306,-0.048462896308898884,164.56726159258295,299.42985024183145
28027156,-6.208724,-0.697377,3.392156103691101,3.3596894924465914,21.25756858925942
28111576,-2.72178,-0.139764,1.938474103691101,62.57331508853892,137.6610508492882
28106107,-0.627634,-3.886671,-0.056858896308898954,151.37288372915998,332.05194656310147
28107077,-0.335797,1.33113,-0.00821089630889893,345.8153666017896,280.22838600180154
28107077,-0.335797,1.33113,-0.00821089630889893,345.8153666017896,280.22838600180154
28034580,-6.602283,-0.554951,3.2792631036911013,16.64484867331862,10.0372535621012
28104892,-1.810989,1.816382,-0.014866896308898925,311.8560823202194,100.45696690670826
28074537,-1.531588,1.431342,-0.017290896308898906,291.3007689525261,154.05556002659574
28074537,-1.531588,1.431342,-0.017290896308898906,291.3007689525261,154.05556002659574
28059551,-6.3876,-1.016341,3.277915103691101,18.11159674476553,40.83353139717394
28108580,-1.5195,1.615779,-0.027272896308898842,308.1535354827188,139.60779217893344
28103424,-2.698245,-3.460319,0.09121910369110098,148.2793821410101,252.7482058948671
28103424,-2.698245,-3.460319,0.09121910369110098,148.2793821410101,252.7482058948671
28108581,-1.413357,1.708577,-0.013184896308898963,321.7426248373424,137.95053058507813
28111584,-3.316475,-0.671535,1.7348751036911012,87.2291419232113,146.05118157003452
28056583,-6.21659,-1.720197,3.5165691036911007,7.172968742692461,73.24999400368426
28103427,-2.571051,-3.3958,0.13874810369110113,147.21245807789612,255.8179494966215
28103427,-2.571051,-3.3958,0.13874810369110113,147.21245807789612,255.8179494966215
28106121,-0.214138,-2.116899,0.10258210369110099,168.43951019183083,346.13667494569086
28099945,-4.31238,0.367975,0.09371210369110106,195.0095463882588,100.77094305131354
28113224,-3.817624,0.153012,2.144308103691101,58.33934552412791,65.02165253937247
28106125,-0.054551,1.19124,-0.014009896308898817,348.23856439662336,328.3740842261632
28059564,-6.721757,-1.319099,3.220447103691101,28.82893349303035,52.15218046979945
28103440,-3.341883,-8.424804,2.1366491036911013,69.04042617991598,285.50990988243933
28103440,-3.341883,-8.424804,2.1366491036911013,69.04042617991598,285.50990988243933
28030902,-6.438952,-0.80344,3.4716621036911013,2.999274910009717,21.269130892715765
28095429,-5.340453,-2.778693,3.3960551036911006,12.62970535166528,137.9620819848021
28095429,-5.340453,-2.778693,3.3960551036911006,12.62970535166528,137.9620819848021
28104916,-2.648845,0.811553,-0.03551989630889896,231.02724754329685,136.03920672577402
28034595,-6.956255,-0.776094,3.3780281036911015,17.55528269151975,14.87929649454216
28112679,-3.569749,-3.629127,0.22395010369110113,142.1658431270919,229.84321740550752
28112679,-3.569749,-3.629127,0.22395010369110113,142.1658431270919,229.84321740550752
28103451,-2.952834,-0.087934,0.0534061036911011,196.6886354271977,164.40953028061486
28108595,-2.988935,-0.037686,0.019439103691101023,199.2301844778308,161.59665347645483
28059582,-6.207925,-1.100138,3.444527103691101,4.700944726365748,43.6809714222949
28059583,-6.304485,-1.18816,3.280044103691101,18.40124271540384,51.493242044444656
28112686,-3.113537,-3.066285,1.938666103691101,71.88239342201979,227.84649901971315
28112686,-3.113537,-3.066285,1.938666103691101,71.88239342201979,227.84649901971315
28059594,-6.514981,-1.400918,3.183914103691101,29.037110546868973,60.70902989872846
28081647,-3.1638,2.023193,-0.03642589630889881,277.4568339542132,23.69333982131019
28111601,-2.469342,0.55443,0.002362103691101014,222.4022857858017,156.61557762578025
28081650,-5.630042,1.071201,0.11146810369110116,199.72125177255265,35.28053896783081
28059609,-6.34359,-1.395749,3.161908103691101,28.17102276729756,64.2443292019243
28106142,0.374556,-4.26695,0.11468110369110107,141.08003552981,381.30024138225406
28095458,-2.940489,-1.321268,1.768928103691101,80.57984928050072,187.91617489246264
28112693,-2.196876,-1.545424,2.0296631036911013,52.89709504003659,228.5301266582705
28103471,-4.395712,-2.100831,0.055385103691101056,160.37613631744046,180.2355350132215
28112694,-2.847254,-2.854641,1.912579103691101,71.0862955463221,233.33498765318427
28112694,-2.847254,-2.854641,1.912579103691101,71.0862955463221,233.33498765318427
28087361,-3.493194,-3.015759,0.01691010369110102,154.11281630270767,222.6367922458251
28087361,-3.493194,-3.015759,0.01691010369110102,154.11281630270767,222.6367922458251
28113235,-5.094791,-0.096708,0.12102010369110117,181.25280897327116,101.4054090523302
28111622,-0.817867,1.892565,-0.011913896308898941,392.2026159809956,173.8300777378028
28111622,-0.817867,1.892565,-0.011913896308898941,392.2026159809956,173.8300777378028
28104936,-1.224726,1.824138,-0.009969896308898996,346.717101748339,140.90098858920686
28104936,-1.224726,1.824138,-0.009969896308898996,346.717101748339,140.90098858920686
28092916,-2.103411,-4.762043,-0.013165896308898972,141.8514912378125,285.71296421176845
28112695,-1.892081,-1.048148,0.010239103691101148,185.24160809054632,239.4656671704435
28112695,-1.892081,-1.048148,0.010239103691101148,185.24160809054632,239.4656671704435
28108617,-2.468207,-0.812927,1.949376103691101,60.322830218507846,187.18270591711013
28108617,-2.468207,-0.812927,1.949376103691101,60.322830218507846,187.18270591711013
28111624,-3.070915,-1.176046,1.650566103691101,89.96988650847163,178.6734792246881
28111624,-3.070915,-1.176046,1.650566103691101,89.96988650847163,178.6734792246881
28113238,-3.101321,0.214868,1.981789103691101,62.85402486392297,92.96938794350436
28059638,-6.034075,-1.398287,3.097693103691101,28.161751426294927,72.12644852528567
28109306,-6.846164,-0.570417,0.022292103691101017,172.6337026306446,86.99924815403159
28112696,-1.84807,-0.985954,-0.02258889630889893,188.3724729573644,240.1201060977076
28112696,-1.84807,-0.985954,-0.02258889630889893,188.3724729573644,240.1201060977076
28097740,-4.875441,1.056782,-0.005434896308898818,210.51703798682908,54.14541486077354
28104940,-5.578864,-3.236282,0.09108310369110106,148.4898866440963,177.07687054095126
28104940,-5.578864,-3.236282,0.09108310369110106,148.4898866440963,177.07687054095126
28027210,-6.464807,-1.287006,3.173137103691101,28.21385522155512,56.43065856822605
28074640,-5.579666,-3.251631,2.161498103691101,77.21539557721704,160.52207020115264
28074640,-5.579666,-3.251631,2.161498103691101,77.21539557721704,160.52207020115264
28109314,-4.890316,0.164754,0.2988851036911011,178.94208479129986,91.19449390312788
28103480,-4.139572,-2.83494,0.04318810369110104,154.17899534182817,202.10757343786912
28061987,-3.20461,2.075633,-0.038752896308899,279.56973614856673,17.17146982234823
28103486,-0.927131,1.955934,-0.0029298963088988383,391.8465377657096,153.68166879745877
28103486,-0.927131,1.955934,-0.0029298963088988383,391.8465377657096,153.68166879745877
28097764,-5.245072,0.089458,0.02115810369110105,187.4894688508064,92.5596242879291
28056705,-5.839427,-2.413764,3.0190641036911012,37.04607609652408,119.29774361272528
28113247,-3.060701,0.09379,1.9697651036911012,63.90298185622618,104.56079559138485
28097777,-1.337429,2.264129,-0.014488896308898935,405.6882287385829,71.87868017805889
28113249,-2.812759,1.063948,0.01436610369110114,235.3255046933244,112.75175769878447
28097782,-1.243994,2.308493,-0.008065896308898868,425.29926601762486,70.53979901094198
28092945,-3.252721,-8.464451,2.225975103691101,66.01343098223856,288.02594625953327
28092945,-3.252721,-8.464451,2.225975103691101,66.01343098223856,288.02594625953327
28081765,-4.812995,-5.087759,3.6354951036911007,12.79416463774254,207.95743522887264
28081765,-4.812995,-5.087759,3.6354951036911007,12.79416463774254,207.95743522887264
28068846,-3.202077,2.076052,-0.03998389630889898,279.74171389963107,17.269962408471542
28056733,-5.641335,-2.441979,3.443834103691101,10.7274768629446,117.77094413356014
28090313,-5.984775,1.351463,0.05211610369110109,205.52690530028343,15.306524414312603
28113252,-2.860601,0.46825,1.297725103691101,127.76311767318047,109.5634230213802
28112715,-3.431907,-5.106891,3.352073103691101,11.196549374178034,249.75263099001216
28112715,-3.431907,-5.106891,3.352073103691101,11.196549374178034,249.75263099001216
28113253,-2.854708,0.492406,1.252419103691101,132.02773367023124,109.64487385908645
28056755,-5.69593,-2.668262,3.280590103691101,22.83108244644953,127.2245401771466
28078263,-1.813174,1.779763,-0.005223896308898857,307.78614880089367,103.67715454746806
28110008,-5.627227,1.051186,0.019419103691101114,203.1780387638787,39.271326874419344
28081813,-3.582257,0.167623,1.721987103691101,93.1371975798993,87.96333290526559
28113255,-2.75878,1.043802,0.035494103691101175,234.2489501636371,115.57192670762645
28113256,-2.77095,0.533614,1.218046103691101,135.5303995253384,111.541664349309
28056775,-5.531533,-2.689794,3.103554103691101,30.798759072874475,134.53645920964462
28113260,-2.723791,0.94308,0.030877103691101082,231.1418480896988,123.4540399758364
28104976,-4.040427,-2.320908,0.12291010369110111,156.35902422822676,193.78874821347773
28104976,-4.040427,-2.320908,0.12291010369110111,156.35902422822676,193.78874821347773
28003862,-4.764075,0.928109,0.009107103691101015,207.76423379441795,63.36652291530041
28113262,-2.702493,0.363332,1.395438103691101,117.03921336193116,120.99112846162436
28111655,-1.690653,0.474226,-0.03491489630889899,233.56050074441023,200.8297510789436
28111655,-1.690653,0.474226,-0.03491489630889899,233.56050074441023,200.8297510789436
28104983,-0.960466,1.821773,-0.008546896308898821,366.7993920251523,165.8426645980534
28104983,-0.960466,1.821773,-0.008546896308898821,366.7993920251523,165.8426645980534
28104984,-0.945757,1.837396,-0.007864896308898972,370.4395541071974,165.65911230441105
28104984,-0.945757,1.837396,-0.007864896308898972,370.4395541071974,165.65911230441105
28056804,-5.551831,-2.990931,3.126505103691101,31.65886028203764,143.21171081938638
28056804,-5.551831,-2.990931,3.126505103691101,31.65886028203764,143.21171081938638
28110041,-3.617256,0.331284,1.7157071036911011,94.69217237163964,75.14535216717161
28087508,0.145479,-5.519026,-0.026940896308898843,136.54747253562357,368.4202983361736
28084703,-5.599442,-3.236527,1.543336103691101,101.35198840733884,165.4346672043907
28104995,-4.877773,-5.169647,2.908132103691101,45.46835035275964,211.2606532710842
28104995,-4.877773,-5.169647,2.908132103691101,45.46835035275964,211.2606532710842
28101841,-4.523889,1.267561,0.5087241036911011,193.3535299840072,29.61859696838837
28110050,-2.924239,1.225274,-0.008937896308898852,241.2562085449485,98.41779519467738
28059751,-6.024423,-2.195788,3.036451103691101,36.8604470398806,107.073497203049
28097862,-3.587739,0.219087,1.714145103691101,94.0634198906391,84.42804836632058
28112736,-3.378402,-6.833352,0.16477010369110112,126.32666915851472,270.60294107942883
28103587,-1.942823,-3.966122,0.6888451036911011,121.7032793411368,284.69594858623765
28103587,-1.942823,-3.966122,0.6888451036911011,121.7032793411368,284.69594858623765
28059770,-5.763293,-2.088468,3.4312381036911015,9.708676076295347,101.21004477938163
28059771,-5.847894,-2.237622,3.006664103691101,36.82788116110939,113.04025830461195
28030932,-6.856959,-1.16667,3.621474103691101,4.085553304850777,30.71596776867719
28056859,-5.25835,-4.103503,0.03330210369110098,144.46505433126373,198.7801545090004
28056859,-5.25835,-4.103503,0.03330210369110098,144.46505433126373,198.7801545090004
28062133,-7.664843,1.083422,0.009701103691100998,191.9162472586052,9.396806256644425
28112741,-3.498294,-7.230059,1.625283103691101,84.98043776621708,272.03382381755847
28110713,-5.950086,1.194493,0.7086181036911011,172.95899018294205,2.020403382930567
28101862,-5.198914,0.633236,0.0863781036911011,194.86121041200715,67.38438781355998
28095593,-1.526372,-3.801326,0.5103221036911011,129.39453943431087,298.0516728613333
28059792,-5.847971,-2.303377,3.474704103691101,10.411282476219526,107.05398850867144
28105036,-2.144526,-0.600844,-0.01355189630889897,194.2897278885229,216.18351063046595
28105036,-2.144526,-0.600844,-0.01355189630889897,194.2897278885229,216.18351063046595
28105037,-0.782357,1.681336,-0.011811896308898895,360.8591637499516,199.0720280293667
28105037,-0.782357,1.681336,-0.011811896308898895,360.8591637499516,199.0720280293667
28101870,-5.239929,0.387821,0.05445010369110115,191.3407811815895,78.9977685355162
28105043,-4.1745,-5.276905,0.19332210369110103,133.26509311606247,237.39449636959563
28105043,-4.1745,-5.276905,0.19332210369110103,133.26509311606247,237.39449636959563
28110726,-15.213946,-1.472391,-1.7049328963088988,184.4017197489221,47.51346609141876
28059815,-5.666106,-2.37116,3.237731103691101,22.610654327862164,118.13503436815031
28059820,-5.84419,-2.526312,3.5107621036911008,10.369937552195267,114.94773963896012
28101885,-2.894393,1.589606,0.015927103691101063,257.39502548608215,70.63370629333093
28105062,-2.939177,-3.236469,0.06253310369110099,151.07806018569818,242.1414616721893
28105062,-2.939177,-3.236469,0.06253310369110099,151.07806018569818,242.1414616721893
28049726,-6.070398,-1.953783,3.0239191036911013,36.6739448178883,97.06550574887802
28068949,-1.10642,1.913684,-0.00789989630889898,368.29166452875984,141.1320426944613
28068949,-1.10642,1.913684,-0.00789989630889898,368.29166452875984,141.1320426944613
28105069,-2.316594,-2.556634,1.7350651036911011,77.03130170692586,249.3905725521126
28105069,-2.316594,-2.556634,1.7350651036911011,77.03130170692586,249.3905725521126
28059831,-5.837513,-2.688159,3.031383103691101,37.84171293293076,128.35623804721797
28059837,-5.754972,-2.604127,3.495045103691101,10.813717201273931,120.13408968350608
28059840,-3.770348,-1.453705,0.027097103691101188,170.2350193796549,181.46026625071295
28059840,-3.770348,-1.453705,0.027097103691101188,170.2350193796549,181.46026625071295
28059841,-5.761831,-2.686085,3.303533103691101,22.485025611047572,125.9247246635547
28074793,-2.356372,-2.509482,0.08661410369110101,158.22207248864572,249.6205050985295
28074793,-2.356372,-2.509482,0.08661410369110101,158.22207248864572,249.6205050985295
28078439,-3.622669,0.249578,1.6159431036911012,102.63269454472584,84.61459213102131
28090460,-7.021462,-0.260309,2.238318103691101,83.67508074298641,21.25534516665431
28112277,-3.246788,2.172153,0.0376381036911011,279.92953974473966,0.4352706397496888
28095663,1.613537,-14.285268,3.932944103691101,2.568365436393549,434.6448005473496
28068977,-1.105644,1.872716,-0.01168989630889894,362.4924856715492,146.15773268211254
28068977,-1.105644,1.872716,-0.01168989630889894,362.4924856715492,146.15773268211254
28068985,-1.09719,1.855248,-0.010638896308899026,360.5829405762894,148.86394197067227
28068985,-1.09719,1.855248,-0.010638896308899026,360.5829405762894,148.86394197067227
28112286,-7.043515,0.795448,0.7235081036911011,162.9487196545191,10.622230337962378
28107957,-2.31918,-2.578375,1.734037103691101,77.11143740594238,249.7247572874969
28112287,-3.225315,2.121688,-0.03371289630889884,281.51448668514354,11.324314097169092
28087660,-5.148285,1.541046,0.030121103691101103,218.75398119229945,17.390994626161103
28067018,-1.82302,-5.434475,0.05925310369110104,135.11459406235946,299.8123244966759
28107155,0.291071,1.185387,-0.01895889630889891,378.9409832293945,394.15353257029193
28113286,-2.819806,-0.297197,1.961039103691101,62.45906494456807,142.1642969683794
28112295,-7.031202,0.782752,0.24756810369110105,181.65515087618124,25.14549250350825
28105115,-3.777805,-1.850709,0.03757610369110109,164.9208730291468,191.0226557784908
28105115,-3.777805,-1.850709,0.03757610369110109,164.9208730291468,191.0226557784908
28059891,-5.491469,-3.6061,0.013719103691101076,148.1615094340906,185.99968116433476
28059891,-5.491469,-3.6061,0.013719103691101076,148.1615094340906,185.99968116433476
28112298,-3.234558,1.974495,0.008815103691101056,269.99400662634685,24.10095959702465
28110756,-3.613344,0.497315,1.7419931036911012,93.08427488383066,61.05773181532501
28059899,-3.666754,-1.715058,0.016808103691100973,167.58950626152185,191.1361020946621
28059899,-3.666754,-1.715058,0.016808103691100973,167.58950626152185,191.1361020946621
28105120,-2.364371,-0.224695,-0.03896589630889902,202.7921277920961,194.55961244498383
28105120,-2.364371,-0.224695,-0.03896589630889902,202.7921277920961,194.55961244498383
28087687,-5.877797,-1.313385,3.376047103691101,6.556971061080191,63.83450335878638
28112307,-1.66334,2.432275,-0.016608896308898835,402.0267539236439,21.275405399111207
27956815,-4.549643,0.357889,0.02319910369110101,196.3019350407773,96.81630917818624
28034709,-6.688647,-1.374769,3.218081103691101,28.96247675622132,55.46239802219176
28069010,-1.06442,1.820655,-0.004674896308898946,357.87629388165806,155.4880605587177
28069010,-1.06442,1.820655,-0.004674896308898946,357.87629388165806,155.4880605587177
28009484,-4.754157,0.451643,-0.01767889630889896,198.55190019525472,88.50729585412822
28105122,-4.047944,-2.686912,-0.007318896308898815,157.29440133606602,201.8883923792144
28105122,-4.047944,-2.686912,-0.007318896308898815,157.29440133606602,201.8883923792144
28105128,-0.949697,1.97899,-0.005926896308898977,393.8431690303557,148.54094632290557
28105128,-0.949697,1.97899,-0.005926896308898977,393.8431690303557,148.54094632290557
28034721,-6.57025,-1.31172,3.360665103691101,18.176602507885637,50.72311260269527
28110768,-1.192232,2.300695,-0.01300189630889892,430.4352612824695,76.61307750167987
28112326,-6.590787,0.148505,0.5052411036911011,164.68729085943352,54.25524174136135
28070739,-1.791393,-5.325835,0.05382710369110111,135.9346256376482,299.9713400646647
28109425,-2.973478,-0.033243,0.021750103691100975,199.34694015587684,161.9582028239832
28049753,-5.858232,-1.989065,3.534509103691101,3.48208440033838,92.6440382475466
28052574,-1.10262,1.866197,-0.010116896308898893,361.6951684059784,147.1024100811317
28052574,-1.10262,1.866197,-0.010116896308898893,361.6951684059784,147.1024100811317
28098066,-2.170126,-4.135054,0.4826521036911011,128.98092385971972,278.26669449162125
28098066,-2.170126,-4.135054,0.4826521036911011,128.98092385971972,278.26669449162125
28069054,-5.620652,0.909907,0.08364010369110098,197.6794315473682,45.10771166605116
28109438,-1.566878,1.264079,-0.01331289630889887,277.3898530066618,164.0512700323307
28109438,-1.566878,1.264079,-0.01331289630889887,277.3898530066618,164.0512700323307
28112336,-5.247235,0.639514,0.15309910369110113,191.8578673872913,64.31442056603561
28109443,-2.267687,0.274676,0.043127103691101176,213.5525419719837,178.2748130291658
28101968,-2.325244,0.943416,-0.013610896308899001,240.6472901010888,142.28851957685953
28105153,-3.18077,-2.959001,0.055730103691101096,153.629458878705,230.48153263073573
28105153,-3.18077,-2.959001,0.055730103691101096,153.629458878705,230.48153263073573
28109444,-3.003814,-1.343279,1.6653071036911011,88.08066132567487,187.3068514694129
28109444,-3.003814,-1.343279,1.6653071036911011,88.08066132567487,187.3068514694129
28074923,-0.94247,-1.845258,0.03150810369110113,173.965708637757,301.05527774643974
28103690,3.376484,-25.147135,0.5706721036911011,82.24902527552675,415.2574101578459
28030948,-6.438162,-1.191375,3.152189103691101,28.438246221957,52.7312801596236
28112343,-3.840468,0.421899,1.7322951036911012,95.60138582626637,60.40086593072445
28069070,-4.728392,1.045437,0.038290103691100974,209.61837864300944,56.60377547725008
28112348,-3.511108,0.356224,2.0930971036911012,57.396957618828736,60.53760786199547
28110779,-4.977595,-0.245005,0.05106910369110107,182.20357948832336,111.15444297604397
28105171,-4.013592,-4.977591,0.2865061036911011,132.09493102314065,237.2509621463631
28105171,-4.013592,-4.977591,0.2865061036911011,132.09493102314065,237.2509621463631
28078571,-1.934917,-2.32592,-0.006124896308898897,165.1139811486755,262.54019169112
28078571,-1.934917,-2.32592,-0.006124896308898897,165.1139811486755,262.54019169112
28113296,-2.72746,0.1504,1.044519103691101,143.0307225245842,143.35376415649233
28110113,-2.803899,-0.167023,1.950364103691101,62.77654588326743,135.08101384867317
28112357,-6.988349,-0.685477,-0.031796896308898814,172.69772109600677,89.32116565166251
28107986,-2.032359,-4.47862,0.49301910369110113,126.35628247845284,286.4082667816035
28107986,-2.032359,-4.47862,0.49301910369110113,126.35628247845284,286.4082667816035
28074980,-0.195409,-16.020815,4.655896103691101,3.3093295679878736,387.989110803045
28074987,-0.00062,-5.43357,0.02957310369110111,135.18668449225422,363.0507789326901
28107991,-1.403896,-4.077436,0.6668451036911011,120.93479777264416,305.98359337495333
28110116,-0.927938,2.101347,0.0011251036911010814,420.2200999627063,133.704760445317
28087790,-6.207414,-1.461719,3.014612103691101,35.81109143992441,73.57399396299908
28113304,-3.274112,-0.63443,1.581682103691101,98.07651839214998,149.0030262765291
28113305,-2.698394,0.158334,1.004774103691101,146.13288600425713,145.18181689266532
28105212,-2.043672,-2.366,0.012380103691101096,163.57117754844228,258.94249210532666
28105212,-2.043672,-2.366,0.012380103691101096,163.57117754844228,258.94249210532666
27967417,-4.89921,1.252486,0.030844103691101132,213.58552859165272,40.787145742298094
28111707,-3.367301,-4.897074,1.2304651036911012,101.11491735412908,251.1865366523704
28111707,-3.367301,-4.897074,1.2304651036911012,101.11491735412908,251.1865366523704
28113307,-2.602766,0.624791,0.02652410369110103,221.66114731530237,146.66421353886636
28113309,-3.696393,-1.074058,1.642476103691101,95.02201695892408,151.48242457836196
28110121,-1.488557,1.617584,-0.01170889630889893,308.79413238794604,141.0185628753321
28110122,-1.454752,1.63934,-0.027808896308898934,313.5667522617777,142.0995366602582
28112363,-5.147433,-0.058355,0.107478103691101,182.1644656987533,98.96285880924016
28109459,-2.177727,0.068831,0.045368103691101114,208.19744891762215,191.11441248298397
28085064,-6.610613,-1.348544,3.0898761036911013,35.38356617820435,58.86344538246848
28111714,-2.593428,-3.299922,0.1456961036911011,147.78691573482195,253.73911150613768
28111714,-2.593428,-3.299922,0.1456961036911011,147.78691573482195,253.73911150613768
28093309,-4.881746,-2.038667,2.8870941036911013,31.22382094137365,131.74640128100475
28111715,-2.739834,-3.697717,-0.02930989630889891,150.36035964763136,254.80015048521372
28111715,-2.739834,-3.697717,-0.02930989630889891,150.36035964763136,254.80015048521372
28105244,-2.609411,-10.120681,1.611807103691101,80.87887233710737,310.3014664089065
28110811,-1.459066,1.872199,-0.005261896308898839,336.62756333640993,116.83514182033277
28111716,-1.772039,-1.203852,-0.030039896308899028,184.78488212569795,248.67696751947884
28111716,-1.772039,-1.203852,-0.030039896308899028,184.78488212569795,248.67696751947884
28111721,-1.913694,-2.27925,0.018602103691101046,164.7502968843438,262.6389611513714
28111721,-1.913694,-2.27925,0.018602103691101046,164.7502968843438,262.6389611513714
28087850,-1.298315,1.774993,-0.010439896308898966,335.7564959060438,140.05742218827874
28087850,-1.298315,1.774993,-0.010439896308898966,335.7564959060438,140.05742218827874
28112790,-0.391459,0.998364,-0.026329896308898926,304.95153856397224,286.1996816512861
28110832,-2.725246,0.294016,1.1685461036911011,135.71985947039747,131.5780650648626
28113319,-2.908077,0.015554,0.46762610369110114,177.43486930823696,154.76731481347446
28113322,-3.064448,-0.026406,0.13007810369110118,193.48396923898363,156.547010671662
28110839,-2.797652,-0.197644,1.950205103691101,62.80982591026432,137.34840527171917
28110844,-3.228789,-0.577664,1.759115103691101,84.83921627062702,144.42938644606232
28067265,-0.159464,-15.305243,4.074550103691101,15.455728513029214,385.7650784892085
28098281,-5.217768,1.379323,0.004126103691101113,214.9237988374737,27.723515883540813
28105295,-0.386295,-7.029624,1.418847103691101,79.0834824510388,362.3852571841014
27950002,-6.354428,-1.316034,3.5049981036911007,5.5435734931911895,50.8750171243901
28113327,-3.014474,-0.133303,0.3663651036911011,179.33097912908607,158.89660964597215
28111732,-5.512475,-3.221407,0.24166110369110116,144.22313817122614,177.10038237641788
28111732,-5.512475,-3.221407,0.24166110369110116,144.22313817122614,177.10038237641788
28110133,-1.782162,1.250395,-0.02905689630889885,270.6257949986188,151.76175129444945
28110873,-5.590186,-3.239163,0.33462010369110107,141.3351026864761,175.20964915878062
28110873,-5.590186,-3.239163,0.33462010369110107,141.3351026864761,175.20964915878062
28112378,-4.980884,-0.190303,0.13515810369110115,179.71473907457738,107.4206711673558
28111735,-3.861575,-1.525431,0.0719191036911011,167.3550037732683,180.302735398056
28098325,-3.619604,0.201907,1.751481103691101,91.11397731281824,83.20214123408934
28108702,-3.134754,-2.827977,0.029464103691100973,155.86645358775633,229.6971622232262
28108702,-3.134754,-2.827977,0.029464103691100973,155.86645358775633,229.6971622232262
28109489,-2.269938,-0.461469,-0.04598789630889888,198.1514965050608,206.6280684144193
28109489,-2.269938,-0.461469,-0.04598789630889888,198.1514965050608,206.6280684144193
28110139,-1.360363,1.560326,0.0001901036911011733,308.8934987015087,155.2211225282854
28108022,-0.382174,-5.21107,0.26214310369110105,128.44146789584096,349.5939643626821
28110885,-4.459145,-2.365507,0.018033103691101005,158.92705764465535,184.82859936077972
28110885,-4.459145,-2.365507,0.018033103691101005,158.92705764465535,184.82859936077972
28069240,-6.620521,-0.472317,3.125128103691101,26.861257367480505,10.126700308788571
28110887,-1.032825,1.639546,-0.005070896308899009,336.39183773138143,176.4187734351429
28110887,-1.032825,1.639546,-0.005070896308899009,336.39183773138143,176.4187734351429
28069249,-6.582026,-0.557986,3.456079103691101,3.490529684840766,3.942391757281172
28110889,-0.850781,1.747037,-0.004794896308898844,364.543386704603,185.0446546096717
28110889,-0.850781,1.747037,-0.004794896308898844,364.543386704603,185.0446546096717
28113334,-4.36543,-1.519349,0.056083103691101144,166.77679955863616,166.66288520811582
28069257,-6.73711,-0.626361,3.0567001036911012,34.19459172431567,20.027635685825544
28112833,1.252658,-8.449732,-0.11831789630889888,122.27043106247862,403.5948832524891
28112389,-5.070163,-0.496991,0.19359910369110112,172.63163918115544,115.84627361422376
28108030,0.017158,-6.152061,0.4757491036911011,114.89898663552437,368.45105665708616
28112834,0.118311,1.439217,-0.006445896308898913,409.29198297533605,357.8099707461072
28072857,-5.89249,1.51426,0.01486910369110106,211.51365521494816,8.003772937174205
28093446,-4.160623,-2.625927,0.053580103691101,155.6931387880569,197.4400497592669
28082527,-4.003514,-3.650218,0.19629910369110104,142.8765030123204,219.0411206872697
28082527,-4.003514,-3.650218,0.19629910369110104,142.8765030123204,219.0411206872697
28112391,-1.469319,1.910226,-0.0036088963088989345,340.3907230015291,111.58542061301183
28011888,-5.139955,1.442298,0.03125510369110107,216.1271590249773,24.084532965208155
28093456,-6.992509,0.10905,0.19118010369110117,174.6540601238813,56.712796696570535
28113346,-2.6053,-0.839319,1.969208103691101,60.61682071287217,181.0339230676008
28111756,-0.994224,2.000296,-0.0003248963088988699,392.7709706851607,140.85606382798392
28111756,-0.994224,2.000296,-0.0003248963088988699,392.7709706851607,140.85606382798392
28111757,-1.277436,1.127902,0.014346103691101009,275.9041070521991,193.31722480496003
28111757,-1.277436,1.127902,0.014346103691101009,275.9041070521991,193.31722480496003
28113351,-2.929815,-1.191017,1.784251103691101,79.4969856928509,183.3396636054132
28052731,-4.839681,1.355498,0.08475410369110103,214.4197318198705,33.47335738997583
28112394,-2.792186,0.995836,-0.06641789630889883,237.4132617091619,120.21301344346143
28109511,-2.003336,-0.270112,-0.025124896308899025,204.21382660656977,212.52938303093237
28109511,-2.003336,-0.270112,-0.025124896308899025,204.21382660656977,212.52938303093237
28072880,-5.196791,1.469816,0.009960103691101008,217.2317980981109,22.06338060012618
28052737,-5.767501,1.235205,0.08978810369110102,203.1018244786829,24.2582603142219
28111769,-4.356906,-4.197903,1.2086031036911011,106.80388484052033,215.1590831425051
28111769,-4.356906,-4.197903,1.2086031036911011,106.80388484052033,215.1590831425051
28111770,-4.453911,-4.323606,0.13746810369110118,140.23739228289986,218.81416745497145
28069305,-6.243688,-0.785153,3.403796103691101,4.281146216077559,25.777570973846423
28111773,-4.753665,-4.935669,1.664951103691101,90.6702266173393,215.57863609994337
28111773,-4.753665,-4.935669,1.664951103691101,90.6702266173393,215.57863609994337
28111774,-4.857695,-5.122168,1.353175103691101,100.8501850614849,217.13842337613949
28111774,-4.857695,-5.122168,1.353175103691101,100.8501850614849,217.13842337613949
28067422,2.294698,-10.676531,0.060257103691101044,107.87239939118444,430.9953675944972
28102109,-5.570415,-3.232928,1.3057431036911011,109.83014399780296,168.0138452433349
28100437,-6.865173,-0.190728,0.06650910369110119,175.58443170043645,72.6835816692955
28082679,-2.379105,-2.578484,1.8287071036911011,71.87773707502839,246.91638115460813
27967670,-6.557066,-1.082631,3.3225741036911014,18.292312184556835,40.13165457614841
28110958,-1.046989,1.063154,-0.005910896308898961,280.77580873213213,216.21219442930095
28110958,-1.046989,1.063154,-0.005910896308898961,280.77580873213213,216.21219442930095
28040481,-1.108447,1.877313,-0.01288889630889889,363.0070029209765,145.43203819204618
28040481,-1.108447,1.877313,-0.01288889630889889,363.0070029209765,145.43203819204618
28100450,-2.966396,1.680331,-0.005369896308898836,261.6144431607857,61.194742834572935
28110230,-3.137856,-2.784377,-0.043611896308898945,158.87904030302633,229.0931710242125
28110230,-3.137856,-2.784377,-0.043611896308898945,158.87904030302633,229.0931710242125
28069341,-6.399153,-1.13834,3.1477241036911012,27.797452679446963,50.87279548555139
28100464,-3.058697,1.422777,-0.02640589630889889,248.2064538995971,79.88498169889226
28069342,-6.494486,-1.175806,3.044406103691101,35.6253932006872,53.8303473649097
28102128,-0.930489,1.952983,-0.016503896308898813,391.70553362160655,154.36925292130394
28102128,-0.930489,1.952983,-0.016503896308898813,391.70553362160655,154.36925292130394
28096074,-2.017797,2.29725,-0.0026648963088988786,351.0000224794261,26.56874643048735
28112402,-2.719462,0.941476,-0.04293389630889899,235.23429976743364,125.77550813296592
28111787,-3.984465,-4.027129,0.20529410369110113,140.04095820120887,225.27866545991608
28108722,-2.439564,-2.525621,0.020386103691101054,160.49621543213948,247.0504563297535
28108722,-2.439564,-2.525621,0.020386103691101054,160.49621543213948,247.0504563297535
28082709,-0.693547,1.690837,-0.010482896308898981,369.8447506346387,208.75946544723487
28082709,-0.693547,1.690837,-0.010482896308898981,369.8447506346387,208.75946544723487
28062660,-1.109592,1.911445,-0.007663896308898854,367.6686907927576,141.09109490367047
28062660,-1.109592,1.911445,-0.007663896308898854,367.6686907927576,141.09109490367047
28112882,0.483077,1.28987,0.0006811036911011925,423.8562228877669,447.44087850172593
28098513,-2.908254,1.069721,-0.03387989630889887,236.5970645308601,110.1335459736627
28069352,-4.428962,-0.129255,0.007181103691101143,188.5046975746323,120.8701829303721
28085338,0.497312,-5.154852,0.5007251036911011,117.73816997261252,390.7865311815209
28108729,-1.832455,-1.252022,-0.0012268963088988283,182.1607486065343,246.89483893915053
28062682,-6.679524,-0.654415,3.310662103691101,16.699600133843916,13.96493434817816
28069365,-6.487136,-1.37373,3.1885021036911008,28.21257233244671,59.81564417416183
28110245,-2.693924,-2.546405,-0.01702989630889884,161.2123308774049,238.8338942977165
28110245,-2.693924,-2.546405,-0.01702989630889884,161.2123308774049,238.8338942977165
28111802,-3.309325,-3.359942,0.3035721036911011,141.4631232464901,232.59723441255176
28111802,-3.309325,-3.359942,0.3035721036911011,141.4631232464901,232.59723441255176
28062689,-1.10489,1.872704,-0.01123889630889896,362.5246799079299,146.2073287988266
28062689,-1.10489,1.872704,-0.01123889630889896,362.5246799079299,146.2073287988266
28072985,-1.101643,1.865814,-0.00995989630889893,361.70904816672726,147.22913094621157
28072985,-1.101643,1.865814,-0.00995989630889893,361.70904816672726,147.22913094621157
28062705,-6.56492,-0.724928,3.2806741036911014,17.716094458368673,21.03476041355924
28069383,-6.363934,-1.451969,3.1698751036911013,28.36502788555842,66.30493248214682
28062712,-1.098796,1.848588,-0.01145789630889893,359.5509151012517,149.49407996721771
28062712,-1.098796,1.848588,-0.01145789630889893,359.5509151012517,149.49407996721771
28062718,-6.460668,-0.721254,3.4601871036911014,3.1544871443965974,16.194812452532062
28062719,-6.741074,-0.957671,3.074450103691101,35.367738608800266,37.670422052953455
28069388,-3.683015,0.304702,1.615808103691101,103.41573216506656,78.70702037348644
28110983,-0.729257,0.865726,-0.008836896308898945,277.86724392171453,254.923360527872
28112410,-2.655525,0.867398,-0.020479896308899015,232.1980019335279,132.19062557696017
28110277,-1.649452,-5.248471,0.8728991036911011,107.96642269026596,306.9809398967519
28111811,-2.777648,-2.926053,0.31804410369110103,144.5569996935526,241.73308837174957
28108750,-1.518783,-1.81312,-0.04004489630889885,175.5011945711541,271.9106659234341
28110278,-3.827073,-1.80224,0.33633310369110103,153.95667579243212,186.0156626721928
28110278,-3.827073,-1.80224,0.33633310369110103,153.95667579243212,186.0156626721928
28108073,0.464246,1.058412,-0.013989896308898908,373.3311579249981,430.5920758931047
28062748,-6.53503,-0.970764,3.513483103691101,3.7954083839485975,28.309388962132857
28108751,-2.152099,-4.682734,-0.01317289630889884,142.4095417902327,283.50923127429724
28108752,-1.489663,-1.912389,-0.05267189630889901,174.56283703364798,274.80796347149345
28088171,-2.781712,1.984384,-0.011605896308898966,285.6248671079211,38.21585395417162
28110289,-4.179993,-3.745152,1.045002103691101,113.83997944200917,212.6380296657264
28093631,-6.070335,-2.634812,3.079326103691101,37.43941225919983,120.71166247135945
28098585,-1.047977,2.100402,-0.006833896308898968,406.0856835352878,122.02535442616384
28098585,-1.047977,2.100402,-0.006833896308898968,406.0856835352878,122.02535442616384
28093632,-3.556919,-1.053427,0.5006741036911011,156.0251023129913,171.48867821060446
28093632,-3.556919,-1.053427,0.5006741036911011,156.0251023129913,171.48867821060446
28110295,-2.046152,-0.657452,0.019803103691101054,192.06171212361943,222.07776377327647
28110295,-2.046152,-0.657452,0.019803103691101054,192.06171212361943,222.07776377327647
28110993,-3.037357,-1.390595,1.630519103691101,90.4806445305354,187.99687156805652
28110993,-3.037357,-1.390595,1.630519103691101,90.4806445305354,187.99687156805652
28044286,-4.396385,-0.32432,-0.025128896308898918,186.624162636888,129.66576776831886
28073031,-4.81953,0.818729,-0.0015458963088990085,205.23485892795665,68.36065676100625
28065276,-1.10728,1.911958,-0.0062798963088990245,367.8601901584007,141.17376660105614
28065276,-1.10728,1.911958,-0.0062798963088990245,367.8601901584007,141.17376660105614
28108759,-1.387866,-2.104952,0.03950410369110102,167.7533410339185,282.5431285018901
28069425,-3.648084,0.14434,1.5720991036911012,105.57816994325866,92.36965328834827
28004211,-6.803028,-0.429554,3.042742103691101,34.56703909457599,7.788929004035197
28110997,-3.766398,-2.503763,0.165492103691101,153.41375335690296,204.77397409916304
28110997,-3.766398,-2.503763,0.165492103691101,153.41375335690296,204.77397409916304
28071043,0.398189,-4.290681,0.10551610369110098,141.25356450630954,382.3307039672808
28112420,-3.085137,-0.456173,2.077016103691101,56.28209303548647,136.47503716224662
28062802,-6.347632,-1.260656,3.299848103691101,18.421994795162615,53.87701698696392
28110999,-3.384622,-2.048747,0.09747710369110107,161.2032803963147,206.65348678032984
28062809,-6.566646,-1.456888,3.201859103691101,29.01191751530058,61.933416821722346
28102226,-3.366852,-7.89574,1.964061103691101,74.08209481279434,280.8448138628312
28102226,-3.366852,-7.89574,1.964061103691101,74.08209481279434,280.8448138628312
28111000,-3.707443,-2.657262,1.098065103691101,115.72940113248418,204.05914363950995
28110314,-2.417225,-1.733558,1.918815103691101,64.98634085259229,223.7369621378168
28110314,-2.417225,-1.733558,1.918815103691101,64.98634085259229,223.7369621378168
28069436,-5.827214,-1.695713,3.4974371036911007,1.963885933497778,80.85481993645524
28065309,-1.098936,1.855005,-0.01069489630889886,360.41173973763,148.7308796956903
28065309,-1.098936,1.855005,-0.01069489630889886,360.41173973763,148.7308796956903
28110319,-2.860458,-3.179892,0.012326103691101098,153.42524715431318,243.7668663053636
28110319,-2.860458,-3.179892,0.012326103691101098,153.42524715431318,243.7668663053636
28108766,-4.308785,-2.325632,0.05841310369110109,158.17398515538216,187.405969446212
28108766,-4.308785,-2.325632,0.05841310369110109,158.17398515538216,187.405969446212
28073065,-4.753482,0.701893,0.013529103691101163,202.4980914706684,75.51727260646223
28062844,-6.053684,-1.434235,3.1081001036911013,28.044872964949832,73.16632237800462
28091213,-3.595482,-1.824874,-0.0054338963088989,167.25664294081875,195.99326568205905
28111821,-3.784265,-5.885159,0.16566710369110105,130.79656990839987,252.84734511878267
28111821,-3.784265,-5.885159,0.16566710369110105,130.79656990839987,252.84734511878267
28108769,-3.589323,-2.027124,0.11168410369110116,160.52897244657623,199.9775618158488
28108769,-3.589323,-2.027124,0.11168410369110116,160.52897244657623,199.9775618158488
28065335,-1.052082,1.813839,-0.012886896308898832,358.3884083633628,157.75897196174867
28065335,-1.052082,1.813839,-0.012886896308898832,358.3884083633628,157.75897196174867
28111003,-3.849377,-3.116807,0.07636910369110117,150.92439552704556,214.54528432562256
28111003,-3.849377,-3.116807,0.07636910369110117,150.92439552704556,214.54528432562256
28052884,-4.729099,0.697387,0.014594103691101035,202.5398299976115,76.2785813868783
28100618,-3.8041,-3.49736,0.08170510369110118,147.71139724212338,222.07250736630576
28100618,-3.8041,-3.49736,0.08170510369110118,147.71139724212338,222.07250736630576
28100619,-4.0207,-5.037825,1.1820111036911012,104.28506719776637,236.03225501160725
28100619,-4.0207,-5.037825,1.1820111036911012,104.28506719776637,236.03225501160725
28112428,-0.988311,2.002012,-0.0013138963088989986,393.7515929912594,141.2931167872047
28112428,-0.988311,2.002012,-0.0013138963088989986,393.7515929912594,141.2931167872047
28060368,-1.967413,-5.573234,0.008537103691101056,135.91148487501317,296.39582473518846
28073118,-4.68248,0.526533,0.006277103691101127,199.57863843765705,86.06419860054433
28109565,-1.457165,-1.931092,-0.039568896308898927,173.7971224417298,276.60333263215017
28103997,-6.880568,0.720118,0.746058103691101,161.39638047010533,16.047219260517267
28062912,-6.134102,-1.888278,3.507397103691101,8.313113094393174,82.8018259233111
28111829,-3.605955,-5.587488,3.435741103691101,12.837086169441932,251.176096969324
28111829,-3.605955,-5.587488,3.435741103691101,12.837086169441932,251.176096969324
28113427,-3.399448,-4.617348,2.437289103691101,52.63777224686319,244.71371509459857
28091336,-1.054694,2.058804,-0.009735896308898928,397.6096917641348,127.49762652788984
28091336,-1.054694,2.058804,-0.009735896308898928,397.6096917641348,127.49762652788984
28073161,-6.804004,-0.640368,3.059260103691101,34.9813792395056,19.745243537903235
28110352,-2.554119,-4.714474,1.0462071036911011,105.92163028629868,272.948613153874
28110352,-2.554119,-4.714474,1.0462071036911011,105.92163028629868,272.948613153874
28110353,-2.67449,-5.126589,0.866976103691101,111.233445814657,273.51653964436184
28110353,-2.67449,-5.126589,0.866976103691101,111.233445814657,273.51653964436184
28038492,-6.719264,-0.647774,3.5168791036911013,2.6395420415690865,5.544315572539148
28108788,-1.984791,-0.600869,-0.00794489630889883,195.20542960270225,223.48243810699205
28073174,-6.534401,-0.692602,3.481186103691101,2.5492502835001005,12.466079307461284
28113443,-2.047418,-2.239614,1.992264103691101,56.93804179273295,254.9190697386824
28113444,-1.906103,-0.761981,-0.006092896308898865,192.0054145508475,231.6469736947356
28113444,-1.906103,-0.761981,-0.006092896308898865,192.0054145508475,231.6469736947356
28062968,-5.976458,-2.12964,3.4996651036911013,8.983263431693388,96.68914566381346
28106532,-7.425185,0.781868,0.6681321036911011,164.15733497194208,8.357071336978919
28108790,-5.028549,-5.41796,1.8617411036911011,84.62557117120659,215.84852591997432
28113447,-1.91726,-2.194944,1.9753371036911012,56.4194766927113,260.712363000902
28113447,-1.91726,-2.194944,1.9753371036911012,56.4194766927113,260.712363000902
28113451,-2.051447,-2.350822,1.5157321036911011,88.58193101484929,257.5194581515019
28113452,-3.915149,-6.101239,0.10760210369110101,131.4005194477394,252.15065143786853
28113452,-3.915149,-6.101239,0.10760210369110101,131.4005194477394,252.15065143786853
28075828,-5.606073,-3.54307,3.003011103691101,41.09541782624473,158.78888262228935
28075828,-5.606073,-3.54307,3.003011103691101,41.09541782624473,158.78888262228935
28111026,-3.511028,-3.505204,0.17807510369110102,144.61687033874597,229.63674002082703
28093861,0.218634,0.935764,0.00023310369110118856,332.4760992896985,378.5307150356395
28073202,-6.348334,-0.799374,3.433413103691101,4.141592278465339,23.848430411579983
28063004,-3.92637,-1.291197,0.014625103691101149,172.39719113598358,172.75507518028337
28063004,-3.92637,-1.291197,0.014625103691101149,172.39719113598358,172.75507518028337
28063017,-5.822107,-2.420161,3.479527103691101,10.89627827326808,112.05002499688784
28063018,-5.800309,-2.441421,3.299676103691101,21.283563642740944,116.49974095813997
28073216,-6.533864,-0.924396,3.039305103691101,34.77134750069925,40.41076186522258
28111030,-4.02983,-4.461231,1.194833103691101,105.56411142064177,227.59035608874768
28111030,-4.02983,-4.461231,1.194833103691101,105.56411142064177,227.59035608874768
28063024,-5.870386,-2.618187,3.1689031036911013,30.57486441359427,123.2180040381986
28111031,-3.266435,-3.285162,0.28497310369110107,142.69823467113787,232.68091337017796
28111031,-3.266435,-3.285162,0.28497310369110107,142.69823467113787,232.68091337017796
28073224,-6.376898,-0.911575,3.107682103691101,28.26993657448108,40.41575209092619
28098833,-0.38685,-6.953567,1.417958103691101,79.14227679343634,362.29605465693805
28111848,-1.934877,-2.578302,1.707829103691101,75.567296911537,267.38864052830104
28063041,-5.661378,-2.471539,3.4496851036911007,10.943147961017957,118.28898872732468
28109577,-4.254718,-2.314806,0.07025710369110105,157.9525306203712,188.4556350600704
28109577,-4.254718,-2.314806,0.07025710369110105,157.9525306203712,188.4556350600704
28113468,-2.402977,-5.730271,0.08568710369110111,132.9373882479083,285.5499378811082
28113468,-2.402977,-5.730271,0.08568710369110111,132.9373882479083,285.5499378811082
28109579,-4.187294,-2.60782,-0.02690889630889881,158.49452478369676,196.89873138317117
28109579,-4.187294,-2.60782,-0.02690889630889881,158.49452478369676,196.89873138317117
28063052,-5.774902,-2.697837,3.309551103691101,22.39776696715705,125.92473352997186
28108804,-3.845555,-4.330727,1.199295103691101,105.2954562073638,230.40606416228167
28108804,-3.845555,-4.330727,1.199295103691101,105.2954562073638,230.40606416228167
28063061,-3.785868,-1.474022,0.016156103691101098,170.34469211098582,181.6429244672316
28063061,-3.785868,-1.474022,0.016156103691101098,170.34469211098582,181.6429244672316
28038518,-6.399361,-0.700891,3.4408771036911014,3.216007190649833,16.57619972241571
28112448,-2.702093,0.177875,0.9572961036911011,149.9579748552654,145.05413955544924
28075910,-3.965306,-4.686852,3.031123103691101,30.07679425098607,227.02164903520625
28075910,-3.965306,-4.686852,3.031123103691101,30.07679425098607,227.02164903520625
28110377,-1.355494,-4.139759,0.669431103691101,120.36784600883897,308.41400490629263
28083112,-5.86487,1.42278,0.013503103691101082,209.69122850061908,14.1168259104806
28004333,-6.53986,-1.206072,3.192063103691101,27.398747015637756,50.54974076641284
28110378,-0.958226,-3.145248,-0.05378689630889899,158.94032347364006,312.89619911512887
28026620,-2.831429,1.176852,0.027099103691101023,238.89519000401648,104.10407762437704
28073264,-6.339808,-1.1923,3.143197103691101,27.72141753147693,54.838605372154944
28108805,-2.941339,-2.881346,0.048998103691101136,154.883627364434,236.4384193300006
28108805,-2.941339,-2.881346,0.048998103691101136,154.883627364434,236.4384193300006
28073268,-6.062338,-1.104116,3.4004071036911014,5.403844119654451,48.03244958745674
28110379,-0.391288,0.652636,-0.018299896308898944,274.9262045306514,297.0618903300681
28063081,-3.768255,-1.573422,0.030749103691101176,168.5650864510941,184.57308543080143
28063081,-3.768255,-1.573422,0.030749103691101176,168.5650864510941,184.57308543080143
28085734,-0.826261,1.79948,-0.007566896308898841,375.1162864784496,182.67488414318143
28085734,-0.826261,1.79948,-0.007566896308898841,375.1162864784496,182.67488414318143
28096323,-3.544758,-2.021951,0.028464103691101084,163.77949855562667,201.7205995160154
28096323,-3.544758,-2.021951,0.028464103691101084,163.77949855562667,201.7205995160154
28073285,-6.228321,-1.298978,3.280806103691101,18.29643598649997,58.61920860208488
28073289,-5.991726,-1.206753,3.3895911036911013,6.230283085802114,55.4128958689183
28002082,-7.242138,0.312955,0.022862103691100977,182.2076794195268,48.521004018904165
28063102,-3.70248,-1.628915,0.02313810369110114,168.33025039327035,187.93350326781535
28063102,-3.70248,-1.628915,0.02313810369110114,168.33025039327035,187.93350326781535
28108808,-3.668221,-4.408861,0.13417110369110108,139.71652652861985,238.61002526192456
28108808,-3.668221,-4.408861,0.13417110369110108,139.71652652861985,238.61002526192456
28073306,-3.670557,0.31628,1.614836103691101,103.48740898694436,78.32219846937977
28042834,-1.016256,2.222547,-0.008439896308898964,436.0959004811873,105.98688745431656
28042834,-1.016256,2.222547,-0.008439896308898964,436.0959004811873,105.98688745431656
28091519,0.725199,-4.962873,0.18777910369110118,131.92207645599967,398.0442831451887
28112451,-1.004642,1.921537,0.038462103691101035,375.872415589246,147.68530975987085
28112451,-1.004642,1.921537,0.038462103691101035,375.872415589246,147.68530975987085
28073328,-6.123496,-1.6353,3.4682631036911014,7.946838828612613,72.35139848994402
28063144,-3.679158,-1.872616,-0.026709896308898973,167.26124893306866,194.82835485591104
28063144,-3.679158,-1.872616,-0.026709896308898973,167.26124893306866,194.82835485591104
28111040,-3.692344,-4.401551,0.1261411036911011,140.00769139063948,237.92839132166264
28111040,-3.692344,-4.401551,0.1261411036911011,140.00769139063948,237.92839132166264
28110394,-0.387931,-5.728516,0.28986310369110113,124.41582251606532,350.78114493153686
28026647,-4.889196,1.094772,-0.00329989630889882,211.22810911975455,51.59565042821652
28109585,-4.148054,-3.688341,1.012917103691101,115.16933771179949,212.6092824662468
28104113,-1.527773,1.68973,-0.015756896308898982,313.95815834799635,131.61336063090914
28111043,-3.837631,-4.985032,0.5984131036911011,122.63751733991676,240.965318560205
28111043,-3.837631,-4.985032,0.5984131036911011,122.63751733991676,240.965318560205
28065588,-4.664298,0.610829,0.02714110369110112,200.5989879445956,81.83530721094016
28088640,-5.904659,1.460998,0.08808810369110098,207.08018517225017,8.532524950472123
28106687,-1.384462,1.871929,-0.010261896308898955,341.77080752265937,122.6946844027394
28053069,-6.603686,-0.518882,3.276058103691101,16.51282503495318,7.834881491379832
28104128,-4.473009,-1.945181,0.060911103691100976,161.6563071029444,174.6131123120342
28069629,-6.73503,-0.357631,3.144295103691101,26.204032287895075,0.482805529014513
28106695,-2.7752,0.169749,1.2005811036911012,131.37022700058964,136.10289177939117
28109590,-2.034375,-0.585978,-0.022341896308898823,195.89635866651136,220.83060417945984
28109590,-2.034375,-0.585978,-0.022341896308898823,195.89635866651136,220.83060417945984
28053076,-6.470551,-0.501576,3.111784103691101,25.84992312314,14.698150097119708
28073403,-5.788712,-1.967401,3.4176891036911012,9.6855396948647,95.8046121727726
28073405,-5.889015,-2.106607,3.5659901036911013,3.2777945729181117,96.31329561406548
28111883,-1.269118,-2.347082,-0.030060896308898855,167.6708273124737,290.98016798288995
28053090,-6.732166,-0.711881,3.0573241036911014,34.684241280409566,24.97683805643712
28069649,-6.83733,-0.567343,3.0699051036911014,34.222143351112095,14.653323231438208
28073411,-5.914574,-2.053264,2.997399103691101,37.016233412521046,104.8249937114284
28076122,0.135748,1.122083,-0.0014848963088989198,352.642707858658,363.3236875244123
28069656,-6.691188,-0.511052,3.2958431036911007,16.423215893855343,5.34183779129674
28104143,-0.951518,1.983147,-0.009739896308898821,394.6145277871752,148.02427037173527
28104143,-0.951518,1.983147,-0.009739896308898821,394.6145277871752,148.02427037173527
28038561,-6.683528,-1.026295,3.5635631036911013,3.491950201766599,27.46095984192212
28110410,1.060071,-7.994629,-0.03635789630889885,122.0472316583881,399.1201538977863
28041821,-1.019145,2.216096,-0.009245896308898827,434.2418525289356,106.86064065808236
28041821,-1.019145,2.216096,-0.009245896308898827,434.2418525289356,106.86064065808236
28099051,-4.776582,0.180455,0.3306981036911011,178.29982717593256,92.42405514075378
28053114,-6.681864,-0.870569,3.054865103691101,35.27776266501348,34.59594565524708
28069671,-6.603936,-0.588466,3.139224103691101,26.66358692443302,17.037039168803545
28065626,-6.686734,-0.41251,3.1404561036911014,26.24705193122412,4.829630346546139
28110412,1.121865,-7.67131,0.1190371036911011,118.46075051199676,404.1680640016479
28096448,0.160723,1.24415,-0.006362896308898858,375.4168295598986,367.6829568046679
28111896,-0.478244,0.670307,0.04358010369110099,268.68727346258584,287.7437828793064
28104164,-0.916649,1.925343,-0.004765896308899009,387.565416393796,158.61796879972076
28038571,-6.634655,-1.09648,3.3489301036911012,17.834888003317047,38.76795113672054
28038572,-6.339303,-0.9891,3.111314103691101,28.144044120155822,45.17924993278825
28106723,-1.921768,1.111079,-0.018395896308898818,257.9419887830418,152.77301264512187
28088767,-5.673392,-3.665224,0.10998110369110115,145.040657873935,182.8630612325552
28106729,-5.599117,-3.55125,0.6153851036911011,131.02764855460396,179.04968816691132
28073450,-5.742903,-2.307632,3.450965103691101,10.40781466064834,110.102853430386
28105641,-5.516733,1.02907,0.13036310369110105,198.8380552959833,39.05343909056347
28088781,-3.738342,0.670821,1.7184811036911012,97.24973704320408,43.33322698794029
28088783,-3.664815,0.667847,1.714628103691101,96.93877847291245,45.996831775038544
28065649,-6.638028,-0.530761,3.283301103691101,16.67254074876041,7.827559637268138
28065662,-6.522051,-0.575583,3.4528601036911013,2.877421019871008,6.106522622981885
28111908,-0.284474,1.25425,-0.01001289630889901,339.33110358049885,290.8764095769421
28110424,2.957233,-13.000557,0.29421210369110107,95.74682886090838,441.7435203590829
28065668,-6.79435,-0.664877,3.0557691036911008,35.247069498432154,21.406882235035223
28111909,-0.821674,-4.21151,0.07715110369110101,143.04182214696505,326.69668706095405
28073481,-5.652896,-2.460702,3.528599103691101,5.930100782880231,116.69991285512172
28112466,-1.140064,1.786377,-0.009904896308899014,347.8404682492699,152.34974816567146
28112466,-1.140064,1.786377,-0.009904896308899014,347.8404682492699,152.34974816567146
28065673,-6.549246,-0.629275,3.123067103691101,27.322297086681147,20.89091198434136
28073482,-5.680832,-2.468143,3.458616103691101,10.646089303976026,117.54205135909469
28094108,-6.883456,-0.391193,2.140631103691101,87.76039549579207,32.928085801925675
28073486,-5.840423,-2.556625,3.037539103691101,36.8550161471091,123.86375414196908
28065679,-6.506607,-0.715756,3.4846441036911013,2.1016315060706177,14.243163016614917
28110435,0.47994,1.19168,-0.006026896308898966,400.9410936013014,440.81950354577305
28111912,-0.234895,1.396004,-0.0017488963088989617,363.27028435470623,292.6789059834932
28069734,-6.162174,-0.862682,3.070099103691101,27.37901734135599,42.726698430537965
28111105,-2.247245,-5.445779,0.03377310369110109,136.0155270240358,287.4547400744816
28073515,-5.712794,-2.78571,3.5936511036911014,6.2322957702108965,125.94982218980353
28073515,-5.712794,-2.78571,3.5936511036911014,6.2322957702108965,125.94982218980353
28104239,-1.935003,-0.639961,0.011358103691101018,193.6938855371197,226.8361302225422
28104239,-1.935003,-0.639961,0.011358103691101018,193.6938855371197,226.8361302225422
28069749,-6.390851,-1.035583,3.489979103691101,3.8030341519358046,35.279779359696334
28069750,-6.260226,-1.006922,3.245894103691101,18.264998916893063,43.582953324085
28109608,-3.09718,-3.282292,0.21577310369110103,145.20380865835222,237.78551760966656
28109608,-3.09718,-3.282292,0.21577310369110103,145.20380865835222,237.78551760966656
28083321,-3.998127,-3.651137,0.13452910369110116,144.81837597254497,219.42094325656012
28083321,-3.998127,-3.651137,0.13452910369110116,144.81837597254497,219.42094325656012
28073535,-5.408215,-2.568131,3.3848141036911015,12.246270882822358,129.1194730651813
28073535,-5.408215,-2.568131,3.3848141036911015,12.246270882822358,129.1194730651813
28065719,-5.891315,1.484351,0.006286103691101053,211.18565308728523,10.19466070988048
28111121,-0.356963,1.192119,-0.010862896308898806,326.7048517483188,283.3079120791069
28111122,-0.406833,0.583985,-0.021523896308898838,269.66427708814064,297.19299373793865
28112475,-2.992235,-0.098557,0.39593110369110107,178.57433922224908,157.7769593560837
28111921,-0.127102,1.321745,-0.01049689630889894,361.60982874258224,312.9017996051504
28065749,-5.131105,1.4374,0.03971110369110109,215.7048448123455,24.251876243930127
28111125,-0.884325,-2.991142,0.0989801036911011,154.391880659143,315.9258672295035
28099191,-3.469371,-1.32044,0.46209010369110104,154.59971414526854,182.8100966113712
28108893,-0.542146,-4.085797,-0.06210189630889884,149.68161998968665,336.58483600410864
28104257,-1.909717,-1.91017,2.027112103691101,51.001291506527,254.47482177551876
28021346,-7.02687,0.10238,0.10249110369110115,177.51753887471648,58.34627837266521
28065760,-5.043436,1.35807,0.03949310369110104,214.5122559738136,31.01390881573852
28111932,0.696507,-5.136283,-0.037852896308898876,139.707160624086,392.7980402893959
28111130,-0.265767,1.216986,-0.010282896308899003,335.8109766483893,294.9978013179744
28111935,0.256352,0.805806,-0.0002408963088988969,318.7425986942477,384.4210560054612
28065774,-5.71478,1.120031,0.01604110369110101,204.11901192533472,34.06846436894338
28104266,-2.077269,-2.440558,0.061470103691101174,160.55974205555012,258.83389753461347
28104266,-2.077269,-2.440558,0.061470103691101174,160.55974205555012,258.83389753461347
28104267,-1.751649,-1.406902,0.011551103691101128,179.103702721017,253.828530286196
28104268,-1.701169,-1.253687,-0.008719896308899022,183.18773208901345,253.0190058288195
28104268,-1.701169,-1.253687,-0.008719896308899022,183.18773208901345,253.0190058288195
28053218,-6.180834,-1.296754,3.108784103691101,28.60446345016362,63.99230950849287
28065790,-4.757352,1.213956,0.06092210369110118,212.59771246195248,45.07598253856878
28112490,-4.331405,-1.575437,0.05664910369110099,166.1779625974288,169.0111051298515
28112490,-4.331405,-1.575437,0.05664910369110099,166.1779625974288,169.0111051298515
28102549,-5.620481,0.739071,0.07274310369110104,194.8278456070698,54.23173668144116
28104276,-1.688901,-1.542099,0.012695103691101162,176.9446385930581,259.3594218905769
28091892,-5.308242,-3.936601,0.04837210369110112,145.0941030740322,195.03523609961488
28091892,-5.308242,-3.936601,0.04837210369110112,145.0941030740322,195.03523609961488
28108924,0.215485,1.282109,-0.013767896308898964,388.76493477886686,378.93575699401447
28053240,-6.345378,-1.561928,3.053369103691101,35.760784645787766,74.43573989505532
28079877,-1.548653,1.488143,-0.02231689630889888,295.50025249004403,148.45071308628928
28079880,-1.511386,1.419921,-0.017749896308898894,291.2316971551115,156.37651458896764
28079880,-1.511386,1.419921,-0.017749896308898894,291.2316971551115,156.37651458896764
28069822,-3.590978,0.108205,1.610690103691101,101.95398975607483,95.43161783426292
28111148,0.550336,-4.847433,0.49824310369110103,119.51478663844767,394.3609783610375
28102573,-5.303764,-0.097471,0.06802510369110104,182.42275764908277,97.90001855544764
28102583,-5.132353,-0.269769,0.08073010369110101,180.034329033161,108.04494376871604
28104301,-5.544952,-3.192255,0.115362103691101,148.11589161841383,176.7584501360804
28104301,-5.544952,-3.192255,0.115362103691101,148.11589161841383,176.7584501360804
28041950,-4.532791,-0.100179,-0.02854589630889892,189.9147423540775,117.73517727976936
28104305,-4.434563,-2.226948,0.033182103691101084,159.80628489368584,182.29117364165927
28065849,-4.822938,0.822408,-0.0015218963088989845,205.28951238534395,68.08966563357197
28104312,-4.154988,-2.195379,0.027796103691101193,160.762834064307,188.71958188250952
28104312,-4.154988,-2.195379,0.027796103691101193,160.762834064307,188.71958188250952
28104315,-4.324756,-2.513158,0.03296010369110114,157.22022543426493,191.1496959899837
28104317,-4.090612,-2.340447,0.027365103691101123,159.41217401964906,193.53689694912808
28104317,-4.090612,-2.340447,0.027365103691101123,159.41217401964906,193.53689694912808
28104322,-3.890817,-2.674505,0.032141103691101014,156.29105426569998,205.53538097113665
28104325,-0.970116,1.993444,-0.006691896308898881,394.3817293084514,144.58958393690543
28104325,-0.970116,1.993444,-0.006691896308898881,394.3817293084514,144.58958393690543
28107547,-4.536289,0.966424,0.47435210369110103,187.93626549452,51.3683900901292
28107557,-4.562512,0.834647,0.4531271036911011,185.9797882511345,59.69035187567769
28104334,-0.914879,1.893943,-0.006317896308899007,382.4027937690036,162.5568605883766
28104334,-0.914879,1.893943,-0.006317896308899007,382.4027937690036,162.5568605883766
28065887,-2.954184,1.335143,0.012133103691100988,244.23064063965765,88.71411940906361
28073672,-3.192819,-3.268264,0.2321951036911012,144.71011173128431,234.70085629137955
28094347,-1.737617,2.070224,-0.010199896308898948,342.46151278617026,74.36976347740139
28112503,-0.915367,1.682292,-0.005874896308898814,350.17584346433904,184.26199591395084
28112503,-0.915367,1.682292,-0.005874896308898814,350.17584346433904,184.26199591395084
28107565,-1.422552,2.467755,-0.009106896308898937,437.2208300870154,26.51719968452079
28105744,-2.933374,-1.025928,1.744180103691101,82.58836854397379,177.25269159011418
28080014,-0.126781,1.209244,-0.01922189630889881,345.5369062828111,316.07691850723813
28106848,-2.633096,-2.679237,0.07564310369110117,156.35780591638246,242.90840418677172
28106848,-2.633096,-2.679237,0.07564310369110117,156.35780591638246,242.90840418677172
28080031,0.119546,1.145198,-0.007967896308898936,355.2676353165392,359.90099204553746
28092044,-4.455704,-2.933641,0.2865651036911011,145.1379869985297,194.7431275392241
28080034,0.204494,0.956568,-0.01108589630889889,335.0608057596845,375.511555738594
28106852,-2.750593,-3.04645,0.13753810369110098,150.27369908778132,244.90924666279156
28040893,-4.507686,-0.033787,-0.00778689630889895,190.3913023214311,115.345978687904
28073716,-4.021627,-6.973174,3.551894103691101,20.815523385041104,256.74533937925924
28073716,-4.021627,-6.973174,3.551894103691101,20.815523385041104,256.74533937925924
28092059,-0.790407,1.669818,-0.004334896308898939,358.0415836104813,198.9695339829527
28092059,-0.790407,1.669818,-0.004334896308898939,358.0415836104813,198.9695339829527
28076689,-6.846735,-0.429913,1.425356103691101,121.41166601892296,53.749286453042544
28094444,-6.434091,-1.577428,3.5544201036911014,6.501304008321483,61.224307470479545
28106859,-2.522338,-2.636944,0.07332210369110115,157.06172559254475,245.9535418402138
28106859,-2.522338,-2.636944,0.07332210369110115,157.06172559254475,245.9535418402138
28094457,-1.033264,2.074283,-0.009485896308898845,402.82286133684295,127.4068067534432
28094457,-1.033264,2.074283,-0.009485896308898845,402.82286133684295,127.4068067534432
28063613,-1.764728,-5.149153,0.10268010369110114,135.4597497398326,299.652746579822
28104403,-2.130008,-2.418522,0.008585103691101104,162.87207327163907,256.5129650138626
28104403,-2.130008,-2.418522,0.008585103691101104,162.87207327163907,256.5129650138626
28076718,-3.598074,0.078562,1.5769771036911011,104.44780090583322,98.17447486273812
28109670,-2.181788,-4.275005,0.20984110369110098,137.84739543306137,278.9577622466978
28094495,-0.801489,1.954645,-0.007406896308898903,405.5397999320739,168.30759932850154
28094495,-0.801489,1.954645,-0.007406896308898903,405.5397999320739,168.30759932850154
28106872,-0.801335,1.214604,-0.010143896308898892,304.2666032631884,230.43464140112744
28106872,-0.801335,1.214604,-0.010143896308898892,304.2666032631884,230.43464140112744
28066012,-6.528711,-0.424381,3.105455103691101,26.46145267155927,9.158754151765862
28094514,-0.857753,1.601116,-0.010585896308898946,343.88887641392114,197.60589132753628
28106875,-2.277852,-2.458751,0.01599610369110116,161.77091956755785,251.7046581897548
28106875,-2.277852,-2.458751,0.01599610369110116,161.77091956755785,251.7046581897548
28106879,-1.792892,-1.318062,0.004573103691100977,180.85487275468927,250.10965044747527
28106879,-1.792892,-1.318062,0.004573103691100977,180.85487275468927,250.10965044747527
28089344,-5.392974,-2.764695,3.2359401036911013,22.389442800069617,138.49531998736234
28089344,-5.392974,-2.764695,3.2359401036911013,22.389442800069617,138.49531998736234
28066033,-6.613944,-0.572795,3.287643103691101,16.426492021551013,10.688557543297406
28034245,-4.795536,0.662557,-0.0036658963088989083,202.0666487250917,77.00311732927375
28066037,-6.545231,-0.556411,3.461384103691101,2.4025097630336347,4.167883689999911
28106884,-2.028032,-2.356142,0.010858103691101073,163.7956104912365,259.38683747411204
28106884,-2.028032,-2.356142,0.010858103691101073,163.7956104912365,259.38683747411204
28066044,-6.739391,-0.751686,3.324985103691101,17.620591773471375,18.42845513695096
28102733,-1.901394,-2.354786,2.0532441036911013,51.20300329785224,264.9454021715791
28102733,-1.901394,-2.354786,2.0532441036911013,51.20300329785224,264.9454021715791
28066053,-6.609502,-0.779002,3.309793103691101,16.951455146412457,22.56671711378237
28109684,-0.522035,0.587363,0.02247610369110098,263.03304167563505,285.56251036321703
28053412,-5.916114,-2.478297,3.042456103691101,36.95489016587024,119.42387270893406
28066064,-6.508635,-0.774797,3.484882103691101,2.89612404570002,17.910782669439413
28066070,-6.477491,-0.867004,3.2822681036911012,17.69730043937406,30.748544332717927
28053414,-5.762882,-2.347875,3.4565341036911015,10.748369444098302,111.0894891005716
28066074,-4.417423,-0.131445,-0.0021208963088990007,188.9097957140012,121.42330005651066
28076832,-4.02074,-4.719229,2.911320103691101,36.448508289688334,226.38494289652223
28076832,-4.02074,-4.719229,2.911320103691101,36.448508289688334,226.38494289652223
28066086,-6.400438,-0.902138,3.471565103691101,3.600197233857159,27.904656347763733
28076840,-3.933461,-4.658896,3.165134103691101,23.00676539755881,226.99753004695117
28076840,-3.933461,-4.658896,3.165134103691101,23.00676539755881,226.99753004695117
28066093,-3.71559,0.273241,1.584824103691101,105.89744523083296,80.98521030504145
28053431,-5.784048,-2.511838,3.015944103691101,37.168228944888256,123.97559902740224
28043046,-3.762787,0.452765,1.5884741036911012,107.22324173185471,66.28876883452094
28066099,-6.320268,-0.997112,3.2626981036911014,17.93670330547488,41.43940385872182
28096935,-3.461923,-1.101952,0.5130121036911011,154.99251201523828,175.95768961459115
28096935,-3.461923,-1.101952,0.5130121036911011,154.99251201523828,175.95768961459115
28094637,-0.269393,1.317033,-0.01228489630889884,349.2258633528551,290.52670356709297
28096940,-1.566727,1.588468,-0.01597689630889887,302.79557861410603,138.3540216973401
28053437,-5.58141,-2.395946,3.0801921036911013,30.75198056701956,123.6853919482672
28105811,-1.166062,1.222348,-0.013845896308898986,289.0537063281911,196.7176153812456
28105811,-1.166062,1.222348,-0.013845896308898986,289.0537063281911,196.7176153812456
28096944,-1.29501,1.796781,-0.014699896308898897,338.8354152775546,138.22811941607847
28096949,-1.829297,2.378476,-0.011909896308898826,377.23421571744746,22.542242647348274
28106897,-2.126024,-4.351517,0.3315831036911011,133.02944965444453,281.7454898941925
28094644,-0.529571,0.507883,0.008240103691101064,258.6707326940038,287.03964322034983
28104492,0.248037,-4.959602,0.253957103691101,129.70887701775268,376.1542157791374
28106899,-1.022555,-0.159214,-0.010216896308898882,218.1492016556436,265.3517445439292
28106899,-1.022555,-0.159214,-0.010216896308898882,218.1492016556436,265.3517445439292
28066118,-6.487007,-1.165184,3.5313811036911007,4.125692559167817,39.58463184877903
28104493,0.27502,-4.971777,0.16102910369110113,133.3374369309076,376.2449124460897
28066129,-6.666355,-1.451431,3.2252711036911013,28.814781221877865,59.28641527713759
28070034,-5.795312,-2.561052,3.031203103691101,36.745754945192175,125.1385342528321
28107699,-0.805274,2.11149,-0.004854896308899015,439.2411444578328,146.67803124390443
28107699,-0.805274,2.11149,-0.004854896308899015,439.2411444578328,146.67803124390443
28070036,-5.747137,-2.506109,3.2778721036911014,22.370378062803013,120.42739183823385
28066137,-6.379359,-1.265358,3.512144103691101,4.8678608562615295,47.5243785308252
28070040,-1.531212,1.348238,-0.020160896308898835,285.1288765250453,160.5612996857272
28070046,-1.107885,1.879102,-0.00852789630889883,363.0507400020196,145.0665795392705
28070046,-1.107885,1.879102,-0.00852789630889883,363.0507400020196,145.0665795392705
28105829,-3.178808,-3.218946,0.06571210369110103,150.9288959550937,234.76741944572743
28105829,-3.178808,-3.218946,0.06571210369110103,150.9288959550937,234.76741944572743
28102832,-3.502117,-3.536072,0.507757103691101,133.1031874640305,229.36706179387147
28102832,-3.502117,-3.536072,0.507757103691101,133.1031874640305,229.36706179387147
28083824,-5.179575,1.607801,0.032187103691101004,220.1685233283905,12.187776740840008
28097004,-4.823396,0.140797,-0.010911896308898994,191.89036267650124,100.52366260014168
28099539,0.484249,-4.796935,0.4214531036911011,123.38334268823333,390.0252613571454
28070055,-5.676009,-2.628163,3.122992103691101,30.96059177296229,128.75598284967344
28105837,-4.203578,-6.48377,0.776157103691101,112.55475478451729,249.1832913156944
28105837,-4.203578,-6.48377,0.776157103691101,112.55475478451729,249.1832913156944
28080451,-4.801145,-5.077706,3.1945131036911008,32.49148918673629,210.26326754094472
28080451,-4.801145,-5.077706,3.1945131036911008,32.49148918673629,210.26326754094472
28066164,-6.406384,-1.528609,3.182328103691101,28.710970612694467,68.72766197116198
28101319,-5.00197,-0.629554,0.080201103691101,175.38605654598186,123.9172342855088
28066176,-6.103067,-1.402757,3.253194103691101,19.255437847587302,66.99592683456237
28102850,-4.079392,-5.240143,1.080800103691101,107.123192219874,237.4543991761158
28102850,-4.079392,-5.240143,1.080800103691101,107.123192219874,237.4543991761158
28076963,-0.25502,1.406015,-0.0025538963088989064,363.12881381649936,289.0372451800733
28076963,-0.25502,1.406015,-0.0025538963088989064,363.12881381649936,289.0372451800733
28102851,-4.375322,-6.330907,0.030881103691100975,132.54991680531032,244.8244536068616
28066190,-1.10808,1.878219,-0.010089896308898894,363.0001429075302,145.22604590386217
28066190,-1.10808,1.878219,-0.010089896308898894,363.0001429075302,145.22604590386217
28055815,-1.017109,2.214202,-0.011904896308899016,434.18623186032846,107.59732227387872
28055815,-1.017109,2.214202,-0.011904896308899016,434.18623186032846,107.59732227387872
28106918,-3.85632,-1.872517,0.32427910369110113,153.65740952421552,187.02332868231656
28106918,-3.85632,-1.872517,0.32427910369110113,153.65740952421552,187.02332868231656
28053481,-5.83891,-2.89138,3.647658103691101,5.899187378062095,125.7497674694616
28053481,-5.83891,-2.89138,3.647658103691101,5.899187378062095,125.7497674694616
28066202,-1.102936,1.859381,-0.012401896308898985,360.82461164175055,147.94920839280837
28066202,-1.102936,1.859381,-0.012401896308898985,360.82461164175055,147.94920839280837
28066204,-5.870336,-1.472385,3.077654103691101,27.84436140087186,79.55521217577945
28112584,-3.018995,-3.238501,0.13815810369110104,148.34894699596532,239.6118116372544
28112584,-3.018995,-3.238501,0.13815810369110104,148.34894699596532,239.6118116372544
28083910,-3.518222,0.021159,1.740288103691101,90.5013298214132,99.50214724200808
28077004,2.469073,-19.63044,3.7587471036911007,23.96565280342409,432.5308536976695
28094757,2.91783,-21.35565,3.019553103691101,41.36366786580635,430.6889793442044
28070070,-1.095861,1.847891,-0.010646896308898812,359.634851762685,149.80747884931935
28070070,-1.095861,1.847891,-0.010646896308898812,359.634851762685,149.80747884931935
28077030,0.403282,0.85031,0.0011051036911011725,334.30828540001755,412.4402720487333
28105858,-2.162806,-2.472372,1.624681103691101,82.56272576298474,254.71718475624013
28105858,-2.162806,-2.472372,1.624681103691101,82.56272576298474,254.71718475624013
28066261,-6.051099,-1.860176,3.486872103691101,8.075105898086349,83.78304688350912
28106935,-3.08037,-1.628876,1.6521111036911011,88.83358126125555,193.92780692678664
28113471,-5.011407,-2.491251,1.902339103691101,85.82850380997533,156.84593670993036
28113474,-2.551777,0.134864,-0.060790896308899,211.68525541351747,173.15344259734272
28113476,-5.565999,-3.215947,1.4413751036911011,105.0277817526775,166.58311214073956
28113479,-5.578063,-3.509794,1.6566241036911011,96.46347722716804,170.97198197877225
28113480,-4.193643,-1.967036,0.041689103691101126,162.61120381906144,182.4143769614526
28113486,-4.196184,-2.756295,-0.0487028963088989,157.8096780189543,199.70646884319072
28113489,-4.070126,-3.038112,0.14483310369110103,149.16906310360446,207.11446499562248
28113491,-0.92124,1.871322,-0.009156896308898821,378.1784618290598,164.5666251804756
28113492,-3.801978,-2.948551,0.026269103691101137,154.07991470470176,213.03429771132147
28113498,-4.488807,-4.723788,0.8599411036911011,116.67609255820128,221.38252702869332
28113502,-3.18793,-2.744136,-0.015377896308898853,158.21614187161407,226.7989045384674
28113513,-1.836622,-1.155156,0.015494103691101158,183.1909996119547,244.50059081675
28113521,-3.121868,-4.050303,2.964695103691101,19.7339194802442,243.5463901573089
28113551,-1.98232,-2.709976,1.735076103691101,74.30851237909158,267.52173223816106
28113553,-2.645415,-4.704517,1.0136241036911011,107.43507370651244,269.97069316979866
28113562,-0.594409,1.050855,0.0021571036911010033,298.0189893248342,260.6942365006957
28113611,-0.204871,1.278842,-0.0023968963088989437,348.16148022625487,301.9672844647594
28113612,-0.171237,1.611881,-0.004501896308898967,410.1480274158975,293.75756050045146
28113615,-0.127695,1.445765,-0.0033538963088988183,382.1082493347599,308.7789255797147
28113617,-0.09748,1.373365,-0.01254389630889885,372.93515119082906,316.33175732607725
28113663,0.382443,0.957894,-0.004942896308898881,348.5875167030367,410.248070471382
28113669,0.387162,1.190595,-0.011844896308898845,389.9651966861258,416.8616491210623
28114000,-3.054626,1.706419,0.03834410369110097,258.2926535465824,53.78787187801433
28114003,-3.012187,1.718995,-0.016159896308898913,263.14624603454695,56.709243115351256
28114013,-6.403595,0.07308,0.10113510369110101,179.32992239451283,69.48350135847238
28114018,-3.664229,0.235972,2.109051103691101,58.93784520778709,64.86155513895372
28114021,-2.946187,0.547709,1.922911103691101,65.5046721188715,72.70413681100959
28114027,-7.683491,-1.334899,-0.21326089630889888,169.88038389520057,100.16787565550456
28114034,-5.045774,-0.154677,0.033876103691101056,183.98650021644795,106.45818477542596
28114035,-3.443807,-0.130848,2.033034103691101,64.2440402294981,102.80941798127436
28114037,-4.893901,-0.249068,0.14602810369110109,178.7309482979262,111.52397343696416
28114038,-2.780088,1.089192,0.03537310369110114,235.71914370547975,111.76170301104813
28114042,-2.749784,0.547754,1.222634103691101,135.3422025138039,111.28722559172115
28114043,-2.202002,1.413225,-0.0029258963088989454,266.7032948836969,115.57672409176038
28114044,-2.751209,1.029013,0.037707103691100974,233.66223617607685,116.76123618112427
28114046,-2.712904,0.434595,1.3553361036911011,121.6456570903391,116.6989396137061
28114048,-2.624089,0.38609,1.523040103691101,104.53177286138347,118.7101260969892
28114049,-2.925431,0.324466,1.204278103691101,133.57701390473056,119.71919570687922
28114051,-2.782569,0.354337,1.2884711036911012,126.73188549780612,121.38662301128224
28114061,-2.681753,0.353156,1.247303103691101,129.98147129059413,127.40086720834624
28114078,-2.639104,0.769717,-0.04280089630889883,230.03004856227872,138.9504742213225
28114084,-2.59662,0.730186,-0.024187896308898837,228.22226197481643,142.4720955699973
28114088,-3.338336,-0.788452,1.743482103691101,86.53031269848182,150.49125731053533
28114089,-3.273552,-0.663169,1.614595103691101,95.61621243453834,149.71972552009697
28114100,-0.91192,1.917526,-0.00034789630889897616,386.4210614022104,159.84906928328093
28114106,-5.712262,-3.36659,1.461749103691101,104.26138255220124,166.59985100373495
28114110,-4.442141,-1.470768,0.11171810369110102,165.13353753464855,162.81116812111077
28114120,-4.600801,-2.037835,0.12543910369110112,158.2774146243293,173.10559316990734
28114138,-4.183815,-2.638265,0.054922103691101176,155.50801072268968,197.08882942684696
28114145,-2.201456,-0.118085,-0.008996896308898883,205.5738633514393,197.7393081869208
28034345,-4.673805,0.264601,-0.029809896308898853,195.8818430083851,99.1511104691453
28112606,-1.620402,-1.621224,0.028174103691101182,175.15342745213087,263.9786021663471
28112606,-1.620402,-1.621224,0.028174103691101182,175.15342745213087,263.9786021663471
28105880,-1.639184,-1.61888,0.018484103691100984,175.567769931172,263.0702185645575
28105893,-1.802583,-4.371987,0.7933281036911011,115.08210290464014,294.1288548720282
28105901,-1.394657,1.506914,-0.010651896308898845,303.0658529357252,157.55348463465575
28105901,-1.394657,1.506914,-0.010651896308898845,303.0658529357252,157.55348463465575
28077552,-5.593039,-3.532269,2.922559103691101,44.66845025331358,159.64420005964965
28077552,-5.593039,-3.532269,2.922559103691101,44.66845025331358,159.64420005964965
28107859,-2.127531,-4.468862,0.028841103691101155,142.5838740543798,282.31312526121656
28107859,-2.127531,-4.468862,0.028841103691101155,142.5838740543798,282.31312526121656
28089941,-5.349196,-3.203006,3.171615103691101,28.444131733520976,153.8908423992259
28089941,-5.349196,-3.203006,3.171615103691101,28.444131733520976,153.8908423992259
28066579,-3.498799,-2.118333,0.06135310369110103,161.55969180439308,204.9708197751212
28066579,-3.498799,-2.118333,0.06135310369110103,161.55969180439308,204.9708197751212
28112645,-4.674846,-4.186823,0.14926610369110116,140.7520979983896,211.8475964393752
28112645,-4.674846,-4.186823,0.14926610369110116,140.7520979983896,211.8475964393752
28112660,-4.821016,-5.047616,0.5197191036911011,125.80971435775578,219.65467387487772
28112660,-4.821016,-5.047616,0.5197191036911011,125.80971435775578,219.65467387487772
28107063,-1.86557,-4.250896,0.8005871036911011,115.5273422999361,290.720776098996
28099907,-5.286072,-3.733297,0.07714110369110116,145.61512211381492,191.9686106557272
28099907,-5.286072,-3.733297,0.07714110369110116,145.61512211381492,191.9686106557272
28106096,-0.708694,-3.613291,-0.034626896308898925,153.2420299301517,327.22374950883864
28112663,-4.789443,-5.062085,0.6133271036911011,123.06796668878668,220.22813944531063
28112663,-4.789443,-5.062085,0.6133271036911011,123.06796668878668,220.22813944531063
28103391,-4.078721,-4.877742,3.243478103691101,22.166249554686654,226.26281485387952
28103391,-4.078721,-4.877742,3.243478103691101,22.166249554686654,226.26281485387952
28099942,-7.155972,-0.986431,-0.0825628963088989,170.6629910477578,96.65400251778456
28108598,-1.21557,1.77781,-0.006754896308899028,341.2905390850352,146.48032529811064
28108598,-1.21557,1.77781,-0.006754896308899028,341.2905390850352,146.48032529811064
28103465,-4.346288,-1.875626,0.02154910369110108,164.01102922487382,176.47906537755688
28103465,-4.346288,-1.875626,0.02154910369110108,164.01102922487382,176.47906537755688
28074628,-5.343779,-3.193558,3.518089103691101,9.498027451607784,149.49117975207918
28074628,-5.343779,-3.193558,3.518089103691101,9.498027451607784,149.49117975207918
28103476,-4.173539,-2.587874,0.05863810369110101,155.85940945976452,196.3152034677116
28056729,-3.783689,-1.454994,0.030874103691101107,170.03490111301846,181.07360745439817
28056729,-3.783689,-1.454994,0.030874103691101107,170.03490111301846,181.07360745439817
28084654,-3.679057,0.332078,1.6164941036911011,103.51534956159637,76.83872951769445
28087439,-5.398067,-2.920918,3.4265351036911014,12.9292624280705,140.75357036605487
28087439,-5.398067,-2.920918,3.4265351036911014,12.9292624280705,140.75357036605487
28056754,-5.672991,-2.621789,3.470446103691101,11.306473125827836,123.12445059333815
28056787,-5.76447,-3.05331,3.0606911036911013,37.50337475161752,140.91326931249702
28056787,-5.76447,-3.05331,3.0606911036911013,37.50337475161752,140.91326931249702
28109355,-1.475411,1.938062,-0.01204689630889888,343.91060470423446,108.30754862368998
28113270,-2.685991,0.856205,0.035282103691101074,228.2068687630997,130.104287739791
28074773,-3.942414,-4.640573,3.2778521036911012,17.28531680875028,225.97348688916165
28074773,-3.942414,-4.640573,3.2778521036911012,17.28531680875028,225.97348688916165
28113285,-2.630265,0.719844,0.030093103691101186,224.37932285992605,140.3179997639681
28049758,-3.951677,-1.306903,-0.00782589630889885,172.9647536354763,172.70413225723078
28049758,-3.951677,-1.306903,-0.00782589630889885,172.9647536354763,172.70413225723078
28100230,2.152101,-10.069171,-0.021645896308899015,112.13723458827042,428.45659678145375
28059970,-5.311073,-4.363309,0.011936103691100985,143.44611092261664,201.7999579228952
28038247,-4.552724,0.366595,0.019279103691101085,196.62535386039636,96.42924153401631
28112806,-0.630079,-3.892373,0.03362610369110097,147.7258853101992,332.6756702684692
28110857,-5.41584,-3.737597,3.2914891036911014,26.462670290500316,165.4266188603712
28111734,-4.478134,-2.14287,0.033121103691100995,160.57600710071077,179.32769411686226
28111734,-4.478134,-2.14287,0.033121103691100995,160.57600710071077,179.32769411686226
28111742,-5.279803,-3.823645,-0.050953896308898905,148.574518755631,194.2819785373368
28109493,-4.893906,-5.187729,0.11913310369110097,136.0180439848413,221.1851826543497
28109493,-4.893906,-5.187729,0.11913310369110097,136.0180439848413,221.1851826543497
28067366,0.701587,-5.082702,0.22000810369110102,129.71617597327082,396.90805802151
28113338,-4.407815,-1.656895,0.027380103691101,166.11511208513983,169.4412207116062
28111759,-4.521354,-3.948453,0.1852861036911011,141.19083458712822,211.4692347174707
28111759,-4.521354,-3.948453,0.1852861036911011,141.19083458712822,211.4692347174707
28111761,-3.789125,-3.022006,0.09961310369110099,151.0031827804769,214.35637960378747
28111761,-3.789125,-3.022006,0.09961310369110099,151.0031827804769,214.35637960378747
28112395,-1.449623,1.883976,-0.024037896308898965,339.8025869875189,117.18645496384158
28111776,-4.860333,-5.147169,0.7144821036911011,119.93173690326356,219.5530278439293
28111776,-4.860333,-5.147169,0.7144821036911011,119.93173690326356,219.5530278439293
28111777,-4.854369,-5.13743,0.6190831036911011,122.66916383718473,219.84687580596423
28111777,-4.854369,-5.13743,0.6190831036911011,122.66916383718473,219.84687580596423
28111779,-4.875658,-5.164487,0.3559561036911011,129.83428090265338,220.563154269785
28111779,-4.875658,-5.164487,0.3559561036911011,129.83428090265338,220.563154269785
28113378,-1.150855,1.201326,-0.0009498963088989676,287.1154898661829,199.07549684546757
28111796,-3.471689,-3.428948,0.15941410369110098,145.84173801646483,229.56559541516904
28111796,-3.471689,-3.428948,0.15941410369110098,145.84173801646483,229.56559541516904
28111801,-3.460262,-3.631925,0.9521141036911012,116.19324257069826,230.7511258987639
28110275,-2.336319,-9.739179,1.3878521036911011,85.97121534104986,314.1143297298057
28108755,-1.873104,-4.255445,0.7973511036911011,115.65272108671762,290.4858042539544
28110991,-5.503428,-3.435886,3.397830103691101,19.98850910729624,154.04760345405117
28111816,-1.807205,-1.109352,-0.026888896308898902,186.3044237054636,244.92938559118525
28111816,-1.807205,-1.109352,-0.026888896308898902,186.3044237054636,244.92938559118525
28088219,-5.369712,-2.553691,3.377452103691101,12.01619922336758,129.69794629169917
28088219,-5.369712,-2.553691,3.377452103691101,12.01619922336758,129.69794629169917
28113445,-2.947449,-3.161822,0.05817510369110113,151.89799482896544,240.74801669145265
28085657,-3.704636,0.353029,1.585755103691101,106.33123464576222,75.64038527480781
28113463,-1.744112,-1.33404,0.02690210369110102,179.73891884823038,252.6529352535988
28113463,-1.744112,-1.33404,0.02690210369110102,179.73891884823038,252.6529352535988
28111033,-3.465581,-3.671159,0.9108431036911011,117.58179876477917,231.36827696156493
28110381,-0.892326,-3.147132,-0.021877896308899025,157.708194138164,316.0221802194417
28111050,-3.416232,-4.789574,0.15903010369110104,136.57640396145257,249.65635915343975
28111050,-3.416232,-4.789574,0.15903010369110104,136.57640396145257,249.65635915343975
28112456,-5.396892,-3.622706,3.241658103691101,28.0162129294134,163.4280179132162
28112456,-5.396892,-3.622706,3.241658103691101,28.0162129294134,163.4280179132162
28111893,-1.170639,-2.621315,0.03883010369110118,161.12674364167503,298.93744475761423
28106728,-5.564241,-3.506043,0.7499931036911011,127.07989570011502,177.9846507164005
28055346,-1.109718,1.901645,-0.009791896308898984,366.3111448810788,142.34430036688022
28055346,-1.109718,1.901645,-0.009791896308898984,366.3111448810788,142.34430036688022
28073536,-5.52617,-2.644447,3.244886103691101,22.59079572113248,131.04646879912542
28073536,-5.52617,-2.644447,3.244886103691101,22.59079572113248,131.04646879912542
28111924,-0.18185,-4.750455,-0.030346896308898863,142.64520121839388,354.12063812878364
28111132,-0.543836,-4.057431,0.046567103691101064,145.68527076977767,337.2703789516275
28073617,-5.335208,-3.114806,3.540672103691101,7.347076732598197,146.98157195674798
28073617,-5.335208,-3.114806,3.540672103691101,7.347076732598197,146.98157195674798
28073618,-5.390532,-3.193344,3.475726103691101,12.478542665031938,148.83414189577883
28073618,-5.390532,-3.193344,3.475726103691101,12.478542665031938,148.83414189577883
28111159,2.282854,-10.102467,0.027296103691101026,110.41039080440362,433.27164837863006
28030606,-4.553741,0.168134,-0.0016098963088988505,193.60612058861173,105.67939789949938
28094402,-1.483575,1.884956,-0.011918896308898974,336.98624427856,113.966401255903
28109675,-1.380652,-2.054271,-0.022381896308898863,171.35430437945277,281.9850008953092
28089347,-4.501569,-3.199174,0.26891910369110117,143.72099637977652,198.7861365968805
28104479,-0.297353,-5.558414,0.10453810369110106,131.88371435606638,352.3104080156835
28106898,-2.973514,-9.619178,1.7337611036911011,79.05701766174906,300.2443030333378
28106898,-2.973514,-9.619178,1.7337611036911011,79.05701766174906,300.2443030333378
28106907,-1.683337,-4.497288,0.8062641036911011,113.68801035089096,299.6076099230583
28112570,-3.387766,-3.464826,0.21450310369110115,143.7282937030977,232.29340071984268
28112570,-3.387766,-3.464826,0.21450310369110115,143.7282937030977,232.29340071984268
28112575,-4.036456,-5.370144,1.015784103691101,108.67161413712434,240.2365724255105
28112580,-1.12671,0.728363,-0.028562896308898855,257.7670333215539,226.9326695640079
28112580,-1.12671,0.728363,-0.028562896308898855,257.7670333215539,226.9326695640079
28070076,-5.519992,-2.607275,3.249078103691101,21.988916066165785,129.86165664186836
28053499,-5.769801,-3.031754,3.0628891036911012,37.3372222231138,140.12380362336253
28053499,-5.769801,-3.031754,3.0628891036911012,37.3372222231138,140.12380362336253
28112592,-2.805963,-3.334644,0.08455410369110106,149.5363880738753,247.63157119295775
28112592,-2.805963,-3.334644,0.08455410369110106,149.5363880738753,247.63157119295775
28113472,-4.280737,-1.642767,0.06757510369110098,165.1155362122032,171.9627646018913
28113475,-4.563408,-1.975271,0.03218510369110117,162.17016925900984,173.35377199944756
28113607,-0.24011,1.430532,-0.011151896308899012,368.9841115041395,290.2133746415725
28113670,0.521902,0.549027,-0.002826896308898874,305.5280907081236,427.1949608114646
28114127,-4.337881,-2.10319,-0.007363896308898887,162.60134636033916,182.24601462527733
28114215,-1.843973,-1.008915,-0.02231889630889894,187.90826769231217,240.86137388946835
28114219,-1.822176,-1.12014,0.02288710369110114,183.5966548859789,244.34843604317143
28114222,-1.801423,-1.188654,0.02665210369110116,182.19468640886484,246.85608771832503
28083998,-4.958061,-5.020815,3.0091581036911013,41.41271123526329,206.2234869875441
28083998,-4.958061,-5.020815,3.0091581036911013,41.41271123526329,206.2234869875441
28053577,-5.346611,-4.244344,-0.003079896308898933,144.55862339848792,199.36372423797727
28053577,-5.346611,-4.244344,-0.003079896308898933,144.55862339848792,199.36372423797727
28086952,-4.955626,-5.02261,2.9037361036911014,45.73890102928377,206.83689734192055
28086952,-4.955626,-5.02261,2.9037361036911014,45.73890102928377,206.83689734192055
28107854,-1.550645,-1.843322,0.017853103691101158,172.23974778881788,271.0231548709388
28112640,-5.058031,-4.493425,0.02140910369110105,142.44318688949244,208.76298344111345
28112640,-5.058031,-4.493425,0.02140910369110105,142.44318688949244,208.76298344111345
28077894,2.949159,-21.639723,2.483942103691101,51.691869406195,426.8484539386926
28107095,-0.592529,-3.848258,-0.03559589630889892,150.9545809252125,333.5355045112699
28074616,-5.389042,-2.969893,3.416093103691101,13.8438303348548,142.70473366204735
28074616,-5.389042,-2.969893,3.416093103691101,13.8438303348548,142.70473366204735
28103495,-4.841626,-5.115886,0.1978071036911011,134.2902444147901,221.10290039108384
28103495,-4.841626,-5.115886,0.1978071036911011,134.2902444147901,221.10290039108384
28056746,-5.874351,-2.790351,3.0573131036911008,37.412112559838704,130.41436788657987
28107112,-0.19022,-4.80663,0.06402510369110104,138.61958746836444,354.7711920918754
28084828,1.677126,-16.068699,4.299354103691101,0.7707544857933044,431.8930114113985
28109385,-5.406736,-2.966294,3.4442451036911015,12.439393423261125,141.75221595750804
28109385,-5.406736,-2.966294,3.4442451036911015,12.439393423261125,141.75221595750804
28067042,-1.606509,-5.583187,0.019099103691101016,135.37093118653985,307.2609796186914
28074899,-1.438594,-3.725184,-0.007378896308898986,150.33890234843676,298.7094861541776
28075015,2.317567,-18.287603,4.136060103691101,11.252187685836644,437.3189384378287
28075025,3.364917,-19.545162,2.8781221036911013,39.00301278684981,445.5545815077632
28078667,2.984838,-21.727438,3.231832103691101,37.721668754928,432.3149825134007
28105249,-1.454553,-5.132409,0.8973991036911011,106.89580682376364,313.09063031372443
28113315,-2.569874,0.550476,0.021776103691101056,219.8599652513205,151.99870729618203
28093643,-5.706649,-2.922791,3.024792103691101,38.07731106934489,138.8140448115354
28093643,-5.706649,-2.922791,3.024792103691101,38.07731106934489,138.8140448115354
28111013,-4.808428,-5.063683,0.34134510369110105,130.66027947102162,220.68262998958508
28111013,-4.808428,-5.063683,0.34134510369110105,130.66027947102162,220.68262998958508
28111014,-4.876826,-5.138344,1.635807103691101,91.78887391709527,215.9357016184988
28079366,3.481374,-22.782333,3.4141901036911007,34.48384269963344,439.7441795619493
28110383,-0.784436,-3.502322,0.043723103691100995,151.14306928073682,323.7856341577442
28112465,-2.566191,0.536208,0.021891103691101144,219.4292126046,152.8724343443883
28073524,-5.783947,-2.803211,3.030888103691101,37.924222837382615,133.25265729817383
28088970,3.513958,-21.948822,2.4434681036911012,51.01128909799283,436.35699249300296
28108883,-0.965704,-3.124759,0.03366710369110115,155.5201639803991,312.92209846207584
28104264,-1.76222,-1.138632,-0.012717896308898968,185.29800432678317,247.6560541961054
28104264,-1.76222,-1.138632,-0.012717896308898968,185.29800432678317,247.6560541961054
28063631,-1.630321,-5.595822,0.006279103691101184,135.70410767714233,306.5674097485852
28104439,-2.691038,-9.596795,1.833741103691101,75.40649515471554,306.7079437233158
28106901,-2.730808,-9.567348,1.728045103691101,78.38676964919998,305.3748741522308
28053467,-5.781868,-2.809226,3.035272103691101,37.71099611746504,133.42772405820142
28053494,-5.402225,-2.596392,3.485309103691101,6.34446067778984,128.65232755967168
28106928,-2.209756,-0.357858,0.005309103691101047,198.56981513587488,205.49935009567565
28106928,-2.209756,-0.357858,0.005309103691101047,198.56981513587488,205.49935009567565
28113595,-1.669361,-5.225562,0.09500410369110113,135.18353871505644,303.1784709354253
28114154,-4.885927,-5.161737,1.4911461036911011,96.46850433588376,216.5991036481036
28108460,-6.419375,-1.517174,3.0699491036911013,35.37693450785852,70.62808841157513
28106007,-2.502649,-2.626083,0.07174810369110118,157.27064172158816,246.4516768275033
28106007,-2.502649,-2.626083,0.07174810369110118,157.27064172158816,246.4516768275033
28081308,-1.438233,-3.767714,0.0753551036911011,146.82604787786786,299.42636432675715
28075010,2.192189,-18.294359,2.678922103691101,45.62881316837078,422.634179526042
28067299,0.718217,-18.443357,4.248141103691101,17.840450428089184,401.7129846181495
28113332,-2.499641,0.472766,-0.034864896308898885,221.26337031092768,159.99923145399544
28111866,-2.387764,-5.516118,0.12315410369110102,132.9884579055907,284.27223699960007
28111866,-2.387764,-5.516118,0.12315410369110102,132.9884579055907,284.27223699960007
28111117,-0.503934,0.699496,0.007961103691101146,272.4886350260898,283.8592806700742
28108916,0.942686,-19.529419,4.753522103691101,9.021974234476858,407.5482209769351
28091908,-4.717653,0.571177,0.00852710369110099,200.16842850334112,83.01342598796964
28108926,2.928776,-21.672535,1.771957103691101,64.3452106158125,421.86692612607806
28111146,0.749361,-16.509178,3.945906103691101,18.14570051237257,404.19104501575634
28106866,-2.436778,-2.593682,0.0701161036911011,157.79384163970457,248.20123086486515
28106866,-2.436778,-2.593682,0.0701161036911011,157.79384163970457,248.20123086486515
28076992,0.859446,-21.685257,5.194810103691101,7.688677791879343,404.5090683158693
28113487,-4.07479,-2.666239,0.07574210369110101,154.67930469365368,200.3084694123028
28114112,-2.482224,0.449994,-0.028044896308898837,220.3778086725075,161.7180917350214
28105912,-2.251454,-0.028259,-0.012276896308898833,207.7246673114577,192.14684934333704
28105912,-2.251454,-0.028259,-0.012276896308898833,207.7246673114577,192.14684934333704
28107868,-1.597948,-4.071303,0.7306291036911011,118.71465192157213,298.6819600865772
28103485,-3.854405,-2.917954,0.019995103691101024,154.506132954449,211.12558682771896
28078646,-0.087478,-6.334908,0.0693091036911011,128.2905166373913,360.8902041827262
28071007,0.709894,-19.762196,4.503534103691101,16.54067393904137,400.83622441869727
28110391,-0.399283,-4.408145,0.042894103691101026,142.72636900204773,344.73981100176275
28112472,-2.526616,0.519192,-0.037169896308898887,222.5711934752009,156.62503509862734
28053483,-5.597593,-2.73914,3.116623103691101,31.135123173747782,134.3631660848951
28105882,-3.205417,-9.010429,2.169105103691101,67.89344956396991,292.5432414005248
28105882,-3.205417,-9.010429,2.169105103691101,67.89344956396991,292.5432414005248
28105930,-2.212335,-0.383317,0.0013721036911011897,198.12676197068689,206.2540592655413
28105930,-2.212335,-0.383317,0.0013721036911011897,198.12676197068689,206.2540592655413
28082705,-2.691146,-10.337694,3.500780103691101,28.16843742868568,315.2899984434486
28082705,-2.691146,-10.337694,3.500780103691101,28.16843742868568,315.2899984434486
28093641,-5.876235,-2.978253,3.072826103691101,37.60816701234015,135.9621921898489
28108879,-0.430265,0.730529,-0.00985389630889899,278.7825943111401,290.6551487482968
28104303,-4.26918,-1.902745,0.035878103691101115,163.3661507162683,178.9817270645353
28104303,-4.26918,-1.902745,0.035878103691101115,163.3661507162683,178.9817270645353
28106891,-1.60284,-1.717483,0.019259103691101176,174.0243480822585,266.5015089252022
28106917,-2.368653,-0.010989,0.0011121036911010407,206.33155327917487,186.01996290408115
28106933,-3.846178,-2.934623,0.1038601036911011,151.56749944988917,211.2430043618316
28106933,-3.846178,-2.934623,0.1038601036911011,151.56749944988917,211.2430043618316
28090059,-0.858628,-11.602539,3.807544103691101,10.940971735674708,368.0018877688694
28092801,-5.156221,-4.414127,0.030966103691101088,142.65097560568455,205.5745318784911
28107070,-0.487213,0.743675,-0.010835896308898807,277.7245979664242,284.08388160023657
28106117,-0.358167,-4.449518,0.04675510369110114,142.22522118142325,346.6472599215225
28105110,-5.618456,-3.542386,0.0053471036911010295,148.76603268988072,182.4236694341841
28105110,-5.618456,-3.542386,0.0053471036911010295,148.76603268988072,182.4236694341841
28074929,-2.34104,-11.180651,4.283514103691101,4.408035925179576,330.304192992921
28074929,-2.34104,-11.180651,4.283514103691101,4.408035925179576,330.304192992921
28067114,-2.25575,-10.943472,4.173803103691101,6.014116077105001,331.24654139665483
28067114,-2.25575,-10.943472,4.173803103691101,6.014116077105001,331.24654139665483
28067140,-2.098333,-12.132149,4.330507103691101,6.325347580850803,339.17562492142724
28074971,-0.523893,-12.13015,4.033590103691101,3.6911527937805033,379.030359915636
28074985,0.18701,-17.663029,4.7203611036911015,6.625256361612486,394.75566157165895
28107990,-0.44931,0.737331,-0.013290896308898903,278.8329891686051,288.3420438206824
28070803,-2.764696,-12.669089,4.597817103691101,5.838888337751854,326.16844111003167
28107992,-0.424614,0.722345,-0.010607896308898912,278.41865628515336,291.51290563614504
28067281,0.020703,-15.441189,4.407470103691101,5.895183194393866,392.184663442995
28067290,0.343403,-17.97175,4.287444103691101,17.267002388091868,394.8761560347626
28070980,0.072971,-21.61364,5.440357103691101,6.238288183836545,391.6432944611544
28070986,0.0049,-15.579062,4.105728103691101,14.747316590941807,389.5118892516026
28108756,-2.310445,-11.158442,4.229524103691101,5.825026113030987,330.77052377263533
28108756,-2.310445,-11.158442,4.229524103691101,5.825026113030987,330.77052377263533
28098835,-0.859386,-11.541527,4.037477103691101,2.763545052396097,369.63791605599226
28110407,0.36138,-16.196035,4.415504103691101,6.975832913235678,399.1191904243384
28112460,-2.546435,0.588834,-0.03221789630889882,224.39658927808503,152.20639006925057
28108912,0.252869,-16.07349,4.428913103691101,6.750018544888917,396.8643351069677
28053384,-3.844183,-1.256384,0.03417810369110108,172.3700963557801,173.93291025825314
28053384,-3.844183,-1.256384,0.03417810369110108,172.3700963557801,173.93291025825314
28063712,-2.249865,-11.583763,4.313799103691101,5.002632672626618,333.94462267976303
28063712,-2.249865,-11.583763,4.313799103691101,5.002632672626618,333.94462267976303
28104469,-2.109727,-11.348551,4.183588103691101,6.833689513274692,336.2327657230643
28104469,-2.109727,-11.348551,4.183588103691101,6.833689513274692,336.2327657230643
28066285,-5.975887,-1.947223,3.472697103691101,8.770507764020579,89.55660745032773
28070127,-5.65482,-3.108235,3.1695831036911013,31.2228045084392,143.7094903571461
28070127,-5.65482,-3.108235,3.1695831036911013,31.2228045084392,143.7094903571461
28105917,-2.275337,-0.22693,0.000919103691101153,201.50828144380415,198.1388205191661
28105917,-2.275337,-0.22693,0.000919103691101153,201.50828144380415,198.1388205191661
28066414,-5.706129,-2.711319,3.147997103691101,30.473408507583287,130.4271869256043
28084166,-3.603973,-7.865484,3.144151103691101,36.86958672724092,276.15558119726825
28084166,-3.603973,-7.865484,3.144151103691101,36.86958672724092,276.15558119726825
28107821,-3.803871,-7.693294,3.085807103691101,39.67732030875979,269.5821437312982
28107821,-3.803871,-7.693294,3.085807103691101,39.67732030875979,269.5821437312982
28107832,-2.320662,-2.497767,0.018737103691101042,161.1131439436584,250.8010528044616
28107832,-2.320662,-2.497767,0.018737103691101042,161.1131439436584,250.8010528044616
28106994,-2.431327,-2.534635,0.009477103691100996,160.8315211432588,247.50785190007744
28106994,-2.431327,-2.534635,0.009477103691100996,160.8315211432588,247.50785190007744
28107851,-3.041017,-8.881289,2.3179981036911013,62.70480334999292,295.90605746399524
28107851,-3.041017,-8.881289,2.3179981036911013,62.70480334999292,295.90605746399524
28107006,-2.318766,-2.495311,0.014678103691101008,161.30581182165923,250.8338595871521
28107006,-2.318766,-2.495311,0.014678103691101008,161.30581182165923,250.8338595871521
28105977,-4.933223,-4.995277,3.6196661036911006,14.148861658616454,203.14459550727065
28105977,-4.933223,-4.995277,3.6196661036911006,14.148861658616454,203.14459550727065
28066544,-3.556947,-1.914797,0.011919103691101052,165.62024550101358,199.0704444218449
28066544,-3.556947,-1.914797,0.011919103691101052,165.62024550101358,199.0704444218449
28077840,-2.267406,-10.738694,3.8131071036911015,16.963593721199686,328.658421350912
28077840,-2.267406,-10.738694,3.8131071036911015,16.963593721199686,328.658421350912
28106022,-2.288996,-2.487462,0.00744710369110102,161.7438588615194,251.7854053515278
28106022,-2.288996,-2.487462,0.00744710369110102,161.7438588615194,251.7854053515278
28106038,-2.063762,-2.392118,0.005328103691101038,163.4828513210536,258.59651474050514
28106038,-2.063762,-2.392118,0.005328103691101038,163.4828513210536,258.59651474050514
28056563,-6.220835,-1.579847,3.303401103691101,19.33235489565635,71.80986650752624
28056584,-6.2608,-1.773321,3.3296221036911007,19.95557450141644,79.13598786617612
28108583,-5.473674,-3.804889,3.3801831036911008,23.13540966809606,164.84900595200352
28108583,-5.473674,-3.804889,3.3801831036911008,23.13540966809606,164.84900595200352
28074615,-5.653172,-3.10487,3.032959103691101,38.059094453239965,145.36042648516573
28074615,-5.653172,-3.10487,3.032959103691101,38.059094453239965,145.36042648516573
28049661,-6.298823,-1.654167,3.053459103691101,35.78495386666137,79.37594802274364
28074623,-5.595409,-3.259888,2.877350103691101,45.747543930480816,152.8959517835233
28074623,-5.595409,-3.259888,2.877350103691101,45.747543930480816,152.8959517835233
28049670,-6.277617,-1.694929,3.318587103691101,20.17629184501922,75.56659393521093
28059658,-6.176463,-1.59657,3.281861103691101,20.211904179614407,74.001783082981
28056767,-5.539612,-2.614965,3.4269041036911014,11.98877610526958,126.83121179668456
28056767,-5.539612,-2.614965,3.4269041036911014,11.98877610526958,126.83121179668456
28104978,-4.968192,-5.02893,3.303800103691101,28.979320887129436,204.60533807721384
28104978,-4.968192,-5.02893,3.303800103691101,28.979320887129436,204.60533807721384
28074712,-5.600058,-3.253447,2.975471103691101,41.07274919761952,151.49799778141957
28074712,-5.600058,-3.253447,2.975471103691101,41.07274919761952,151.49799778141957
28092992,-2.464238,-10.341097,3.510432103691101,26.3611906214077,320.9647523925533
28092992,-2.464238,-10.341097,3.510432103691101,26.3611906214077,320.9647523925533
28103577,-3.946897,-7.035334,3.7323181036911013,13.23050680201348,259.3579503803367
28103577,-3.946897,-7.035334,3.7323181036911013,13.23050680201348,259.3579503803367
28103583,-3.816365,-7.243558,3.516642103691101,21.91565030479416,265.0662229872312
28103583,-3.816365,-7.243558,3.516642103691101,21.91565030479416,265.0662229872312
28103603,-3.312833,-8.344412,2.754118103691101,49.6355928291477,286.6471538665359
28103603,-3.312833,-8.344412,2.754118103691101,49.6355928291477,286.6471538665359
28081959,-3.711647,-7.555714,3.3696711036911013,28.223946595233315,270.81255425603183
28081959,-3.711647,-7.555714,3.3696711036911013,28.223946595233315,270.81255425603183
28095603,-3.196701,-8.655055,2.332025103691101,62.75862264415878,290.8161187878833
28095603,-3.196701,-8.655055,2.332025103691101,62.75862264415878,290.8161187878833
28105060,-3.832525,-7.259497,3.525015103691101,21.811683032413757,264.80580514171675
28105060,-3.832525,-7.259497,3.525015103691101,21.811683032413757,264.80580514171675
28074776,-3.9112,-4.680352,3.452323103691101,8.164770255020386,227.01235101571075
28074776,-3.9112,-4.680352,3.452323103691101,8.164770255020386,227.01235101571075
28105095,-2.987518,-9.213316,2.199688103691101,66.23953484483224,298.8249946004687
28105095,-2.987518,-9.213316,2.199688103691101,66.23953484483224,298.8249946004687
28105101,-2.159868,-4.832965,0.06677210369110109,138.8030847620608,284.8038372537761
28074820,-3.915468,-7.356905,3.329638103691101,30.394278269971693,263.6238012985709
28074820,-3.915468,-7.356905,3.329638103691101,30.394278269971693,263.6238012985709
28067006,-3.420089,-9.259559,4.325462103691101,0.0611268068382173,293.46786735734185
28067006,-3.420089,-9.259559,4.325462103691101,0.0611268068382173,293.46786735734185
28074832,-3.818258,-7.655655,3.168250103691101,36.74242439746084,268.9197507130365
28074832,-3.818258,-7.655655,3.168250103691101,36.74242439746084,268.9197507130365
28067026,-3.19802,-9.421135,4.287710103691101,0.5330232740728036,300.17194765551574
28067026,-3.19802,-9.421135,4.287710103691101,0.5330232740728036,300.17194765551574
28067037,-3.10105,-9.721335,4.2709341036911015,2.2605454545918064,304.415181416598
28067037,-3.10105,-9.721335,4.2709341036911015,2.2605454545918064,304.415181416598
28067047,-2.985119,-9.93218,4.283510103691101,2.156299431783026,308.59590900025165
28067047,-2.985119,-9.93218,4.283510103691101,2.156299431783026,308.59590900025165
28070726,-3.093572,-9.110688,4.207926103691101,0.4284189629044022,300.7795165058612
28070726,-3.093572,-9.110688,4.207926103691101,0.4284189629044022,300.7795165058612
28105127,-3.891594,-2.885817,0.09250210369110112,152.33554382415372,209.19971425615407
28105127,-3.891594,-2.885817,0.09250210369110112,152.33554382415372,209.19971425615407
28074874,-3.083648,-8.783773,2.4467851036911012,58.905377752794266,294.5727602764118
28074874,-3.083648,-8.783773,2.4467851036911012,58.905377752794266,294.5727602764118
28067063,-2.873127,-10.222703,4.260362103691101,3.833901116288757,312.8519528853737
28067063,-2.873127,-10.222703,4.260362103691101,3.833901116288757,312.8519528853737
28078525,-4.952519,-5.006924,3.859545103691101,3.0104537873960737,201.49195856592985
28078525,-4.952519,-5.006924,3.859545103691101,3.0104537873960737,201.49195856592985
28074893,-2.804649,-9.382908,2.871256103691101,45.523911639473255,305.89395095328564
28074893,-2.804649,-9.382908,2.871256103691101,45.523911639473255,305.89395095328564
28067083,-2.703135,-10.526617,4.243753103691101,4.830712299289331,318.502188956092
28067083,-2.703135,-10.526617,4.243753103691101,4.830712299289331,318.502188956092
28078531,-4.860041,-5.158061,3.5336241036911007,18.474037830208545,208.5491899363212
28078531,-4.860041,-5.158061,3.5336241036911007,18.474037830208545,208.5491899363212
28049754,-6.052283,-2.132419,3.3198041036911015,20.81953229423894,98.73733683757966
28067093,-2.488787,-10.554041,4.2221591036911015,3.965302602170397,324.0489536063392
28067093,-2.488787,-10.554041,4.2221591036911015,3.965302602170397,324.0489536063392
28049768,-6.128427,-2.262436,3.180433103691101,30.555277680792017,104.7144959426597
28070772,-2.915236,-10.949994,4.387186103691101,4.2171975250460605,315.5530309428232
28070772,-2.915236,-10.949994,4.387186103691101,4.2171975250460605,315.5530309428232
28107984,-3.531129,-7.916893,1.8051401036911012,79.4369778015631,276.9806371355409
28107984,-3.531129,-7.916893,1.8051401036911012,79.4369778015631,276.9806371355409
28070799,-2.396768,-10.136485,3.500501103691101,25.3678010966658,321.827912501022
28070799,-2.396768,-10.136485,3.500501103691101,25.3678010966658,321.827912501022
28105231,-3.948848,-7.138942,3.4085971036911014,26.666423162331316,260.50283238321606
28105231,-3.948848,-7.138942,3.4085971036911014,26.666423162331316,260.50283238321606
28111741,-5.329179,-3.897204,0.04774210369110099,145.35833178001764,193.9732198523048
28111741,-5.329179,-3.897204,0.04774210369110099,145.35833178001764,193.9732198523048
28085152,-3.944803,-4.700759,3.3931521036911008,11.85119000432016,226.56790541565525
28085152,-3.944803,-4.700759,3.3931521036911008,11.85119000432016,226.56790541565525
28110883,-5.55881,-3.590774,0.04079310369110112,147.4842359690794,184.2334058563568
28110883,-5.55881,-3.590774,0.04079310369110112,147.4842359690794,184.2334058563568
28113342,-4.391154,-1.810344,0.09378410369110113,162.08150915916028,173.09580327444542
28082697,-3.430762,-8.084793,2.9269121036911008,43.93791048155916,282.0404410417139
28082697,-3.430762,-8.084793,2.9269121036911008,43.93791048155916,282.0404410417139
28085277,-2.960007,-9.841695,3.090704103691101,40.88490401663424,305.15482708303074
28085277,-2.960007,-9.841695,3.090704103691101,40.88490401663424,305.15482708303074
28108726,-3.416973,-8.407957,4.153023103691101,0.6460127810684355,286.9684609418297
28108726,-3.416973,-8.407957,4.153023103691101,0.6460127810684355,286.9684609418297
28110250,-3.67017,-7.564464,3.261475103691101,31.94966945754075,271.8921183308935
28110250,-3.67017,-7.564464,3.261475103691101,31.94966945754075,271.8921183308935
28108740,-3.420682,-8.436111,2.5291871036911013,57.53963433977927,284.3344378992689
28108740,-3.420682,-8.436111,2.5291871036911013,57.53963433977927,284.3344378992689
28108741,-3.435153,-8.145763,1.962553103691101,74.452093224898,281.09989880213345
28108741,-3.435153,-8.145763,1.962553103691101,74.452093224898,281.09989880213345
28062745,-6.446805,-0.938285,3.2876151036911008,17.57995692102253,35.15702598960186
28062777,-6.3873,-1.123358,3.298164103691101,17.801461331444443,46.029529183269176
28062817,-6.22368,-1.31767,3.2691341036911012,19.16191951733009,59.965226665221024
28062849,-6.21761,-1.540802,3.2995271036911014,19.18010012969341,70.14333933528141
28062869,-6.22479,-1.681782,3.3093581036911015,19.91586874759267,76.25608127254554
28060393,-3.380323,-9.098255,4.264633103691101,0.8590314054214616,293.25646539605214
28060393,-3.380323,-9.098255,4.264633103691101,0.8590314054214616,293.25646539605214
28060416,-3.210723,-9.674685,4.253475103691101,3.540463169375954,301.2825668587103
28060416,-3.210723,-9.674685,4.253475103691101,3.540463169375954,301.2825668587103
28060439,-3.18303,-10.468563,4.460289103691101,1.066270037355764,306.9576591973232
28060439,-3.18303,-10.468563,4.460289103691101,1.066270037355764,306.9576591973232
28110358,-3.80134,-7.406804,3.3626511036911007,28.502625930805948,267.05637492845915
28110358,-3.80134,-7.406804,3.3626511036911007,28.502625930805948,267.05637492845915
28060443,-3.054012,-10.170525,4.257224103691101,5.132702322528843,308.0015130474952
28060443,-3.054012,-10.170525,4.257224103691101,5.132702322528843,308.0015130474952
28060452,-3.14996,-11.791776,4.587459103691101,4.344388012511303,314.25592413970423
28060452,-3.14996,-11.791776,4.587459103691101,4.344388012511303,314.25592413970423
28110364,-3.666105,-7.553702,3.2782411036911014,31.25613530249163,271.9099617867627
28110364,-3.666105,-7.553702,3.2782411036911014,31.25613530249163,271.9099617867627
28100716,-5.405808,-2.599111,3.218756103691101,22.239617795556452,132.87539391649588
28100716,-5.405808,-2.599111,3.218756103691101,22.239617795556452,132.87539391649588
28060477,-2.675057,-11.807783,4.3981261036911015,6.770742758482726,324.6637583579842
28060477,-2.675057,-11.807783,4.3981261036911015,6.770742758482726,324.6637583579842
28063042,-5.668756,-2.557702,3.111119103691101,31.07823472840693,126.73321437022832
28063058,-5.4632,-2.486808,3.0523541036911013,31.5475517736968,130.16268907758587
28063078,-5.518325,-2.616993,3.4215851036911014,12.031705697517566,127.5137150192614
28063078,-5.518325,-2.616993,3.4215851036911014,12.031705697517566,127.5137150192614
28108809,-2.681971,-2.537208,-0.013017896308898935,161.18737822623513,239.0601499862073
28108809,-2.681971,-2.537208,-0.013017896308898935,161.18737822623513,239.0601499862073
28110393,-0.227895,-2.11977,0.028231103691101156,172.23700750635345,344.33911939663767
28110395,-0.430839,-6.88725,0.44665910369110107,113.85616390397756,352.70693316180524
28076004,-2.724211,-9.701816,3.072047103691101,39.65412005825485,310.11097126479496
28076004,-2.724211,-9.701816,3.072047103691101,39.65412005825485,310.11097126479496
28076017,-2.324911,-10.43123,3.656663103691101,21.04620846517321,325.43902625205783
28076017,-2.324911,-10.43123,3.656663103691101,21.04620846517321,325.43902625205783
28096449,-2.8722,-9.417185,2.861993103691101,46.282667185338425,304.3953847114794
28096449,-2.8722,-9.417185,2.861993103691101,46.282667185338425,304.3953847114794
28073456,-5.83007,-2.351815,3.140721103691101,29.93921545815607,115.28512784623292
28073510,-5.723454,-2.729946,3.4810361036911015,12.369989794960048,125.54849455407796
28083314,-3.922138,-4.676959,3.5424751036911015,3.459380633377464,226.26376287925788
28083314,-3.922138,-4.676959,3.5424751036911015,3.459380633377464,226.26376287925788
28111116,-3.207547,-8.832335,4.191116103691101,0.1885469667136021,295.83256835770953
28111116,-3.207547,-8.832335,4.191116103691101,0.1885469667136021,295.83256835770953
28108875,-3.45179,-8.35183,2.131462103691101,69.62341497329152,282.4320448384171
28053256,-6.241316,-1.603937,3.298616103691101,20.12240548589881,72.62920195019674
28079996,-0.233387,-2.13225,0.016391103691101083,172.6001064951628,343.91331371645526
28109655,-4.048282,-6.837547,3.7612951036911006,11.705709388016118,254.3509466431752
28109655,-4.048282,-6.837547,3.7612951036911006,11.705709388016118,254.3509466431752
28073746,-3.538926,-7.764447,3.108591103691101,37.31024984527088,276.9074140005621
28073746,-3.538926,-7.764447,3.108591103691101,37.31024984527088,276.9074140005621
28073756,-3.354149,-7.970702,2.882267103691101,44.64334417442967,283.01472129668286
28073756,-3.354149,-7.970702,2.882267103691101,44.64334417442967,283.01472129668286
28104425,-3.901163,-7.046724,3.653224103691101,16.100400889952567,260.72366006959
28104425,-3.901163,-7.046724,3.653224103691101,16.100400889952567,260.72366006959
28073765,-2.131724,-4.766474,0.07465510369110118,138.98758822828916,285.06857213058936
28104428,-3.684339,-7.897926,2.957062103691101,43.97116358051892,274.25204376345096
28104428,-3.684339,-7.897926,2.957062103691101,43.97116358051892,274.25204376345096
28104433,-2.938352,-9.124699,2.182204103691101,66.45783128115292,299.43282742049234
28104433,-2.938352,-9.124699,2.182204103691101,66.45783128115292,299.43282742049234
28104436,-2.771771,-9.340612,1.9456571036911012,72.59354175725485,303.8790226235316
28104436,-2.771771,-9.340612,1.9456571036911012,72.59354175725485,303.8790226235316
28063662,-2.981747,-10.440084,4.317048103691101,4.102684457582711,311.34660210673763
28063662,-2.981747,-10.440084,4.317048103691101,4.102684457582711,311.34660210673763
28073774,-2.953177,-9.133018,2.6800861036911012,51.70044936080191,300.364776310684
28073774,-2.953177,-9.133018,2.6800861036911012,51.70044936080191,300.364776310684
28063683,-2.732815,-10.585157,4.282636103691101,4.098409274974131,318.1437227273813
28073788,-2.652462,-10.010897,3.265946103691101,34.11497752707942,313.9786728194549
28073788,-2.652462,-10.010897,3.265946103691101,34.11497752707942,313.9786728194549
28076926,-3.045813,-9.393101,2.859413103691101,47.27491101317682,300.06830379101143
28076926,-3.045813,-9.393101,2.859413103691101,47.27491101317682,300.06830379101143
28080445,-4.848828,-5.113031,3.8689671036911006,2.2483125919668225,206.25665520251857
28080445,-4.848828,-5.113031,3.8689671036911006,2.2483125919668225,206.25665520251857
28080449,-4.836859,-5.100998,3.358492103691101,25.753169555930896,208.9752924130712
28080449,-4.836859,-5.100998,3.358492103691101,25.753169555930896,208.9752924130712
28080452,-4.845279,-5.137815,3.0546481036911013,39.08061704676084,210.8565687894715
28080452,-4.845279,-5.137815,3.0546481036911013,39.08061704676084,210.8565687894715
28094702,-3.050811,-8.997196,2.5838771036911012,54.904006686522365,296.9760562894396
28094702,-3.050811,-8.997196,2.5838771036911012,54.904006686522365,296.9760562894396
28094723,-2.587884,-10.040722,3.319579103691101,32.110991974857825,315.90236212770003
28094723,-2.587884,-10.040722,3.319579103691101,32.110991974857825,315.90236212770003
28066195,-6.193326,-1.594219,3.2871681036911014,20.09203428562509,73.4234482625713
28105842,-3.796243,-7.456172,3.459592103691101,25.040725249952715,267.7106035642603
28105842,-3.796243,-7.456172,3.459592103691101,25.040725249952715,267.7106035642603
28070069,-5.70014,-2.658993,3.490366103691101,10.860388604612185,123.470204766271
28080555,-4.967577,-5.040083,3.527126103691101,19.079596816601907,203.62970980376636
28080555,-4.967577,-5.040083,3.527126103691101,19.079596816601907,203.62970980376636
28053506,-5.551976,-2.848307,3.115843103691101,31.355008862233007,138.9519555435537
28053506,-5.551976,-2.848307,3.115843103691101,31.355008862233007,138.9519555435537
28114092,-5.464904,-3.795731,3.522042103691101,15.86426086498068,163.3979113049425
28056568,-6.174673,-1.617189,3.019348103691101,36.11134849950284,81.03590433462716
28061898,-1.10065,1.857811,-0.010527896308898832,360.6677357824775,148.2493378614691
28061898,-1.10065,1.857811,-0.010527896308898832,360.6677357824775,148.2493378614691
28049681,-6.225831,-1.735204,3.038587103691101,36.29478375433644,84.61746388212399
28049746,-6.167456,-2.148183,3.547751103691101,8.974487154315568,92.31480039817772
28069393,-6.240908,-1.522225,3.3021641036911014,19.171005525390058,68.7369931118651
28062875,-5.819212,-1.471749,3.064957103691101,27.96526071224693,80.93838851949792
28053262,-6.16223,-1.607385,3.017338103691101,36.02550873068634,80.90800654158173
28069373,-6.28866,-1.336571,3.2929571036911014,18.730316891016315,59.01765265047854
28056508,-6.251546,-1.192322,3.467455103691101,4.955355086962101,47.274753222977495
28049623,-6.24329,-1.302813,3.272849103691101,19.06447295471108,58.737952596368814
28058660,-1.108234,1.91955,-0.008976896308898974,369.093501964494,140.31962224686083
28058660,-1.108234,1.91955,-0.008976896308898974,369.093501964494,140.31962224686083
28049650,-6.128391,-1.47385,3.446797103691101,7.648658478814582,64.94413133218407
28069350,-6.272274,-1.146251,3.269823103691101,18.200538904773424,50.18457561068109
28085659,-6.007653,-1.272012,3.208694103691101,19.56359400292814,63.58794100735341
28027178,-6.450308,-0.956226,3.2958981036911013,17.2528174247943,35.84668116529983
27950005,-6.265249,-1.305866,3.2768691036911015,19.14735131510224,58.35982935832422
28069394,-6.399449,-1.601701,3.192949103691101,28.52556791741964,71.91622083023199
28066126,-6.404119,-1.230991,3.3073301036911014,18.472078471371447,51.09944155441215
