uid,px_world,py_world,pz_world,u_rectified,v_rectified
28638190,-2.873816,-4.977686,1.170436103691101,72.05010543009223,249.7639101498967
28657404,-2.172869,-6.154615,0.600900103691101,93.77266222807842,275.84403623183124
28657405,-1.59541,-3.100486,0.7000421036911011,104.30142613336167,269.9240027642203
28646634,-3.707959,-2.933706,0.5728251036911011,97.44785266092798,191.7214001446799
28657415,-1.755056,-5.085414,0.5100641036911011,102.19362679553272,279.7775802871555
28657415,-1.755056,-5.085414,0.5100641036911011,102.19362679553272,279.7775802871555
28657417,-3.421243,-1.401451,0.30575910369110104,121.40781740756232,164.8632348902832
28657420,-3.585593,-1.719105,0.47932510369110104,108.8769519322018,167.09927589048584
28646663,-2.996576,-2.168934,0.921897103691101,87.4679035524058,199.7391539746508
28657423,-6.981255,-7.157581,-0.6796918963088989,107.42304859252135,183.31039238633733
28657423,-6.981255,-7.157581,-0.6796918963088989,107.42304859252135,183.31039238633733
28657425,-4.147682,-3.07481,1.0571631036911011,72.62675693962905,179.97927483574827
28657427,-1.850243,-0.089729,0.17541310369110108,167.40694859060562,193.9423841488112
28657427,-1.850243,-0.089729,0.17541310369110108,167.40694859060562,193.9423841488112
28657428,-6.075762,-6.578165,0.2962941036911011,87.73212484591821,191.5081381809761
28657428,-6.075762,-6.578165,0.2962941036911011,87.73212484591821,191.5081381809761
28643754,-1.619442,-4.940404,0.7343721036911011,95.00238498630208,285.0412687225451
28657433,-4.246722,-4.63103,-0.057626896308898834,110.70228094976628,205.25981446700007
28657434,-4.539512,-4.988337,0.5097781036911011,89.78499777783,203.4024619063117
28657434,-4.539512,-4.988337,0.5097781036911011,89.78499777783,203.4024619063117
28657435,-5.0291,-5.421162,1.509712103691101,52.00429444788293,197.7999502565016
28657435,-5.0291,-5.421162,1.509712103691101,52.00429444788293,197.7999502565016
28657437,-4.664882,-4.325463,2.462837103691101,3.41093413078616,187.76098443527155
28657437,-4.664882,-4.325463,2.462837103691101,3.41093413078616,187.76098443527155
28649447,3.198087,-16.428888,0.6192391036911011,91.37436033713487,391.744040029312
28657440,-4.332559,-4.892326,0.8182181036911012,80.00032727146242,207.3317098740814
28657440,-4.332559,-4.892326,0.8182181036911012,80.00032727146242,207.3317098740814
28657441,-4.121281,-4.633945,0.5574211036911011,90.71552357905564,208.84496945784477
28657441,-4.121281,-4.633945,0.5574211036911011,90.71552357905564,208.84496945784477
28657442,-4.206723,-4.440829,1.8723001036911011,35.680732639010586,204.36177389093504
28657442,-4.206723,-4.440829,1.8723001036911011,35.680732639010586,204.36177389093504
28657444,-4.079137,-4.835042,0.7940071036911011,81.95900585713318,213.03941591636368
28657444,-4.079137,-4.835042,0.7940071036911011,81.95900585713318,213.03941591636368
28657445,-4.008377,-3.893753,2.337791103691101,7.41786595196362,200.53065103023465
28657445,-4.008377,-3.893753,2.337791103691101,7.41786595196362,200.53065103023465
28657448,-4.669883,-5.718896,1.8402311036911012,40.55251432671941,211.3135671921807
28657448,-4.669883,-5.718896,1.8402311036911012,40.55251432671941,211.3135671921807
28657451,-3.185314,-2.825347,2.158970103691101,9.892010425943624,208.3770241019041
28657451,-3.185314,-2.825347,2.158970103691101,9.892010425943624,208.3770241019041
28609315,-4.548794,0.423935,0.037521103691101176,145.78586548896732,48.683826075302335
28623000,-4.496369,0.156246,0.004617103691101132,144.15346248864574,66.69596517014287
28646743,-3.328279,-5.337963,1.316020103691101,64.56494082463615,241.22255453801745
28657460,-4.128939,-5.726373,1.4406541036911011,57.5578719212362,224.6178665496878
28657460,-4.128939,-5.726373,1.4406541036911011,57.5578719212362,224.6178665496878
28657462,-3.54857,-3.885231,2.403891103691101,3.7286542675816463,216.95010160544103
28657462,-3.54857,-3.885231,2.403891103691101,3.7286542675816463,216.95010160544103
28657464,-4.573337,-7.605846,0.09929610369110109,95.86679600239697,230.7811330512033
28657464,-4.573337,-7.605846,0.09929610369110109,95.86679600239697,230.7811330512033
28657466,-5.280341,-9.301715,0.011937103691101125,92.62429698029676,231.4261574877169
28657466,-5.280341,-9.301715,0.011937103691101125,92.62429698029676,231.4261574877169
28657469,-3.069838,-3.204474,2.173308103691101,12.84929516212381,221.66352925334328
28657469,-3.069838,-3.204474,2.173308103691101,12.84929516212381,221.66352925334328
28657470,-4.742712,-8.030456,0.38847910369110106,87.24073883609597,231.79985144242863
28657470,-4.742712,-8.030456,0.38847910369110106,87.24073883609597,231.79985144242863
28657473,-2.256742,-2.538568,0.44688310369110107,115.04113891730354,234.5140910799645
28657473,-2.256742,-2.538568,0.44688310369110107,115.04113891730354,234.5140910799645
28657474,-2.026025,-2.053019,0.46563110369110106,119.85137302539744,235.5775648996178
28657474,-2.026025,-2.053019,0.46563110369110106,119.85137302539744,235.5775648996178
28616656,-3.617514,-2.344294,-0.020823896308898915,126.56366170409476,183.17697628242536
28657478,-4.902008,-8.505963,1.1097001036911012,67.50259755372812,234.43750997800004
28657478,-4.902008,-8.505963,1.1097001036911012,67.50259755372812,234.43750997800004
28657480,-3.590005,-5.32981,1.560421103691101,53.82668942417527,234.71014801992743
28657480,-3.590005,-5.32981,1.560421103691101,53.82668942417527,234.71014801992743
28657481,-6.543963,-7.245573,-52.2057288963089,365.2568217241138,198.21144627458372
28657485,-3.003807,-4.033814,1.893016103691101,35.84221983109248,237.44132854293755
28657485,-3.003807,-4.033814,1.893016103691101,35.84221983109248,237.44132854293755
28657486,-0.466052,2.209267,0.266789103691101,414.9700174501202,180.368293097222
28657490,-1.885535,-2.413429,0.49911310369110107,116.40229717822844,247.5623821503583
28657492,-3.125822,-4.852777,1.747309103691101,45.898875373867554,243.64042063267647
28657492,-3.125822,-4.852777,1.747309103691101,45.898875373867554,243.64042063267647
28653176,-5.425858,-2.958178,1.732216103691101,33.119402351670004,133.76648372492852
28657493,-0.476344,2.20153,-0.13963689630889897,417.9432183263728,184.3863848454549
28652111,-3.548506,0.037779,1.597705103691101,26.777005638158528,68.10551447754679
28657500,-0.6038,1.480093,1.4037031036911012,90.88092041043794,249.76185083456957
28655061,-3.991844,-0.477163,-0.041496896308898856,143.41675424660124,115.25118332132912
28655062,-3.951447,-0.445411,-0.08524989630889901,146.4700166315887,116.05289311238307
28650999,-3.074422,-2.304452,0.7514271036911011,95.53917138209091,199.88484537604728
28657532,-1.6594,-5.577143,0.560207103691101,99.12331352422046,286.2319105345393
28653219,-2.469802,-0.722305,1.9425381036911011,1.131970269627061,175.6605090969432
28653224,-2.695848,-2.442878,0.09963210369110098,127.86805307165338,215.60854197645008
28653224,-2.695848,-2.442878,0.09963210369110098,127.86805307165338,215.60854197645008
28638543,-3.271049,-3.087712,0.4858361036911011,103.15540706168186,208.5628195336674
28655085,-3.255793,-0.934458,1.593048103691101,37.8504584966721,143.86730808724133
28657548,-1.36684,-5.943249,0.9547191036911011,85.35845155255663,300.6446265380309
28657550,-0.388513,1.895638,1.451934103691101,96.58201082801304,299.63994095467973
28625883,-2.77027,-1.743615,1.6742791036911011,38.56756644599008,198.22506990810257
28651039,-3.843574,-4.241292,1.2824151036911011,63.59566126086614,211.3679498573219
28632612,-3.654073,-6.854214,-0.10145489630889881,106.34305576751665,242.4403538545261
28625897,-4.121872,-5.205288,0.4194061036911011,93.99490501625245,216.316150729817
28653241,-1.635824,-0.928891,0.09728210369110113,157.79247304511264,228.82974900698437
28657563,-0.590892,-1.345749,1.351415103691101,78.83302896172054,317.8288257941498
28651061,-0.522934,0.782479,0.03361510369110099,242.34493295432063,256.73227960486736
28653246,-3.188009,-3.021404,1.797329103691101,35.841286077142485,212.08471307149512
28655128,-2.595229,-1.312685,1.993554103691101,5.690511292540407,192.8940969428906
28655128,-2.595229,-1.312685,1.993554103691101,5.690511292540407,192.8940969428906
28657610,0.824227,-3.278526,0.8142931036911011,116.29951727166116,385.4086084948376
28654345,-6.010331,-1.711118,0.0724671036911011,110.44714654651813,96.97775806607662
28651122,-1.282498,-5.845078,0.14941210369110114,113.54101201704115,294.7598941436624
28655159,-2.820703,-2.243581,1.0753651036911012,79.6867071504393,208.60889714278449
28654365,-4.40949,-0.889448,0.16273410369110097,124.43897361848012,114.0033729875078
28655168,-2.846837,-2.892131,-0.05546889630889895,129.2570055070405,217.94074436689115
28655176,-2.651399,-2.846859,0.28723110369110105,117.1059344989917,224.6125223159556
28653315,-1.584122,-9.095347,0.5375341036911011,91.45419887645804,302.8455404486241
28653322,-1.6488,-10.701541,1.314233103691101,69.82848845149928,311.5692436897267
28655195,-3.151595,0.140332,1.546394103691101,33.66362987138234,84.32360415560962
28641700,-4.330352,-2.983825,-0.031066896308898917,117.68172830571442,175.6701477969378
28641700,-4.330352,-2.983825,-0.031066896308898917,117.68172830571442,175.6701477969378
28635978,-3.315073,-5.675258,1.277194103691101,66.22583099168605,245.0460301624034
28635978,-3.315073,-5.675258,1.277194103691101,66.22583099168605,245.0460301624034
28649898,-6.635027,-0.264972,0.7548671036911011,78.58307316269625,1.6996022331557017
28641719,-4.587656,-4.654348,0.938159103691101,74.81615029404145,197.2323810877353
28591940,-4.487792,0.461725,0.06086710369110104,145.83962071503908,47.90638690962194
28635999,-2.272703,-5.316469,0.3669801036911011,103.73440431071155,265.40210819641976
28641737,-2.826447,-3.251481,0.015912103691101187,123.95973781314488,224.35533231582704
28641743,-2.163306,-2.118843,0.12244510369110118,134.4575908679772,229.4829343464434
28641743,-2.163306,-2.118843,0.12244510369110118,134.4575908679772,229.4829343464434
28655232,-2.354219,-0.164871,1.8579751036911012,0.4268635774487563,153.06929392667888
28655233,-1.94871,-0.094911,0.12766410369110104,168.5294719048384,188.78673106803348
28655233,-1.94871,-0.094911,0.12766410369110104,168.5294719048384,188.78673106803348
28653343,0.559226,1.562749,0.024879103691101134,387.9607199932818,382.5402168152706
28655237,-2.295461,-0.884731,-0.153142896308899,162.62649759545965,196.7484193668522
28655253,-4.13383,-4.351291,-0.153860896308899,115.5923890697187,204.0483786533261
28655257,-3.025115,-2.482993,0.1280141036911011,123.78042124502048,205.12099452325725
28623522,-2.993513,-5.312979,0.8161471036911011,84.7886431060611,247.97684051625583
28655270,-6.216962,-7.472533,1.6409691036911012,48.30189901063099,199.08539423635733
28653364,0.873287,1.369258,0.07069410369110107,379.5542739530826,438.7404398016574
28655301,-1.674993,-0.760411,0.1159601036911011,159.34793960817143,222.99825399914064
28655304,-1.998068,-1.546431,-0.14859289630889894,155.41771654803435,224.3657471223289
28655310,-5.204222,-8.49693,-0.6112458963088989,108.09149259688505,225.4285098624524
28655314,-2.635623,-1.940792,2.126373103691101,2.298419127917469,211.3881689969272
28655323,-3.500609,-4.374242,1.919626103691101,34.72917699346584,225.62628910159236
28656451,-4.70363,-0.840673,0.7899861036911011,87.90631844964051,91.77937788022824
28655332,-2.62201,-3.405468,1.276032103691101,68.70317911076592,238.72239811229863
28655334,-2.305293,-3.399951,0.25628910369110103,117.11178627525072,244.22544317243288
28655334,-2.305293,-3.399951,0.25628910369110103,117.11178627525072,244.22544317243288
28655336,-2.126219,-2.886355,0.4411661036911011,113.87389823980328,244.6968086533764
28650003,-0.974377,2.001472,-6.189630889896769e-05,334.3089372995717,139.32450449323125
28650003,-0.974377,2.001472,-6.189630889896769e-05,334.3089372995717,139.32450449323125
28656459,-3.777601,-0.348569,1.1132121036911011,73.65079962694716,96.98745129733815
28655348,-2.19215,-4.587154,0.09011510369110098,116.93151043236624,259.6306492661137
28655348,-2.19215,-4.587154,0.09011510369110098,116.93151043236624,259.6306492661137
28655354,-1.969468,-5.077749,0.597383103691101,97.97130615426586,273.9655306443256
28655359,-0.949321,-2.652094,0.05530910369110109,142.81138834782683,284.6728082130566
28610171,-3.994015,-4.775311,0.4998161036911011,92.94467965607063,214.02336430164303
28656486,-3.888338,-0.941175,0.8802291036911011,87.93158121810862,125.31401250945537
28656487,-4.058222,-0.980394,0.40657410369110103,114.15592493878547,126.5400068967993
28623640,-0.63412,-2.137605,1.3209791036911012,78.95187847083236,318.4339476903627
28655420,3.147918,-13.738291,0.25951710369110104,102.66339178710057,395.2910408745093
28655423,17.985332,-87.849442,2.020982103691101,73.16139900827895,406.6805413217729
28652449,-4.43111,-4.394785,0.16601910369110118,103.51620949381808,197.38403063787928
28652449,-4.43111,-4.394785,0.16601910369110118,103.51620949381808,197.38403063787928
28647500,-0.518161,1.941607,-0.011135896308898996,361.1754977673592,200.89476080437032
28647500,-0.518161,1.941607,-0.011135896308898996,361.1754977673592,200.89476080437032
28652453,-2.953396,-2.089808,0.8632991036911011,91.2772885075247,199.56933084464475
28626863,-2.851,-1.901703,1.536338103691101,49.448910435864434,198.9936615455072
28626866,-2.812961,-1.846873,1.6268181036911011,42.666186057480814,199.2052751141488
28652459,-3.108654,-2.728717,0.709086103691101,95.65211796083292,207.52391360278764
28656521,-4.111076,-2.437087,0.08838510369110097,117.93688907896616,169.8228956301206
28652469,-2.475366,-2.357893,0.08693010369110099,130.96615001134393,221.88130582517667
28652469,-2.475366,-2.357893,0.08693010369110099,130.96615001134393,221.88130582517667
28647586,-3.381157,-2.865862,0.9673891036911011,81.07565907039952,200.927915204159
28654477,-2.913113,-2.291331,0.903416103691101,88.62706139293962,205.8019911688595
28647606,-2.935091,-3.029987,0.3318951036911011,112.10383208420494,218.22451552544985
28647622,-1.823756,-1.760433,-0.09781789630889892,152.00660715447628,235.6959538989692
28656549,-3.456891,-3.168955,2.2168581036911013,8.949898953934763,205.2262324461767
28652488,-1.93834,-2.005564,0.12164210369110107,137.81819451820954,236.4466401715614
28652488,-1.93834,-2.005564,0.12164210369110107,137.81819451820954,236.4466401715614
28647654,-0.448721,0.761297,0.006482103691101138,245.37189695929885,263.42405949020787
28656562,-2.270723,-0.299157,-0.09207589630889901,171.19027731500262,180.2478745574371
28656569,-2.633876,-2.031089,2.132771103691101,3.03187561783119,214.06312062576345
28656569,-2.633876,-2.031089,2.132771103691101,3.03187561783119,214.06312062576345
28647674,0.223706,1.928192,0.00850110369110113,431.8226173077088,320.8667858732321
28656588,-3.399908,-4.268188,2.417093103691101,6.690373819979271,229.20097628227404
28656591,-3.762418,-4.262342,1.1925081036911012,67.8245325937487,213.9807004991188
28645009,-0.280478,2.077147,-0.011217896308898911,409.6638911210759,224.8868311552696
28645009,-0.280478,2.077147,-0.011217896308898911,409.6638911210759,224.8868311552696
28656598,-2.004585,-0.565429,-0.007340896308899003,165.10982156220348,201.1653374638093
28656598,-2.004585,-0.565429,-0.007340896308899003,165.10982156220348,201.1653374638093
28656599,-3.126714,-3.209201,0.23764510369110114,113.64393903481074,214.8518968780648
28656599,-3.126714,-3.209201,0.23764510369110114,113.64393903481074,214.8518968780648
28656605,-3.659707,-5.489916,1.535218103691101,54.90616036432914,234.58268621009293
28656610,-1.940476,-0.914275,-0.06316289630889882,162.27846288019884,213.351522210074
28656610,-1.940476,-0.914275,-0.06316289630889882,162.27846288019884,213.351522210074
28656614,-2.516607,-2.690405,0.3439371036911011,116.70365486376534,226.95984741623357
28656628,-1.876854,-2.371219,0.2808501036911011,127.26037662825476,245.7495267538739
28656642,-5.616051,-3.155073,1.980469103691101,20.064411930486276,131.70085376893348
28656642,-5.616051,-3.155073,1.980469103691101,20.064411930486276,131.70085376893348
28656646,-7.491695,-5.726303,1.774308103691101,37.43075269700614,147.0386112181832
28636565,-3.280277,-3.076081,0.4862411036911011,103.1362536315038,208.05848486857624
28636565,-3.280277,-3.076081,0.4862411036911011,103.1362536315038,208.05848486857624
28636567,-3.77963,-4.572724,0.821858103691101,82.5523769395486,217.44536874689467
28656651,-2.769458,-1.000785,0.5110821036911011,120.21779199524396,177.9235686354818
28656660,-6.218476,-5.862578,1.834721103691101,38.0099492593279,176.3820532638433
28656662,-6.290847,-6.931625,0.06537410369110108,92.4989802321778,191.88821039445412
28656665,-4.78484,-5.132131,-0.03980689630889889,105.71391668460696,199.6237363625369
28656672,-4.402352,-4.929028,0.038735103691101,105.7709374189238,205.6553940227977
28654503,-2.075718,-0.780403,-0.10584189630889895,165.05296089903806,203.7074730457323
28656673,-5.248149,-5.573003,2.103485103691101,28.013456140923324,194.4295270483673
28656673,-5.248149,-5.573003,2.103485103691101,28.013456140923324,194.4295270483673
28656675,-4.395952,-5.001223,0.19037410369110108,100.79192075030195,206.85630933221023
28656679,-4.56411,-5.412401,0.4258801036911011,91.49131633876311,208.4720646317204
28656680,-3.693759,-4.029631,0.16651310369110117,108.7414510311578,210.98818230713087
28656681,-3.786178,-4.495671,-0.025526896308898817,112.59443744078688,214.8250782721726
28656683,-4.230523,-5.141028,0.6478441036911011,86.0321941138136,213.1436339359826
28656692,-3.585512,-3.78163,1.849833103691101,35.46531454169667,212.55313961439288
28656697,-3.477942,-3.768083,1.705398103691101,43.50492175934488,215.7377272265875
28645157,0.294215,-5.432611,0.18887010369110113,123.31005769496518,342.7383481808996
28656703,-2.922273,-2.595343,2.115800103691101,11.075487509355725,214.4449832186142
28657962,-5.266012,-1.222977,1.061893103691101,67.29385158313684,84.77381063355458
28657963,-7.720994,-2.955719,0.6435101036911011,75.4270455806402,87.50925385448414
28657966,-8.978276,-3.6274,-0.4266448963088989,104.24372739975853,91.51704791013096
28656711,-2.867035,-2.675209,2.114321103691101,12.141770156017202,218.8488500531663
28656711,-2.867035,-2.675209,2.114321103691101,12.141770156017202,218.8488500531663
28657969,-10.046908,-4.59597,-0.5858368963088989,101.60896955213224,95.686480134135
28633679,-2.891823,-1.597665,1.828492103691101,24.162810699970123,187.23292923706163
28656724,-4.392957,-7.348303,0.7111511036911011,80.47278558585617,233.6264512711266
28656726,-3.366471,-4.150981,2.2755971036911014,14.113240135489605,227.92238673331556
28656726,-3.366471,-4.150981,2.2755971036911014,14.113240135489605,227.92238673331556
28656727,-2.281976,-2.614072,0.7204081036911011,101.08629878404956,236.19263158014408
28657974,-4.955393,-0.962837,0.046401103691101175,124.61254866298484,100.88658997334876
28657975,-1.520594,1.930224,-0.06676889630889882,295.29143533330875,95.8045121683962
28656734,-1.900722,-2.186827,0.2277671036911011,131.30441278234343,241.58690512974243
28656734,-1.900722,-2.186827,0.2277671036911011,131.30441278234343,241.58690512974243
28656744,-2.004324,-2.792533,0.25755610369110116,123.61563109457684,246.7526077959083
28656744,-2.004324,-2.792533,0.25755610369110116,123.61563109457684,246.7526077959083
28650219,-2.858672,-3.636837,1.0986451036911011,76.23272581466412,232.9044461914393
28657978,-2.924954,0.288248,1.134361103691101,81.14057081267234,99.48507534771169
28656757,-2.507114,-4.361104,1.146687103691101,74.95304689357147,254.40553697670967
28657980,-4.893364,-1.158226,0.3774151036911011,107.63881257783976,105.3876826390696
28657982,-1.373465,1.998701,-0.09733389630889899,312.8838163426856,102.71414240154562
28657986,-0.590231,2.326178,1.052899103691101,419.19790135915946,30.109593254657995
28657988,-3.800433,-0.575793,0.7297181036911011,100.29611762716203,115.06058124988432
28656773,-1.087621,-2.15434,0.098930103691101,145.55188375747173,274.3657023011718
28656780,-0.969696,-1.836046,0.23337510369110115,144.5773363744728,277.8942188709424
28630685,0.38807,-5.142957,0.16887210369110117,126.53532152724011,345.7618159835655
28657996,-6.327594,-4.058677,2.015757103691101,22.630167751935545,136.4586249549925
28657997,-2.889469,-0.006602,0.9100161036911011,100.48935803825492,125.73953122369052
28657998,-4.46171,-2.132353,1.8531111036911012,22.75378514836453,137.7813669337466
28639676,-1.504673,-4.120378,0.7369331036911011,98.4342400261449,283.0651866861365
28658001,-4.951026,-2.800904,1.719989103691101,34.24434435509224,143.91935257019827
28658003,-5.924328,-3.911441,1.4043191036911011,50.97357749830195,147.29102908109306
28656815,-0.400821,-1.315114,0.8404241036911011,122.1017072560124,316.89651440317226
28642408,-3.923375,-4.835942,0.8932211036911011,78.89658168542024,217.32419298986164
28658032,-6.46166,-6.966295,1.9764081036911012,35.78777838128741,187.46502673025867
28658032,-6.46166,-6.966295,1.9764081036911012,35.78777838128741,187.46502673025867
28654572,-2.211344,-0.837818,-0.10018389630889901,161.94723147980932,199.1483364616377
28658035,-5.968292,-6.609525,2.196812103691101,27.484728421013727,192.86362154789708
28658035,-5.968292,-6.609525,2.196812103691101,27.484728421013727,192.86362154789708
28658043,-0.401826,1.743704,-7.384632896308899,417.5678236460312,206.52210640212837
28652558,-1.533625,-3.566801,0.8845411036911011,93.74270566599836,278.9259646263112
28658047,-5.684734,-6.20861,0.793191103691101,75.0398855157112,194.30206537716336
28658047,-5.684734,-6.20861,0.793191103691101,75.0398855157112,194.30206537716336
28658048,-6.409994,-7.122978,-0.01503489630889887,93.77372685807028,192.0047453549373
28658048,-6.409994,-7.122978,-0.01503489630889887,93.77372685807028,192.0047453549373
28658049,-0.45094,2.208613,0.10801010369110098,419.311933238918,185.1353301738857
28658050,-3.280166,-2.812678,2.185656103691101,7.666995296244181,204.03317990116844
28658050,-3.280166,-2.812678,2.185656103691101,7.666995296244181,204.03317990116844
28658051,-4.231167,-4.368927,1.947980103691101,31.577053274093373,202.373426068193
28658051,-4.231167,-4.368927,1.947980103691101,31.577053274093373,202.373426068193
28658052,-3.173356,-2.655608,2.071189103691101,14.605631228465342,204.6467070150177
28658054,-3.24087,-2.935151,2.295801103691101,0.9813336068864088,208.8061539452999
28658054,-3.24087,-2.935151,2.295801103691101,0.9813336068864088,208.8061539452999
28658056,-0.444751,2.217962,0.36322910369110106,418.94403978993466,181.8479371350276
28652562,-1.334368,-3.279279,0.757235103691101,102.39782352753998,282.8344662472011
28658059,-0.912814,0.943896,-5.651810896308899,368.9363966823591,206.10152465117068
28652565,-1.333766,-3.769928,0.699434103691101,102.6375321625634,286.2266915813463
28654606,-1.7579,-0.676602,0.09061910369110104,161.16902751334598,216.58359104675569
28652595,-0.535757,-1.715353,1.313296103691101,81.47780667070487,322.57781877520495
28652596,-1.648315,-11.056035,2.864637103691101,26.59219497067849,325.45164185603073
28658072,-0.495671,2.234427,1.110039103691101,377.4799141954389,115.84182652814287
28620281,-3.295994,-3.019291,0.05337710369110105,120.95322537933228,206.1891656585489
28620281,-3.295994,-3.019291,0.05337710369110105,120.95322537933228,206.1891656585489
28658075,-3.957544,-4.596662,1.5731351036911012,50.796167106832144,214.03983319126624
28658075,-3.957544,-4.596662,1.5731351036911012,50.796167106832144,214.03983319126624
28658078,-3.99352,-4.119431,0.031285103691101046,111.39072398313569,204.2811639117969
28658079,-0.477385,2.252352,1.1332661036911011,396.7304701854156,109.81204625020024
28654626,-2.574577,-3.385743,-0.18416089630889898,132.07004014409142,233.3631518650536
28654626,-2.574577,-3.385743,-0.18416089630889898,132.07004014409142,233.3631518650536
28654627,-2.066723,-2.111207,0.10500010369110102,136.2098258302218,233.0392358632844
28654628,-1.574713,-1.053543,0.10145310369110105,156.185383426206,234.5730810466541
28620300,-3.36518,-3.377382,0.050383103691101105,118.31359858753844,210.09067718910697
28658083,-4.609718,-6.579531,2.4532981036911012,19.138026707540234,225.1360868955263
28658084,-4.559592,-5.970444,1.477171103691101,55.30888597009573,216.9046649264887
28658084,-4.559592,-5.970444,1.477171103691101,55.30888597009573,216.9046649264887
28651686,-0.374241,1.93693,-0.0008538963088988716,372.3479065362976,221.11653149254428
28651686,-0.374241,1.93693,-0.0008538963088988716,372.3479065362976,221.11653149254428
28654641,-3.246818,-5.79263,1.423319103691101,60.912582208151264,248.8069363801713
28654643,-2.687552,-4.578739,1.206731103691101,71.42797887865541,251.35783304807035
28658090,-4.318978,-5.127518,0.46796310369110106,91.7683554413677,210.59727651203212
28658090,-4.318978,-5.127518,0.46796310369110106,91.7683554413677,210.59727651203212
28627715,-2.41649,-2.566409,0.08193210369110115,129.77378739317138,227.512463055276
28658091,-2.530293,-2.289345,2.1375771036911013,6.279282465099982,226.17500559893443
28658092,-4.209459,-5.041041,0.6368351036911011,86.68189289138726,212.32520339215696
28658092,-4.209459,-5.041041,0.6368351036911011,86.68189289138726,212.32520339215696
28658093,-4.505872,-5.492538,0.21324910369110106,98.13557238783932,210.6326756134686
28658093,-4.505872,-5.492538,0.21324910369110106,98.13557238783932,210.6326756134686
28658095,-0.472064,2.245212,1.114930103691101,394.7794193321461,120.8807982100778
28658096,-4.346661,-5.854178,1.493857103691101,55.10620180981616,220.7672195547438
28658096,-4.346661,-5.854178,1.493857103691101,55.10620180981616,220.7672195547438
28637090,-2.277136,-2.494683,0.08887310369110102,131.2648663628049,231.3777937427008
28658114,-3.953386,-5.538546,1.467173103691101,56.81944447700752,226.97606410739968
28658114,-3.953386,-5.538546,1.467173103691101,56.81944447700752,226.97606410739968
28598000,-0.96067,1.817594,-0.011292896308898959,312.1292394013521,158.95195870579423
28658116,-4.162608,-5.84672,0.9346621036911011,75.6113995932989,224.0327917684069
28658116,-4.162608,-5.84672,0.9346621036911011,75.6113995932989,224.0327917684069
28658123,-4.533807,-7.078066,-0.0898758963088988,102.08272633679164,226.4552558934161
28658123,-4.533807,-7.078066,-0.0898758963088988,102.08272633679164,226.4552558934161
28658124,-3.33205,-4.878177,1.379764103691101,61.656949172075485,235.9358829386569
28658124,-3.33205,-4.878177,1.379764103691101,61.656949172075485,235.9358829386569
28658125,-4.252233,-7.216942,0.47073510369110105,87.83713332049453,234.73562441554736
28658125,-4.252233,-7.216942,0.47073510369110105,87.83713332049453,234.73562441554736
28658127,-4.357472,-7.471612,0.126871103691101,96.17746834801233,233.91315816889903
28658127,-4.357472,-7.471612,0.126871103691101,96.17746834801233,233.91315816889903
28658131,-2.515682,-2.877454,0.3741841036911011,114.1120737061338,230.14191533121613
28658131,-2.515682,-2.877454,0.3741841036911011,114.1120737061338,230.14191533121613
28658139,-2.136797,-2.590028,1.5030831036911012,57.142590529550574,247.12910032768423
28658142,-2.278332,-3.79578,2.312220103691101,10.277348204158102,265.9497454598468
28658142,-2.278332,-3.79578,2.312220103691101,10.277348204158102,265.9497454598468
28658147,-1.182763,0.298452,0.6269201036911011,157.62093272850603,225.03051724858187
28658148,-2.196999,-2.856904,0.30947410369110107,119.39034465113885,240.90741895715013
28658148,-2.196999,-2.856904,0.30947410369110107,119.39034465113885,240.90741895715013
28658149,-2.358369,-4.714975,2.310814103691101,17.933968478503516,272.8434332632129
28658149,-2.358369,-4.714975,2.310814103691101,17.933968478503516,272.8434332632129
28658150,-1.917081,-2.513976,0.662983103691101,107.23867170804004,248.9811699458796
28658150,-1.917081,-2.513976,0.662983103691101,107.23867170804004,248.9811699458796
28620407,-4.428155,-6.865514,0.6296891036911011,83.25936084963828,228.14361927055904
28651709,-2.64955,-0.851723,1.9707181036911012,0.0540197400821398,170.06955862244197
28613410,-3.480713,-3.473868,0.03796010369110103,117.47403996492652,208.2732292605298
28596040,-1.006455,1.80644,-0.012826896308898883,308.13299641376113,155.17682114141724
28620425,-2.248236,-2.510435,0.07201810369110118,132.0752256208748,232.60551525221885
28658174,-0.260585,1.420647,-0.03667989630889901,310.2743650497496,261.2619017900944
28640091,-3.48332,-3.385246,1.1591261036911011,70.60206963311603,207.743478448862
28658185,-0.519409,1.932209,1.498875103691101,41.13812048566166,206.7395149354411
28658185,-0.519409,1.932209,1.498875103691101,41.13812048566166,206.7395149354411
28631292,-4.016761,-4.158612,1.288800103691101,62.62570847022778,204.8729493971633
28651735,-2.255078,-2.142493,0.12710710369110112,133.17978936914287,226.38234520894264
28653696,-5.392265,-3.034884,1.769542103691101,31.54736882982948,136.70766527021777
28653696,-5.392265,-3.034884,1.769542103691101,31.54736882982948,136.70766527021777
28655748,-4.645266,-1.548444,1.7110211036911012,27.816722576513968,109.5141964074943
28653700,-3.145043,-0.005549,0.7546031036911011,109.99985939568823,115.3578937792345
28645827,-3.780864,-4.366315,1.284414103691101,63.81056428021603,215.20427606721364
28645827,-3.780864,-4.366315,1.284414103691101,63.81056428021603,215.20427606721364
28655760,-4.508993,-1.522674,0.929095103691101,79.17675910685665,124.3713125280465
28648421,-0.368803,1.904211,-0.02093989630889892,367.8796423615069,223.87517057989248
28648421,-0.368803,1.904211,-0.02093989630889892,367.8796423615069,223.87517057989248
28648426,-0.370609,1.884105,-0.007959896308898928,363.8248952740928,225.122856471347
28648426,-0.370609,1.884105,-0.007959896308898928,363.8248952740928,225.122856471347
28651777,-0.457839,0.816956,0.05614310369110109,245.31848755696225,262.0967098883264
28648560,-1.755411,-3.798916,0.7495771036911011,97.70736713631878,271.4168646601289
28651811,-2.023639,-3.91712,0.6928411036911011,98.13649318279543,262.6572382880036
28651824,-1.701684,-3.831807,0.8321691036911011,94.209309101486,274.4643577043081
28651825,-0.957304,-2.304867,0.131203103691101,143.49431929688444,282.0874927618649
28613672,-2.731731,-6.448772,0.16477110369110104,104.01853729088752,261.1130837479511
28653786,-3.265495,-4.111892,2.435898103691101,4.211757295608322,231.6534605741925
28653786,-3.265495,-4.111892,2.435898103691101,4.211757295608322,231.6534605741925
28655862,-2.464135,-2.502979,2.142104103691101,8.678172479799315,234.428551299545
28657194,-8.375745,-3.534709,1.699765103691101,30.948153455939376,77.18493887561388
28653795,-2.172635,-0.093096,0.09025710369110107,167.10837375152823,176.9806088553378
28655876,-2.655891,-2.945179,-0.018301896308899,128.7944366365553,225.05120073406772
28653802,-2.904234,-2.197038,1.025863103691101,82.12107322591697,204.1016426443316
28657209,-6.228029,-2.120544,0.2212001036911011,101.07372333692868,102.45620078427956
28657211,-4.62495,-0.852774,0.20989510369110098,120.50854113299948,104.72855657251004
28655885,-3.208368,-6.136041,0.8164171036911011,82.64374448409774,250.1482043092863
28657212,-5.690186,-1.623594,-0.24689989630889886,125.97601361046898,106.43732961730892
28655890,-2.504639,-3.670328,0.29841910369110103,112.53016694065776,241.37738782455108
28655890,-2.504639,-3.670328,0.29841910369110103,112.53016694065776,241.37738782455108
28657218,-3.236176,0.268713,-0.07996489630889903,168.04958234430447,112.41463212796523
28655893,-1.790925,-1.308616,-0.070720896308899,157.83957599674295,228.79781901092025
28655893,-1.790925,-1.308616,-0.070720896308899,157.83957599674295,228.79781901092025
28650676,-3.038588,0.102626,0.2710951036911011,146.79064299382142,123.59002639640126
28657227,-6.131834,-3.82093,1.656045103691101,38.89229883562104,138.17998349757335
28650681,-3.00106,0.152519,0.08828410369110107,159.52776808241154,125.8482512963055
28657231,-3.484499,-1.276734,1.614935103691101,37.36117897104788,147.6762449568177
28657246,-6.919982,-6.811451,1.866476103691101,38.29058940750076,176.1287287139036
28655907,-1.919199,0.727575,0.9611371036911011,119.6058992640653,140.2148316659164
28655915,-2.74255,-0.574017,0.6225881036911011,118.02206174625924,163.5095116266527
28653920,-3.595558,-3.019843,1.0105681036911012,77.58814955886962,196.79368321773805
28653922,-2.954012,-2.541324,0.0961651036911011,125.19157175443976,208.5832552031546
28655924,-2.589712,-0.692592,-0.2552748963088989,167.11588514219412,179.11452375245187
28655924,-2.589712,-0.692592,-0.2552748963088989,167.11588514219412,179.11452375245187
28657272,-3.529619,-3.067391,2.218849103691101,7.68401706810053,199.9374789072706
28657272,-3.529619,-3.067391,2.218849103691101,7.68401706810053,199.9374789072706
28653950,-1.886464,-1.420893,1.9198471036911011,16.504578432278862,239.91928494783411
28655940,-5.413526,-5.746839,1.4583571036911012,53.450601464351,193.47560314600824
28653952,-2.605707,-5.526347,-0.033334896308898854,114.0533350915496,255.91493314236212
28653952,-2.605707,-5.526347,-0.033334896308898854,114.0533350915496,255.91493314236212
28618726,-0.985754,1.808465,-0.014192896308898861,309.6967039283885,157.1758588285824
28620998,0.489585,-5.020402,0.37693910369110106,120.4246705496802,353.1530284228469
28655952,-4.139482,-4.700218,0.3128421036911011,98.90868923911134,209.09772023605797
28618732,-1.005738,1.808333,-0.012807896308898892,308.3913269139324,155.08305208091122
28653980,-0.663434,-3.225765,0.06999210369110109,138.5685789513824,300.61346255182593
28655969,-4.050457,-4.703906,1.177181103691101,67.43537624187991,212.4373582570053
28657302,-2.927932,-2.577146,2.121461103691101,10.42951869893392,213.7587216015724
28657302,-2.927932,-2.577146,2.121461103691101,10.42951869893392,213.7587216015724
28655972,-2.611109,-1.607313,2.095634103691101,0.0747474276488731,202.33013074587043
28657310,-3.908168,-4.841551,2.541131103691101,4.178454080289981,221.47395587591697
28657311,-3.969225,-4.935437,2.403563103691101,12.20665611531905,220.64435009777424
28657318,-4.403512,-4.853387,0.32621510369110107,96.81669376027908,204.73335259640567
28606849,-4.281134,-4.261083,-0.010169896308898974,110.62657191787628,199.1131454678559
28606849,-4.281134,-4.261083,-0.010169896308898974,110.62657191787628,199.1131454678559
28657326,-3.572063,-4.429213,2.336446103691101,12.52288549996004,225.4633465347807
28657326,-3.572063,-4.429213,2.336446103691101,12.52288549996004,225.4633465347807
28655999,-2.971536,-3.119761,2.258441103691101,6.136930924883444,224.41376951236228
28656004,-3.493085,-4.737386,1.975732103691101,33.56399037186418,231.4437180981893
28656004,-3.493085,-4.737386,1.975732103691101,33.56399037186418,231.4437180981893
28657331,-2.878962,-3.058416,2.1490781036911013,13.457217062097442,226.7082758328933
28657337,-3.175763,-3.766681,1.931886103691101,31.857217680938845,227.097356990944
28656007,-1.805141,-1.942668,-0.1283188963088988,151.08680322890277,239.3312530600795
28653073,-2.291058,-1.622389,2.0442491036911012,5.869493850473958,221.25293790484616
28649325,-3.040818,-2.389666,1.041571103691101,79.99637209117296,203.1355436141885
28653075,-2.80913,-1.849664,1.445238103691101,56.02535128172437,199.4914233561321
28656010,-2.123211,-2.856353,0.13407610369110112,127.41911992400313,242.56913860062832
28656011,-1.759453,-2.039525,-0.1265228963088989,150.21137996540335,242.695393592894
28656012,-2.029286,-2.606886,0.2680051036911011,124.48832368846084,243.24001628820884
28657346,-2.814189,-3.676662,1.853947103691101,36.87629903423223,238.82122251040025
28656017,-2.001518,-2.769896,-0.07407589630889899,137.6561166734465,244.5076508573748
28657350,-3.13916,-4.436171,1.5565061036911012,53.82588560614264,236.9235117549173
28656023,-1.665868,-2.177596,-0.10336789630889887,148.40385422831508,248.6181081512947
28656024,-1.37429,-1.212453,0.16462910369110118,152.74701464132232,248.0755356620235
28656025,-1.702186,-1.859375,0.7274741036911011,110.10252334162088,248.49646735052968
28656026,-1.349603,-1.288631,0.16385710369110118,151.8536842434467,250.6544256294458
28657353,-3.552253,-5.214612,0.7633041036911011,84.58023632747302,231.6408106712564
28657356,-3.736684,-5.997848,0.8155711036911011,80.94098439965103,235.71314698120943
28656031,-1.31172,-1.383503,0.16142810369110117,150.93637382928472,254.1085600139293
28656034,-2.471005,-3.978283,1.5640771036911012,54.93933547835039,254.04346435346864
28656035,-1.551036,-2.415353,-0.10014289630889883,146.4933543211644,256.3706817813318
28657367,-2.380762,-3.137998,1.623503103691101,49.89492746418318,246.28205750216452
28656036,-1.247849,-1.448955,0.175236103691101,149.97785400635377,258.4270146895516
28657373,-2.881119,-4.758762,1.2802451036911011,67.47441953239007,247.72435252577776
28657373,-2.881119,-4.758762,1.2802451036911011,67.47441953239007,247.72435252577776
28657375,-3.051153,-6.480713,2.541052103691101,16.758147192681037,267.5318568536777
28638179,-1.040522,1.550457,-0.013338896308898951,280.45664204540685,172.13095781278622
28658189,-5.471957,-3.123642,1.9261781036911012,23.181899005861027,135.5622997313513
28658191,-3.241618,-1.287985,0.5905991036911011,108.71972092709078,166.7251839898951
28658192,-4.153533,-1.976484,1.627423103691101,38.10179901620481,146.10652661826873
28658205,-5.884055,-6.479066,0.04565010369110101,95.27575611601762,194.0897655165092
28658209,-7.090843,-8.263307,0.8381291036911012,69.44658362052499,192.4005938035872
28658210,-6.022466,-6.19216,1.8585131036911011,38.478692783481534,185.8771593613544
28658211,-6.727443,-7.592504,1.255663103691101,58.83972339634892,190.9359569597808
28658214,-6.333921,-7.109455,1.478844103691101,52.54419343216105,192.3583266623587
28658217,-5.380298,-5.406549,2.069618103691101,28.493308709184475,188.3727241761377
28658221,-4.533597,-5.014489,0.6342071036911011,85.5280509704939,203.95659758059375
28658223,-3.973757,-4.400822,0.167295103691101,105.68025003965587,208.97246412655755
28658225,-4.278745,-4.90836,0.616371103691101,87.36933408866011,208.7591269224
28658227,-4.441991,-4.734471,1.583769103691101,49.22381490359703,202.3917519376413
28658228,-4.305806,-5.278646,0.020181103691101043,105.50736750689926,212.36111351381285
28658229,-5.102242,-6.023549,1.437638103691101,55.37968813498768,204.6055743341664
28658230,-4.021975,-4.478789,0.8439861036911012,80.8298761700118,209.47623876237785
28658231,-3.957586,-4.499507,0.5668411036911011,91.4362635091349,211.21170232497963
28658233,-3.943358,-4.453043,1.0844721036911011,71.62896922281979,211.53895067878247
28658234,-0.531065,2.126445,0.3855311036911011,380.14720260638927,177.33453964753826
28658235,-4.048127,-4.450706,1.609666103691101,48.53294873438813,209.07705553302023
28658237,-3.4479,-3.069588,2.0914831036911012,16.509678606716108,203.21846305414616
28658239,-4.801254,-6.074556,1.448734103691101,55.83308746926551,212.356223554511
28658240,-2.780048,-1.906826,2.140753103691101,0.3039178520744485,202.7223305249719
28658241,-2.838809,1.329939,-14.5586098963089,393.3177636339936,173.2394755360486
28658242,-3.546793,-3.820406,1.593813103691101,49.24866273129234,214.1163436785194
28658243,-0.378713,2.201719,1.2149561036911012,383.49030241694527,191.6538789841457
28658244,-2.912488,-3.400847,0.2454341036911012,113.5834538001498,224.5611340642877
28658246,-3.792588,-5.549809,-0.3411918963088989,117.2250542748254,226.51976632628816
28658249,-0.424338,2.153626,0.8550151036911011,378.6270131200981,190.93569264202588
28658251,-5.237165,-8.6298,-0.0993998963088989,96.43247640153685,226.7920039935126
28658256,-4.732392,-7.324513,0.5598971036911011,83.6897476156287,226.09292468056196
28658261,-7.289091,-6.86132,-52.2471948963089,365.3514531761271,194.54249244235476
28658262,-4.246861,-6.067988,1.363079103691101,60.41133412257497,225.53175256540592
28658265,-0.470784,2.188011,0.1690581036911012,410.5161014959522,183.48622842257495
28658271,-2.803756,-2.780853,2.206568103691101,6.369277220853348,224.4816783400665
28658272,-4.275212,-6.860008,1.338519103691101,61.73779072095354,233.3133200987825
28658278,-2.642694,-2.501754,-23.982749896308896,366.1137572989512,204.45477151234687
28658284,-0.385894,2.199012,0.8227911036911011,411.0443285615704,194.4506385355645
28658285,-3.560235,-5.230688,1.836493103691101,41.80650439447004,235.40883587198573
28658287,-1.546775,-0.722136,-14.4885408963089,368.2990535664968,207.431844993588
28658289,-0.402,2.182448,0.4073721036911011,413.428126845835,195.28818051375208
28658293,-2.328233,-2.565111,1.847796103691101,32.39680559757892,240.32735284832032
28658296,-0.387539,2.179731,0.4748641036911011,413.2949245791379,198.6722137575505
28658789,-3.314308,0.144707,1.1182891036911011,78.19418391248462,88.44144834732913
28658804,-4.619202,-0.648364,-0.8266628963088991,168.25656102141932,111.5640314436375
28658810,-5.411424,-1.338885,-1.456690896308899,172.53486321559888,117.86015100793595
28658849,-7.824152,-8.532315,2.080329103691101,34.740080223040536,181.81745140726417
28658851,-0.606352,2.080292,-0.3408798963088988,387.3754407921174,180.4539164927612
28658853,-0.497541,2.178685,-0.2468398963088989,412.53354942485055,184.56987122992456
28658855,-0.542949,2.104718,-0.6890018963088989,402.77540186920487,187.9708728957233
28658862,-4.201638,-4.033383,2.2505421036911013,13.446760250467833,196.86827685451533
28658871,-4.889808,-4.907952,0.8120391036911011,78.09870597847046,193.6921860368145
28658872,-5.765973,-6.351578,0.5189231036911011,82.81153830847316,194.6091000260405
28658873,-0.392178,2.162887,-0.31094789630889896,420.2972370260419,200.02326567021024
28658877,-0.424153,2.189855,0.30747310369110104,414.47819354958375,190.4017309425339
28658884,-4.125704,-4.424417,1.8266611036911011,38.02218070129479,206.5026067082322
28658886,-0.421093,2.199536,0.5177261036911011,413.451263188638,187.6484698015375
28658889,-0.622685,1.628681,-1.7169388963088987,366.0648844208639,205.72716630159644
28658891,-4.558096,-5.309953,1.469084103691101,54.6922895002788,208.04302548715916
28658906,-0.586064,0.95985,-4.4233088963089,365.0083973275357,217.9639923088812
28658908,-4.222397,-5.261599,1.4047431036911011,58.14398399976531,216.07069356731407
28658911,-4.119988,-4.870813,0.7723841036911011,82.53008739214084,212.446071176536
28658919,-0.22694,1.880845,-1.326417896308899,402.3426736637063,226.65210198967776
28658939,-3.808338,-6.101366,0.794265103691101,81.25846822880172,234.9722618867695
28658943,-3.054432,-4.260546,0.1966761036911011,110.0673315824145,231.87812227608333
28658947,-2.344326,-2.742848,0.702531103691101,100.88967237645734,235.7836303099529
28658948,-2.508204,-3.095027,0.31713010369110106,115.19895001916022,233.4853708346499
28658951,-2.599745,-4.67992,2.591189103691101,0.7836786176597741,265.9108634719315
28658969,-1.736489,-2.589071,0.41320710369110103,120.35782637964502,255.4614017825403
28657386,-2.019697,-2.591326,0.25407410369110117,125.3189689808401,243.28976457356828
28646558,-1.327401,1.117136,-0.019549896308898917,238.01321317633952,175.23241325465614
28643643,-0.529228,1.892956,-0.008618896308898893,352.3574656912606,203.20823543815308
28657391,-0.355579,1.708661,-0.011880896308898992,338.40041259181123,237.4561600082108
28657391,-0.355579,1.708661,-0.011880896308898992,338.40041259181123,237.4561600082108
28656059,-0.392321,0.743729,0.04384810369110115,243.9040308183694,269.7970570534896
28650818,-4.869687,-0.658931,0.23211210369110113,118.91616408164852,88.33787507497712
28657393,-2.333909,-4.753924,0.09748410369110116,115.00238894175604,257.13272494547
28657393,-2.333909,-4.753924,0.09748410369110116,115.00238894175604,257.13272494547
28646576,-3.64274,-1.65638,0.38266110369110107,113.67857804158407,163.79692527623797
28646576,-3.64274,-1.65638,0.38266110369110107,113.67857804158407,163.79692527623797
28657394,-2.174118,-4.506452,0.28023110369110105,110.77453113747562,260.6499961419221
28632050,-0.15221,-7.674765,0.21685010369110103,109.2361388224664,330.9252156793185
28646587,-0.339746,2.144379,-0.006596896308898925,418.3330786825859,210.00387354249065
28646590,-3.667251,-2.028012,0.3462971036911011,112.6451626179556,173.07580326602408
28646590,-3.667251,-2.028012,0.3462971036911011,112.6451626179556,173.07580326602408
28649416,0.477988,1.808553,0.009991103691101122,432.5624246030686,370.90738544402535
28656067,-1.642805,-7.548152,0.5414401036911011,94.31399849275428,296.1509308750413
28638219,-0.248283,1.683557,-0.012149896308898844,342.6107459157712,252.7506111730691
28638219,-0.248283,1.683557,-0.012149896308898844,342.6107459157712,252.7506111730691
28646595,-3.448798,-1.818847,0.4282831036911011,111.80304902363328,174.95716175933632
28646595,-3.448798,-1.818847,0.4282831036911011,111.80304902363328,174.95716175933632
28643680,-0.282285,1.700272,-0.003035896308899,342.08344511871354,247.66018105175647
28622869,-6.745564,-0.135327,0.08805310369110098,114.62839988677857,11.919550230834886
28643682,-3.722984,-4.827281,1.221770103691101,66.82016148469083,223.4248742772853
28643682,-3.722984,-4.827281,1.221770103691101,66.82016148469083,223.4248742772853
28657402,-1.857983,-4.114954,0.7154521036911011,97.35662461714335,270.4638670441073
28657402,-1.857983,-4.114954,0.7154521036911011,97.35662461714335,270.4638670441073
28643684,-0.188463,1.879469,-3.889630889886142e-05,378.6660099190599,251.9351937254579
28643684,-0.188463,1.879469,-3.889630889886142e-05,378.6660099190599,251.9351937254579
28638226,0.025678,1.717551,0.0010091036911010764,368.9086068619451,291.0915442559907
28638226,0.025678,1.717551,0.0010091036911010764,368.9086068619451,291.0915442559907
28646605,-0.261917,2.099699,-0.0056918963088989916,416.7261409766395,226.2524676949583
28646605,-0.261917,2.099699,-0.0056918963088989916,416.7261409766395,226.2524676949583
28657406,-1.371552,-1.807719,0.11510110369110116,146.36102231043913,257.4479913912517
28657406,-1.371552,-1.807719,0.11510110369110116,146.36102231043913,257.4479913912517
28657409,-1.329486,-1.855691,0.12357510369110103,145.76127614417578,260.1057619248935
28657409,-1.329486,-1.855691,0.12357510369110103,145.76127614417578,260.1057619248935
28646616,-3.868958,-2.874732,0.40276810369110105,104.04041468031411,185.76924514340104
28646616,-3.868958,-2.874732,0.40276810369110105,104.04041468031411,185.76924514340104
28646619,-3.44896,-2.371499,0.40423010369110113,109.38589905538842,188.42978662164225
28632088,0.084518,1.462767,-0.008179896308898815,335.49231194661434,304.979741402599
28656077,-1.694606,-11.195251,2.248563103691101,45.08496273877984,319.11921224280127
28656078,-0.680606,-1.949306,1.4263051036911012,70.83730138620632,317.15072379675064
28656080,-0.621705,-2.136677,1.3130201036911011,79.63214302366674,318.99243285359114
28638235,0.345727,1.524894,0.003963103691100978,363.48263478802426,343.8789822853237
28646635,-0.141691,2.135175,-0.002871896308898947,439.72471173907286,244.21726632587388
28646635,-0.141691,2.135175,-0.002871896308898947,439.72471173907286,244.21726632587388
28646637,-3.946881,-3.187574,0.7999301036911011,85.32263838898402,189.14612298885552
28638239,0.536086,1.574088,-0.009060896308898947,388.8928877330494,375.2781977874823
28646640,-3.333887,-2.906012,0.029409103691101057,122.40392559210063,203.01648746486777
28646640,-3.333887,-2.906012,0.029409103691101057,122.40392559210063,203.01648746486777
28632105,1.213223,0.319264,-0.01983389630889887,280.4884699926065,434.7120195509575
28646648,-0.289027,1.784991,-0.002007896308898971,354.2006679405144,242.42138417316264
28646648,-0.289027,1.784991,-0.002007896308898971,354.2006679405144,242.42138417316264
28657416,-1.232808,-1.796842,0.18758510369110115,144.4850483263163,264.36823423471463
28643727,0.00866,1.786425,-0.012686896308898854,379.988134355551,285.7218635483522
28643727,0.00866,1.786425,-0.012686896308898854,379.988134355551,285.7218635483522
28635335,-0.939187,1.777135,-0.010824896308898824,308.7185070341268,164.68629614136125
28635335,-0.939187,1.777135,-0.010824896308898824,308.7185070341268,164.68629614136125
28657421,-3.703722,-1.665456,1.6374461036911012,37.22837540760205,152.9965462701358
28657421,-3.703722,-1.665456,1.6374461036911012,37.22837540760205,152.9965462701358
28643747,0.15852,1.820485,0.0017521036911010146,400.471707051236,310.29264355669784
28605530,-1.080365,1.975204,-0.015807896308899005,324.1637075924956,131.0902932979164
28657430,-2.855502,-1.371787,1.6753421036911011,35.5846207442068,181.68387576103729
28656092,-0.128874,-6.697642,1.046227103691101,85.79048705998594,341.6362999046147
28625408,-1.38097,2.31154,-0.015879896308898855,350.5711070000637,54.897252105040906
28646695,-2.794303,-2.022928,1.600571103691101,45.54892848877307,204.947204194569
28646695,-2.794303,-2.022928,1.600571103691101,45.54892848877307,204.947204194569
28635366,-0.879991,-1.957416,0.165349103691101,147.26680545665494,282.5925203731256
28643770,0.421097,1.72027,-0.006450896308898946,406.5417479795566,356.9744305670692
28646709,0.006234,1.840836,-0.0059718963088988275,389.7559650401886,283.8413886616017
28646709,0.006234,1.840836,-0.0059718963088988275,389.7559650401886,283.8413886616017
28657438,-3.319888,-3.160764,0.2139611036911011,113.63305149675084,208.0314454236629
28657438,-3.319888,-3.160764,0.2139611036911011,113.63305149675084,208.0314454236629
28646712,0.082283,1.953615,-0.007643896308898945,421.64122822115087,292.9496400778555
28646712,0.082283,1.953615,-0.007643896308898945,421.64122822115087,292.9496400778555
28605548,-1.09867,1.949258,-0.016510896308898904,319.66386926446927,131.93545043237052
28657443,-3.423572,-3.542755,1.013379103691101,77.62690097590254,212.33851407563787
28657443,-3.423572,-3.542755,1.013379103691101,77.62690097590254,212.33851407563787
28657447,-4.447602,-5.847947,0.34256810369110113,93.53199118345428,216.3428114677712
28657447,-4.447602,-5.847947,0.34256810369110113,93.53199118345428,216.3428114677712
28646728,-3.107994,-5.063001,0.5040911036911011,95.9587027295606,240.84477025395543
28646728,-3.107994,-5.063001,0.5040911036911011,95.9587027295606,240.84477025395543
28646732,-3.279456,-5.354867,0.7600061036911011,85.55329897375398,240.41860340621835
28646732,-3.279456,-5.354867,0.7600061036911011,85.55329897375398,240.41860340621835
28646733,-3.070647,-5.341787,0.34848010369110105,100.51123410691696,244.0671900114572
28629082,-3.26252,-5.288974,0.08290310369110099,108.3154945590836,237.60820273588715
28629082,-3.26252,-5.288974,0.08290310369110099,108.3154945590836,237.60820273588715
28641047,-4.655464,0.586864,0.3905161036911011,124.87193038251816,22.04797797527908
28605589,-0.920085,1.879412,-0.01027189630889902,322.2437543149352,157.74020891169073
28635422,0.342791,1.565322,-0.0026528963088989777,370.1372022014944,342.9673562025404
28629126,-1.430789,-3.806474,0.5748811036911011,107.26535580366232,281.5542669722789
28629126,-1.430789,-3.806474,0.5748811036911011,107.26535580366232,281.5542669722789
28646794,0.893854,1.247221,0.06533910369110107,360.7474162879829,435.2767763048077
28646795,1.001267,1.218027,0.017800103691101077,366.5316501627548,447.0480120713843
28629175,-0.336342,1.576448,0.005090103691101078,321.4873236215612,246.77943904179148
28641136,-0.803464,1.952715,-0.006614896308898999,340.22787390678553,164.10284425414295
28641136,-0.803464,1.952715,-0.006614896308898999,340.22787390678553,164.10284425414295
28655026,-5.151493,-0.349216,-0.018649896308899017,131.93846537384724,70.446198363261
28655029,-4.336114,-0.60652,1.402287103691101,47.01451008976068,80.59026084620888
28653175,-5.505097,-3.165801,1.263503103691101,57.36268252318257,141.06637904075504
28641159,-0.621787,1.728301,-0.006602896308898876,322.5454746153786,203.6135565837583
28641159,-0.621787,1.728301,-0.006602896308898876,322.5454746153786,203.6135565837583
28641163,-3.20067,-5.239199,0.00485010369110106,111.24271967889902,238.3639637176941
28641163,-3.20067,-5.239199,0.00485010369110106,111.24271967889902,238.3639637176941
28655034,-4.203432,-0.909864,1.9123291036911012,5.03074992302146,91.46388911543212
28657494,-2.082948,-2.805725,0.895370103691101,92.6173829292579,248.24049076428068
28657494,-2.082948,-2.805725,0.895370103691101,92.6173829292579,248.24049076428068
28653179,-5.423533,-3.07787,1.7158881036911011,34.600408256657346,137.47175010963775
28616725,-3.626728,-3.219659,0.038675103691101054,118.06771235809418,199.82645826840843
28616725,-3.626728,-3.219659,0.038675103691101054,118.06771235809418,199.82645826840843
28641180,-0.325975,1.717069,0.00015310369110110855,341.13798219549454,241.09893601622005
28641180,-0.325975,1.717069,0.00015310369110110855,341.13798219549454,241.09893601622005
28655040,-3.725143,-0.254824,1.213578103691101,65.72435183195466,91.4854429844089
28655042,-4.886664,-0.69313,0.007279103691101074,129.5917453206676,93.09848534966888
28641197,-0.163296,1.576087,-0.013720896308898833,333.89058068802353,268.3478719685341
28641197,-0.163296,1.576087,-0.013720896308898833,333.89058068802353,268.3478719685341
28623105,-4.355559,-0.309109,-0.01659889630889899,140.42327819905063,94.82905901665472
28638456,-3.184833,-0.933596,1.743693103691101,24.08984785255032,145.58181879967924
28638456,-3.184833,-0.933596,1.743693103691101,24.08984785255032,145.58181879967924
28657503,-2.657361,-5.099319,0.5826301036911011,95.15556162746212,254.02186378110872
28657503,-2.657361,-5.099319,0.5826301036911011,95.15556162746212,254.02186378110872
28641245,0.352235,1.487426,-0.01232589630889902,358.73614821063506,343.6582323920408
28641252,0.41271,1.54309,0.003254103691101129,372.0743958691684,354.80129928317126
28657512,-1.864428,-2.025744,1.9548381036911011,20.510498722830874,255.31709904019064
28582988,-1.100202,1.868887,-0.00590489630889901,309.22814305488004,139.57454110443717
28604811,-1.031415,1.914047,0.03246210369110103,316.8304899990984,141.22576995656112
28655052,-3.611741,-0.519138,1.3038721036911012,59.16719741372489,110.10667463100395
28609557,-3.656987,0.076004,1.579976103691101,27.86463536714038,59.79569511249469
28650966,-3.3199,-2.034412,0.43016510369110106,111.23488303830614,185.0174915872133
28650966,-3.3199,-2.034412,0.43016510369110106,111.23488303830614,185.0174915872133
28625746,-7.034134,-0.353675,0.43868510369110103,93.44347610012612,6.007431795623688
28632446,-5.614592,-2.962021,0.12482210369110103,104.63667126193212,141.0133965291596
28655059,-2.678103,0.900014,-0.03319289630889899,192.6003433586539,102.5624192204457
28650980,-0.440481,1.63345,-0.0028818963088990124,322.26975086019473,231.02844643413704
28650980,-0.440481,1.63345,-0.0028818963088990124,322.26975086019473,231.02844643413704
28657519,-0.355498,1.711197,-0.0015618963088990245,338.2532317851011,237.5188245788912
28657521,-1.099333,-2.066523,0.19716310369110102,141.91259571937894,274.00895835548795
28650985,-4.150383,-3.559471,0.907103103691101,78.96917603766764,190.21704884963415
28650985,-4.150383,-3.559471,0.907103103691101,78.96917603766764,190.21704884963415
28657524,-0.408118,0.683084,0.07496210369110101,237.71808672513507,270.5592403583932
28657526,-0.385309,0.673264,0.02564910369110107,241.08937181098855,271.7164532191152
28655066,-4.034228,-0.977471,0.758031103691101,94.2885638123556,122.78795478914952
28651016,-0.313041,1.560238,-0.01930189630889889,322.2912256599022,249.84148251528563
28651017,-0.131764,1.898908,-0.012456896308898902,387.9873229460959,259.2520613767598
28657535,-1.647418,-5.554338,0.7620901036911011,92.0529725277502,288.27699381416494
28638546,-3.420809,-4.074778,1.1087691036911012,72.88898148033508,221.25091709464917
28644078,-5.135827,-0.424495,-0.014356896308898914,131.0773925763798,74.25407619969099
28644087,-4.987825,-0.666031,-0.015292896308898962,130.01604581396998,89.20634271523548
28625869,-4.41834,-4.369035,0.40866410369110107,95.35422278905855,197.23843186184436
28625870,-4.42796,-4.411352,0.27921510369110103,99.65642378574752,197.68424703858167
28625870,-4.42796,-4.411352,0.27921510369110103,99.65642378574752,197.68424703858167
28657551,-0.736947,-2.282679,0.9870401036911011,100.0136911951591,306.17892100359416
28625891,-2.791405,-1.874537,1.8424641036911011,25.891251362532216,201.06095991717203
28625891,-2.791405,-1.874537,1.8424641036911011,25.891251362532216,201.06095991717203
28657554,-0.551145,-3.312174,0.20241010369110102,133.16434959836184,307.4764245253418
28657556,-0.770188,-1.705918,1.5106841036911012,63.08830949081792,311.83209663611365
28657557,-0.571268,-2.146471,0.7421411036911011,117.41201261856811,309.4039420266605
28638593,0.317755,1.506211,-0.008865896308899002,358.8124016686896,338.55980087235747
28644137,-1.53208,1.687626,-0.020404896308898968,269.5288219094391,117.45007166974402
28657562,-0.740132,-2.3553,1.5059741036911012,64.361009417221,317.5171875706996
28651064,-0.428095,0.923529,0.01941410369110108,255.81207311056545,261.0564147902954
28651065,0.031179,1.870605,0.016385103691101133,397.5688080978577,288.06858665020934
28651065,0.031179,1.870605,0.016385103691101133,397.5688080978577,288.06858665020934
28651066,-2.377426,-3.252503,0.12788110369110117,122.72878231058324,239.2272319506368
28651066,-2.377426,-3.252503,0.12788110369110117,122.72878231058324,239.2272319506368
28657566,-0.635412,-6.608446,0.9190081036911011,88.37243706875492,324.3101937449439
28651069,0.136655,2.030782,-0.004676896308899003,447.4338515309757,300.9531850262878
28651069,0.136655,2.030782,-0.004676896308899003,447.4338515309757,300.9531850262878
28652195,-2.724336,0.853806,-0.06725989630889884,192.19141132747865,103.90185533653568
28653248,-0.315162,1.776036,-0.01068889630889891,351.15833240186987,239.16239027639637
28653248,-0.315162,1.776036,-0.01068889630889891,351.15833240186987,239.16239027639637
28649701,-4.477475,0.331189,0.4128041036911011,122.35340064316186,45.60018806996311
28653249,-2.637441,-1.996756,1.851761103691101,26.69165793057539,212.20409374313937
28644169,-4.638221,0.487858,0.3882751036911011,123.97942050319102,29.81816004924053
28649711,-4.744238,0.072448,0.32899410369110105,121.74861831956508,54.06358054317832
28653258,-3.40396,-5.687224,-0.07328189630889881,110.78246034836212,237.63711353233015
28616922,-2.133938,-1.687019,1.9665431036911012,14.703402830246716,231.9066772363059
28616922,-2.133938,-1.687019,1.9665431036911012,14.703402830246716,231.9066772363059
28653264,-3.324283,-5.190845,1.0199991036911011,76.08368568426786,238.44090728040865
28651097,-2.968825,-4.95715,1.2655591036911011,67.78301568875807,247.19951416508445
28651097,-2.968825,-4.95715,1.2655591036911011,67.78301568875807,247.19951416508445
28654319,-5.372685,0.023086,-0.02460289630889889,134.22238074399837,45.4306610145544
28647134,-6.376087,-0.72727,0.09296910369110112,113.05795767986857,49.95321892716004
28654326,-2.931977,1.282696,0.000559103691101015,198.29039105203069,59.80441903349882
28616959,-2.451293,-2.878862,1.9844011036911011,24.49796820495493,241.4007052838137
28616959,-2.451293,-2.878862,1.9844011036911011,24.49796820495493,241.4007052838137
28647148,-3.537287,0.067064,1.722650103691101,11.282165150703634,61.393271850477504
28654328,-4.324702,-0.493209,1.3540461036911011,50.55904765755247,75.6344823041014
28654329,-3.802235,-0.092097,1.298217103691101,57.29890696597332,74.91709992581582
28652232,-3.158408,-0.000378,0.21642910369110102,146.68188540478195,123.98604789837908
28657607,0.332009,1.524258,-0.026752896308898988,363.4648684889004,339.4989875927161
28652237,-4.555228,-1.875298,0.39505310369110114,105.03133682170896,139.8217681031219
28657616,6.105752,-30.591467,0.792586103691101,82.83737245769024,398.76959943689656
28652248,-2.553388,0.412888,-0.08206889630889891,183.23475040894076,137.36120174233957
28655134,-2.318372,0.069113,-0.03511489630889897,175.7620197587098,164.0064633206012
28647174,-5.195535,-0.699727,-0.07118589630889893,130.42886574075328,85.18908696585808
28644304,-0.465477,2.277199,-0.005199896308898833,436.1343413188636,176.31761429791516
28651126,-0.771189,-1.82768,0.756923103691101,117.60675480583828,296.3395657709752
28644314,-3.145074,-0.791826,1.733314103691101,23.66271552928555,140.7888471114423
28644314,-3.145074,-0.791826,1.733314103691101,23.66271552928555,140.7888471114423
28638722,-1.64894,2.472275,-0.032908896308898816,355.49007583430046,1.4616246342188504
28652259,-2.552477,0.223687,-0.129406896308899,180.91249490220136,146.78837350416725
28652263,-2.499448,0.2042,-0.10690889630889888,180.08224574040915,149.98349572098397
28644345,-3.98243,-3.85256,1.287269103691101,62.59664430476701,200.52348994369535
28644345,-3.98243,-3.85256,1.287269103691101,62.59664430476701,200.52348994369535
28644352,-0.320094,1.728789,-0.008204896308898979,343.6552804688011,241.09069580376465
28644352,-0.320094,1.728789,-0.008204896308898979,343.6552804688011,241.09069580376465
28655162,-2.047174,-1.77985,2.0317471036911012,9.852084848801384,239.9593531426889
28655162,-2.047174,-1.77985,2.0317471036911012,9.852084848801384,239.9593531426889
28655167,-2.001336,-0.776788,-0.06087089630889886,163.8650088997884,207.0749076726639
28623404,-3.476772,-1.921239,0.05796810369110106,127.9062197808768,177.85183803929866
28647217,-2.687279,0.929098,0.04724010369110099,188.1869343224688,98.06083014840549
28655169,-1.96788,-0.751567,0.04398510369110098,159.35276857670038,208.13112807559224
28653309,-0.78118,-1.797446,0.711345103691101,120.60749525841986,294.67347157216324
28654373,-5.550263,-3.22055,1.704231103691101,35.555038193447274,137.89246188144466
28654373,-5.550263,-3.22055,1.704231103691101,35.555038193447274,137.89246188144466
28647220,-2.756292,0.879274,-0.08178489630889896,193.23814579974885,100.99136551681518
28655175,-1.956519,-0.858927,-0.05527989630889896,162.67123174436972,211.26263387208152
28655178,-1.913141,-0.80834,0.06123510369110119,158.1499717587113,212.27152714818249
28655179,-3.578058,-6.584959,1.373343103691101,62.31580585984096,247.48321885537035
28655179,-3.578058,-6.584959,1.373343103691101,62.31580585984096,247.48321885537035
28655181,-3.368307,-5.528993,0.8622881036911011,81.3104694349505,240.32355534338103
28641690,-4.254683,-2.309585,-0.029279896308898934,122.5418941563116,163.10441462210815
28644389,-3.274921,-5.315146,0.4461961036911011,96.44525063038152,238.8929148103819
28644389,-3.274921,-5.315146,0.4461961036911011,96.44525063038152,238.8929148103819
28635964,-3.510563,-3.570982,0.25752110369110115,108.59957087164577,209.18120917900592
28641694,-3.598909,-1.652061,0.038897103691101,130.1838001238905,166.9643698265642
28641694,-3.598909,-1.652061,0.038897103691101,130.1838001238905,166.9643698265642
28644398,-2.254246,-4.219525,0.0301751036911011,120.76639893098174,253.87878947015471
28644398,-2.254246,-4.219525,0.0301751036911011,120.76639893098174,253.87878947015471
28641696,-4.129618,-2.420729,0.013070103691101176,120.94485511414064,169.18850894352084
28641696,-4.129618,-2.420729,0.013070103691101176,120.94485511414064,169.18850894352084
28644403,0.011605,1.746925,-0.0004808963088989149,372.8089777854317,287.9918001324081
28647235,-5.701679,-3.360436,1.432777103691101,49.099258354731006,139.50099148644497
28653326,-0.600514,-2.107449,1.056146103691101,97.83416054400354,314.14920480147015
28644422,0.119664,1.580385,-0.0023618963088989364,354.55583049608566,308.2184100206506
28641717,-3.223545,-2.515824,0.15123810369110102,121.07560565514196,199.1755994356286
28641717,-3.223545,-2.515824,0.15123810369110102,121.07560565514196,199.1755994356286
28647252,-2.572091,0.676906,0.051875103691101154,182.32428922508643,120.03641020810691
28647258,-4.663856,-1.821022,-0.04863889630889884,124.00725647185034,138.62683884206805
28644439,0.397268,1.773196,0.008116103691101051,415.2102933654253,354.3544202534855
28653332,-1.562443,-9.913671,3.0150171036911013,17.20309818539019,327.63730970944005
28644445,-0.733251,-2.071729,0.9213421036911011,105.5943095615801,303.59371545280817
28653336,-1.510138,-9.385218,3.266640103691101,5.025294149491515,331.30485837764087
28623452,-2.764878,-1.877965,1.775152103691101,31.47595716385095,202.45227141840704
28623452,-2.764878,-1.877965,1.775152103691101,31.47595716385095,202.45227141840704
28653338,-0.437793,-5.820048,1.160646103691101,81.65186732925005,332.8054512100579
28655226,-2.508298,-0.308653,-0.1335538963088989,169.63738804133865,169.74998749675368
28655228,-2.032937,0.065105,0.12210110369110105,171.3074948084441,178.17525279498545
28655228,-2.032937,0.065105,0.12210110369110105,171.3074948084441,178.17525279498545
28653342,0.31692,-5.541605,0.34434010369110113,117.36150772930831,345.9230249158538
28654398,-5.710752,-3.258371,0.1397551036911011,102.40155734851564,145.29966681192292
28623494,-2.544096,-2.509945,1.907584103691101,26.901490759637625,229.3015004486268
28654402,-5.503803,-3.17987,0.2997681036911011,97.86983376127634,147.69441521135104
28647303,-1.355363,2.364375,-0.005218896308898824,361.1384861615841,47.70959855174573
28649939,-2.704614,1.053171,-0.006813896308898837,195.6536409839821,90.01774533790712
28655251,-5.929045,-6.617741,1.606454103691101,48.51341993986003,194.1787229582543
28653351,1.543043,-13.684252,0.7723841036911011,87.93954408387367,369.7876699866216
28655261,-3.941913,-3.785373,0.9300071036911011,78.62711275684288,200.51969589053175
28655261,-3.941913,-3.785373,0.9300071036911011,78.62711275684288,200.51969589053175
28636076,0.468218,1.575509,-0.0009658963088989836,382.74569974698215,364.177133122986
28653359,0.866246,1.274316,-0.028351896308898894,366.4002900895936,420.9581740840163
28638935,0.27396,1.375537,0.006279103691101184,336.1337251782897,333.37762415143857
28649966,-7.127534,-1.749153,-0.138672896308899,111.6743597879286,74.1339878892627
28612436,-1.088769,1.966679,-0.015819896308898906,322.4961916651109,131.1124902946881
28656436,-3.431141,0.059956,1.710169103691101,13.290308936034307,68.54608601064803
28638942,0.571564,1.380524,-0.0016928963088989057,358.8812076471626,378.1274354630678
28638943,0.532112,1.57713,0.003490103691101032,388.7474895843353,375.84580724990656
28656439,-8.454684,-3.139935,0.0024291036911010533,94.81189914275804,85.00550592275033
28656440,-5.966936,-1.344122,0.11833510369110112,110.91204850597173,84.90636178477811
28656443,-3.849249,-0.231745,1.2292261036911012,63.43880834668519,83.85826552853678
28656444,-5.484465,-1.113924,0.23039610369110108,110.67034490779028,88.0004352376051
28626606,-1.416818,1.498108,-0.025350896308898863,260.0378717551934,143.03496661802038
28612460,-1.107393,1.926911,-0.015282896308898897,316.2542971062527,133.3088965216628
28656446,-4.347404,-0.620653,1.0840001036911011,71.47146968592028,88.37115872808084
28629875,-0.552653,1.367728,-0.028583896308898904,288.81864433061094,231.3355472060714
28629875,-0.552653,1.367728,-0.028583896308898904,288.81864433061094,231.3355472060714
28656449,-6.702205,-2.080822,-0.09225389630889902,110.71276526938064,93.58838496172233
28656453,-3.358452,-0.00163,1.381807103691101,51.88494138886514,88.65628385880092
28656456,-5.009272,-0.872664,-0.03346989630889885,128.66432650336128,97.01310086970506
28656457,-4.661725,-0.68256,0.154863103691101,124.50440490626568,97.49416217983118
28655343,-2.414136,-4.545526,0.03900910369110111,117.63361920667492,252.52354846776944
28655343,-2.414136,-4.545526,0.03900910369110111,117.63361920667492,252.52354846776944
28615102,-1.077495,1.976487,-0.01516889630889895,324.49002607210474,131.2358874215203
28656462,-6.085892,-1.755288,-0.41499489630889896,128.5319449143921,102.38617066141288
28615110,-1.090017,1.964455,-0.016787896308898986,322.18118887055914,131.24915802347218
28655356,-0.223765,1.626349,-0.020153896308898966,336.7836470345429,258.2764288746147
28647399,-4.324619,-0.383165,-0.0055878963088988876,139.247948619988,98.96077476288548
28656471,-4.527481,-0.701718,-0.17436589630889898,141.37487281154716,107.67643979621198
28647422,-0.9631,1.998542,0.006504103691101104,334.37006556200055,140.70970475581427
28647422,-0.9631,1.998542,0.006504103691101104,334.37006556200055,140.70970475581427
28655387,-1.311459,-19.897888,1.348865103691101,69.19851619961065,327.8541142960439
28656481,-3.733204,-0.852561,1.3429821036911012,56.02710462291861,120.94860889140412
28656482,-3.447543,-0.142757,0.28914610369110105,136.2676391082659,116.8835865626301
28655394,-0.131098,-7.739506,0.8120931036911011,91.47779703958795,338.5433654284948
28655396,-0.125544,-10.387655,1.101369103691101,79.40230526856706,342.1064736528819
28656484,-3.324297,-0.08663,0.4051981036911011,131.36414748652857,117.59715449280152
28656485,-3.757587,-0.72515,0.759046103691101,97.84380853437295,123.07753121076676
28655401,0.481546,-14.798618,0.546821103691101,88.58197428945365,347.66788463621003
28639098,-2.828826,1.146869,-0.058458896308899,199.51531152100063,78.1160977665046
28647440,-0.779669,2.098178,-0.008088896308898974,365.2988233191359,152.1881480830991
28647440,-0.779669,2.098178,-0.008088896308898974,365.2988233191359,152.1881480830991
28652418,-5.737546,-3.286952,1.210388103691101,59.151796575469234,138.2807050537388
28652420,-5.728356,-3.267799,1.5668171036911012,42.24952777693784,135.26815452961614
28647451,-0.929071,1.845502,0.00783810369110105,316.3827364134809,159.4942415797292
28644723,-5.322728,-0.042248,-0.02383589630889893,133.93224750406955,50.35102017508973
28623670,0.269108,-5.783315,-0.01883989630889893,127.80155285948062,338.8360010875248
28654458,-4.203785,-3.222179,0.31061310369110107,104.22256622018082,183.0941379328697
28654458,-4.203785,-3.222179,0.31061310369110107,104.22256622018082,183.0941379328697
28617337,-0.460846,-14.679425,4.112266103691101,4.753393598431217,362.8906736134833
28636320,-1.710593,2.099642,-0.020244896308898808,299.62887516525007,56.16958713368351
28651342,-1.071261,2.580831,-0.02099189630889886,439.395094062506,39.212434687384444
28647488,-4.184616,-1.907248,0.27871010369110105,112.76160750183176,153.26212133753285
28654463,-4.004744,-3.048209,-0.04269189630889891,119.75803350311467,185.99195509910015
28654463,-4.004744,-3.048209,-0.04269189630889891,119.75803350311467,185.99195509910015
28633258,-0.321022,1.591219,-0.008807896308898888,325.06293083207703,247.7016718113332
28633258,-0.321022,1.591219,-0.008807896308898888,325.06293083207703,247.7016718113332
28652450,-4.473668,-4.077245,1.093151103691101,69.32083649862128,190.40768131564465
28652450,-4.473668,-4.077245,1.093151103691101,69.32083649862128,190.40768131564465
28654464,-2.298945,-0.110316,-0.06743089630889898,173.623108941282,172.11804329753917
28633261,-0.297851,1.703939,-0.011958896308899014,341.89763390646897,245.216817946476
28633261,-0.297851,1.703939,-0.011958896308899014,341.89763390646897,245.216817946476
28626867,-3.587937,-3.401936,1.198183103691101,68.23696114179023,204.62549146005057
28651359,-3.457952,0.029338,1.714740103691101,13.163418200764111,69.43691666133836
28647539,-0.203322,2.159436,-0.009969896308898996,438.3255976745211,231.45467051184468
28644857,-5.403516,-0.254892,-0.06324889630889885,132.71736420537985,59.28766008634901
28650083,-0.334491,2.171158,-0.00945589630889887,425.3691406316081,208.45016081041348
28650083,-0.334491,2.171158,-0.00945589630889887,425.3691406316081,208.45016081041348
28651367,-2.156109,1.854903,-0.009801896308898828,254.59649710548624,51.74365972913273
28647552,-0.33469,1.888747,0.011220103691101047,366.9136406412672,230.16179631616112
28647552,-0.33469,1.888747,0.011220103691101047,366.9136406412672,230.16179631616112
28652477,-0.190435,1.928653,-0.01526689630889888,388.2109334811981,248.5389715562901
28652477,-0.190435,1.928653,-0.01526689630889888,388.2109334811981,248.5389715562901
28651376,-1.043439,2.434005,-0.021478896308898987,406.2971298218214,72.07637593775144
28647594,-0.13123,1.899106,-0.009996896308898995,388.0049353956723,259.4082282534546
28647594,-0.13123,1.899106,-0.009996896308898995,388.0049353956723,259.4082282534546
28647597,-0.512197,1.215871,-0.00956289630889895,276.2359328596625,242.26041926845747
28647597,-0.512197,1.215871,-0.00956289630889895,276.2359328596625,242.26041926845747
28654476,-3.950998,-4.796985,1.180517103691101,67.666105614028,216.54096729021697
28654476,-3.950998,-4.796985,1.180517103691101,67.666105614028,216.54096729021697
28654479,-2.114155,-1.761758,2.044717103691101,8.203031776624414,235.60294379601947
28654479,-2.114155,-1.761758,2.044717103691101,8.203031776624414,235.60294379601947
28647609,-0.094606,1.871247,0.010062103691101054,385.53593225318025,267.19098418100265
28654480,-2.100485,-0.348691,0.06744910369110113,164.01223651643627,189.71254237209712
28642109,-1.150073,2.480999,-0.017490896308898884,405.0423570790998,50.02790137853842
28647618,-2.753045,-1.985354,1.5517371036911012,49.11176622031505,205.81788407870192
28647618,-2.753045,-1.985354,1.5517371036911012,49.11176622031505,205.81788407870192
28654482,-2.154649,-0.487623,-0.0746168963088989,168.0517663570471,191.73146236047447
28644922,-0.92863,2.102342,-0.009511896308898926,353.51621734542147,133.5945493733469
28644922,-0.92863,2.102342,-0.009511896308898926,353.51621734542147,133.5945493733469
28647631,-0.044511,1.777683,-0.0012608963088989178,373.3164516219522,278.29874207958454
28647631,-0.044511,1.777683,-0.0012608963088989178,373.3164516219522,278.29874207958454
28647640,-0.129197,1.563002,-0.005790896308898841,334.0902612743036,273.57387813991795
28647640,-0.129197,1.563002,-0.005790896308898841,334.0902612743036,273.57387813991795
28656558,-4.297853,-4.237363,1.172237103691101,66.66413474026189,198.09840776680207
28656558,-4.297853,-4.237363,1.172237103691101,66.66413474026189,198.09840776680207
28647643,-3.638905,-5.002934,1.0496621036911011,73.89507373136729,227.6066209932073
28647643,-3.638905,-5.002934,1.0496621036911011,73.89507373136729,227.6066209932073
28654486,-2.081234,-0.45582,0.05466910369110112,162.82898807029687,194.1115047944356
28654487,-2.137863,-0.546268,-0.08140189630889894,167.46421363830314,194.2890715224345
28654489,-4.194183,-5.363461,0.22780010369110104,99.36276181896248,216.25167254287737
28654489,-4.194183,-5.363461,0.22780010369110104,99.36276181896248,216.25167254287737
28652492,-3.062702,-4.221138,0.4451121036911011,101.15280125861356,232.00580697393892
28652492,-3.062702,-4.221138,0.4451121036911011,101.15280125861356,232.00580697393892
28644965,-4.533494,-1.68207,-0.002015896308898979,124.12838449276217,138.14684721562304
28647652,0.129062,1.966171,-0.004485896308898951,429.9983235941794,301.302684650596
28656572,-2.159515,-0.207832,-0.012042896308898987,170.57562417306943,182.23675954912304
28650142,-0.071918,2.127634,0.00025110369110104003,446.6355942949341,257.4478790479952
28650142,-0.071918,2.127634,0.00025110369110104003,446.6355942949341,257.4478790479952
28644994,-3.154725,-0.897356,1.737341103691101,24.414863537001736,145.50046747425748
28644994,-3.154725,-0.897356,1.737341103691101,24.414863537001736,145.50046747425748
28647684,-1.900238,-3.870532,0.7020861036911011,98.63968140862856,266.5418716702685
28647687,0.278149,1.642705,0.00412110369110108,377.6959267909105,332.7410628849577
28656601,-3.775826,-5.316108,1.2191021036911012,66.82926892089762,228.285977786033
28647690,0.287619,1.570055,0.0009541036911011602,366.19952243172986,334.3579575088047
28645025,-4.269404,-4.117513,0.8279521036911011,80.9344139798225,196.94916651361936
28650157,-0.034119,2.10645,0.0003651036911009875,445.8078403106043,265.6593968534631
28650157,-0.034119,2.10645,0.0003651036911009875,445.8078403106043,265.6593968534631
28652503,0.017695,2.077448,0.0018571036911010363,444.6996443009404,276.86678078092086
28652503,0.017695,2.077448,0.0018571036911010363,444.6996443009404,276.86678078092086
28656607,-2.715304,-2.736211,0.34879610369110103,114.73335254543896,220.72816883080085
28656609,-3.569536,-5.108952,0.26987210369110115,101.58858609288224,228.51738464976572
28656609,-3.569536,-5.108952,0.26987210369110115,101.58858609288224,228.51738464976572
28656611,-2.867588,-3.308398,-0.01258989630889884,124.35082519639234,223.8423000703596
28656611,-2.867588,-3.308398,-0.01258989630889884,124.35082519639234,223.8423000703596
28656616,-2.964457,-4.76672,0.9816071036911012,79.47159725945366,243.7493621882473
28656616,-2.964457,-4.76672,0.9816071036911012,79.47159725945366,243.7493621882473
28645049,-0.252337,1.722614,-0.013197896308899004,348.0378796094561,250.34511514725256
28645049,-0.252337,1.722614,-0.013197896308899004,348.0378796094561,250.34511514725256
28645052,-0.177618,1.841364,-0.008049896308898852,373.0733290535314,255.2679427205409
28645052,-0.177618,1.841364,-0.008049896308898852,373.0733290535314,255.2679427205409
28656623,-1.956642,-2.390701,0.670230103691101,107.3486269440182,245.48486120273944
28656623,-1.956642,-2.390701,0.670230103691101,107.3486269440182,245.48486120273944
28656624,-1.964329,-2.411169,0.503448103691101,115.56641941561368,244.33777416413784
28647707,-0.669098,-2.244856,1.2322091036911011,84.68705662601047,314.8524588463504
28656627,-1.858353,-2.297614,0.6369001036911011,110.49714647742807,247.94048749438923
28656630,-1.677186,-1.597848,-0.08062889630889902,155.1612508146058,239.120880722263
28656630,-1.677186,-1.597848,-0.08062889630889902,155.1612508146058,239.120880722263
28656635,-1.551753,-1.585743,0.07460910369110119,149.42616451951343,245.5029567875656
28656635,-1.551753,-1.585743,0.07460910369110119,149.42616451951343,245.5029567875656
28656637,-1.501793,-1.589544,0.09717210369110107,148.83634990073654,248.00332163391812
28645071,-0.045147,1.901654,-0.010300896308898855,396.8995082973837,272.9910295304578
28645071,-0.045147,1.901654,-0.010300896308898855,396.8995082973837,272.9910295304578
28654496,-4.444892,-6.362882,-0.1426148963088989,105.89724679179822,221.2303802684588
28654496,-4.444892,-6.362882,-0.1426148963088989,105.89724679179822,221.2303802684588
28645072,-0.024435,1.952573,-0.0017308963088988882,409.5863170461873,274.6581132643155
28645072,-0.024435,1.952573,-0.0017308963088988882,409.5863170461873,274.6581132643155
28656643,-3.397139,-1.186123,0.3289991036911011,122.40701657344852,159.0254197036365
28645079,-2.355521,-1.254964,1.955174103691101,9.252490262941649,205.2394585953324
28642191,-2.672222,0.795725,-0.055069896308898914,190.6607731517888,109.92083281917031
28651491,-3.333136,-1.28255,1.613526103691101,38.15324444427711,155.02889367380294
28656653,-2.250582,-0.410872,-0.02421389630889892,165.5532808977851,184.65853890056985
28656654,-3.182168,-1.720409,0.552439103691101,108.2637360349794,181.79889627009388
28656654,-3.182168,-1.720409,0.552439103691101,108.2637360349794,181.79889627009388
28654499,-2.081441,-2.425884,2.015949103691101,18.923488216859624,251.53987618888343
28654499,-2.081441,-2.425884,2.015949103691101,18.923488216859624,251.53987618888343
28656663,-1.920671,-0.432601,0.06418410369110106,165.1564441588858,201.4372515040392
28650178,-2.496356,-0.881492,1.954096103691101,2.7800930668285844,181.3581237792335
28650178,-2.496356,-0.881492,1.954096103691101,2.7800930668285844,181.3581237792335
28656667,-4.709924,-4.943409,0.6273061036911011,85.1951434617109,198.65418288748285
28656667,-4.709924,-4.943409,0.6273061036911011,85.1951434617109,198.65418288748285
28654502,-3.686558,-5.770202,1.1158921036911011,70.93553553597965,235.56804587489967
28656670,-5.536099,-5.987009,1.665923103691101,46.02172627891159,194.03261403648304
28656670,-5.536099,-5.987009,1.665923103691101,46.02172627891159,194.03261403648304
28656671,-3.846903,-3.648571,0.9697561036911011,77.4997403241571,200.9259415769712
28656671,-3.846903,-3.648571,0.9697561036911011,77.4997403241571,200.9259415769712
28656674,-4.784536,-5.037722,1.625600103691101,47.227119700573326,198.03725467967652
28656674,-4.784536,-5.037722,1.625600103691101,47.227119700573326,198.03725467967652
28651514,-4.217577,-2.483188,-0.025183896308898834,121.41380424603096,168.17759028458036
28651514,-4.217577,-2.483188,-0.025183896308898834,121.41380424603096,168.17759028458036
28645128,0.269893,1.715137,0.00079510369110114,390.4353772735078,330.71536684062266
28645130,0.307175,1.755676,-0.0035008963088989375,402.2550075401812,336.72248646930524
28656686,-1.849849,-0.982643,-0.026667896308898875,160.42164217077004,219.2654974593367
28657941,-7.273878,-0.541696,0.5703331036911011,84.42014730224082,6.151344114569326
28657944,-7.131948,-0.469018,0.3012861036911011,99.26444383892674,13.43721879100795
28639494,-2.750351,0.974945,0.02557010369110113,189.76021260255612,92.1113714839874
28651526,-6.73364,-0.226151,0.08715110369110102,114.1006999869182,16.988980023393623
28645149,-0.663314,-2.08165,1.129434103691101,92.48480151228652,311.9686106600239
28656699,-1.766395,-1.056863,-0.003051896308899016,159.0198050478815,224.92046961336968
28656699,-1.766395,-1.056863,-0.003051896308899016,159.0198050478815,224.92046961336968
28654513,-2.560539,0.772014,0.07977410369110105,183.6789834260732,114.364114026272
28651529,-6.773702,-0.342433,0.561377103691101,88.61324179253111,8.509833865316011
28650193,-0.020525,1.855315,-0.0020888963088989687,389.8924941531891,279.17816246850003
28650193,-0.020525,1.855315,-0.0020888963088989687,389.8924941531891,279.17816246850003
28657957,-9.25576,-3.182513,-0.6786768963088989,111.788909654128,78.90740995432336
28656700,-3.678145,-5.064028,0.26296110369110104,101.47000085310697,225.24154244120217
28656700,-3.678145,-5.064028,0.26296110369110104,101.47000085310697,225.24154244120217
28657958,-6.765885,-2.06844,0.7771521036911011,74.51217713777527,79.9035707304786
28657961,-3.542765,0.00399,1.327439103691101,56.04791143462478,80.17035277912345
28630528,-3.19821,-0.805976,1.7425681036911012,22.71303091160829,138.51268510792414
28657964,-6.726995,-2.211501,0.5962821036911011,82.53608020752122,88.25030960734108
28657965,-5.986794,-1.594711,0.48911310369110106,92.85445864721588,87.77772333099637
28651543,-5.248403,-0.285115,-0.031134896308898874,132.31183109615063,64.73484202313281
28656707,-2.846369,-2.675911,1.904287103691101,27.55789819764053,219.10214998788456
28656707,-2.846369,-2.675911,1.904287103691101,27.55789819764053,219.10214998788456
28650214,0.143561,1.999674,-0.007040896308898814,440.1373648835868,302.9724262069517
28601848,-1.094025,1.95803,-0.014263896308899016,320.9531788040613,131.42571646470566
28656712,-1.744699,-1.294912,-0.048224896308898924,157.54115670113652,230.691053138615
28656712,-1.744699,-1.294912,-0.048224896308898924,157.54115670113652,230.691053138615
28657970,-0.972488,2.379852,-0.013634896308899025,401.79738319913935,89.70941093288388
28652527,-2.174529,-2.293399,1.9269781036911011,24.634454503480868,243.27228196329315
28652527,-2.174529,-2.293399,1.9269781036911011,24.634454503480868,243.27228196329315
28630578,-3.250049,-5.248322,0.6555481036911011,89.56797428760024,239.64273295874577
28630578,-3.250049,-5.248322,0.6555481036911011,89.56797428760024,239.64273295874577
28657971,-4.019292,-0.442767,0.916987103691101,86.30528447057898,95.9413834820534
28657972,-3.424613,0.064073,0.8942971036911012,96.3384860300828,94.25091819036156
28656740,-1.802466,-2.144402,0.23740510369110113,132.18730003294513,244.9922379612125
28651558,-2.693747,0.813731,0.020721103691101028,186.027787744435,105.923754003885
28656742,-1.782797,-2.101857,0.32820710369110107,128.4408969046536,245.7813864095432
28642305,-2.591725,0.640513,-0.052598896308899024,187.32322396377592,123.07474932414168
28639614,-2.617332,0.543287,-0.09084889630889892,186.22137153911495,127.671452333925
28657976,-3.52331,-0.158436,0.981344103691101,86.98761703673804,100.83202402326486
28656753,-1.856972,-2.113304,1.464852103691101,60.3610937576064,252.07647716514276
28656753,-1.856972,-2.113304,1.464852103691101,60.3610937576064,252.07647716514276
28657977,-4.198925,-0.391282,0.017595103691101066,139.3118232809559,103.34806132798244
28657979,-3.330732,0.022659,0.8927881036911011,97.18098645924788,101.46963203142802
28657981,-3.41994,-0.095736,0.9425981036911011,91.43761349532784,103.00537751019829
28633735,0.277737,-5.833822,-0.03962189630889901,128.1879911009886,338.8245474565068
28657984,-3.216954,-0.020151,1.060454103691101,83.8736578623274,105.9442188231783
28657985,-3.073613,0.033912,1.209988103691101,71.47072672572082,106.61213819841248
28657987,-3.260818,-0.06262,0.9583001036911011,91.9642700896152,108.57604662092714
28642323,-2.568251,0.513075,0.016140103691101082,179.8866699941809,129.99603431064185
28656774,-0.475991,0.678561,0.05075610369110106,236.75280341394543,264.0890235342632
28657992,-3.431187,-0.597746,1.287914103691101,61.875468281955705,123.21256777951906
28633753,0.137667,1.113817,-0.012250896308898973,298.9478373288364,316.4671892148199
28601866,-0.993308,1.897242,0.033181103691101166,317.1824851124952,147.03369825030887
28601866,-0.993308,1.897242,0.033181103691101166,317.1824851124952,147.03369825030887
28656796,-1.007465,-3.633271,0.802314103691101,100.67769287862308,299.32823705685047
28642344,-1.064161,1.805914,-0.045553896308898834,306.5650418445038,150.0457204637247
28642344,-1.064161,1.805914,-0.045553896308898834,306.5650418445038,150.0457204637247
28656800,-0.733176,-1.375329,1.2708791036911011,84.38193443721173,305.6300755081374
28656803,-0.747879,-2.409914,1.175661103691101,87.28432008820198,310.1592798736557
28630710,0.071497,1.496073,-0.0016908963088988482,338.77270363771817,302.8716060562345
28656807,-0.550926,-2.127911,0.9228951036911011,106.77131521018885,314.1726378908828
28656809,-0.501506,-2.854633,0.5629431036911011,121.27138565206457,313.28213193956685
28658007,-5.586024,-3.526591,0.932628103691101,71.83895180991672,149.85836495397274
28642393,-2.764544,-1.231529,1.7516831036911011,27.9150685169428,180.9754946016025
28652547,-1.753948,-3.552675,0.860692103691101,93.59478115111,270.077581439824
28652548,0.217608,1.945596,-0.004611896308899022,435.4603679409895,318.4370394598293
28656835,0.333843,-12.217398,0.9033141036911011,83.71801068316367,349.2575198410459
28639724,0.334825,1.58157,-0.009407896308898822,372.4478020337938,341.1797155671492
28642423,-0.43867,1.55364,-0.007052896308898937,313.05627768302713,235.31686107740225
28642423,-0.43867,1.55364,-0.007052896308898937,313.05627768302713,235.31686107740225
28650246,0.121747,1.49088,-0.009420896308898863,341.9705320026956,309.6399522840611
28642434,-0.354932,1.539461,0.0016131036911011254,316.0375504335248,246.12009466435373
28642434,-0.354932,1.539461,0.0016131036911011254,316.0375504335248,246.12009466435373
28656856,0.274371,1.390182,-0.012578896308898857,339.0237291985943,332.20124792519925
28642448,-2.003698,-4.058865,0.11661010369110114,120.22563402581892,260.50976238397783
28642448,-2.003698,-4.058865,0.11661010369110114,120.22563402581892,260.50976238397783
28656861,5.299238,-27.510588,-0.7894618963088991,101.25219383412042,386.2377262507648
28650252,0.144332,1.332168,-3.18963088989932e-05,322.45741126575183,315.4486574750083
28642476,0.026135,1.684658,0.0053431036911011365,363.2853495066233,292.2817193523585
28642476,0.026135,1.684658,0.0053431036911011365,363.2853495066233,292.2817193523585
28658036,-4.363228,-3.246413,-0.053642896308898846,116.76981964651064,179.95720734236613
28650256,0.260894,1.459038,0.004299103691101092,346.8844732509401,330.969127164675
28650262,0.310691,1.43094,0.002862103691101181,346.5537835394798,338.3890088269969
28654579,-4.415267,-4.372535,0.3834611036911011,96.24104350766098,197.377999443964
28652559,0.19221,1.628732,-0.028780896308898907,369.0934425984715,316.95103984674546
28650280,-0.413594,-6.485815,0.8599981036911011,91.66271293524846,330.1060710931852
28650281,0.305721,-5.30646,0.12119610369110112,126.54272136161268,342.09259218477393
28652568,0.318991,1.753904,0.005358103691101013,402.8972806083559,339.5565527596693
28620250,-3.86129,-3.594776,0.050748103691101054,114.06798625635156,199.5733843930313
28620250,-3.86129,-3.594776,0.050748103691101054,114.06798625635156,199.5733843930313
28620251,-3.602425,-3.193394,0.043518103691100984,118.2016106588686,200.07440046635503
28620251,-3.602425,-3.193394,0.043518103691100984,118.2016106588686,200.07440046635503
28656917,0.981923,1.30155,-0.02186189630889901,380.0623551122037,443.3133687103131
28652575,0.359882,1.597572,-0.017714896308898886,377.6315208576791,344.6695998265199
28597920,-0.912092,1.909824,-0.005118896308898835,326.44682431019487,155.673847978096
28597920,-0.912092,1.909824,-0.005118896308898835,326.44682431019487,155.673847978096
28652577,-0.541963,-3.411501,0.08526810369110116,137.12587919730126,306.62714615365246
28652582,-0.437526,-3.747018,0.06433010369110104,135.6361173853421,311.8470417039292
28652587,-0.587866,-1.918188,1.2545491036911012,84.89562801095101,318.58472147896777
28652592,-1.64406,-10.796929,2.6513091036911014,32.398034435528274,323.1978872415174
28658070,-3.908116,-4.177451,1.2787741036911011,63.479765791162265,208.4007257708702
28658070,-3.908116,-4.177451,1.2787741036911011,63.479765791162265,208.4007257708702
28636959,-5.686294,-3.225536,0.8769861036911011,73.9275145339978,140.46718015334187
28648043,-1.385073,2.468313,-0.017165896308898976,378.0440548643573,26.38532379591089
28652602,-0.973071,-13.276212,2.235631103691101,49.69856004331237,335.5847165560492
28648048,-1.148412,2.54294,-0.023129896308898834,419.941673017158,38.18584634229376
28648049,-4.995152,0.227522,0.2817811036911011,123.5957993897444,37.50039419229731
28620275,-3.61078,-3.493018,0.04743910369110105,116.22730650777224,204.88291388248248
28620275,-3.61078,-3.493018,0.04743910369110105,116.22730650777224,204.88291388248248
28652607,-0.850192,-12.653306,2.877521103691101,31.945836979938264,343.87143096059094
28648073,-1.465139,2.212786,-0.026652896308899,329.9136956077237,62.72123720323722
28654620,-0.903245,0.753645,0.04252910369110108,227.6936461424246,225.6742086611398
28645514,-4.471865,-1.507979,0.10314310369110102,121.39640700636122,133.8800004454548
28645521,-2.565269,0.59423,0.03251710369110117,181.24200689634804,125.47030762238028
28608339,-1.030668,1.916093,0.03235410369110103,317.1459895046946,141.1008720626109
28654637,-2.44002,-2.545749,1.959751103691101,23.562029382050497,235.3318267256612
28654637,-2.44002,-2.545749,1.959751103691101,23.562029382050497,235.3318267256612
28652619,1.106143,-16.654816,2.2450261036911012,55.944675811620925,370.82047759608247
28651684,-0.254025,2.16921,0.003758103691101189,434.5238093902376,222.1750421699398
28653645,-6.074323,-0.669128,0.15652910369110118,112.7295234810868,54.17187062619252
28648120,-4.206355,-0.369228,0.024256103691101094,139.17336087735262,102.0203712502736
28652627,1.097004,-16.658134,3.465968103691101,29.106642417399883,382.5978516427994
28658089,-3.822256,-4.784661,1.9640111036911012,33.601501779980936,221.7910355357504
28658089,-3.822256,-4.784661,1.9640111036911012,33.601501779980936,221.7910355357504
28627726,-3.171962,-5.451299,0.705430103691101,87.71996258237445,244.04838594951715
28627726,-3.171962,-5.451299,0.705430103691101,87.71996258237445,244.04838594951715
28658098,-1.091778,1.152931,-0.009861896308898999,247.87894052803256,192.08089001287843
28658098,-1.091778,1.152931,-0.009861896308898999,247.87894052803256,192.08089001287843
28658102,-3.52021,-3.726382,0.23072210369110113,108.79629102755992,211.3192721420585
28658102,-3.52021,-3.726382,0.23072210369110113,108.79629102755992,211.3192721420585
28658104,-2.627297,-2.530416,1.727840103691101,39.68262104629719,225.0374298630924
28620337,-2.7518,-2.026003,1.8497531036911012,26.750393221280945,207.33524841805067
28620337,-2.7518,-2.026003,1.8497531036911012,26.750393221280945,207.33524841805067
28653663,-3.477021,-0.066366,1.5322421036911011,35.6144780938169,82.3188844569826
28653664,-3.476481,-0.041523,1.493050103691101,39.64041252397513,81.75751792950078
28658119,-0.486211,1.879297,-0.016557896308898812,353.9796543401269,209.797591086163
28654660,-0.069963,1.831088,-0.010250896308898971,380.9314368830205,271.9649645859012
28654660,-0.069963,1.831088,-0.010250896308898971,380.9314368830205,271.9649645859012
28655722,-3.62061,-0.170617,1.592443103691101,29.45628481416645,80.43069928373453
28634162,-4.320442,-3.977753,0.026483103691101073,110.4855440816226,193.71205485528805
28634166,-3.890948,-3.566621,0.06234910369110103,113.63003971443833,198.29107940584123
28634166,-3.890948,-3.566621,0.06234910369110103,113.63003971443833,198.29107940584123
28658130,-3.534212,-5.602104,0.22280410369110104,101.6081548199586,234.6342158219291
28658130,-3.534212,-5.602104,0.22280410369110104,101.6081548199586,234.6342158219291
28648208,-4.766199,0.667784,0.07544510369110102,144.68025080478213,23.964565540178512
28651700,-4.257977,-3.746891,1.0159991036911011,73.59763625699438,190.51362143903285
28651700,-4.257977,-3.746891,1.0159991036911011,73.59763625699438,190.51362143903285
28645647,-4.826832,-0.525787,0.1376651036911012,125.37087863322094,85.66719564932191
28658137,-3.104983,-4.830873,0.6318741036911011,92.07051691285216,238.88149706141095
28620391,-3.358865,-4.072849,1.1029771036911011,73.40709075836145,223.126413346252
28620391,-3.358865,-4.072849,1.1029771036911011,73.40709075836145,223.126413346252
28658144,-0.741055,1.222425,-0.023324896308899,267.5227171411496,219.54211804017524
28654666,-0.753442,-1.852457,0.6602871036911011,123.37707337374005,295.779505375375
28654667,0.021927,1.840483,-0.0019148963088988502,391.08304076405386,286.60081580886066
28654667,0.021927,1.840483,-0.0019148963088988502,391.08304076405386,286.60081580886066
28653673,-4.822692,-0.693732,0.10637610369110106,125.35709223333583,93.51070121014772
28645666,-0.837061,2.274568,-0.014880896308898883,393.5554387282227,123.21650807219898
28645666,-0.837061,2.274568,-0.014880896308898883,393.5554387282227,123.21650807219898
28658151,-1.910866,-2.502595,0.4576171036911011,117.52071214220813,247.5694888698968
28658151,-1.910866,-2.502595,0.4576171036911011,117.52071214220813,247.5694888698968
28658152,-0.573247,1.349392,-0.02637889630889889,285.9842710447431,230.0762038207848
28658152,-0.573247,1.349392,-0.02637889630889889,285.9842710447431,230.0762038207848
28651707,-4.644578,-4.737883,0.8327861036911011,78.44875429193866,197.12272924634604
28651707,-4.644578,-4.737883,0.8327861036911011,78.44875429193866,197.12272924634604
28631164,-3.14115,-0.962064,1.746035103691101,24.325450003201297,149.22528702560936
28655730,-4.98415,-0.619168,-0.004279896308899023,129.99660272847325,87.19554182174744
28651712,-3.861346,-3.204797,1.425443103691101,55.435334895281045,191.44996641879132
28651712,-3.861346,-3.204797,1.425443103691101,55.435334895281045,191.44996641879132
28648248,-4.807738,0.157301,0.32917110369110103,121.97795020166576,46.83777471355009
28620428,-3.367398,-4.643845,1.248119103691101,66.99338836983338,231.3692782892225
28655733,-4.207774,-0.916119,1.781764103691101,17.273519688988415,94.6743356990048
28651716,-2.987064,-2.335371,0.898814103691101,88.25550253309771,203.91663089501284
28640079,-3.024598,-1.371083,1.6343131036911012,38.340111115265046,173.2982194549506
28640079,-3.024598,-1.371083,1.6343131036911012,38.340111115265046,173.2982194549506
28648252,-1.41371,2.011246,-0.011327896308898966,306.8849117033179,93.56387457807465
28658168,-1.205011,-1.914728,0.17594410369110114,143.78254124568775,267.0899880643572
28658168,-1.205011,-1.914728,0.17594410369110114,143.78254124568775,267.0899880643572
28654671,-0.565424,-1.932211,0.7170851036911011,121.10960416172487,307.8504343628423
28658169,-1.595454,-4.578275,0.6764551036911011,98.65087205007988,282.75276099448274
28658169,-1.595454,-4.578275,0.6764551036911011,98.65087205007988,282.75276099448274
28658173,-1.12275,-1.719539,0.25911210369110105,143.15306950198703,269.3695712143134
28658173,-1.12275,-1.719539,0.25911210369110105,143.15306950198703,269.3695712143134
28631207,-3.654603,0.036192,1.5799911036911012,28.346280168894737,63.19791922538002
28655735,-4.420228,-1.188565,1.799391103691101,18.22843518328452,99.79800602550635
28655736,-3.57627,-0.20091,1.306867103691101,58.38689462651962,92.92564016414102
28658178,-2.193563,-10.579266,1.057739103691101,74.99449722948282,298.4689263337401
28658178,-2.193563,-10.579266,1.057739103691101,74.99449722948282,298.4689263337401
28645720,-0.364015,2.23552,-0.0045848963088990224,438.00547607736496,197.4283358713592
28645720,-0.364015,2.23552,-0.0045848963088990224,438.00547607736496,197.4283358713592
28658181,-1.749388,-11.793652,3.4875621036911006,9.805016478415922,329.89116661111774
28658181,-1.749388,-11.793652,3.4875621036911006,9.805016478415922,329.89116661111774
28651722,-3.03254,-2.532025,1.0329441036911011,80.24773971316915,206.5830378911941
28655737,-4.442383,-1.207601,1.6914261036911011,27.17960136366824,101.9524752588824
28620447,-2.159374,-1.74288,1.977605103691101,14.303879561171584,231.93632554062137
28620447,-2.159374,-1.74288,1.977605103691101,14.303879561171584,231.93632554062137
28640106,-3.424568,-4.295917,2.163758103691101,21.44810702309005,227.80432697207544
28640106,-3.424568,-4.295917,2.163758103691101,21.44810702309005,227.80432697207544
28654675,-1.641955,-10.792614,2.390878103691101,40.26636629735225,320.8550921953433
28651726,-3.266986,-3.632916,0.30668110369110113,107.82940160094488,217.38649427421012
28651726,-3.266986,-3.632916,0.30668110369110113,107.82940160094488,217.38649427421012
28654676,-0.453211,-1.902892,0.861891103691101,113.552822808379,317.2750049162016
28654678,-0.29089,-5.113122,-0.05639289630889888,130.08188562252866,319.6050112454761
28655740,-4.006487,-0.701775,1.409513103691101,48.577553374393176,99.87752384609924
28620460,-3.365976,-5.298836,1.199106103691101,69.01397039701811,239.2313986768583
28651731,-0.236145,1.708414,-0.0013948963088989963,346.61379156397106,253.5189447630817
28653687,-5.764877,-3.323202,2.086094103691101,15.092510232697547,131.33701482543785
28653687,-5.764877,-3.323202,2.086094103691101,15.092510232697547,131.33701482543785
28631282,-4.806878,-4.604884,0.09268310369110111,103.39276419385747,191.5770252404748
28651734,-2.972366,-2.670584,1.183662103691101,72.14080658002908,212.0185631751929
28640137,-0.327312,1.629975,-0.014938896308898997,329.92248460239426,244.97094566298452
28640137,-0.327312,1.629975,-0.014938896308898997,329.92248460239426,244.97094566298452
28620473,-2.424312,-2.71848,1.960968103691101,24.96806499280524,239.50303075657268
28631311,-2.457601,-2.610438,1.901645103691101,28.374518350682308,235.43193673112933
28631311,-2.457601,-2.610438,1.901645103691101,28.374518350682308,235.43193673112933
28655745,-3.925497,-0.877351,1.7917741036911012,16.616595053427773,105.07070171943444
28620490,-3.123285,-5.273358,1.024669103691101,76.6050359455609,244.96203825514544
28620490,-3.123285,-5.273358,1.024669103691101,76.6050359455609,244.96203825514544
28631316,-3.042408,-5.121361,0.03418010369110114,111.61524979701896,241.28245348841247
28631316,-3.042408,-5.121361,0.03418010369110114,111.61524979701896,241.28245348841247
28613466,-2.722946,-1.966954,1.852227103691101,26.126873240325835,207.12458789834093
28613466,-2.722946,-1.966954,1.852227103691101,26.126873240325835,207.12458789834093
28655746,-4.09574,-0.920953,1.529639103691101,39.43414176825837,105.10917184135624
28648355,-4.540264,-1.593546,-0.01914489630889893,125.52711853180595,135.48464929287238
28645795,-0.11343,2.021333,-0.005044896308898927,415.3104912276449,256.06686061551267
28645795,-0.11343,2.021333,-0.005044896308898927,415.3104912276449,256.06686061551267
28645798,-0.06034,2.11025,0.0028471036911010827,443.4680929173139,260.700838907429
28645798,-0.06034,2.11025,0.0028471036911010827,443.4680929173139,260.700838907429
28613480,-2.708317,-2.051156,1.8490631036911012,27.154421961517016,210.1469633826512
28613480,-2.708317,-2.051156,1.8490631036911012,27.154421961517016,210.1469633826512
28640187,0.229245,1.71689,-0.007424896308898976,387.1800550170228,323.232532665557
28640188,0.263849,1.431026,0.0009341036911010292,343.267884538822,331.3334662100036
28655749,-3.765885,-0.590673,1.4270931036911012,47.87179108331927,104.26782717335595
28651745,-2.735523,-1.886127,1.841320103691101,26.26336008231499,204.1875370002559
28655753,-3.726009,-0.744456,1.270680103691101,61.55734631746532,117.20236008297776
28645834,-2.747229,-2.020947,1.652701103691101,41.913874681637054,207.1522715361346
28645834,-2.747229,-2.020947,1.652701103691101,41.913874681637054,207.1522715361346
28645840,-0.002333,1.877562,0.005782103691100993,395.8854846354325,281.69183580929734
28645840,-0.002333,1.877562,0.005782103691100993,395.8854846354325,281.69183580929734
28645848,0.011238,1.814961,-0.002831896308898907,385.19200608366,285.6689886514891
28645848,0.011238,1.814961,-0.002831896308898907,385.19200608366,285.6689886514891
28655757,-4.0992,-1.135703,1.130979103691101,69.59309609593822,121.63486136969348
28620543,-1.890954,-2.267225,1.481390103691101,59.25994237967754,253.2126599164481
28620543,-1.890954,-2.267225,1.481390103691101,59.25994237967754,253.2126599164481
28642860,-2.587445,0.618732,-0.05236989630889899,186.73910850086403,124.49360014879662
28648411,-0.588842,1.626594,-0.0044888963088989264,312.23474049901165,213.94689966674107
28648411,-0.588842,1.626594,-0.0044888963088989264,312.23474049901165,213.94689966674107
28651755,-2.838427,-2.485564,1.7519041036911012,37.00348369923845,214.69983162363093
28651756,-0.125584,1.689864,-0.007850896308899014,352.548459950212,269.4185575189568
28651756,-0.125584,1.689864,-0.007850896308899014,352.548459950212,269.4185575189568
28645872,-3.120808,-5.089404,1.169877103691101,71.09197197091598,243.7110818050694
28645872,-3.120808,-5.089404,1.169877103691101,71.09197197091598,243.7110818050694
28645896,0.216272,1.292335,0.0003101036911010713,322.147745828064,325.4833668805616
28648451,-4.417068,-4.364767,0.18598010369110107,103.02572816128222,197.2698612215485
28648451,-4.417068,-4.364767,0.18598010369110107,103.02572816128222,197.2698612215485
28645904,0.494047,1.559579,0.008428103691101141,381.8927753650456,369.27440343356943
28645909,0.722579,1.668753,0.004470103691101013,427.4163933727704,415.7723322253917
28654714,3.054511,-14.501827,0.42781810369110107,97.5508421962296,392.87246370155
28642912,-4.999943,-0.666874,-0.005301896308898879,129.42357956216804,88.69374422342224
28648459,-0.135773,2.031844,0.0021811036911010273,415.1210114978916,251.9382551545721
28645920,0.740518,1.157794,-0.0030138963088988113,339.42928284791395,399.19054702943447
28653726,-5.782014,-3.331247,0.7562881036911011,78.42221211298835,141.38942010349496
28651781,0.108653,2.005619,-0.005921896308898944,437.3680905328906,296.26624718367884
28654726,6.641388,-28.952032,1.221965103691101,79.32425165907355,410.74195501119976
28648500,-2.817315,-3.039274,0.45570410369110104,107.5551575572624,222.6270522952743
28648500,-2.817315,-3.039274,0.45570410369110104,107.5551575572624,222.6270522952743
28651787,-2.234374,-3.913237,0.07973910369110104,121.03293021198247,251.5569986131828
28651787,-2.234374,-3.913237,0.07973910369110104,121.03293021198247,251.5569986131828
28624596,-5.589926,-3.266277,0.2412031036911011,99.3087259497072,147.8245925912716
28642965,-2.603179,0.54971,0.007524103691101125,180.7804845474652,126.3677781256388
28648526,0.096307,1.982057,0.006684103691101173,429.950020826065,295.46674098001404
28648526,0.096307,1.982057,0.006684103691101173,429.950020826065,295.46674098001404
28648543,0.136378,1.833515,-0.001551896308898959,400.9925998650676,305.9983223515804
28620646,-1.80071,-5.249553,0.0966671036911011,115.40750435255762,276.23561554526094
28620646,-1.80071,-5.249553,0.0966671036911011,115.40750435255762,276.23561554526094
28651801,-2.164337,-3.594014,0.681647103691101,99.11057820966664,254.0937627305567
28651801,-2.164337,-3.594014,0.681647103691101,99.11057820966664,254.0937627305567
28651805,0.116407,1.754449,-0.0038938963088990253,383.6540382009297,304.23454017533726
28648553,-1.993438,-4.266168,0.09344410369110112,119.84290423957412,262.63995644813474
28648557,-1.845441,-3.679681,0.610325103691101,103.77152040939028,265.77304274233904
28648557,-1.845441,-3.679681,0.610325103691101,103.77152040939028,265.77304274233904
28648563,0.184193,1.311271,-0.0003908963088989914,322.45508763927467,320.98098345137305
28637404,-4.931707,-5.054682,1.869391103691101,36.56686445961762,194.3129871165484
28653743,-5.523207,-3.193124,0.18280210369110117,102.05450159789535,148.17601788169782
28648571,-0.671201,-2.181906,0.7414771036911011,116.14929083133792,304.29953346053463
28650573,-2.063568,1.917023,-0.020827896308898808,264.2078087802606,51.70239854259805
28655820,-4.722273,-4.918604,1.9004971036911011,35.13188266847763,197.6849956050464
28653760,-2.503822,0.34912,-0.07391789630889889,181.9338743204968,142.8097072316176
28653763,-2.450108,0.348706,0.03746510369110112,176.31006769464486,144.14918961385524
28655835,-4.164876,-4.138716,1.2796911036911012,62.47602931787611,200.18549191822717
28653766,-4.586765,-2.537627,-0.13804289630889888,122.86173640377952,159.4891401703008
28643027,-3.645816,-2.780676,0.08070710369110112,119.12641716377084,191.12935161149477
28643027,-3.645816,-2.780676,0.08070710369110112,119.12641716377084,191.12935161149477
28653769,-2.429605,0.314207,0.03939810369110108,175.65756591970086,146.84150697863382
28655840,-2.884959,-2.070688,1.4530701036911011,55.63003779636884,202.01371565049615
28655840,-2.884959,-2.070688,1.4530701036911011,55.63003779636884,202.01371565049615
28653775,-2.411841,0.131014,-0.07284689630889885,177.83541207248638,157.09950210823524
28653776,-2.384481,0.057423,-0.07280689630889903,176.484180658151,161.48022350894237
28650603,-1.049734,2.392299,5.3103691101119566e-05,395.9023495403847,76.98094836815807
28651830,0.363693,1.771497,0.0023491036911009733,411.3299751751088,347.509909945384
28653779,-2.555714,-1.707812,2.009462103691101,9.983054851357169,208.54225975738348
28655848,-3.736173,-4.676371,2.144621103691101,24.25081549927509,223.33223983318945
28655850,-2.12257,-0.282871,-0.011718896308898996,169.47641594624113,186.62836287510103
28637487,-3.123243,-1.434041,1.6356711036911011,38.22013345119578,170.78407442752732
28637487,-3.123243,-1.434041,1.6356711036911011,38.22013345119578,170.78407442752732
28651834,-1.328545,-4.099447,0.9783651036911011,88.80601827890754,292.0769230755181
28643076,-0.217235,1.727705,-0.0005218963088988726,350.9089803791584,255.2449837911853
28643076,-0.217235,1.727705,-0.0005218963088988726,350.9089803791584,255.2449837911853
28657175,-6.836248,-0.091668,-0.000983896308898835,118.56043167327704,9.83467227521183
28637497,-2.821004,-2.568551,0.07691310369110105,126.7860797298859,213.53118880458555
28643088,-0.514395,0.57805,0.011546103691101095,232.50797728788345,262.59896336245305
28657180,-3.758904,0.568462,1.560930103691101,23.05476444551601,7.376626298957319
28655864,-2.098525,-0.569908,0.012917103691101106,162.60731196191256,196.76742700905075
28643102,-0.062074,1.605465,-0.009180896308898845,344.89468249544547,281.1801199400881
28655865,-2.511402,-2.651636,1.818285103691101,34.474859803225314,233.25231493189008
28653787,-3.86224,-3.936965,1.2883901036911012,63.061868532029365,205.7052794983591
28653787,-3.86224,-3.936965,1.2883901036911012,63.061868532029365,205.7052794983591
28655866,-2.50128,-2.659677,1.6792211036911011,44.10033339337551,233.0791061551924
28655866,-2.50128,-2.659677,1.6792211036911011,44.10033339337551,233.0791061551924
28655867,-3.195108,-3.305818,-0.14927989630889882,127.1716625070629,213.6752780794364
28655867,-3.195108,-3.305818,-0.14927989630889882,127.1716625070629,213.6752780794364
28652923,-2.892283,1.245144,0.013461103691100984,196.95565232890107,64.52775088231388
28653792,-2.30308,-0.226761,-0.097789896308899,172.57558914408187,176.25257640806225
28652925,-2.843204,1.283526,-0.03201789630889884,202.70416720279744,65.74914473908021
28653793,-4.285107,-3.943357,-0.029227896308898993,112.71373071503464,194.0930410419159
28655873,-3.402451,-5.565734,1.291733103691101,65.3519144409891,241.5644309722984
28657196,-3.58982,-0.154092,1.757203103691101,10.761411147965989,75.41066340898894
28628358,-4.27333,-4.072721,0.6838961036911011,86.63209926381273,196.14409535737192
28651850,-0.115828,-7.873891,1.393516103691101,72.35854209523362,346.53024733394426
28657199,-7.350888,-2.615238,0.32566910369110114,89.67024008583925,89.57479206268417
28622544,-1.015781,1.88275,0.03388610369110112,313.8519880033186,146.00721315985618
28622544,-1.015781,1.88275,0.03388610369110112,313.8519880033186,146.00721315985618
28655878,-1.824372,-0.958915,0.06877410369110115,156.28020496686344,220.24659774023948
28628375,-2.530549,-2.657004,1.929742103691101,26.469031458052285,233.1221593963213
28628375,-2.530549,-2.657004,1.929742103691101,26.469031458052285,233.1221593963213
28657202,-4.076029,-0.690914,1.810323103691101,12.045725095793529,86.65041590835705
28657203,-3.496306,-0.019597,1.324068103691101,56.80023143379736,84.3485695796735
28655882,-1.930987,-2.403036,1.580682103691101,52.40623656485755,254.49660214873376
28651863,4.117033,-19.368427,0.6557541036911011,89.32935358510196,398.6942771734245
28657204,-4.102384,-0.884097,1.9220031036911012,3.8508547615606687,94.32562110815236
28657205,-3.33699,-0.077324,1.488980103691101,41.17954493536237,92.07421886693255
28657206,-4.172074,-0.343345,0.40975910369110113,118.56664594574532,95.13442118569674
28657207,-3.391176,-0.185239,1.539585103691101,36.36907075978888,95.23266920809976
28657210,-4.121416,-0.430936,0.4797781036911011,114.06983542069636,99.9143456012906
28624746,-3.963218,-7.452,1.3962161036911012,61.06112482188962,246.08424902385627
28624746,-3.963218,-7.452,1.3962161036911012,61.06112482188962,246.08424902385627
28655886,-1.833894,-1.236953,-0.08341789630889895,159.08584690909555,225.37109814606023
28653807,-2.959461,-2.222638,0.7984711036911011,94.2080757414346,202.40450822302745
28653807,-2.959461,-2.222638,0.7984711036911011,94.2080757414346,202.40450822302745
28655887,-1.918956,-2.36803,1.406170103691101,64.37446379627349,252.81864045645133
28655887,-1.918956,-2.36803,1.406170103691101,64.37446379627349,252.81864045645133
28657214,-3.569924,-0.510671,1.5772621036911012,34.524777157726305,105.82407561352014
28653812,-4.417336,-5.915588,0.965290103691101,73.6844260382228,218.8069453642892
28653812,-4.417336,-5.915588,0.965290103691101,73.6844260382228,218.8069453642892
28655888,-2.580626,-3.618156,0.027004103691101067,122.66351630376262,237.0787433682412
28655888,-2.580626,-3.618156,0.027004103691101067,122.66351630376262,237.0787433682412
28616058,-0.940375,1.968774,-0.015009896308898929,332.96762528462426,146.9678778508883
28613737,-1.802125,-5.583631,0.014967103691100991,116.3456671636937,277.81071090109344
28613737,-1.802125,-5.583631,0.014967103691100991,116.3456671636937,277.81071090109344
28657217,-3.251067,-0.178042,1.231360103691101,67.82111229122793,109.9380610103468
28606734,-3.161322,-1.013119,1.6121211036911012,37.14743249980475,152.0296022106194
28653841,-2.81324,0.278582,1.2875211036911012,65.81778915455936,102.56752775337492
28653846,-2.873284,0.128472,1.453649103691101,46.6914110344411,105.3428175677672
28655896,-2.251857,-3.007129,0.20984410369110118,122.10700643832187,240.54936938155896
28657229,-3.54854,-0.676666,0.6597991036911011,106.40007081733329,131.0355604854256
28655897,-1.725897,-1.224617,0.06427310369110106,153.35755810456448,230.7162244692592
28628457,-0.454137,-4.234697,0.06375210369110107,131.358421200009,313.06045198123815
28657234,-3.904135,-1.416175,0.2525771036911011,119.76932968107737,148.3914592605609
28655900,-1.727798,-1.428182,-0.07113189630889893,156.7191040649077,233.9016738760389
28655900,-1.727798,-1.428182,-0.07113189630889893,156.7191040649077,233.9016738760389
28624798,-0.5823,0.643419,-0.014334896308898948,235.48460378577465,254.75344682725748
28624798,-0.5823,0.643419,-0.014334896308898948,235.48460378577465,254.75344682725748
28655901,-3.256011,-0.321109,1.4268021036911012,49.59874157890644,114.0437661806838
28624803,-0.543602,0.565194,-0.015108896308899,232.5922784417262,260.01964030906487
28657248,-3.210726,-1.185324,0.599854103691101,109.2246934071884,164.62197375454895
28624807,-0.93071,-1.898602,0.14216510369110114,148.65917143021602,279.2489834422413
28640599,-0.781893,1.681084,-0.008542896308898928,307.1039045329402,188.89767354330087
28640599,-0.781893,1.681084,-0.008542896308898928,307.1039045329402,188.89767354330087
28655903,-2.686212,0.101967,1.036605103691101,92.45299230081258,128.48433308563835
28655906,-2.151556,0.615264,0.17874810369110117,180.77124738181408,145.1724897474042
28655908,-2.159724,0.528927,0.15387210369110105,179.6127401263455,149.64767206771637
28655909,-4.392903,-1.616308,1.6611101036911011,32.74025156837635,122.8125581236325
28646259,-4.654396,-0.582171,0.2782301036911011,119.09937015424951,91.31378672262348
28652991,-3.955242,-1.121639,1.189314103691101,66.48884048591108,125.975954679777
28640618,-2.096413,-1.744727,1.970084103691101,15.194047949834015,235.633706118128
28640623,-0.535889,1.490564,-0.014751896308898838,300.9622007070672,227.3403583675317
28640623,-0.535889,1.490564,-0.014751896308898838,300.9622007070672,227.3403583675317
28599153,-3.893476,-1.124722,0.047004103691101085,132.42745591918433,141.22987010461327
28650709,-4.536573,-4.597158,1.8195801036911012,38.01268854502362,197.3915819114328
28618631,-1.089709,1.96372,-0.0163948963088989,322.08561484596805,131.34648234885964
28655923,-2.066253,0.097707,0.1099141036911011,172.28636107752078,175.11144845236134
28655923,-2.066253,0.097707,0.1099141036911011,172.28636107752078,175.11144845236134
28653011,-4.521781,-1.447529,0.022114103691101006,125.10053207354548,131.2159005071842
28655926,-3.316899,-1.663965,0.5375521036911011,108.35154798047124,175.18920839302447
28655926,-3.316899,-1.663965,0.5375521036911011,108.35154798047124,175.18920839302447
28655930,-2.036568,-0.116766,0.07308110369110099,169.7917689408119,185.02772965107016
28655930,-2.036568,-0.116766,0.07308110369110099,169.7917689408119,185.02772965107016
28655932,-3.671218,-2.757452,0.16830010369110115,115.60640634266572,189.7899970813152
28655932,-3.671218,-2.757452,0.16830010369110115,115.60640634266572,189.7899970813152
28646318,-2.674351,0.734363,-0.07412689630889902,189.8367625230275,113.87355372616986
28637812,-1.16498,1.641916,-0.021034896308898876,283.1012623962008,153.66408919397622
28646322,-2.601999,0.704619,0.04433610369110119,183.03638122207,116.95725085586788
28655934,-4.905373,-4.690066,0.6761941036911011,83.13756870561926,190.01540125482808
28653951,-2.692576,-5.682943,0.06575310369110099,109.94506694563616,255.54126017843865
28653951,-2.692576,-5.682943,0.06575310369110099,109.94506694563616,255.54126017843865
28655936,-2.00269,-0.486752,0.009917103691100992,165.7979461063104,198.9539957384578
28624924,3.14174,-17.436081,0.2502261036911011,96.28998958168296,384.7879133330048
28628578,0.813634,1.208888,0.012230103691101002,350.97572727796654,413.9235754338299
28657277,-3.559551,-2.230292,0.17404410369110113,119.72760522506628,182.04743247294704
28657277,-3.559551,-2.230292,0.17404410369110113,119.72760522506628,182.04743247294704
28608937,-1.09466,1.957225,-0.01699089630889894,320.9617211663642,131.53308025945668
28655942,-1.988839,-0.656758,0.051974103691101003,160.39519075340195,204.5464923656623
28653958,-0.120537,1.822411,-0.012107896308898969,374.896727286458,264.54695053757274
28655945,-5.019503,-5.430089,1.478137103691101,53.25617171541481,198.1777942346492
28655945,-5.019503,-5.430089,1.478137103691101,53.25617171541481,198.1777942346492
28655946,-3.948153,-3.798318,1.119570103691101,70.31921562528007,200.57301225460415
28643404,-1.80057,2.170126,-0.010811896308899005,301.57411388431785,37.9239711073283
28657282,-3.736869,-2.652273,0.15347410369110115,116.4339361335558,185.6565553021345
28657282,-3.736869,-2.652273,0.15347410369110115,116.4339361335558,185.6565553021345
28657283,-2.302432,-0.240521,-0.015568896308898905,167.84571748781906,176.37251744951098
28628609,0.954488,1.167294,0.033863103691101015,354.4362342365274,438.0824728082068
28653021,-5.491391,-3.141134,0.624738103691101,85.35140701984551,145.1508622832316
28653974,-0.882326,-3.512074,-0.013937896308898967,137.31084699637972,292.93938032415326
28649111,-0.974175,2.362103,-0.005536896308898864,397.5506002926856,91.86886949339224
28649146,-2.657835,0.850589,0.045493103691101044,186.36311292346136,104.89452370838006
28650759,-4.854001,0.041744,0.30226910369110105,121.86373241930256,52.694275166364605
28650762,-2.760521,1.112415,-0.02781089630889899,197.8751456487821,83.33811121071341
28646400,-4.705472,0.661005,0.39700010369110106,124.77259705930916,14.421286707452651
28649169,-0.944643,1.996384,0.029200103691101154,334.2129152266929,142.36987178264474
28649169,-0.944643,1.996384,0.029200103691101154,334.2129152266929,142.36987178264474
28649172,-0.927281,1.986944,0.043983103691101144,333.3425805437682,144.9610585636985
28649172,-0.927281,1.986944,0.043983103691101144,333.3425805437682,144.9610585636985
28654007,-1.053043,-14.964736,1.923339103691101,58.16025211785336,332.4306834597693
28643496,-2.606012,0.653214,-0.053452896308898934,187.4736348199126,121.64045262221651
28653051,-2.465497,0.172004,-0.09598589630889887,179.24113529011606,152.931251889299
28649271,-0.24189,2.123522,-0.001607896308899015,424.6186825524878,227.8052033907684
28649271,-0.24189,2.123522,-0.001607896308899015,424.6186825524878,227.8052033907684
28649283,-0.403599,1.751938,0.003521103691101146,340.2821253076964,229.07039661903949
28649283,-0.403599,1.751938,0.003521103691101146,340.2821253076964,229.07039661903949
28631965,-2.840875,-1.984743,1.542957103691101,49.329479983184285,201.7438391449907
28631966,-2.81339,-1.971457,1.636473103691101,42.58436852557526,202.69086711471664
28631966,-2.81339,-1.971457,1.636473103691101,42.58436852557526,202.69086711471664
28657335,-3.677491,-3.836484,0.102903103691101,112.00714926795504,208.47188570582912
28653067,-3.158622,-1.630736,0.5523361036911011,109.06955682653408,180.2774549379639
28653067,-3.158622,-1.630736,0.5523361036911011,109.06955682653408,180.2774549379639
28621116,2.886619,-10.890366,-0.09255989630889894,117.47767182468772,395.8987242943994
28588391,-3.680494,0.318632,1.6169251036911012,19.97313355935478,34.91732941220914
28657343,-2.113171,-2.045193,2.0556771036911012,11.045861395333477,242.4725483527217
28657343,-2.113171,-2.045193,2.0556771036911012,11.045861395333477,242.4725483527217
28649332,-0.111093,1.855132,0.0033391036911010197,381.1606153857263,265.0806337534674
28649332,-0.111093,1.855132,0.0033391036911010197,381.1606153857263,265.0806337534674
28646512,-0.930346,1.978302,0.022952103691101122,333.0151142229655,146.10633722349354
28646512,-0.930346,1.978302,0.022952103691101122,333.0151142229655,146.10633722349354
28657347,-2.518114,-2.867493,1.743600103691101,40.72285633632953,236.622753736787
28656020,-2.091313,-2.78902,0.556574103691101,109.43391618691128,245.34927987751325
28653080,-2.765816,-2.039097,1.6075301036911012,45.24115810712391,206.7042445925989
28653080,-2.765816,-2.039097,1.6075301036911012,45.24115810712391,206.7042445925989
28657355,-2.451924,-2.979005,1.735927103691101,41.985185553162125,241.42612766341625
28657361,-2.593946,-2.906479,0.40794910369110104,111.9034525908939,227.9899440590043
28657361,-2.593946,-2.906479,0.40794910369110104,111.9034525908939,227.9899440590043
28657370,-2.456336,-2.732213,0.25743310369110106,120.6327471012924,229.4596563212613
28657370,-2.456336,-2.732213,0.25743310369110106,120.6327471012924,229.4596563212613
28606890,-2.972659,-2.866441,0.05392010369110101,124.2624630564012,213.69423960231825
28606890,-2.972659,-2.866441,0.05392010369110101,124.2624630564012,213.69423960231825
28603201,-3.60309,-1.99742,-0.023638896308898927,129.7019865420263,175.7714560688416
28649378,-2.512641,-3.688922,0.4553311036911011,106.13716008836568,242.1442689292305
28649378,-2.512641,-3.688922,0.4553311036911011,106.13716008836568,242.1442689292305
28609094,-1.036734,1.808906,-0.016635896308898834,306.8245124131862,151.92269291946883
28609094,-1.036734,1.808906,-0.016635896308898834,306.8245124131862,151.92269291946883
28657376,-2.913017,-4.792926,0.8697121036911011,84.05475127748619,245.01718211883085
28657376,-2.913017,-4.792926,0.8697121036911011,84.05475127748619,245.01718211883085
28657380,-2.065104,-2.617816,0.845078103691101,96.15786178346116,245.7658637024672
28643621,-0.945867,1.769717,-0.01871989630889881,307.93606061037406,164.73119439012763
28643621,-0.945867,1.769717,-0.01871989630889881,307.93606061037406,164.73119439012763
28658187,-4.418159,-2.606135,-0.007836896308898833,118.58337282329056,165.13593134096214
28658188,-2.456045,-0.321187,-0.10880789630889898,168.85702256845585,172.4267485839755
28658193,-2.46334,-0.446256,-0.14959489630889888,168.32611575534906,176.48244491081596
28658194,-1.109586,1.552842,-0.035965896308898904,278.7675305812008,165.8086127236381
28658197,-2.217069,-0.289425,0.015608103691101105,166.38520513862792,182.09947387955864
28658213,-0.903149,1.320735,-0.007440896308898992,267.1768486830255,199.4598891867984
28658245,-2.375727,-1.319433,2.037718103691101,1.4739369852998152,206.37607960931055
28658250,-2.267012,-1.255445,2.020229103691101,2.404291067698665,210.94850869424835
28658255,-4.022081,-5.186453,1.625489103691101,49.6097643891664,220.90921463834016
28658258,-2.399446,-2.591926,0.5161141036911011,110.3425759301845,230.30537202910637
28658260,-3.093948,-4.240204,0.27066310369110114,107.30913839558931,230.7530876556828
28658266,-2.516186,-2.065312,2.113114103691101,5.439193872656091,221.164646419972
28658286,-2.925694,-4.767264,0.4362011036911011,100.15990186973738,242.3512865947557
28658288,-3.106314,-4.803813,1.3094921036911011,65.39783378220466,241.4933156318541
28658300,-2.120397,-2.562303,1.507382103691101,56.88368680893621,247.4485021139731
28658301,-1.915977,-2.329264,1.2088831036911012,77.17304822975882,250.52970362584765
28658304,-2.36491,-3.925054,0.9559681036911011,84.77290170328297,252.9252479345604
28658307,-1.858159,-2.343328,1.2032861036911011,77.87346285777821,253.42606688562975
28658314,-0.366688,1.756402,-0.015161896308898859,344.54057006025806,233.33089105335816
28658318,-1.291505,-2.54713,-0.09325389630889891,147.09692045315643,268.161999030316
28658328,-0.224746,1.529672,-0.02720189630889891,324.5805332009119,261.812264078208
28658337,-0.765264,-2.503977,0.3669101036911011,131.92645977741887,295.7423436588407
28658338,-0.807528,-3.352388,0.05214210369110117,136.83166726682316,295.53003249916054
28658341,-0.767842,-2.189327,0.6656151036911011,119.48475328346352,297.97842189860023
28658342,-0.722247,-3.090178,0.0663321036911011,139.60574591758012,297.38364345306366
28658343,-0.792294,-3.068155,0.38167110369110113,125.53795930117695,298.73363384577345
28658347,-0.923561,-3.335417,1.086262103691101,88.15166008440542,305.3510378920093
28658352,-0.734558,-4.335017,0.9670101036911011,91.92147951863312,315.91102510521745
28658355,-0.707144,-5.512587,0.872760103691101,92.42962346832806,319.0978810415031
28658359,-0.674389,-3.046533,1.423851103691101,70.54352434708491,322.2125747995634
28658367,-0.155268,-3.996037,0.16293310369110103,131.77698038905504,324.888664043969
28658395,3.776126,-18.195927,-0.011740896308898963,100.76929581493374,390.5603199100978
28658435,0.894137,1.307999,-0.013226896308898839,373.5300855006377,428.99241630760775
28658766,-7.395855,-0.59797,0.7733211036911011,72.75001498205077,0.1709459682562908
28658767,-5.959652,0.313624,0.08797010369110114,125.6049097040682,7.986158570624525
28658780,-4.96215,-0.891718,1.1376281036911011,63.98046101054814,78.03978266616878
28658781,-6.028167,-1.527099,0.7419021036911011,80.54160172224479,80.05530827734745
28658786,-3.241785,0.025412,1.6834961036911011,17.85605160967185,83.51544444783323
28658788,-3.361935,0.039834,1.296132103691101,60.44776088235645,88.06253204256893
28658791,-3.208304,0.032722,1.5430631036911011,34.88583027424184,89.58671688468951
28658794,-1.025074,2.304415,-0.02714789630889891,381.3033697833308,96.05312452823338
28658795,-3.230843,-0.070203,1.6175361036911011,27.24659246887407,93.74287213414333
28658796,-3.462304,-0.027361,0.9351821036911011,92.00720877854545,97.0411520323582
28658797,-3.149861,-0.100092,1.774683103691101,8.757492176141312,96.02960110840364
28658799,-0.87068,2.365345,-0.012571896308898989,409.70840059747206,105.18734228737328
28658802,-3.535906,-0.090469,0.45498310369110107,125.51973948161792,107.5322285680566
28658805,-1.163263,2.103448,-0.013810896308898979,335.72404689026865,107.366737064645
28658806,-6.540585,-2.166104,-1.552585896308899,157.6998562852287,114.08201999053476
28658811,-6.363897,-2.254684,-1.4912698963088988,156.42145523108206,119.31642528584676
28658812,-3.80802,-0.670171,0.8384161036911011,92.49694513509954,117.32768652867465
28658813,-3.614538,-0.336574,0.41655910369110105,124.0940030446076,116.81459810048526
28658814,-7.14504,-2.867132,-2.013642896308899,159.44642947325033,120.84204882747088
28658815,-5.217355,-1.311678,-1.2156048963088988,167.09002282948063,119.6713110914936
28658818,-3.155,-0.236366,1.1882461036911012,72.51976514946378,119.34316407426934
28658819,-3.444712,-0.354255,0.6646731036911011,109.79027745656155,120.91076076759975
28658821,-3.037212,-0.176578,1.1742951036911011,74.9016688914931,122.46000323747391
28658825,-3.795619,-0.725065,0.4323091036911011,117.32032066246435,126.07963010497323
28658828,-3.822672,-0.842776,0.45417210369110106,114.7816741482138,129.43597886477215
28658830,-2.875367,-0.096334,1.076749103691101,85.54726917692071,128.56913575955969
28658838,-5.561132,-3.494635,1.062670103691101,66.45121520980726,149.01318366870368
28658840,-4.210702,-2.029561,0.10975110369110119,119.15241581050633,156.75905606169863
28658867,-5.238506,-5.745379,1.7752911036911012,41.95315345245223,197.4675283579539
28658875,-2.646132,-1.688332,1.930265103691101,16.821064638141195,202.92653342310552
28658895,-3.815729,-4.232668,1.7598181036911011,41.38705329199868,212.76719593935184
28658901,-3.5842,-3.441349,0.43758210369110107,101.74920746740216,205.00970040057584
28658902,-3.656768,-3.598279,0.3029701036911011,105.91083347559098,205.4363662326205
28658905,-4.087876,-4.824862,1.173654103691101,67.4568847245927,213.17678093469848
28658910,-3.821023,-4.833078,2.0762711036911012,28.370763789353703,222.85219736719864
28658915,-4.086983,-5.252339,1.361122103691101,60.2687500703569,219.47132867537655
28658923,-3.014189,-3.371999,1.5856841036911011,50.33637356703039,224.9580610588486
28658929,-2.174575,-1.980742,1.987071103691101,16.303294602036488,236.96980850736796
28658930,-4.213517,-5.99233,0.2632871036911011,96.4583263047132,223.066103016741
28658931,-3.054694,-3.426683,0.19951810369110112,114.3270762907576,220.42417923008264
28658933,-2.367714,-2.353726,1.5862451036911012,49.795053897278166,232.55689848294563
28658935,-2.089537,-1.370978,-0.156880896308899,157.37752631169684,216.99849849577905
28658946,-3.098435,-4.867252,0.9189351036911011,81.2301446704328,240.69797324294495
28658953,-3.003026,-4.832617,0.6400301036911011,92.23394719427748,241.80005514250587
28658958,-1.934976,-2.643529,1.689862103691101,45.61403395995836,259.2754383120414
28658959,-1.937758,-2.362958,1.166086103691101,79.62570507228631,249.70788642179053
28658960,-0.081779,2.027341,-0.020825896308898972,420.4251206588796,260.5374538785069
28658965,-1.917655,-2.545461,0.5576601036911011,112.29387822263637,248.64643701381144
28658966,-1.041535,0.014124,0.030333103691100982,194.47189738666236,238.8893877808061
28658981,-1.128983,-2.24361,0.138631103691101,142.17594831188055,274.0005295131394
28658984,-1.046216,-2.028222,0.2279991036911011,141.4566674531655,276.38959122360376
28658986,-0.485345,0.66054,0.030115103691101153,236.74859296779957,263.323876878053
28658987,-1.362146,-5.004647,0.8964601036911011,89.69363890197661,295.5032145632165
28657383,-1.918333,-2.354724,1.0391951036911011,87.40864173405092,249.39960060428905
28657383,-1.918333,-2.354724,1.0391951036911011,87.40864173405092,249.39960060428905
28657385,-1.939551,-2.366203,0.787666103691101,101.40462672608012,246.67527338642623
28657385,-1.939551,-2.366203,0.787666103691101,101.40462672608012,246.67527338642623
28632024,-0.687996,1.621645,-0.008496896308898938,306.0074636977346,203.1442486837168
28632024,-0.687996,1.621645,-0.008496896308898938,306.0074636977346,203.1442486837168
28646551,-4.327276,-1.727327,0.03538610369110118,123.75362831092984,145.45170921020105
28646556,-1.121556,1.366809,-0.013394896308899007,261.7858674937789,177.1034937275885
28646556,-1.121556,1.366809,-0.013394896308899007,261.7858674937789,177.1034937275885
28638195,-0.735496,1.425829,-0.008608896308898828,283.8656887195519,209.79915238385377
28646560,-0.781178,1.752315,-0.009092896308898979,315.42629933476394,183.7254296941265
28646560,-0.781178,1.752315,-0.009092896308898979,315.42629933476394,183.7254296941265
28649402,-0.06965,0.94909,0.008230103691100998,273.187589173561,296.2098457720421
28638196,-0.655683,1.781341,-0.0042928963088988414,326.9661914854619,195.8824155494408
28638196,-0.655683,1.781341,-0.0042928963088988414,326.9661914854619,195.8824155494408
28646566,-3.410748,-0.523852,1.730421103691101,19.776606590593417,111.43130205182356
28649403,0.047746,1.237998,0.005066103691101054,305.7941603578713,304.6387973240892
28635202,-4.420433,-0.298633,-0.02561089630889901,140.31548844537102,92.272917446414
28638206,-0.559623,1.363229,0.0037681036911010324,286.09499089186136,231.21653805501853
28638206,-0.559623,1.363229,0.0037681036911010324,286.09499089186136,231.21653805501853
28638207,-1.426234,-5.056027,0.9043621036911011,88.9364299101093,293.75579791393454
28638207,-1.426234,-5.056027,0.9043621036911011,88.9364299101093,293.75579791393454
28646575,-4.955574,-3.236491,0.17146310369110118,105.28835872646626,163.49686794463054
28646575,-4.955574,-3.236491,0.17146310369110118,105.28835872646626,163.49686794463054
28632046,-0.447542,1.191149,-0.006995896308898963,276.96870957295084,249.82358477182032
28632046,-0.447542,1.191149,-0.006995896308898963,276.96870957295084,249.82358477182032
28573152,-4.525997,0.08705,-0.006544896308898984,143.39343133894062,69.57384305816745
28646581,-0.776692,1.540124,-0.007284896308898947,292.5061542699735,198.86372062313916
28646581,-0.776692,1.540124,-0.007284896308898947,292.5061542699735,198.86372062313916
28643660,-0.502185,1.580965,-0.010612896308898945,312.5648249696261,226.45440893591
28643660,-0.502185,1.580965,-0.010612896308898945,312.5648249696261,226.45440893591
28646582,-0.615362,1.76674,-0.0057758963088989645,327.86508205440634,201.7137277246444
28646582,-0.615362,1.76674,-0.0057758963088989645,327.86508205440634,201.7137277246444
28609150,-2.936534,1.35803,0.01948110369110112,199.846741459932,52.33756923649972
28646583,-3.609001,-1.737948,0.39324710369110105,112.84036726317646,167.22059121479043
28646583,-3.609001,-1.737948,0.39324710369110105,112.84036726317646,167.22059121479043
28657396,-1.492973,-1.733178,0.07042610369110114,148.19854039556742,250.50485080581052
28657396,-1.492973,-1.733178,0.07042610369110114,148.19854039556742,250.50485080581052
28621193,4.160349,-11.13033,-0.017425896308898903,119.80985297411095,426.5936708079512
28657398,-2.150275,-4.822657,0.0702701036911011,116.57213924435108,262.80370866056296
28657398,-2.150275,-4.822657,0.0702701036911011,116.57213924435108,262.80370866056296
28656066,-0.842704,-2.128049,0.5621341036911011,125.09568903341028,291.9552145220904
28649412,-3.280682,-8.385756,2.1868851036911012,38.07297397626718,272.6937937696162
28649412,-3.280682,-8.385756,2.1868851036911012,38.07297397626718,272.6937937696162
28646593,-3.501768,-2.034764,0.05692510369110115,126.76626720756428,179.72960460783688
28646593,-3.501768,-2.034764,0.05692510369110115,126.76626720756428,179.72960460783688
28628878,-1.542054,1.497208,-0.021086896308898817,254.58524362481373,132.89216340522808
28657400,-1.854309,-3.780331,0.5961141036911011,103.84302762980272,266.36084380081934
28657400,-1.854309,-3.780331,0.5961141036911011,103.84302762980272,266.36084380081934
28656070,-0.7174,-4.147337,-0.06015489630889892,134.69119310588093,301.87417101287633
28657401,-1.464169,-1.832134,0.060792103691100996,147.6115459092603,253.21338906237384
28657401,-1.464169,-1.832134,0.060792103691100996,147.6115459092603,253.21338906237384
28638227,5.209289,-19.502268,1.635693103691101,74.75493250108596,425.4322145292255
28657407,-1.411495,-2.178134,-0.07325589630889895,149.63681877586947,259.1101430203907
28657407,-1.411495,-2.178134,-0.07325589630889895,149.63681877586947,259.1101430203907
28638229,0.303883,1.05962,-0.0012088963088989768,301.7313835264258,337.730231010839
28657412,-1.350011,-2.35206,-0.08068389630889894,148.36967894102577,263.71250571394324
28657412,-1.350011,-2.35206,-0.08068389630889894,148.36967894102577,263.71250571394324
28638234,0.451533,0.949222,-0.007263896308898898,298.91719145115115,355.55408971210363
28653118,-3.136729,-0.014065,0.5328671036911011,126.20900020422737,120.37940065250515
28649426,0.517981,1.292598,-0.010001896308899028,342.5690032011114,367.6545503030801
28656083,-0.538809,-6.938046,0.6607721036911011,96.61864731706795,324.5817378207186
28657422,-3.108698,-1.057347,1.643650103691101,34.88811944097429,156.35226781675078
28657422,-3.108698,-1.057347,1.643650103691101,34.88811944097429,156.35226781675078
28643737,0.005922,1.611817,-0.005497896308898964,350.7292731819381,290.754596867333
28628948,-5.621625,-3.164138,2.054653103691101,15.896546370059724,131.11736263625968
28628948,-5.621625,-3.164138,2.054653103691101,15.896546370059724,131.11736263625968
28657424,-0.923187,1.862793,-0.008087896308898834,319.81774973436325,158.87693131225933
28649435,0.119067,-5.267064,0.13265710369110106,125.231403719176,335.9464128369904
28616542,-3.734536,-1.676169,0.010229103691101082,130.07448345430785,163.19712705008362
28625399,-1.480814,2.354068,-0.021726896308899013,349.5364365261943,38.25638987047708
28635358,-1.42204,-3.736396,0.5271941036911011,109.7398271175991,280.8019697014104
28635358,-1.42204,-3.736396,0.5271941036911011,109.7398271175991,280.8019697014104
28657431,-3.693005,-3.419724,0.09162610369110102,114.5267290938316,201.3526486887796
28657431,-3.693005,-3.419724,0.09162610369110102,114.5267290938316,201.3526486887796
28657432,-3.30439,-2.851385,0.05676510369110099,121.92213767901816,202.95139574737863
28657432,-3.30439,-2.851385,0.05676510369110099,121.92213767901816,202.95139574737863
28649444,1.11794,0.296385,0.012169103691101135,272.9725985701129,425.1298896876838
28640964,-1.672339,1.75851,-0.010532896308898865,268.32205945316946,98.7726302085968
28643781,-0.210659,-6.700982,0.17559410369110107,114.15976956298252,327.7920460755193
28640972,-2.715617,0.903342,0.02959310369110102,187.872366482492,98.73075199660722
28611765,-1.032188,1.909315,0.03467710369110111,316.0504636662848,141.56123153412224
28657446,-0.707821,1.794331,-0.012753896308898893,325.5994978249677,188.85065997623863
28657446,-0.707821,1.794331,-0.012753896308898893,325.5994978249677,188.85065997623863
28643793,0.772354,1.6813,0.000343103691101021,436.1568377916508,426.4081298749106
28653148,-2.338684,0.297622,0.004108103691101039,178.98591228672635,152.777000419707
28643794,0.71117,-0.00219,0.0009601036911011107,240.30347539227125,375.5790796961591
28605564,-1.028142,1.915048,0.034254103691101045,317.0692542461625,141.42704789948016
28657449,-4.033432,-5.088645,0.9198651036911011,77.21867997750343,217.8675733022077
28657449,-4.033432,-5.088645,0.9198651036911011,77.21867997750343,217.8675733022077
28643797,0.867131,0.769238,0.004317103691101165,302.27733197880593,406.973909518169
28656114,0.299246,1.115595,-0.007643896308898945,307.599616021321,336.6893440064078
28635391,3.033124,-17.817549,4.580339103691101,6.6569505201571815,429.3778536897984
28643805,1.018914,1.039709,0.004546103691100978,342.32019457122175,439.1819473549159
28657455,-4.020066,-5.155252,1.513450103691101,54.218534761261566,220.2908002076472
28657455,-4.020066,-5.155252,1.513450103691101,54.218534761261566,220.2908002076472
28657456,-2.647228,-3.030226,0.16588610369110102,120.89924218971072,227.2502153286825
28616612,-3.58634,-1.906583,-0.0032818963088989683,129.78410335094978,174.0570884088643
28616612,-3.58634,-1.906583,-0.0032818963088989683,129.78410335094978,174.0570884088643
28652081,-5.476897,0.343228,-0.01762689630889902,136.66976450841355,24.115588303057564
28657465,-0.773205,1.090625,-0.021656896308899,256.5215106173768,222.55569690388097
28657465,-0.773205,1.090625,-0.021656896308899,256.5215106173768,222.55569690388097
28652083,-3.014095,1.72632,-0.023433896308898916,217.13484081874773,14.138824337510895
28657467,-3.298588,-4.795146,0.3259611036911011,102.08921418019254,232.0649242374664
28657467,-3.298588,-4.795146,0.3259611036911011,102.08921418019254,232.0649242374664
28655011,-3.003975,1.828046,0.006231103691101136,220.5831576629489,1.225349903462245
28605599,-1.102648,1.8667,-0.013793896308898823,309.2902590929067,139.7548529444326
28611807,-1.075581,1.824685,-0.017415896308898837,306.3368559337941,146.55746128890826
28646775,0.629509,1.380967,0.012548103691101042,362.9468878640448,388.9743586405213
28638378,-1.8102,1.81505,-0.017290896308898906,267.13668244352687,82.23018135384027
28646776,0.681196,1.522165,0.006733103691101139,392.186031799867,401.78218688535605
28629137,-0.897813,-1.902703,0.093162103691101,151.3374895402809,280.1952883214937
28625539,-1.409876,1.500306,-0.015594896308898987,259.8506487500576,143.23528448194372
28646778,0.65325,1.180385,0.004714103691101146,336.15859537723134,387.1933083057349
28652091,-2.962088,1.634488,-0.01466489630889889,213.5942557985877,26.23747330299224
28605614,-1.091219,1.844231,-0.01196189630889899,307.292333540016,143.01532441735424
28655018,-2.920191,1.608322,-0.003474896308898856,212.7900001813619,30.624601827872425
28655021,-5.269643,-0.079643,-0.019356896308898808,133.81081920879188,53.796784378947706
28629168,0.46916,-15.605113,3.9153851036911007,14.310388410690138,377.8781455155301
28641125,-1.228067,1.708268,-0.0029808963088988616,284.96326682769313,141.85181317761857
28646793,0.836404,0.558006,0.01614210369110114,281.1612740630188,398.732027808437
28629169,0.080305,-5.575448,0.04523110369110106,125.92805295669798,333.63077136868026
28623062,-4.419337,-0.120455,0.0003341036911010953,141.35262875664745,83.56019462520456
28616685,-2.949634,-1.331149,1.7659821036911012,26.90368515520464,174.86854723141093
28616685,-2.949634,-1.331149,1.7659821036911012,26.90368515520464,174.86854723141093
28650924,-3.251625,-0.460968,1.576859103691101,35.651110977545926,119.48340379444934
28629182,2.204086,-18.922892,2.597453103691101,52.2833711162414,387.6577909094238
28629183,2.005106,-17.919006,4.540719103691101,7.584765072540648,407.798345183069
28629184,2.990244,-21.567169,0.3223041036911011,90.14318713343404,375.67088439466136
28652097,-2.951347,1.569817,-0.021590896308898877,211.36001947560592,33.71050670412896
28629185,0.460603,-4.82315,0.30522310369110106,124.28573491480384,351.0470633730995
28629187,2.953065,-21.862734,2.282782103691101,60.49973276538714,389.42516856465903
28629188,3.020651,-21.850018,1.4974081036911011,72.91516941925815,384.20568533850775
28616696,-3.487186,-2.597125,0.048295103691101016,122.7981061592015,192.4083206536472
28616696,-3.487186,-2.597125,0.048295103691101016,122.7981061592015,192.4083206536472
28641145,-0.895719,1.532446,-0.012983896308898846,285.96720932488074,187.35226642130965
28641145,-0.895719,1.532446,-0.012983896308898846,285.96720932488074,187.35226642130965
28657488,-2.293485,-2.488972,1.740874103691101,39.80118328418419,239.75684325167236
28657488,-2.293485,-2.488972,1.740874103691101,39.80118328418419,239.75684325167236
28632315,-1.35747,2.40998,-0.021029896308898843,369.7781456893962,40.73100482357526
28652101,-2.933766,1.535896,-0.02074089630889886,210.2513831921535,37.93375946923655
28629202,4.922624,-19.866394,0.21134810369110113,97.26084111713874,405.33033782157065
28655033,-4.75107,-0.414681,0.1609621036911011,125.99674606442515,82.74078068705387
28629212,6.84508,-20.506742,1.536351103691101,78.95917889696085,446.8305277128515
28629213,6.865399,-20.186928,0.516760103691101,96.07339009860289,437.2251445160788
28570565,-0.909538,1.917466,-0.004746896308899018,327.61670487833874,155.22292362730363
28570565,-0.909538,1.917466,-0.004746896308899018,327.61670487833874,155.22292362730363
28641196,-0.849559,-1.988999,0.46304710369110114,131.94082938546455,288.74875958296496
28652112,-2.936306,1.325022,0.009458103691101005,199.2278956853565,55.63612264898998
28657501,-2.279258,-4.314086,0.009340103691101165,120.76628710830111,253.96729645686275
28657501,-2.279258,-4.314086,0.009340103691101165,120.76628710830111,253.96729645686275
28591798,-4.796357,0.982134,0.005961103691101144,154.07626560232046,2.8390146596098877
28653193,-0.80812,1.762602,-0.006265896308898844,314.8088175551203,179.9275372192608
28655046,-3.327942,-0.076899,1.269026103691101,63.582017998379,98.59000960687573
28641230,0.121744,1.003953,-0.007501896308898859,287.5628931004993,315.95372041765154
28604809,-1.068002,1.981495,-0.015004896308898896,325.78417476843833,131.70321798608637
28657514,-3.520334,-7.744588,1.748284103691101,50.98096879619342,260.2160432425266
28657514,-3.520334,-7.744588,1.748284103691101,50.98096879619342,260.2160432425266
28657517,-3.655691,-7.848808,2.955754103691101,6.637232067474628,264.394606339579
28625736,-5.567199,-3.205512,0.6343831036911011,84.48391852102671,144.66118881279192
28616789,-3.006408,-2.891369,0.052981103691100984,123.8741704829016,213.03596327006244
28657520,-3.409342,-7.755123,2.690555103691101,16.98680098495379,268.4634986748807
28657522,-0.30278,1.600722,-0.00441989630889883,327.2389486071315,249.6539307883467
28657522,-0.30278,1.600722,-0.00441989630889883,327.2389486071315,249.6539307883467
28657530,-1.623317,-4.991029,0.7352731036911011,94.7888498984402,285.2623022153376
28651004,-0.704162,0.989807,-0.00946289630889896,251.60166594588063,232.95157114683536
28651004,-0.704162,0.989807,-0.00946289630889896,251.60166594588063,232.95157114683536
28638534,-4.365814,-1.950392,-0.0010788963088990133,123.25800159789542,150.64661417695555
28657533,-1.327638,-3.859687,0.6952461036911011,102.43455404665228,287.08862375543447
28644055,-2.776474,1.907717,-0.00554689630889893,233.7369298418673,5.208263527418438
28657536,-0.963455,-3.163627,-0.06947789630889889,142.24232882552818,286.79414037110564
28644063,-1.612199,2.311691,-0.014380896308898938,332.49708604303805,32.392235040009155
28655077,-3.141189,-0.049044,0.3090861036911011,140.39144103093452,125.63895555631092
28644082,-5.042325,-0.467606,0.004076103691101007,130.60875252969558,78.72679241863673
28602448,-4.720453,0.673826,0.01385510369110099,149.0384127944344,27.361420650914795
28619289,-4.461469,-0.034256,0.0027361036911011105,141.93225203382218,77.81402918031392
28616849,-4.507756,-6.637199,-0.04505189630889883,102.23008966516834,222.8601804515205
28651040,-0.331808,1.335559,-0.013400896308898957,296.18728217997705,256.77460108139
28651040,-0.331808,1.335559,-0.013400896308898957,296.18728217997705,256.77460108139
28638586,2.313796,-10.524925,0.10842810369110101,111.92357362695164,386.523132520408
28657555,-0.120908,1.323086,-0.014409896308898995,306.45854465766405,281.5272078117555
28657559,-0.567484,-2.045111,0.9997581036911011,102.27366350842516,314.463884362132
28657561,-1.773812,-12.187427,2.175674103691101,48.46673708019577,318.5048017774043
28625925,-2.245667,-2.481461,0.18647010369110117,127.41884309912037,232.7550165225471
28625925,-2.245667,-2.481461,0.18647010369110117,127.41884309912037,232.7550165225471
28616877,-3.634555,-4.78491,1.228183103691101,66.86823447195408,225.38347466252245
28616877,-3.634555,-4.78491,1.228183103691101,66.86823447195408,225.38347466252245
28657564,-0.310765,-2.047648,0.2748591036911011,146.97935615662325,313.3304092740667
28632638,-1.423552,-3.745745,0.09055610369110112,127.25144961790652,276.5189478723905
28632638,-1.423552,-3.745745,0.09055610369110112,127.25144961790652,276.5189478723905
28619329,-6.473128,-1.257018,0.033207103691101025,111.67908368346818,69.9427724796252
28657572,-0.434753,-6.783004,0.9706121036911011,87.04610781323976,331.2326176629846
28649692,-4.692709,0.504697,0.005538103691101082,147.05640841482153,39.54794798646023
28644165,-2.112941,2.015629,-0.016719896308898807,269.8857856576322,35.494226478145464
28623298,-3.7998,0.537554,1.594276103691101,18.917898343175096,6.616236545241662
28657580,0.757223,-15.122824,0.22898210369110106,94.62719581128556,349.5754073163088
28625984,-1.50084,-3.826005,0.525212103691101,108.81544151395984,278.6727574408287
28625984,-1.50084,-3.826005,0.525212103691101,108.81544151395984,278.6727574408287
28644172,-5.279823,0.086328,0.07419210369110107,130.74101292362985,42.306277425252176
28657583,0.356221,-4.903336,0.507872103691101,115.255097554125,350.695683129905
28626006,-0.715706,-2.0599,0.809793103691101,112.754570202444,302.31596836873143
28600921,-0.928664,1.954741,-0.015256896308898815,331.8799586286574,149.69328230768193
28644188,-2.795787,1.01216,0.009589103691101108,191.0612063992132,87.53953124415736
28647119,-3.698043,0.417219,1.723876103691101,3.762775343946032,17.83147628804025
28649732,-5.126342,-0.50311,0.18511510369110118,120.4270025055786,74.08917935787696
28657590,0.69184,-5.054337,0.3947861036911011,120.8558311087707,360.9936050603702
28649733,-1.754466,2.068668,-0.021983896308898965,293.8749992130969,56.74923691850495
28657593,2.372284,-20.963078,0.22650210369110102,90.9958006577814,367.8111251383125
28626036,0.398543,-4.261621,0.10901910369110102,135.79742331453207,345.63126794354406
28654317,-4.961314,0.158048,0.28631110369110113,122.9248172631374,42.70115597756879
28644204,-2.707602,0.917582,-0.042432896308898904,193.12878695138795,100.08697443174052
28641525,-2.733895,0.935845,0.024719103691100974,188.86628335724225,95.69899448139084
28626058,0.749428,-5.086267,0.201406103691101,128.1909787855253,359.41563014480084
28647135,-3.662908,0.291054,1.5910581036911011,23.70798523102769,39.81888618027858
28591874,-4.820171,0.706056,-0.006775896308898854,149.4461505122798,22.3928426410817
28647140,-1.546383,2.291837,-0.016668896308899006,334.64747000000943,41.99497215764086
28647141,-6.309801,-0.846133,0.10202710369110113,112.34144599069424,56.620145051693896
28616961,-0.58098,0.608325,-0.030219896308898875,234.63168409393128,255.56322343444864
28616961,-0.58098,0.608325,-0.030219896308898875,234.63168409393128,255.56322343444864
28651104,-2.068631,-4.10601,0.36327810369110103,110.32109138258151,260.63622963679336
28626102,6.662761,-19.835234,1.1375931036911011,85.89254002084874,442.6292791142874
28651110,0.053208,1.229717,-0.002911896308898987,305.67069057125934,305.09471765823565
28655125,-2.346895,0.185472,-0.025543896308898972,177.6388407185608,157.6221536470861
28652236,-3.180782,-0.063632,0.14336210369110103,149.62909153898482,127.05878761727708
28609769,-3.959115,-1.309952,-0.009251896308899,132.53463204340255,145.33968498275743
28629572,-1.618116,1.953579,-0.020708896308898828,289.4909698763739,82.56425822414371
28647165,-5.105777,-0.649936,0.17710710369110116,119.7339687669712,81.41469685599418
28652242,-3.057261,-0.015556,-0.025831896308898816,161.84109961903908,132.7168639844611
28654340,-2.86001,1.123534,0.00022310369110112305,194.1168035178719,76.27601802829892
28654344,-2.758489,1.162097,-0.014731896308898929,198.9286928117341,79.30927982483792
28649815,-1.825621,1.519522,-0.003139896308898882,243.9283099739361,108.87107174469216
28649830,-5.594305,-3.251669,0.05995010369110099,105.86109852510732,148.40710695364612
28638720,-1.444012,2.522828,-0.026368896308898826,383.3481817307479,10.176500008706796
28591899,-4.699894,0.599103,0.011169103691101023,148.19881518929566,33.11311849118647
28649842,-0.835597,2.038083,-0.009191896308898828,350.7819342489637,151.80290693320856
28649842,-0.835597,2.038083,-0.009191896308898828,350.7819342489637,151.80290693320856
28649846,-1.139008,1.786298,-0.014312896308898981,298.2922168985882,143.67768929411642
28652261,-4.152915,-2.268416,0.09488110369110103,118.51709994039616,164.57655886996633
28649859,-4.767291,0.920349,0.014553103691101077,152.79494626046062,8.20161169780772
28651137,-0.544837,-2.141183,0.9129621036911011,107.3500506609368,314.37185100676624
28655161,-3.810589,-4.924499,1.2190941036911012,66.63664498032924,222.2818415444353
28655161,-3.810589,-4.924499,1.2190941036911012,66.63664498032924,222.2818415444353
28655164,-2.042837,-0.575709,0.042830103691101185,161.67425655006377,199.6106704613393
28651140,-0.087667,-5.171404,0.03362210369110108,127.95211816030418,327.5387300171593
28655165,-1.85458,-1.619283,2.0000651036911012,11.121758354926442,247.75908085323903
28655166,-2.042508,-2.265171,1.927397103691101,24.7340911150242,249.7032905161389
28655166,-2.042508,-2.265171,1.927397103691101,24.7340911150242,249.7032905161389
28653307,0.230649,1.857273,-0.01402789630889889,416.1921724519865,321.3970763837423
28655171,-1.839934,-1.991418,2.016803103691101,14.52792263035576,256.8421875412973
28655171,-1.839934,-1.991418,2.016803103691101,14.52792263035576,256.8421875412973
28655172,-2.9073,-3.259113,-0.020718896308898893,124.73432003523358,221.86548801535895
28655172,-2.9073,-3.259113,-0.020718896308898893,124.73432003523358,221.86548801535895
28655177,-2.761224,-3.066798,0.12500410369110115,121.48163997756842,223.945124800946
28655177,-2.761224,-3.066798,0.12500410369110115,121.48163997756842,223.945124800946
28655186,-1.905777,-2.332086,1.801011103691101,35.84669680991996,256.87779501037875
28655186,-1.905777,-2.332086,1.801011103691101,35.84669680991996,256.87779501037875
28641687,-5.578454,-3.233259,1.403364103691101,50.58422659520417,139.7734390126197
28655192,-1.908043,-2.329442,1.660406103691101,46.48719364723314,255.2163366662538
28655192,-1.908043,-2.329442,1.660406103691101,46.48719364723314,255.2163366662538
28649889,-1.264248,2.334756,-0.0009268963088988613,363.8099651587319,62.14059053715141
28647234,-1.38676,1.876534,-0.012162896308898885,293.7551003001579,111.27656295089704
28647244,-1.520934,1.738523,-0.01757989630889889,274.1669561210747,113.5187026198528
28649895,-4.573203,0.547044,0.04333010369110113,147.1424588916903,39.9746183693276
28641714,-0.830417,1.648108,-0.013766896308898824,301.0153726439288,186.1019057076572
28641714,-0.830417,1.648108,-0.013766896308898824,301.0153726439288,186.1019057076572
28653328,-0.199176,-4.350257,0.05105610369110103,132.72926484855725,322.3566780076225
28619523,-4.566614,0.440163,0.027834103691101175,146.37052263214804,47.34393027106151
28617093,-1.687041,-4.078123,0.47343010369110106,108.44351475726172,273.83782917565395
28617093,-1.687041,-4.078123,0.47343010369110106,108.44351475726172,273.83782917565395
28644433,-3.248148,-8.625208,2.6141551036911013,24.02150203846881,277.6467799466488
28644433,-3.248148,-8.625208,2.6141551036911013,24.02150203846881,277.6467799466488
28635998,-0.859769,1.595723,-0.007029896308898831,293.59041427476296,186.67441298514245
28635998,-0.859769,1.595723,-0.007029896308898831,293.59041427476296,186.67441298514245
28652296,-3.569998,0.534163,1.705970103691101,3.962296632610503,12.826185397669605
28653333,-1.053844,-13.236322,1.6046021036911011,64.35069533551615,328.92213892547653
28641733,-2.852751,-3.121343,0.026864103691101038,124.29203395605823,221.58774890046595
28641733,-2.852751,-3.121343,0.026864103691101038,124.29203395605823,221.58774890046595
28617110,-1.603175,-4.198616,0.45485810369110113,109.06892321632144,277.5049574917237
28617110,-1.603175,-4.198616,0.45485810369110113,109.06892321632144,277.5049574917237
28619548,-4.604405,0.31332,0.006521103691101038,145.09827538751287,54.08906531538989
28636011,-1.570299,-4.18033,0.7360251036911011,97.86136565706192,281.19997183717794
28555895,-4.807141,0.726043,-0.005418896308899024,149.89020531197434,21.44194036492692
28636014,-1.482323,-5.24423,0.3205681036911011,109.6283265868354,287.33688335382305
28636014,-1.482323,-5.24423,0.3205681036911011,109.6283265868354,287.33688335382305
28655217,-2.430712,0.120689,-0.007028896308898913,173.51710710078015,155.97375160382128
28655218,-2.537211,-0.097015,-0.1064498963088989,172.29041200441435,160.49620277933394
28655219,-4.110412,-1.911283,0.2526851036911011,114.44977157383414,155.9079500472999
28655223,-2.516502,-0.249478,-0.12492589630889883,170.2978499835132,167.23697729442642
28655224,-2.152055,0.191049,0.08390510369110116,174.74080951069467,166.72548615318456
28652314,-3.606795,0.293986,1.746121103691101,3.552362329660923,34.88827819100902
28653339,0.150127,-5.098491,0.057606103691101085,129.17836171249326,335.7698187622762
28617128,-1.577051,-5.57128,0.014278103691101052,117.60259108870665,283.90835945526925
28617128,-1.577051,-5.57128,0.014278103691101052,117.60259108870665,283.90835945526925
28655227,-2.132252,0.157223,0.08619910369110118,174.0798696707234,169.21658119307355
28655229,-0.913248,1.891989,-0.0040368963088988075,323.9737876480483,157.20127768121603
28655229,-0.913248,1.891989,-0.0040368963088988075,323.9737876480483,157.20127768121603
28649922,-0.958425,2.43227,-0.015766896308898826,415.40670870570455,82.67560937462656
28649922,-0.958425,2.43227,-0.015766896308898826,415.40670870570455,82.67560937462656
28652321,-2.307664,0.95744,-0.010705896308898843,201.78037559793688,119.035814436177
28636055,-0.110222,1.300415,-0.007186896308899016,304.25225330774026,283.6462625146691
28629799,-3.222971,-3.220423,0.06992410369110114,119.4755083442035,211.81072752479452
28629799,-3.222971,-3.220423,0.06992410369110114,119.4755083442035,211.81072752479452
28564848,-6.938673,-0.267354,0.13562710369110098,109.88391547838113,12.542557354342703
28649947,-0.907638,2.384611,-0.003550896308898821,409.8227746930844,96.60566132930036
28649947,-0.907638,2.384611,-0.003550896308898821,409.8227746930844,96.60566132930036
28591962,-4.564338,0.351936,0.017511103691101093,145.58309957649578,52.976762033387416
28641808,0.027492,1.318013,0.0030091036911010782,313.513717105119,300.613198612235
28638908,-0.420233,1.814012,-0.001559896308898967,348.4078054645177,223.0228116900164
28638908,-0.420233,1.814012,-0.001559896308898967,348.4078054645177,223.0228116900164
28653353,1.079467,-16.736015,2.757370103691101,45.19837801401124,375.0060402445641
28636071,0.700441,0.631894,-0.007960896308898846,282.5391032378138,382.19496881310033
28647329,-2.884634,1.159179,-0.0021738963088988594,194.98817469982143,72.32906434242707
28656423,-3.141439,1.77062,0.009454103691101112,213.14684197283057,0.3488298871029656
28629819,-0.905203,1.511925,-0.01620989630889902,283.7985346575353,187.78063240955552
28629819,-0.905203,1.511925,-0.01620989630889902,283.7985346575353,187.78063240955552
28626549,-1.617551,1.966953,-0.018270896308898887,290.71635712647094,80.9088273560771
28653355,1.068282,-16.690083,3.0949471036911014,37.67322821361918,378.2030426156644
28656426,-5.202895,0.5343,0.15336010369110098,132.63085682180252,15.173749315156044
28656428,-5.294822,0.302726,0.02863310369110117,135.66191196196291,30.8201122427522
28626560,-1.574238,1.86011,-0.01803089630889887,282.5420737868234,96.68087480469784
28647341,-1.180873,2.202911,-0.025740896308898975,349.9131911013811,92.97703587056888
28656429,-3.034152,1.565208,0.01169610369110119,206.5210767253305,27.99843724035017
28656432,-4.61704,0.264485,-0.012945896308898863,145.27018269574145,56.939053899766265
28656435,-4.701374,-0.195191,0.19575010369110113,126.94008711231288,73.20875774959936
28623549,-1.902529,-2.319459,1.8768441036911012,29.76160651252158,257.676612954969
28623549,-1.902529,-2.319459,1.8768441036911012,29.76160651252158,257.676612954969
28656445,-3.345126,0.034851,1.497145103691101,39.31526437378267,83.08446322895898
28647355,-1.159934,2.139095,-0.01499589630889897,341.2418607428796,103.2345755695958
28626613,-1.518208,1.417274,-0.023230896308898963,250.14435164517613,140.93982117430446
28629870,-0.587729,1.288691,-0.01053589630889884,278.9659123317722,231.54722896426537
28615066,-0.976043,1.994713,-0.01602889630889881,334.073745655498,140.33749945171346
28623566,-1.471142,-3.878194,-0.05176389630889888,131.18142841583926,274.7276201511781
28623566,-1.471142,-3.878194,-0.05176389630889888,131.18142841583926,274.7276201511781
28612493,-1.034768,1.901465,0.03191410369110104,315.0590417668785,142.1545993838675
28610071,-3.142315,-2.573588,0.040503103691100995,125.8077718137542,202.93700995821936
28610071,-3.142315,-2.573588,0.040503103691100995,125.8077718137542,202.93700995821936
28647377,-1.475823,1.762174,-0.01597489630889881,278.32887221046246,115.03986107147264
28641863,0.61847,1.126496,-0.04284789630889896,329.4194299619212,377.2030666407944
28629898,-0.242939,-7.005563,1.547134103691101,66.45801427694633,345.2984138531597
28655340,-0.593088,1.068405,-0.0005798963088989861,260.7559603985998,240.21416997209087
28655340,-0.593088,1.068405,-0.0005798963088989861,260.7559603985998,240.21416997209087
28656458,-3.237401,0.054513,1.270214103691101,64.04292357293235,94.52753456426412
28629905,-0.092898,-7.033824,1.562411103691101,66.38077128667499,350.3435739182813
28612516,-1.093228,1.84843,-0.016767896308898855,307.9348336594091,142.53868406039717
28629916,1.593461,-17.427055,4.618246103691101,3.534367140719212,402.6151389572266
28629919,2.971986,-21.67577,0.7272011036911011,84.29281090834507,378.1474289147704
28629920,2.35166,-18.844231,3.8556801036911015,26.58719126618979,402.9584415619712
28629924,0.70907,-4.98663,0.10365610369110101,132.18820251643598,356.3444809053781
28650011,-0.816179,2.126373,-0.012534896308898924,367.19849024070817,144.55450772732604
28650011,-0.816179,2.126373,-0.012534896308898924,367.19849024070817,144.55450772732604
28612532,-1.080356,1.830284,-0.015819896308898906,306.5892207348913,145.51841691700673
28629931,-0.161726,1.429832,-0.006084896308898857,315.46268404389883,273.7455106463276
28629931,-0.161726,1.429832,-0.006084896308898857,315.46268404389883,273.7455106463276
28612537,-4.819361,0.682039,-0.010173896308898867,149.24193121819818,24.158808082300908
28654433,-4.848144,-3.193618,0.20422310369110108,104.83914977830996,165.27446083519283
28654433,-4.848144,-3.193618,0.20422310369110108,104.83914977830996,165.27446083519283
28650020,-0.797298,2.053625,-0.005277896308898855,356.19752245580867,154.72568222914936
28650020,-0.797298,2.053625,-0.005277896308898855,356.19752245580867,154.72568222914936
28647409,-2.582468,0.727097,-0.01781889630889899,188.04892375190136,117.95303359454302
28655376,-0.609368,-2.071846,0.9255801036911011,106.48360143503707,310.6077161344208
28655378,-0.611048,-2.092115,0.9803231036911011,102.80908437576866,311.8008612934012
28654438,-2.455454,0.242603,0.009987103691101007,175.11612597951333,149.17766365583282
28656477,-3.321797,-0.543444,1.621337103691101,31.591768153798853,119.6467516885804
28656480,-5.639303,-3.193721,2.197645103691101,7.760618539285673,130.12759883164432
28656480,-5.639303,-3.193721,2.197645103691101,7.760618539285673,130.12759883164432
28655392,0.143741,1.140437,-0.01200789630889898,301.9126919725256,316.9350687813538
28654443,-2.411408,0.191167,0.023040103691100988,173.82069677888614,153.59221040704568
28655400,0.207164,1.201911,-1.4896308898837418e-05,311.2514121989479,324.928785177321
28619722,-1.100754,1.861382,-0.017852896308898858,309.02972630307744,140.5700010271979
28655408,1.098855,-16.372202,2.555594103691101,49.1320979177506,374.1234840752821
28656492,-3.624338,-0.803691,0.5015381036911011,114.25192930497828,135.0729674388787
28619729,-1.028958,1.919082,0.034932103691101,317.4888970747646,140.9066677348455
28650044,-0.703798,1.994578,-0.012469896308898942,354.6164241946214,172.36520169796964
28650044,-0.703798,1.994578,-0.012469896308898942,354.6164241946214,172.36520169796964
28615166,-1.092829,1.852084,-0.007711896308898902,307.841567412082,141.99517741808242
28633195,-4.088407,-5.373329,0.038258103691101164,105.5880001946911,218.5384180327685
28633195,-4.088407,-5.373329,0.038258103691101164,105.5880001946911,218.5384180327685
28650046,-1.117555,1.49082,-0.013626896308899017,271.72183053174246,169.21282715512942
28650046,-1.117555,1.49082,-0.013626896308899017,271.72183053174246,169.21282715512942
28652417,-3.291467,-0.537961,1.722283103691101,21.222674450504968,118.9152297197292
28644711,-1.594599,2.447065,-0.011595896308898901,354.88141167466847,9.188315741906507
28651328,-3.71675,0.328221,1.5866791036911012,23.488483022225463,33.52517627760599
28617313,-0.087373,-6.351308,-0.05059189630889893,123.36827443717276,328.1299424203576
28615180,-1.062971,1.81952,-0.01325989630889901,306.2590372375416,148.21231004447253
28615180,-1.062971,1.81952,-0.01325989630889901,306.2590372375416,148.21231004447253
28655438,0.895921,1.130648,-0.001707896308899004,346.4282227195455,422.7658032011002
28647461,-1.068259,1.626291,-0.012506896308899007,285.98996437499176,163.86812233664773
28647461,-1.068259,1.626291,-0.012506896308899007,285.98996437499176,163.86812233664773
28619759,-0.955013,1.981627,-0.013270896308898994,333.61430909301623,143.96822811286967
28647466,-0.931753,1.760897,-0.008007896308898976,307.1526726682446,166.77575614338605
28647466,-0.931753,1.760897,-0.008007896308898976,307.1526726682446,166.77575614338605
28650055,-4.271416,-1.558667,0.28420710369110114,114.22939104791136,140.21833487669505
28584225,-4.81331,0.823064,0.0028511036911009757,151.03874690740736,14.139653186204129
28647472,-4.228864,-1.436246,0.09961310369110099,124.10082668259275,139.42811192068052
28647475,-0.888515,1.75002,-0.007102896308898821,308.45396231601376,172.22190334059673
28647475,-0.888515,1.75002,-0.007102896308898821,308.45396231601376,172.22190334059673
28612676,-4.48104,0.227448,0.028153103691101133,144.11112843346046,62.76843933184432
28598710,-4.668425,0.437405,-0.001903896308898867,146.7058433731503,44.7593781179817
28633250,-0.330972,-2.066111,0.33571610369110105,143.35562726625818,313.5819861792311
28633253,-0.354448,1.201444,-0.010140896308898917,282.3866360419559,259.08198591353295
28633253,-0.354448,1.201444,-0.010140896308898917,282.3866360419559,259.08198591353295
28656509,-0.998914,1.920478,0.033659103691101144,319.7585811101783,144.07860609721527
28656509,-0.998914,1.920478,0.033659103691101144,319.7585811101783,144.07860609721527
28647497,-5.080854,-3.223404,0.12591910369110115,106.33880115520812,160.20016802711305
28647497,-5.080854,-3.223404,0.12591910369110115,106.33880115520812,160.20016802711305
28647498,-3.566144,-1.432775,0.4221481036911011,113.97928868051476,159.74603829695053
28601046,-1.084897,1.966677,-0.012671896308898978,322.5798143508096,131.4169198036351
28650069,-1.154669,1.212797,-0.0027768963088989906,248.9785914808097,183.49324153392837
28650069,-1.154669,1.212797,-0.0027768963088989906,248.9785914808097,183.49324153392837
28633266,1.399475,-8.573956,0.07606410369110117,116.31989301799072,369.1019730223382
28639209,-1.81592,1.782809,-0.008825896308898962,263.69110216484745,84.82099696468259
28633270,0.03416,1.243666,-0.017577896308898833,306.89661047309176,301.8925406983657
28633273,3.932543,-10.225451,0.09833110369110099,119.79587296276652,428.9274068264276
28644811,-4.085794,-1.021819,-0.016133896308898832,134.69017854833197,131.83430385378392
28647514,-5.55728,-3.21638,2.321820103691101,0.5399412527098661,132.1493241062675
28647514,-5.55728,-3.21638,2.321820103691101,0.5399412527098661,132.1493241062675
28626874,-3.120489,-3.190427,0.07750810369110117,120.05471753412642,214.45829054700772
28644819,-4.296767,-1.999212,0.010242103691101123,122.92747685957023,153.9373356974333
28656519,-2.397603,0.091007,0.006816103691101194,172.5587331752191,158.76177106661763
28656522,-4.335433,-2.792461,-0.09627489630889885,121.2562971944098,171.80623533318325
28612719,-4.543339,-0.017021,-0.019344896308898907,142.40014920862845,74.57280092860859
28656528,-2.373958,-0.037844,-0.005726896308898999,170.6508827223726,165.26871502889188
28652471,-3.126463,-3.512161,0.32481710369110106,108.54902540605735,219.8261114061584
28652471,-3.126463,-3.512161,0.32481710369110106,108.54902540605735,219.8261114061584
28623755,4.611725,-17.613989,1.178849103691101,82.93495515160643,418.19487781957935
28639273,-0.515252,1.482285,-0.014801896308898943,301.24495560246265,230.03508224420037
28639273,-0.515252,1.482285,-0.014801896308898943,301.24495560246265,230.03508224420037
28652479,-4.206898,-5.475581,1.026224103691101,72.48336197507558,218.6350904092784
28652479,-4.206898,-5.475581,1.026224103691101,72.48336197507558,218.6350904092784
28601069,-1.110734,1.916499,-0.010855896308898938,314.517119384846,133.8932588052876
28647608,-4.237998,-5.709592,0.09467210369110113,102.14507656931822,219.084831619948
28647608,-4.237998,-5.709592,0.09467210369110113,102.14507656931822,219.084831619948
28623776,7.412962,-22.99761,0.6780421036911011,91.41898423002576,434.8615948389455
28647620,-2.772758,-2.199306,1.458283103691101,56.133365967988624,210.2014787056518
28647620,-2.772758,-2.199306,1.458283103691101,56.133365967988624,210.2014787056518
28654481,-4.135132,-5.32776,0.7834481036911011,81.42595620463553,218.1287081487669
28654481,-4.135132,-5.32776,0.7834481036911011,81.42595620463553,218.1287081487669
28647621,-4.268613,-6.065858,0.5824161036911011,86.40869492760686,223.26379756072532
28647621,-4.268613,-6.065858,0.5824161036911011,86.40869492760686,223.26379756072532
28636422,-5.603099,-3.258138,2.266252103691101,4.287316161704126,132.55110432634677
28636422,-5.603099,-3.258138,2.266252103691101,4.287316161704126,132.55110432634677
28612770,-4.455622,-0.204178,-0.027382896308898896,141.25909459949122,86.79256516936255
28592056,-4.562117,-0.066687,-0.029680896308898808,142.04370496250516,76.60646770237483
28654483,-4.188007,-5.377285,0.5946831036911011,87.55457908254922,217.1331917732452
28654483,-4.188007,-5.377285,0.5946831036911011,87.55457908254922,217.1331917732452
28626968,-1.50589,-5.392621,0.19473710369110098,113.05390578877716,286.3972662760635
28626968,-1.50589,-5.392621,0.19473710369110098,113.05390578877716,286.3972662760635
28602648,-4.514785,-0.0438,-0.01280989630889895,142.01169483373235,76.75590393625265
28647638,-2.875366,-3.899552,0.3575581036911011,106.85876661754924,233.0705301291993
28647638,-2.875366,-3.899552,0.3575581036911011,106.85876661754924,233.0705301291993
28639324,0.868089,0.640625,-0.013089896308899007,291.3002527090691,402.3889802433547
28639327,1.322569,-0.267575,0.007924103691101081,244.61586829523256,430.6998518534797
28654484,-2.184551,-2.151628,2.0127861036911012,15.98685517952157,240.47737011817105
28654484,-2.184551,-2.151628,2.0127861036911012,15.98685517952157,240.47737011817105
28650124,-0.576041,1.403438,0.003997103691101067,289.0241162515903,227.56093240782465
28650124,-0.576041,1.403438,0.003997103691101067,289.0241162515903,227.56093240782465
28654488,-2.401718,-2.570831,1.8608281036911012,31.244812287422064,237.02465768191007
28654488,-2.401718,-2.570831,1.8608281036911012,31.244812287422064,237.02465768191007
28647651,-0.345142,1.039565,-0.0019778963088989965,268.9928732586618,265.2942835229418
28647651,-0.345142,1.039565,-0.0019778963088989965,268.9928732586618,265.2942835229418
28626996,-0.19068,-4.935804,0.03584610369110108,128.86085757249646,323.7237342525194
28627000,-0.096267,-5.104739,0.045481103691101143,127.95385738028232,327.3142738421112
28644982,-0.878724,1.615984,-0.008056896308898942,294.6711397245951,183.33330388170447
28644982,-0.878724,1.615984,-0.008056896308898942,294.6711397245951,183.33330388170447
28612827,-3.584795,0.146785,1.6079081036911012,23.992894140679734,56.52397534449364
28627018,1.651774,-9.121206,0.07229210369110106,115.2831041580352,374.1655626704529
28654490,-2.008769,-1.907719,2.036161103691101,11.259439153833,245.27121965598255
28654490,-2.008769,-1.907719,2.036161103691101,11.259439153833,245.27121965598255
28656589,-3.790096,-4.302416,1.274330103691101,64.18128870867343,213.91871726313505
28656589,-3.790096,-4.302416,1.274330103691101,64.18128870867343,213.91871726313505
28642161,-2.78061,0.965742,0.005289103691101138,190.10377114753655,91.70775611787414
28606179,-4.510057,0.01533,-0.013602896308898993,142.93245918404153,73.98031683088223
28642167,-2.755216,0.909968,0.0072541036911011325,188.68010047066971,96.77168091673872
28652501,-0.251577,1.405359,-0.01340589630889899,307.83340984763754,263.48461109314417
28652501,-0.251577,1.405359,-0.01340589630889899,307.83340984763754,263.48461109314417
28619924,-3.374803,-0.513184,1.587609103691101,34.43858364528691,115.77080607148912
28647694,0.186623,1.081805,-0.003127896308898981,297.8489663364177,323.10329455350507
28645029,-0.387893,1.684862,-0.005457896308898924,332.5604698707656,234.7229474114988
28645029,-0.387893,1.684862,-0.005457896308898924,332.5604698707656,234.7229474114988
28617458,3.352028,-20.098427,0.06603610369110102,96.03283947826746,381.01468999325016
28656612,-3.36591,-5.235487,1.016537103691101,76.01831422488934,237.7857087288092
28656612,-3.36591,-5.235487,1.016537103691101,76.01831422488934,237.7857087288092
28645037,-2.544861,-0.784215,1.959327103691101,0.2196776527916313,173.60372112824956
28656619,-3.341439,-7.584893,1.9724681036911011,43.34951025194633,264.59082251276726
28627057,5.816189,-18.712719,1.2970491036911012,82.3576877231784,435.6821213569473
28647700,-0.223236,-2.047473,0.16554410369110117,153.4829777883051,315.6726788349684
28647701,0.581413,1.487902,-0.0025378963088988904,377.2407906090737,381.975145898758
28651467,-5.599701,-3.270473,1.582810103691101,41.822980978165305,138.80914367552708
28651467,-5.599701,-3.270473,1.582810103691101,41.822980978165305,138.80914367552708
28654495,-2.12061,-2.285886,1.9300901036911011,24.47184087395391,245.97861609748975
28654495,-2.12061,-2.285886,1.9300901036911011,24.47184087395391,245.97861609748975
28642181,-2.721416,0.845429,0.009452103691101055,187.1726055075836,102.7175415346448
28656632,-2.396615,-4.45371,0.03639710369110105,118.3335821538448,252.09813178379
28656632,-2.396615,-4.45371,0.03639710369110105,118.3335821538448,252.09813178379
28647709,-0.406026,-7.353628,0.5496261036911011,99.46376428251676,327.5886063317107
28647710,0.529274,0.557207,-0.005191896308898825,269.26447333172075,362.0156289010205
28656636,-2.037884,-4.081779,0.6768491036911011,98.089066961655,263.72329189689617
28656636,-2.037884,-4.081779,0.6768491036911011,98.089066961655,263.72329189689617
28656638,-1.561605,-1.824924,-0.07139589630889898,152.73735127154373,247.8511333374653
28656638,-1.561605,-1.824924,-0.07139589630889898,152.73735127154373,247.8511333374653
28636552,-5.504409,-4.54059,-0.03888189630889882,104.5896172840838,174.97519307304287
28636552,-5.504409,-4.54059,-0.03888189630889882,104.5896172840838,174.97519307304287
28656640,-2.190361,0.337744,0.09729210369110097,177.14053719719453,157.9577290815615
28647718,1.006509,-18.319599,1.280861103691101,74.08445053896907,359.19078779950354
28601818,-1.05355,1.992014,-0.01716789630889881,328.29539807111223,132.19086290182133
28647724,1.507921,-9.141823,0.20914510369110118,111.06415378169264,372.3122211558333
28647725,1.860983,-9.939185,-0.1573438963088989,118.57377417074154,374.0717187503431
28656655,-3.702722,-2.500947,0.11018510369110102,119.44620357741267,183.60678647413485
28656656,-2.272045,-0.517675,-0.05829789630889892,164.9329091417194,187.13063958241293
28656658,-2.260694,-0.579632,-0.06634589630889898,164.31555431066454,189.56318013144065
28656658,-2.260694,-0.579632,-0.06634589630889898,164.31555431066454,189.56318013144065
28656659,-2.011188,-0.274021,0.055253103691101035,167.66627630160326,191.8063315657772
28656659,-2.011188,-0.274021,0.055253103691101035,167.66627630160326,191.8063315657772
28656661,-3.577779,-2.609098,0.3076331036911011,111.34382117452708,189.48466252139792
28656661,-3.577779,-2.609098,0.3076331036911011,111.34382117452708,189.48466252139792
28651496,-2.724485,-1.063364,1.999608103691101,0.6319327245591353,175.0356219192955
28651496,-2.724485,-1.063364,1.999608103691101,0.6319327245591353,175.0356219192955
28651497,-3.07596,-0.062335,0.01597510369110111,158.3578869107931,133.3860019625361
28617518,2.840865,-10.695251,0.09325410369110099,113.69252038670642,398.265612924097
28636584,-2.056709,-2.342323,0.10519910369110108,133.8994335624626,237.22741729435424
28636584,-2.056709,-2.342323,0.10519910369110108,133.8994335624626,237.22741729435424
28642208,-2.626335,0.676105,0.022991103691101022,183.04050251550868,117.77609117798784
28656666,-2.671541,-1.097884,1.994646103691101,1.8628417427275965,179.7497753521194
28656666,-2.671541,-1.097884,1.994646103691101,1.8628417427275965,179.7497753521194
28656669,-4.828977,-5.067715,0.989598103691101,71.82515057490369,197.5284288767624
28606221,-4.436497,-0.155889,-0.0004668963088989564,140.72480703825337,84.6634740969123
28656677,-3.465132,-3.43386,0.27786010369110103,108.76427204116015,208.3032108563492
28642224,-4.245854,-1.751123,0.05219110369110114,123.4678160521669,148.52936670206765
28639477,-1.489595,2.331376,-0.02744689630889896,345.5209587751848,41.76174426442469
28567692,-0.958206,1.821087,-0.008576896308899018,312.5371742221139,158.85389283442782
28642225,-4.221509,-1.965353,0.030322103691101,122.90677216523343,155.21985054290872
28645125,0.066104,1.167225,-0.010637896308898886,300.3804750200959,307.27721100952374
28591128,-1.098436,1.859107,-0.012932896308898822,308.6185813084076,140.8913769697544
28651515,-0.886136,1.898313,-0.010474896308898973,326.9918301038514,159.7605818751163
28657938,-6.419894,0.068772,0.2986151036911011,107.80727687767772,2.733114915179925
28657940,-6.424781,0.071722,0.21187310369110102,112.48713904143486,5.228338847396373
28636624,-0.502952,1.560281,-0.0002468963088988474,309.5749409491866,227.5963065026918
28636624,-0.502952,1.560281,-0.0002468963088988474,309.5749409491866,227.5963065026918
28656689,-3.652673,-4.097674,1.284758103691101,64.1233413070637,214.83569171649916
28656689,-3.652673,-4.097674,1.284758103691101,64.1233413070637,214.83569171649916
28639491,-2.811338,1.122145,-0.05303289630889885,198.6646661734112,80.70095919903767
28651522,-4.174277,-2.59857,-0.02149689630889884,120.77689508718888,171.97109712153812
28651522,-4.174277,-2.59857,-0.02149689630889884,120.77689508718888,171.97109712153812
28657945,-5.442386,0.369216,0.08695110369110104,131.66172232950277,20.28927596489993
28657946,-6.838726,-0.362607,0.06138910369110118,113.55539424396748,21.84057840974606
28657948,-5.52798,0.257717,0.05160410369110102,131.35639212770587,25.44436854349314
28657949,-4.31732,0.631908,0.4741041036911011,123.89786397400994,28.656382172026127
28580305,-4.830754,0.930954,-0.010539896308898955,153.5863902544395,6.176582284432527
28657953,-5.225514,-0.10988,0.08353210369110098,128.6154245581426,54.20743567187111
28657954,-5.066738,-0.265007,0.09995910369110117,127.67006893036658,66.61725597563489
28657956,-4.799268,-0.283619,0.2711361036911011,120.90650659805914,72.57275074812588
28559228,-4.763315,1.023359,0.01917010369110117,154.56975492580705,0.2561154778464356
28645161,0.904965,1.557719,-0.0044528963088990015,422.3057086376663,446.2748541963882
28645163,-0.084167,-7.050178,1.5613331036911011,66.45548180107673,350.59251117215246
28650204,-2.443179,-2.551485,0.697739103691101,101.4178653516277,228.713853567607
28650204,-2.443179,-2.551485,0.697739103691101,101.4178653516277,228.713853567607
28645174,6.829265,-22.345169,0.9074871036911011,87.65143735077626,431.2958193573236
28636661,0.77709,0.212246,-0.0004438963088988501,254.97708689499888,384.7346046339661
28636671,0.671919,1.292345,-0.00098789630889895,353.2262183051305,392.3168916915987
28651547,-2.674613,1.037005,0.004511103691101193,195.02728942930395,92.4731941716328
28656715,-2.228238,-2.481416,-0.007768896308898876,135.8741580723748,232.51385644956767
28656715,-2.228238,-2.481416,-0.007768896308898876,135.8741580723748,232.51385644956767
28657973,-1.602794,1.87358,-0.027860896308898875,282.9867029829099,93.23138104412529
28601857,-1.026724,1.917479,0.034751103691101015,317.4438979415806,141.31834931275085
28654536,-2.492632,0.20392,-0.015084896308898976,174.97015953617614,149.32537125354918
28656763,-2.120444,-4.114085,0.49753610369110113,104.74898192953682,259.9953919732259
28656763,-2.120444,-4.114085,0.49753610369110113,104.74898192953682,259.9953919732259
28580354,-4.797875,0.723493,-0.0006658963088990166,149.69470512151065,21.77088851985744
28656765,-3.531399,-7.705905,1.859333103691101,47.14506774247769,260.243908485694
28650225,-3.342049,-5.126439,1.084414103691101,73.59813740486518,237.4628309494419
28650225,-3.342049,-5.126439,1.084414103691101,73.59813740486518,237.4628309494419
28630663,-0.19877,-6.781076,0.48793110369110104,104.1750755710024,332.0433791641051
28656770,-1.799602,-4.132881,0.5387181036911011,104.88361000346504,271.08866827616083
28656770,-1.799602,-4.132881,0.5387181036911011,104.88361000346504,271.08866827616083
28639629,-4.097358,-2.704248,-0.013740896308898964,120.28627936101364,176.4238058475932
28639629,-4.097358,-2.704248,-0.013740896308898964,120.28627936101364,176.4238058475932
28639630,-3.10768,-1.147426,1.747269103691101,26.256627136863784,159.32812717666113
28639630,-3.10768,-1.147426,1.747269103691101,26.256627136863784,159.32812717666113
28639642,-0.823748,1.80293,-0.006905896308898818,318.7546950400844,174.9751180268018
28656784,-1.006833,-2.630603,0.12184510369110102,139.61325118139632,282.90173598708947
28639646,-3.309923,-4.213614,2.5095721036911014,0.6093054629126868,232.0011526032497
28639646,-3.309923,-4.213614,2.5095721036911014,0.6093054629126868,232.0011526032497
28656788,-0.853542,-2.846012,0.061793103691101026,141.24082739583025,290.2861639990283
28657993,-3.26143,-0.021373,0.10085310369110112,151.73036112587877,122.23399127714576
28633754,0.389202,0.471859,0.0010861036911011812,257.5214535156379,347.1191634170351
28639650,-0.680803,1.653986,-0.011245896308898828,310.21553621879224,201.8407706441172
28639650,-0.680803,1.653986,-0.011245896308898828,310.21553621879224,201.8407706441172
28630687,2.155139,-18.650661,2.076269103691101,61.82833030884467,382.7624350764305
28656792,-0.777855,-2.058401,0.5694241036911011,126.08850563839025,294.7381354014674
28613093,-3.875047,-1.320564,0.009519103691101094,132.32564042113927,148.34377969052667
28633761,0.509324,1.229527,-0.015781896308898924,333.92719633094,365.1534707142389
28657994,-1.148677,2.033325,-0.01965289630889888,327.37230658580387,117.5869198211223
28650233,-0.47656,0.361848,-0.014007896308898982,224.46101537788007,270.1763404869126
28656798,-0.766825,-2.065451,0.7971241036911011,112.9786060994131,299.36395601112434
28505767,-4.813815,0.731433,-0.006530896308899026,149.95797767690084,20.87904875233613
28656805,-0.508952,-2.355793,0.585835103691101,124.74612189046265,310.8319381460944
28658000,-5.61918,-3.260715,1.1136061036911011,63.91066391263624,141.4667451280002
28630722,0.295825,1.094,-0.007029896308898831,305.1245419494637,336.33302068572686
28642371,-0.81155,1.798834,-0.012250896308898973,319.3329700948746,176.72548326438573
28642371,-0.81155,1.798834,-0.012250896308898973,319.3329700948746,176.72548326438573
28658005,-5.588135,-3.230454,0.39511210369110106,93.68818594507935,146.17436724462607
28658008,-4.535684,-1.960852,0.042524103691101045,120.12386174569328,145.56321604883607
28656816,-0.386406,-2.069102,0.6347501036911011,126.35570998596909,316.81666138049786
28658011,-4.552889,-2.246857,0.006018103691101118,119.5004901687964,152.73956745988713
28656825,-0.029715,-5.084936,0.08613810369110109,127.1211946515283,330.0876505427311
28656826,-0.401684,-7.022135,1.398614103691101,71.51883469696241,338.1536049245805
28584396,-4.476606,0.042586,0.009744103691101014,142.46276527742572,73.24000181411563
28656832,-0.726946,-11.939226,3.6280091036911015,6.566053927010415,355.2365958673843
28630757,0.95553,1.128299,0.002166103691101151,350.1740061024397,432.7718569837661
28642419,-4.100805,-6.218966,0.7811281036911011,80.52457572642277,229.2402452549772
28642419,-4.100805,-6.218966,0.7811281036911011,80.52457572642277,229.2402452549772
28658018,-0.99006,1.809455,-0.014165896308898862,309.5478924151436,156.6393867349924
28658018,-0.99006,1.809455,-0.014165896308898862,309.5478924151436,156.6393867349924
28656854,1.067119,-16.522478,3.9309251036911013,17.42250309176157,387.41238549188665
28601883,-1.108951,1.910172,-0.010240896308898906,313.8294054091905,134.70142748268793
28652552,0.194711,1.789048,-0.015404896308898852,398.0899996913914,315.9290670107467
28627413,-1.585558,2.369696,-0.018002896308898952,343.3960877835091,25.147854452926595
28658024,-0.960364,1.822715,-0.013062896308899008,312.85476841710204,158.5664319797894
28620186,-3.581767,-2.467275,0.002310103691101073,124.93450204929329,186.86397498874217
28620186,-3.581767,-2.467275,0.002310103691101073,124.93450204929329,186.86397498874217
28587376,-1.102572,1.867382,-0.011955896308898817,309.26568040735395,139.6460570760533
28613168,-3.835802,-1.667027,-0.02158189630889895,130.69717635658856,159.78788460717035
28642497,-0.12407,-6.275913,0.09290010369110102,119.2028352164861,328.7325572519641
28620203,-2.961742,-1.36065,1.7993191036911012,24.15176115097344,175.18716173506652
28620203,-2.961742,-1.36065,1.7993191036911012,24.15176115097344,175.18716173506652
28613194,-3.741731,-1.711487,0.005998103691100987,129.87296461384787,163.9214883654804
28650261,-0.118944,0.066422,-0.009897896308898924,220.5677169643991,303.22102043189705
28597894,-0.948243,1.974695,-0.01581689630889893,333.2685161045979,145.50709776156714
28642511,0.513883,1.201062,-0.013889896308898919,330.543792881886,365.6177996388242
28656892,4.337879,-9.689456,0.10939410369110103,123.77509091909974,444.8989337451316
28620222,-3.543492,-2.765861,0.006295103691100978,122.84610943148972,194.0162059475782
28620222,-3.543492,-2.765861,0.006295103691100978,122.84610943148972,194.0162059475782
28650272,0.502911,0.926965,0.0011641036911009817,298.94349203744616,362.3721440989459
28645404,-1.243998,2.636576,-0.020434896308898942,432.0114143999683,5.291469225309214
28636886,-6.868386,-1.005582,0.054929103691101044,109.5789476849929,49.93857917310186
28650277,0.753927,1.480044,0.014747103691101104,390.79007390196807,414.6174861220602
28597910,-1.047036,1.993252,-0.01630789630889895,328.86817920114504,132.73038796303106
28636898,-3.662345,0.294785,1.7509481036911012,2.7656226361113454,31.411793260728103
28627531,-3.614088,0.16045,1.745956103691101,6.337148763181631,47.60540472363243
28658060,-3.785471,-3.578123,1.2133371036911011,66.69121918611049,201.5685532797273
28613245,-3.585935,-1.813053,0.005104103691101036,130.27724220138623,171.71750619289438
28613245,-3.585935,-1.813053,0.005104103691101036,130.27724220138623,171.71750619289438
28658064,-3.733189,-3.217415,0.0484641036911011,117.04874090548552,196.71543585450905
28658064,-3.733189,-3.217415,0.0484641036911011,117.04874090548552,196.71543585450905
28601931,-1.083948,1.835682,-0.013202896308898815,306.83031561664234,144.58742586640454
28580463,-4.569143,0.239001,-0.0033408963088989996,144.94386973673423,59.79754999699398
28652590,0.514411,1.443418,-0.01845589630889899,364.8611290237471,368.5139669727773
28648029,-3.057557,1.803863,-0.027821896308898975,220.04452396332547,3.351289870428104
28601942,-1.068128,1.820716,-0.01529989630889883,306.2079140545585,147.62673109055964
28601942,-1.068128,1.820716,-0.01529989630889883,306.2079140545585,147.62673109055964
28652604,0.5783,1.165065,-0.0006818963088988106,329.55765785843926,375.3857222526026
28588037,-4.802786,0.877167,0.0017791036911010139,152.24207137955105,10.64369132006118
28648062,-3.562967,0.242368,1.575704103691101,26.720915653262157,50.564752798220525
28636996,-5.075188,-0.559415,0.19286010369110107,119.98648172733866,78.09842728020203
28634047,-3.859712,-1.357198,0.00455210369110115,132.32048469655768,150.00488989536166
28652610,0.700523,1.293661,-0.003874896308898812,355.6802934760995,396.6949168797351
28598892,-4.373495,-0.157636,0.017066103691101064,140.48787733744166,86.61410558159352
28653621,-5.181005,0.676967,0.18075510369110104,133.16041130841649,5.019075204325048
28620295,-2.977906,-2.684178,-0.030398896308899026,128.99151889082611,210.23645770999715
28620295,-2.977906,-2.684178,-0.030398896308899026,128.99151889082611,210.23645770999715
28653629,-5.090004,0.466367,0.28456710369110105,125.12208074748972,18.841478579149992
28653631,-3.134842,1.705145,-0.0006358963088988201,210.92434947067412,8.670339293751624
28655694,-5.260524,0.655035,0.06126010369110113,139.02161590441597,8.474084920269519
28655695,-3.111291,1.654422,-0.0014728963088990188,209.3055352269604,15.42241001673321
28653637,-3.08018,1.596657,-0.0036498963088988923,207.7198067946875,23.1819682029043
28653638,-5.228096,0.188515,0.1061381036911011,130.7378956861157,37.3130946752693
28615620,-4.844685,0.714613,-0.019246896308898975,149.9849416695625,21.401908154350597
28652617,1.161825,-17.837563,1.8888821036911012,63.53681222031611,366.85349397526977
28655704,-2.871186,1.430887,-0.01146389630889888,206.69971530224296,50.72762393949444
28652618,0.813708,0.567948,-0.012749896308899,282.60932840935675,394.1643234617235
28652620,2.184434,-21.65366,1.6341161036911012,69.65353957031226,374.2976089114972
28639909,-3.635295,0.160027,1.7470721036911012,6.152746824536933,46.40835193796542
28648113,-5.671299,-3.223413,2.297807103691101,1.9938197579943449,129.098645162068
28648113,-5.671299,-3.223413,2.297807103691101,1.9938197579943449,129.098645162068
28620317,-2.862967,-2.613533,-0.02687589630889886,130.31602966974864,212.75172112591207
28620317,-2.862967,-2.613533,-0.02687589630889886,130.31602966974864,212.75172112591207
28653646,-3.010934,1.477345,0.0072941036911011725,203.65969143241347,38.01576405874988
28653649,-5.296367,-0.17852,-0.035753896308899025,133.2460512044009,58.26313320172511
28652624,1.985633,-17.430016,1.6080351036911011,70.081342649931,378.3680976418536
28637061,-3.850383,-1.587821,-0.018253896308898954,131.17203023914684,157.11981869883198
28655707,-4.912222,-0.115137,0.156612103691101,127.80546218058214,62.901936310499735
28652625,0.939997,0.78953,-0.020432896308898885,309.4898846731442,415.3031996216033
28653651,-3.514044,0.041453,1.5580341036911012,31.45583527827111,71.13963757315574
28655708,-5.181095,-0.227995,-0.009668896308898889,132.52994439460318,63.645098600520924
28637064,-2.972087,-1.328192,1.795347103691101,24.145574688558355,173.41809585177185
28637064,-2.972087,-1.328192,1.795347103691101,24.145574688558355,173.41809585177185
28655709,-2.837571,1.403138,-0.0018938963088990235,205.75646010903333,54.649870601583785
28597978,-1.109512,1.911189,-0.008575896308898878,313.8199367492383,134.48985296860178
28658094,-3.976749,-5.062287,1.615665103691101,49.884614832611305,220.43603015845068
28658094,-3.976749,-5.062287,1.615665103691101,49.884614832611305,220.43603015845068
28645575,-6.900137,-0.386072,0.1409121036911012,109.1559853022208,19.372207714024995
28651694,-4.072696,-3.61897,0.24223610369110116,105.7968116870508,194.1198595870115
28651694,-4.072696,-3.61897,0.24223610369110116,105.7968116870508,194.1198595870115
28620334,-2.735883,-2.558124,-0.021306896308898926,131.56320329685337,216.0318810082002
28620334,-2.735883,-2.558124,-0.021306896308898926,131.56320329685337,216.0318810082002
28658105,-4.087303,-5.117599,0.33399310369110113,97.17007639453573,215.92416182344544
28658105,-4.087303,-5.117599,0.33399310369110113,97.17007639453573,215.92416182344544
28608378,-1.107089,1.921858,-0.01043689630889899,315.3771441587039,133.70805418822022
28658107,-3.258688,-3.294286,0.04540410369110104,119.69614275764832,211.89906648813704
28658107,-3.258688,-3.294286,0.04540410369110104,119.69614275764832,211.89906648813704
28655719,-4.78033,-0.289985,0.08207610369110108,131.15450887727224,77.5653389704442
28639979,-3.049841,-1.20249,1.628844103691101,37.53962807824775,165.56101905420795
28639979,-3.049841,-1.20249,1.628844103691101,37.53962807824775,165.56101905420795
28658117,-2.967628,-2.820819,0.006576103691101176,126.51710691696246,212.9990912531092
28658117,-2.967628,-2.820819,0.006576103691101176,126.51710691696246,212.9990912531092
28598006,-1.102013,1.865272,-0.011248896308899026,309.01359795267774,139.88792121264882
28624324,-3.619004,0.189436,1.7427491036911011,6.167778202479099,44.72914965977398
28645622,-2.797763,1.014368,0.011883103691101127,190.94269581839683,87.20975696774508
28655723,-4.771915,-0.364114,0.0721971036911011,130.9244145604804,81.4804673907127
28637135,4.080317,-10.264495,0.08635810369110097,120.563618436214,432.4182766308559
28658129,-2.793741,-3.452783,-0.017184896308898967,124.01010393043208,228.16313555494824
28658129,-2.793741,-3.452783,-0.017184896308898967,124.01010393043208,228.16313555494824
28648200,-5.316165,0.538513,0.05378510369110101,137.1418715288646,14.707317118927392
28648204,-1.725232,2.062155,-0.0017148963088988722,293.5380515065883,58.79015233962974
28648205,-1.710982,2.07427,-0.011539896308898845,296.2839282253205,59.00100880585833
28627803,-0.786199,-12.111939,3.114732103691101,23.4905717818165,347.9079923208669
28598025,-1.06981,1.822091,-0.01285589630889894,306.1175835326424,147.27241088258884
28598025,-1.06981,1.822091,-0.01285589630889894,306.1175835326424,147.27241088258884
28658136,-3.608518,-7.684338,2.9100141036911014,7.53275416856502,264.0821009085601
28627813,-0.234734,1.397486,-0.0004768963088990219,307.2138790824449,266.1146379120946
28627813,-0.234734,1.397486,-0.0004768963088990219,307.2138790824449,266.1146379120946
28627820,2.144173,-19.128654,1.270095103691101,75.90802918656121,374.8791429269209
28658143,-1.905652,-2.3004,1.6864571036911011,44.424621930143616,255.1106621710256
28596036,-1.020949,1.884718,0.032902103691101026,313.81888799392,145.28268893776058
28596036,-1.020949,1.884718,0.032902103691101026,313.81888799392,145.28268893776058
28648229,-5.034416,0.230064,0.2793381036911011,123.3500432625438,36.07867117389839
28634204,-0.791905,1.604013,-0.010890896308898945,298.36597173580327,193.15687934056345
28634204,-0.791905,1.604013,-0.010890896308898945,298.36597173580327,193.15687934056345
28627826,2.260644,-18.385679,3.509405103691101,33.0482195757142,399.1924408173641
28658153,-2.209591,-4.126067,0.053444103691101086,120.79462963268132,254.40990292489815
28645674,-0.957508,2.055501,-0.011385896308898857,344.02716654019395,135.67208439476846
28645674,-0.957508,2.055501,-0.011385896308898857,344.02716654019395,135.67208439476846
28627837,5.254227,-21.384108,0.1512101036911011,96.81267365583366,405.13910090839096
28606508,-3.95051,-1.171337,0.02199210369110105,132.58986085058655,141.0079438596637
28631167,-3.098617,-1.059352,1.7515401036911011,24.987347882457016,155.89396682134887
28631167,-3.098617,-1.059352,1.7515401036911011,24.987347882457016,155.89396682134887
28658158,-1.962262,-4.044269,0.6657381036911011,99.12410294625197,265.8197618692456
28658158,-1.962262,-4.044269,0.6657381036911011,99.12410294625197,265.8197618692456
28631172,-3.044327,-1.170828,1.756103103691101,25.89738792177394,163.54749278036326
28631172,-3.044327,-1.170828,1.756103103691101,25.89738792177394,163.54749278036326
28645688,-0.80366,2.113542,-0.011342896308898842,366.0070916349356,147.54953653218746
28658162,-1.762194,-3.916612,0.667543103691101,100.73875046514657,271.5358254108795
28658162,-1.762194,-3.916612,0.667543103691101,100.73875046514657,271.5358254108795
28634230,4.514624,-22.342848,5.233880103691101,7.877790463184198,441.1136751126438
28645691,-0.921993,1.95901,0.008902103691101004,331.66274501589186,149.41268930489986
28645691,-0.921993,1.95901,0.008902103691101004,331.66274501589186,149.41268930489986
28634241,0.220169,0.969032,-0.0027618963088988924,288.917461264082,327.84528422818136
28658167,-2.42121,-10.197474,1.411681103691101,65.47378416573281,295.0300730882326
28658167,-2.42121,-10.197474,1.411681103691101,65.47378416573281,295.0300730882326
28653676,-3.27357,-0.363692,1.747171103691101,16.146391040177093,108.37173074521664
28658175,-1.614944,-5.365342,0.7848061036911012,91.86562982262964,288.35571491611034
28658175,-1.614944,-5.365342,0.7848061036911012,91.86562982262964,288.35571491611034
28648264,-1.478308,1.908206,-0.02304089630889883,292.6514923031919,100.03719494393556
28627881,0.510372,0.812075,0.005934103691101145,288.36547792037584,362.5783520730795
28645716,-0.728771,1.86095,-0.010968896308898968,332.9142780385761,181.1017036407332
28645716,-0.728771,1.86095,-0.010968896308898968,332.9142780385761,181.1017036407332
28588101,-4.70337,0.571298,0.006216103691101038,147.97319019787216,34.94419854433906
28658179,-1.222945,-2.748337,-0.09888789630889883,145.6334500281884,272.8916521652335
28658179,-1.222945,-2.748337,-0.09888789630889883,145.6334500281884,272.8916521652335
28648270,-4.870361,-0.193312,0.26701210369110107,121.32783371129251,65.70034665499551
28654673,-0.512009,-2.330093,0.729155103691101,117.03007545684947,313.3290523315201
28645726,-4.534523,-2.920095,0.26732010369110104,105.401326366874,167.69624011697726
28645726,-4.534523,-2.920095,0.26732010369110104,105.401326366874,167.69624011697726
28640098,-0.708367,1.79064,-0.010235896308898873,324.9524247058997,189.0555030479129
28640098,-0.708367,1.79064,-0.010235896308898873,324.9524247058997,189.0555030479129
28658182,-1.777186,-12.026122,3.313224103691101,16.216835464107106,327.8516338939563
28658182,-1.777186,-12.026122,3.313224103691101,16.216835464107106,327.8516338939563
28648275,-1.121087,2.139466,-0.012832896308898833,344.17690312142537,107.29389472257311
28640101,-0.675549,1.850976,-0.007303896308898938,335.1249848687472,188.20841895625855
28640101,-0.675549,1.850976,-0.007303896308898938,335.1249848687472,188.20841895625855
28648277,-1.016499,2.214863,-0.009878896308898932,364.9875643166101,108.9888332224902
28658184,-1.789203,-12.116977,3.117578103691101,22.39452556912994,325.92270672713005
28658184,-1.789203,-12.116977,3.117578103691101,22.39452556912994,325.92270672713005
28645733,-0.762437,1.481151,-0.015467896308898998,288.0585835226451,203.89787842521983
28645733,-0.762437,1.481151,-0.015467896308898998,288.0585835226451,203.89787842521983
28655741,-2.714138,1.069272,-0.010137896308898942,196.23241520162912,88.44544235771099
28654682,-0.436159,-6.769258,0.34604810369110106,107.57757663572984,323.5405330473953
28640128,-0.428233,1.574838,-0.013244896308898912,316.50801695716507,235.3898323989961
28640128,-0.428233,1.574838,-0.013244896308898912,316.50801695716507,235.3898323989961
28654684,-0.410157,-6.724033,0.4840261036911011,103.5322922496374,325.8230956019625
28654685,-0.933231,-13.02854,2.098507103691101,52.82941016342807,335.09096467431544
28568625,-2.83264,1.728428,-0.011156896308898823,222.01217775896453,23.266327163547032
28642794,-3.612715,0.14407,1.578419103691101,27.41787711868355,56.46025438912383
28654691,0.38653,-15.297184,-0.03255689630889891,98.1022402817434,341.6777023554656
28631320,-2.080578,-2.345336,1.932273103691101,24.951746869084783,249.25910469100015
28631320,-2.080578,-2.345336,1.932273103691101,24.951746869084783,249.25910469100015
28645786,-4.046894,-3.56358,1.275547103691101,62.67698883567317,193.04543622746516
28645786,-4.046894,-3.56358,1.275547103691101,62.67698883567317,193.04543622746516
28640169,-0.803872,-12.045597,3.3004931036911014,17.523969331708997,349.56841464663086
28645793,-0.379853,1.56967,-0.010385896308898968,318.742275949222,241.47171356837868
28645793,-0.379853,1.56967,-0.010385896308898968,318.742275949222,241.47171356837868
28648379,-6.189363,-4.130648,-0.14908689630889893,106.37180182425732,153.47299415946782
28648382,-3.327632,-0.479814,1.726650103691101,19.87736189889901,113.2957992262878
28640200,5.642985,-18.93141,1.234659103691101,82.96363501391568,430.8767113942997
28655755,-3.343552,-0.662891,1.7624841036911012,18.442433571222267,122.60449373317272
28648398,-0.489201,1.878901,-0.0006198963088990261,352.9729454509203,209.51193443613792
28648398,-0.489201,1.878901,-0.0006198963088990261,352.9729454509203,209.51193443613792
28642845,-2.637039,0.751523,-0.04507889630889883,189.37307507279996,114.19659107219844
28653708,-5.627367,-3.154634,1.188560103691101,60.397932312683054,137.9790370411078
28631391,-0.612791,-2.167193,0.8522541036911011,110.249975083947,309.49123146462387
28642858,-2.620058,0.618949,0.012148103691101086,182.1565311209097,121.58685837554992
28654701,2.405171,-24.146168,0.48335610369110105,85.09158985715337,366.4874769161118
28648410,-3.321957,-1.762299,0.44981610369110103,112.12529142411412,177.99182307227977
28648410,-3.321957,-1.762299,0.44981610369110103,112.12529142411412,177.99182307227977
28642866,-3.983229,-0.974631,0.025971103691101005,134.1855676426399,133.28881286402367
28642874,-4.288019,-1.614992,0.06657610369110101,123.6107559299624,143.19890968366445
28620551,-0.576806,0.678776,-0.012521896308898883,237.4779654686501,254.2478471637965
28620551,-0.576806,0.678776,-0.012521896308898883,237.4779654686501,254.2478471637965
28631415,0.485411,-4.291294,0.19646010369110112,132.8338485930433,350.6642086637589
28648428,-0.796776,1.216177,-0.0057678963088989565,263.5890004572104,214.75541469262535
28648428,-0.796776,1.216177,-0.0057678963088989565,263.5890004572104,214.75541469262535
28569664,-1.039996,1.995454,-0.008040896308898926,329.21291714708144,132.98197130579453
28645890,0.028287,1.085553,-0.004842896308898892,290.2458394805816,304.3013694587324
28606582,-3.789115,-1.41466,0.02574310369110111,131.41332958195855,153.94655604660682
28654709,2.23838,-10.270645,-0.03236089630889882,115.86094130624132,383.69739670542697
28645895,-3.3893,-8.267531,2.158963103691101,38.51179757582665,269.20183696372584
28645895,-3.3893,-8.267531,2.158963103691101,38.51179757582665,269.20183696372584
28620581,-2.148887,-4.791168,0.08222110369110114,116.34597813865504,262.64966557978005
28645906,0.360432,0.832157,0.003262103691101137,283.21103006543177,344.7605029923715
28653717,-3.114519,0.004961,0.5409821036911011,126.1882638016819,120.31128516147858
28645923,0.829611,-18.717819,0.9571801036911011,79.00364991410902,354.0179511262835
28645924,0.477875,-4.898574,0.5284601036911011,115.25814194872942,355.73347037884935
28645929,1.663579,-9.74281,0.4576751036911011,103.24447569619343,377.9733223642004
28620591,-2.341854,-5.753382,0.06841610369110107,111.23718115002468,265.0669519778058
28645932,2.243918,-18.777409,2.835842103691101,47.5623338089153,390.9331609938772
28645935,1.539723,-15.965058,4.345057103691101,4.692387168994571,404.03315404926303
28655776,-2.482075,0.56853,-0.0061278963088988725,184.51978928881323,131.94795164883655
28642932,-3.608297,0.28362,1.712680103691101,8.313566923213045,37.57670850209021
28628113,-1.33462,2.426744,-0.012871896308898956,374.72471039531536,39.284257643246434
28648488,-2.581798,-2.603442,0.09312510369110116,127.67501061455408,222.3699960871137
28648488,-2.581798,-2.603442,0.09312510369110116,127.67501061455408,222.3699960871137
28624570,-1.535314,1.426744,-0.02192089630889882,250.0398365129325,138.86812813320591
28634557,-5.596186,-3.253112,0.28201510369110105,97.82019210160888,147.14621176149427
28622438,-0.972693,1.993238,-0.017471896308898893,334.1833950463783,140.90760995486283
28642956,-2.614852,0.604709,0.01022510369110119,181.96373208819352,122.69216825361973
28653734,-5.59281,-3.136107,0.5799881036911011,86.69390404270789,142.70427314277646
28648513,-0.333928,1.231448,-0.005977896308899,285.79479098530226,260.3625803298659
28648513,-0.333928,1.231448,-0.005977896308899,285.79479098530226,260.3625803298659
28648516,-2.444481,-2.535762,0.5814101036911011,107.2330160885248,227.9044843547864
28650556,-3.509727,0.121191,1.716631103691101,11.149300047787875,58.41062831386938
28648528,-0.570988,0.621123,0.006759103691100998,233.32913313410788,256.66449573177323
28648528,-0.570988,0.621123,0.006759103691100998,233.32913313410788,256.66449573177323
28648538,-0.531159,0.504401,0.006420103691101131,228.53344947887936,262.94845788457394
28648538,-0.531159,0.504401,0.006420103691101131,228.53344947887936,262.94845788457394
28606635,-3.799525,-1.69751,-0.009511896308898926,130.19437825022663,161.72861731811375
28620639,-1.710285,-4.165201,0.46298510369110113,108.27534765780209,273.70874515124825
28620639,-1.710285,-4.165201,0.46298510369110113,108.27534765780209,273.70874515124825
28642974,-2.557535,0.47382,0.012315103691101115,179.23294438182,132.6702609081185
28615900,-4.745969,0.752067,0.015115103691101028,149.98121167814062,21.068576835652635
28648581,0.655069,0.531348,-0.007337896308899028,272.6244059119058,375.5701801203028
28648583,0.803345,0.223043,0.014605103691101018,255.71385853776292,388.53686394871545
28642997,-1.074872,1.689067,-0.006694896308898857,291.3675162759497,158.16073722615772
28642997,-1.074872,1.689067,-0.006694896308898857,291.3675162759497,158.16073722615772
28648589,1.052576,0.978796,0.001946103691101042,336.7292438741534,441.3423292262281
28606655,-3.731481,-1.742792,-0.0019138963088989325,130.01528904676906,165.12392019947507
28606655,-3.731481,-1.742792,-0.0019138963088989325,130.01528904676906,165.12392019947507
28652883,-6.456386,0.049236,0.37846310369110103,102.94672710643246,0.2543004045762416
28624637,-4.008745,-3.634324,0.09899210369110101,111.29570519932184,196.20206980170803
28624637,-4.008745,-3.634324,0.09899210369110101,111.29570519932184,196.20206980170803
28620679,-0.936517,-1.899903,0.005737103691101142,155.0641213329202,277.22728718992664
28620679,-0.936517,-1.899903,0.005737103691101142,155.0641213329202,277.22728718992664
28568697,-0.948668,1.827518,-0.007907896308898987,313.8590010742697,159.28737558626528
28643010,-0.714664,2.010574,-0.01037789630889896,356.21213007515587,169.44807777400842
28586671,-1.108842,1.907296,-0.011488896308898822,313.5624132426148,135.04143142641658
28643016,-0.818567,1.727538,-0.009067896308898815,310.2125128365179,181.5115831168636
28643016,-0.818567,1.727538,-0.009067896308898815,310.2125128365179,181.5115831168636
28640404,-1.573806,2.393856,-0.023677896308898827,348.4334546990989,22.433332729217483
28652903,-3.041331,1.50781,9.810369110119233e-05,204.641102527777,33.84094517680916
28652907,-3.003154,1.438362,0.0015731036911010854,202.63045460905903,42.335024713441896
28640411,-3.075996,1.756032,-0.04689589630889901,218.3791995687198,8.944762400135744
28652908,-2.908155,1.48085,-0.023235896308898996,208.6757613700904,44.6587994987153
28652910,-3.578589,-0.005528,1.719119103691101,12.860991282732812,65.43296179835883
28640426,-3.75856,0.497993,1.576954103691101,22.024889969945637,14.264373391436294
28640427,-3.737354,0.459198,1.5820371036911012,22.050922378539127,19.29480836605171
28655856,-3.878566,-4.949492,1.694309103691101,46.47397206433777,221.8414345875604
28655856,-3.878566,-4.949492,1.694309103691101,46.47397206433777,221.8414345875604
28640445,-1.050548,2.065146,-0.012574896308898964,338.47755238407353,124.15376298944112
28652916,-2.85161,1.351383,-0.022634896308898922,204.618714578602,59.25525815037298
28637488,-5.30125,-5.115555,-0.04991689630889895,103.8453119324864,188.1273749244848
28637488,-5.30125,-5.115555,-0.04991689630889895,103.8453119324864,188.1273749244848
28657176,-6.894081,-0.388867,0.46548410369110105,92.82526349958388,10.712553025393476
28657178,-2.932237,1.686207,0.012259103691101059,215.09401724915355,20.92101091727895
28657181,-6.934468,-0.542807,0.044764103691101065,112.4047304586183,28.44940686306637
28637502,-2.572959,-2.55913,0.10847110369110102,127.47476714140804,221.9712893032601
28637502,-2.572959,-2.55913,0.10847110369110102,127.47476714140804,221.9712893032601
28657182,-4.913019,0.342017,0.123651103691101,135.1885859388148,38.211521755841545
28657183,-3.651282,0.356797,1.747740103691101,1.8496332694141413,25.68068656454088
28657184,-7.694569,-1.214355,-0.1978838963088989,113.41722929253436,43.82451331833542
28643104,-0.040972,1.586244,-0.014799896308898886,343.94596470223973,284.45759494015255
28655869,-3.180253,-3.487756,0.07276910369110112,117.97095014250908,217.29326831191725
28655869,-3.180253,-3.487756,0.07276910369110112,117.97095014250908,217.29326831191725
28657187,-5.350953,-0.106044,0.05034710369110118,129.14555816908458,50.89648881504096
28657190,-4.73489,-0.009418,0.31662010369110105,121.71509756652895,59.34871820601396
28615984,-4.656233,0.362976,-0.016257896308898845,146.48420250470403,50.022386773099726
28615989,-2.787723,1.053064,0.024559103691101036,191.67425651567456,84.5818114226112
28637529,-1.443136,-5.405899,0.06068910369110103,117.69691435317996,287.1106112087592
28637529,-1.443136,-5.405899,0.06068910369110103,117.69691435317996,287.1106112087592
28655870,-2.948531,-2.952876,0.13863610369110102,120.42951559353584,216.0843069733864
28655870,-2.948531,-2.952876,0.13863610369110102,120.42951559353584,216.0843069733864
28652930,-2.877038,1.209689,0.012283103691101083,196.0674437253922,68.25372714159388
28652932,-2.818358,1.253288,-0.026241896308898838,201.74515499590555,69.32892956052646
28655875,-1.873322,-2.244358,2.0456121036911012,14.91259453164446,259.9686248488694
28655875,-1.873322,-2.244358,2.0456121036911012,14.91259453164446,259.9686248488694
28628341,-5.595469,-3.256096,2.1544731036911013,10.88681949662677,133.74717318127233
28628341,-5.595469,-3.256096,2.1544731036911013,10.88681949662677,133.74717318127233
28651847,0.814058,1.632489,-0.008372896308898925,429.3544667250956,431.256443298788
28650640,-0.984778,2.290314,-0.023042896308898886,382.3077336438075,102.77045662877931
28643142,0.370788,1.148724,-0.0031378963088988243,315.0374374403564,346.2752294303913
28657198,-3.234194,0.179478,1.4397151036911011,45.38806170342815,79.99252350388267
28637553,4.55171,-11.078533,-0.017409896308898887,121.6044632088124,436.8788775823639
28643152,0.603884,1.281221,0.000295103691100973,346.6038065064279,381.4302396888212
28651855,1.089063,-18.574869,1.624784103691101,68.26169110743996,362.7506784129711
28655879,-1.907316,-2.338686,1.754209103691101,39.49199998594668,256.4024185641621
28655879,-1.907316,-2.338686,1.754209103691101,39.49199998594668,256.4024185641621
28655880,-2.599055,-3.400434,0.12017210369110098,120.49078542187652,234.00821633819555
28655880,-2.599055,-3.400434,0.12017210369110098,120.49078542187652,234.00821633819555
28651861,1.084368,0.356043,0.0017191036911010649,276.6869025595016,422.1461435852608
28643165,1.068901,0.321427,-0.00018189630889886566,273.53271032943127,419.1657243572339
28634778,-0.1223,1.20871,-0.004254896308898859,294.2069176344804,284.6090364504974
28640526,-3.799935,0.418184,1.617996103691101,17.774062814869353,18.2548668782014
28655883,-2.595189,-3.432365,0.04511710369110111,123.1564958434696,234.25849015213333
28655883,-2.595189,-3.432365,0.04511710369110111,123.1564958434696,234.25849015213333
28650655,-1.964637,1.515291,-0.01597489630889881,239.451368113026,99.64907513425366
28616029,-1.108372,1.878727,-0.01341189630889894,310.31683216692164,137.99006103867242
28650656,-1.484383,1.881696,-0.02253689630889899,289.61825372196296,102.35457110509915
28634798,0.478537,1.198447,-0.0015738963088989255,327.3558104055624,361.46239938172914
28628400,-3.211773,-8.733271,2.3200451036911014,34.67072866358001,277.20601009599454
28628400,-3.211773,-8.733271,2.3200451036911014,34.67072866358001,277.20601009599454
28657213,-0.881447,2.400686,-0.011697896308898947,416.7450489227832,97.94702926592336
28657213,-0.881447,2.400686,-0.011697896308898947,416.7450489227832,97.94702926592336
28628404,-2.25091,-5.572877,0.008358103691101126,114.32300200858094,265.7034644073366
28628404,-2.25091,-5.572877,0.008358103691101126,114.32300200858094,265.7034644073366
28613736,-1.630987,-4.190124,0.46508210369110103,108.54169298833216,276.59468984092507
28613736,-1.630987,-4.190124,0.46508210369110103,108.54169298833216,276.59468984092507
28652961,-5.547546,-3.211655,2.277746103691101,3.198537869079985,132.721966199066
28652961,-5.547546,-3.211655,2.277746103691101,3.198537869079985,132.721966199066
28622583,-1.090552,1.846505,-0.009076896308898963,307.42090439256145,142.7933260605969
28657222,-3.300203,-0.069363,0.2595811036911011,141.0277185019621,120.26907076414358
28653839,-3.129217,-0.046481,0.33770510369110107,138.7869572655701,125.61613843003134
28657224,-3.117107,-0.007905,0.5411511036911011,125.96734436699056,120.85535104565922
28624776,-1.021931,-0.153582,-0.009339896308898865,191.9146605252695,243.9562950099308
28624776,-1.021931,-0.153582,-0.009339896308898865,191.9146605252695,243.9562950099308
28657226,-5.603087,-3.266947,1.7906471036911011,31.11857141418673,136.96367182258447
28657226,-5.603087,-3.266947,1.7906471036911011,31.11857141418673,136.96367182258447
28655895,-1.896004,-2.260464,1.1045071036911012,83.93127424378767,249.4150854421788
28655895,-1.896004,-2.260464,1.1045071036911012,83.93127424378767,249.4150854421788
28657230,-2.55461,0.516342,0.01909710369110118,180.0560487198954,130.48527893184826
28622604,-1.069937,1.82305,-0.008075896308898933,305.9335297297603,147.0578755915482
28637670,-1.79366,1.850703,-0.012608896308898832,270.57806198530085,79.4299601657435
28657233,-2.565055,0.375265,-0.013094896308898818,177.9650138711296,137.63167787095043
28646215,-6.369501,-0.549209,0.11060610369110102,113.49885788943192,41.7257179071413
28646216,-1.199646,2.496606,-0.012582896308898972,402.9766106981584,40.645033446248334
28628470,-0.287597,1.482867,-0.002526896308898907,313.7782824891787,256.56723328886847
28624791,-3.373583,-7.969326,2.885145103691101,10.431602046343729,272.18015200576093
28624791,-3.373583,-7.969326,2.885145103691101,10.431602046343729,272.18015200576093
28628473,1.588192,-18.253468,0.27998310369110113,91.56685939925704,360.3616919082285
28622612,-1.029837,1.808697,-0.010165896308898859,306.8299333401594,152.50954664838247
28622612,-1.029837,1.808697,-0.010165896308898859,306.8299333401594,152.50954664838247
28628477,2.984434,-21.896942,1.1670751036911011,77.7910729895977,381.1531844808338
28655902,-3.756111,-0.912036,0.4549771036911011,114.75633829862748,134.6299871250353
28646227,-1.644196,2.189523,-0.015624896308898961,313.9978219772736,48.86926711344884
28616121,-4.413203,-0.236717,-0.012315896308898955,140.52282820654943,89.47535063601171
28646234,-1.465298,2.206964,-0.031790896308898864,329.37934128298,63.909822783858175
28640598,-0.807406,1.704164,-0.001839896308899025,307.79479204158696,184.41815226658792
28640598,-0.807406,1.704164,-0.001839896308899025,307.79479204158696,184.41815226658792
28620884,-0.089416,-6.183914,-0.011174896308898896,123.09595171901192,328.337379892823
28648892,-3.514371,0.036141,1.7445011036911011,9.145840282736089,64.48694039828226
28650700,-4.989874,-5.310461,2.3076731036911013,18.044643574974003,196.8192206301736
28650700,-4.989874,-5.310461,2.3076731036911013,18.044643574974003,196.8192206301736
28648900,-4.402817,0.082869,0.40667510369110105,120.75752643834409,63.87995279399928
28640613,-0.650375,1.605762,-0.009245896308898827,306.4914289677789,208.2809480949089
28640613,-0.650375,1.605762,-0.009245896308898827,306.4914289677789,208.2809480949089
28616152,-3.632076,0.153989,1.610276103691101,23.408363398293574,53.21152222124985
28655911,-4.444823,-2.440448,0.006180103691101113,118.93510797962868,160.51904362626686
28620907,-0.434079,-13.04572,3.850778103691101,5.006381546798849,363.1655610856952
28655912,-5.541208,-3.193208,2.091663103691101,14.10397195414572,134.07055555566103
28655913,-5.543869,-3.204463,2.174356103691101,9.345175418033849,133.5762473508533
28655913,-5.543869,-3.204463,2.174356103691101,9.345175418033849,133.5762473508533
28655917,-2.156473,0.084133,0.056844103691101155,173.56669433638763,171.11927948140556
28648938,-2.800923,1.108823,0.029018103691101027,193.0499807951372,79.59893817648253
28650712,-4.833469,-5.090649,1.707864103691101,43.80485343877075,197.5801846718831
28653913,-0.762591,1.536493,-0.024737896308898888,293.9476026122828,200.54682732390373
28653913,-0.762591,1.536493,-0.024737896308898888,293.9476026122828,200.54682732390373
28648962,-1.023479,2.212218,-0.010485896308898957,363.9392684164307,108.562987894052
28655922,-0.997296,1.913651,0.03382610369110117,318.9759501065567,144.94218918334894
28655922,-0.997296,1.913651,0.03382610369110117,318.9759501065567,144.94218918334894
28646300,-1.535425,1.792592,-0.01408789630889884,278.0143020350493,106.85317147028007
28640660,-0.789032,-1.98915,0.5098621036911011,130.0329882976165,292.56252994720006
28648980,-1.208322,2.011356,-0.012017896308898823,320.0365225960721,113.65569913480871
28648991,-1.090197,2.036447,-0.023487896308898915,332.1009926653811,123.56596643500951
28648997,-3.1777,-1.087537,1.774282103691101,22.877558364544456,152.78822153141414
28648997,-3.1777,-1.087537,1.774282103691101,22.877558364544456,152.78822153141414
28640669,-0.124967,1.469032,-0.007033896308898946,322.4447856685258,277.1108475241124
28655928,-2.281398,-0.348872,-0.02557089630889897,166.43684158315847,181.1525361418445
28655929,-0.920454,1.941051,-0.006862896308899025,330.145812826614,151.76274358747423
28655929,-0.920454,1.941051,-0.006862896308899025,330.145812826614,151.76274358747423
28608914,-0.999764,2.000937,-0.012386896308898887,333.04957678414667,136.9369065984905
28608914,-0.999764,2.000937,-0.012386896308898887,333.04957678414667,136.9369065984905
28649007,-1.227436,1.824355,-0.016549896308899026,297.4699886750808,131.61969727982063
28624898,1.420941,-17.994646,1.511052103691101,70.83240127936301,367.59937424292855
28620956,0.327285,-4.333912,-0.03729589630889896,140.04270692847558,340.2956100287498
28649009,-5.469717,-3.265064,0.06201610369110111,106.38230308439287,151.7027697113219
28649012,-2.998137,-1.340093,1.765349103691101,26.87745481762568,172.70693551798755
28649012,-2.998137,-1.340093,1.765349103691101,26.87745481762568,172.70693551798755
28655931,-3.823758,-2.874507,0.029459103691101163,119.32109222753392,187.7298238804653
28655931,-3.823758,-2.874507,0.029459103691101163,119.32109222753392,187.7298238804653
28657273,-4.870548,-5.138795,1.9718691036911011,32.53618241192109,197.3024748651738
28657273,-4.870548,-5.138795,1.9718691036911011,32.53618241192109,197.3024748651738
28624912,2.230041,-18.40811,3.273511103691101,38.10101580066575,396.11365614076647
28655935,-1.969531,-0.350927,0.058388103691101145,166.46624025668442,196.42352508703976
28655935,-1.969531,-0.350927,0.058388103691101145,166.46624025668442,196.42352508703976
28649031,-1.413061,2.408475,-0.020450896308898958,364.4534687018955,35.21077197776481
28637825,-0.822513,1.958068,-0.010483896308898899,339.78275530054145,161.42221353389465
28637825,-0.822513,1.958068,-0.010483896308898899,339.78275530054145,161.42221353389465
28637835,-0.695931,1.395593,-0.015607896308899027,283.50228343607694,215.3861846638644
28637835,-0.695931,1.395593,-0.015607896308899027,283.50228343607694,215.3861846638644
28646332,-1.182841,1.860689,-0.024785896308898936,304.4601841815012,132.6545789677945
28618695,-1.102912,1.877254,-0.008557896308899027,310.1952751131907,138.55405228593847
28637836,-0.622542,1.528775,-0.007669896308899027,299.7272150804533,215.87356405500952
28637836,-0.622542,1.528775,-0.007669896308899027,299.7272150804533,215.87356405500952
28640701,2.895109,-21.313213,2.046936103691101,64.09968350345994,387.8841513518039
28657278,-2.228695,-0.073245,-0.013708896308898932,172.63484191744175,173.92286612746284
28657279,-0.755173,1.936963,-0.017510896308899015,342.0685861585829,171.47602962509342
28657279,-0.755173,1.936963,-0.017510896308899015,342.0685861585829,171.47602962509342
28646338,-4.411077,-1.922819,-0.012018896308898963,123.58719054921094,148.62679655594422
28640706,0.327039,0.732724,0.004778103691100988,273.5252063948233,340.98498390690423
28620985,0.948041,-16.917385,4.3505651036911015,8.125423317435121,388.6044671561565
28618725,-1.075987,1.83158,-0.009539896308898843,306.6242642096223,145.6878819786756
28650732,-5.293447,0.356399,0.035925103691101024,135.96995904640437,27.439641765257846
28624981,6.623716,-19.765131,0.8137751036911011,91.30785415986988,438.6090803446996
28643408,-2.038472,2.032489,-0.01681689630889882,275.00121125303,38.78400146513761
28637862,0.119626,1.149796,0.002594103691101024,300.74057208127886,314.5831773628479
28650735,-6.909167,-0.387747,0.4190941036911011,95.16456594104348,11.597157312949632
28608961,-1.105742,1.931836,-0.012299896308898939,316.7950714266038,132.8786276108925
28637870,0.651117,0.147629,-0.010604896308898937,247.3789616677176,370.73288419383255
28646369,-1.389075,2.47583,-0.020280896308898955,379.2330617571207,24.79989349108166
28598334,-3.086001,1.702794,0.02413810369110103,210.4657374874813,10.036930033182244
28618737,-1.03238,1.809644,-0.012377896308898961,306.9160846632496,152.2109734988178
28618737,-1.03238,1.809644,-0.012377896308898961,306.9160846632496,152.2109734988178
28637877,0.679111,1.068821,0.0013001036911011177,324.11616139669127,388.2326414426615
28643433,-1.802897,1.816207,-0.005338896308898944,266.7599604109434,82.12484171565367
28649127,-1.207743,2.048608,-0.0098468963088989,324.7933630145457,109.2476547955816
28653982,-0.7569,-2.103106,0.863807103691101,108.70981748619988,301.4359375724011
28608976,-1.11015,1.907976,-0.008902896308898844,313.4113925792564,134.76013491065726
28643452,-2.71448,0.967545,-0.03957589630889902,194.5054507431446,96.33702745357792
28653034,-2.546989,0.555405,-0.04260289630889891,185.0726275097476,129.8369754656917
28649197,-0.934686,1.798188,-0.008679896308898982,311.3023930181981,163.34322396839144
28649197,-0.934686,1.798188,-0.008679896308898982,311.3023930181981,163.34322396839144
28649198,-0.79445,1.963132,-0.006764896308898871,342.4386747534411,164.18551389276232
28649198,-0.79445,1.963132,-0.006764896308898871,342.4386747534411,164.18551389276232
28410011,-1.634989,1.923649,-0.017610896308899004,285.43929708809765,84.44622849473473
28609001,-1.109777,1.886434,-0.01263089630889902,311.0885449215584,137.06519365377588
28643483,-2.674372,0.746928,0.010794103691101009,184.9811979592008,111.30072000832064
28649225,-0.759566,1.815254,-0.008908896308899017,324.63052877207747,181.23283950570988
28649225,-0.759566,1.815254,-0.008908896308899017,324.63052877207747,181.23283950570988
28649233,-5.524418,-3.164556,1.084765103691101,65.52003208936992,141.785173462928
28649236,-0.641167,1.801128,-0.009316896308898981,330.8427143926765,196.15692553463964
28649236,-0.641167,1.801128,-0.009316896308898981,330.8427143926765,196.15692553463964
28649243,-0.746799,1.600843,-0.011950896308899006,300.60822080438413,198.13207165334305
28649243,-0.746799,1.600843,-0.011950896308899006,300.60822080438413,198.13207165334305
28654014,-0.876094,-12.958648,2.666836103691101,38.358664686466255,341.2811585725591
28621076,4.605863,-24.897644,2.834718103691101,55.21905348510913,408.8491540312105
28637988,-2.32496,2.124191,-0.010946896308899001,268.7402029457884,5.05154822356144
28616372,-3.987551,-1.109716,0.0034471036911010167,133.75597087382704,137.91252767694374
28643520,-2.887073,1.270661,0.023626103691101186,197.3703607947595,62.3132091430036
28653059,-4.069241,-2.717523,0.06361710369110107,117.38998078736356,177.29970178720416
28653059,-4.069241,-2.717523,0.06361710369110107,117.38998078736356,177.29970178720416
28460219,-3.947197,-1.169566,0.018320103691101153,132.8094441152504,141.09685400818665
28654027,1.395883,-8.299591,-0.037091896308898864,120.52388661175456,368.0895709799307
28609049,-1.094373,1.845827,-0.017708896308898936,307.6245698108401,142.69323801258082
28646499,-1.217301,1.784546,-0.01054889630889888,293.5304977021371,136.1830355920601
28657344,-3.934,-5.478595,0.17149010369110118,101.85727725144646,223.61429619132196
28657344,-3.934,-5.478595,0.17149010369110118,101.85727725144646,223.61429619132196
28643590,-2.528004,0.570593,-0.030724896308898852,185.1739591183387,129.82197978456435
28657360,-2.031322,-2.330263,2.064499103691101,13.931302086175748,252.94992944482232
28657360,-2.031322,-2.330263,2.064499103691101,13.931302086175748,252.94992944482232
28628822,-2.078111,2.006201,-0.016946896308899007,270.7496963584233,39.2885990796664
28657363,-2.723405,-3.220842,0.11271110369110104,121.15575628633157,227.4577909758065
28657363,-2.723405,-3.220842,0.11271110369110104,121.15575628633157,227.4577909758065
28621163,5.070155,-18.027594,2.745746103691101,52.48874124310191,444.05968197331
28657371,-2.427547,-2.59859,0.06053210369110107,130.29563205066682,227.5668260419752
28657371,-2.427547,-2.59859,0.06053210369110107,130.29563205066682,227.5668260419752
28657372,-1.798438,-0.95535,0.004673103691101188,159.98853804666834,221.1496657739244
28657372,-1.798438,-0.95535,0.004673103691101188,159.98853804666834,221.1496657739244
28638166,-1.302281,1.775184,-0.020134896308898975,288.63560639878693,129.3844428217359
28649383,-0.131915,1.239012,-0.0041248963088988955,296.65412600593544,282.7584456925204
28656045,-3.492196,-8.142425,2.033499103691101,42.26272915208406,265.22360351479017
28656045,-3.492196,-8.142425,2.033499103691101,42.26272915208406,265.22360351479017
28657379,-1.906182,-2.313311,1.253360103691101,74.4411769474859,251.11857447253595
28657379,-1.906182,-2.313311,1.253360103691101,74.4411769474859,251.11857447253595
28657381,-3.387252,-8.057024,1.971360103691101,44.369736648965045,266.7727558952149
28657381,-3.387252,-8.057024,1.971360103691101,44.369736648965045,266.7727558952149
28657382,-2.069833,-2.434755,0.05239910369110112,135.15196305470397,237.8941858204988
28657382,-2.069833,-2.434755,0.05239910369110112,135.15196305470397,237.8941858204988
28621175,6.798987,-21.3783,1.575515103691101,77.79275600710315,442.0741774908704
28649396,-2.421725,-4.713746,0.3757621036911011,105.0653332438335,255.88002139255013
28649396,-2.421725,-4.713746,0.3757621036911011,105.0653332438335,255.88002139255013
28658201,-3.294772,-1.861895,0.4454831036911011,111.85453889611571,181.5934678166344
28658204,-3.887264,-3.228061,0.06194210369110098,115.53329481275664,192.5068162297628
28658208,-1.934429,-0.581668,0.022518103691101077,164.19937086951597,205.0690087571197
28658212,-3.769357,-3.519469,0.21769310369110118,108.86626631428936,200.8807917555964
28658218,-1.872354,-0.668901,0.03360210369110117,162.77983383783828,210.53168067103547
28658220,-2.555001,-1.022171,1.978302103691101,2.492192550875103,183.72670046927695
28658252,-2.839466,-3.458755,0.40079110369110105,107.517842622428,228.22290181180617
28658281,-1.871846,-2.344199,0.06064910369110099,137.47370571900072,244.0973629424636
28658294,-1.90598,-2.300604,0.8685271036911011,97.54964741392902,247.69989079012663
28658298,-1.840061,-2.279798,0.808727103691101,101.5050328234139,249.8104585754217
28658308,-2.739044,-5.31925,0.666358103691101,91.22025521663292,254.2849318349556
28658309,-2.114665,-3.98597,0.09225710369110107,120.87295329674724,256.13656082430515
28658310,-2.679349,-5.146145,0.7790311036911011,87.8075713647954,254.9603505173088
28658313,-2.62303,-4.90951,1.065820103691101,77.35128217110821,256.01870762730096
28658317,-1.896979,-2.298697,1.932644103691101,25.04828741421673,258.25460629985884
28658319,-1.859069,-2.395512,2.017261103691101,19.056640751387107,263.00398322591514
28658320,-0.426665,0.718733,-0.025275896308898815,245.54365680095776,265.8297413727579
28658323,-1.088397,-2.485974,0.108482103691101,141.071583546914,277.9418598551864
28658327,-0.258348,1.162836,-0.011386896308898997,283.649819216382,270.499428283273
28658333,-2.689967,-9.58817,1.802546103691101,53.60859697488672,289.7019436191723
28658335,-2.54977,-9.664371,1.649783103691101,58.38723587238661,291.99647024411007
28658336,-2.417799,-9.891995,1.449411103691101,64.38794768086868,294.2794375804066
28658339,-2.248727,-9.819185,1.293301103691101,69.00430681387357,296.4966183445369
28658353,-0.255005,-2.019504,0.2571321036911012,148.94926016386253,315.73782210618816
28658354,-0.213819,-2.041014,0.12338810369110109,155.75702561819674,315.2888272011797
28658361,-0.419591,-7.204543,0.03850710369110111,114.95509517095688,321.37183442493046
28658362,-0.378559,-6.783735,-0.004129896308898928,118.27797871185176,321.22545239207574
28658363,-0.329546,-5.905586,0.011214103691101096,122.65288297713884,321.04099886442447
28658389,1.4917,-8.784158,0.42564810369110107,106.41149939471876,375.9831095774591
28658390,0.474657,0.508608,-0.004373896308898839,263.5745839764338,355.86821095903167
28658397,0.567447,1.047021,-0.009313896308899006,315.50072743807857,371.45116068700406
28658765,-6.543192,0.156499,0.11695010369110115,117.15819778679368,0.1214285264698276
28658771,-6.746285,-0.56665,0.026575103691101054,114.4564450293565,34.68999270023849
28658775,-3.05839,1.378887,-0.03647289630889894,201.3896730725701,46.46589926396564
28658793,-1.661631,1.818992,-0.012819896308899015,274.1346214075393,93.51367624165168
28658800,-1.548839,1.818689,-0.02112489630889902,280.1794783395053,103.32596424830376
28658801,-2.651,0.870952,-0.023798896308898865,191.6248227192983,105.6435227566982
28658817,-0.798376,2.32843,-0.015029896308898838,409.3847761276833,120.67940414755527
28658831,-3.140516,-0.044944,0.024584103691100978,157.29762951958617,129.68355259982928
28658832,-3.084391,0.026824,-0.020228896308899014,161.9761284045423,129.5658028835595
28658835,-5.618107,-3.255334,0.9886201036911011,69.41156182495641,142.22200480745812
28658836,-5.664375,-3.315124,0.7615011036911011,78.72949603509812,143.95932348853125
28658837,-5.222093,-2.674541,-0.01475789630889901,113.4160883851286,145.06145013333713
28658863,-3.237113,-1.786294,0.46340610369110113,111.94598786337974,181.71897609702765
28658880,-0.843022,1.677631,-0.013571896308898879,303.45558221134974,182.65197613401048
28658917,-2.176974,-0.904788,-0.0992998963088989,161.17446145577702,202.4282314342312
28658925,-0.661678,1.651657,-0.01611489630889884,311.3756231807691,204.11538889338297
28658934,-0.773587,1.397946,-0.02168189630889894,280.3433315289733,207.50528638265456
28658936,-0.931608,1.064821,-0.02372989630889899,248.98192795266905,209.9293290664825
28658938,-2.055925,-2.18693,2.0577811036911013,12.75487741584817,248.7226251616834
28658940,-2.405428,-2.555478,0.8667261036911011,92.9675798181466,231.0264734542744
28658950,-1.939409,-2.271576,1.980688103691101,20.64488792188729,255.99085117678683
28658955,-0.642984,1.305258,-0.013938896308898885,278.01259076806053,225.2050024344027
28658962,-3.389473,-8.352412,2.4901791036911014,27.200447376597737,271.75040323279774
28658964,-1.937721,-2.333181,-0.01290789630889888,140.16885266132093,240.95688618131464
28658977,-1.477636,-3.772766,0.4443901036911011,112.6397747961193,278.2518819626568
28658978,-1.276961,-2.614124,-0.10305689630889892,146.84964924905518,269.36317134176835
28658980,-0.546438,0.56415,-0.01751489630889891,232.5997111202572,259.77148377563014
28658988,-1.102131,-2.767024,-0.03574589630889902,143.937263244686,278.46021701469226
28657392,-1.639419,-1.628966,0.015583103691101163,150.65058338671008,241.92871874933627
28657392,-1.639419,-1.628966,0.015583103691101163,150.65058338671008,241.92871874933627
28657397,-1.515464,-1.826252,-0.047327896308899,152.1309132127625,250.0177348045648
28657397,-1.515464,-1.826252,-0.047327896308899,152.1309132127625,250.0177348045648
28657418,-2.381135,-0.226306,-0.048924896308898846,168.77321072777073,172.26353370601998
28657452,-3.969291,-5.022212,1.327226103691101,61.80406707034072,219.4698626242613
28657452,-3.969291,-5.022212,1.327226103691101,61.80406707034072,219.4698626242613
28611797,-1.10524,1.877729,-0.012021896308898938,310.31121331958207,138.3675838202608
28616668,-3.550123,-2.392416,0.015240103691101181,125.22361627242393,186.2558313743512
28616668,-3.550123,-2.392416,0.015240103691101181,125.22361627242393,186.2558313743512
28629198,4.085592,-20.580143,3.5379431036911013,38.20702063969557,422.7597705284033
28616710,-3.465506,-2.776689,0.0026651036911011783,123.45212897520102,196.60216354067865
28616710,-3.465506,-2.776689,0.0026651036911011783,123.45212897520102,196.60216354067865
28657518,-3.390129,-8.328507,2.050348103691101,42.326736153057055,268.94236896378374
28657525,-2.937083,-8.805682,2.119604103691101,41.988859822133776,282.7031302397575
28632469,-1.658845,0.660129,-0.014151896308898904,206.29142511302763,175.50775162732117
28632469,-1.658845,0.660129,-0.014151896308898904,206.29142511302763,175.50775162732117
28650993,-4.882264,-5.176406,0.39408110369110105,91.7786305987154,197.9775067053354
28657529,-2.822343,-8.92681,1.975428103691101,47.095257104946256,284.97830704011506
28626079,5.91673,-22.093565,1.9354451036911011,70.30231343230878,428.9065314086847
28635824,-5.633832,-3.655449,0.01283510369110119,105.6324383828864,156.04745377190798
28626099,6.560136,-19.429228,0.2515731036911011,100.74210634212754,432.9022035942152
28626101,4.520558,-12.785728,0.09925610369110105,112.75781691962668,426.6121804242658
28626104,7.120455,-20.010672,0.39295310369110104,98.8180576664012,440.8266783669405
28635839,-4.05257,-2.796626,-0.014189896308898886,119.9922612130428,179.62548149189135
28635839,-4.05257,-2.796626,-0.014189896308898886,119.9922612130428,179.62548149189135
28652254,-3.478363,-1.23589,0.5077151036911011,111.68441795541952,156.24458589692225
28652265,-4.359519,-2.994781,0.2969051036911011,104.89764060801708,174.11519608578442
28652265,-4.359519,-2.994781,0.2969051036911011,104.89764060801708,174.11519608578442
28652270,-4.032045,-2.472177,0.104447103691101,117.59349265977164,172.92816662813522
28652270,-4.032045,-2.472177,0.104447103691101,117.59349265977164,172.92816662813522
28655170,-2.911555,-3.178114,0.06615810369110098,121.97455771495233,220.7181084725456
28655170,-2.911555,-3.178114,0.06615810369110098,121.97455771495233,220.7181084725456
28655173,-3.308082,-4.556953,0.20243810369110116,107.19867534228288,228.57332119176212
28655180,-2.825801,-3.256789,0.009059103691101189,124.18570603276754,224.4342923046229
28655180,-2.825801,-3.256789,0.009059103691101189,124.18570603276754,224.4342923046229
28657657,0.824864,1.227673,-0.002999896308898853,355.18244997757563,414.89453340226055
28655204,-2.510812,0.456704,0.031820103691101,178.44472472884945,135.68349458263611
28617099,-1.816393,-5.227019,0.09511310369110104,115.48742638937912,275.6227687467379
28617099,-1.816393,-5.227019,0.09511310369110104,115.48742638937912,275.6227687467379
28647259,-4.016946,-1.078584,-0.0033098963088988853,134.12783964015094,135.94843635431215
28644467,4.412112,-15.71096,0.026105103691101084,106.30452868038496,409.33663151658845
28636069,0.598162,0.726789,-0.002791896308898867,285.5618594967465,371.6937901349529
28612478,-1.111321,1.89297,-0.010159896308898908,311.6199142935749,136.18615479888422
28629899,0.137078,-17.198467,4.670200103691101,0.7823816253922189,375.8080367780822
28655404,0.449518,-4.850357,0.3988281036911011,120.44739110467523,352.30274049036404
28647495,-0.688237,1.747799,-0.00910589630889902,320.79740072914467,194.5458617136374
28647495,-0.688237,1.747799,-0.00910589630889902,320.79740072914467,194.5458617136374
28656579,-2.217531,-0.393716,-0.0026728963088988866,165.22228950828452,185.61697730846964
28654492,-3.138721,-2.933275,-0.005794896308898956,124.92631335755227,209.5008766548057
28654492,-3.138721,-2.933275,-0.005794896308898956,124.92631335755227,209.5008766548057
28645038,-0.431296,1.496181,-0.009365896308898947,307.16809630005264,238.9104594425911
28645038,-0.431296,1.496181,-0.009365896308898947,307.16809630005264,238.9104594425911
28591104,-1.108675,1.914788,-0.011008896308899008,314.4493412518973,134.2842889123266
28627058,6.035156,-18.486532,0.06675510369110116,104.13163732805644,426.46170519472
28656625,-1.686921,-1.46202,0.030086103691101096,151.8546308447589,236.9397175779956
28656625,-1.686921,-1.46202,0.030086103691101096,151.8546308447589,236.9397175779956
28656633,-1.607921,-1.663122,-0.05818689630889895,153.94578162816248,243.3652204934134
28656639,-2.115112,-4.351591,0.1276551036911011,117.39018080278775,259.9650563233292
28656639,-2.115112,-4.351591,0.1276551036911011,117.39018080278775,259.9650563233292
28656648,-4.251672,-2.637289,0.03649610369110112,117.7592666310311,170.38622641515354
28656648,-4.251672,-2.637289,0.03649610369110112,117.7592666310311,170.38622641515354
28656694,-2.576438,-2.609488,0.0047831036911010205,131.31020611166588,222.39431633720892
28656694,-2.576438,-2.609488,0.0047831036911010205,131.31020611166588,222.39431633720892
28630559,-3.155663,-2.733807,-0.019975896308898955,126.8684083689014,205.44577293428577
28630559,-3.155663,-2.733807,-0.019975896308898955,126.8684083689014,205.44577293428577
28654520,-2.520407,0.492699,0.035082103691101096,179.05917964035262,133.26405877955085
28656728,-2.044721,-2.36332,0.015185103691101043,137.6901974890485,237.5318195207366
28656728,-2.044721,-2.36332,0.015185103691101043,137.6901974890485,237.5318195207366
28630610,-0.697077,1.682163,-0.01076889630889899,312.4459637295004,198.1468440803107
28630610,-0.697077,1.682163,-0.01076889630889899,312.4459637295004,198.1468440803107
28654530,-2.450548,0.404372,0.05113610369110111,176.95407740102092,141.2155526897402
28654548,-4.960985,-4.025753,0.1046051036911011,104.40396605181522,178.5420468868765
28654548,-4.960985,-4.025753,0.1046051036911011,104.40396605181522,178.5420468868765
28642383,-3.458039,-2.391904,0.06597510369110116,123.83106869240471,189.09169945792803
28642383,-3.458039,-2.391904,0.06597510369110116,123.83106869240471,189.09169945792803
28587361,-1.109409,1.906357,-0.014056896308898947,313.5628450463822,135.1552373223717
28590365,-1.104038,1.872678,-0.008856896308898854,309.6089138974215,138.8955020735376
28651649,-5.62637,-3.157588,0.07094310369110102,105.70020478538352,145.5092798813729
28636987,-2.919156,-1.406153,1.793895103691101,25.23597605938002,179.1426049917286
28636987,-2.919156,-1.406153,1.793895103691101,25.23597605938002,179.1426049917286
28645520,-4.400249,-1.590899,0.11073410369110115,120.96375906145698,138.58873998445455
28654659,-3.050333,-8.441635,2.3832051036911013,31.825459462340177,279.85532992226075
28654659,-3.050333,-8.441635,2.3832051036911013,31.825459462340177,279.85532992226075
28634238,7.1642,-20.132107,0.17403510369110098,102.13777255187289,438.5300125386723
28658164,-2.575644,-9.934717,1.626784103691101,59.18139648378545,292.3244057857838
28658164,-2.575644,-9.934717,1.626784103691101,59.18139648378545,292.3244057857838
28658171,-1.654886,-5.188025,0.7161881036911011,94.7516874479512,285.3736207863428
28658171,-1.654886,-5.188025,0.7161881036911011,94.7516874479512,285.3736207863428
28658177,-1.606007,-5.158636,0.10392210369110111,116.69277519678047,281.270123457309
28658177,-1.606007,-5.158636,0.10392210369110111,116.69277519678047,281.270123457309
28645743,-4.531656,-3.604475,0.21827610369110118,104.27983835766914,181.5946765438493
28645743,-4.531656,-3.604475,0.21827610369110118,104.27983835766914,181.5946765438493
28642878,-4.277253,-2.122381,-0.004319896308898841,122.7449192276128,157.7522813517416
28631453,0.654438,1.049974,0.0009601036911011107,320.43143216661883,384.3046281536812
28645913,0.031652,-5.429088,-0.06661889630889894,130.25271256427624,330.3798771828312
28645926,1.580187,-17.75638,0.31988710369110107,91.473504993453,361.0138464862189
28653738,-5.574142,-3.230228,0.4665321036911011,91.01729392398909,146.09314399876035
28648572,0.409614,0.851275,-1.889630889895244e-05,287.3671362409462,350.40040122320147
28643063,-0.379648,1.491914,-0.007619896308898921,309.6067440818548,245.1256062173864
28643063,-0.379648,1.491914,-0.007619896308898921,309.6067440818548,245.1256062173864
28643066,-0.340226,1.566016,-0.009948896308898947,320.77205207060075,246.45960110360568
28643066,-0.340226,1.566016,-0.009948896308898947,320.77205207060075,246.45960110360568
28637490,-3.811781,-3.109514,0.011163103691101073,118.60217679343876,192.5417164900838
28637490,-3.811781,-3.109514,0.011163103691101073,118.60217679343876,192.5417164900838
28653785,-3.601541,-2.356194,-0.0031658963088989633,125.873311615348,183.8972466155199
28653785,-3.601541,-2.356194,-0.0031658963088989633,125.873311615348,183.8972466155199
28655877,-2.716228,-3.475416,0.0036841036911010594,123.5983108829672,230.9222914629025
28655877,-2.716228,-3.475416,0.0036841036911010594,123.5983108829672,230.9222914629025
28628494,5.573081,-19.834127,0.049356103691100994,101.1080299529285,413.7040938512909
28655905,-2.693743,0.109369,-0.1379158963088989,176.21499764506154,145.12936540370265
28640608,-0.65825,1.703864,-0.008218896308898938,317.2811762862059,201.05544947322335
28640608,-0.65825,1.703864,-0.008218896308898938,317.2811762862059,201.05544947322335
28620926,-0.104212,-15.001472,4.007910103691101,9.192626788868097,368.56725092699287
28606807,-4.339935,-3.645012,0.0628491036911012,110.68871436128327,187.6016980481305
28606807,-4.339935,-3.645012,0.0628491036911012,110.68871436128327,187.6016980481305
28580834,-3.977968,-1.175104,0.00825610369110108,132.93718561362624,140.31956634940616
28603134,-3.754314,-1.795173,-0.017159896308899025,130.0067228964955,165.81051819877527
28603134,-3.754314,-1.795173,-0.017159896308899025,130.0067228964955,165.81051819877527
28606862,-3.003937,-2.655486,-0.021786896308898962,128.68920132138732,208.89217574517
28606862,-3.003937,-2.655486,-0.021786896308898962,128.68920132138732,208.89217574517
28653068,-3.904958,-2.737945,0.09569910369110102,117.0813053440598,182.47528324731087
28653068,-3.904958,-2.737945,0.09569910369110102,117.0813053440598,182.47528324731087
28616392,-3.953211,-1.179375,0.023267103691101187,132.42290978140525,141.16305902118668
28606878,-2.840906,-2.624221,-0.04295089630889892,131.03747057105082,213.64083419842868
28606878,-2.840906,-2.624221,-0.04295089630889892,131.03747057105082,213.64083419842868
28657365,-1.847514,-0.955522,-0.019120896308898905,160.55049472048404,218.76576548599087
28621160,3.758747,-11.391529,-0.01921789630889892,117.29751206841412,415.1787011828882
28658196,-2.181702,-0.196161,-0.01776589630889891,170.80423712076862,180.7461208407665
28658199,-2.205779,-0.413831,-0.004448896308898886,165.0827942615386,186.83811589410703
28658202,-2.138204,-0.589973,-0.014569896308898933,163.1225434098173,195.4947019942001
28658206,-2.078986,-0.739688,-0.01224589630889894,161.01270582692797,202.5143288288306
28658215,-2.00624,-0.848072,-0.0037258963088988573,159.5906969399225,208.7774358378425
28658219,-1.988658,-0.908309,-0.005300896308898961,158.84248603231896,211.1149228126909
28658222,-1.960015,-0.948983,0.0030251036911010942,158.08532820305504,213.458533168674
28658226,-1.933772,-1.030275,-0.0026258963088989784,157.3235661797274,216.59536343163717
28658232,-1.891548,-1.081833,0.006253103691101103,156.54792662908244,219.7445430231652
28658253,-1.755124,-1.347465,0.020198103691100977,153.27424917733975,231.63170615398067
28658275,-1.911935,-2.313837,-0.0038128963088990275,140.22494675471728,241.70184114681453
28658277,-1.597156,-1.606119,-0.038018896308898986,153.97260676577395,243.01365548325836
28658442,1.088557,0.874609,-0.006629896308898875,326.6386619389084,441.111436506015
28658839,-5.616454,-3.585451,0.181727103691101,100.1891672343572,154.2745429614849
28658844,-0.943523,1.833447,-0.011863896308898836,315.12106886936124,159.38589116371313
28658882,-4.973223,-5.301033,0.38364010369110113,91.4711426175945,197.64461860542391
28658973,-1.962755,-4.224815,0.7398361036911011,95.364044367717,268.13247802567747
28658975,-1.644742,-3.996792,0.7150651036911011,99.05792266425536,276.8521427851832
28635403,6.08006,-20.472084,0.7653231036911011,90.23538129802256,426.17857869113055
28650064,-0.772723,1.728524,-0.008817896308898954,313.11350465107694,186.4491652092591
28650064,-0.772723,1.728524,-0.008817896308898954,313.11350465107694,186.4491652092591
28637133,5.652601,-19.385962,1.897572103691101,70.82049712785008,436.5308337440546
28627848,5.943416,-20.690596,2.905542103691101,52.81061791642969,446.78571082676217
28637861,3.193244,-10.744602,-0.08292989630889891,118.99799315652156,403.9904784114845
28637866,7.177744,-19.48329,-0.00329989630889882,106.05274220850306,439.91235068871765
28658315,-1.322828,-2.245779,0.04262010369110114,144.57914053115076,264.71709782163504
28658331,-0.95807,-3.131335,0.03508010369110104,138.43300334287798,287.97671409318133
28657411,-1.701425,-4.610292,0.7930041036911011,93.29673115712362,280.5819021875113
28657411,-1.701425,-4.610292,0.7930041036911011,93.29673115712362,280.5819021875113
28657414,-1.594174,-4.201134,0.7193921036911011,98.34641185228416,280.3623370387511
28657414,-1.594174,-4.201134,0.7193921036911011,98.34641185228416,280.3623370387511
28646698,-4.048697,-5.194815,1.1202461036911011,69.65425967864911,219.24547558935265
28646698,-4.048697,-5.194815,1.1202461036911011,69.65425967864911,219.24547558935265
28629191,2.435008,-18.953302,4.287724103691101,17.28043726779211,408.8188118094398
28629194,3.678328,-21.907393,3.3655741036911007,42.89155224361141,409.4562196998728
28625723,-5.586819,-3.242634,2.122448103691101,12.648165172293943,133.8944184626472
28625723,-5.586819,-3.242634,2.122448103691101,12.648165172293943,133.8944184626472
28632676,3.428152,-21.578722,2.363480103691101,59.68146967022997,397.5911419964011
28626087,5.872053,-18.945042,0.07124010369110101,102.87275575812671,421.913937206608
28626088,3.357225,-10.47334,0.09890510369110106,116.38950153272047,412.2664770591517
28629922,2.892509,-21.08202,2.6753081036911013,53.41767425306864,393.68688525915104
28629933,4.21727,-20.932423,3.994007103691101,29.82141009826381,428.5288604133802
28629939,5.681335,-21.612747,3.055673103691101,50.45996600329747,439.28671934055296
28633265,2.447718,-16.268053,4.501012103691101,2.0195320007939586,424.4957567830586
28656565,-2.206665,-0.243216,0.03578910369110111,166.39991484459276,180.9388185861596
28627016,2.751988,-20.382162,3.099783103691101,44.93424472011992,397.23885275061065
28627026,4.21744,-21.177191,2.864313103691101,51.77030239304918,415.4863656616096
28656629,-1.659294,-1.540812,0.02412710369110105,151.29446278245103,239.56575175503752
28656629,-1.659294,-1.540812,0.02412710369110105,151.29446278245103,239.56575175503752
28647736,4.125947,-20.282494,2.405073103691101,59.348186915635154,412.66924287202926
28617531,2.98189,-10.227306,0.13335910369110104,114.96893588797622,404.5876960965298
28630709,3.755835,-11.117001,-0.115514896308899,120.50867732450985,415.1702910967373
28639717,3.549672,-20.34811,2.978770103691101,48.08885633219927,408.9166270862292
28627832,3.836185,-23.545099,3.5020311036911007,42.62941567293405,407.88423312306793
28658161,-2.715781,-9.657413,1.8372001036911012,52.629141458810125,289.6616081176761
28658161,-2.715781,-9.657413,1.8372001036911012,52.629141458810125,289.6616081176761
28658183,-1.354884,-4.136466,0.671574103691101,102.01991442260034,287.83720402693405
28658183,-1.354884,-4.136466,0.671574103691101,102.01991442260034,287.83720402693405
28654716,2.759249,-10.964149,-0.12914689630889886,117.55119226268168,392.14586995467033
28645940,5.570176,-20.717508,2.607069103691101,57.9116802607318,436.7337722842217
28654725,3.119187,-11.183018,-0.13663289630889897,118.27757250603852,399.4725697531628
28637403,-4.921916,-5.174366,2.259594103691101,19.579773161812312,196.39712519597276
28637403,-4.921916,-5.174366,2.259594103691101,19.579773161812312,196.39712519597276
28628491,5.424454,-20.913504,2.695058103691101,56.20948234962731,434.3487718910576
28628496,3.992357,-11.61778,-0.021786896308898962,117.41569836831268,419.4222469614554
28637854,3.933084,-21.287798,2.764638103691101,53.28205368072375,409.6862149433669
28640718,4.056596,-20.367868,3.197475103691101,44.53571231394881,419.4579810528071
28621111,2.728117,-10.725346,0.10566810369110113,112.86850476778385,395.6006272162101
28621144,3.020574,-10.185053,0.13940810369110102,115.13484128831264,405.8892427970628
28621148,4.983854,-19.753353,2.950029103691101,49.82861019731908,435.4387799288703
28621158,5.569428,-19.656841,2.338045103691101,62.47749007314272,438.93307688775866
28657403,-1.424542,-1.976377,-0.02956689630889886,150.23509339240593,256.2297482482155
28657403,-1.424542,-1.976377,-0.02956689630889886,150.23509339240593,256.2297482482155
28641024,-5.738115,-3.116717,0.07892210369110098,105.0014284352017,141.84710276599793
28658159,-1.460756,-1.896064,-0.029279896308898934,150.9317921382205,253.5432430325986
28658159,-1.460756,-1.896064,-0.029279896308898934,150.9317921382205,253.5432430325986
28658170,-1.260468,-2.363484,-0.03170689630889889,147.00971968040392,267.9590183429955
28658170,-1.260468,-2.363484,-0.03170689630889889,147.00971968040392,267.9590183429955
28620652,-3.01715,-9.243217,2.652917103691101,25.375547047757152,286.6931769162833
28620652,-3.01715,-9.243217,2.652917103691101,25.375547047757152,286.6931769162833
28655881,-1.849828,-1.152074,0.008101103691101175,155.8196722529944,223.22246245372077
28632054,0.738541,-18.180363,4.5656361036911015,7.370038747553082,383.5245663156311
28638222,1.411099,-18.324154,1.173842103691101,76.58918046412248,364.3743163491944
28649446,0.90723,-19.01058,4.287075103691101,16.50482012467566,381.7807381477386
28646768,-3.07436,-8.938472,2.539622103691101,28.06509328917494,283.0309787294287
28646768,-3.07436,-8.938472,2.539622103691101,28.06509328917494,283.0309787294287
28646803,1.256677,-19.13409,4.570449103691101,10.740700447146509,390.2442143213375
28626051,3.238504,-21.64193,-0.04237589630889893,95.5153056023904,376.2000734659151
28574173,-3.963827,-1.158787,0.010982103691101086,133.10976899735303,140.24904837445212
28653329,-0.212472,-6.039521,-0.008611896308899025,123.15726425856812,324.5253411829245
28623572,-2.822388,-9.4284,2.9229321036911013,16.992976286676196,294.1886388574351
28623572,-2.822388,-9.4284,2.9229321036911013,16.992976286676196,294.1886388574351
28623578,-2.594487,-9.842909,3.222484103691101,8.568059011002788,303.73023622627284
28623578,-2.594487,-9.842909,3.222484103691101,8.568059011002788,303.73023622627284
28623582,-2.488707,-10.265443,3.465885103691101,2.230162619981627,309.7210661928986
28623582,-2.488707,-10.265443,3.465885103691101,2.230162619981627,309.7210661928986
28655406,1.77567,-18.274736,-0.044479896308898814,96.9433975875459,360.6705136814064
28623673,0.494952,-18.572788,4.788932103691101,3.4070478636879216,380.4701707796016
28623691,1.454897,-18.260832,4.873683103691101,0.4185539318777103,399.8262031111532
28617359,0.042021,-14.832587,3.9192591036911013,11.049099834347118,370.9417204859353
28656622,-3.294959,-8.528016,2.319387103691101,33.935982111202065,274.0422132203025
28656622,-3.294959,-8.528016,2.319387103691101,33.935982111202065,274.0422132203025
28645143,-2.71531,-9.771057,3.123034103691101,11.65206957076606,299.7142379218946
28645143,-2.71531,-9.771057,3.123034103691101,11.65206957076606,299.7142379218946
28633712,-3.00113,-9.533437,2.938166103691101,16.760551070064963,290.4827903072673
28633712,-3.00113,-9.533437,2.938166103691101,16.760551070064963,290.4827903072673
28633717,-2.669732,-10.150766,3.4248341036911008,2.9593064812858927,304.6433458368665
28633717,-2.669732,-10.150766,3.4248341036911008,2.9593064812858927,304.6433458368665
28656772,-3.333692,-8.343183,2.761693103691101,17.248250147893913,274.8205511197628
28656772,-3.333692,-8.343183,2.761693103691101,17.248250147893913,274.8205511197628
28658154,-2.944776,-9.143047,2.160678103691101,41.425063319329496,284.47199177997584
28658154,-2.944776,-9.143047,2.160678103691101,41.425063319329496,284.47199177997584
28658157,-2.907465,-9.382441,1.9589751036911012,48.23080005425851,285.0885328956223
28658157,-2.907465,-9.382441,1.9589751036911012,48.23080005425851,285.0885328956223
28658186,-0.49548,0.749142,-0.012721896308898861,244.2245552109877,259.23856676056056
28658186,-0.49548,0.749142,-0.012721896308898861,244.2245552109877,259.23856676056056
28645903,-2.900214,-9.295701,2.7931471036911013,20.88394663732285,290.7451030446619
28645903,-2.900214,-9.295701,2.7931471036911013,20.88394663732285,290.7451030446619
28645905,-2.807836,-9.50303,2.946825103691101,16.506329204134175,295.0340341041286
28645905,-2.807836,-9.50303,2.946825103691101,16.506329204134175,295.0340341041286
28645908,-2.583648,-9.980472,3.302423103691101,6.446714342295877,305.13007953675594
28645908,-2.583648,-9.980472,3.302423103691101,6.446714342295877,305.13007953675594
28645911,-2.461138,-10.330367,3.520065103691101,0.6722123768975905,311.0549002702167
28645911,-2.461138,-10.330367,3.520065103691101,0.6722123768975905,311.0549002702167
28648567,-3.170753,-8.749045,2.495369103691101,28.78437819506658,279.41756106831565
28648567,-3.170753,-8.749045,2.495369103691101,28.78437819506658,279.41756106831565
28655889,-1.778793,-1.185614,0.03869710369110102,154.6213546944016,227.32932168606624
28655889,-1.778793,-1.185614,0.03869710369110102,154.6213546944016,227.32932168606624
28628418,-2.863124,-9.785362,3.134835103691101,11.190877628869371,296.3202556558108
28628418,-2.863124,-9.785362,3.134835103691101,11.190877628869371,296.3202556558108
28620947,0.359715,-16.776962,4.126423103691101,12.93874725314214,375.3384877047988
28613971,-0.392732,-13.882133,3.9032801036911007,7.302191490384558,363.3059684609409
28658322,-3.404816,-8.388625,2.5393151036911012,25.55487785760204,271.9151074272354
28658330,-2.926491,-9.119277,2.173177103691101,41.002896081679694,284.86098294772995
28658332,-2.819865,-9.394545,1.9932691036911012,47.37817335528956,287.3126371355777
28658985,-0.45536,0.740695,-0.013241896308898937,245.1289758704236,262.9810252037081
28606908,-2.756536,-2.732606,0.004096103691101138,128.89044419877496,218.3831110377754
28606908,-2.756536,-2.732606,0.004096103691101138,128.89044419877496,218.3831110377754
28653791,-3.843571,-3.052023,0.001031103691101043,119.13695978189068,190.57817936180737
28653791,-3.843571,-3.052023,0.001031103691101043,119.13695978189068,190.57817936180737
28650697,-3.870016,-1.276084,0.02196710369110111,132.25030672901212,147.05490504967327
28624857,-0.227899,-2.092503,0.029027103691101175,159.25872079319157,313.01019473290785
28636460,-5.321792,-4.339685,0.010418103691101077,104.59790141925838,175.63908856274904
28636460,-5.321792,-4.339685,0.010418103691101077,104.59790141925838,175.63908856274904
28656708,-2.34279,-2.524185,0.0028651036911011563,134.06060921382306,229.138868217434
28656708,-2.34279,-2.524185,0.0028651036911011563,134.06060921382306,229.138868217434
28620236,-3.482842,-2.842109,0.009314103691101083,122.60832666436332,197.29922182138532
28620236,-3.482842,-2.842109,0.009314103691101083,122.60832666436332,197.29922182138532
28606762,-5.434424,-4.32267,-0.007888896308898996,104.72110661771936,172.85439105037187
28606762,-5.434424,-4.32267,-0.007888896308898996,104.72110661771936,172.85439105037187
28646333,-5.585327,-3.265773,0.061330103691101145,105.79986150205752,148.9204659932901
28216220,-1.106571,1.879263,-0.01321289630889888,310.4786992196599,138.11518430203412
28653062,-3.542748,-1.930595,0.014182103691101178,129.17724923913255,176.0201402068269
28653062,-3.542748,-1.930595,0.014182103691101178,129.17724923913255,176.0201402068269
28594072,-1.106542,1.882752,-0.011575896308898992,310.79369285159834,137.7284772482692
28590361,-1.108984,1.895242,-0.009189896308898993,311.9784430906959,136.16979424034713
28620123,-3.567291,-1.897286,0.00497610369110113,129.670038083487,174.42868800399992
28620123,-3.567291,-1.897286,0.00497610369110113,129.670038083487,174.42868800399992
28620047,-3.765205,-1.659971,0.0157971036911011,129.7217518066481,161.71366180103948
28648165,-3.872426,-1.445115,-0.0033088963088989676,131.6927572387632,152.2322971728761
