uid,px_world,py_world,pz_world,u_rectified,v_rectified
28589961,-9.63088,18.777395,9.7201051036911,60.577819623028034,238.3321306415145
28589962,-19.639071,44.36129,4.955766103691101,147.1502390790166,221.5549916092536
28589962,-19.639071,44.36129,4.955766103691101,147.1502390790166,221.5549916092536
28567271,18.888939,130.977585,-0.2715968963088988,164.64097762104248,92.748078325069
28577048,-10.902837,8.597161,1.8075221036911011,158.99974850665512,347.467437823999
28586013,-10.269122,66.005806,3.666100103691101,154.88622150441375,165.1975064740746
28589964,-16.827547,35.612648,8.9068831036911,119.15732029592616,227.5473496069836
28577049,-10.399776,8.276703,1.454909103691101,166.02396050002312,345.81557252317043
28579746,-3.360209,2.675927,0.021352103691101076,287.2617692914243,391.36218548669774
28578371,-14.449333,42.130955,10.683978103691102,114.23128989120612,202.58976069162125
28578371,-14.449333,42.130955,10.683978103691102,114.23128989120612,202.58976069162125
28577051,-10.897508,8.541094,1.205622103691101,170.8269372773313,346.07066177966584
28593938,-16.577774,22.609102,6.299323103691101,122.2943082818251,272.1206344545352
28593938,-16.577774,22.609102,6.299323103691101,122.2943082818251,272.1206344545352
28578373,-35.162571,112.415062,-0.116240896308899,165.54004779843032,197.72144036765863
28578373,-35.162571,112.415062,-0.116240896308899,165.54004779843032,197.72144036765863
28521397,-5.694097,7.700084,0.042928103691101116,201.96299679583575,277.3443334410661
28586892,-5.335393,11.622166,4.861229103691101,93.09107126878934,229.12034638780196
28567280,2.357921,90.784286,14.6219121036911,125.13753087423038,118.25413519384026
28593939,-13.181441,19.073923,2.799274103691101,150.58461486675216,264.5309938956864
28593939,-13.181441,19.073923,2.799274103691101,150.58461486675216,264.5309938956864
28589181,77.6903,185.019196,3.024933103691101,157.64969384788708,1.1714501195652076
28589971,-9.474466,19.089621,7.669500103691101,89.98764063507215,234.22024735937197
28578384,-32.123085,94.989784,10.380507103691102,143.11364680111234,201.9850262892745
28594683,20.335499,91.731514,1.442925103691101,161.13084067588366,68.32706470389252
28593942,-24.332333,26.13283,19.690870103691104,20.12106135527091,311.3260277947218
28593942,-24.332333,26.13283,19.690870103691104,20.12106135527091,311.3260277947218
28590767,-12.425646,18.024118,6.4742231036911,106.7742247972742,267.8174209812444
28564586,-11.433915,19.42145,12.692051103691101,26.835914191522363,254.3383971831641
28578397,-7.398532,19.282108,9.6165971036911,58.71017163194648,211.2976720161892
28578397,-7.398532,19.282108,9.6165971036911,58.71017163194648,211.2976720161892
28565336,6.688614,107.781158,10.0391771036911,141.71754516863248,111.23311703278308
28593944,-9.566028,11.831165,7.635922103691101,48.3925537239308,296.7999500932337
28593944,-9.566028,11.831165,7.635922103691101,48.3925537239308,296.7999500932337
28594685,16.217535,77.632736,2.597426103691101,157.2735430060206,70.89824750175728
28590770,-11.114789,17.423544,9.4739221036911,60.77161239750916,262.333956188755
28571142,-0.091514,2.850807,-0.012496896308898942,396.2751801238927,97.87341103619484
28571142,-0.091514,2.850807,-0.012496896308898942,396.2751801238927,97.87341103619484
28521432,-11.866204,12.692764,-0.068369896308899,185.76003779112904,297.9382818456283
28593945,-9.98854,12.544875,7.514549103691101,58.82209660553664,292.886843310431
28578404,-7.368597,17.916039,12.1920881036911,5.674273276849874,217.6188820800745
28578409,-7.791677,18.790462,12.3679531036911,12.752483421656136,218.23855539105503
28578409,-7.791677,18.790462,12.3679531036911,12.752483421656136,218.23855539105503
28578410,-15.31877,41.791801,6.3695441036911005,137.99571283222414,207.5887829158543
28578410,-15.31877,41.791801,6.3695441036911005,137.99571283222414,207.5887829158543
28593249,0.286654,13.012893,6.390652103691101,39.7972981498601,95.27423177847518
28593947,-17.608725,18.555407,15.316194103691101,4.772370633360964,318.7482490661312
28593950,-9.743417,14.376391,1.9882661036911011,157.12590621798924,263.9680282998502
28579761,-3.336232,2.615885,0.017243103691101158,290.722631055052,395.8316459680037
28594694,27.97188,172.535126,11.6984751036911,145.82512278831166,84.38757742020405
28586908,-6.556283,18.942532,12.5873291036911,4.767985228957372,201.9912574828754
28578423,-7.254465,17.047588,11.4560581036911,10.110905365605731,221.04066048504265
28578423,-7.254465,17.047588,11.4560581036911,10.110905365605731,221.04066048504265
28578429,-20.84054,53.606598,5.362500103691101,147.9849196313878,211.68481715959308
28578429,-20.84054,53.606598,5.362500103691101,147.9849196313878,211.68481715959308
28578434,-20.758959,48.748169,14.7364581036911,103.9652708903683,218.63662742702985
28544302,-0.342385,87.48584,0.3614041036911011,164.8305199899562,131.23954376297633
28578435,-18.570311,45.521732,8.4138591036911,130.8560689890652,215.28613645786308
28581938,11.0095,94.387619,4.366668103691101,153.6688232608536,97.91772035250378
28590776,-11.983972,16.250023,2.9542141036911014,146.57699828016973,272.8999064119969
28579766,-5.51172,3.495935,0.07848710369110101,237.26646677687933,402.54323140012673
28571148,-0.405466,3.08755,-0.006397896308898865,348.9807621100045,144.6518196684154
28581939,11.42851,94.035782,2.578399103691101,158.45223680677702,97.38626568759636
28589197,32.728416,82.304306,-0.029724896308898963,165.6032548888369,9.080515951991316
28594704,0.127695,3.701877,-0.01592989630889896,318.72635176067774,85.47264078984463
28586035,-4.897217,19.066917,9.3579961036911,53.86198096585014,181.5158915318238
28594705,0.06196,3.00453,-0.017369896308898847,384.3892851014574,76.42896567127752
28586911,-18.506725,34.649338,10.4109871036911,109.39789851543487,238.8346515992335
28586911,-18.506725,34.649338,10.4109871036911,109.39789851543487,238.8346515992335
28579770,-3.299494,2.537583,0.024409103691101164,294.76593567116106,402.075856835715
28567299,-5.846107,55.059193,14.486486103691101,103.55757473794569,149.11110201210633
28590779,-9.027312,13.394782,5.867023103691101,92.67704792052932,268.65219662577977
28590779,-9.027312,13.394782,5.867023103691101,92.67704792052932,268.65219662577977
28571156,-17.077532,33.659409,0.5054621036911011,168.9192436340352,232.6104194778909
28571156,-17.077532,33.659409,0.5054621036911011,168.9192436340352,232.6104194778909
28564602,0.05563,2.878879,-0.01026489630889893,402.1750174540498,72.67844328513286
28593261,10.897571,89.799583,1.800462103691101,160.50466894370456,97.70435763854476
28586039,-5.067161,20.922966,8.1124721036911,82.4585143374521,179.36458275505348
28590781,-7.576372,11.136741,4.264386103691101,109.88662466627956,270.424293885637
28593957,-8.382668,10.980273,5.538753103691101,83.55642585330813,286.8468406760587
28589982,-9.173094,16.986607,9.111555103691101,58.08626731596706,244.24200341428224
28567309,-7.790817,60.493866,14.5282761036911,109.87708676207086,155.3262940106181
28593268,7.44194,67.918068,3.5606931036911007,153.68561250310154,99.10369238594568
28594716,-1.204112,39.547176,4.250719103691101,144.83758871536492,133.7453992092136
28579786,-5.812893,3.573222,0.43642610369110113,218.5537752839503,410.46501841027833
28578472,-39.327179,85.631699,11.7302401036911,138.94787794511743,224.00547161289472
28589205,37.831833,100.461441,5.598368103691101,148.32647286293337,12.586886617800758
28540404,-11.415617,91.970795,4.635757103691101,154.43188757652578,158.4271853426307
28578475,-17.636259,36.099876,14.4685101036911,83.97925309737619,231.1473911845085
28540405,-10.236895,86.573395,2.108672103691101,160.53652927160752,157.60017182814352
28579789,-6.000694,5.176948,4.794531103691101,11.237390739737464,384.3303694946068
28586921,-12.081709,23.272593,8.758698103691101,94.71830773182047,237.6821793444202
28581948,14.081727,133.751022,5.6251291036911,153.66720045168526,101.67890140986351
28540408,-9.808655,74.756737,5.259856103691101,150.7315461852257,159.54686140632518
28590790,-9.391204,13.615174,6.324253103691101,86.49866569278143,271.6627927478372
28590790,-9.391204,13.615174,6.324253103691101,86.49866569278143,271.6627927478372
28540409,-10.994595,93.661011,0.15314410369110099,165.3085677895758,157.88791329570506
28578482,-30.408308,63.38715,12.9154071036911,126.21106155239076,227.99113152752216
28590792,-31.12303,40.583714,11.9721221036911,114.79972630987984,275.3311725326668
28593273,0.532562,5.324474,0.032022103691101034,254.97731933636845,75.99467067586374
28578485,-25.329622,52.048653,12.4475801036911,119.53048317813276,229.54113837136669
28593971,-6.289716,9.617055,0.07628510369110097,193.5484125396281,261.6203269733808
28593971,-6.289716,9.617055,0.07628510369110097,193.5484125396281,261.6203269733808
28593973,-12.87547,16.118914,6.383931103691101,103.04078329336262,286.15608728827084
28578494,-12.209166,23.715904,12.0980691036911,60.31959702947583,237.81592275265885
28578494,-12.209166,23.715904,12.0980691036911,60.31959702947583,237.81592275265885
28578495,-16.983877,33.884506,11.4113791036911,100.28105460751163,233.25326537763956
28586055,-5.532141,19.424276,9.5444371036911,55.14818996770365,188.41753566898723
28586055,-5.532141,19.424276,9.5444371036911,55.14818996770365,188.41753566898723
28548030,-30.407444,75.854424,11.0069521036911,136.92187761845474,213.66578304823784
28548030,-30.407444,75.854424,11.0069521036911,136.92187761845474,213.66578304823784
28590796,-6.752026,9.761559,4.051360103691101,105.87443923012808,274.4327517914372
28589995,-11.570679,22.950874,6.195963103691101,119.51547676875808,234.2810694745144
28540415,-17.41279,120.173904,11.013893103691101,144.27969720296875,162.37654581704652
28594726,-6.55596,80.741966,7.835541103691101,143.60731030550733,147.40017840723834
28540416,-11.199463,84.851776,2.6947401036911014,159.00501910737805,160.51103364731068
28548037,-23.017328,46.910133,11.4730771036911,118.96960705814313,230.39378884844407
28593279,-0.047374,13.20682,6.490518103691101,41.49764625226325,104.62979401858388
28593978,-17.157793,22.44298,3.3905401036911007,148.1198872166125,274.5823445503686
28593978,-17.157793,22.44298,3.3905401036911007,148.1198872166125,274.5823445503686
28582922,-2.921037,3.535185,0.7116281036911011,222.0748997352731,319.6183165701029
28586059,-4.272998,13.810205,8.888943103691101,11.91963105450995,193.2773617321194
28565368,-3.842739,19.36418,9.428168103691101,51.2390750271033,166.49365923616597
28565368,-3.842739,19.36418,9.428168103691101,51.2390750271033,166.49365923616597
28586934,-15.101027,28.112501,11.5736171036911,84.95002796168862,240.72250929407403
28544387,-0.746689,3.321805,-0.013055896308898918,317.8202355863058,178.56238998191168
28571205,-0.964703,3.032166,-0.005342896308898837,331.4536652354781,207.9248094550186
28548044,-0.638322,3.141315,-0.007132896308899017,334.6460725390174,171.05369832217508
28548044,-0.638322,3.141315,-0.007132896308899017,334.6460725390174,171.05369832217508
28567321,0.578399,3.851823,-0.0020648963088989447,321.26121413242674,34.220755323207214
28578505,-44.956497,93.895065,0.233771103691101,165.5744749782069,226.8673927635718
28578505,-44.956497,93.895065,0.233771103691101,165.5744749782069,226.8673927635718
28586937,-8.935397,18.170088,9.3653231036911,60.48624453484305,234.25364895210743
28586937,-8.935397,18.170088,9.3653231036911,60.48624453484305,234.25364895210743
28589216,13.857619,40.122681,3.0660981036911013,148.85301430950244,18.08878886416585
28571211,-9.8543,11.372602,7.353264103691101,51.79933600737729,306.4374327370176
28571211,-9.8543,11.372602,7.353264103691101,51.79933600737729,306.4374327370176
28578509,-8.272938,16.083256,8.055618103691101,67.18270763915834,239.1692675213365
28578510,-20.442944,38.797577,14.027320103691101,94.31758302045232,237.7953194392812
28593285,1.379667,18.106169,2.051504103691101,153.45653974194974,100.6905441881442
28586944,-12.871505,21.356247,5.614972103691101,123.91291015972496,251.53320951083748
28590001,-25.194035,46.198273,13.5400671036911,109.51314301234729,240.2282443796287
28582926,-10.835151,8.434673,4.247598103691101,105.47187091872672,360.5187949054484
28590800,-8.733621,12.969747,7.302083103691101,61.606991787250536,271.13743106179504
28571227,-9.383756,10.397558,5.061121103691101,93.70048319029804,308.31961394941874
28582931,-12.026201,9.262703,3.757283103691101,122.29838134694783,356.1858803552059
28593287,-0.12225,7.182375,3.5425381036911014,60.45858323244212,98.98636460057988
28586950,-6.602238,10.430011,0.09042110369110112,190.8474819064231,257.58385957355284
28586950,-6.602238,10.430011,0.09042110369110112,190.8474819064231,257.58385957355284
28590806,-5.801132,7.571196,-0.05078989630889885,204.6433658506813,281.32913637169264
28586951,-4.775665,11.966414,8.422446103691101,1.0679286690469212,216.1838581174192
28593986,-14.626955,19.153032,2.7638671036911013,151.4841388809967,275.12538990010614
28593986,-14.626955,19.153032,2.7638671036911013,151.4841388809967,275.12538990010614
28594744,-9.880791,38.36364,18.0005891036911,54.37803725521752,182.08007679431324
28593987,-12.185494,14.845967,6.191983103691101,100.25363434805996,290.5542082619171
28593987,-12.185494,14.845967,6.191983103691101,100.25363434805996,290.5542082619171
28593988,-17.751938,23.386454,0.0028931036911010732,175.1663868781966,271.2591941590639
28593988,-17.751938,23.386454,0.0028931036911010732,175.1663868781966,271.2591941590639
28586953,-9.419041,18.385118,9.511679103691101,60.87433107474331,238.30226396126344
28578516,-14.900582,27.895226,11.4066861036911,85.58432011827685,240.1741923123444
28578517,-23.11869,43.254253,14.3008071036911,101.0985039128738,238.72887660667257
28595536,66.457581,185.416458,45.1969771036911,86.44875425609365,3.2095357908267204
28590814,-12.414925,15.343873,2.7190641036911014,149.04524765697423,283.5347771629177
28590814,-12.414925,15.343873,2.7190641036911014,149.04524765697423,283.5347771629177
28564644,-10.148335,9.108989,2.137506103691101,152.28130797713587,330.1584329301584
28590816,-6.793613,9.426294,4.195117103691101,100.36925239071446,280.41949070494195
28590006,-13.506786,22.830374,12.146740103691101,58.72752856578211,252.5354400108663
28594748,-8.442548,36.17305,11.3639481036911,96.86001434591508,178.4707264152848
28590819,-5.732202,7.344282,-0.06866989630889897,206.34992431121344,283.83703518475335
28578520,-19.845938,36.645931,13.660094103691101,92.50786694531192,240.5906872010752
28594749,-0.420206,2.805878,-0.00187589630889895,380.2759228535839,149.06039458587856
28594749,-0.420206,2.805878,-0.00187589630889895,380.2759228535839,149.06039458587856
28595541,15.703609,48.51125,16.154935103691102,60.99015866189325,3.251202829964967
28586958,-15.461115,25.378252,7.632700103691101,113.80535320638089,252.42849280607027
28590821,-11.077689,13.956658,3.9519971036911015,129.43804428942695,284.18736607363905
28595542,16.530056,46.295143,5.554155103691101,133.7506951319831,10.580646941197642
28594750,-16.678999,78.0429,8.452889103691101,142.643659233013,177.00723875687493
28594750,-16.678999,78.0429,8.452889103691101,142.643659233013,177.00723875687493
28586068,-9.558429,40.543613,4.342179103691101,146.90425390681483,181.6129845058963
28586068,-9.558429,40.543613,4.342179103691101,146.90425390681483,181.6129845058963
28593994,-5.864187,8.665956,0.08703310369110118,196.843112814997,266.29030226306133
28593994,-5.864187,8.665956,0.08703310369110118,196.843112814997,266.29030226306133
28536127,-14.828808,23.271833,11.8183981036911,66.88127748634821,260.18938138931003
28536127,-14.828808,23.271833,11.8183981036911,66.88127748634821,260.18938138931003
28595549,114.026108,300.608459,4.547013103691101,157.36378608676387,17.081472630250033
28579822,-4.855835,3.051922,0.8098651036911011,211.15714628072664,427.76912749509927
28579823,-4.363942,2.693152,0.05442810369110118,268.043715766754,427.3354964413976
28595551,4.634152,17.721928,8.023239103691102,27.94311058508393,4.704213764303148
28579824,-3.204947,2.28533,0.019056103691101,311.5383328205995,425.8739780677509
28536138,-9.929775,14.271695,6.671467103691101,85.2047108998841,272.33720138485154
28586069,-15.133613,65.705711,3.765916103691101,154.96243857307354,181.08870409112964
28586070,-4.596005,15.309011,7.7197501036911005,55.36845198216005,192.18554431985416
28586070,-4.596005,15.309011,7.7197501036911005,55.36845198216005,192.18554431985416
28595555,19.369593,63.691799,21.379844103691102,59.90512130925177,12.936403794571987
28595556,21.272327,62.522045,6.7452491036911,135.5777515355565,19.85815161089829
28590830,-6.833208,9.211233,4.308502103691101,96.0929894805441,284.78988988944025
28590012,-45.49176,86.487343,10.3914911036911,143.08669356627328,235.1872578997753
28594756,-24.110678,88.248398,26.219827103691102,98.21748127792348,187.55801717931948
28586968,-15.966404,26.442539,9.2372961036911,102.36505831680628,251.94748733932863
28586968,-15.966404,26.442539,9.2372961036911,102.36505831680628,251.94748733932863
28595563,1.096838,5.356034,0.8394391036911011,210.59925427462548,16.180885867430533
28533968,-6.65941,18.759579,9.3419651036911,57.65860921699999,204.9175125873842
28533968,-6.65941,18.759579,9.3419651036911,57.65860921699999,204.9175125873842
28586970,-6.383887,9.828509,0.061823103691101,193.14046562749127,260.6867760367542
28586970,-6.383887,9.828509,0.061823103691101,193.14046562749127,260.6867760367542
28590014,-15.298234,26.616102,11.041338103691102,86.01873346413367,247.63834226672367
28589236,14.899805,45.190483,3.213104103691101,149.43668352647143,25.226891563184267
28595566,5.854425,21.613758,5.834357103691101,95.91484329243256,23.24376422378799
28589237,8.337614,25.16757,1.093772103691101,165.4515224987561,22.03657116571739
28590833,-5.553041,6.918098,-0.06443089630889887,208.96166379575777,288.05204343559274
28571247,-8.784138,8.141193,4.810384103691101,81.66906782952924,340.53111008731526
28595567,13.822795,44.722527,5.961918103691101,130.91795962425664,27.55733446764768
28577152,-15.991028,17.608259,3.556763103691101,142.95050523715116,296.46686451604086
28577153,-14.861374,16.499502,3.706594103691101,139.5816106890037,296.466240148408
28577154,-17.256376,19.003267,4.417103103691101,136.16227600848282,296.6284254655228
28581959,24.001579,291.781677,30.0768161036911,136.80290078647266,105.94200386573188
28577155,-11.198149,11.525789,0.5600261036911011,178.72565823684934,304.68116663746105
28594761,-15.878413,62.179668,5.709702103691101,147.80588835699152,185.85769410194013
28594761,-15.878413,62.179668,5.709702103691101,147.80588835699152,185.85769410194013
28533977,-7.176655,18.791508,9.405581103691102,58.4022262026408,210.95256217751077
28533977,-7.176655,18.791508,9.405581103691102,58.4022262026408,210.95256217751077
28595571,67.49662,219.035263,28.006506103691102,125.71850676589408,33.12221504584676
28586980,-25.329782,45.211761,23.1968881036911,57.68675528544799,244.7902660850505
28577157,-10.896651,11.245514,0.7915571036911011,175.5890593984415,305.1564997228793
28590019,-20.52516,39.855324,2.245362103691101,159.5236318513084,233.8162830318912
28590019,-20.52516,39.855324,2.245362103691101,159.5236318513084,233.8162830318912
28578547,-14.098329,24.887955,9.8274431036911,91.1451009711132,246.1780082252364
28578548,-15.859701,28.503164,8.301242103691102,113.60747780492513,243.0688088825481
28536175,-2.833916,3.54791,0.35861110369110105,244.57345417124583,311.05252616685993
28577160,-10.795824,10.819103,0.49153710369110104,180.78274713958223,308.5418400293021
28595572,12.244486,41.365822,5.173125103691101,134.47543973810912,32.606261057288464
28577161,-10.93246,11.271338,1.769431103691101,160.1267873289919,307.38675396804484
28594766,-6.705758,18.053434,9.5925841036911,49.24115801909062,208.614825183686
28594766,-6.705758,18.053434,9.5925841036911,49.24115801909062,208.614825183686
28570564,-9.911798,9.082191,3.3595561036911015,126.33837291977038,331.85879053440726
28582959,-2.901654,3.428797,0.7867921036911011,219.2266767200053,325.94825986876845
28579835,-4.20647,2.823193,0.9833591036911011,206.93580781594292,431.9375807094826
28586087,-16.488676,64.557167,3.6972071036911007,155.2047085128612,186.2037021965292
28586087,-16.488676,64.557167,3.6972071036911007,155.2047085128612,186.2037021965292
28594007,-10.426188,12.986476,3.586638103691101,132.43701749727143,286.0125976921692
28594007,-10.426188,12.986476,3.586638103691101,132.43701749727143,286.0125976921692
28594008,-8.02147,10.430881,2.737532103691101,140.06437425301408,282.9514807487926
28581963,0.081725,15.462755,7.480725103691101,40.831436732621,103.61228692468336
28581964,0.675401,5.026311,0.0069581036911010585,266.5604722326505,59.88483757866669
28567344,0.29439,2.938356,0.0025691036911010823,409.09426434394175,29.23324288028431
28566690,-7.712861,5.552176,0.37042110369110104,199.8361781890934,365.5825298315078
28595579,22.872671,82.823456,22.3106211036911,84.07761266187296,31.25415088503408
28566699,-6.886625,4.92606,1.200015103691101,176.94655225634693,378.2025597158786
28566700,-7.153316,5.050875,1.044511103691101,181.79902741399576,377.35710015564746
28577170,-9.102593,8.079851,0.6066781036911011,184.1516141741913,328.8569294826745
28595580,19.339966,61.704208,1.591716103691101,160.18523957964004,36.28654283347496
28578560,-11.778965,19.810577,10.353373103691101,62.714570237452136,253.57045321946995
28578560,-11.778965,19.810577,10.353373103691101,62.714570237452136,253.57045321946995
28594775,-37.312603,109.689857,15.314625103691101,136.12982534033847,202.200573647962
28593305,3.236468,46.162872,2.894483103691101,153.94202512336403,108.87145333080603
28540516,-5.923314,8.372674,-0.046302896308898944,200.80945867661936,271.19113554648203
28593307,-0.230377,9.779141,4.4846261036911015,62.86326674943419,109.51940145330126
28581968,8.939034,89.851608,0.09358210369110109,165.28952746494417,104.57576238181178
28590850,-10.493687,13.698003,7.8799211036911005,62.05111644323068,286.52765505214614
28587002,-7.118491,12.513494,6.821464103691101,61.78104656897506,251.8384122668278
28566710,-7.620794,4.832392,0.6432681036911011,195.3050503090981,390.77030331944457
28577177,-9.381706,8.561243,2.272576103691101,148.31568951621733,330.08523551208253
28542594,-7.310505,109.064064,7.8166011036911005,148.45748522628344,144.82185628397377
28594778,-15.188643,40.548141,10.0351821036911,116.67995823703204,208.9325005938853
28594012,-6.372613,7.355835,5.041963103691101,50.92660516695781,315.98084064011687
28581970,0.779233,29.619701,9.377833103691101,87.60657733613505,109.22627068911638
28566711,-7.500029,4.753647,0.5373221036911011,199.4121517332809,390.6485494223676
28593309,1.721627,71.906609,18.6184101036911,98.9578346467156,114.70997003324526
28587003,-9.136608,15.265535,7.493433103691101,74.42548929216935,255.28892316385063
28586101,-16.693474,60.388046,3.579681103691101,155.23050037957086,190.39784128916293
28566712,-7.609057,4.803811,0.7380461036911011,192.36700983950664,392.5312263300981
28594779,-13.456828,34.202988,9.168608103691101,113.528658859863,212.75066177751057
28542604,-8.509836,83.361816,2.088299103691101,160.47371137221594,153.92317012691953
28595582,1.023362,5.337142,0.5480511036911011,229.44168127877333,28.370487459912
28581974,4.058873,56.424671,5.4311671036911005,143.7890594353887,107.42534021195809
28589255,1.083706,6.784892,3.363410103691101,46.174812200034864,13.806948778322578
28594014,-11.296842,14.070935,2.6331231036911014,148.6971836572897,283.5073242575514
28594014,-11.296842,14.070935,2.6331231036911014,148.6971836572897,283.5073242575514
28590026,-10.455699,18.857378,6.146643103691101,110.30617370116184,244.3903982853473
28590855,-10.42515,14.11473,9.5050221036911,34.32972870060439,284.0036696205537
28590855,-10.42515,14.11473,9.5050221036911,34.32972870060439,284.0036696205537
28594781,-12.232798,30.884068,7.110104103691101,123.32187591630944,213.41753516183493
28521638,-7.945394,4.767616,4.606769103691101,35.78888882027252,445.6536039622914
28565404,-11.322986,19.328707,12.6401591036911,26.550869987440308,253.8127130245713
28571832,8.493327,47.330189,15.5845691036911,71.79409468199464,60.03979960951571
28594782,-26.610922,61.293678,15.396161103691101,114.93571734373892,219.9475086010792
28542610,-12.95962,96.537842,0.4513671036911011,164.5543832106881,161.5527985331785
28578575,-17.648718,29.160202,10.1380161036911,101.9245891407363,251.87062524382264
28578575,-17.648718,29.160202,10.1380161036911,101.9245891407363,251.87062524382264
28587007,-9.094577,15.709772,8.584894103691102,58.39492319021167,252.22011671756528
28571834,7.369154,44.295166,14.7741291036911,71.5334370873791,64.08511511899337
28578576,-16.003897,26.277637,9.614334103691101,98.78315919264658,253.04139459498992
28594015,-7.290687,8.446706,5.049162103691101,70.39544190289178,309.38965794940515
28540528,-11.866086,12.142779,-0.1393598963088989,187.5390024907296,303.4212026748368
28579846,-6.339091,3.294707,0.10232210369110106,233.9099967797902,434.1023950208751
28594016,-5.408288,7.713018,0.10501410369110098,200.8797632569084,271.61446675244457
28594016,-5.408288,7.713018,0.10501410369110098,200.8797632569084,271.61446675244457
28593314,-0.456899,13.766922,6.7971381036911005,42.24226687983105,115.15936522880357
28590028,-12.261179,17.840349,13.5955891036911,3.227903375086896,275.056033979609
28590028,-12.261179,17.840349,13.5955891036911,3.227903375086896,275.056033979609
28594785,-26.11824,52.084629,14.2186401036911,112.32887247961074,232.31409197200765
28577187,-3.311658,3.484511,1.201897103691101,188.0274145753008,346.91760794649633
28589262,1.324233,5.483165,0.6891891036911011,219.9900208306077,3.147639753645535
28594018,-12.723284,14.197312,6.1973901036911005,98.79736326894891,302.27485090770574
28587015,-5.358827,7.656237,0.11329910369110108,201.01358832155583,271.5403191360685
28587015,-5.358827,7.656237,0.11329910369110108,201.01358832155583,271.5403191360685
28594788,-22.851889,47.019791,8.974152103691102,130.5813490965716,229.33495145899855
28595585,1.016496,5.338988,0.49504710369110105,232.67039483315227,30.086093842418705
28587017,-10.248915,15.273919,5.534114103691101,108.10248590516782,265.9113218668224
28587017,-10.248915,15.273919,5.534114103691101,108.10248590516782,265.9113218668224
28566721,-3.500673,2.592958,0.009285103691101027,288.9861541059352,404.7124918041116
28594789,-32.107964,66.019676,2.165620103691101,161.08922790156885,228.44068101864448
28540541,-10.952764,8.586086,3.360956103691101,126.56728331815565,354.7833008238986
28554176,-12.442849,68.6362,3.808402103691101,154.86321791920494,170.80124321438592
28554176,-12.442849,68.6362,3.808402103691101,154.86321791920494,170.80124321438592
28590863,-6.315243,8.148207,3.9262551036911013,97.30753367989242,292.6127733405077
28590863,-6.315243,8.148207,3.9262551036911013,97.30753367989242,292.6127733405077
28578593,-11.182856,17.592537,9.535025103691101,61.0015419629691,261.8484429097439
28594792,-15.883404,26.06131,10.954028103691101,86.12630823804702,253.80174322005072
28586110,-6.286598,16.258875,10.3981601036911,17.907189324515656,212.1540030454321
28586111,-3.908519,11.308877,5.9475291036911,56.92560444598468,203.6726970679536
28594793,-13.912116,23.101057,9.186851103691101,92.40390662185844,252.7145570715563
28593319,6.093078,85.986168,0.46071510369110114,164.4750672298612,112.04305135455134
28595588,12.626069,54.933865,15.860594103691101,81.88524628111801,45.43094972182064
28594794,-10.823014,16.590885,9.327304103691102,57.26508616926301,265.4966733958644
28595589,12.552383,50.665817,5.962997103691101,135.87392095723766,51.41585152824038
28594795,-13.172052,18.452826,11.7136941036911,40.29688945189895,276.78089906427607
28571849,6.246655,60.254368,11.207681103691101,118.21461978176347,94.26425958316338
28586115,-6.36548,17.703846,8.485949103691102,64.06700066611614,206.12716014018284
28586115,-6.36548,17.703846,8.485949103691102,64.06700066611614,206.12716014018284
28589269,6.672724,23.571873,2.3587731036911013,149.95109758741438,34.572501008495124
28578598,-9.567315,14.341011,10.9481021036911,3.118946161313886,273.15135059111486
28578598,-9.567315,14.341011,10.9481021036911,3.118946161313886,273.15135059111486
28578599,-10.957954,17.246319,8.3264821036911,76.32250307513058,261.00005304925384
28571850,6.770382,71.242226,12.204267103691102,121.73136450122756,97.90976648538384
28571852,16.089016,126.907623,1.621870103691101,161.06951055542132,96.93591128457022
28571853,5.3844,72.741158,12.710992103691101,121.19753354787797,103.92451853662084
28595592,12.537174,53.958099,8.840133103691102,121.95883123410438,53.72688865811031
28532298,-12.715383,32.771183,12.4607671036911,86.02272396225578,211.5733877367377
28532298,-12.715383,32.771183,12.4607671036911,86.02272396225578,211.5733877367377
28532301,-28.557016,91.659927,0.06560710369110101,165.82050609956875,197.5122792629896
28532301,-28.557016,91.659927,0.06560710369110101,165.82050609956875,197.5122792629896
28581983,0.650998,34.420925,11.6455571036911,79.80003717162546,111.08531825350764
28595593,0.824992,5.183561,0.17354710369110116,254.0287164696032,48.20134692498317
28579857,-4.151169,2.809294,1.264324103691101,186.7392629276152,438.7366667222637
28595594,0.828479,5.272991,0.189838103691101,250.72570140381424,49.79591609573947
28593323,5.765441,164.749298,25.161087103691102,125.52878858097296,116.61594158411592
28567359,-46.584557,100.295876,19.711339103691103,125.94488152840763,224.9930823141271
28578602,-23.66012,38.958431,-0.008731896308898923,170.5235898245923,247.9995445382415
28578602,-23.66012,38.958431,-0.008731896308898923,170.5235898245923,247.9995445382415
28594799,-11.825163,15.30467,10.1908041036911,37.457197013549006,288.742648334087
28594800,-15.395606,24.175001,2.6091931036911014,154.70970224443042,254.79842955997805
28571290,-9.256397,4.920313,2.091588103691101,147.31466105312848,428.1053510954248
28587035,-12.413469,19.176174,10.0248621036911,65.50522766691122,263.10357198085995
28587037,-10.844738,15.544864,5.997972103691101,103.1428658972602,270.53096062258567
28587037,-10.844738,15.544864,5.997972103691101,103.1428658972602,270.53096062258567
28594026,-6.236623,6.834436,5.154489103691101,36.32269637054856,328.0370397166141
28590868,-7.750034,10.090257,6.101948103691101,59.92980349869868,291.2434445223562
28590868,-7.750034,10.090257,6.101948103691101,59.92980349869868,291.2434445223562
28578606,-20.751347,33.959812,0.639969103691101,168.11514593851007,249.01204971913137
28595598,20.334316,90.548218,11.7813991036911,129.40926349112848,60.25077974065789
28594801,-23.10762,30.228861,15.4734631036911,69.32141596208677,279.9026838137837
28594802,-13.097199,17.725985,9.109974103691101,72.57566096046347,278.69394632372394
28594802,-13.097199,17.725985,9.109974103691101,72.57566096046347,278.69394632372394
28590869,-6.824978,8.719824,4.540265103691101,85.8378709867794,293.7163933206782
28595600,0.767222,5.144124,0.06455410369110104,260.8365158687108,53.94062610526032
28565434,-21.255898,33.061108,3.5948901036911014,151.4591016977736,254.8458585598457
28565434,-21.255898,33.061108,3.5948901036911014,151.4591016977736,254.8458585598457
28587042,-17.261841,22.294832,4.342644103691101,139.88132576684455,276.74197770565206
28587042,-17.261841,22.294832,4.342644103691101,139.88132576684455,276.74197770565206
28595601,0.283733,3.136714,0.03001610369110108,375.4815533796956,42.57702713786222
28534112,-9.85871,8.816854,3.415019103691101,124.1268164775229,336.2497000875859
28594803,-11.567931,16.620092,1.4039031036911012,164.87779290944707,265.0956741668226
28595603,10.314298,51.727707,6.689779103691101,133.24621012994368,66.92524519660864
28594804,-20.689409,27.305042,4.539115103691101,143.0578300298022,273.0782994596517
28594804,-20.689409,27.305042,4.539115103691101,143.0578300298022,273.0782994596517
28565436,-23.490877,38.309906,0.44058610369110107,168.49638013009567,249.0241495142575
28565436,-23.490877,38.309906,0.44058610369110107,168.49638013009567,249.0241495142575
28578615,-9.428356,16.193056,-0.12204889630889881,183.02861678574152,246.62226024246004
28578615,-9.428356,16.193056,-0.12204889630889881,183.02861678574152,246.62226024246004
28587046,-12.120936,18.325047,9.4595711036911,68.31289085658537,265.6842737385999
28587046,-12.120936,18.325047,9.4595711036911,68.31289085658537,265.6842737385999
28590039,-11.345977,21.705524,1.134533103691101,166.68252279985546,236.3266809329435
28570576,-6.871026,7.092094,5.213164103691101,44.11761361489718,334.75103645685306
28595605,-0.025502,3.679605,2.419665103691101,19.705186533065216,36.08693021799667
28595606,18.023712,86.948959,6.679854103691101,144.97968621403118,69.08919718774376
28578617,-22.027237,35.107487,0.3936661036911011,169.2391563796116,251.33571134395729
28578617,-22.027237,35.107487,0.3936661036911011,169.2391563796116,251.33571134395729
28589280,1.451064,8.305502,3.057263103691101,92.18392470774376,31.38846382989533
28590041,-15.765576,26.032871,9.6037851036911,98.06836707626314,252.52792795360443
28576087,38.531517,115.072853,10.2123601036911,138.54523008501468,25.56148656765976
28568180,8.52507,43.535412,15.1372851036911,64.95033470360306,52.2946434944115
28593334,-0.199308,4.952309,2.224982103691101,105.58555584357872,99.693469306545
28579864,-7.690818,3.686341,0.221652103691101,217.71649225135664,438.9411727935876
28568183,29.757177,92.707817,2.333379103691101,158.0265685374572,35.05155939897841
28594039,-5.892748,6.161705,5.120701103691101,19.52625867429592,341.8384152844235
28594040,-16.339748,17.926537,4.772590103691101,130.52372713988342,298.2358328316624
28593337,0.040695,111.643875,28.595535103691102,99.12976432268924,121.93630543741013
28576095,30.906725,91.449913,5.063503103691101,149.28507129020483,26.58770497012958
28590042,-22.379683,36.666763,12.4384111036911,102.27223340048208,252.0430162254055
28554198,-25.519302,53.60627,11.1866711036911,125.85463574712634,227.5172971525704
28576099,13.32864,47.428581,17.938827103691104,47.08289531998148,16.578231124832428
28577227,-4.462205,2.969895,1.700587103691101,152.93186110444466,443.881382822922
28581989,0.37929,33.932438,12.272708103691102,72.95595613518569,112.35509603325386
28568190,29.448877,88.905861,-0.14637289630889883,165.67602662436727,33.43429536457208
28594810,-1.114316,10.869933,5.796186103691101,38.029925188324455,134.41060953315218
28590046,-10.307484,16.237759,8.883583103691102,60.61711472532736,262.27160031311945
28576104,18.246363,64.452904,19.193676103691104,74.93541464645278,25.082526191459067
28594047,-15.912189,17.480774,3.884004103691101,139.28262837743995,297.246241173929
28568192,9.999718,51.888618,16.874132103691103,71.85900134793195,55.981117336795
28587053,-9.349163,13.272403,5.512713103691101,99.21393334873682,273.3900845131748
28590888,-5.563132,6.268374,-0.23716889630889892,217.9038798044814,301.1660060803576
28594811,-1.859714,15.177624,6.506625103691101,68.94628937359181,146.21151580053038
28568193,25.71195,97.846245,12.096433103691101,130.1727792383245,47.9910383352007
28594812,-2.442685,18.15789,6.603324103691101,86.76717313973691,152.02194730914394
28579868,-4.544194,2.924337,1.3361671036911011,179.7742015718332,441.6842366830461
28576106,12.439932,45.580463,15.888267103691101,59.14689547510994,22.52421475505577
28594814,-5.15339,36.384872,9.8989161036911,105.01282098411946,157.32215686597198
28594815,-3.312948,21.063923,4.8072611036911015,123.31435627668526,161.38341393181975
28594816,-5.306256,33.892414,8.0254841036911,115.40816227440688,161.63674494447403
28568195,6.916755,39.768703,15.2924671036911,53.93798003639759,57.116121375112726
28594817,-5.352484,37.167381,12.363093103691101,88.23308940174823,156.58251942809113
28594049,-15.621213,17.170578,3.4486531036911012,143.55191942071764,296.827341010772
28579869,-6.778014,3.34627,0.1971431036911011,226.65825893858337,441.2887593879275
28594818,-7.687215,47.541374,12.1426281036911,108.15859149878747,162.77131249708384
28590893,-6.657668,8.256909,4.549622103691101,80.59070363233329,299.3829627399473
28594050,-17.089106,18.768278,3.130103103691101,148.5740067207845,295.57832448021844
28595613,0.08466,4.752097,2.9053621036911013,23.140413859247644,53.27729630922221
28568199,26.40147,99.382912,9.6199321036911,137.91138962673674,48.96004867991604
28568200,17.735836,62.033669,3.7564021036911015,150.47828037220074,43.24640848975511
28590051,-13.44701,21.002676,10.0306331036911,75.51020772933376,260.7264624068073
28568202,27.495197,103.145836,8.729108103691102,141.26068304529423,49.591414008177736
28594052,-10.10506,10.725738,5.151606103691101,95.68747662961044,313.2637441678244
28578640,-16.545973,24.490725,3.7183461036911014,146.24077669756477,261.2167525572715
28555672,-10.96832,15.452708,5.152874103691101,115.31297039989292,271.59963412805183
28595616,8.114023,55.327736,15.444911103691101,89.06969753070399,75.28285078797416
28595617,-0.0406,4.055215,2.594119103691101,22.666800463156733,52.39688618485414
28595618,6.019612,42.190666,11.1254531036911,95.92873599963154,76.50394937049359
28594053,-16.074181,17.707861,2.631961103691101,152.69394456913363,295.20475501717
28590054,-9.195672,14.483537,7.653189103691101,67.10878172278956,262.78294479876126
28590054,-9.195672,14.483537,7.653189103691101,67.10878172278956,262.78294479876126
28568203,7.299621,43.149361,15.1448491036911,65.54838924500945,61.73472813640669
28532340,-15.805667,30.363276,11.8006721036911,89.34291256292795,237.3321821405092
28532340,-15.805667,30.363276,11.8006721036911,89.34291256292795,237.3321821405092
28594821,-8.718223,46.360107,7.187371103691101,134.09210135530674,170.6163854494879
28594822,-4.924614,27.587257,7.749636103691101,106.37270401904752,165.88601519004595
28578645,-11.321419,16.188728,7.332676103691101,86.9039172990249,271.7235254080935
28578645,-11.321419,16.188728,7.332676103691101,86.9039172990249,271.7235254080935
28568206,6.213552,40.789314,15.7247141036911,54.940154841240286,65.07814968399856
28578646,-10.32246,15.140839,5.657703103691101,105.93111566753348,267.9224666337225
28590057,-10.604729,15.404436,10.2124291036911,33.030160510506136,274.30087702058336
28579874,-4.633057,3.03642,1.735465103691101,150.94622219366218,443.44764136616527
28594825,-13.753483,77.335823,24.608091103691102,89.77178758522714,165.66298025904277
28589294,1.063533,5.156526,0.7301721036911011,221.3552733884622,14.39148865082609
28590059,-12.806356,20.219467,8.621015103691102,88.08483709935598,258.98834620935384
28594826,-5.494995,29.570919,9.410566103691101,95.78225220091106,167.03460330228154
28594826,-5.494995,29.570919,9.410566103691101,95.78225220091106,167.03460330228154
28590060,-32.512108,51.627319,14.419001103691102,113.90003379519754,253.85410366468943
28594827,-3.388607,17.176662,5.569142103691101,101.63254873754624,169.15937084376313
28594827,-3.388607,17.176662,5.569142103691101,101.63254873754624,169.15937084376313
28587069,-13.810534,16.936344,2.827115103691101,149.39100016944565,283.53756507157874
28587069,-13.810534,16.936344,2.827115103691101,149.39100016944565,283.53756507157874
28595624,-0.091206,3.961761,2.553220103691101,23.7762259915846,57.68905507548391
28594828,-5.051115,24.698174,6.154566103691101,116.75959972785256,172.55350068428945
28594829,-4.518634,22.316422,6.526942103691101,106.54381314972554,171.2811951738093
28594829,-4.518634,22.316422,6.526942103691101,106.54381314972554,171.2811951738093
28594830,-2.486112,13.437837,5.868490103691101,72.19686281641114,163.1985759978462
28594830,-2.486112,13.437837,5.868490103691101,72.19686281641114,163.1985759978462
28595625,5.522573,43.843987,11.7414711036911,95.0522029179158,81.92286325229256
28570584,-9.943716,5.521331,-0.08257989630889884,207.48365806821585,397.5715529175229
28583051,-9.220734,6.377536,0.12914010369110107,199.7367076637559,365.0972503931331
28594832,-3.933936,35.520172,21.219284103691102,2.189217713796552,140.0815303810897
28594832,-3.933936,35.520172,21.219284103691102,2.189217713796552,140.0815303810897
28587073,-11.679163,17.001888,9.3644821036911,61.615248178318325,271.11751144940166
28594834,-7.000422,34.204079,11.423881103691102,90.90379245652396,171.41025408764733
28578651,-27.417309,39.968037,-0.156961896308899,170.93770883665178,259.44934255416274
28594835,-4.74933,22.5205,7.395567103691101,96.90443560961712,172.72592035027262
28590903,-15.33194,16.62369,7.227696103691101,97.5859877806655,304.3993790023248
28594836,-13.050241,55.752476,12.3067461036911,117.94318188970588,179.91527744291784
28594836,-13.050241,55.752476,12.3067461036911,117.94318188970588,179.91527744291784
28594837,-17.635944,71.223747,9.6952561036911,137.09315747632817,183.80080825581624
28583061,-6.007089,4.558213,0.04156610369110103,222.40849406631955,363.4871730477814
28590063,-10.808214,16.819302,8.119905103691101,76.95503904563103,262.40727516892895
28565445,-15.902126,23.717068,0.6637761036911011,170.1337953400841,258.9918675768123
28567406,-7.400386,8.349351,6.028636103691101,38.81276996456495,317.4780163739158
28567406,-7.400386,8.349351,6.028636103691101,38.81276996456495,317.4780163739158
28594060,-18.720224,20.465803,0.7647661036911011,170.21119466696302,292.8921353197115
28568216,2.604825,22.706993,10.356283103691101,37.03492071194989,69.69225156073279
28594839,-6.739184,27.203537,5.679361103691101,126.80042389134596,182.98659724638995
28571875,-4.475727,109.236984,6.928831103691101,150.18359688584042,138.76663165203848
28576128,15.046404,78.793892,26.798496103691104,64.94609306665785,57.03590390526253
28578659,-8.167328,12.831987,-0.20852289630889898,189.5285210753213,256.2940694459924
28590907,-10.541017,12.981959,9.4416421036911,25.272279078991065,298.5097799891076
28594062,-16.081903,17.749596,0.23608510369110114,176.3560160410347,292.157663133778
28555713,-0.525449,2.438095,-0.005079896308898935,434.3150318716533,173.07042826750384
28532363,-14.825197,25.760736,6.437768103691101,124.10295585115696,246.21630292543077
28587083,-11.786022,16.737366,9.2709221036911,61.83144356905157,274.19700474742194
28594841,-1.449535,7.033306,4.068533103691101,42.33060287325449,163.504454540767
28594841,-1.449535,7.033306,4.068533103691101,42.33060287325449,163.504454540767
28594842,-11.567963,48.822441,14.7622611036911,98.12107862846796,179.49130802917207
28587085,-7.794918,10.626087,4.619000103691101,100.19720881536888,280.8018542514305
28587085,-7.794918,10.626087,4.619000103691101,100.19720881536888,280.8018542514305
28594066,-8.270309,8.147052,5.591180103691101,55.89865937956978,335.71536918982554
28589310,2.436904,15.864764,7.418583103691101,33.8967436469801,48.77293649045646
28558830,0.689578,5.059059,-0.0013578963088989315,266.212950245388,59.550366098174095
28594067,-14.255317,15.72287,0.040875103691101033,180.20136704718124,292.83040138922064
28594845,-7.845551,32.261997,12.8700391036911,74.98530733606037,179.571241536701
28594845,-7.845551,32.261997,12.8700391036911,74.98530733606037,179.571241536701
28578668,-6.773071,9.970366,4.032110103691101,107.53028375877422,271.8589217079267
28594846,-13.760052,55.068813,19.617036103691103,83.7684614220924,181.74667147951263
28576130,0.962656,5.106631,0.7317281036911011,221.40854252451115,22.35845223316957
28594847,-42.801479,161.331787,50.1264361036911,93.17680736295162,185.69640915308204
28568221,25.686054,103.088219,-0.14609789630889902,165.1002562611283,60.97740580816895
28594070,-4.906429,6.374947,0.06263410369110112,210.41891330479328,285.09933895057736
28581999,-0.008948,19.354717,6.9785381036911005,80.34245184595986,113.3105511283114
28569192,10.650103,49.373714,15.7470851036911,72.96185406565363,47.79808281613976
28552827,0.144327,4.049103,-0.011061896308898866,297.91608494966647,89.80058638983263
28521777,-7.409382,4.970433,-0.009632896308898964,215.37825023308068,376.3273247954783
28595636,0.235415,9.286798,4.956506103691101,30.2833169557606,85.3680021424936
28594849,-1.61899,6.839236,3.995966103691101,43.71236298018098,173.11544507658084
28594849,-1.61899,6.839236,3.995966103691101,43.71236298018098,173.11544507658084
28582000,1.04453,88.766563,25.9614101036911,88.89613208033512,117.12248679531648
28583079,-3.789607,3.256233,0.002463103691101143,261.6924723705453,363.9417387372399
28571879,-7.842517,60.165947,14.6677761036911,108.99688534841506,155.62150114440897
28569194,31.351843,102.237541,7.510250103691101,143.93465260191402,36.59257737162844
28594850,-7.280969,24.924809,10.2724981036911,75.83551928544765,190.85318061279528
28595638,0.073319,8.748003,4.719841103691101,31.22941750062344,90.47552952115694
28590070,-15.488742,25.145401,6.458056103691101,123.60206295168318,253.0633828670174
28569196,21.550846,62.464977,0.36855610369110103,165.61643423870586,26.748667474331683
28587098,-8.693224,11.243629,4.327726103691101,111.51658485727866,285.369105985731
28594851,-18.863482,55.219067,8.2755101036911,136.51078513317717,202.64139555870804
28594852,-6.171724,20.26783,8.4933631036911,76.79010668101182,193.7551628964599
28590914,-10.103803,12.457736,9.461718103691101,16.740867505873553,299.80450005121475
28542752,-9.817585,8.860459,3.982112103691101,111.17633299172888,337.0962700251497
28594075,-4.750342,6.111767,0.08600110369110103,211.9904281977038,287.1718132003832
28594853,-15.556139,46.734104,13.1280641036911,106.7245482448788,200.3469303926261
28571885,-7.424951,36.709972,13.8284051036911,78.41124912240429,170.14412260420437
28571885,-7.424951,36.709972,13.8284051036911,78.41124912240429,170.14412260420437
28582003,7.910588,115.516579,2.855362103691101,158.64925302619451,112.24384865160884
28568227,10.233831,72.493401,15.4052481036911,108.4113231528738,81.72249191272269
28587101,-10.051189,12.574295,4.590607103691101,114.13110793448529,287.7322412325608
28595643,11.292965,146.565964,32.4865621036911,105.62633905089368,101.81332926968182
28593378,-1.116934,12.432829,6.260930103691101,45.03170419736267,132.53206208432607
28569200,8.719782,42.836193,14.962570103691101,63.9966643397475,49.19365461507903
28576143,0.859315,5.043807,0.43201710369110113,242.07748896780583,36.467778465009786
28590073,-13.023033,19.012419,10.3407501036911,62.0005942924175,269.9545470856892
28590073,-13.023033,19.012419,10.3407501036911,62.0005942924175,269.9545470856892
28576144,0.834275,5.06432,0.46197110369110106,239.33308675552976,38.78067664670488
28590074,-13.950154,22.017439,7.370085103691101,108.33876815105415,257.40381586471347
28590074,-13.950154,22.017439,7.370085103691101,108.33876815105415,257.40381586471347
28590075,-9.560319,16.11795,4.016959103691101,130.9198796764772,251.0379513761025
28576145,22.627127,140.915176,5.759289103691101,153.40899558391192,86.02504253894642
28542761,-10.928023,8.601464,2.213747103691101,150.82428573304475,349.32756679935613
28593381,-0.782853,15.959885,4.987016103691101,101.0904454715936,128.87776881265987
28576149,3.811329,40.837452,14.422517103691101,69.74024951628584,87.46155182482016
28587107,-7.252949,9.376081,3.9204671036911014,108.47167930963418,288.5113565683306
28590916,-18.645531,19.579336,8.676786103691102,94.68064068382296,307.3765607808499
28578686,-8.409896,11.66313,4.792099103691101,103.35387903799317,277.23922199682266
28594855,-15.44536,56.108192,34.1669251036911,11.2438653446184,184.6154704851364
28594855,-15.44536,56.108192,34.1669251036911,11.2438653446184,184.6154704851364
28532392,-22.644924,36.03862,0.29735310369110113,169.56698913257935,251.39047594089848
28532392,-22.644924,36.03862,0.29735310369110113,169.56698913257935,251.39047594089848
28569208,3.894875,24.391045,11.733942103691101,22.47932751858505,51.08948186732624
28578687,-7.003386,10.676693,-0.07657989630889883,192.87905439846847,260.77870318056483
28578687,-7.003386,10.676693,-0.07657989630889883,192.87905439846847,260.77870318056483
28595649,0.258681,13.705138,3.059176103691101,129.6749493291838,110.84895685780768
28595650,-0.412223,6.698929,3.836310103691101,33.35001182324467,110.31526449963296
28594857,-18.22757,48.173275,11.487374103691101,117.7986738254741,209.56518563091336
28593386,-0.209029,12.801589,1.8914391036911011,153.91039767070595,123.9992736626604
28568237,6.750366,67.568108,17.7654431036911,95.10635111126815,91.78604026127088
28586145,-32.186741,86.650497,20.340526103691104,115.9945299557348,207.9444550142871
28576162,1.694525,84.157127,4.123546103691101,154.15326510287036,123.70586955953708
28594860,-7.664865,19.988701,7.267799103691101,95.155786950279,211.3947721480017
28589334,2.179229,17.0299,7.958349103691101,35.23428625138095,60.34065101302269
28569214,3.401004,22.934177,10.3846911036911,35.30230947825072,57.20512145264911
28532409,-10.723235,14.442673,5.200641103691101,111.32374838707368,277.710102726909
28532409,-10.723235,14.442673,5.200641103691101,111.32374838707368,277.710102726909
28578696,-17.327711,23.020145,2.416346103691101,156.4218367250817,272.05558382221034
28594862,-32.057476,79.06797,21.2908801036911,109.1240286498884,214.4292106467133
28594863,-5.49954,14.868329,6.9820771036911005,70.01512461922687,208.86786539078392
28594864,-14.171799,36.350681,14.5386841036911,80.2750257086154,211.8123612932449
28568242,23.418041,130.034515,3.363271103691101,157.40765308047986,80.94950660120332
28583098,-5.745887,4.016481,0.05414410369110101,229.36123665476885,380.7245735628113
28532411,-18.49502,27.435461,0.36269910369110103,171.15800321511642,258.875410558509
28532411,-18.49502,27.435461,0.36269910369110103,171.15800321511642,258.875410558509
28578701,-9.005699,11.901419,5.714259103691101,87.58240091093018,284.26889156939376
28583100,-3.680018,3.039134,0.007862103691101074,269.2301700234835,374.63756886146894
28582012,1.699399,42.531624,4.908708103691101,141.26844770198534,114.88947820974536
28532416,-7.265175,11.413385,-0.0438688963088989,190.4100322910224,257.2721820020239
28532416,-7.265175,11.413385,-0.0438688963088989,190.4100322910224,257.2721820020239
28569220,2.952072,23.160555,10.5274121036911,36.32524100783729,65.19002273858027
28567438,-13.032663,13.201362,0.7947661036911011,173.60096856183844,305.4830897425778
28578705,-8.072431,10.200235,7.3674351036911006,28.827021586567582,298.2754203339543
28578705,-8.072431,10.200235,7.3674351036911006,28.827021586567582,298.2754203339543
28594867,-7.84964,20.967335,10.950014103691101,50.440619651322265,209.0170016229047
28595654,0.384912,26.757343,4.008853103691101,137.45430794308334,119.229606249036
28593401,-1.293259,26.150169,5.714150103691101,120.3398569988116,134.2927872873243
28594868,-13.243069,32.498917,13.088515103691101,81.05541728758158,215.53138850432632
28595655,3.216761,115.139732,7.568772103691101,148.83064803445387,121.39733902817304
28571904,0.019177,3.439706,-0.010498896308898997,334.60135431518825,93.47122364194402
28576184,0.184954,3.278243,-0.0007708963088988163,356.1786519313541,66.03537116426094
28590086,-7.207566,11.582262,4.721393103691101,101.3899273184376,260.43408521971025
28576187,-1.889224,13.547871,8.4914381036911,1.9576414989757325,144.5021960386817
28578710,-8.119852,10.247461,7.115442103691101,36.65727240572619,297.549451739796
28578710,-8.119852,10.247461,7.115442103691101,36.65727240572619,297.549451739796
28595657,-1.05758,28.081612,10.3114721036911,75.50422630994947,126.03939371137676
28593406,-1.570604,14.183852,7.023294103691101,47.07280719595093,140.24813522589642
28595659,-3.475541,41.563049,24.585620103691102,0.9861748171450416,132.46797679531352
28582019,2.53996,59.039757,4.883482103691101,147.34163489702678,115.9912928992148
28595660,-1.024632,26.812553,9.321297103691101,82.06403378487155,126.77051278201604
28552875,-7.341348,4.867894,5.079012103691101,5.54345788840385,435.5863260200031
28578712,-9.17342,11.442326,7.257159103691101,51.51149681720628,295.8238571012807
28593410,-0.519866,17.5329,2.0382351036911013,154.19994273394894,130.76867391664604
28569231,1.84709,22.422382,10.309083103691101,38.480437218871714,81.21303075123714
28594870,-15.8765,33.147743,4.628594103691101,143.87389234672912,228.3809362495899
28594870,-15.8765,33.147743,4.628594103691101,143.87389234672912,228.3809362495899
28595661,-0.891287,29.716198,9.010600103691102,94.04399338421815,126.38168617357292
28583110,-3.490759,2.844791,-0.00547389630889894,279.6951581902633,381.7643579586753
28578713,-8.667219,11.157291,5.721347103691101,81.67566268641889,289.0079188073378
28594872,-15.713513,33.407215,9.582638103691101,111.20971874052684,227.3952650912388
28586156,-9.585696,26.778572,4.591880103691101,137.6158356085531,206.25714500093557
28594873,-56.189342,112.441574,14.430565103691102,140.421601302976,230.72835029281296
28594873,-56.189342,112.441574,14.430565103691102,140.421601302976,230.72835029281296
28594874,-37.121052,71.898827,6.7482231036911005,148.90319746223508,233.5877893754626
28594874,-37.121052,71.898827,6.7482231036911005,148.90319746223508,233.5877893754626
28593412,-2.946191,104.290352,7.142823103691101,149.00089877319252,135.4764192627148
28571908,-12.711659,31.586594,12.145423103691101,85.7597857951877,214.55042471650023
28582023,-0.266542,47.920486,14.4934041036911,89.47208951884909,120.68181535227488
28569236,3.268853,43.755871,14.5257641036911,77.18403463314746,94.9032930757504
28595666,-3.840344,39.6432,23.581232103691104,1.2774241839433955,136.25191448926512
28589345,8.828555,38.180588,0.912380103691101,165.2097250948637,61.87308312348944
28571911,-31.487131,77.156158,4.414592103691101,155.27832470648204,214.9980660360026
28571911,-31.487131,77.156158,4.414592103691101,155.27832470648204,214.9980660360026
28589346,1.665084,14.831709,7.043087103691101,35.877301643909334,63.87629644238967
28582024,0.245888,93.33992,23.872905103691103,99.67574276077764,121.15291316590628
28594876,-16.998508,31.699989,5.954591103691101,134.79285170310908,238.56887502552712
28576203,-23.234091,126.777473,9.0876351036911,149.07815252145286,171.0995704134925
28576203,-23.234091,126.777473,9.0876351036911,149.07815252145286,171.0995704134925
28594877,-14.763675,27.42635,4.184693103691101,143.58347501322163,238.99191528219103
28594877,-14.763675,27.42635,4.184693103691101,143.58347501322163,238.99191528219103
28583118,-3.634549,2.85782,-0.008855896308898936,277.064519907559,386.3886214936188
28568263,9.918228,127.101845,13.046819103691101,138.526546005063,106.61025942447348
28568265,9.656227,124.356873,10.262006103691101,143.81557346310018,107.5324041592771
28568266,10.938648,96.118492,0.15949010369110117,164.83578394505196,100.7124024316451
28590933,-7.774393,9.69211,7.925069103691101,2.3686525905786766,303.94166966546425
28590933,-7.774393,9.69211,7.925069103691101,2.3686525905786766,303.94166966546425
28569241,1.741358,38.294388,13.6285241036911,72.00478328879993,102.4605200065732
28590934,-8.044516,9.856782,7.770151103691101,12.02660738863463,305.0625389762626
28590934,-8.044516,9.856782,7.770151103691101,12.02660738863463,305.0625389762626
28594878,-12.868425,23.269279,4.179399103691101,139.95015662692535,242.11797739100464
28594878,-12.868425,23.269279,4.179399103691101,139.95015662692535,242.11797739100464
28532456,-11.685186,12.418474,4.652077103691101,115.38999062398123,308.18626254435515
28590935,-9.751563,11.308442,7.983282103691101,36.12625537732026,307.70197705515704
28590935,-9.751563,11.308442,7.983282103691101,36.12625537732026,307.70197705515704
28568269,9.965115,125.168709,8.4066361036911,147.70774166547173,107.63060878863742
28594103,-2.258304,15.15669,6.5159391036911005,70.06960322112567,153.72018490111418
28594103,-2.258304,15.15669,6.5159391036911005,70.06960322112567,153.72018490111418
28569242,2.789998,48.113674,14.5128051036911,86.90465015273546,101.93008302671734
28594104,-4.748557,29.520477,10.1112021036911,88.05542196474164,160.35139046588964
28594105,-15.43374,93.951996,27.512455103691103,95.44112528919084,162.9797393115402
28594881,-16.580938,28.837799,10.654328103691102,96.11126578253196,246.97439987792097
28590936,-8.134676,8.93117,4.414326103691101,95.9474592117894,312.2255705892426
28594106,-1.765322,9.718618,3.635040103691101,100.38593759347184,162.6576310547934
28594106,-1.765322,9.718618,3.635040103691101,100.38593759347184,162.6576310547934
28594107,-6.426441,36.050224,9.453456103691101,108.81840278286845,166.39857378716005
28594107,-6.426441,36.050224,9.453456103691101,108.81840278286845,166.39857378716005
28590938,-13.613358,15.274395,10.9071591036911,31.86519013642109,308.63386526076465
28587126,-32.414734,34.263466,7.972651103691101,130.90712557478878,298.6539343161863
28594882,-20.050936,33.512447,10.207730103691102,110.291133131067,249.8770125027739
28587127,-8.512674,11.728077,7.969716103691101,34.39102274637062,283.9412867179145
28582028,0.70263,64.207909,12.4235721036911,118.241797069205,120.7004645582191
28594108,-13.327826,73.076866,15.893284103691101,116.26858449859274,168.47743462989743
28594883,-11.382812,18.577106,1.4907601036911011,163.66970408838026,251.725503596992
28568274,1.303897,5.462639,-0.032075896308898955,263.8606446651295,19.62878740384886
28567448,-12.287758,11.478289,1.5752171036911011,163.44336210294972,318.8643749474071
28568277,0.859674,5.054451,0.5288041036911011,235.4320469608638,34.7847080572262
28595669,-0.609559,5.38941,3.244674103691101,35.90153100753392,124.39823684654375
28594885,-0.930321,2.353722,1.5319291036911011,162.88153740429186,254.73557841656307
28568279,7.228523,110.237144,0.11059310369110098,164.58103247206986,113.86867245363888
28594886,-16.406353,24.357277,2.160752103691101,158.48248692960743,260.1116387020447
28576216,-8.630602,31.282845,13.668351103691101,66.06077053357103,186.78966270029696
28595670,-1.844711,36.694569,11.3656651036911,91.05567315925036,132.40257455340037
28576218,-0.127153,3.155852,-0.005804896308899021,354.7145953546308,108.28072873866034
28569252,1.949286,54.9725,14.528678103691101,98.27248218611496,110.678372665221
28578739,-13.400601,16.449697,3.3720681036911007,142.52765403774347,284.3622503215974
28578740,-15.036154,18.748911,0.07348210369110109,177.42441131862066,278.16307787171183
28578740,-15.036154,18.748911,0.07348210369110109,177.42441131862066,278.16307787171183
28595671,-1.084438,59.02018,7.339957103691101,137.51882058032555,130.7461283832834
28583126,-3.6171,2.798206,-0.012512896308898958,279.78607177465074,390.5150366026207
28565461,-14.018108,16.909971,0.6480891036911011,172.99722627763353,282.9786348090273
28590949,-2.79334,3.516798,0.4330311036911011,241.2129399013898,311.5485148005854
28593445,-1.71352,12.472304,6.310149103691101,47.66915593740097,147.32667961737974
28593445,-1.71352,12.472304,6.310149103691101,47.66915593740097,147.32667961737974
28594114,-2.91474,16.466082,6.059607103691101,88.9626717806135,163.0216755288052
28594114,-2.91474,16.466082,6.059607103691101,88.9626717806135,163.0216755288052
28590105,-10.938353,15.707209,6.941571103691101,89.86349949347604,271.2504478864174
28590105,-10.938353,15.707209,6.941571103691101,89.86349949347604,271.2504478864174
28595674,-1.226108,19.014606,6.835616103691101,84.10743761591203,132.60753163793265
28593453,-2.324379,39.720013,2.766340103691101,154.4012115459734,141.89224902248537
28593455,-3.952592,48.536312,7.584916103691101,131.67171772921623,145.52872735932817
28594116,-6.612664,33.66766,9.7877551036911,102.41589506324942,170.16119135920334
28594116,-6.612664,33.66766,9.7877551036911,102.41589506324942,170.16119135920334
28595675,-4.618184,40.550411,24.1922531036911,2.197791442097298,141.29631074436813
28590957,-10.124539,11.657279,9.066970103691101,16.4831104443561,310.531354594044
28594117,-14.110984,71.163414,18.414400103691104,106.36855787694093,171.424864720691
28590107,-24.372801,37.940308,-0.253861896308899,171.86274066085707,253.21610949950423
28590107,-24.372801,37.940308,-0.253861896308899,171.86274066085707,253.21610949950423
28594118,-2.740375,15.215374,6.537590103691101,71.76867819448972,162.32649901145385
28594118,-2.740375,15.215374,6.537590103691101,71.76867819448972,162.32649901145385
28568287,-3.572067,105.148033,4.908048103691101,154.24611977694863,137.50421825015655
28595677,-2.932741,97.293304,12.2327701036911,135.12499087615328,134.21403194014036
28594119,-4.297258,20.777372,7.367758103691101,90.4748364419968,171.2176132283192
28594891,-8.433313,13.860511,7.655582103691101,60.14263231245826,258.6658601081376
28569261,0.85161,5.044044,0.5361931036911011,235.10598559370416,35.06007498264802
28593467,-4.109914,21.22418,13.1843221036911,4.78180860019495,162.39860111575203
28593467,-4.109914,21.22418,13.1843221036911,4.78180860019495,162.39860111575203
28594892,-16.41749,24.671577,10.764555103691102,84.81474896102637,263.633695928056
28538752,-15.515101,19.820192,2.314511103691101,156.2908489142402,277.1707933798384
28538752,-15.515101,19.820192,2.314511103691101,156.2908489142402,277.1707933798384
28571930,-18.315634,32.456104,10.0204531036911,108.77857761952086,244.2641479933664
28567453,-12.336142,11.495931,1.369048103691101,166.54325732854352,318.652515587646
28546550,-44.358692,94.896568,2.555312103691101,160.81662961939296,225.0553010580228
28546550,-44.358692,94.896568,2.555312103691101,160.81662961939296,225.0553010580228
28576232,-38.145084,100.288429,8.887703103691102,147.73600368247617,209.8829724805639
28594895,-52.273754,74.638252,31.9139691036911,82.15872666197416,266.40775007791865
28590112,-9.286057,11.563858,9.145551103691101,8.058794999452601,300.41580051311905
28590112,-9.286057,11.563858,9.145551103691101,8.058794999452601,300.41580051311905
28546553,-26.637426,52.655167,6.5933331036911005,143.93286681413372,232.30884747969893
28546553,-26.637426,52.655167,6.5933331036911005,143.93286681413372,232.30884747969893
28595680,-0.241248,2.796413,0.015089103691101169,391.5126316999632,121.3421400946655
28595680,-0.241248,2.796413,0.015089103691101169,391.5126316999632,121.3421400946655
28594123,-2.436106,13.394763,6.749751103691101,50.12377147291605,160.75624906469193
28594123,-2.436106,13.394763,6.749751103691101,50.12377147291605,160.75624906469193
28593474,-2.353695,27.907175,3.0311311036911013,148.83078583027134,146.62996021976693
28590113,-10.597925,13.812965,8.916485103691102,43.81105504342918,288.3337829398737
28590114,-8.811895,13.176871,4.553725103691101,114.58157032928916,266.34407892874884
28594124,-13.849231,54.892776,7.342009103691101,138.9775758903932,184.8019853882472
28594124,-13.849231,54.892776,7.342009103691101,138.9775758903932,184.8019853882472
28587142,-7.844208,8.544434,1.434866103691101,166.07955932344274,304.7502688266921
28594897,-7.193964,10.231658,1.583930103691101,162.4394579077274,270.97062142476346
28593475,-3.904743,50.226273,3.115722103691101,154.50544145126958,147.04074673593772
28593476,-0.104485,3.42655,-0.002767896308898843,330.48687225182994,108.44902587393491
28532510,-3.001841,3.410704,0.790559103691101,218.55183059765952,331.95020756388124
28582037,3.19201,91.983063,4.320652103691101,154.18612205468608,120.0934560972658
28569270,-0.83774,123.431908,17.2726251036911,130.38088144823638,127.95696003866716
28593481,-1.735996,10.232036,5.340041103691101,48.86799225510276,155.63408820486208
28576238,-0.339914,2.843933,0.0005171036911011395,379.8075138476795,136.99145991997293
28595682,-2.253157,33.159138,9.872879103691101,96.08710919731622,137.40479356607295
28595683,-6.413689,49.10294,29.2921141036911,3.098873276347007,146.45121537161663
28594899,-8.03802,11.283827,2.674384103691101,142.7212402458977,272.87795869522654
28532513,-0.982568,2.288175,-0.01286889630889898,423.5694098586683,252.26848353732828
28578776,-7.555652,8.831814,4.967710103691101,77.84581537273016,306.25604571654674
28546559,-0.274778,2.620797,-0.02003989630889902,422.1668235996776,126.95976090238608
28590118,-30.203787,43.323135,6.412770103691101,142.4065004133878,262.81974680624614
28590118,-30.203787,43.323135,6.412770103691101,142.4065004133878,262.81974680624614
28590972,-6.898508,7.760011,5.441794103691101,46.4262902874992,318.8322156878576
28595684,-2.574147,34.575924,10.793460103691102,91.81889017591176,138.80916414254216
28565471,-0.773002,2.508425,-0.01573889630889891,401.9126782137165,208.23584023084925
28576241,-0.263324,2.63222,-0.02387489630889883,421.3830787186795,125.05316137000771
28576241,-0.263324,2.63222,-0.02387489630889883,421.3830787186795,125.05316137000771
28569281,-2.323658,20.313522,9.7435431036911,47.41748816726894,143.40618098536652
28590120,-14.375727,21.845682,2.096610103691101,158.3853908059992,258.268385962722
28589372,1.303062,11.196605,3.950329103691101,89.32133437830419,66.38301525780835
28583142,-4.082601,2.857841,0.03933410369110102,267.5917936398208,403.7501821188992
28595688,-1.290348,12.12627,5.3696711036911005,67.9857937199587,139.7744003866033
28595689,-1.709586,17.958313,6.504770103691101,85.61072897268332,141.10885945963383
28578782,-13.444534,15.021568,3.594524103691101,138.2450482757007,296.7824358012379
28593494,-4.240047,49.726227,1.011758103691101,164.33297430444964,149.79740741408273
28594125,-15.992558,62.536549,6.167466103691101,146.26815453631238,185.8655440881483
28594125,-15.992558,62.536549,6.167466103691101,146.26815453631238,185.8655440881483
28595690,-5.664217,38.171432,22.9776851036911,3.823057640218394,151.02279401087182
28594902,-13.127622,18.83786,11.7599831036911,41.91166551865911,273.5496373304828
28595691,-3.832605,44.73317,12.8191411036911,97.62444980205164,142.98562506015026
28568314,0.457089,3.131454,-0.015112896308898893,391.6228762761169,12.123866225666006
28589375,1.583074,16.515984,7.784414103691101,36.9523931523419,72.14169159628025
28546572,-30.558207,53.339375,3.300891103691101,156.84475021894036,242.75691539202876
28590123,-6.076709,8.081055,6.235815103691101,15.671774819955203,297.1384558971783
28595693,-3.001091,30.34029,9.6255291036911,92.50102584810278,144.95765439054117
28593497,-6.285879,61.389637,4.9503831036911015,149.05239169534894,152.60200800187695
28568318,-6.494118,17.487415,11.940693103691101,1.5751416746241205,208.2192202956998
28568318,-6.494118,17.487415,11.940693103691101,1.5751416746241205,208.2192202956998
28595695,-0.326797,4.435132,0.09602810369110104,266.18761039478,132.28513233021158
28590124,-12.567503,19.212255,1.689392103691101,161.7441081548272,258.1023516439649
28569289,-7.834882,115.222855,10.473484103691101,143.70288085225246,144.59518409417416
28575305,13.600797,52.23111,16.0166071036911,74.28398353841058,32.130907223416926
28589379,0.836084,9.874416,4.501409103691101,55.57398714996597,68.35500253941612
28595697,-9.031958,54.625118,32.7956561036911,4.645162427125683,156.211063101857
28538789,-10.219605,8.874983,1.9162621036911012,156.6226189781736,334.3324631397813
28590982,-4.380387,4.495936,-0.02119689630889887,233.61807268521352,323.2343406588987
28594906,-12.56455,16.094072,9.6439191036911,54.55474372741378,287.9857537509823
28594906,-12.56455,16.094072,9.6439191036911,54.55474372741378,287.9857537509823
28595699,-3.557171,32.045052,9.5216151036911,98.16900281620214,148.7804279445753
28594907,-0.643817,1.868292,1.524148103691101,169.3561054014821,281.3947668707028
28595702,-12.993292,101.595375,31.9809171036911,87.91311989761499,153.69501701853278
28576251,-0.650695,2.909316,-0.0035218963088989863,355.6706151924884,177.57345398348698
28576251,-0.650695,2.909316,-0.0035218963088989863,355.6706151924884,177.57345398348698
28595704,-4.358604,37.645458,8.799912103691101,114.22564522002372,151.81934227604438
28582047,-1.205896,48.721237,14.683734103691101,90.49004608027388,126.1788294290306
28575308,36.853191,117.765266,3.6623091036911015,155.45333314417456,37.95013416646486
28595705,-4.836658,36.195644,11.264050103691101,94.03774598350844,154.41585435539548
28578799,-7.014843,7.573991,6.567400103691101,1.5497453347742578,331.93912279952485
28578799,-7.014843,7.573991,6.567400103691101,1.5497453347742578,331.93912279952485
28590127,-10.402777,13.595259,7.927949103691101,60.121444897290814,286.6426886450446
28593502,-2.478696,13.329052,6.740286103691101,49.898359856315096,161.86332535470376
28593502,-2.478696,13.329052,6.740286103691101,49.898359856315096,161.86332535470376
28595708,-3.746512,22.69994,10.437180103691102,55.89879497393244,158.40700342506642
28595709,-13.528049,121.808296,18.244283103691103,129.87076050983632,153.44967633385522
28595710,-2.750551,16.872551,7.119299103691101,71.51638058003792,158.114594541518
28589382,11.777725,60.452408,3.3774241036911015,152.79516814025374,73.32184979372906
28590983,-6.792049,7.496969,5.437631103691101,41.64492327889658,323.25994728541536
28595713,-6.88866,56.976913,8.0158591036911,135.2330425309945,155.57718388761043
28595716,-5.111913,41.281864,3.5498271036911007,150.65366798790217,157.1575096050571
28589384,1.729801,16.068283,5.9843201036911005,73.53955355595176,74.24397538777339
28594129,-2.803545,12.786006,5.664409103691101,73.09033944733537,172.2456058545326
28594129,-2.803545,12.786006,5.664409103691101,73.09033944733537,172.2456058545326
28590132,-6.963394,9.071449,6.421506103691101,33.5574369096436,295.7410613337736
28590133,-8.255577,11.803327,4.611508103691101,107.22864986417925,273.1790666421202
28595719,-2.251858,11.872836,5.287792103691101,72.41945268853692,163.95382679698133
28538799,-10.967186,8.610932,3.063187103691101,133.11598019520483,353.1760811443553
28595720,-6.502407,39.606628,10.269972103691101,108.44445097337324,163.15864820670737
28595721,-8.256885,61.226879,4.484361103691101,151.07638683684348,160.21755847134708
28594132,-2.524076,12.4991,6.632096103691101,43.77856205481089,165.6609036822916
28594132,-2.524076,12.4991,6.632096103691101,43.77856205481089,165.6609036822916
28595724,-5.634658,26.897823,12.315131103691101,57.51518139250504,170.2881642806058
28587163,-11.615373,12.892111,5.814312103691101,97.39365301666602,304.33973855605456
28595726,-0.460905,2.980777,-0.04303289630889884,360.6727103317732,153.10328667234575
28595726,-0.460905,2.980777,-0.04303289630889884,360.6727103317732,153.10328667234575
28582055,-0.903037,75.849297,14.3020821036911,119.38355670434892,127.25626267865606
28595727,-1.687682,7.634706,4.370164103691101,42.92757845473116,168.83377595475196
28595727,-1.687682,7.634706,4.370164103691101,42.92757845473116,168.83377595475196
28595729,-6.013291,31.678108,9.392987103691102,101.18256656849076,168.44976828274315
28578807,-7.149781,7.936705,5.162966103691101,60.11471379393487,318.31539861219267
28571947,-15.25039,23.622843,11.1552931036911,75.88192589343669,261.033710290094
28595731,-3.391329,13.157894,8.394526103691101,9.852405456987128,179.40787380443123
28594135,-9.993264,36.891056,12.3076101036911,92.90614170813726,186.7385260517035
28594912,-24.152763,21.278168,0.4822261036911011,171.92694630550085,317.790701921601
28538805,-8.558412,6.615683,4.368450103691101,79.5297541105607,375.26417633748713
28594913,-7.309506,7.328264,1.085496103691101,175.56290574920456,317.389110079658
28593506,-1.868438,17.893951,2.063933103691101,154.53844881383577,150.41856345055135
28595733,-9.034506,44.774212,13.7143521036911,96.3833656369831,171.31355638901988
28578812,-9.065681,9.759893,4.956780103691101,91.14264060843266,313.7044773741717
28569309,-5.229598,18.536068,12.177542103691101,1.6650210869543685,185.80555676461813
28569309,-5.229598,18.536068,12.177542103691101,1.6650210869543685,185.80555676461813
28568326,-7.735215,18.150391,12.0363721036911,12.424670223180868,220.96188421936856
28568326,-7.735215,18.150391,12.0363721036911,12.424670223180868,220.96188421936856
28594916,-3.239276,3.812788,0.30411510369110106,237.974773325798,314.97798432170055
28567475,-10.661618,9.257088,0.3084791036911011,186.4150930543881,328.1246157143619
28595735,-7.869311,35.357517,13.9993371036911,74.17661777635954,174.72079190336015
28594917,-2.756241,3.40465,0.7102631036911011,226.09174953133044,319.28224552027257
28595736,-5.605035,27.809433,7.779532103691101,107.3030231154134,171.43991275385156
28594924,-2.937279,3.381797,1.085612103691101,198.72374125469668,334.6965466140196
28594925,-3.11274,3.466307,1.018216103691101,201.5928584921688,336.57673648635057
28590993,-7.307587,6.980256,2.123545103691101,147.66198718122098,329.68572255172626
28594927,-6.805882,5.859435,1.2086241036911012,174.7514090778159,344.94661123631107
28594928,-5.375407,4.924804,1.625272103691101,160.48835013378684,347.4309462478191
28590143,-10.787443,13.161216,8.562857103691101,46.03708288687781,297.4306758990453
28594929,-5.517765,5.009256,1.8053211036911012,153.0982636358351,349.28462818301244
28595739,-23.08075,123.418663,16.943467103691102,134.11812032163002,170.9106342097675
28578821,-6.904463,7.457651,5.107800103691101,53.94048860899417,324.90450249157044
28594138,-2.591571,11.164005,6.0709221036911005,43.74401549577979,173.6936838557708
28594138,-2.591571,11.164005,6.0709221036911005,43.74401549577979,173.6936838557708
28594930,-6.071746,5.370929,2.088007103691101,143.3662338447151,351.37087566149603
28594931,-2.859911,3.196564,1.239082103691101,189.295855628864,346.7254608960587
28594932,-2.404786,2.891541,1.131559103691101,205.7196483035139,344.8974148583532
28565478,-0.783106,2.287255,-0.013388896308898834,442.39554709950016,223.20672169100104
28595740,-3.226729,11.681093,7.542058103691101,10.56083252600942,184.40378592988316
28595740,-3.226729,11.681093,7.542058103691101,10.56083252600942,184.40378592988316
28594139,-4.932792,15.350553,3.7165481036911014,128.7985003100619,199.06472465438472
28594140,-6.785607,23.363314,9.6905711036911,75.6908769197959,190.4661113581626
28594140,-6.785607,23.363314,9.6905711036911,75.6908769197959,190.4661113581626
28587171,-3.478691,4.125464,0.017190103691101077,244.19551429867863,308.14557079883014
28544887,-5.882159,95.029869,4.618127103691101,154.32858877742524,144.10748239025585
28583168,-6.821653,16.904148,8.574199103691102,59.00990838811839,215.9739980071693
28583168,-6.821653,16.904148,8.574199103691102,59.00990838811839,215.9739980071693
28594141,-8.899369,26.368034,4.623267103691101,136.62424488434283,202.18384891695845
28594141,-8.899369,26.368034,4.623267103691101,136.62424488434283,202.18384891695845
28593515,-2.673208,21.797215,3.3848381036911013,141.05622336090613,154.48001400537763
28569316,-9.425343,33.80397,12.4381331036911,84.71576699772098,188.17734623114916
28594936,-4.465476,4.085324,1.135767103691101,185.37018921406764,354.1429915719735
28595742,-4.695643,20.534817,7.301466103691101,91.23181893782224,176.54882795139042
28589400,1.126138,15.72477,7.469565103691101,38.38350762290349,80.42696871579133
28594142,-3.048453,9.9517,5.515353103691101,48.12022840740531,193.76505598099828
28594142,-3.048453,9.9517,5.515353103691101,48.12022840740531,193.76505598099828
28595743,-11.668006,61.084595,5.834031103691101,146.4570858334559,172.2703028196743
28591000,-6.640281,7.027308,4.6033671036911015,64.52989002544678,328.2240516632579
28595744,-9.679304,43.482674,11.622931103691101,107.42510233012614,176.69959181667485
28546601,-5.311737,7.005908,-0.024780896308898903,207.96121242758133,281.42485645058895
28544893,-8.505057,85.040123,0.46969710369110107,164.7899144310618,153.87786531960995
28569323,0.049941,3.829975,0.003749103691101041,306.754451964144,95.99274131655638
28593517,-1.251725,7.116986,3.5291881036911015,71.05042248936817,156.0485876415783
28568337,-0.108782,3.398782,0.006649103691101166,331.8130394467796,108.4979633356956
28594146,-7.470364,18.670057,7.925554103691101,80.58455149556025,214.99117391142903
28582068,-2.510497,67.91494,17.562631103691103,101.46709726118628,131.4877636191129
28576268,-11.578616,17.337799,7.010299103691101,96.37110391883452,265.2591148243532
28576268,-11.578616,17.337799,7.010299103691101,96.37110391883452,265.2591148243532
28582069,-3.101924,44.306171,19.470138103691102,51.22263346869698,133.95877423711414
28590150,-9.997931,12.478129,7.527174103691101,58.07724563650305,293.8558249523845
28590150,-9.997931,12.478129,7.527174103691101,58.07724563650305,293.8558249523845
28594148,-5.661306,14.484717,7.769200103691101,51.92599666820078,213.5799273895018
28594149,-43.175499,92.439064,24.2269491036911,111.81468517559702,225.6933702923833
28560238,-7.893524,9.66769,6.965052103691101,31.93323874764232,303.2912987922017
28560238,-7.893524,9.66769,6.965052103691101,31.93323874764232,303.2912987922017
28571962,-16.764656,23.355408,12.6068061036911,62.57239512822781,274.20905228250854
28576271,-12.581976,18.403721,7.6823301036911005,93.01749196172923,267.73285140083414
28576271,-12.581976,18.403721,7.6823301036911005,93.01749196172923,267.73285140083414
28582071,-0.414659,36.70713,4.349792103691101,142.48153589012722,128.25424080516643
28594150,-17.619017,35.78566,7.283021103691101,129.78737502371695,230.87704352745305
28594150,-17.619017,35.78566,7.283021103691101,129.78737502371695,230.87704352745305
28590153,-6.699046,8.486013,6.0389921036911005,35.305006129590936,300.8724786159381
28590153,-6.699046,8.486013,6.0389921036911005,35.305006129590936,300.8724786159381
28589411,0.955668,15.836985,7.5281771036911005,39.09273896226645,84.68316197257391
28595747,-33.695667,143.330734,41.133726103691096,98.38625835285644,179.36976973091038
28594153,-13.046479,26.46731,7.2488841036911005,116.80989644964276,231.91254367642145
28594153,-13.046479,26.46731,7.2488841036911005,116.80989644964276,231.91254367642145
28593521,-3.648629,29.805069,2.457503103691101,154.69719545546565,156.54325640730406
28590154,-7.897656,10.804614,4.6582931036911015,100.57212661860866,280.10401681007164
28576277,-15.488185,20.697197,1.6046481036911011,162.84759571411686,271.4722017100877
28576277,-15.488185,20.697197,1.6046481036911011,162.84759571411686,271.4722017100877
28591009,-6.7263,7.246245,5.4934581036911005,34.67615904864215,328.94082219137465
28595748,-6.80474,30.799431,6.334476103691101,125.71436741659036,177.08318220301777
28594155,-10.071969,19.392138,3.134961103691101,145.89207110928868,236.8089720834797
28582074,-1.40783,18.142282,8.726921103691101,45.77628306103816,131.90446686747697
28589417,0.355739,8.036184,3.847764103691101,56.72881436052015,77.90352100794505
28591010,-4.309084,4.28334,-0.037249896308898967,237.83513746489675,329.1770817682247
28576282,-7.774663,9.915884,7.7888271036911005,10.313767888835171,299.3961280069572
28586173,-5.038106,11.987926,6.327292103691101,59.52931488495747,220.95895676808297
28583185,-15.960824,25.000937,0.38459810369110103,171.84531003345185,253.89957106156035
28578841,-12.754156,12.925793,1.782273103691101,160.52233646738503,307.5061694923474
28590156,-11.608646,16.734573,0.9651351036911011,169.8127850567754,264.3329239784801
28594157,-6.044537,12.662779,6.969724103691101,55.08406964184681,233.23908848225255
28589420,4.453549,29.898613,2.359722103691101,153.58968984924792,83.40583209544965
28583188,-10.151877,19.879765,7.639367103691101,94.3276267006797,236.67844708978689
28578842,-13.207464,13.355885,1.5156101036911012,164.1605048906816,306.8515935597058
28590157,-18.722784,20.277472,15.397046103691101,19.72186708311935,312.1448711574511
28590157,-18.722784,20.277472,15.397046103691101,19.72186708311935,312.1448711574511
28594158,-15.583714,29.074324,13.6271981036911,70.42090857510169,240.90005189240264
28578845,-12.440172,12.638334,0.7903251036911011,174.14566020332276,305.6102201355526
28590158,-8.713188,11.382483,5.716171103691101,83.43630964803586,286.69567467225744
28590158,-8.713188,11.382483,5.716171103691101,83.43630964803586,286.69567467225744
28578846,-12.304762,12.531124,0.6019381036911011,176.813675687123,305.0615245306075
28589423,7.981241,80.979675,23.870414103691104,84.65222257262573,90.9179383897571
28578847,-12.365405,12.60714,0.2680561036911011,181.20183331990955,304.2403931069093
28594161,-12.634181,20.897669,8.939504103691101,86.35496791273582,253.89605627823
28593539,-7.101004,47.29509,4.905864103691101,145.67763446670563,162.95724792060685
28575334,7.34669,56.482262,18.6426791036911,73.3385395925527,77.78913108806651
28582078,-2.035804,64.106659,12.217744103691102,120.10237353136498,132.22947965051242
28589424,6.243558,46.562859,6.050907103691101,135.0937299324686,87.15882339055167
28590160,-19.608929,20.284912,17.108675103691102,0.6900677638507489,321.09730826156
28571973,-0.435395,2.454565,-0.005151896308899007,439.53836885048713,156.79940294462264
28571973,-0.435395,2.454565,-0.005151896308899007,439.53836885048713,156.79940294462264
28575337,3.756942,53.339111,15.9872681036911,86.31896327566605,98.47710438517528
28594956,-2.372377,2.318321,1.028464103691101,234.296886565558,412.1527659459684
28560256,-9.44551,9.041968,5.518040103691101,73.2808393502363,334.4750624722919
28594957,-2.660086,2.387982,0.758602103691101,255.34978357747744,409.1362775668829
28575339,1.151024,27.327906,12.4954641036911,40.65201504309272,96.78819564631368
28594166,-8.57095,13.366625,7.512600103691101,59.76818056528131,265.11539591386594
28582080,-0.20948,103.602654,4.886188103691101,153.9614555758489,129.58315950329018
28595749,-36.874046,169.332916,24.349672103691102,132.42005538023597,177.4698368080894
28575340,4.603972,70.236771,12.5464991036911,120.49442090350752,106.13299266611472
28593544,-2.890064,19.800848,2.1307141036911013,154.78209691180223,160.98655791941957
28595750,-0.6836,2.825031,2.202991103691101,4.811230718478868,158.91215736369043
28590164,-15.863876,17.493858,12.3320571036911,33.76697492099973,309.3380774965715
28590164,-15.863876,17.493858,12.3320571036911,33.76697492099973,309.3380774965715
28595751,-2.196026,9.624692,3.098114103691101,117.96792132292536,176.26772545028126
28595752,-10.417221,37.243973,15.9950931036911,67.15422961912313,187.73013879796792
28590165,-7.884768,10.435692,4.783707103691101,95.62225788612332,285.12859458609535
28583205,-12.066864,21.750538,8.1310211036911,97.2106059193394,244.35107138502568
28571977,-0.613219,2.671006,-0.0056118963088989116,387.2439157462904,179.32957214321289
28569338,-0.111932,3.416351,-0.009390896308898888,331.5862645111529,109.36023898450432
28544928,-21.365993,75.899986,0.38912310369110104,165.60500323681734,191.78888838030747
28544928,-21.365993,75.899986,0.38912310369110104,165.60500323681734,191.78888838030747
28575349,-0.427427,23.78475,11.164489103691102,42.25671363448609,115.1214000443454
28595756,-287.742981,1099.892822,286.8979431036911,104.1108973644073,185.41873950731696
28589428,1.60369,19.52663,6.313102103691101,88.30534523842147,88.39322521222394
28550816,1.111492,5.112798,0.763795103691101,220.23917788604984,7.0064074602189805
28595757,-23.745094,100.28627,13.955601103691102,135.008170139782,181.5107158255006
28575354,-1.583913,49.314899,14.8872121036911,90.57750830128803,128.23537432821394
28595761,-7.324902,25.447266,10.508868103691102,75.20024958659809,189.8543256437385
28595764,-15.957652,64.197693,9.340012103691102,135.42018613185002,183.8992792842008
28578879,-9.509094,8.924934,5.3309361036911005,77.39962546530245,336.9891883033896
28595765,-21.389893,84.451698,7.382360103691101,147.43956446085105,185.4694266417145
28595766,-8.318873,27.049778,10.9609931036911,77.66679213445758,194.38066534485816
28595766,-8.318873,27.049778,10.9609931036911,77.66679213445758,194.38066534485816
28586176,-5.3792,12.737411,6.392399103691101,66.11226926976533,221.0870370855093
28564861,-9.561101,5.605281,2.584471103691101,133.96562438275032,410.77948037098486
28586177,-24.024157,63.617565,3.7667581036911013,155.53931256969608,209.62068285087815
28586177,-24.024157,63.617565,3.7667581036911013,155.53931256969608,209.62068285087815
28587200,-7.659142,8.798725,5.281469103691101,69.05206974694579,309.8121465530813
28569342,-16.55773,37.686493,11.554775103691101,104.87676543408828,221.4867920442973
28594169,-21.10878,22.970831,0.6535421036911011,170.27881825857227,292.6482741857493
28576314,-8.421408,6.566176,4.574553103691101,71.0770266207239,376.055415173002
28578888,-12.88125,11.931746,1.693478103691101,161.76920479719982,319.58467992930787
28583224,-4.667294,9.448545,4.960621103691101,69.79689181904968,238.69320472422697
28571985,-7.744448,9.819389,7.229940103691101,25.28351621381455,298.8513396690894
28571985,-7.744448,9.819389,7.229940103691101,25.28351621381455,298.8513396690894
28595769,-1.005579,3.50783,2.554163103691101,23.064281090097325,187.2740016615432
28595769,-1.005579,3.50783,2.554163103691101,23.064281090097325,187.2740016615432
28594170,-18.070204,19.884533,2.120083103691101,158.5902740997324,293.7233256340586
28575360,-3.365587,34.665539,13.1374911036911,73.1055456836973,142.95600434023743
28591024,-13.354245,11.637992,4.883710103691101,111.85009358503136,336.1880753649223
28564866,-4.245828,2.82966,1.5135211036911012,167.12089006305757,446.5752758993247
28594963,-21.858055,8.111887,-5.979374896308899,256.6305226221767,415.8990759510216
28544947,-17.23967,38.969944,12.890688103691101,98.96641602916606,222.0674119001212
28575367,0.327554,2.954234,-0.010594896308898871,410.2837555323779,24.214762687641183
28583231,-9.771441,19.052019,9.843457103691101,60.67852764571228,238.26306298590995
28595770,-11.621016,36.373516,13.297882103691101,86.42712791445678,197.14773082555809
28586179,-19.262812,43.161743,17.113418103691103,82.374040346854,222.83901088135224
28594171,-17.761084,19.46176,1.407162103691101,164.89644515586505,293.6251771500265
28590175,-12.208688,15.335541,6.096406103691101,103.39664415637456,286.17819334611886
28583234,-7.88887,12.682839,3.880249103691101,123.4422974268042,258.16540800520045
28591025,-6.207463,6.097709,2.891660103691101,116.62334300264132,335.809120234463
28594172,-22.079664,23.900488,2.6330461036911013,155.8160964018116,294.7272201095808
28594964,-7.87478,3.915033,-0.7528818963088988,246.99008460607143,419.0767461034966
28578902,-9.988171,9.173832,3.482125103691101,124.0965894257728,331.6834447707593
28594965,-5.119164,3.09681,0.3549611036911011,233.76969105772005,422.8319402202596
28594966,-12.008159,5.165857,-1.648229896308899,239.20247588998075,421.6476275689231
28568370,-12.438639,20.029955,5.637363103691101,121.03854600755284,255.04606498968616
28578905,-10.014119,9.048479,4.156128103691101,108.54292395163296,336.8764551412817
28571994,-7.875215,10.141748,5.385744103691101,79.19464498418824,290.65837695825354
28586180,-5.936292,14.413885,5.8136271036911005,90.84741858266594,218.2029719224552
28594969,-6.989575,3.662046,0.2696511036911011,219.05730520033285,428.1888229502393
28573503,6.970987,43.325108,15.9357771036911,60.19336460745336,63.5438889157349
28578909,-10.540829,9.522474,3.123710103691101,133.48461305572002,331.528446901028
28569358,-14.740299,26.098476,10.219945103691101,91.42783873446524,245.70103164117023
28569358,-14.740299,26.098476,10.219945103691101,91.42783873446524,245.70103164117023
28567532,-4.273226,2.840747,1.1605241036911011,193.7327944188696,436.88079946008463
28595773,-0.962563,3.313915,2.5025441036911014,12.860723887107495,188.6411834285634
28595773,-0.962563,3.313915,2.5025441036911014,12.860723887107495,188.6411834285634
28583244,-5.761271,8.350237,0.04657510369110107,199.05571058263664,268.7170083231781
28583244,-5.761271,8.350237,0.04657510369110107,199.05571058263664,268.7170083231781
28591031,-6.69821,7.068618,5.535848103691101,29.42842904686233,333.6851927417341
28593561,-0.372575,2.245795,1.729066103691101,54.16088977215759,52.10510058161066
28573507,3.307947,24.90473,11.2635861036911,35.98367452624271,64.01479332979437
28590183,-13.627288,17.913008,2.6724491036911013,151.52669608747962,275.1562269072588
28590183,-13.627288,17.913008,2.6724491036911013,151.52669608747962,275.1562269072588
28536637,-16.404579,84.462074,5.902361103691101,150.83978177495845,173.40016848660278
28544963,-38.353252,79.903496,3.037438103691101,159.28235840770492,227.2747506023088
28544963,-38.353252,79.903496,3.037438103691101,159.28235840770492,227.2747506023088
28568384,-9.521313,13.736035,5.473341103691101,102.2068826334418,270.9501315730355
28591032,-6.310768,6.542261,4.566184103691101,56.341410609856354,335.0370424765889
28573509,30.167833,169.061722,6.651052103691101,153.21912976270983,81.00930242578528
28593563,-3.444034,21.994486,1.224412103691101,165.37153428969393,164.6184434365237
28578921,-10.204705,9.077166,3.6916851036911007,119.574237639071,337.08802237364927
28573510,6.074411,58.559902,16.7969411036911,88.29810983399187,88.96602082640425
28573511,1.943281,23.522579,10.7794891036911,38.50537516311925,81.62452294074185
28582110,-1.605523,71.132103,3.7140651036911008,154.43737326972305,134.23223025629858
28595777,-0.941897,3.509557,2.206168103691101,75.2017079740466,181.4624625118256
28595777,-0.941897,3.509557,2.206168103691101,75.2017079740466,181.4624625118256
28595778,-9.925733,26.286232,14.1423761036911,44.00359722694984,209.33871805498976
28578924,-2.818918,3.639346,0.053319103691101155,259.9756174574529,302.878066588655
28573512,6.054052,65.575432,18.694578103691104,88.79668746789682,92.9326801990118
28591033,-12.032694,11.050721,6.631215103691101,73.28188440410082,336.1508140810687
28594973,-5.973804,3.05801,-0.2842368963088988,257.5667018289903,435.1614629403695
28591034,-5.304052,5.002481,0.795914103691101,193.5435423915364,336.1958476030727
28595781,-6.808188,18.34568,9.731608103691102,49.2931323199783,208.50904017188435
28595781,-6.808188,18.34568,9.731608103691102,49.2931323199783,208.50904017188435
28595782,-9.28149,28.360504,8.546665103691101,105.269744611533,199.3611789339276
28595782,-9.28149,28.360504,8.546665103691101,105.269744611533,199.3611789339276
28594180,-7.798563,7.198429,1.2646741036911011,171.0743591777358,329.26114298203424
28591036,-5.031601,5.192501,2.845445103691101,105.42207064420708,337.6833090214066
28582121,-9.383872,123.859406,31.0197251036911,103.0464328361854,142.3284943768873
28573518,8.973699,86.066635,2.645688103691101,158.0744733799208,101.94173479194636
28595785,-15.038843,42.749607,14.0917651036911,95.77075690111032,204.05624417166564
28595785,-15.038843,42.749607,14.0917651036911,95.77075690111032,204.05624417166564
28590190,-18.590952,22.982536,4.705471103691101,137.9907310627452,281.6518324673678
28587212,-13.360357,14.993473,10.7585561036911,31.15603613362606,308.9098864694229
28595787,-9.068529,24.17226,10.112941103691101,78.15025325460905,209.21706173252304
28582125,-2.307106,20.785591,9.921199103691102,47.69643469797947,142.57125398633528
28582125,-2.307106,20.785591,9.921199103691102,47.69643469797947,142.57125398633528
28595788,-9.710999,25.274601,10.9673401036911,73.92508539410338,211.0416593192509
28595788,-9.710999,25.274601,10.9673401036911,73.92508539410338,211.0416593192509
28595789,-27.606407,67.82,30.497287103691104,65.14684114471774,214.75634074817725
28595789,-27.606407,67.82,30.497287103691104,65.14684114471774,214.75634074817725
28575387,-0.021471,2.912351,-0.023455896308898883,392.8147539543239,87.81179313863976
28594182,-2.996207,3.360489,0.8803681036911011,213.3315999492053,336.1575098726246
28575388,-12.346997,40.993687,13.1211101036911,96.75966506147496,193.4861680625441
28575388,-12.346997,40.993687,13.1211101036911,96.75966506147496,193.4861680625441
28590195,-7.372888,7.962491,6.814825103691101,4.02251693287559,330.0539914846859
28590195,-7.372888,7.962491,6.814825103691101,4.02251693287559,330.0539914846859
28568390,-9.346604,13.238336,5.503776103691101,99.21775111800284,273.6848469971582
28550942,-2.721413,88.212196,0.2551791036911011,165.1282278986282,137.84287781886508
28586186,-19.669054,50.886658,2.5693961036911013,158.5734548212225,211.37514478289856
28586186,-19.669054,50.886658,2.5693961036911013,158.5734548212225,211.37514478289856
28572019,-6.79146,7.09337,5.9398921036911005,14.255995678102067,337.4546600273357
28582131,-4.777065,67.450554,12.7007351036911,121.38621287245743,142.36987238649198
28594184,-3.357791,3.565488,0.9601691036911011,203.02317655268277,340.4594649782076
28587220,-6.59725,7.615425,5.199946103691101,50.70302288318621,315.0243708653845
28587220,-6.59725,7.615425,5.199946103691101,50.70302288318621,315.0243708653845
28594185,-2.885851,3.243146,0.917457103691101,213.4891496872964,339.39587025768185
28585408,98.023262,232.70401,3.159339103691101,157.97084630896796,1.2785038387325756
28593574,-4.792319,15.958496,10.187994103691102,11.198333904435144,190.8300264254756
28594186,-3.27387,3.488885,0.9370391036911011,205.9090025547595,341.3089085964288
28594187,-3.411556,3.547408,0.958672103691101,203.08321234233,343.8322421723932
28594188,-3.156911,3.335948,0.7239381036911011,223.1919259527749,343.12347416074914
28586190,-62.728966,150.806992,18.962619103691104,139.36509110364432,216.1517059998732
28573523,1.015546,53.130932,15.2810381036911,92.23314399317393,114.38440646496834
28590203,-9.151878,10.863308,5.222697103691101,92.2159816052352,298.7157040382045
28590203,-9.151878,10.863308,5.222697103691101,92.2159816052352,298.7157040382045
28575391,-0.125796,3.00198,-0.005257896308898946,372.3877016012515,105.96282716061846
28591043,-3.02168,3.346205,0.8226691036911011,217.3885635166343,337.5319109197154
28575393,-23.189419,67.494339,2.893932103691101,158.4747879102979,203.37288964775016
28575393,-23.189419,67.494339,2.893932103691101,158.4747879102979,203.37288964775016
28568394,-9.240585,12.844147,5.558663103691101,96.18069305660131,276.4746348527368
28550962,-5.503611,75.880669,2.6016381036911014,158.64357686375303,146.83030458439043
28595794,-14.244221,36.671177,12.793059103691101,93.18418913646148,211.58498164629123
28590204,-9.076077,11.567362,2.757332103691101,142.57735619296744,283.6729255074113
28544996,-17.084856,23.871544,0.28125510369110107,172.9402862954692,265.29607576218984
28544996,-17.084856,23.871544,0.28125510369110107,172.9402862954692,265.29607576218984
28595795,-14.138493,34.594215,13.905477103691101,80.85818377829813,215.6945897791134
28590205,-11.370333,14.226551,2.644933103691101,148.6919759435808,282.88153981244807
28590205,-11.370333,14.226551,2.644933103691101,148.6919759435808,282.88153981244807
28595796,-11.20969,28.283482,9.840103103691101,95.75729612907692,213.48879936395812
28583272,-12.68312,21.27219,11.115205103691101,62.08989104522559,253.54526638146655
28582136,-3.30634,53.306,5.845949103691101,142.43028027711182,142.06911793898655
28569371,-0.628285,3.19217,-0.006037896308898949,330.7517224382107,169.0156958500293
28569371,-0.628285,3.19217,-0.006037896308898949,330.7517224382107,169.0156958500293
28595797,-178.249878,424.616608,145.0687351036911,89.92936481940873,216.73033843210388
28595798,-14.99535,38.138924,10.991387103691102,107.91343060502254,212.56538811449656
28595798,-14.99535,38.138924,10.991387103691102,107.91343060502254,212.56538811449656
28589454,0.352417,13.424091,6.552691103691101,39.976582691625,94.31835389574628
28590208,-6.726954,7.326589,6.172756103691101,9.01267510011985,330.56771833616705
28590208,-6.726954,7.326589,6.172756103691101,9.01267510011985,330.56771833616705
28595800,-4.139851,10.157952,4.703657103691101,81.80759193791349,218.80943083400425
28582138,-2.352891,57.684017,0.665424103691101,165.29949509280212,139.6211516964425
28595801,-9.544664,24.116169,5.789871103691101,123.610769798852,213.69902043672232
28590209,-6.733288,7.905805,5.166478103691101,56.91522401380374,310.80195049703605
28536698,-7.281106,17.630749,11.6214531036911,12.890964354658706,218.03906590413405
28575397,-0.087742,2.593607,-0.004066896308899004,443.6449574238188,89.98187290276431
28589456,0.502667,11.615444,4.599787103691101,76.54980073846349,91.63655933399818
28585423,4.164495,14.851829,5.114136103691101,74.92812015731198,4.140586999783125
28593577,-9.096194,52.336853,0.8102541036911011,165.2230172606723,169.7216191020726
28550974,-9.725091,57.570351,10.8757621036911,124.17531503530356,165.80537078245504
28591049,-6.567287,6.737671,5.542530103691101,21.06433288310666,341.0762870140786
28585428,42.812386,106.635162,-0.596226896308899,165.85975832549752,8.957114885481673
28573527,-0.081513,21.781204,10.228573103691101,42.04062989131259,110.02535907444285
28590212,-11.526062,13.346285,5.571654103691101,103.11002914053331,297.79464621243017
28586204,-27.051275,60.578442,10.8638871036911,131.13630710635329,222.08864835851128
28582147,-29.423454,399.422577,43.7605801036911,137.2546508357076,145.81767146926882
28583281,-10.206365,16.100462,7.837947103691101,76.18392970217397,261.22529167567006
28587236,-2.71764,3.31282,0.970248103691101,209.5222453337448,326.53659742345144
28591051,-4.37615,4.066454,-0.12272389630889902,244.51268377954517,339.5825217223217
28593580,-1.660076,7.138779,3.4003871036911013,81.2516943104684,174.15977076399517
28593580,-1.660076,7.138779,3.4003871036911013,81.2516943104684,174.15977076399517
28595807,-10.297859,20.056374,12.099141103691101,35.99364950107176,238.8867370032104
28586211,-5.787929,12.918302,5.283590103691101,92.83515267579595,226.246401257242
28586212,-9.733371,21.368446,6.8950051036911,106.80710477865608,225.65943701862605
28589462,0.670782,5.018315,0.012773103691101184,266.4084820406331,60.00121876190198
28582153,-3.904458,41.377541,8.206320103691102,122.2659572118371,147.46808670367062
28550986,-7.367567,66.139175,3.677524103691101,154.5858378451607,155.27597348253596
28582157,-2.330119,16.597612,8.124771103691101,48.57582683802511,149.94313966467075
28582157,-2.330119,16.597612,8.124771103691101,48.57582683802511,149.94313966467075
28585438,5.566319,20.755856,6.861963103691101,74.45133715198526,17.83432631556792
28589465,1.478411,25.879932,8.333787103691101,85.95526476894668,98.67611579672722
28585439,35.452026,99.186821,5.4436981036911005,148.8533042584458,19.763920766316744
28568401,-7.786047,9.866149,6.6372281036911005,43.15581600131839,296.9811149467289
28568401,-7.786047,9.866149,6.6372281036911005,43.15581600131839,296.9811149467289
28575408,-3.737231,9.142996,5.195777103691101,52.4885883830585,219.8527865115429
28582160,-6.985607,103.997017,3.101871103691101,158.41610138062333,145.8670948174156
28595810,-8.90364,19.658482,7.028229103691101,99.2354884899738,225.5007196767528
28595810,-8.90364,19.658482,7.028229103691101,99.2354884899738,225.5007196767528
28595812,-27.349686,48.917103,30.610868103691104,27.43616412568392,245.5728565873152
28550997,-12.164224,85.169434,6.770400103691101,148.18234190653422,162.03535223593778
28586218,-10.41896,20.793289,10.624956103691101,60.66473291710935,235.57741775340716
28586218,-10.41896,20.793289,10.624956103691101,60.66473291710935,235.57741775340716
28589468,0.238612,14.420169,6.9925811036911005,40.68119176996783,98.86545814547348
28551001,-7.490904,66.078575,1.8698681036911011,160.8557619786845,156.2902081261691
28595814,-1.885603,4.813935,2.7098311036911014,81.71985993848875,221.82581702694011
28595814,-1.885603,4.813935,2.7098311036911014,81.71985993848875,221.82581702694011
28586221,-7.52865,14.663651,9.070445103691101,34.98554878343134,240.50477679778623
28590223,-6.22213,7.084686,5.035418103691101,45.58481914141282,319.8228796849344
28572042,-10.341284,8.205132,3.927853103691101,110.63080156024742,357.513162559649
28575415,-0.563368,3.039255,-0.02486889630889899,348.3676684548499,164.58935411150375
28575415,-0.563368,3.039255,-0.02486889630889899,348.3676684548499,164.58935411150375
28587244,-6.505194,7.334951,5.204089103691101,45.49102941327217,320.22330495945744
28567558,-2.967499,2.06053,-0.014980896308898872,338.41982626516204,444.5515482416653
28582168,-9.720378,116.694336,7.654762103691101,149.83744464134034,148.8397348702312
28541109,-10.378196,100.419579,7.136329103691101,149.19567692276703,153.30773605969353
28551009,-11.990043,58.732796,10.9714431036911,125.3081261497784,173.7929743245196
28551011,-10.019315,80.190369,2.790442103691101,158.52050734191576,158.8615803169127
28541110,-10.375873,120.887283,-0.2706078963088989,165.29452395829117,150.98258779871105
28586223,-10.515567,23.387541,5.526238103691101,125.89835279354544,224.06656350369468
28571409,-9.527199,10.203115,5.003890103691101,94.2564466297157,313.15059609601605
28585467,2.489857,12.033389,5.232683103691101,48.45186761836448,22.3060250040202
28595817,-11.324049,24.206173,7.610034103691101,107.67608178542196,227.66611631074065
28595817,-11.324049,24.206173,7.610034103691101,107.67608178542196,227.66611631074065
28594224,-6.121721,3.513509,1.2811141036911011,178.32128650974684,434.5659643341006
28595818,-69.40078,129.182983,57.2923791036911,71.02558114082214,238.99214637055252
28595818,-69.40078,129.182983,57.2923791036911,71.02558114082214,238.99214637055252
28551020,-9.340939,80.449059,0.42117210369110103,165.11197608022545,157.47088994795163
28541115,-9.792804,92.171844,4.607406103691101,154.40522285097842,154.3882144736109
28568409,-16.41396,22.996498,1.337820103691101,164.98087861222,265.80375448541554
28585468,135.799683,499.018463,144.53600510369108,74.23991516859044,33.82938843809322
28594225,-9.213378,4.123631,-1.252587896308899,251.5239970555886,425.7430946067945
28541118,-8.985709,87.543945,0.4238201036911011,164.8302398064553,154.49918431015612
28582174,-2.938395,36.640041,2.079832103691101,158.36438239390395,147.37291556755662
28595821,-171.578125,328.695435,110.42826210369111,94.72435601464603,235.27415400728808
28589471,2.734718,44.546272,12.990414103691101,90.329405807019,101.14064123702477
28593589,-4.187364,14.830265,7.465222103691101,55.05595959120223,187.77230010156077
28593589,-4.187364,14.830265,7.465222103691101,55.05595959120223,187.77230010156077
28594229,-3.706151,2.509001,0.37287310369110105,263.7510774605093,430.70750100424
28586228,-18.366362,35.406448,16.7017301036911,67.54881026061136,237.2681183715633
28586229,-33.522835,72.967064,10.1394171036911,139.10565720603452,224.1359854232296
28595823,-6.939806,13.227537,7.270224103691101,57.213521250611535,242.75453997175345
28595823,-6.939806,13.227537,7.270224103691101,57.213521250611535,242.75453997175345
28590228,-6.218721,6.952335,5.088014103691101,41.11186358409708,323.7669350075993
28591057,-6.349262,5.438416,0.5044501036911011,199.1141262282702,343.8557496558633
28583300,-7.132233,9.384419,2.354168103691101,145.51935805791234,282.6217243876086
28595825,-16.082348,31.786446,9.775784103691102,107.72414190931065,234.0598458773365
28595825,-16.082348,31.786446,9.775784103691102,107.72414190931065,234.0598458773365
28573543,-1.086764,91.058311,4.355420103691101,154.33664041772113,131.9407578100551
28551035,-6.337162,18.889273,9.3657851036911,57.10328959402719,200.4404842581736
28551035,-6.337162,18.889273,9.3657851036911,57.10328959402719,200.4404842581736
28582183,-9.700187,82.245132,15.0191571036911,123.06714954091342,154.18166836935836
28575421,-0.414328,2.646199,-0.014287896308898818,405.823906539463,150.25981957868524
28595826,-18.98444,38.195004,9.4417861036911,119.8077694182256,231.8156189535176
28595826,-18.98444,38.195004,9.4417861036911,119.8077694182256,231.8156189535176
28595829,-24.894791,50.656193,7.096437103691101,140.93485136489085,229.9736247463419
28595830,-0.940632,2.707512,2.112761103691101,31.246061822618003,221.66885404443883
28595831,-25.169407,48.682423,12.3178491036911,117.45342414855884,235.00078512697056
28590233,-6.163403,6.776358,5.109009103691101,36.4377339399943,327.8148070152907
28568416,-9.036545,10.505292,7.120411103691101,44.70452635977159,307.60283325692353
28568416,-9.036545,10.505292,7.120411103691101,44.70452635977159,307.60283325692353
28572050,-1.165551,2.138001,-0.02366389630889887,438.13462747291146,292.1127353143825
28572050,-1.165551,2.138001,-0.02366389630889887,438.13462747291146,292.1127353143825
28590234,-7.027759,7.806055,5.065776103691101,60.94062814739107,318.5592023093154
28573550,-14.103889,197.472336,22.450765103691104,137.04411694816457,145.03966652266178
28595832,-5.756023,10.605224,6.115877103691101,54.58237367343844,248.430209212221
28595832,-5.756023,10.605224,6.115877103691101,54.58237367343844,248.430209212221
28595833,-16.844431,31.11533,11.738247103691101,92.59319180975882,240.94097590784708
28595833,-16.844431,31.11533,11.738247103691101,92.59319180975882,240.94097590784708
28591061,-4.584707,4.220244,0.36157310369110107,220.1489227611807,343.59455812883857
28569392,-7.774937,9.854214,6.610429103691101,43.69382120017357,296.91685673089586
28569392,-7.774937,9.854214,6.610429103691101,43.69382120017357,296.91685673089586
28576428,-9.858181,8.660062,0.3417321036911011,187.61300244250532,327.9026420394801
28595835,-21.526691,42.857258,7.0687801036911,136.88652031818066,232.14641428756076
28591063,-4.751249,4.449435,1.2364141036911012,178.4943520327958,346.61082531345363
28551051,-11.675722,34.146408,13.723196103691102,78.18149657367846,201.80837019729768
28576434,-9.495547,8.680314,2.659107103691101,140.10039696456104,330.9161093884623
28536772,-1.203535,2.882676,-0.006848896308898844,335.0782820062989,237.431547173261
28536772,-1.203535,2.882676,-0.006848896308898844,335.0782820062989,237.431547173261
28527502,-7.816164,10.326649,8.0630931036911,8.995345015265997,293.8423783662311
28527502,-7.816164,10.326649,8.0630931036911,8.995345015265997,293.8423783662311
28569394,-8.641971,11.226946,5.668366103691101,83.21667374163206,287.60830019675734
28595837,-8.820427,15.136906,8.895475103691101,47.782525009732325,253.7217092702638
28595837,-8.820427,15.136906,8.895475103691101,47.782525009732325,253.7217092702638
28551070,-15.905608,53.818619,11.743568103691102,120.12655030752502,193.0184880655013
28595838,-15.321495,28.213055,10.1183271036911,97.85468502695952,241.33203405292653
28582192,-3.878022,20.291718,12.6329651036911,4.417788362720188,161.5644649501381
28582192,-3.878022,20.291718,12.6329651036911,4.417788362720188,161.5644649501381
28573559,-6.721285,39.268993,14.2473561036911,80.47498832782554,162.80065357174908
28595839,-17.672594,33.963974,7.2424151036911,128.55157296585784,235.88822997872407
28576439,-3.668975,3.554974,0.4917091036911011,229.17493064514295,347.71087386429485
28595840,-29.941576,58.087955,5.732556103691101,148.86976434911958,233.66436084983596
28595840,-29.941576,58.087955,5.732556103691101,148.86976434911958,233.66436084983596
28591066,-4.131221,3.845789,-0.04090889630889882,246.87330467824583,342.7179634989417
28551088,-18.232647,57.95578,12.550140103691101,120.55245319057823,196.91467912095
28573561,-12.744044,88.781487,9.6216061036911,141.29663131035602,161.67371926915294
28593597,-2.158299,11.250527,1.408690103691101,164.91371329425817,170.6711797141427
28551093,-16.668587,49.414433,12.419906103691101,113.66488698624347,201.37880188332747
28587265,-4.669623,4.951533,2.4370761036911013,121.4595762859308,333.41616419227154
28573562,0.272344,3.371411,-0.011175896308898814,351.48166964761924,56.79348586999646
28548772,-25.702927,54.856014,0.09652510369110101,167.98008882755764,225.5345280770565
28587268,-6.115671,6.519475,4.331020103691101,64.1602754099483,329.76674342657344
28591070,-3.287497,3.453167,1.117396103691101,194.19996610479663,346.73784783298925
28589487,2.027084,22.921734,2.176565103691101,153.75032380017353,99.459245166635
28585495,3.21791,16.661644,7.686471103691101,31.982511879643937,33.44789745138229
28587269,-4.096425,4.142004,0.975406103691101,194.003075024188,337.5653813443952
28569399,-8.261181,10.52607,5.103823103691101,90.01548150074615,290.3373151970836
28595845,-7.589758,13.665633,6.144480103691101,85.13459341357319,247.4823779998892
28589490,-0.043309,13.864485,6.796991103691101,40.99298915799491,105.07383365100084
28595846,-20.652168,39.211319,4.782468103691101,146.62959736572114,236.15221785857665
28595846,-20.652168,39.211319,4.782468103691101,146.62959736572114,236.15221785857665
28595848,-14.119206,24.691353,9.308257103691101,95.65199394058268,246.9668648163298
28595848,-14.119206,24.691353,9.308257103691101,95.65199394058268,246.9668648163298
28585496,14.069763,46.950146,3.182269103691101,150.39183753915174,36.609451805695016
28587271,-6.339303,6.904389,5.230203103691101,35.45304075112978,328.7523774270488
28595849,-14.574587,27.292614,5.275908103691101,135.01914128450753,238.56644448234167
28569400,-0.684496,2.765292,-0.009669896308898807,370.8929926257381,185.91135069169997
28569400,-0.684496,2.765292,-0.009669896308898807,370.8929926257381,185.91135069169997
28591073,-6.392811,6.427254,5.523769103691101,12.786449712190093,347.48313279289914
28590244,-5.978532,6.372282,5.1012701036911015,26.437054320801167,336.3604994438264
28590245,-14.341536,16.43388,-0.048951896308898846,180.5038997468137,288.1022109554717
28595852,-7.834906,12.990684,7.209211103691101,60.20152910639348,258.2146806952928
28589495,3.725285,36.757271,1.004812103691101,164.95136379539244,100.96148001277707
28575448,-0.622657,2.615488,0.0010931036911010494,394.1544150331655,182.3884261166547
28587275,-2.853225,3.238611,0.8709521036911011,217.25059057407609,337.3701139166083
28595853,-33.352314,52.813244,24.074403103691104,74.25540342319721,256.2463017826443
28583316,-7.439514,9.972873,3.7547761036911007,115.77525216456344,282.3252116511556
28589499,0.023945,11.804481,5.215300103691101,62.056564196579245,103.96487902026357
28586251,-13.822819,25.540539,12.015396103691101,71.25207967298996,242.2434778196588
28595856,-10.593269,17.892162,7.790285103691101,85.92782127966268,252.50926538955815
28576455,-4.246581,2.817692,0.31988610369110104,250.08818239298955,418.4253380229405
28595857,-11.155051,19.111298,7.510833103691101,95.10106704070536,250.2071013510181
28595857,-11.155051,19.111298,7.510833103691101,95.10106704070536,250.2071013510181
28595859,-18.272638,29.870205,11.6184771036911,92.44428027668964,253.37865204774465
28595859,-18.272638,29.870205,11.6184771036911,92.44428027668964,253.37865204774465
28583318,-4.760046,6.013741,0.05280410369110111,213.7219355558188,289.52827285455515
28589502,2.412405,72.75341,21.4957711036911,87.80878058037479,110.54030355272306
28595862,-11.263039,17.242683,9.8074821036911,55.11718125178382,265.51142879287505
28548811,-7.849093,6.84798,5.639898103691101,31.7331184345006,364.4806227736222
28589504,6.93291,74.884644,2.334572103691101,158.67664166122063,104.9428613798797
28582200,-7.864641,70.427193,3.826351103691101,154.569826811089,155.40213142843038
28551133,-32.559761,101.698776,10.9719921036911,143.01504977107987,198.52972626790896
28551133,-32.559761,101.698776,10.9719921036911,143.01504977107987,198.52972626790896
28577594,33.228077,86.57946,10.769858103691101,127.63414354401054,2.824069867829252
28595867,-15.434787,22.285557,12.8883301036911,52.106322249416365,270.99537702356287
28577601,39.351551,95.709793,2.260047103691101,157.7806964603571,2.231739020353501
28595868,-13.09046,19.296181,10.8436141036911,56.93136500088551,269.0756544558825
28595869,-11.951035,20.242805,5.038557103691101,127.44076076387331,249.53264332412772
28595870,-21.218828,36.513294,0.8976721036911011,166.42837853543492,244.31984045941877
28595870,-21.218828,36.513294,0.8976721036911011,166.42837853543492,244.31984045941877
28595871,-16.733513,23.097813,14.4899721036911,40.923558301659,277.0762548703465
28571420,-7.082004,7.805002,5.145429103691101,58.58456087664996,320.0141497487987
28579014,-6.994932,5.507029,4.400217103691101,51.42068839853982,387.3015096037639
28577602,11.616465,35.415699,10.558997103691102,76.23695853267247,2.4004070956809755
28595873,-93.432091,153.568466,7.7998131036911005,155.6865877879893,247.2830764913936
28595873,-93.432091,153.568466,7.7998131036911005,155.6865877879893,247.2830764913936
28577605,34.521324,87.613564,5.228598103691101,147.54541639515168,5.10950754375034
28573598,-0.575621,3.78227,0.0033191036911011107,294.26508262365456,156.1620923178767
28573598,-0.575621,3.78227,0.0033191036911011107,294.26508262365456,156.1620923178767
28551156,-17.424,40.063782,13.2723081036911,98.43973893825626,220.6075524347752
28572641,10.441328,43.428108,15.184249103691101,61.32945147967283,35.10779448775966
28595876,-10.922424,17.901138,5.030089103691101,122.51200834674488,253.75024659670248
28585509,1.190999,5.186623,0.7453801036911011,220.7351150408405,2.524344017762417
28595877,-12.578627,21.61795,1.0721181036911012,167.2962756930704,245.96153981410504
28590258,-9.846421,10.431637,5.076645103691101,94.920986649127,314.1129880205566
28591081,-4.360529,3.904942,-0.15879089630889887,249.1149662049568,346.0424180625596
28595879,-10.43594,16.834564,5.006559103691101,120.01003952058416,255.90182929477672
28595880,-16.830311,26.91806,4.964044103691101,138.18888872171257,253.51333613384588
28595880,-16.830311,26.91806,4.964044103691101,138.18888872171257,253.51333613384588
28595881,-14.53771,22.776001,5.897819103691101,124.63998145233012,257.05707583432564
28595882,-14.777065,23.875305,2.713203103691101,153.64075464101546,252.11815513791987
28583324,-13.640817,19.691044,10.7431811036911,61.570836326474335,271.08822450826887
28595883,-13.185856,21.442997,1.7283981036911011,161.46235088122327,251.51167251986703
28589518,1.291589,48.165634,12.8782961036911,98.48234649921758,112.7684558965896
28595885,-9.090464,13.995566,4.930586103691101,111.41098131037648,262.78798472405026
28595887,-8.189187,11.252141,6.954083103691101,52.16198569653403,283.2976321292905
28591085,-4.249531,3.891743,0.40499610369110106,224.3145595539911,348.9860844216092
28595888,-13.0734,17.69416,9.5191251036911,66.72838234759217,279.1974662742797
28595889,-22.019737,33.865993,1.963063103691101,160.92146915538586,255.3135319766621
28590263,-5.907451,6.037923,5.212866103691101,11.903328149517732,347.62519853646694
28595890,-7.914198,10.650929,7.0003391036911005,43.27982599304522,287.6023871496225
28551177,-8.8767,17.541868,9.107760103691101,60.61883979863819,237.27138123909364
28551177,-8.8767,17.541868,9.107760103691101,60.61883979863819,237.27138123909364
28589521,-0.356718,14.17427,6.964474103691101,41.95611314931151,112.83270024135034
28591087,-3.994888,3.805657,0.9932001036911011,196.07484662968264,351.5948274882104
28573604,-0.593063,3.621505,-0.0017568963088989697,302.6949087935839,159.39709214848318
28573604,-0.593063,3.621505,-0.0017568963088989697,302.6949087935839,159.39709214848318
28591089,-7.221059,6.526588,4.497353103691101,65.63326076874074,354.5134592452984
28595891,-7.328791,10.496307,5.644958103691101,73.40952486877481,277.2099845951132
28595892,-16.129543,20.260284,12.147125103691101,52.8252750974132,288.71839489343586
28595892,-16.129543,20.260284,12.147125103691101,52.8252750974132,288.71839489343586
28595893,-15.5594,23.228912,2.651980103691101,154.1569316981828,260.0466164531252
28595893,-15.5594,23.228912,2.651980103691101,154.1569316981828,260.0466164531252
28593608,-8.575309,23.893446,15.8987211036911,3.885600392126236,204.74724056367208
28595894,-10.757049,15.400364,5.410237103691101,111.14265694358268,270.1340533123663
28595894,-10.757049,15.400364,5.410237103691101,111.14265694358268,270.1340533123663
28585516,1.126552,5.105441,0.8022941036911011,217.72807913190152,4.171755029772839
28582212,-4.939395,42.647617,2.1486651036911013,158.67690036599146,156.07528410353933
28591092,-6.187306,6.096431,5.440681103691101,5.650461803819439,354.2480226848817
28595895,-17.45817,25.834839,2.149312103691101,158.86846154867817,260.1675023802585
28595895,-17.45817,25.834839,2.149312103691101,158.86846154867817,260.1675023802585
28551191,-21.852455,51.324711,10.8677251036911,124.49268417383811,218.49589110095732
28577621,30.438841,81.068871,4.758612103691101,148.4592016559742,12.021457379223335
28589527,0.329599,2.950565,-0.005284896308898945,410.54973901196206,23.26356619803778
28566199,4.79308,40.692753,15.687356103691101,57.31315097533002,77.2607772522733
28566201,24.501032,97.982758,3.8227321036911013,154.42547038878686,58.01845886028883
28575467,-9.071887,12.341585,5.604620103691101,92.37523523666604,279.83336080737354
28589530,-0.253591,8.448044,4.003459103691101,62.468459245727786,108.64164061460356
28586277,-12.799043,22.095226,10.9527241036911,67.8294943037894,249.98605797461096
28585521,7.405596,27.470802,1.8510461036911012,157.18800615282365,43.58688759075156
28583333,-7.429681,9.789094,3.914066103691101,111.18927821327772,285.1639904087666
28577625,31.54446,80.731239,-0.03735489630889899,165.74973566218233,11.60827664146484
28595896,-12.400468,16.180965,8.517192103691102,71.83661525831161,283.9995777486128
28583335,-13.411618,14.599158,-0.2358168963088989,184.6858420217656,294.49988301728604
28566202,27.280157,106.080437,2.696434103691101,157.7687830402299,56.75972399324138
28585523,40.735222,189.053696,57.5962811036911,73.36422415162775,52.54829169515196
28593613,-4.372494,19.538546,2.179735103691101,154.58421985320442,178.81800357295913
28593613,-4.372494,19.538546,2.179735103691101,154.58421985320442,178.81800357295913
28566203,35.779148,130.69957,-0.678908896308899,165.215044244107,53.77095471034579
28585525,28.707048,103.626663,5.103999103691101,151.13626319183254,48.56396237061401
28551203,-23.33007,54.620518,9.878955103691101,131.00218555762643,218.66740256469063
28551203,-23.33007,54.620518,9.878955103691101,131.00218555762643,218.66740256469063
28585526,1.058712,5.042747,0.7548831036911011,221.86024166479635,9.703391537600766
28577629,11.914394,40.617901,15.330203103691101,47.38496027035731,10.248671995719263
28583338,-15.152299,20.964584,11.4184521036911,62.57308446145439,275.671546301914
28583339,-8.677995,11.012709,4.173282103691101,113.68636611502752,287.7609065552896
28566206,15.993852,67.000465,3.7787481036911013,151.6223979052436,59.61655141502999
28593615,-4.021134,13.098022,6.701397103691101,56.12273952988872,193.95140105664075
28593615,-4.021134,13.098022,6.701397103691101,56.12273952988872,193.95140105664075
28551212,-9.960971,17.942867,9.4319881036911,61.09021335672188,246.76159795152623
28583340,-4.693466,5.72788,0.02292710369110118,217.19185291672704,294.6157524875249
28551214,-22.73555,48.392056,11.798919103691102,118.52959006059248,226.63992169145413
28551214,-22.73555,48.392056,11.798919103691102,118.52959006059248,226.63992169145413
28591098,-11.150236,9.290031,6.5515351036911005,57.187178631284894,357.18875307529004
28575476,-1.116088,2.697174,-0.01655989630889887,357.1150113448394,238.89988572514733
28575476,-1.116088,2.697174,-0.01655989630889887,357.1150113448394,238.89988572514733
28587299,-6.286856,6.660185,5.2924681036911005,27.380006372385765,335.49157795484723
28575477,-5.655434,6.752138,4.865458103691101,41.65068081664583,314.84085160240045
28587300,-4.449099,4.272442,1.2452101036911012,179.0255053087189,345.6053937411722
28595901,-15.740522,22.046577,1.1276011036911011,166.8089419394957,265.90319155381167
28595901,-15.740522,22.046577,1.1276011036911011,166.8089419394957,265.90319155381167
28551220,-25.982197,57.980099,10.441211103691101,131.2042448796559,222.40583440261105
28572073,-7.921135,4.934884,1.0140791036911012,182.43489519571145,395.5380520216597
28583344,-17.918127,23.737373,12.3596361036911,68.665154743333,279.6592034013525
28577639,8.464725,30.612799,12.7664651036911,35.25087296459719,10.601160090368722
28572074,-1.568089,1.955706,-0.023460896308898915,437.9523573007415,365.856008286198
28590273,-5.659667,5.647754,5.097887103691101,3.328193193116391,356.2080234742672
28572656,5.764166,54.011932,16.2211571036911,84.36430883838173,87.04159575924805
28593621,-5.926623,15.962461,10.9968051036911,0.3414292204375613,208.3951971154744
28593621,-5.926623,15.962461,10.9968051036911,0.3414292204375613,208.3951971154744
28572657,13.939669,97.825417,11.2871811036911,134.8911349786503,87.10543050791492
28583345,-8.136063,10.375782,4.232587103691101,108.45254939799588,288.56289438929736
28585540,1.030955,5.094182,0.7775071036911011,218.97313209853425,14.071326758972589
28566214,13.229371,81.177711,16.8416981036911,108.69777171588798,75.30480887799237
28586286,-21.07021,40.914856,2.220291103691101,159.7374929685397,233.765413044489
28586286,-21.07021,40.914856,2.220291103691101,159.7374929685397,233.765413044489
28551228,-23.023201,47.507919,11.5671421036911,119.01663184436228,229.30218738560905
28551228,-23.023201,47.507919,11.5671421036911,119.01663184436228,229.30218738560905
28572659,15.121393,107.911179,0.009692103691101073,164.73966544756288,93.57944896046854
28585545,38.252033,136.53157,-0.663040896308899,164.97763861655568,51.73651273116354
28586287,-11.023711,20.20192,6.227914103691101,113.2550857909047,242.4031456107968
28562288,-6.282611,72.758659,12.1516591036911,126.83914367688396,146.84071048782735
28587304,-8.869676,6.844993,-0.4935228963088989,212.34103796695268,345.7549633107207
28577643,25.567905,72.717659,4.415145103691101,148.7351205381966,20.368787885100037
28593623,-2.992251,9.506439,5.294949103691101,48.91816490263017,196.0531987682415
28551235,-31.367821,68.808601,10.9203751036911,135.13659475517568,223.60290686813505
28551235,-31.367821,68.808601,10.9203751036911,135.13659475517568,223.60290686813505
28582226,-10.601886,74.546135,6.209922103691101,147.8418362868615,161.77841172029107
28551236,-33.408131,88.379288,0.41772410369110113,165.2195119920923,209.65645002364087
28551239,-21.563164,43.256218,11.060272103691101,117.14062093523708,231.93544474465023
28551239,-21.563164,43.256218,11.060272103691101,117.14062093523708,231.93544474465023
28591111,-6.928083,6.103096,4.435124103691101,59.65613461909038,362.46411429534646
28568437,-9.139081,9.699804,4.623858103691101,98.78820187388632,314.71692064221725
28541224,-16.493292,23.578592,4.234708103691101,141.4163087008976,265.3435314882265
28541224,-16.493292,23.578592,4.234708103691101,141.4163087008976,265.3435314882265
28577647,4.30597,17.14856,7.795992103691101,28.67890864174572,8.64256846245894
28572664,3.462141,72.92289,13.1481091036911,120.31334242855496,111.2634724294216
28551245,-33.95039,72.658714,10.0375781036911,139.38408661298786,225.4965013271264
28551245,-33.95039,72.658714,10.0375781036911,139.38408661298786,225.4965013271264
28575493,-11.104447,9.474967,1.605931103691101,162.9441566882074,334.05116583754966
28577650,9.847105,35.749882,11.0840821036911,74.9716104556473,23.25676345651385
28572665,7.967803,98.570198,4.584071103691101,153.70753975467102,107.89603745516362
28562290,-1.459317,116.722313,7.888933103691101,148.72045606552922,131.66240817593714
28586294,-20.54244,37.00843,7.299655103691101,131.8430581879815,241.4956860513096
28577651,23.764517,66.739548,0.2859941036911011,165.60390731229353,23.17789550132048
28569419,-13.697518,16.546246,0.4928821036911011,174.8735757998409,282.8058998734236
28551250,-12.504937,22.745062,8.422559103691102,97.39891044107448,243.2690831126357
28593627,-5.862426,17.756252,8.860733103691102,56.62626436973579,199.2582769038212
28593627,-5.862426,17.756252,8.860733103691102,56.62626436973579,199.2582769038212
28551251,-20.286167,39.507278,9.791816103691101,119.76868441490362,234.65285405939812
28551251,-20.286167,39.507278,9.791816103691101,119.76868441490362,234.65285405939812
28590288,-7.538341,7.496813,5.180760103691101,56.29610972814408,336.6855112042215
28595906,-7.373242,8.52645,6.360481103691101,30.300352660287245,314.44056837722644
28572085,-7.489729,4.303308,0.9070151036911012,188.9845634316567,413.3365564202326
28551255,-33.986176,75.259834,6.479438103691101,149.7938637068765,222.63538627536883
28551255,-33.986176,75.259834,6.479438103691101,149.7938637068765,222.63538627536883
28586300,-9.522271,15.930473,7.818769103691101,73.78624380776327,254.8849256479616
28573638,-10.522716,16.419388,10.722976103691101,32.04724396049332,265.0797477551814
28586301,-12.16799,20.661217,8.026054103691102,95.39408435592188,250.73974290378752
28572670,0.192065,44.258583,12.905216103691101,92.78458917763628,118.08658345738384
28572671,0.783409,5.243798,0.1858501036911011,251.21183342619423,52.85917073602411
28571441,-4.182867,2.794557,0.6493401036911011,230.45287537392105,425.81380559106464
28585570,3.210836,21.983526,8.8845461036911,54.4266859334991,61.33573278108881
28574394,5.686609,29.279009,12.945929103691102,33.04274425087121,42.362137630250544
28577663,4.510957,19.500267,8.812737103691102,29.95528927838589,20.467926103970623
28574398,21.609085,92.158485,4.572379103691101,151.91049858080797,62.23132168183531
28577664,6.149689,25.659279,10.934258103691102,36.56446566581539,23.53333637844389
28585571,6.146148,38.102097,13.494523103691101,65.82170765107412,63.66335540995024
28551271,-34.635391,72.049507,8.125461103691102,144.78461002220774,227.7263206799592
28577669,33.549919,103.576881,5.427352103691101,149.76996582116126,32.18606714193615
28551275,-15.644174,24.23904,12.8932451036911,60.85432391957153,261.79606694447835
28551279,-39.670464,86.446548,4.8389811036911015,155.3822502473304,223.74077257647332
28551279,-39.670464,86.446548,4.8389811036911015,155.3822502473304,223.74077257647332
28541249,-9.732803,8.827105,4.102397103691101,107.95705883151686,337.0520812517667
28586310,-11.962119,19.253006,9.5833961036911,70.62898034432527,258.15357662515623
28568450,-12.373365,12.787094,1.145913103691101,169.22963456176015,304.0893725960926
28593634,-8.726384,28.660833,9.091971103691101,100.42176016540036,194.35813269987324
28593635,-7.95144,30.697777,2.553991103691101,155.04678248385335,186.73851912564
28593635,-7.95144,30.697777,2.553991103691101,155.04678248385335,186.73851912564
28590299,-8.98572,9.870781,0.32943110369110107,185.9536336990427,298.4067784036514
28567685,-7.035965,7.848556,5.5194531036911005,46.02869556206002,319.8031604452624
28577688,47.384148,145.550827,2.940276103691101,157.75327943014508,34.81906840296469
28589561,-0.245901,56.05011,14.821084103691101,99.60223184273974,122.09052180595802
28570156,10.05901,44.266113,15.4298401036911,62.47874364280827,40.44732367428452
28573645,-11.807559,18.755655,5.535544103691101,119.09327086004132,256.9303988530048
28551307,-14.037036,24.841415,6.030486103691101,125.85440578391,244.49798707933968
28570157,12.350178,52.477993,16.556388103691102,72.63668875351732,41.018706576449006
28585593,1.484168,13.579272,6.4972261036911005,36.32599814893209,63.270208363210656
28586315,-14.501349,23.918512,8.807092103691101,99.07177719147596,252.92705077431663
28589565,0.535844,19.324232,2.083377103691101,153.95499423133057,115.60428731716674
28574413,2.363842,24.8724,11.334364103691101,37.86970402289697,77.76174492425127
28593640,-5.184091,13.594061,8.794604103691102,17.198960521793992,211.4054374527317
28551317,-24.353477,50.481976,0.30925310369110104,167.62254394952066,227.9306834941856
28551317,-24.353477,50.481976,0.30925310369110104,167.62254394952066,227.9306834941856
28589567,0.438333,42.700218,6.910540103691101,129.41753433235803,121.29342554161911
28574417,7.005893,68.811234,19.614694103691104,88.16661908367959,90.0687623995079
28568458,-12.767506,12.952344,0.5227471036911011,177.37535847497023,305.0172678546388
28568461,-12.205863,11.696835,2.169372103691101,154.4049264364173,316.7519511480624
28593641,-9.245218,25.31951,13.0804341036911,49.77865449486666,206.6889587496708
28582245,-5.05652,22.356173,10.7892861036911,52.711925681627406,173.9612154636531
28574420,10.095085,115.576271,32.1595211036911,89.12374375100165,95.78747780427668
28551324,-12.207421,19.417635,6.700638103691101,107.40414207347028,257.2757746575177
28551324,-12.207421,19.417635,6.700638103691101,107.40414207347028,257.2757746575177
28568463,-12.751207,12.315514,0.7420841036911011,174.99718481939826,311.9315877963361
28551326,-18.645191,36.239655,2.210012103691101,159.34952095668112,233.90435485682664
28551326,-18.645191,36.239655,2.210012103691101,159.34952095668112,233.90435485682664
28572688,-6.02349,36.296837,13.226047103691101,80.34288695341647,161.39570979991504
28583382,-6.887167,7.611128,1.5669681036911012,163.0040374463111,305.9819794555006
28525253,-15.310687,19.254194,0.04018710369110101,177.3614655484703,277.0802892157739
28525253,-15.310687,19.254194,0.04018710369110101,177.3614655484703,277.0802892157739
28551350,-19.038681,35.439629,1.462029103691101,163.44180464451475,237.53775763872304
28591135,-4.084924,3.388213,-0.13180289630889885,261.77623829206874,364.4493872900324
28589577,1.708372,45.5261,0.29573310369110106,168.14428843897204,119.7542205375542
28567709,-7.499597,4.773707,0.510583103691101,200.1701618608892,389.6201427069199
28567711,-7.591998,4.803992,0.623205103691101,196.15377836994975,391.1593404469247
28585615,1.597283,15.929233,6.685152103691101,56.917235310311725,73.62526357487465
28572692,-7.04837,34.884224,13.1060631036911,79.04968912477943,170.08009513851812
28572692,-7.04837,34.884224,13.1060631036911,79.04968912477943,170.08009513851812
28586327,-9.351089,14.758919,7.686095103691101,68.74992843750539,262.2875273357378
28569443,-1.337474,2.839722,-0.014826896308898885,334.3140613329823,251.995868061867
28574436,-0.14052,21.47958,10.122829103691101,41.81895988235894,110.77511635433892
28574437,-0.386904,21.962233,10.3681801036911,42.12572728260656,114.45774066938672
28562302,-0.118537,69.497993,3.682955103691101,154.22384257906486,128.94750955530068
28577711,1.680194,9.475933,4.960108103691101,17.857509295723275,18.310654524268244
28585620,3.053056,26.3972,9.191528103691102,74.03053850991756,77.80668579762352
28590316,-12.680372,12.842033,0.21953410369110116,181.458878585323,304.7595667632893
28577712,11.818256,49.880283,15.703600103691102,73.07884304729498,40.207750038015945
28568466,-12.49435,11.643422,1.7245941036911012,161.2275775699829,319.2879347657348
28577717,4.106452,20.072477,9.0881861036911,31.79283996153765,32.51570787674123
28589582,-0.342578,14.847977,3.8018161036911007,118.8655885784767,122.86706201644309
28577718,4.179325,20.270905,8.851007103691101,38.07494499443533,33.51467862094262
28574442,0.565503,4.168063,0.035599103691100975,298.1734136864064,46.96002313476282
28593656,-4.479898,15.787002,2.0283481036911013,155.18317721217892,191.75298637794208
28593656,-4.479898,15.787002,2.0283481036911013,155.18317721217892,191.75298637794208
28585621,16.001917,79.434738,0.42055810369110114,164.60524047863282,74.84581478516517
28586332,-13.321803,20.869085,8.9084021036911,87.78109137067989,259.6938669430792
28568468,-8.186587,6.99608,4.748562103691101,68.81802961603063,359.862926856128
28577724,30.995516,101.564758,-0.1823588963088989,165.1617736662495,42.69132020654612
28577725,1.18504,5.159097,0.757035103691101,220.40516650175596,1.6420101741256303
28569451,-12.225926,11.631977,2.167045103691101,154.41830961735604,317.7453292952829
28577729,1.021509,7.037987,3.8891781036911013,17.252773829034965,16.665411634289086
28570166,4.893481,24.132092,10.754169103691101,32.71459966919946,36.47242230951002
28568469,-12.754015,11.822685,1.2396341036911012,168.33166922167783,318.5962586210496
28587335,-7.343628,5.696784,0.46614510369110107,197.06527596687025,355.25784224185486
28577732,6.56542,31.296452,10.3698161036911,72.5558344545947,46.08823954145947
28587336,-6.110852,4.95199,0.519942103691101,202.0365201504147,355.04963278152786
28579071,-10.724718,7.407611,1.260694103691101,170.63515776429864,366.9850050121025
28593664,-4.782041,12.653255,6.589388103691101,58.17686760529148,211.0607936547551
28586339,-11.102913,16.117527,10.6689791036911,32.83410654089556,274.0038732410971
28569455,-12.881017,11.938452,1.814818103691101,160.00507456767843,319.7812198674659
28577738,4.127513,21.893232,9.519732103691101,39.37378543776245,42.08656310717828
28543196,-5.097673,89.348068,1.4792071036911012,161.98692029164084,143.7319718140574
28583399,-10.173074,10.33135,2.069147103691101,154.4212375065113,311.4804607055577
28572715,-12.316824,30.671793,11.833345103691101,85.62725834368453,214.4125874292916
28572715,-12.316824,30.671793,11.833345103691101,85.62725834368453,214.4125874292916
28589597,-0.094943,14.671645,1.943710103691101,154.0318540068215,122.71629612061004
28577741,15.317638,54.393616,0.7022351036911011,164.80692088693144,47.62196782621308
28590324,-9.651323,8.699971,5.687984103691101,66.58548913564653,345.3829939530544
28543199,-10.303499,107.273582,8.3971921036911,147.22351896035212,151.48613880535044
28593667,-14.976867,46.886791,5.833613103691101,142.84223788217204,198.50201527609337
28593667,-14.976867,46.886791,5.833613103691101,142.84223788217204,198.50201527609337
28579077,-8.505402,6.134906,0.07157210369110101,203.4432798468735,360.255109138192
28583404,-7.413953,8.963386,4.975833103691101,78.16099213046977,301.34361358582026
28593668,-5.301728,17.785189,2.136054103691101,154.7916153601502,194.769690551653
28593668,-5.301728,17.785189,2.136054103691101,154.7916153601502,194.769690551653
28591150,-3.855709,3.178572,-0.052318896308898966,266.02302075758564,370.61216807000665
28572717,-0.059842,2.759722,-0.002595896308899004,412.7888719745722,89.60903219750625
28572717,-0.059842,2.759722,-0.002595896308899004,412.7888719745722,89.60903219750625
28570174,10.385654,47.92606,15.3723861036911,72.45948120454904,47.13302075349085
28585636,1.267382,16.541838,7.808459103691101,38.30142688734944,79.38978229928045
28577747,3.924523,21.885117,9.893735103691101,33.355239175398225,44.33633871588361
28577748,8.924181,44.835606,15.647879103691102,64.09043364672829,51.15985740499343
28585638,1.458931,17.506838,7.294813103691101,57.60566453265324,81.21477624114527
28577750,27.245897,103.238388,4.979796103691101,151.5584842796199,52.985887809475855
28574450,-1.375937,31.036791,8.666165103691101,101.16628663628944,131.3760669813177
28569459,-9.940954,8.809671,2.886759103691101,135.95844351997772,335.4547895908572
28579081,-6.94455,5.24729,0.067626103691101,212.3950392071205,358.9103797332517
28574453,-1.667767,89.437164,4.345175103691101,154.27125313938342,133.57170193186855
28577754,1.095912,8.143066,4.385298103691101,20.29053320104242,31.493536849016262
28573665,-7.792307,9.885117,7.633057103691101,14.650986566472056,299.76607258320263
28573665,-7.792307,9.885117,7.633057103691101,14.650986566472056,299.76607258320263
28562314,-7.203692,108.94323,10.380441103691101,142.7881709774685,144.00523828838445
28527729,-7.908824,7.527855,4.466804103691101,82.24180407604206,338.8396735507667
28574458,-6.332119,94.150658,11.012602103691101,137.99062665210096,143.63699686371825
28551419,-22.328602,35.521606,0.36219310369110114,169.3284490101776,251.475813685983
28551419,-22.328602,35.521606,0.36219310369110114,169.3284490101776,251.475813685983
28570178,9.560305,49.244564,16.0145301036911,72.08236226744481,55.22560517875328
28551420,-0.434402,2.859855,-0.003790896308898839,372.6103182869124,150.4947807084823
28573668,-8.014883,10.142096,6.502450103691101,51.27388562614536,295.8388561701472
28573668,-8.014883,10.142096,6.502450103691101,51.27388562614536,295.8388561701472
28583407,-6.765329,6.886546,0.5558871036911011,190.6821263103677,314.8263990564036
28589610,-0.938663,23.027134,5.179156103691101,120.07093244994242,131.2916686334239
28562315,0.963996,5.025128,0.763583103691101,220.7912572518896,18.45170555391107
28582272,-4.445094,18.313509,7.656642103691101,75.503883982037,179.00975144232083
28593678,-29.244959,90.120041,6.894132103691101,150.17278469798117,199.5540538260296
28566244,23.816332,111.998741,3.239258103691101,156.8948450730715,70.70921294670757
28583408,-2.828959,3.550006,0.4132061036911011,241.2688594795343,311.2509125877725
28582276,-10.71724,57.131027,0.7200311036911011,165.32696305398989,172.7265951824929
28527746,-8.109104,7.447097,4.6173021036911015,77.69140157957361,345.2305915501592
28570181,5.729884,38.970436,15.0877491036911,55.03499844126048,66.625443901473
28577763,2.671053,16.570005,7.684151103691101,34.07642969678125,46.69888886940561
28573670,-0.806033,2.564921,0.00020310369110099202,389.4077724353503,209.80470072948376
28573670,-0.806033,2.564921,0.00020310369110099202,389.4077724353503,209.80470072948376
28582281,-15.967179,79.042725,4.156814103691101,155.00521434348298,175.2744053070526
28593683,-22.945736,62.681194,15.248354103691101,115.0875695878178,207.00831794672385
28585652,0.926408,14.743999,7.057079103691101,38.81987184632053,82.63187928794702
28577770,43.149551,168.153183,2.651068103691101,158.97144022639355,58.26772871361541
28577771,1.037994,5.136555,0.7300421036911011,221.55055685225733,16.13947334625385
28569468,-9.894217,8.792875,1.303367103691101,168.79513532302462,329.3936588601857
28577775,8.951063,49.752842,17.3351591036911,64.8792024194534,58.7342399200715
28551446,-7.939697,9.456041,4.696466103691101,91.60899681981708,300.73540830893864
28589617,-0.533821,45.710854,2.927395103691101,154.2695806415062,130.54709417652546
28577777,20.762976,86.067696,4.460608103691101,151.54551867776289,59.75921536654022
28582290,-5.832861,20.541468,10.026451103691102,55.43425637921291,188.2291034788547
28582290,-5.832861,20.541468,10.026451103691102,55.43425637921291,188.2291034788547
28579100,-6.915905,5.061171,0.10311110369110099,212.7502730965129,364.76886017058285
28573678,-0.822152,2.388885,-0.0023488963088988957,417.2772910939733,222.12656651323653
28573678,-0.822152,2.388885,-0.0023488963088988957,417.2772910939733,222.12656651323653
28577782,1.184657,9.273075,4.883125103691101,22.71616164245782,41.23461828081608
28573682,-1.075417,2.500208,-0.01579189630889899,382.8986142511699,247.1185254080729
28573682,-1.075417,2.500208,-0.01579189630889899,382.8986142511699,247.1185254080729
28593694,-53.173195,149.786102,15.6899961036911,143.1290720268198,205.07580329033703
28568490,-2.960103,3.483597,0.7178521036911011,222.3315809980186,324.5725462939713
28591174,-5.960709,4.231555,0.9121321036911011,191.89771142826783,385.1160875546108
28572125,-6.161,3.226428,0.06826210369110108,237.6141285421741,434.0892251296383
28577786,2.94002,19.599579,9.003298103691101,34.45311578204027,54.13728968704294
28585666,9.444892,68.905197,8.402080103691102,134.73085915151924,87.7435528902136
28539290,-23.425024,76.19809,7.099432103691101,147.06956385122396,196.20369110619336
28539290,-23.425024,76.19809,7.099432103691101,147.06956385122396,196.20369110619336
28582295,-4.859723,15.932436,10.158285103691101,11.913245143578932,192.06191308820428
28531465,-32.608917,68.012024,7.715655103691101,144.8693831956089,227.5570060473203
28569477,-11.121868,8.713751,2.740279103691101,140.3423091858404,351.718611611774
28583421,-27.606066,24.624218,2.983804103691101,154.52796060707493,317.9120163874244
28577789,19.381115,78.643105,0.2880621036911011,164.99873723307144,60.93189810010443
28570190,4.610066,39.160835,13.8182861036911,68.71724959609011,79.12591370242788
28592944,26.215271,64.546463,1.9336421036911011,158.16566136296098,1.941591872428603
28573688,-0.935717,2.238755,-0.008722896308898997,437.3906319932625,250.18357217801608
28573689,-11.444027,11.049557,1.077416103691101,171.22037663546857,314.1598680485999
28570192,4.02155,39.657276,14.013034103691101,69.41800256433231,84.64769702941356
28582300,-11.290754,47.682209,4.912609103691101,146.6619244229072,181.89030824293027
28582300,-11.290754,47.682209,4.912609103691101,146.6619244229072,181.89030824293027
28585671,0.572398,11.327823,5.053088103691101,58.077611380476384,85.38542961368753
28591180,-9.920186,7.168847,6.355971103691101,28.69581034040368,393.9025101212957
28592950,5.207757,17.460413,5.766975103691101,75.76990934496948,1.3633527294933856
28577790,0.96436,5.095218,0.7646181036911011,219.33910327059743,21.03022490799464
28593701,-22.411667,56.16753,16.552221103691103,104.31373940871192,213.37981359126815
28592954,9.164512,25.424368,2.511817103691101,148.056375802496,5.542855768471867
28551488,-16.483961,21.959606,0.4340471036911011,172.51306999358724,270.6502374064979
28551490,-10.604624,10.526582,6.450387103691101,68.020680680022,326.777441570094
28585672,5.62412,62.633366,18.6878471036911,85.01694186454341,92.92679323128728
28590343,-9.063413,8.418129,4.171778103691101,102.01323502242508,335.90006898940334
28551498,-9.364424,9.133653,5.990950103691101,61.326351068078566,333.3849768288295
28593707,-1.889769,5.179853,3.241978103691101,51.00576570532411,213.02042177823688
28585674,4.483702,31.394129,1.912082103691101,157.87688109734245,86.5024302704295
28585675,2.777356,38.031273,13.5477651036911,70.4055873996272,93.63628387910812
28570195,1.364227,21.716625,10.0654621036911,39.0531193595711,87.69697404977387
28593709,-2.720925,8.076858,2.547209103691101,129.3827760715101,203.68853786137396
28570196,3.249506,39.873852,14.0619201036911,70.7514419330567,91.2711800916758
28582311,-5.977643,19.883902,9.4287931036911,60.91219079754808,192.3786331992085
28591191,-5.027484,3.536511,0.237682103691101,232.70144276752288,389.6447367338328
28590352,-4.483221,5.210034,0.01445210369110117,223.1627007530092,302.95043086173763
28570197,4.513831,48.795967,14.784004103691101,84.80024825678498,91.13016645761816
28593710,-18.150822,49.330738,6.202573103691101,142.76976031502767,207.8143393282855
28593710,-18.150822,49.330738,6.202573103691101,142.76976031502767,207.8143393282855
28570199,3.918514,48.555809,14.6663281036911,85.6753413668753,94.89432779450829
28590355,-14.348726,13.08556,1.3429981036911012,166.54642793803737,319.4505602303293
28527796,-7.19023,6.051422,4.416886103691101,61.64965745754077,369.6424203594754
28562331,-6.607165,18.60483,12.4079681036911,4.913105886318647,204.2145714871673
28562331,-6.607165,18.60483,12.4079681036911,4.913105886318647,204.2145714871673
28589633,-0.698875,21.911943,2.183002103691101,154.20506682871795,132.82477873566336
28587356,-10.640078,8.354638,4.412471103691101,100.49635776426872,360.53760230230426
28570200,2.601977,39.86293,14.108688103691101,71.25189640974426,96.43698312607783
28531480,-23.277466,46.85223,0.668902103691101,166.52761178873675,230.418612202243
28570201,26.167774,156.453384,0.03337810369110117,163.5331324860411,86.22861022586102
28593716,-6.85163,15.558247,8.026668103691101,59.68827108109366,224.2280661829824
28593716,-6.85163,15.558247,8.026668103691101,59.68827108109366,224.2280661829824
28592963,22.648087,57.750896,0.4254361036911011,165.70309157471058,8.86946589612856
28585683,30.852907,258.600342,29.3692851036911,133.54743225855472,94.94141870361426
28539322,-42.460411,94.744003,11.745657103691101,141.21014350292876,221.99283115246885
28539322,-42.460411,94.744003,11.745657103691101,141.21014350292876,221.99283115246885
28570205,13.97945,120.550919,14.5472641036911,133.24449482707297,94.96494907191509
28593717,-16.980181,44.400475,7.126126103691101,136.01172272560433,210.5455747337394
28593717,-16.980181,44.400475,7.126126103691101,136.01172272560433,210.5455747337394
28589636,-1.354547,17.176468,5.257774103691101,102.68292281415386,138.07861132261672
28585686,0.526625,15.533299,7.4454711036911005,40.09823710274188,93.8261831512088
28589637,-0.67698,27.418571,1.1933991036911011,164.72507171206863,133.39866154254466
28551520,-8.048757,7.382787,5.617796103691101,43.091125417582845,351.74283006428186
28570207,2.341599,47.748524,14.3869741036911,87.45606389961307,104.65022883212926
28590362,-8.555619,7.866873,3.564755103691101,113.36349101941576,337.2284211632963
28579120,-6.443654,4.69224,0.1388511036911011,216.09446798933232,368.7098652954926
28585688,4.219033,57.515476,17.220159103691103,85.88181277683762,97.78483721748658
28570210,1.119835,38.179077,13.621946103691101,72.61860595827375,107.42392897273996
28586363,-12.510377,19.738285,4.299802103691101,135.08506473801114,256.4098943592307
28586363,-12.510377,19.738285,4.299802103691101,135.08506473801114,256.4098943592307
28562987,-2.33084,62.687183,11.982982103691102,120.19517982004592,133.60165245173326
28562988,3.203866,111.510651,9.784965103691102,143.41487549368182,120.3886997212231
28531488,-16.052452,31.695925,-0.09433689630889885,172.9309482194895,232.47457183867309
28585692,8.310109,59.250679,0.6435701036911011,164.99778413511729,91.98311249285686
28589646,-0.994542,20.906952,2.159037103691101,154.207550881387,136.667428849653
28570213,3.930752,75.205765,15.657096103691101,112.2896552988908,108.78493747941192
28570214,1.01318,48.050465,14.511192103691101,88.44302395876565,112.9818059279875
28551531,-7.541615,6.659538,5.570861103691101,28.08406063318705,364.344235465843
28570215,1.522457,58.402683,15.352310103691101,98.7131813547315,113.5835523567556
28551536,-7.007483,6.080473,5.4661221036911005,14.32934769947306,373.9021016067983
28551541,-11.165298,11.207351,4.204907103691101,118.48015571324107,316.7698568764974
28572751,-0.724979,3.254293,-0.011564896308899009,323.140113806664,177.83090650185142
28582327,-12.497471,49.295677,0.7479361036911011,165.78744377759534,186.23980137642715
28582327,-12.497471,49.295677,0.7479361036911011,165.78744377759534,186.23980137642715
28587371,-5.302807,4.181603,0.3900871036911011,216.047192451728,365.5707327753117
28585699,0.244106,12.761635,6.2710921036911005,40.31934707697195,96.05519504586822
28562336,-5.719851,19.081516,9.3978001036911,55.90063140992777,192.0281337438062
28585701,4.917592,78.51519,23.184450103691102,86.25962270876792,101.90354855018488
28583446,-2.455462,3.119364,0.8429911036911011,225.6004869947415,323.8285940061156
28570216,0.692301,48.11076,12.8371201036911,99.11544959627436,116.37847198731218
28562991,-4.138846,50.017612,13.2084651036911,103.06331072815938,143.00174314251865
28539342,-13.35162,25.420074,-0.12722589630889902,175.69136902170365,235.9836034716689
28583448,-10.227747,11.867406,8.275423103691102,37.6667426589182,306.6759680685813
28583448,-10.227747,11.867406,8.275423103691102,37.6667426589182,306.6759680685813
28592974,17.074455,47.040451,3.4146461036911013,148.22789113188054,12.811193296836706
28582331,-7.413593,21.934088,10.7678181036911,57.01129869392258,200.86407490225795
28586372,-14.247394,20.100937,8.9760051036911,86.0074888101021,271.8151284915842
28562340,-6.059523,18.975454,9.405206103691102,56.16991336745369,196.66121803148536
28589653,-1.018994,12.430502,3.3632931036911007,120.82193497605644,138.43782730960987
28531501,-10.891781,16.964733,6.863172103691101,95.82318490222625,261.06545694836274
28531501,-10.891781,16.964733,6.863172103691101,95.82318490222625,261.06545694836274
28551558,-11.255853,10.759178,3.9928111036911007,121.13279627318244,323.5603880286743
28589655,-1.883719,29.114223,3.931667103691101,141.4362158819631,141.07451552940478
28587379,-9.665884,7.872718,5.932825103691101,50.55496890326452,366.745601617483
28562993,4.888242,127.245399,8.565368103691101,148.04424568918557,118.68054116392548
28572766,-0.792938,3.090976,-0.005382896308898877,332.93071726567507,188.66584059981076
28572766,-0.792938,3.090976,-0.005382896308898877,332.93071726567507,188.66584059981076
28586376,-24.103201,37.476234,-0.20550789630889899,171.73883826297524,253.365179239332
28586377,-10.819509,14.320199,9.605080103691101,35.91636010561447,286.65622614603376
28590382,-4.306245,4.815262,0.017331103691101024,228.34581224819905,310.1318045760748
28585706,0.744652,5.193087,-0.05360189630889889,265.8335774687009,58.76357764950873
28562994,4.223443,72.614067,3.778938103691101,153.81211314715432,113.41369541798346
28562346,0.865561,5.022014,0.47766810369110113,239.6954601847513,34.273441482215816
28570220,-1.550953,38.358097,14.248634103691101,71.71654689313667,127.58022289645552
28531508,-20.337526,32.415695,3.634208103691101,150.86988041249032,252.55475950053005
28531508,-20.337526,32.415695,3.634208103691101,150.86988041249032,252.55475950053005
28562995,8.508986,86.042213,0.1621631036911011,165.2713864127912,104.644436309591
28551569,-9.830888,8.915523,4.266224103691101,104.80094171698684,337.35434778478174
28593726,-13.130158,30.860323,10.440124103691101,98.32967329370764,219.14362537699265
28551575,-9.788497,8.858311,4.0092741036911015,110.45614241719647,336.8446490047663
28531511,-13.673561,20.629875,5.298337103691101,126.72109260225494,261.3511904750123
28531511,-13.673561,20.629875,5.298337103691101,126.72109260225494,261.3511904750123
28589663,-2.403421,22.975513,6.705208103691101,103.13421008229356,146.54400604711407
28579141,-3.642222,3.151938,-0.021328896308898893,267.8784927680194,364.8645199345741
28551580,-13.508193,13.383532,2.224673103691101,154.85405721465384,310.63617232911065
28551583,-9.865315,8.901505,3.7832031036911014,116.0824912057797,336.1770558950893
28585710,2.067805,38.58234,11.381730103691101,90.68642527281084,102.89849024884828
28582346,-12.629453,34.438416,17.448848103691102,50.52174200828213,206.72877683388347
28570239,-5.911106,82.837143,13.4253311036911,127.26137186366108,143.3740437885435
28551592,-10.04461,9.174566,3.158713103691101,131.16615780320262,331.2533181648039
28592986,17.181026,56.666431,16.5078351036911,76.73660896269223,17.00432644689411
28585712,9.965085,90.301384,4.206067103691101,153.81421599553087,99.61375051140236
28577817,12.209032,77.662025,23.026760103691103,81.41142937616948,71.66169561663668
28575579,-7.303291,3.543994,0.06865810369110115,226.60665372608548,437.7193875532368
28586394,-11.26609,13.809662,10.8203541036911,9.12601133837464,300.0440116775404
28587384,-6.144896,4.434922,0.23748610369110112,216.04031024399532,373.3183744992451
28586396,-9.707294,13.63242,5.675504103691101,98.72560374615595,274.4321853990281
28566260,15.434386,122.879662,11.656899103691101,139.96394546134127,93.41502097294406
28589668,-1.616637,24.613098,2.270187103691101,154.45955769961813,142.1182558066609
28593728,-8.74753,20.398855,7.843952103691101,91.09419270782035,220.6791827417836
28586399,-10.658595,13.872551,8.008236103691102,61.46150520905215,286.8155859330968
28591238,-1.393033,1.974302,1.1694011036911012,265.5499458299398,408.153442209023
28563004,9.74158,125.712006,1.8125611036911011,160.87535402962828,110.31912758337266
28582359,-16.638689,48.557186,11.855666103691101,115.60002077794056,202.49550637902345
28591239,-2.927327,2.473419,0.5576481036911011,264.67175522196504,405.9991225162678
28582360,-57.26313,175.66214,17.921070103691104,143.1161780114973,199.60081809273305
28582360,-57.26313,175.66214,17.921070103691104,143.1161780114973,199.60081809273305
28570250,0.506704,3.934535,-0.010152896308898818,313.9874740754469,46.79959041292469
28579156,-7.607794,4.980956,0.665806103691101,193.8899119071904,385.1641810033856
28589675,-1.619601,10.326922,5.368619103691101,48.41589544132725,151.81096749079933
28589676,-1.310012,12.29901,3.322444103691101,121.89618699613816,145.3660529970998
28575583,-3.386796,2.307754,0.001327103691101117,306.62175120198333,430.3794083771507
28531533,-11.415634,15.710315,5.341448103691101,113.97884262631646,274.2416245500243
28531533,-11.415634,15.710315,5.341448103691101,113.97884262631646,274.2416245500243
28586406,-9.163619,12.497288,5.6520141036911005,92.51827918500004,279.3755920109435
28525471,-6.556331,4.806962,4.325100103691101,35.133571254707675,411.5886796619732
28574502,-19.629921,62.066978,20.1652161036911,93.88957925965008,196.5358512195873
28589679,-3.686812,19.061121,11.9207831036911,4.162550181368431,162.03323168057705
28589679,-3.686812,19.061121,11.9207831036911,4.162550181368431,162.03323168057705
28569511,-9.363379,5.16165,2.556585103691101,132.7582726574091,424.5536641518429
28577821,2.463384,20.430744,9.402560103691101,36.18098787078304,66.08113449144852
28586414,-12.826949,14.840533,11.3781351036911,16.517971405536912,306.45132706371
28589683,-1.942511,23.758554,1.8790771036911011,158.32700792507092,146.4032024014349
28582380,-45.170563,120.622887,27.967378103691104,115.85246315272136,208.432872486731
28586416,-8.729428,11.671206,5.575263103691101,88.2542322205243,283.01608875680927
28527905,-6.482475,4.731156,4.327053103691101,32.098732446836095,414.2878002785185
28572787,-7.613909,9.684621,7.144095103691101,24.951560689759678,298.6976033596134
28572787,-7.613909,9.684621,7.144095103691101,24.951560689759678,298.6976033596134
28551623,-10.755497,8.472111,4.449622103691101,100.63327515468536,359.65160340776515
28572789,-7.553778,9.624851,6.775450103691101,34.637309902687946,297.562065405893
28572789,-7.553778,9.624851,6.775450103691101,34.637309902687946,297.562065405893
28574505,-6.59714,18.121889,11.9472331036911,8.473320253485298,206.4569264214044
28574505,-6.59714,18.121889,11.9472331036911,8.473320253485298,206.4569264214044
28568535,-5.930634,4.16784,0.0991961036911011,224.8574970607509,378.5953239174619
28582385,-6.672668,15.701805,10.6414651036911,9.021757900280903,221.2112644643219
28570258,-8.523735,37.852112,12.032300103691101,95.24694520387791,176.53453735523064
28570258,-8.523735,37.852112,12.032300103691101,95.24694520387791,176.53453735523064
28537296,-17.652866,76.197273,0.48030510369110113,165.27855273835098,181.94185171995747
28574507,-6.462792,16.358564,11.0430861036911,6.903958383003271,214.08729537153695
28574507,-6.462792,16.358564,11.0430861036911,6.903958383003271,214.08729537153695
28586424,-10.993505,13.735644,7.636700103691101,68.3624235507045,291.4860472304624
28570261,0.345374,3.507759,-0.029144896308898938,343.0410320274376,52.17916033746511
28591262,-1.603434,2.042008,1.2415591036911011,234.05794152009264,418.5299700010087
28566268,14.253675,107.276497,4.713234103691101,153.6675232397505,93.57994262521876
28591263,-3.710712,2.574967,-0.11126589630889883,293.3742073764321,411.8547808850001
28574512,-0.142765,2.675172,-0.02018489630889886,423.2415879389672,103.50416362044736
28589693,-4.771083,44.33709,5.385327103691101,141.38513560363623,152.63705941442356
28563011,-3.685819,66.130722,12.527168103691102,120.83054654967088,138.49795958974823
28593002,6.47958,20.239153,2.2979131036911014,148.41239178631844,17.095336429828848
28577827,17.792402,90.731682,4.380244103691101,152.67254326740513,74.32882008255271
28572791,-7.805403,10.044099,5.361475103691101,78.74950911058005,290.9611325704553
28586428,-8.479382,11.093075,5.573302103691101,83.87184289325523,286.82921173635896
28530080,-1.06284,2.284529,-0.00956289630889895,417.1169739670896,263.2858546452396
28530080,-1.06284,2.284529,-0.00956289630889895,417.1169739670896,263.2858546452396
28589699,-1.790486,17.676064,2.054886103691101,154.5417000335912,149.57400986961852
28572792,-17.791128,22.840357,1.974827103691101,160.02468833608242,275.4538283748613
28572792,-17.791128,22.840357,1.974827103691101,160.02468833608242,275.4538283748613
28566274,4.621196,85.491982,13.3867421036911,125.94937016898798,110.61671392852683
28551653,-10.195525,7.668315,4.115952103691101,102.47221370831508,369.06255024180587
28573752,-10.038374,5.195278,3.2538651036911013,111.48800145917382,439.9310444711694
28586433,-17.023024,22.132784,4.296114103691101,140.0438339497352,276.03385343005164
28586433,-17.023024,22.132784,4.296114103691101,140.0438339497352,276.03385343005164
28582396,-55.423584,147.753586,19.4577371036911,137.63734435372544,208.7353457165884
28553466,-12.153941,16.735575,7.6300351036911005,86.67875528493343,275.91042624810075
28551661,-10.875301,8.529886,3.1881751036911012,130.05017514364852,354.18585878881265
28579177,-3.682863,3.030921,0.007417103691101046,269.4785504075195,375.33376100296607
28590415,-10.74871,40.976521,9.321394103691102,118.82675348088937,185.95908244547147
28553473,-19.871443,29.346828,4.1091241036911015,146.71161066867677,260.7015992503961
28553473,-19.871443,29.346828,4.1091241036911015,146.71161066867677,260.7015992503961
28531563,-12.786345,15.771869,4.003613103691101,133.5067496789527,285.081271791793
28531563,-12.786345,15.771869,4.003613103691101,133.5067496789527,285.081271791793
28531564,-8.169343,9.606986,4.957000103691101,86.95090774872958,302.6640522326353
28574523,-41.430569,86.209259,15.117163103691102,131.16415690088832,227.81318853836905
28590419,-2.872192,16.761164,8.6542271036911,41.640032428399024,158.10739028293284
28590419,-2.872192,16.761164,8.6542271036911,41.640032428399024,158.10739028293284
28577845,2.690645,24.504715,9.812254103691101,57.04867095536207,75.95138364237019
28577846,6.834448,55.193916,18.144489103691104,74.23583301332911,79.87989682170863
28586441,-12.919333,14.453857,10.3961101036911,31.278618520469134,309.77618382215
28577848,7.458416,52.927158,11.5866381036911,108.20268303151744,80.57039362703102
28565741,-7.990805,5.214421,0.2829201036911011,203.57653618193737,380.557293313942
28590424,-19.585249,63.579319,0.5285581036911011,165.79820717879818,196.88194872654915
28590424,-19.585249,63.579319,0.5285581036911011,165.79820717879818,196.88194872654915
28563016,-2.785466,67.269943,10.778099103691101,128.03385164611788,135.71504906880006
28527965,-7.999146,5.075544,4.5757011036911015,44.50101875595169,429.464131670004
28525530,-7.92624,5.259424,4.495770103691101,51.03151679530396,418.04783944794406
28582417,-6.989114,16.685297,6.589269103691101,90.85286322870392,219.20407416108245
28583489,-4.591071,4.907214,2.283411103691101,128.50087166574716,331.54986663554047
28570281,-7.565077,18.340845,9.234179103691101,59.52084208945277,217.68957718477043
28570281,-7.565077,18.340845,9.234179103691101,59.52084208945277,217.68957718477043
28577855,21.117956,119.22039,5.0293341036911015,153.427622095321,80.8535988827617
28579195,-3.64792,2.961114,0.007766103691100978,272.25489812750266,379.1600857568504
28579196,-8.166447,4.893456,0.028197103691101066,212.5769524084562,392.53013198107067
28570284,-0.136933,3.542126,-0.010292896308898847,321.2175164503728,113.44946546666756
28577858,3.061983,30.301918,13.0780801036911,44.42799020540869,78.58151155522813
28586446,-12.27629,15.349702,5.531796103691101,111.57708106840325,285.91738997117426
28586446,-12.27629,15.349702,5.531796103691101,111.57708106840325,285.91738997117426
28565744,-7.567038,4.967512,0.801566103691101,189.648495127234,386.1040049021064
28590427,-24.750393,81.7108,7.534020103691101,146.9682687558995,195.31602280122672
28572801,-7.225597,8.245607,6.428654103691101,22.104971647942364,318.27227355300124
28574534,-15.148555,28.315765,10.6190491036911,93.68098722913057,240.0119730630501
28583491,-3.147399,3.439902,0.7925721036911011,216.86275965597392,336.86634388655364
28586450,-7.590353,9.430634,5.419841103691101,70.99451516277057,297.4968429886143
28590429,-22.329948,74.734108,10.7569331036911,135.8421395714372,194.16603160850408
28591277,-4.9568,2.973394,-0.24455889630889893,268.22322124915394,416.5559593408638
28583494,-3.876327,3.798881,0.010901103691101088,247.55330354037253,336.898328096946
28577869,2.816211,24.143108,5.979158103691101,107.9170462427732,82.91416586777265
28591281,-3.675014,2.510583,-0.11047889630889896,296.9864801487769,416.7528696194567
28537388,-19.291773,30.895058,5.130027103691101,140.59694192663392,252.7964521235236
28551710,-3.094704,3.195422,0.5974781036911011,235.25894966089905,348.09194446251126
28577873,3.128506,31.974525,11.483967103691102,69.41491348773022,84.44640030981338
28565748,-5.847507,3.880847,0.09302610369110109,229.0174706745008,390.15221988283366
28537396,-0.863849,2.746064,-0.01343189630889885,363.9509339380549,208.5234699494969
28537396,-0.863849,2.746064,-0.01343189630889885,363.9509339380549,208.5234699494969
28577880,17.298563,123.881165,14.0594471036911,134.68857278168602,88.38039933023092
28577882,1.458789,19.440777,9.041596103691102,38.79966651954851,82.21142202597181
28572806,-10.826257,11.539923,5.412921103691101,96.561722513956,311.3686298132885
28590433,-2.833696,13.544692,6.849031103691101,51.186669550585975,168.41005616488775
28590433,-2.833696,13.544692,6.849031103691101,51.186669550585975,168.41005616488775
28547320,-6.001719,90.011307,2.8243141036911013,158.57255581599088,145.63416075696432
28565750,-7.677853,4.776169,0.3112661036911011,206.1015702876504,390.9338587813092
28570300,-15.489156,28.580462,11.797351103691101,84.72467750772054,241.55572179322408
28585736,1.078838,40.492794,13.468112103691102,79.95054424377892,109.53176504368317
28579221,-3.613187,2.821993,0.0010181036911010022,278.12972747501175,388.6550457527894
28577886,17.101927,170.47142,49.1205341036911,84.70773376043485,91.70627026339515
28586461,-10.328298,13.00342,3.7638601036911012,129.52559177420284,285.0223877569594
28586461,-10.328298,13.00342,3.7638601036911012,129.52559177420284,285.0223877569594
28565751,-5.918591,3.827278,0.05695410369110099,230.771722799381,394.0760762937567
28577888,15.961184,103.27198,1.792113103691101,160.49642241432647,88.56869009555092
28591289,-17.183331,6.702617,-2.946203896308899,237.4858683185448,422.7983423683445
28582435,-6.327592,13.576269,7.146819103691101,60.20579068693664,230.32853128158985
28582435,-6.327592,13.576269,7.146819103691101,60.20579068693664,230.32853128158985
28577891,6.006426,63.086132,18.009891103691103,88.72795316296234,91.91724228003494
28586464,-9.789167,11.79801,5.4288351036911004,94.87968373777096,295.2396692836321
28586464,-9.789167,11.79801,5.4288351036911004,94.87968373777096,295.2396692836321
28566282,6.756381,119.200943,10.107857103691101,143.6154912144353,113.11361717188036
28572810,-13.026141,13.438404,2.076921103691101,156.6867189173285,305.37308165918364
28585739,-0.117654,14.739213,7.181152103691101,41.428788583538704,107.54538642358824
28593743,-23.225149,54.364803,9.1284931036911,133.843385311789,218.67361210708228
28593743,-23.225149,54.364803,9.1284931036911,133.843385311789,218.67361210708228
28591290,-5.201428,2.981431,-0.2964978963088989,267.7015642831937,421.62589611485214
28577895,2.079649,28.200478,11.195673103691101,59.204907002650685,89.66595395001269
28593020,22.425537,64.75872,0.3547371036911011,165.48445978592392,26.47402868782152
28531601,-9.292227,9.787754,4.681125103691101,98.42569309916652,315.61530761896927
28593744,-13.984859,33.459175,5.573443103691101,137.3015021515779,217.46359444080412
28593744,-13.984859,33.459175,5.573443103691101,137.3015021515779,217.46359444080412
28593025,1.189091,5.170376,0.755510103691101,220.32353240981385,1.7590813411930242
28574566,-9.018578,13.551365,10.379746103691101,2.787353360971707,273.4317106953942
28574566,-9.018578,13.551365,10.379746103691101,2.787353360971707,273.4317106953942
28574568,-0.449008,2.442852,-0.005067896308898812,440.7340549858952,159.5024862701809
28574568,-0.449008,2.442852,-0.005067896308898812,440.7340549858952,159.5024862701809
28587430,-10.293055,7.510003,6.508709103691101,31.839013007229,389.8393287353712
28577903,0.988032,17.867376,8.425345103691102,39.13657237716174,88.09918014150563
28577904,3.408442,46.150639,16.1900141036911,70.826228364365,94.3705736732964
28586470,-11.438333,14.21414,2.887419103691101,145.38078082447174,284.00789717032154
28586470,-11.438333,14.21414,2.887419103691101,145.38078082447174,284.00789717032154
28577905,4.811285,59.079685,17.664157103691103,85.49915020771718,95.36425778369158
28590437,-5.368081,24.266741,11.181579103691101,58.265378817085946,173.12785935203758
28590437,-5.368081,24.266741,11.181579103691101,58.265378817085946,173.12785935203758
28586471,-11.174809,13.974998,2.605881103691101,148.93772647471692,283.09113273080766
28586471,-11.174809,13.974998,2.605881103691101,148.93772647471692,283.09113273080766
28577907,21.236746,169.676193,11.9306401036911,145.63434010633858,95.01483735872856
28583510,-14.13748,12.075816,5.094003103691101,111.21162305633614,338.4237557011204
28577908,16.765413,117.559128,-0.019219896308898976,164.50381003910496,92.9924787513594
28586472,-9.347838,11.054763,5.382809103691101,90.50921208922136,299.1208619068608
28586472,-9.347838,11.054763,5.382809103691101,90.50921208922136,299.1208619068608
28590438,-15.457421,52.173107,11.487476103691101,119.84013444482052,193.16135278172789
28574573,-11.666632,16.765402,8.194057103691101,77.66071872393974,271.5675605661307
28574573,-11.666632,16.765402,8.194057103691101,77.66071872393974,271.5675605661307
28563025,6.114667,94.34314,0.29214510369110114,164.6481749252732,113.83411741627104
28590439,-9.284837,29.204451,3.213952103691101,150.0197243421283,198.52321914974635
28582450,-11.544888,24.671394,7.813632103691101,106.91919966154232,227.6554538929236
28566288,5.030768,124.438667,5.438241103691101,153.93132632240398,118.98376599703111
28574579,-15.249861,19.246962,9.4102891036911,79.62785701622968,285.9596202166061
28593749,-5.74407,12.623,5.668107103691101,82.75575174979247,227.9865259190008
28593750,-8.142143,18.275442,6.107489103691101,105.8395394043349,224.1878485265917
28577915,13.376768,105.203835,4.684867103691101,153.62636089549864,95.15995791858134
28579237,-7.800798,4.418473,2.514558103691101,126.31036890032692,432.99896517416175
28551769,-6.733277,5.024391,0.3471501036911011,205.7730638122355,364.3009707109719
28551770,-6.737114,5.068405,0.24494710369110106,208.75016733188025,362.06446378123655
28572816,-1.837682,2.984759,-0.008902896308898844,308.0477351311412,282.8109473942867
28586479,-7.018071,8.342655,4.858684103691101,73.71007103585453,305.7149298047202
28574584,-7.372806,9.472841,6.090872103691101,51.51981102113302,294.9690629054995
28590441,-17.086668,53.989639,7.611518103691101,138.2761914430227,197.77575292590944
28590441,-17.086668,53.989639,7.611518103691101,138.2761914430227,197.77575292590944
28574586,-8.089903,9.976765,6.491465103691101,50.16446495468944,299.74296023577176
28590442,-13.175918,41.294479,5.2641731036911015,143.03926606989097,198.4674997133976
28566291,-1.865218,20.252899,9.695103103691102,46.21575203597979,136.86663049679237
28579242,-3.552741,2.69504,0.0015081036911011036,284.11541404546165,397.16452855975456
28590443,-6.482624,21.035891,4.658695103691101,128.16247280094615,196.04416769534853
28590443,-6.482624,21.035891,4.658695103691101,128.16247280094615,196.04416769534853
28570311,-18.669935,30.717649,10.598555103691101,102.17054930544704,252.12326775243935
28570311,-18.669935,30.717649,10.598555103691101,102.17054930544704,252.12326775243935
28579243,-3.417156,2.633352,-0.024419896308898847,291.03434994584967,396.6797032229797
28586488,-10.466502,11.76546,5.371812103691101,97.5408156162638,303.951753933241
28593754,-6.040736,13.371297,5.451598103691101,92.61282167773756,226.8523017664586
28577928,3.370287,51.568737,15.5377411036911,86.2576975041662,99.87598186992447
28586490,-6.452888,7.318441,5.155499103691101,46.65730492481896,319.2749874907776
28585745,9.472917,110.21402,4.931432103691101,153.7197160507161,106.69513192103652
28574591,-6.899215,7.698259,6.347449103691101,11.713569126694807,324.9277560637246
28574591,-6.899215,7.698259,6.347449103691101,11.713569126694807,324.9277560637246
28528060,-8.481782,5.749451,0.04538810369110102,206.11047766415209,370.3339601074084
28577934,1.10392,25.922245,11.430169103691101,46.88229437778256,97.20454545903566
28590445,-3.233633,14.37675,7.257398103691101,51.47010766952647,172.8039764388002
28590445,-3.233633,14.37675,7.257398103691101,51.47010766952647,172.8039764388002
28574592,-0.910532,2.385423,-0.00651489630889901,411.1476759110896,234.72116980521832
28574592,-0.910532,2.385423,-0.00651489630889901,411.1476759110896,234.72116980521832
28563027,-4.111274,72.279381,11.598289103691101,127.94620999928992,139.69957309209963
28570316,-16.138454,24.81864,12.6620031036911,66.3232102067733,262.1959490459085
28593756,-9.617263,20.670336,7.363605103691101,99.292222831857,227.7571732229095
28591307,-3.392224,2.335118,-0.08233489630889901,310.829188032856,424.94615858335686
28572823,-4.395884,4.70566,0.030351103691101056,228.7359325318617,316.5342132332228
28577939,0.643996,18.923939,8.921798103691101,40.12083824860412,96.16695530011292
28577941,2.89901,38.369827,7.278134103691101,121.14005177416288,101.20309383408312
28547385,-24.838982,67.621063,14.239624103691101,122.3308600076328,207.31014425557365
28572825,-9.544965,8.108554,0.009510103691101168,195.7556955452168,332.19592387721286
28582464,-10.900617,21.256868,10.908328103691101,60.44482720448693,237.81219726468777
28582464,-10.900617,21.256868,10.908328103691101,60.44482720448693,237.81219726468777
28547390,-15.569513,37.049297,12.3189081036911,98.20040527103876,217.87267235880967
28593036,3.737799,13.749786,1.985155103691101,149.75035475991615,26.469996400324877
28563700,3.106409,79.655754,12.831558103691101,125.353576390326,114.52600636829013
28577944,1.641087,36.02692,12.877341103691101,71.96245248440957,102.13209989694418
28563701,11.024361,95.9664,4.453750103691101,153.57959602737543,98.4317395024799
28577945,9.644178,94.324135,4.409968103691101,153.65436125472536,101.9340634016646
28572827,-1.156744,2.13526,-0.006805896308898829,437.8263136243045,291.6608678623733
28572827,-1.156744,2.13526,-0.006805896308898829,437.8263136243045,291.6608678623733
28551799,-7.584346,4.868241,1.216016103691101,176.11207365063012,394.0287171425993
28547397,-24.731588,55.924232,10.0988961036911,131.18088910197787,221.3807826683685
28583519,-6.693296,7.094962,5.063511103691101,48.494314943153285,330.0497800478588
28586505,-6.284532,6.818027,5.209998103691101,34.11835097614946,329.9749618164527
28593760,-9.8243,19.208925,9.892696103691101,60.96144305027138,237.93572195386645
28590450,-4.600319,18.923738,8.902183103691101,59.38953805741136,178.3459572857342
28579263,-3.517817,2.580057,-0.00709089630889892,290.3012420648277,406.2676387444027
28576772,38.482067,100.263695,9.8846841036911,135.14281959034486,5.827565781772989
28551805,-7.247952,4.991324,0.21932510369110103,208.68313478736,374.4506604732461
28577949,2.766112,55.025898,16.509127103691103,86.97220398564929,104.69853633983551
28562411,-8.274572,10.111503,6.720737103691101,46.55893212203068,301.1539389776875
28562411,-8.274572,10.111503,6.720737103691101,46.55893212203068,301.1539389776875
28574610,-10.034942,8.81254,2.243450103691101,149.761684574151,334.23860351293627
28590451,-11.289258,35.687386,8.185422103691101,120.62322472805884,197.3737633079461
28582470,-18.242086,36.093536,12.078107103691101,100.45728987577316,233.8851410992893
28551812,-4.256772,2.837,1.451846103691101,171.94239668505713,444.4359286047373
28547406,-21.58777,42.519436,10.187797103691102,120.99281117356006,233.4904679188464
28590452,-7.429823,26.441378,9.873085103691102,85.4620339665156,188.6632166339566
28590453,-6.471181,18.977924,2.2173221036911013,154.6231348236331,203.49841148676475
28593761,-11.740018,23.070993,11.0786991036911,68.19896228552707,236.53311688775847
28593761,-11.740018,23.070993,11.0786991036911,68.19896228552707,236.53311688775847
28586517,-9.972275,10.627049,5.117673103691101,95.4913012938161,312.9169776614964
28593762,-16.088472,35.471504,7.809972103691101,125.52627799514238,224.0119651490175
28591318,-6.36629,3.311749,0.006253103691101103,237.5334258888989,432.1076842021503
28586521,-6.074216,6.360682,5.214507103691101,21.94764151091593,339.9197522924419
28590456,-5.895638,21.752939,9.0974641036911,74.60104320361228,185.8976688758891
28554915,0.576155,5.104041,-0.01991289630889881,264.40578722432394,69.8305539171671
28576779,31.217028,81.233559,4.856707103691101,148.01517425570077,8.566652585504443
28590457,-10.284814,30.490053,5.145829103691101,136.5707821465437,202.05587618459768
28590457,-10.284814,30.490053,5.145829103691101,136.5707821465437,202.05587618459768
28525669,-8.55943,5.762661,0.025631103691100998,206.3873629931647,371.04886671719765
28533243,-10.669751,19.389301,-0.03717589630889884,178.8691969868033,240.838366691598
28591319,-5.055067,2.836818,-0.18599489630889887,267.8654471078917,430.4552449723575
28591320,-3.608103,2.371506,-0.10483889630889887,305.02645140007564,428.8395514278801
28593040,46.706917,187.345825,68.1640261036911,50.611205705830656,35.35571376491262
28531655,-10.914741,8.594262,2.880719103691101,136.90215655580107,352.0748340002539
28577955,1.410982,38.471958,14.2283251036911,67.96372611476713,104.55757776416829
28563706,15.462996,122.178452,2.6088941036911013,159.0321839536245,96.56838343250332
28591324,-5.884766,3.167155,0.20920910369110102,234.14394417198983,434.23584174861367
28533253,-19.054211,28.202974,3.4629821036911013,150.41142550909495,260.37206538793924
28533253,-19.054211,28.202974,3.4629821036911013,150.41142550909495,260.37206538793924
28579276,-3.492746,2.507081,-0.001799896308898985,293.86630420705245,412.6356280168112
28590462,-10.769182,34.422798,10.603008103691101,101.45277958883894,196.14042013765865
28590462,-10.769182,34.422798,10.603008103691101,101.45277958883894,196.14042013765865
28576783,16.253786,49.216114,14.1732471036911,77.2175256632182,5.286979840110519
28577960,1.737833,31.336473,6.729226103691101,116.48337749248572,105.27939683168631
28577961,9.986197,98.876648,0.1846301036911011,164.6971741991577,104.24956377617272
28590463,-13.778887,42.555824,11.294483103691102,110.83158443225943,198.60757527882
28590463,-13.778887,42.555824,11.294483103691102,110.83158443225943,198.60757527882
28593046,3.027888,15.478664,7.2127601036911,30.99033738999435,30.443394743553966
28577964,11.702909,154.585129,14.328520103691101,140.6610621963531,107.82856353401272
28590464,-7.715941,22.877371,4.925888103691101,129.01372734945528,202.088759778977
28590464,-7.715941,22.877371,4.925888103691101,129.01372734945528,202.088759778977
28591327,-6.950078,3.808084,1.8258611036911012,152.12330008545922,441.8660104871574
28591328,-5.012846,3.054022,1.1664301036911011,189.05135204634544,439.5457039078311
28576788,58.035847,165.633514,28.906200103691102,110.34944657015086,12.91805044735645
28566322,0.447744,3.794893,-0.014486896308898878,322.1458372005304,49.11093565515904
28576790,46.917145,121.788422,3.641146103691101,155.13594479810754,12.18278161118721
28590466,-4.562124,22.682524,13.437078103691102,14.986061798687388,165.23905406451516
28533266,-7.947187,10.075156,8.0544531036911,6.2568637917675005,300.38083942349624
28563710,12.163824,159.850037,12.8850321036911,143.6938185049081,108.24054054201189
28576791,43.302338,109.391777,-0.474217896308899,165.403534358866,11.01721181288147
28533269,-7.843312,9.938656,7.4474661036911005,21.330523565704908,299.1285140279865
28533269,-7.843312,9.938656,7.4474661036911005,21.330523565704908,299.1285140279865
28586548,-10.164678,10.684003,1.496877103691101,164.5188594281114,305.2542595034212
28577967,0.678446,5.055087,-0.0022298963088989154,266.2360631922543,60.39569431374954
28589742,-7.615261,56.047287,3.338763103691101,154.74626109065025,160.6594326373713
28593050,5.724445,20.558193,2.246153103691101,149.90815596917489,33.869201789110974
28590471,-7.568476,26.665836,11.316522103691101,71.35155226023511,188.7971791373289
28590471,-7.568476,26.665836,11.316522103691101,71.35155226023511,188.7971791373289
28533272,-8.021182,9.883316,6.243672103691101,55.42785455661479,299.457445988631
28533272,-8.021182,9.883316,6.243672103691101,55.42785455661479,299.457445988631
28577970,4.028799,96.639145,24.809932103691104,97.8562118126126,110.11150694832962
28586553,-12.722724,12.793442,1.6745321036911012,161.99768693593006,308.38942080556643
28574638,-3.155366,3.16073,0.5412551036911011,239.25315134066045,352.5066349684066
28590472,-6.567086,21.220736,7.582894103691101,93.3840186012221,195.3376237605739
28591332,-13.270444,5.597245,0.8881251036911011,180.41394694008585,440.88579822949737
28576795,56.597027,146.030014,1.270030103691101,160.68176758825294,13.600968728138897
28554938,-10.881815,16.956591,6.401676103691101,102.16461584178522,260.6246417949974
28554938,-10.881815,16.956591,6.401676103691101,102.16461584178522,260.6246417949974
28589743,-1.035848,7.869987,1.6415091036911011,157.93958947741703,151.5167928563592
28577972,7.271826,99.095924,8.448119103691102,143.89370652268389,108.35982686105112
28579296,-3.279476,2.348501,-0.01194089630889894,307.9825058652221,420.66413582957466
28579299,-4.669719,2.975037,1.3719541036911012,176.84377201600034,441.5126319220213
28576798,10.524648,33.845913,10.1665651036911,76.8803653406151,8.988487230103573
28577976,0.135207,17.494595,8.3363841036911,41.43440452566864,104.27727564438028
28561595,0.780846,87.694931,0.36089610369110103,164.80222555812676,128.060014947336
28561596,1.595762,45.435425,-0.11610889630889898,170.33618769501618,120.69592713227942
28577977,2.089682,65.781425,19.481502103691103,88.0865258826012,110.7466488517002
28575655,-2.958427,3.400736,0.9483861036911011,208.17785726602864,332.59001086192
28593771,-11.409376,24.637014,6.5939881036911006,118.34925112735336,226.5657275681503
28593771,-11.409376,24.637014,6.5939881036911006,118.34925112735336,226.5657275681503
28576799,40.263515,107.979652,4.235728103691101,152.95469376579354,15.646741704851223
28576803,46.113052,123.711937,3.152415103691101,156.4584154800458,17.236513386750573
28563041,-4.158876,19.663631,9.5769501036911,51.83951164968673,169.96333750988674
28563041,-4.158876,19.663631,9.5769501036911,51.83951164968673,169.96333750988674
28566335,0.301156,3.336797,-0.010267896308898905,356.36050748552293,50.95305226098961
28551882,-4.266419,2.904851,0.02790410369110119,264.37975002492453,405.9604310616673
28545610,-5.383723,83.483612,2.751995103691101,158.496138433503,145.03264989749638
28582495,-23.267746,43.041283,12.7618201036911,109.03058261862836,239.5455312085803
28590476,-6.330335,25.154161,12.851553103691101,44.47667063397216,180.00842706171113
28565782,-3.427529,2.370577,-0.005474896308898858,302.5674638493111,424.5533028477712
28590477,-13.6798,39.4865,8.900404103691102,121.43196460579362,203.44964547297968
28577982,7.349344,99.086456,4.538718103691101,153.91251752908212,109.73847058392134
28565784,-10.34341,7.416917,6.2620691036911005,38.711048109060926,391.58835428376665
28561600,-8.551247,31.31156,12.187423103691101,79.27776715553321,186.66393497142457
28561600,-8.551247,31.31156,12.187423103691101,79.27776715553321,186.66393497142457
28590478,-8.720933,28.039131,10.439561103691101,86.40070798262823,195.39024543698375
28593053,1.0532,5.095887,0.7836641036911011,218.67635108949816,11.746390397661372
28583530,-6.118114,6.709177,5.081230103691101,35.88313243232898,328.6370999443116
28590480,-9.47481,25.416708,2.389717103691101,155.5113223365861,209.38828591093807
28590480,-9.47481,25.416708,2.389717103691101,155.5113223365861,209.38828591093807
28591338,-5.208365,2.940413,0.516424103691101,227.270887524178,440.4090316375417
28574652,-3.697328,3.06302,0.0074381036911010945,268.2606748508028,373.5811330766352
28533311,-9.752022,8.746122,3.5498771036911014,120.57572617656832,336.6705532533262
28590482,-4.68456,20.7955,12.1922891036911,19.85814362891591,171.82793178867442
28590482,-4.68456,20.7955,12.1922891036911,19.85814362891591,171.82793178867442
28593775,-27.210539,58.647701,9.571649103691101,134.9938406870128,225.159410314342
28593775,-27.210539,58.647701,9.571649103691101,134.9938406870128,225.159410314342
28579312,-3.403297,2.349575,0.0006721036911010447,303.88030745380723,426.1330897822167
28579313,-3.260001,2.296356,-0.011991896308898964,311.6319345183256,425.985580341562
28577984,0.159694,20.196796,8.2602981036911,63.17689917084829,108.67243843033656
28577985,0.562845,36.630646,13.095604103691102,73.45147840751687,111.52713138831376
28577986,7.781755,102.772514,2.2421291036911013,159.7261456993119,110.3110383421112
28545617,-9.268302,105.41629,4.9258241036911015,154.57927330660945,150.30743168259653
28591340,-5.515374,2.865976,-0.30403289630889896,267.5037476227563,437.6600263863047
28582506,-20.013403,38.914085,2.1482071036911012,159.9226948800498,233.7308222396425
28582506,-20.013403,38.914085,2.1482071036911012,159.9226948800498,233.7308222396425
28561606,-10.676968,90.0905,9.6569401036911,141.20926777773508,155.98789723510703
28545624,-9.745896,68.486069,5.535443103691101,148.8072396403015,161.80759138332456
28554962,-9.780916,11.029848,4.668777103691101,106.19727984574034,303.4643255137857
28575663,-7.393423,9.491475,6.088384103691101,51.92855705411506,295.0025626487533
28545625,-10.567441,90.080742,0.2877771036911011,165.10880853567372,157.82547594986983
28590483,-4.282434,15.742186,7.887142103691101,54.228523769607705,185.18803901689765
28590483,-4.282434,15.742186,7.887142103691101,54.228523769607705,185.18803901689765
28579316,-4.499647,2.69511,0.01942910369110118,268.127634883328,430.58222843142914
28582509,-11.952219,21.504719,7.970069103691101,98.1391694341268,244.5422468701223
28577992,-0.054515,17.755356,8.475579103691102,41.76794733498673,108.00704494756305
28590484,-12.654979,44.551563,19.9594891036911,61.1335799029728,188.51282621372155
28590485,-24.342089,65.502441,9.162744103691102,138.27168448298855,208.3227199341056
28570352,-7.869645,9.932719,5.013234103691101,86.80401778518177,292.8168907730185
28579318,-9.330561,4.08392,-0.0710108963088989,218.00732550462843,441.4693271463709
28554970,-0.49193,2.666804,-0.017735896308898935,397.207099729413,161.98989286177743
28533330,-10.805868,8.51837,4.415845103691101,101.85356527997428,359.14328418041475
28593057,4.868062,22.264158,7.5442401036911,73.40369550676141,38.51699597036088
28533331,-11.029152,8.670636,4.185532103691101,108.6250362203985,357.7031900934106
28593058,1.248608,5.381913,0.3765381036911011,241.30543917266252,13.275961799155567
28593781,-26.38731,53.876038,12.9863661036911,119.00624511380391,230.06405871321175
28582511,-18.559002,36.615604,-0.31975389630889883,172.7211672962734,232.27857150797468
28582511,-18.559002,36.615604,-0.31975389630889883,172.7211672962734,232.27857150797468
28554975,-3.413203,4.804824,0.011950103691101166,233.68447299984268,282.033498074098
28590488,-9.653318,25.160826,1.7540871036911012,160.863047586749,211.49535530404464
28575667,-3.096712,3.202069,0.6094731036911011,234.26957329175156,347.89580179900497
28582515,-14.615487,24.504295,12.808753103691101,60.7645976631222,253.01553760750627
28582516,-14.535748,25.215359,10.5049341036911,86.1366828740544,248.12662738759892
28590492,-10.847707,30.302975,7.610530103691101,117.76184852481494,205.87438809184096
28590492,-10.847707,30.302975,7.610530103691101,117.76184852481494,205.87438809184096
28577993,0.577449,3.342848,-0.020284896308898848,370.86148716889903,6.0240948696108205
28590493,-3.86124,13.575802,6.898819103691101,55.17450306563242,188.27741817697648
28590493,-3.86124,13.575802,6.898819103691101,55.17450306563242,188.27741817697648
28593062,5.749727,21.113323,1.796080103691101,156.75283062860314,38.47029454022149
28593782,-24.337296,47.361061,15.4883571036911,100.84484878790072,234.93534446789445
28563725,-1.834652,51.187588,13.5372501036911,101.22184699534012,130.59834055475915
28533348,-3.082586,3.211963,0.6877491036911011,228.84762023432685,347.7264524198009
28589754,-3.815124,16.202557,8.055515103691102,52.7212687202026,175.86025543875334
28589754,-3.815124,16.202557,8.055515103691102,52.7212687202026,175.86025543875334
28590495,-20.697968,54.231205,8.472539103691101,135.75577659202838,210.27338982154023
28590495,-20.697968,54.231205,8.472539103691101,135.75577659202838,210.27338982154023
28577997,0.658398,43.838367,13.3294401036911,88.67654381815865,114.44950753832588
28582520,-13.324306,23.624182,7.4571111036911,110.13537316805602,245.1453688742161
28577999,6.00596,96.998154,4.522734103691101,153.8751620708498,112.97786780386046
28590496,-12.618706,32.771282,4.3361221036911015,144.58825096220414,211.35332697203444
28590496,-12.618706,32.771282,4.3361221036911015,144.58825096220414,211.35332697203444
28563729,0.629709,73.804962,12.3287201036911,124.7632142371323,122.5070618616105
28556456,-25.450092,51.655151,11.379907103691101,123.81674908880004,230.52604853411063
28556456,-25.450092,51.655151,11.379907103691101,123.81674908880004,230.52604853411063
28554983,-11.030912,8.678065,1.557755103691101,163.94832065172608,346.55500207479315
28574671,-3.57302,2.76666,0.005991103691101118,280.6048928233421,391.8048678919988
28572194,-12.861391,16.437689,10.513803103691101,44.09097013103107,289.0608188880988
28563730,9.459999,110.713188,4.893005103691101,153.84639901745513,106.8600177317561
28593783,-13.048974,26.582808,7.888374103691101,111.44665302672053,231.6491678268843
28590502,-7.986592,22.697132,7.421747103691101,101.93046892666628,204.65553933365027
28591358,-5.021892,2.853289,0.6918971036911011,220.05775751718795,446.6723932506936
28593784,-8.73042,16.561611,8.096229103691101,70.59954935721822,241.41512589830396
28562437,-0.703849,3.422347,-0.014157896308898854,312.5490901655909,172.58126756170512
28562437,-0.703849,3.422347,-0.014157896308898854,312.5490901655909,172.58126756170512
28593785,-14.978946,28.389139,11.5898361036911,85.36071197834957,238.93175894217444
28575671,-11.960687,9.280335,3.723808103691101,122.91484296689993,354.9803923581378
28576818,31.591806,98.504936,8.027880103691102,141.52044617223245,30.87705917645613
28574679,-3.524165,2.677271,0.014080103691101131,284.57420712555864,397.8890930640506
28582524,-25.279743,44.361076,9.3464791036911,128.05302141016043,243.73712120358505
28582524,-25.279743,44.361076,9.3464791036911,128.05302141016043,243.73712120358505
28590508,-29.086105,83.063629,29.1747931036911,87.43438951566833,203.3354719495797
28556459,-19.016087,34.667507,9.969911103691102,112.63770018193264,241.2327034268232
28585772,-0.288092,21.694143,8.195933103691102,73.80053425159048,117.1962413075902
28593790,-8.755006,16.029184,8.682490103691102,57.72094280822296,245.7941875964281
28517889,-7.857381,5.092033,3.6615191036911012,84.43555056997977,414.9512343325532
28590512,-4.395544,14.182677,7.196054103691101,56.221510360674245,194.61802625422783
28590512,-4.395544,14.182677,7.196054103691101,56.221510360674245,194.61802625422783
28583546,-7.740633,6.055243,0.4096611036911011,196.37709769379327,351.8089945607061
28563055,-4.714027,19.444935,9.4946381036911,53.516873953051885,177.9196249705991
28563055,-4.714027,19.444935,9.4946381036911,53.516873953051885,177.9196249705991
28590514,-6.403987,20.921095,10.8138901036911,47.88667119063683,193.26699912014183
28578004,7.38862,107.212776,-0.08166989630889887,165.09623586160765,113.03025572513998
28574690,-6.067889,3.583372,1.039671103691101,189.80386925881504,424.8720727075943
28582529,-21.334099,36.871185,8.462598103691102,125.43555494839168,245.67132282172307
28585773,-0.187884,52.919506,17.299709103691104,81.50421985717608,119.35329546216894
28572873,-9.661419,4.97475,3.3470201036911007,105.08848831380313,445.4320532849296
28578007,-0.134195,22.272148,9.031523103691102,63.94153956673108,113.86425217914048
28593797,-12.829183,20.868017,13.7296441036911,26.72627163686306,258.93795448445576
28587468,-3.361982,2.555298,-0.009997896308898913,294.8823119346147,402.1637188237728
28581627,51.885826,124.342308,2.200824103691101,158.4292107499266,1.2060870818970957
28593798,-9.823522,21.559387,1.296174103691101,165.13288224045056,224.8551414953668
28590520,-7.266788,18.407703,4.723438103691101,123.40841244800656,213.9963280299802
28593071,18.697901,62.39756,0.48653310369110103,165.17264306509745,42.4251122016949
28585780,0.158765,42.086887,11.3813131036911,99.37166798351264,118.96166727711562
28578011,31.027044,754.733398,63.3768671036911,141.57252559212102,117.99904270543722
28593076,3.106179,13.108766,1.952207103691101,150.33547757852142,38.9079504125329
28578013,-0.175733,46.452465,15.366990103691101,81.07433165975831,118.99047237045114
28572202,-10.170879,12.188292,9.6292441036911,10.0288498240256,304.85178936297746
28572202,-10.170879,12.188292,9.6292441036911,10.0288498240256,304.85178936297746
28574705,-3.442077,2.458277,0.009864103691101134,296.57419427754564,415.94885506042
28582542,-10.459433,15.659891,11.905387103691101,3.3105107293826848,272.47597003919645
28582542,-10.459433,15.659891,11.905387103691101,3.3105107293826848,272.47597003919645
28563742,-2.556781,20.249531,9.717922103691102,48.18655703313348,146.81558731968371
28563742,-2.556781,20.249531,9.717922103691102,48.18655703313348,146.81558731968371
28583551,-6.227911,6.662721,5.252235103691101,28.591639698638147,333.7687959990453
28572203,-7.922133,8.815807,6.733974103691101,26.83384118903308,319.7405677044801
28590523,-17.802841,45.791962,13.746149103691101,103.7541951921704,211.52601126113245
28590523,-17.802841,45.791962,13.746149103691101,103.7541951921704,211.52601126113245
28582545,-10.514847,16.572264,9.0339481036911,60.85792049586351,262.0555349959492
28533385,-7.639557,4.834239,0.9447591036911012,185.34818626449348,393.8168969280505
28585786,-0.585749,14.023832,6.924768103691101,42.56246982925242,118.20170648235148
28582552,-9.562745,15.075583,7.984354103691101,66.17341266384503,262.40978069142966
28582552,-9.562745,15.075583,7.984354103691101,66.17341266384503,262.40978069142966
28593800,-16.580416,31.291588,10.0023991036911,105.69088698720545,238.44015716163477
28590529,-14.285852,37.671814,13.710052103691101,88.87278441196213,209.66567326261207
28593801,-13.086779,25.71496,6.767560103691101,119.88390109146704,234.79624160951644
28574721,-7.437802,3.566401,0.05010810369110108,226.3883845964987,438.6330025243957
28593085,2.548499,15.579137,7.283361103691101,33.31149012532143,44.273415292670165
28582554,-17.896196,27.724997,11.529302103691101,87.90438512951081,259.6068292394596
28578021,-0.468408,43.8307,15.569977103691102,74.29371585373971,119.8973772496455
28578022,0.139189,63.176167,16.492137103691103,99.72228912567292,120.57107721995511
28572899,-4.347227,2.75202,0.4024061036911011,245.61509317363863,429.3931272615674
28586608,-8.504158,7.921073,3.6774111036911012,110.46504295639365,335.71791351137813
28590531,-21.22418,51.33876,12.2184011036911,118.32325297223646,216.20948444705144
28590532,-21.758772,50.891502,8.636889103691102,133.81263157527292,218.79108836554744
28590532,-21.758772,50.891502,8.636889103691102,133.81263157527292,218.79108836554744
28583557,-6.701015,5.322803,0.4043491036911011,202.1696981621261,354.06237813278307
28574725,-2.813122,2.099825,0.0032591036911011617,339.50271009067063,431.83818213114336
28590534,-4.938809,15.188272,8.080827103691101,48.44461390089688,198.05717040244215
28590534,-4.938809,15.188272,8.080827103691101,48.44461390089688,198.05717040244215
28563067,-10.856908,60.24427,13.7798001036911,114.23906185965582,167.72342784096168
28586612,-9.929411,8.888678,4.214244103691101,106.15902332992329,339.02317281085527
28570368,-14.604592,16.283171,4.802213103691101,126.07493812288104,297.6757139748857
28586615,-9.095675,7.71063,5.594809103691101,55.45144198060561,360.27001066035376
28578034,3.198435,122.379189,9.9735631036911,144.74113160682964,121.36331713119864
28572210,-3.451932,2.510206,0.021494103691101163,293.010477384516,411.2336799643084
28579367,-19.963036,31.274818,9.8116001036911,109.7729953453802,256.7077541130658
28581642,5.237714,18.054077,5.968025103691101,75.53015914987799,5.719722356476723
28578036,0.06115,51.864109,10.2081001036911,118.78513136505708,122.89519552808628
28561681,0.081474,4.125817,-0.024275896308898925,293.56527216621265,97.25611369907348
28576833,1.16252,5.10952,0.766683103691101,220.5184446236377,1.5322993080772278
28581643,46.741673,121.203346,6.465229103691101,148.2109849714679,9.891054080185882
28578038,4.327433,94.895554,-2.0512938963088994,170.52207785211374,119.71510325192736
28582564,-11.698259,17.941206,9.110321103691101,70.26713615573388,264.05066373691216
28593091,0.896693,4.926996,0.757112103691101,222.71991612557923,21.69021080921289
28589768,-2.346918,10.555017,4.550192103691101,81.71062829037325,172.97298509708827
28578043,-0.733281,16.981754,8.1975701036911,43.55934700794609,120.62611327152484
28545700,-19.09281,32.96397,4.060065103691101,148.1946916411378,245.0521224598531
28545700,-19.09281,32.96397,4.060065103691101,148.1946916411378,245.0521224598531
28576836,1.025773,6.661365,3.716430103691101,15.556912729443525,7.4197171122910675
28576838,38.737255,153.158936,18.357082103691102,130.11145146110795,52.43702930366425
28561696,-7.282739,8.223292,6.132772103691101,32.47604087710852,318.5706527311281
28561696,-7.282739,8.223292,6.132772103691101,32.47604087710852,318.5706527311281
28535456,-10.756387,16.600918,5.979475103691101,106.66186359159192,261.53181835762507
28535456,-10.756387,16.600918,5.979475103691101,106.66186359159192,261.53181835762507
28581652,26.958603,68.830429,0.24507110369110108,165.54955216200875,10.254207149891386
28590544,-9.014585,25.207579,11.782613103691101,63.43833825771378,205.2098379565384
28590544,-9.014585,25.207579,11.782613103691101,63.43833825771378,205.2098379565384
28593093,0.798495,6.85495,3.405685103691101,49.46365704426617,36.88855653045135
28582569,-13.336062,20.891027,7.202839103691101,106.81072770561984,258.549438259329
28582569,-13.336062,20.891027,7.202839103691101,106.81072770561984,258.549438259329
28535460,-11.084805,15.552559,6.875096103691101,90.53281139926446,273.99112515878574
28585799,4.713723,115.502243,5.083686103691101,154.07512327955862,118.81397020441332
28582572,-25.652405,42.424721,-0.15423389630889894,170.53668264258357,247.42023030611384
28593094,1.070172,7.44286,2.897012103691101,90.9953987487531,38.98234780139501
28579379,-29.753088,38.646,4.018522103691101,151.95797150507985,272.753276624552
28590550,-12.331524,28.858593,7.807797103691101,115.23164037497337,219.5214748146162
28590550,-12.331524,28.858593,7.807797103691101,115.23164037497337,219.5214748146162
28563750,-3.086769,49.394764,13.118671103691101,102.03884301526512,137.64449457088028
28590551,-26.520658,56.148796,0.777871103691101,165.52406729429083,226.18032250546756
28590551,-26.520658,56.148796,0.777871103691101,165.52406729429083,226.18032250546756
28589781,-4.34986,16.331577,8.1174751036911,54.57503752075195,183.8016319423091
28589781,-4.34986,16.331577,8.1174751036911,54.57503752075195,183.8016319423091
28518001,-6.250115,4.737415,0.06798610369110114,218.79898577332557,362.2847646575788
28563751,3.220833,109.183182,9.8550641036911,142.8370414841641,120.0791192065994
28558088,-21.384996,36.145565,4.064045103691101,149.6642515886249,246.74381128568103
28562460,-13.656563,13.75431,1.695257103691101,161.87177710345034,307.3000146164848
28545722,-13.104064,15.96901,2.620366103691101,150.93788853232468,284.5944801696576
28578057,-1.211048,22.732069,10.7631471036911,43.91919836043368,125.79327749046912
28561715,-9.605447,8.428703,5.483271103691101,69.32219851455304,349.7789651953168
28518010,-8.95621,5.870335,-0.06050489630889899,207.16549271115923,373.5266748026305
28579388,-18.689363,24.540867,3.8107951036911007,146.27504629078211,273.85391678508444
28593811,-17.00676,29.032866,14.170478103691101,67.74132606471355,250.1275493577801
28578059,-1.640917,56.773968,14.9768741036911,100.5893390442871,128.89653399743742
28579390,-10.822769,16.290043,5.622427103691101,110.79933565897764,264.1380153203733
28558096,0.275922,3.158066,0.0015201036911010046,374.9581906053589,46.125066590935575
28563077,-12.476644,61.541954,13.981205103691101,115.09902308719346,172.88613488646487
28590556,-9.244165,25.869375,13.308172103691101,49.76987309333688,204.929823091638
28579392,-20.158775,24.298733,-0.782112896308899,180.02063376957545,279.9924549182712
28578064,-1.268564,59.265129,11.400803103691102,119.78010745081356,129.34141202987155
28563080,-7.155308,18.389549,12.3526721036911,6.4056690262603695,212.36775798650208
28563080,-7.155308,18.389549,12.3526721036911,6.4056690262603695,212.36775798650208
28578067,-1.495577,23.95911,10.8486821036911,50.99385442029276,129.58737845510456
28590557,-24.549255,56.900944,16.7772691036911,105.12160216493416,219.5546670816615
28578069,-2.612634,202.834885,19.264274103691104,140.76759050603624,131.1924735483896
28578070,-1.023615,129.560623,9.3185261036911,147.32489011234532,130.43925576244214
28583583,-3.597679,3.217771,0.02218410369110102,264.06406248835094,359.4264381941387
28558113,-0.253301,2.632364,0.0035631036911010217,419.4083376435148,122.6143378661852
28558113,-0.253301,2.632364,0.0035631036911010217,419.4083376435148,122.6143378661852
28558115,-1.143054,3.197599,-0.013266896308898879,314.35020405983323,218.2413801821804
28578074,-2.062494,76.803261,11.853781103691102,128.66362823752542,132.29476976768433
28585810,-0.072078,41.966923,8.506222103691101,118.73560193543848,123.04903366813204
28583589,-5.740798,5.929414,5.068186103691101,14.237456339794164,346.3560603755841
28578075,-1.65418,23.054443,10.9190601036911,45.0549948533849,131.4695595587666
28589798,-5.231934,17.936411,8.868297103691102,55.62076660463876,190.0947019159692
28589798,-5.231934,17.936411,8.868297103691102,55.62076660463876,190.0947019159692
28590561,-5.971595,14.538928,5.4786141036911005,97.7003018265032,217.91667179675213
28593817,-11.972795,21.630087,8.072251103691102,97.3867311994882,244.13961496234293
28582597,-11.731467,17.342415,7.161341103691101,94.62599325158382,266.82401367745507
28582597,-11.731467,17.342415,7.161341103691101,94.62599325158382,266.82401367745507
28563757,-4.117053,21.316685,13.207244103691101,5.274949363015878,162.3009384656146
28563757,-4.117053,21.316685,13.207244103691101,5.274949363015878,162.3009384656146
28590562,-16.455408,36.310928,7.928037103691101,125.74886233764344,223.90535426171533
28590562,-16.455408,36.310928,7.928037103691101,125.74886233764344,223.90535426171533
28593104,2.376267,16.033489,7.521983103691101,33.6011789884374,51.057859538010064
28582598,-10.406534,15.649675,6.175714103691101,100.07396352662629,265.2687745259952
28582598,-10.406534,15.649675,6.175714103691101,100.07396352662629,265.2687745259952
28563758,-2.915483,19.724831,9.5214901036911,49.03465636905676,152.77531428051725
28563758,-2.915483,19.724831,9.5214901036911,49.03465636905676,152.77531428051725
28545743,-10.941577,8.62532,4.027874103691101,111.7907980360282,356.8213596396416
28543765,-1.73227,92.730103,0.27826510369110113,164.88532845516266,134.93500499734404
28535500,-9.950703,9.146809,3.470388103691101,124.19335195711204,331.62405969201507
28589805,-8.515291,36.697342,4.746891103691101,142.56672305766492,180.5472361190231
28589805,-8.515291,36.697342,4.746891103691101,142.56672305766492,180.5472361190231
28543771,-3.442059,87.414955,0.3347301036911011,164.96286772314443,139.8531769585651
28578083,-1.827972,44.490429,8.831128103691102,120.42323847348716,133.90171449459203
28525926,-1.738573,2.064302,-0.014303896308898834,402.8395639012834,364.3760473855256
28593821,-13.372663,23.257318,9.7561951036911,86.16454702068282,248.17234600962135
28576873,3.92487,55.979321,16.101985103691103,89.77858487511054,99.2928808207143
28582608,-9.926056,13.603844,9.146192103691101,34.54117991646919,282.80927033102125
28582608,-9.926056,13.603844,9.146192103691101,34.54117991646919,282.80927033102125
28579409,-9.784331,14.219717,5.463304103691101,104.7539502592724,269.59393985729537
28566381,-16.691753,24.8585,1.8464101036911011,160.96768015302678,259.54664659735624
28581681,24.590578,69.383629,0.21300510369110115,165.69898364314184,24.034769951019054
28579411,-13.459565,16.764906,3.112543103691101,145.86315849965115,282.20296190447505
28543792,0.430139,3.819774,-0.014058896308899005,319.77114193580576,52.21707114345128
28593111,85.291687,452.138672,164.4957211036911,54.08717150940615,58.52277046925741
28583607,-5.842021,5.853876,5.234290103691101,4.728361899302286,353.5097509892744
28590569,-15.425398,35.877258,13.056190103691101,91.02176773222058,219.8371550649181
28570398,-7.604836,6.500324,4.523188103691101,66.90744711931413,363.0542289906976
28541851,-6.795152,96.085037,4.577217103691101,154.57120456595214,146.22464420072183
28585816,-0.23471,97.936646,16.0686111036911,124.70061234803882,125.8234304330371
28541852,-5.944531,102.795792,-0.005928896308898812,165.2724591822773,144.4093168254199
28583612,-7.231369,6.264525,4.587829103691101,58.30342702416215,364.2026011481339
28579417,-8.687723,12.436132,4.766559103691101,107.81888986819098,272.41323262074985
28590572,-6.171495,14.424215,5.440143103691101,98.34450421121896,221.51486640039596
28585817,1.000314,46.605175,2.915094103691101,154.2555539460824,122.03586104332204
28541866,-7.003631,87.14785,2.143081103691101,160.31872945199217,148.9723471254954
28593120,2.311301,15.349301,5.768916103691101,70.5427953793453,57.03031211322721
28582631,-11.044267,14.316572,9.216455103691102,44.04069912374993,288.6234796864833
28543801,-15.565899,90.11219,0.16205410369110118,165.49045093630917,169.8569229680101
28543801,-15.565899,90.11219,0.16205410369110118,165.49045093630917,169.8569229680101
28593825,-24.884056,47.964314,2.361669103691101,159.67521798663174,234.1583303567696
28593825,-24.884056,47.964314,2.361669103691101,159.67521798663174,234.1583303567696
28581692,36.621269,136.03389,39.971006103691096,74.5952062935634,33.126544301285776
28579425,-13.365212,19.321341,8.190887103691102,91.16342024937032,268.8839474063433
28579425,-13.365212,19.321341,8.190887103691102,91.16342024937032,268.8839474063433
28559574,-0.11374,2.760977,0.005492103691101091,407.4716902314283,99.2715285753897
28569686,-6.785412,4.755281,0.09073410369110113,215.971370885666,372.9587998205019
28579427,-9.702633,13.788496,5.638674103691101,99.99793483440048,272.8314556454878
28579428,-11.744323,14.5357,3.225158103691101,141.28828623055858,284.66709965027854
28581693,43.073391,130.025589,6.514415103691101,149.54632887722508,30.270235801291363
28579430,-4.813617,6.049816,0.03146210369110114,213.9455338386486,289.93382954854934
28543812,0.325627,2.944308,0.001271103691101061,410.6662682543208,23.29579639570593
28541887,-10.329696,56.866699,10.648727103691101,124.91151611856448,168.73082187240013
28541887,-10.329696,56.866699,10.648727103691101,124.91151611856448,168.73082187240013
28578098,-2.484361,52.43372,8.655475103691101,128.268443829653,136.80287592248777
28541892,-12.599862,55.19915,12.5927811036911,116.03530551536691,178.54221077911464
28590580,-10.933755,25.798233,10.616285103691101,81.37011235459761,219.2021725915188
28590581,-5.751742,17.027952,10.8009241036911,15.11551956698878,200.2822970432842
28582641,-8.986262,11.222031,8.717912103691102,12.362036664648969,300.0422818477996
28582641,-8.986262,11.222031,8.717912103691102,12.362036664648969,300.0422818477996
28578105,-1.965196,20.16324,9.633807103691101,46.95287832058233,138.4748363194533
28579439,-8.274013,11.181627,4.408465103691101,108.67938705721508,280.39728502304047
28579439,-8.274013,11.181627,4.408465103691101,108.67938705721508,280.39728502304047
28590582,-5.487716,15.574001,9.4223491036911,26.89155031303318,204.16900662808013
28582644,-8.976305,12.144775,5.587470103691101,91.40152696522912,280.77720780075094
28563779,-11.158464,70.154945,21.7801281036911,91.50093557125624,161.26172992788864
28563779,-11.158464,70.154945,21.7801281036911,91.50093557125624,161.26172992788864
28590583,-6.538171,16.612894,8.443849103691102,58.39074405800227,213.81814081125736
28590583,-6.538171,16.612894,8.443849103691102,58.39074405800227,213.81814081125736
28590584,-28.443279,63.361023,22.2343041036911,91.89636175221936,222.85562294121812
28569695,-2.047974,1.941761,-0.006294896308898901,399.2620787602039,410.8306109776199
28593132,9.747365,41.99696,0.9130831036911011,164.7911802374484,62.202737029941545
28581698,1.292269,7.632194,4.146789103691101,15.825048063999958,9.461934899712332
28579442,-4.667908,5.689044,0.030157103691101028,217.37770582105912,294.96821853244893
28579445,-8.78368,11.855324,5.063226103691101,99.7739082998352,280.6151424409041
28586684,-7.45894,5.66477,4.9494621036911015,33.855502756124764,395.619510033289
28582648,-8.176731,11.24271,4.756881103691101,101.46038255152068,278.8920169533303
28563108,0.615554,3.896023,-0.007053896308898855,319.6787683114751,31.486748070956622
28568747,-17.341753,8.824799,6.963246103691101,69.5737871199764,431.9391505288472
28579449,-6.491173,8.675168,3.599507103691101,110.8705957599948,285.50615924693835
28578114,-2.58959,25.976078,11.736213103691101,52.98352408452689,140.8021382460282
28585829,-0.962186,29.362597,8.257759103691102,100.73317778737892,127.92233852044131
28579454,-8.737835,11.556454,5.129382103691101,96.82257904979366,283.68473361891404
28543834,-28.345716,61.925011,9.993692103691101,135.04395666180636,224.01651674021804
28543834,-28.345716,61.925011,9.993692103691101,135.04395666180636,224.01651674021804
28590590,-26.298262,55.382732,16.131607103691103,107.23539010899567,227.57819038468983
28590590,-26.298262,55.382732,16.131607103691103,107.23539010899567,227.57819038468983
28567186,33.535542,113.770859,3.217623103691101,156.48959179457626,44.28150627104012
28578117,-4.878176,62.131813,16.1259311036911,103.01348190678009,142.27890288602998
28581703,10.961879,46.768898,19.304761103691103,37.73617132093585,32.40947493359394
28567189,6.977686,41.998161,14.7636541036911,65.73195690484158,62.6444250970246
28583644,-6.203107,4.325579,0.8873281036911012,191.89573802727887,385.9956362297098
28590592,-10.673158,21.080498,1.856999103691101,159.87873977292625,233.845239257486
28590593,-5.563922,14.084068,7.598002103691101,51.686718528586994,214.6250800144815
28590593,-5.563922,14.084068,7.598002103691101,51.686718528586994,214.6250800144815
28589832,-108.301048,410.613434,24.889307103691102,150.45229260972724,187.79194660701936
28589832,-108.301048,410.613434,24.889307103691102,150.45229260972724,187.79194660701936
28578118,-5.416662,117.613571,7.454787103691101,150.0158185690354,140.04176766600116
28579460,-7.916618,10.278185,4.480574103691101,101.78815755191472,287.15339882468515
28579460,-7.916618,10.278185,4.480574103691101,101.78815755191472,287.15339882468515
28567192,30.559082,99.685638,-0.033155896308898924,164.83847410407378,42.07943983787516
28587501,-4.624859,3.060365,0.6719361036911011,220.5243655170275,417.49736451999627
28563787,-4.324268,19.141787,9.3608491036911,52.44885571828661,173.65630238655922
28563787,-4.324268,19.141787,9.3608491036911,52.44885571828661,173.65630238655922
28567194,30.368279,118.483521,10.017000103691101,140.95438022665786,53.31079225015637
28593139,1.538588,14.159409,6.760089103691101,36.008903887865785,64.34356989036218
28590596,-6.468263,15.752515,8.064637103691101,59.01679807035387,217.73578133718377
28590596,-6.468263,15.752515,8.064637103691101,59.01679807035387,217.73578133718377
28576902,-8.600614,51.383389,8.373858103691102,131.16531937058278,165.85783250291226
28590597,-11.853292,25.413296,8.830115103691101,99.15276552445944,227.4206668025677
28578124,-2.793983,67.290489,0.636266103691101,164.8922682579473,140.00623633243598
28579469,-14.76483,16.289392,4.419878103691101,130.85315265309066,298.3899141171055
28589840,-4.450393,17.224176,2.0690401036911013,155.16336812659307,186.3062258979949
28593837,-15.207552,22.321079,14.5324631036911,32.36533704029327,270.40868106873046
28539811,-15.477979,107.733109,2.162539103691101,160.81397055216354,163.36456825787093
28579475,-14.66713,19.637827,10.6278031036911,65.15620928337594,279.873911560812
28578126,-24.312998,375.680206,34.3615621036911,141.5444718408467,144.13171815279674
28587509,-3.449268,2.463354,0.0035481036911011454,296.5922441222623,415.5409121931045
28581714,28.528624,90.441284,4.923977103691101,149.84742898890204,34.65867899880831
28582660,-7.394749,11.139374,-0.18864289630889886,193.31835176554068,261.5131436153618
28578127,-4.617765,84.521591,4.214507103691101,154.43343996786186,142.26626288130612
28585834,-0.985197,13.209967,6.574476103691101,44.79362770852981,128.3122867221628
28578128,0.322739,2.948021,-0.010225896308898808,410.95130202637193,24.72163623211847
28579477,-9.770374,10.286921,1.436428103691101,165.6254886210408,305.5150230259201
28567198,6.131493,41.098457,15.8144931036911,55.3614545579257,66.2975538128515
28581715,18.750681,58.476948,1.9614751036911011,158.33047101026676,32.9183206935345
28589842,-4.846621,13.91823,7.468298103691101,49.86000727161039,203.73774177818996
28563793,-9.158499,86.892883,8.861960103691102,142.4210334151326,153.0388005073308
28582663,-8.471595,11.176569,5.506982103691101,85.85009270668854,285.4765060083208
28582664,-17.418665,22.815683,4.307027103691101,140.66477854901328,274.9916968397896
28582664,-17.418665,22.815683,4.307027103691101,140.66477854901328,274.9916968397896
28582665,-11.260631,13.220362,10.0875711036911,17.88850396164716,305.71976061427125
28569708,-4.475557,2.701392,0.30614210369110106,251.3975297567872,435.8200405657018
28579480,-11.762118,11.654676,0.1694171036911012,184.02594899273555,308.30334926389344
28579481,-4.369051,4.965953,0.01424010369110107,226.36005154614116,307.09884912573654
28578133,-3.519527,30.122255,14.058338103691101,48.04469665799695,145.55708686675132
28578133,-3.519527,30.122255,14.058338103691101,48.04469665799695,145.55708686675132
28578136,-28.490946,394.827423,43.4335071036911,137.1337789433039,145.44667006254502
28578137,-26.241541,409.118317,27.3305281036911,147.3337534412098,144.6271592544872
28579483,-11.747882,12.113392,1.935393103691101,157.9347999017752,306.62594453073666
28563795,-14.523714,110.906616,13.035186103691101,138.24370880731652,158.7111718169452
28581718,13.935117,58.394215,20.163375103691102,61.30763779002214,37.805477273092265
28579487,-8.386821,10.557055,5.234730103691101,87.63275693613554,292.08997451635605
28582672,-8.416707,11.092949,4.994712103691101,96.272438843838,284.7149715754525
28590606,-6.802536,19.322699,12.8503241036911,4.951240719661911,203.4096609906504
28579489,-4.314887,4.832535,0.012812103691101084,228.2629780452181,309.79094231320755
28578139,-4.247532,48.898251,9.479577103691101,122.08073820016308,145.91269733699005
28578140,-5.684282,70.789688,10.432070103691101,131.79584995643543,145.83713258766682
28566432,-13.801298,13.903611,0.723920103691101,173.91620447244162,305.4683037427961
28582673,-9.013622,11.913872,4.723509103691101,107.19597969671196,282.4022140095084
28582673,-9.013622,11.913872,4.723509103691101,107.19597969671196,282.4022140095084
28593143,0.835987,5.095532,0.44660110369110106,239.57687705685237,39.83888884737195
28581723,10.762424,45.305828,14.3730941036911,72.81560953585426,39.23288483410053
28576916,-0.121666,3.124164,-0.013744896308898857,359.08617856439787,107.27289732069552
28566438,-2.550522,3.752245,0.009023103691101042,262.5283595446625,284.7572810655652
28582679,-16.589861,21.426968,2.8825761036911013,151.88830081170144,275.89336374324216
28582679,-16.589861,21.426968,2.8825761036911013,151.88830081170144,275.89336374324216
28539874,-33.247372,70.614288,0.687967103691101,165.2213958509528,225.74287939541173
28579496,-11.684007,15.127394,8.625059103691102,62.22591546640106,286.5038134159262
28563120,0.539294,3.336262,0.003869103691101161,367.31590998793627,11.244243721990417
28582682,-10.863183,13.710474,5.575989103691101,103.11364626767585,286.7721669999006
28582682,-10.863183,13.710474,5.575989103691101,103.11364626767585,286.7721669999006
28541993,-16.856377,23.626213,0.5813671036911011,170.7642278773371,265.19167638860995
28590610,-4.871474,11.923231,6.5633351036911005,52.085814120485765,218.36219832187783
28590611,-30.127796,62.350021,21.857404103691103,93.1745047453546,229.2273927254856
28566457,-2.97102,3.512293,0.6509171036911011,225.9983746966006,322.6140388293713
28578147,-4.316767,60.988647,3.4408631036911013,154.57056341257194,145.70412614360197
28572987,-8.607699,12.935869,8.6791211036911,31.48958281618698,271.86943304069905
28571014,6.738251,29.079926,13.6973831036911,17.848610276588687,23.99617174340608
28582688,-13.443489,15.124868,10.7499101036911,32.68829487091409,308.27442152561093
28586710,-3.982743,4.099449,0.018387103691101192,240.71657397252883,326.86592194534376
28565272,17.973276,89.51181,4.357735103691101,152.58240309266546,72.83230940687989
28586713,-11.507567,8.842887,1.952760103691101,156.4921396035094,350.7264075446097
28567204,25.876053,97.866272,5.016733103691101,150.92514212431212,52.50474105380522
28574823,-6.411664,5.127644,0.13644110369110107,212.7357129795361,352.5989306790822
28571026,9.335502,39.258617,15.0658581036911,49.58045808887599,32.44680379798811
28590622,-14.560887,30.429029,12.3747291036911,83.35093033672078,229.59863993130827
28578152,-4.813307,43.940262,11.805943103691101,103.50332002513926,149.58143715145022
28571029,5.818915,26.713564,12.7134381036911,17.94403935172761,28.506689199380645
28565273,28.048576,121.417351,-0.4610368963088989,165.16024061834364,67.08050455353268
28593849,-13.898787,19.924053,13.068271103691101,32.98113693509529,273.95165884129534
28593849,-13.898787,19.924053,13.068271103691101,32.98113693509529,273.95165884129534
28542016,-12.796395,12.953788,1.819706103691101,160.0196978246987,307.687523053572
28583686,-3.298702,2.538663,0.02611310369110109,294.61263670118467,401.9741374610784
28582702,-11.617136,14.481728,4.020344103691101,130.0311339963444,285.00255250217367
28582702,-11.617136,14.481728,4.020344103691101,130.0311339963444,285.00255250217367
28578160,-3.183542,23.236698,10.6367271036911,54.55325591561905,150.84335526135527
28590628,-6.570887,13.592696,5.1985151036911015,99.95834208224996,233.02615103939775
28578165,-5.762724,52.360725,10.024182103691102,122.80307666211866,151.76827535998964
28593851,-12.842694,21.212715,7.930903103691101,99.03218640323492,253.31333660458097
28581743,1.208719,5.219214,0.7469051036911011,220.13312791899685,2.0970140314438765
28570434,-8.788927,4.733241,2.664396103691101,125.38687801499586,435.6921670556495
28578166,-6.733534,77.620155,4.006102103691101,154.59367076368582,149.76383554145565
28579523,-9.974023,12.428764,7.738246103691101,53.22971125307873,294.61297256041297
28563810,0.645992,4.047194,-0.009043896308899013,310.65077377492656,34.18824290144323
28589866,-6.343294,17.492338,7.461419103691101,79.30885937384295,207.02089968713364
28565277,3.075516,46.521175,16.3040511036911,71.32053512033977,96.88291836365556
28579526,-8.168006,10.051781,6.1133871036911005,61.30144667022489,298.6818051724388
28582709,-12.952589,16.058605,2.789587103691101,148.9063362467988,282.78969806368974
28582709,-12.952589,16.058605,2.789587103691101,148.9063362467988,282.78969806368974
28563132,-18.248016,36.788258,1.411113103691101,163.61588412290567,230.70527702926947
28582710,-15.827205,19.672573,-0.02688289630889895,177.6128898228884,278.1674711958198
28582710,-15.827205,19.672573,-0.02688289630889895,177.6128898228884,278.1674711958198
28583697,-3.484771,2.561424,0.012801103691101101,290.50377821840664,407.2189520829386
28572996,-9.949468,11.468204,8.247774103691102,32.688809355964366,308.73037014137674
28572996,-9.949468,11.468204,8.247774103691102,32.688809355964366,308.73037014137674
28585866,-1.612277,16.910915,8.185854103691101,46.991132737108245,136.8561584228693
28579530,-3.121671,3.607821,0.6162761036911011,225.1479466020551,323.6470024516412
28570435,-1.691205,1.949258,-0.008301896308898993,426.39275596402,379.6478688016021
28583700,-9.272794,6.661569,6.080433103691101,24.28154729674472,398.98697542742025
28593854,-13.103965,20.084066,10.3880731036911,66.64320013659938,263.6542109728301
28593158,1.10478,9.903945,3.616696103691101,89.24692119113672,64.57867700479281
28583704,-3.338511,2.485681,-0.004327896308898849,298.49022455095974,408.35705048694416
28578172,-3.573684,23.764492,11.331847103691102,49.07754120846542,154.08321490230608
28578172,-3.573684,23.764492,11.331847103691102,49.07754120846542,154.08321490230608
28593855,-15.77148,24.360067,11.476097103691101,75.94989135056707,261.2047978560413
28585870,-1.25392,27.360224,5.905435103691101,120.4250899114692,133.53056193000538
28567211,5.974703,42.475574,14.905038103691101,67.43524413491477,71.74324103474689
28581748,6.346247,32.328896,13.626703103691101,40.03951075290516,44.17224274540237
28590638,-8.935346,19.694933,10.3899931036911,54.14461903662973,226.2639027209892
28590639,-6.031418,13.110774,6.564768103691101,67.83652485616446,229.0914540444246
28581751,14.460479,50.551144,2.1607001036911013,157.06330161489905,43.64061562359021
28564439,1.716997,51.846817,15.018362103691102,91.176982783181,110.14372544659092
28589878,-13.207408,32.086994,15.566538103691101,59.43421628717695,216.39921173059855
28590642,-16.102692,30.984007,11.428638103691101,93.920113355575,236.9939076362039
28581752,14.471459,49.034767,0.695762103691101,165.2891158335436,42.47749440851885
28585878,-1.441491,66.727638,3.5841821036911012,154.39681676325984,133.88077223215998
28571044,5.989741,39.362446,13.849229103691101,66.95060852480313,67.26280293014781
28587548,-6.049338,3.221373,0.176642103691101,233.65300216888176,433.759766590622
28582736,-6.780808,7.405271,6.1909851036911006,10.555860666252189,329.5880054128355
28582736,-6.780808,7.405271,6.1909851036911006,10.555860666252189,329.5880054128355
28571045,26.599918,102.334953,0.8444921036911011,162.52792888015065,56.91193711705753
28574835,-3.572873,2.686729,-0.010279896308898806,284.8392704578866,398.4597141414795
28590645,-20.081524,36.869209,11.0385911036911,109.46079673999066,240.54047335264627
28564441,11.028797,68.556046,3.485303103691101,153.65451101815307,84.2773177975987
28571046,6.74265,44.331234,14.721784103691101,72.84241528948132,69.19721345733248
28573896,-10.111376,11.616285,8.373093103691101,32.24301173855994,309.0431558616714
28573896,-10.111376,11.616285,8.373093103691101,32.24301173855994,309.0431558616714
28579540,-13.760762,19.005371,14.4928341036911,5.464183717490926,281.12479155152266
28579540,-13.760762,19.005371,14.4928341036911,5.464183717490926,281.12479155152266
28579541,-8.153425,9.596001,5.860862103691101,63.40057560412262,305.36615810545084
28589880,-53.68087,144.340347,33.297327103691096,115.69796050213706,207.90196975604536
28573897,-7.018959,7.543473,5.181039103691101,53.3659887655044,325.3867600827507
28564442,22.20414,122.344276,1.537854103691101,161.02967656704882,81.15941257389437
28582741,-6.811083,7.660256,5.376141103691101,46.610196958637886,319.19415018663653
28582742,-14.652412,16.12397,4.397077103691101,130.7760206224531,298.8109816844637
28585888,-2.68979,36.274193,9.874274103691102,102.78133300016266,140.02489106859844
28571049,5.150006,37.968304,13.434740103691102,67.54182442412699,72.74418574714306
28567216,29.823082,108.988953,-0.2870078963088989,165.16332805500684,53.32033385873152
28593860,-8.112687,13.305594,5.976954103691101,87.783582105182,257.6764408349667
28564443,21.461857,111.947174,-0.06281589630889894,164.6748693917668,78.70028457780566
28578183,-6.238989,63.974438,1.840531103691101,160.86520908063218,152.6476675203947
28571050,5.233233,40.741776,15.034868103691101,62.286664594275805,74.61857436764868
28590650,-4.223492,10.640609,7.376838103691101,6.292244832530571,216.2032890877543
28579547,-4.1014,4.264929,0.7144281036911011,205.75829820442976,329.687527959501
28581759,33.267883,154.094315,47.4182641036911,72.66489756046019,51.8926791668101
28578188,-13.8594,96.846657,25.771537103691102,101.7066680712892,158.47069478963468
28585892,-2.714971,22.943079,10.9159501036911,47.62843015085932,145.04128154402628
28571054,2.26895,22.203938,10.198936103691102,37.108592973517005,73.9169466377868
28579556,-7.857318,9.125892,5.7816211036911005,59.17449929747005,308.72085443236887
28582751,-6.62611,7.318131,5.357565103691101,40.33463269437243,324.07898591669755
28571056,9.304065,64.700142,13.9356511036911,108.01514931281092,80.44021795858768
28582753,-8.43208,9.237115,5.279754103691101,76.79307620729969,314.3548090295503
28593863,-17.36738,28.257347,8.0866691036911,116.09819176080616,252.8148578210005
28593863,-17.36738,28.257347,8.0866691036911,116.09819176080616,252.8148578210005
28587557,-7.838064,3.928862,0.9572371036911012,188.25771262848704,438.5579117179617
28579559,-3.064207,3.471574,0.874900103691101,211.46596220589956,332.1200977922043
28571057,4.150237,41.017773,15.838453103691101,58.143911908476895,82.9415895947875
28589884,-5.458479,12.706242,8.2672811036911,20.842503558015608,223.1157311265005
28573022,-10.321157,5.808588,5.379423103691101,44.61630478697364,440.7777929582288
28565288,1.691258,39.374981,15.3084721036911,61.23350366592507,101.7383369927981
28590658,-7.351861,15.239946,7.980390103691101,60.05187447934017,233.15783283083204
28590658,-7.351861,15.239946,7.980390103691101,60.05187447934017,233.15783283083204
28593867,-19.091518,31.17219,7.572751103691101,124.48598730028353,251.70856438654823
28582759,-17.198509,18.771099,-0.12184389630889902,178.78937326872833,292.6899403696559
28590660,-7.449127,12.735945,0.17415310369110104,184.4410869231429,248.4952454716189
28590660,-7.449127,12.735945,0.17415310369110104,184.4410869231429,248.4952454716189
28530659,-38.2617,81.195267,0.5897291036911011,165.14769595555026,225.7140116180337
28579564,-6.336243,5.743504,0.6463111036911011,193.16028932555676,335.34352107868
28563823,-19.660084,64.995514,3.817699103691101,155.1240253480642,195.497381544809
28571058,5.556735,47.121235,14.3070691036911,83.59056410212224,82.7575626802394
28579565,-3.302873,3.610595,0.8842361036911011,207.50396458872785,334.45990427168
28582761,-6.461492,7.016829,5.311863103691101,35.34051921927701,328.67468668504966
28587562,-6.70115,3.729169,1.810349103691101,152.3291129747094,441.6271258319678
28564451,1.42169,59.706802,17.779890103691102,88.39603847503909,112.82730495461276
28587563,-6.519926,3.307148,0.24766410369110115,226.45374641063225,439.3892476810373
28582762,-9.261567,9.957592,5.026842103691101,91.41638170382969,313.4592822636836
28530663,-20.277845,39.238052,5.888977103691101,140.76166378032613,234.659825175726
28581768,2.457954,15.285534,7.157448103691101,33.58948719285496,45.02767627018292
28585908,-3.586572,43.084763,8.548492103691101,121.68385749647452,144.72510443170023
28590663,-5.702259,13.111427,8.503926103691102,21.485630046624635,224.1837906322912
28590664,-9.556592,19.591654,10.387588103691101,55.335289712204855,233.27051183459403
28578196,-3.177233,18.548214,9.0306771036911,50.010297467676,159.05483371138735
28578196,-3.177233,18.548214,9.0306771036911,50.010297467676,159.05483371138735
28567225,5.080446,44.006413,15.4059651036911,68.97977441838526,80.57743382306086
28579570,-8.523587,10.691761,8.001242103691101,21.02554964810983,299.30394542143256
28579570,-8.523587,10.691761,8.001242103691101,21.02554964810983,299.30394542143256
28590667,-5.312103,12.680579,8.787628103691102,5.876518003442754,220.72079856573748
28579571,-10.689225,12.38175,8.5966381036911,37.9400370185042,306.24517848237264
28571062,6.136939,62.448025,16.535715103691103,94.98338163477752,92.01272249219356
28567227,5.261106,45.466721,15.140077103691102,74.41197510651472,81.63709689737303
28590668,-16.294809,30.296984,12.417058103691101,84.8273666122438,240.6405992308777
28567228,7.854347,60.561142,16.9705441036911,89.01880397587456,81.0825805128444
28579573,-3.889972,3.828062,0.0036191036911010777,247.19120405159,335.887910368742
28581775,84.025597,296.026245,-3.2623868963088993,164.98233758518353,51.792589958297214
28581776,1.060159,5.064115,0.7502831036911011,221.76391022952643,10.556819877324642
28578198,-8.807693,74.02137,3.929406103691101,154.67043047022923,157.1204348336186
28582770,-6.346069,6.755708,5.327220103691101,28.469080474079107,334.0522663936153
28567230,22.797026,105.452438,4.795160103691101,152.65761881172708,68.53758365540358
28579575,-9.251525,11.12821,8.105818103691101,28.34289987986304,303.7241818513652
28560955,-28.745739,74.677361,4.283245103691101,155.25470208457926,210.873541987579
28560955,-28.745739,74.677361,4.283245103691101,155.25470208457926,210.873541987579
28530681,-13.313381,22.21175,6.524789103691101,116.58765429217848,251.17406283412816
28530681,-13.313381,22.21175,6.524789103691101,116.58765429217848,251.17406283412816
28589891,-13.428801,34.252434,10.624208103691101,103.35771147714108,212.4307597880116
28578199,-7.867706,69.177956,1.885537103691101,160.85994759005882,156.42023708224926
28567233,25.610388,115.16111,2.657045103691101,158.29520424849431,68.07957952861449
28530683,-13.619866,26.232075,-0.07152389630889888,174.8940800106168,234.9404194189351
28585918,-2.900311,54.912914,1.882252103691101,160.3309924589948,141.86148344333972
28571072,3.775607,58.391094,11.5052311036911,116.32802085763538,105.22642329758142
28530688,-11.405041,18.262688,6.345199103691101,107.58204466418412,256.9034518983571
28530688,-11.405041,18.262688,6.345199103691101,107.58204466418412,256.9034518983571
28564456,1.896934,54.391457,14.398637103691101,98.22725084177482,110.807434288941
28593871,-10.71405,15.779428,8.740214103691102,61.37682031858617,270.3384213724744
28593871,-10.71405,15.779428,8.740214103691102,61.37682031858617,270.3384213724744
28564457,4.468259,66.424629,12.8492711036911,116.58442930266196,104.8863584362079
28590675,-8.535518,16.908779,8.803644103691102,60.62403555149862,237.19791552100543
28590675,-8.535518,16.908779,8.803644103691102,60.62403555149862,237.19791552100543
28586755,-3.820633,3.633107,0.003829103691101121,251.94549589232088,343.2464162082643
28571077,1.301211,61.422371,11.9780821036911,117.78748200035156,117.75137325670616
28567239,4.35445,45.694168,15.1447121036911,75.99145050248848,88.46377915285387
28585923,-2.363866,16.83667,8.214927103691101,48.90259960575784,150.0418161407264
28585923,-2.363866,16.83667,8.214927103691101,48.90259960575784,150.0418161407264
28567240,25.221043,118.296013,1.645281103691101,160.66625594346942,71.48968239679118
28581788,2.161131,15.23757,7.159327103691101,34.75030216611694,52.75039646536322
28567243,8.680113,70.005852,15.2952821036911,107.37173446747174,86.71110993237343
28579588,-5.997205,5.205941,0.5656521036911011,199.17143646246188,344.0955352508429
28579592,-9.381339,8.536896,3.739298103691101,114.3622223055462,336.32484251816675
28581794,7.711447,46.305412,16.221431103691103,65.49288689369928,63.07306136532753
28573916,-3.312693,2.151527,0.0024451036911010693,318.3791124360628,447.2923935433699
28578205,-16.094812,98.613098,29.242195103691103,94.28192088420258,162.6707924674578
28593182,1.175573,14.861823,7.100410103691101,37.623891739819726,76.64522650793694
28564461,2.953562,70.583633,16.5557611036911,105.41184241537373,110.55903545603095
28565297,0.443678,22.264828,10.3754961036911,41.26098883796786,102.5095326948924
28576966,-20.806177,33.099663,1.945419103691101,160.9029467696734,252.12640347246784
28583758,-5.175786,3.116829,0.943568103691101,201.14681331411003,434.1159159556762
28537940,-18.173151,94.994125,8.648467103691102,145.61499161292403,172.49220556368957
28587577,-7.298703,3.719128,1.226192103691101,178.99073601997577,444.5365921673597
28579596,-3.82603,3.633158,0.000327103691101005,252.06566461198952,343.3975721263105
28590680,-20.466297,32.137218,0.135230103691101,171.28007628835593,252.8662523915892
28590680,-20.466297,32.137218,0.135230103691101,171.28007628835593,252.8662523915892
28587578,-10.468311,4.358757,-0.2926578963088988,218.65610633607236,442.6050144040954
28563158,-0.277808,2.809094,0.0013541036911011162,388.530385686395,127.52576831818686
28563158,-0.277808,2.809094,0.0013541036911011162,388.530385686395,127.52576831818686
28582780,-6.223176,6.458946,5.3191491036911005,21.052872190255727,340.8631423360316
28578212,-13.712801,107.168694,3.0878361036911013,158.82199219530085,159.75185817640082
28590683,-21.612944,35.619034,8.2008791036911,126.01783009901725,250.3393448215452
28590683,-21.612944,35.619034,8.2008791036911,126.01783009901725,250.3393448215452
28578213,-10.378683,84.73439,0.4252121036911011,164.95330649752822,158.91320234106047
28590686,-6.84045,11.15667,0.13079510369110103,188.3234981389201,253.9176923264409
28590686,-6.84045,11.15667,0.13079510369110103,188.3234981389201,253.9176923264409
28579607,-3.202668,3.450188,1.296419103691101,181.876295538004,345.70698726475547
28581806,2.118633,16.465076,7.719265103691101,35.08697680169436,59.43938459041968
28581807,6.859835,42.649185,14.2343041036911,72.03874047587786,65.83699835203839
28586774,-3.818411,3.500947,0.04745610369110098,252.79446999306757,350.8812179462724
28578217,-16.008398,110.010979,11.283095103691101,141.9896621254062,162.29155697351757
28583766,-7.794447,3.761872,0.20252310369110105,217.28585432396127,436.5137423288704
28582786,-6.068617,6.184789,5.303572103691101,13.286690149187848,346.8150552036668
28576978,-12.877143,18.248547,8.096202103691102,87.71886373070413,271.8115244951406
28583767,-6.545972,3.297323,-0.005341896308898919,237.06712265551224,436.5164827346426
28581813,2.467091,18.273315,7.531328103691101,54.87759544830601,62.78857167084894
28589897,-7.151231,16.960268,8.251596103691101,65.81206884935978,219.86343488588648
28579613,-3.755435,3.527556,0.012756103691101028,254.5860140234932,346.6829698634187
28586786,-6.727497,18.403074,5.286881103691101,115.23670258256276,207.97496815402067
28564469,0.38529,54.981857,16.395425103691103,89.41540929121314,117.5227131961709
28576981,-18.896008,26.491367,2.478793103691101,156.80039281440986,265.7177272386722
28581815,24.228352,107.17968,4.957031103691101,152.30277878639646,65.415117487195
28586787,-12.270288,31.397072,6.301489103691101,129.84344417878623,212.40892010005385
28579615,-10.9859,12.507071,9.8713661036911,13.124953703412558,311.44949002530973
28578224,-4.090053,20.598778,9.9727441036911,51.38882940524135,166.66804436632503
28578224,-4.090053,20.598778,9.9727441036911,51.38882940524135,166.66804436632503
28564473,-0.999214,21.211967,10.0916131036911,43.43974631739511,123.46178369121694
28578225,-3.549754,18.1665,8.571665103691101,56.63751320794376,165.8899260163525
28581823,20.569324,89.269211,0.128002103691101,164.99679640095866,66.40481728203301
28582789,-11.813086,12.201532,1.4014391036911011,165.82784023848146,305.23641894060614
28585940,-1.992384,22.730099,2.200925103691101,154.6939148318436,147.30994101793436
28593878,-14.395248,22.961035,6.278076103691101,121.2259304325217,255.3695673424235
28578232,-11.054247,71.159492,3.8378381036911007,154.88443555721395,165.2017013018415
28589899,-14.573953,39.996208,5.292040103691101,142.71088505789717,207.26104744822868
28589899,-14.573953,39.996208,5.292040103691101,142.71088505789717,207.26104744822868
28567249,26.846025,129.394699,-0.32030289630889897,164.65657812694906,74.28272395405713
28585943,-3.838498,19.888874,12.373259103691101,4.9265955885871335,162.07358143953775
28585943,-3.838498,19.888874,12.373259103691101,4.9265955885871335,162.07358143953775
28583775,-5.420852,3.1758,1.306146103691101,179.1481607725206,443.1541060242864
28582794,-8.886793,8.573335,5.8309361036911005,57.299614586291824,337.2197248857702
28564483,-1.332693,20.909586,9.959520103691101,44.62605717334057,128.51703523568153
28583776,-6.487494,3.249253,0.24429110369110107,227.5626174615578,442.3751344935913
28560987,-10.482301,11.384371,4.270859103691101,116.64810607292358,306.5097682098237
28581829,25.5658,119.615997,5.353618103691101,152.4329361990769,69.54955823466554
28564485,-0.018971,60.020943,15.7774901036911,99.54475872607208,121.12557191111613
28578235,-3.401703,16.129618,8.011887103691102,51.35450921835795,169.3520035659218
28578235,-3.401703,16.129618,8.011887103691102,51.35450921835795,169.3520035659218
28578236,-5.418473,31.458532,4.487588103691101,140.1246254960581,167.01876476889325
28578236,-5.418473,31.458532,4.487588103691101,140.1246254960581,167.01876476889325
28585944,-2.138394,12.932967,6.537056103691101,49.11399467449769,155.830495016523
28585944,-2.138394,12.932967,6.537056103691101,49.11399467449769,155.830495016523
28576984,-15.176473,20.41325,2.597868103691101,153.71643457402425,271.62740669026084
28576984,-15.176473,20.41325,2.597868103691101,153.71643457402425,271.62740669026084
28586801,-5.974135,15.335326,4.120048103691101,123.60915497331014,213.36963418747897
28537985,-6.58805,18.597982,9.3195441036911,56.80712260310909,204.74726039819103
28537985,-6.58805,18.597982,9.3195441036911,56.80712260310909,204.74726039819103
28576985,-16.395792,21.937214,1.1958281036911012,166.28275743532163,270.7268371355593
28576985,-16.395792,21.937214,1.1958281036911012,166.28275743532163,270.7268371355593
28576986,-16.951275,22.5527,0.3010811036911011,173.30622968161822,270.57859252647603
28576986,-16.951275,22.5527,0.3010811036911011,173.30622968161822,270.57859252647603
28530748,-7.787489,9.938468,5.456579103691101,75.40915768652303,292.55477286261134
28530748,-7.787489,9.938468,5.456579103691101,75.40915768652303,292.55477286261134
28571096,-6.054357,90.221497,9.3419551036911,141.42659943801922,143.92182181564027
28593883,-14.806084,23.283663,6.6515251036911005,118.59302083725596,256.9261512219424
28586807,-3.808535,17.187374,10.3835471036911,15.304576714473455,170.25619204189346
28586807,-3.808535,17.187374,10.3835471036911,15.304576714473455,170.25619204189346
28585956,-3.147624,28.231176,4.029676103691101,140.49313943510083,152.5008118342667
28576989,-15.669244,20.39357,4.088177103691101,139.80891905981426,276.4305929322785
28576989,-15.669244,20.39357,4.088177103691101,139.80891905981426,276.4305929322785
28571097,-7.038442,86.59761,12.1107461036911,132.85744119662144,146.4057097719962
28578243,-40.518784,223.982376,19.0970451036911,144.90533076303532,170.44937829586627
28578243,-40.518784,223.982376,19.0970451036911,144.90533076303532,170.44937829586627
28585957,-12.467517,120.216957,8.3853931036911,148.96128236322195,153.48833893309035
28582798,-5.85979,5.845782,5.234224103691101,4.74786301954137,354.30724301037765
28586809,-5.036967,17.059616,8.499436103691101,55.34848009556024,190.95295499928176
28586809,-5.036967,17.059616,8.499436103691101,55.34848009556024,190.95295499928176
28564500,-1.678477,20.865896,9.9414021036911,45.805554995811065,133.5780556052002
28578251,-73.370567,351.246826,71.9362581036911,116.8953774862573,174.7700236931663
28583785,-4.847874,3.105118,1.8746201036911012,141.84813212609498,446.6411649306183
28565308,0.153933,21.851717,10.2484421036911,41.39334968986617,106.52612498063247
28581838,2.436551,21.133978,8.584042103691102,56.40970254268783,72.25086285716458
28538003,-31.832933,76.592072,0.20296410369110118,166.2047927841994,216.3195802205964
28576995,-13.999276,17.306789,2.9090731036911013,148.7798013016536,282.51069139454955
28576995,-13.999276,17.306789,2.9090731036911013,148.7798013016536,282.51069139454955
28586812,-10.881124,26.926851,7.008596103691101,117.8023009787496,215.1445787017778
28593888,-9.283528,14.941545,4.241975103691101,125.09095608132088,256.64373472991025
28583794,-9.743804,4.05879,-0.15709089630889883,219.39455272552783,447.187588900524
28593893,-8.913788,14.1333,4.250140103691101,122.55744847253496,258.8009150328906
28578258,-5.590632,23.464291,11.272746103691102,53.63405895269295,177.08239402232624
28578258,-5.590632,23.464291,11.272746103691102,53.63405895269295,177.08239402232624
28586814,-14.628192,33.158207,4.057163103691101,147.1501818583656,221.64686291836335
28581845,1.403841,15.076572,7.152945103691101,37.45941485603382,71.69477958626194
28564510,5.943935,93.107735,2.573331103691101,158.7214422241982,113.14796658214316
28578265,-7.90213,34.517845,11.4220121036911,92.5889371471374,177.19043979610433
28586818,-5.527953,13.965343,4.413003103691101,113.81852489936314,214.90782836593945
28586820,-7.759055,20.91,8.0343541036911,88.71426238784886,208.65606886312824
28581849,2.489231,22.057463,7.8259161036911005,74.18933808203136,76.93295836465933
28589913,-33.966099,87.022507,12.7109951036911,136.09247405880535,211.66757330578824
28589913,-33.966099,87.022507,12.7109951036911,136.09247405880535,211.66757330578824
28586822,-12.217164,26.375141,1.8210441036911011,160.68136468523454,225.78648056018
28586822,-12.217164,26.375141,1.8210441036911011,160.68136468523454,225.78648056018
28590701,-12.432009,20.939249,7.573359103691101,101.68694610600566,251.20911556877343
28593198,3.211851,20.445124,2.1010721036911013,153.15049014237843,76.81709243664653
28585967,-2.51719,15.986029,5.5898571036911004,94.11229428071093,158.19084288703468
28589917,-8.456652,20.119646,7.748364103691101,90.80886540495403,218.9886232163665
28563859,-10.2675,11.060244,8.9373451036911,12.95615977909182,321.61478144227806
28563859,-10.2675,11.060244,8.9373451036911,12.95615977909182,321.61478144227806
28581854,3.36786,30.441492,10.9864331036911,68.5187990913989,79.7000367160584
28593199,7.628512,43.720707,2.273982103691101,156.48907757142297,78.74901780107274
28538027,-20.597277,39.556664,9.167357103691101,123.42534890773156,235.80510171313324
28538027,-20.597277,39.556664,9.167357103691101,123.42534890773156,235.80510171313324
28571105,-7.003019,37.881374,14.2632941036911,77.44498330224994,165.902465968924
28571105,-7.003019,37.881374,14.2632941036911,77.44498330224994,165.902465968924
28590706,-9.926113,18.148031,9.733621103691101,57.661962340114655,245.25901976953645
28578275,-5.607234,22.337612,10.3435451036911,60.13498943525718,180.49165169494205
28594643,47.408825,127.841469,10.9691941036911,138.45042763852098,12.67409752016772
28567259,7.330276,68.30368,12.510255103691101,118.2670244179914,93.58919328395714
28581856,7.133063,50.986115,11.2188831036911,108.14064179080292,80.70845915685194
28577014,-13.082861,14.665838,2.3918241036911008,153.072967742927,294.87702478438325
28585969,-4.612828,37.569996,4.818329103691101,141.27338987449468,155.9240038026241
28564521,-2.349583,90.65538,13.895185103691102,128.2715998673246,132.23861815051768
28567260,14.464417,101.381302,9.088358103691101,141.74116958635884,88.41744340315412
28585973,-7.637488,70.057213,1.904362103691101,160.79784451037258,155.36171805851333
28578277,-5.878872,22.815704,11.0471091036911,53.93744293485239,181.84631575298027
28578277,-5.878872,22.815704,11.0471091036911,53.93744293485239,181.84631575298027
28585974,-6.44646,61.546177,0.6435221036911011,165.2535553126084,154.66321540137275
28581857,20.950218,106.563263,-0.026309896308899017,164.76430139667497,77.15102142590626
28593203,5.841024,34.236595,1.544943103691101,160.9071145683393,79.26366971854696
28530791,-13.47116,14.930057,4.908377103691101,120.74501951193864,299.93014412167514
28586834,-11.322618,24.877785,4.796896103691101,135.03119142523116,224.8310697883145
28593904,-8.471723,13.141037,4.250032103691101,119.16242700654584,261.9979488002126
28577018,-13.620598,15.252511,0.24894210369110104,178.48107803256354,291.60061750595
28586837,-11.878199,27.060476,7.173888103691101,117.40424512021464,221.83573180709652
28578281,-28.104223,136.688599,-0.4961328963088989,165.4360045691808,176.80901456938489
28590709,-6.318407,9.9322,0.13712410369110106,191.4713883007582,258.5739148053839
28590709,-6.318407,9.9322,0.13712410369110106,191.4713883007582,258.5739148053839
28581863,5.889569,53.050621,17.4693181036911,74.96357153887251,83.95513479986477
28593907,-8.622792,10.796435,8.482927103691102,10.137500283038378,300.5367316679483
28593907,-8.622792,10.796435,8.482927103691102,10.137500283038378,300.5367316679483
28564527,-4.11404,21.449743,13.293081103691101,5.043224854725196,161.9293072757577
28564527,-4.11404,21.449743,13.293081103691101,5.043224854725196,161.9293072757577
28538041,-18.387945,29.521137,10.6164711036911,99.60973188458048,254.9200210130494
28581866,1.177912,15.628775,7.421479103691101,38.225044926923545,78.94856322406625
28582816,-8.234269,7.577071,5.705350103691101,44.33148062936934,350.16735197568335
28593908,-10.899511,14.149517,9.210750103691101,42.22760879015763,288.73261210267816
28578292,-5.331209,19.681231,9.6079221036911,55.13030079315706,185.04187731851223
28578292,-5.331209,19.681231,9.6079221036911,55.13030079315706,185.04187731851223
28579685,-3.582108,3.056163,-0.006912896308898908,270.91210170077284,369.36616071190304
28593210,0.865388,14.62452,7.039426103691101,38.2271561472204,83.71483364406453
28590717,-6.046876,9.357959,0.26416110369110113,190.7175281196492,260.9258396631799
28581874,18.603348,111.100372,4.801452103691101,153.46689034487264,83.58710402913036
28586852,-10.168461,28.445986,14.520033103691102,50.19047855757037,204.86782032502717
28586852,-10.168461,28.445986,14.520033103691102,50.19047855757037,204.86782032502717
28578296,-7.379025,27.223333,11.0701591036911,75.55235558798981,186.0130020714588
28593911,-20.286121,31.776323,0.134242103691101,171.3786495102532,253.12547857940467
28593911,-20.286121,31.776323,0.134242103691101,171.3786495102532,253.12547857940467
28578300,-91.906898,378.738312,28.615692103691103,147.1038955410223,183.43917823612605
28581879,1.254041,18.588789,8.6906491036911,39.10120877108355,84.35810354217674
28581882,4.076867,41.42437,12.6915201036911,84.54113799277332,88.4670091800968
28589929,-71.525169,171.142212,21.7566161036911,138.87606003395916,216.47289809348996
28538064,-12.84174,15.847907,3.4752401036911014,140.29865182706928,284.2968101289539
28593914,-9.736739,14.236112,5.4272911036911005,105.30799471399936,268.8550235684926
28578308,-5.422729,18.069363,11.4953641036911,10.670888379545405,190.7255782383441
28578308,-5.422729,18.069363,11.4953641036911,10.670888379545405,190.7255782383441
28586862,-12.33245,23.563105,1.302713103691101,164.96797890856726,236.2309983491236
28586863,-6.634576,17.482519,8.8239681036911,57.95334678541204,210.5647241268477
28586863,-6.634576,17.482519,8.8239681036911,57.95334678541204,210.5647241268477
28571115,-5.375472,17.078199,11.394481103691101,1.9051768390020527,194.22406769303143
28590722,-18.207623,29.546158,12.268201103691101,86.53823504531047,254.49405500723287
28590723,-15.027324,21.675165,0.26012710369110104,174.18355477365722,262.4563282979329
28590723,-15.027324,21.675165,0.26012710369110104,174.18355477365722,262.4563282979329
28578315,-6.897457,23.180946,11.2587561036911,55.68034048091158,191.4600549560095
28578315,-6.897457,23.180946,11.2587561036911,55.68034048091158,191.4600549560095
28578316,-6.76485,22.912544,10.7239051036911,60.8608883409629,191.0889645397821
28582836,-9.246851,8.558726,4.167470103691101,103.52556511905505,335.7116914029492
28590724,-6.232397,9.526529,0.07707610369110118,193.85503369671704,261.7448142622584
28590724,-6.232397,9.526529,0.07707610369110118,193.85503369671704,261.7448142622584
28594654,1.01046,5.004756,0.9345891036911012,208.8601015277717,8.576922415957881
28577038,-12.555905,11.725514,0.19069110369110098,183.2753420207542,315.4627190787304
28586002,-3.798919,17.826462,8.744269103691101,52.07563115046193,170.19989454601034
28586002,-3.798919,17.826462,8.744269103691101,52.07563115046193,170.19989454601034
28563874,-0.406092,2.480292,-0.009731896308898813,437.3475767917801,151.1270864674262
28589940,-11.970554,27.953869,5.657926103691101,131.20788432860354,219.66027068233043
28589940,-11.970554,27.953869,5.657926103691101,131.20788432860354,219.66027068233043
28594658,0.985391,5.106981,0.842244103691101,213.75914759923813,17.59420315157155
28538097,-10.000094,8.88675,3.200156103691101,129.39121324162335,336.01502213965205
28593226,0.640016,4.931699,0.046222103691101024,266.76432997224964,60.15358044638671
28590735,-12.583178,19.292532,6.062872103691101,114.96859235239612,260.7718730241929
28590736,-11.39817,16.403156,0.9586971036911011,170.02768825584877,264.6288417558786
28586869,-22.525255,43.19426,6.1265151036911005,141.85934695408287,235.2606889586361
28589943,-2.76105,6.73919,3.442565103691101,81.5540631326142,222.35992953549297
28589945,-6.629903,14.560737,5.838570103691101,92.89374415554828,227.1811398913293
28582846,-8.760197,8.0473,3.954186103691101,104.51604847588156,338.2461034598765
28590740,-16.075274,22.990431,3.151141103691101,150.03983775320478,264.7918605623603
28590740,-16.075274,22.990431,3.151141103691101,150.03983775320478,264.7918605623603
28593925,-13.226165,15.847772,11.0144921036911,33.06084950861572,299.07194224849826
28586873,-6.752711,17.133869,8.662184103691102,58.79063494916309,213.86219676506667
28586873,-6.752711,17.133869,8.662184103691102,58.79063494916309,213.86219676506667
28581898,1.843808,26.647312,10.6208011036911,59.526479503803785,90.76764732117724
28581899,6.163849,68.719719,20.415271103691104,85.00221473177214,93.23846376374982
28578343,-7.063063,21.829206,9.0556231036911,77.94183056760679,198.0666450203148
28579723,-3.415627,2.802257,0.026619103691100987,280.6324565157927,382.77898037725606
28594664,0.866697,4.902331,0.667906103691101,229.47870199300596,25.92340236736064
28530868,-3.12604,3.162455,0.587955103691101,236.38266894835616,351.7690861621485
28593231,0.089808,6.068605,3.139383103691101,56.01824748728242,78.07316940901563
28590749,-16.363033,24.159857,7.841604103691101,110.6493165969972,263.94796669862825
28578348,-5.304952,15.971544,8.386446103691101,50.30450140178496,199.7092318364845
28586006,-10.666884,70.164322,5.3236921036911005,149.9207328666498,164.0802621408073
28590751,-6.814239,10.539128,3.7554221036911013,116.72774741877744,264.766081802797
28581911,11.734799,112.372841,18.710380103691104,121.10224243092377,96.07394686517614
28581912,11.012185,96.338028,11.8068501036911,133.49856857574193,95.069530016515
28530880,-3.074481,2.981614,0.05366810369110109,277.7730636625932,354.12515505778794
28594666,0.938777,5.150476,0.5310171036911011,233.8218305500958,30.44466540939817
28590753,-28.119831,42.613213,19.452589103691103,76.16322874961756,261.358827174626
28593234,3.885423,27.619572,1.263771103691101,163.694069770638,87.26972895796882
28571127,-21.44817,77.248367,4.258112103691101,154.98896746542516,190.6436991666
28571127,-21.44817,77.248367,4.258112103691101,154.98896746542516,190.6436991666
28530882,-3.093911,2.952114,0.006223103691101128,281.5856786525643,356.43896706562475
28581916,1.725922,28.803322,10.483521103691102,70.99394152814443,96.18260066344966
28579736,-3.394951,2.741123,0.020543103691101017,283.8697991000909,387.009462481652
28577045,-2.977002,3.493239,0.863918103691101,212.4110385687263,326.54519876781774
28581917,1.388094,22.892141,8.084754103691102,77.15908404679212,95.1386131285046
28590756,-5.746288,8.322577,0.06745410369110116,198.71053263099853,268.87444888092074
28590756,-5.746288,8.322577,0.06745410369110116,198.71053263099853,268.87444888092074
28578357,-53.997231,174.398758,17.956100103691103,142.7494733948109,196.4568877605568
28578357,-53.997231,174.398758,17.956100103691103,142.7494733948109,196.4568877605568
28564580,-32.842728,86.478683,12.5025271036911,136.29332136011993,209.72220216894965
28589958,-78.479103,169.179382,28.2870231036911,131.09257808515906,224.60973061581345
28577046,-10.588264,8.379508,2.333616103691101,147.8178391805519,349.8697798029357
28590757,-8.664283,15.136974,9.995683103691102,26.244570664126428,252.71681674502
28577047,-10.329137,8.219306,2.074123103691101,153.00198823541,348.6103091308528
28595910,-0.537176,2.124408,1.732904103691101,40.35319846848466,146.1773083051715
28595911,-466.037903,3502.036133,1170.442041103691,80.27962937913736,154.95016233674954
28595914,-5.468268,31.780735,7.593029103691101,115.85178450307754,165.25197696377444
28595915,-1.892935,23.534578,14.098985103691101,0.9738838745204532,129.45679864521713
28595916,-0.544697,2.11706,1.7288101036911012,42.12977193441458,151.3625254533943
28595918,-3.68184,16.737429,3.9931081036911014,125.94407035400394,176.08655577322247
28595920,-43.011192,195.761078,27.6858251036911,132.76156794667727,177.92091575805685
28595922,-4.738851,26.288317,11.967937103691101,56.7857578726819,162.7806790781868
28595924,-15.806396,66.393257,9.5787041036911,135.38954894243264,181.7068205793189
28595932,-5.444121,33.548645,20.293764103691103,4.68345173592175,154.688848872572
28595935,-1.320599,5.67159,3.4184851036911015,44.402207537425966,170.65285424434956
28595939,-5.169667,23.856173,13.5976971036911,23.450166984637207,169.9758436849794
28595945,-5.888217,16.984621,4.4996541036911015,121.70305602833248,204.2238071022136
28595947,-17.845615,56.694317,25.287763103691102,62.20436791982735,195.3833240025027
28595951,-3.553613,9.737471,3.081944103691101,122.5439493647936,209.46886885099204
28595958,-7.211516,19.30934,8.8603951036911,69.4781604000739,209.12733573218088
28595965,-15.529898,35.808563,7.923942103691101,124.83646603748592,220.34722521708068
28595967,-8.350972,22.769508,13.710014103691101,25.078744242453386,206.91126274055875
28595969,-12.887015,31.548645,14.626052103691102,65.24235222706102,215.77123061019677
28595970,-35.127609,72.51461,8.2012401036911,144.7290196077164,228.35137592471804
28595971,-10.732353,22.272976,2.5958941036911014,153.10793594964946,229.5983481064546
28595972,-150.871613,304.099823,35.3735631036911,141.27516055861474,229.77631933900665
28595973,-13.137281,29.464258,13.7498881036911,66.72589389028477,223.50348746846396
28595975,-21.614454,43.047882,6.914218103691101,137.76165971258908,232.0870240446444
28595977,-14.793155,29.03282,9.0177251036911,107.87730688510214,234.91402955687337
28595978,-11.702213,22.585028,5.222538103691101,128.67581403262196,236.57728177915243
28595979,-17.363287,32.114033,4.658720103691101,143.64374053633776,238.98713603777065
28595982,-2.47113,5.469155,3.417599103691101,55.05339447144903,236.60401874957677
28595983,-20.109493,34.999382,5.950599103691101,138.17938242913982,244.58501455409723
28595986,-435.676575,735.89679,251.01398610369108,95.29370434215244,247.0024752238193
28595989,-13.595757,21.127527,1.3948231036911012,164.53031091502896,255.82336486568727
28595993,-34.233238,56.634663,33.1153981036911,40.70596577510744,253.11837498268943
28595994,-17.469011,25.827509,1.606479103691101,162.81074344066536,259.9943481536489
28595995,-35.202591,52.550976,20.1421921036911,92.26677756773664,261.5117256575668
28595999,-12.891717,18.026777,0.04337510369110098,178.62339980834582,266.2948124128488
28596010,-302.786316,363.352875,214.8286071036911,48.4137363108448,288.1891292170163
28596011,-0.718953,1.909875,1.520570103691101,170.77429875600794,301.6031146930626
28596016,-861.940918,658.10498,18.6872971036911,160.49236318099017,329.7208726718297
28596017,-29.773018,23.758734,-0.306739896308899,175.92297777436613,328.39733597587883
28596018,-26.915144,21.567202,-0.5358278963088989,178.74938587956186,328.13302061715115
28596029,-2.778074,3.221167,1.132857103691101,197.94630989799944,338.7420259178516
28596030,-3.034876,3.383571,0.9472861036911011,208.05417984572696,337.3905931668761
28596032,-5.584347,4.883241,0.42500210369110103,207.35074009437545,344.5988212562499
28596033,-3.495663,3.514862,0.870236103691101,208.62913628732036,348.1804135506505
28596034,-14.364179,10.033376,0.6282441036911011,178.38531098393273,355.8579114489536
28596052,-3.328303,2.59784,0.9986071036911011,216.31026216406391,423.1099992140639
28596053,-20.208864,7.695922,-5.087617896308899,252.66932985027103,415.8596172908367
28596729,1.385457,5.739507,0.9596711036911011,199.09053870721988,1.395579216853804
28596734,17.775024,49.015148,6.850938103691101,126.79020312691873,6.849204870786224
28596743,21.651775,60.050133,6.7190701036911005,134.19145452464542,11.517996555634255
28596744,17.991968,55.228535,18.187278103691103,61.48443088514449,3.646134945703153
28596748,14.357414,44.14706,11.792668103691101,85.809766039615,8.724679646042858
28596755,14.658278,48.89188,16.610283103691103,60.10419775195106,12.75307769452624
28596758,8.762071,29.98126,8.478206103691102,85.64364740459663,17.297516465698806
28596764,4.977944,20.085808,8.6866261036911,36.10901401763283,15.663721555745354
28596765,23.540192,74.315079,8.680385103691101,132.3086391051707,28.542474895898977
28596766,1.062203,5.463003,0.5819461036911011,225.1664090702606,28.19777056632779
28596771,38.773605,125.611794,13.452810103691101,133.25989498045408,33.70884299644976
28596772,33.885582,112.339294,13.521797103691101,129.78797519782046,34.934229151622816
28596773,8.200984,31.785429,9.231349103691102,84.11563425831181,30.973515589558275
28596774,10.544269,39.461918,10.026594103691101,94.15570350995546,32.2977239266198
28596776,5.143583,22.041721,8.1826741036911,60.43877934748599,29.4658085026131
28596779,6.908124,27.473068,6.826499103691101,100.6593305606999,35.77889901123726
28596780,0.919026,5.312536,0.3057891036911011,243.87564009276971,41.26234568018157
28596782,14.32835,56.894939,15.9589211036911,83.32663472684808,38.0447024110245
28596783,28.443617,103.181229,14.762668103691102,123.84475434034384,42.19870606270379
28596788,3.042933,17.710684,9.521863103691102,0.7240389187043661,36.510829298972055
28596789,5.889337,26.726265,6.852867103691101,99.66569017661016,46.66931131320038
28596790,93.129089,357.003754,32.6390031036911,136.76406792948706,52.54447141951661
28596793,16.02718,65.523911,7.882679103691101,133.4430962362542,53.30277117218316
28596795,13.216304,60.970684,17.6562341036911,81.71216841861886,50.58762581451876
28596797,12.691881,58.735577,15.234521103691101,91.93859715301642,52.92043520223481
28596799,20.900164,90.998985,14.0361631036911,122.15819400282118,56.948180154762326
28596803,2.937936,18.668087,8.2356441036911,41.6477573555438,52.01647864304914
28596804,16.767328,80.114738,18.811958103691104,98.6242917188175,58.06479228894173
28596805,6.387415,33.785873,9.409170103691102,91.02436783614584,58.32539857738925
28596807,44.10854,211.078903,43.7316111036911,104.65306580656424,61.67481304553891
28596809,4.336084,27.613358,11.8268791036911,42.05242397387016,57.534231122478616
28596810,22.194834,108.910522,21.202968103691102,110.13525114732175,63.31421527855591
28596811,11.328793,53.455078,5.087625103691101,142.56698617133205,65.1048380128965
28596816,0.200036,5.180469,3.085450103691101,23.54744048701454,49.80167527184335
28596817,8.559219,43.646034,5.771414103691101,133.8176244335295,67.12518380853805
28596818,8.708236,43.775517,4.898274103691101,139.60585389656472,67.48794578634022
28596820,11.103839,63.998524,19.056766103691103,81.00091641243623,65.47756723188277
28596821,7.321109,40.730789,8.7660161036911,109.95556679558774,66.95325363217225
28596824,1.628293,13.914657,6.383944103691101,43.0824509891105,62.14658328033059
28596825,5.613623,33.707916,8.8186491036911,97.55633014659212,67.39360119591811
28596826,14.489866,79.901802,17.663127103691103,103.9961890837106,68.42428668834091
28596827,4.082311,23.748802,4.098556103691101,129.68204537899368,68.86213125405169
28596828,1.995593,17.43354,7.817870103691101,43.41420112505208,67.37013953588789
28596830,3.686142,23.885284,4.4296051036911015,126.10153707539398,74.02016743893887
28596833,0.25018,6.353547,3.629974103691101,25.26288318865673,63.67766492959723
28596837,3.26361,24.010941,6.314003103691101,102.4329409894306,75.45975808705609
28596838,5.694239,36.095779,5.550650103691101,130.1325746077664,77.39033688410782
28596840,2.950377,26.676481,11.5501001036911,44.33231291605932,74.18173739307201
28596841,19.726665,130.544205,31.905239103691102,96.43850356017582,77.78555234980254
28596842,2.85463,21.031879,4.5065101036911015,119.89245962277757,77.43008677662328
28596846,-0.056421,4.426306,2.753930103691101,26.39888278271809,64.04436971670668
28596851,2.141126,19.034103,4.287078103691101,119.01243961453338,83.66202606082155
28596852,-0.049838,4.969453,3.005983103691101,27.454943941223632,72.35964395668526
28596854,1.265681,17.716421,8.0008631036911,45.42597365765974,83.4213955774699
28596855,5.005445,43.696648,10.8496861036911,101.55654609785698,86.68483841262702
28596859,15.557878,122.204224,21.029476103691103,118.69731755447096,89.07339478589009
28596863,-0.145227,4.644547,2.858326103691101,29.093000856831083,78.4217686407913
28596864,0.745451,14.867088,6.8638951036911005,46.19774705227641,88.51422427176408
28596865,4.056707,37.473728,6.193408103691101,127.53378095087882,92.4378528986827
28596867,5.662389,47.989315,3.885484103691101,148.44030187007587,94.52825805038754
28596870,1.804175,25.653818,7.431899103691101,95.71485780426944,96.06691274838512
28596873,-0.076187,7.441846,4.140218103691101,31.218525647456943,92.94138052930978
28596874,6.394032,81.745979,20.1440271036911,100.08236313388956,99.59416541367268
28596875,6.651267,81.923286,18.469472103691103,106.09697760467388,99.70310779518448
28596876,4.434958,49.334667,6.9782901036911005,132.29506085994075,99.97947098352604
28596882,0.356778,16.1905,7.445644103691101,47.58429138610751,99.54837752450904
28596889,0.280017,21.436665,9.6274711036911,48.203664616814734,105.40811700913636
28596892,-0.01056,24.594349,10.9666661036911,48.778833565975646,110.76491089289487
28596895,0.836304,30.30769,6.633299103691101,116.44744194245776,113.17675928715936
28596897,1.23073,41.350109,5.578105103691101,136.51364011660743,116.87595460317642
28596899,-0.480872,7.850867,4.371107103691101,34.16567674822909,114.509207326519
28596900,20.152506,410.377991,-0.43979289630889884,162.6724067432275,118.85079614990076
28596902,-0.590253,16.75852,7.797654103691101,49.33011237104003,118.7325572958022
28596905,0.299559,25.444824,3.915369103691101,137.093305699217,119.61157911335536
28596908,-0.553251,19.05966,6.922491103691101,81.17643043476167,121.92279692332188
28596912,-1.055642,20.749952,9.491444103691101,50.252077247652096,125.26502137787888
28596913,-1.469912,41.175579,16.0562591036911,65.23260684138859,125.69855228744264
28596914,-2.031325,76.567566,26.408355103691104,75.59843209563525,125.79442187871918
28596915,-0.475875,35.118233,8.4358761036911,110.10476900206164,124.52616225892848
28596918,-0.74318,9.508809,5.143641103691101,36.31682267616537,124.41281062282717
28596919,-0.716154,16.910677,6.226534103691101,82.23238632624177,125.08267739739384
28596921,-1.656105,18.597195,11.2861911036911,0.8455372741697715,130.79679994654362
28596922,-1.625055,32.962013,12.974103103691101,66.43317576502136,128.9431277231575
28596926,-1.359077,69.971519,9.194007103691101,134.846713624472,131.0016554491155
28596928,-3.070415,30.401819,18.193143103691103,1.6514843706133888,136.7356444849258
28596929,-4.18307,75.744225,26.1691871036911,76.86277409211573,133.71125813174905
28596930,-0.383679,2.062162,1.616760103691101,92.12660536507455,35.1216865582538
28596932,-1.323828,29.756147,7.698592103691101,107.46142477046656,131.99313007459614
28596934,-0.886122,14.559649,4.1754941036911015,111.28277209393276,132.72785687910203
28596935,-4.241513,144.033752,17.902965103691102,134.3755030082326,134.32215762620632
28596937,-0.977332,10.460805,4.728725103691101,67.83305347281666,134.2524169322412
28596939,-3.816395,32.460239,19.471857103691104,2.3974437188153104,141.8292774924534
28596941,-1.326388,14.897849,5.931098103691101,77.3561455687998,137.28323233766088
28596945,-1.878604,19.972616,8.274839103691102,67.64945885464704,139.53585865784882
28596946,-1.235123,13.561944,5.216462103691101,83.77510521997124,137.82048588184193
28596947,-2.841464,37.920654,11.713809103691101,92.04267893890908,139.21836382297874
28596948,-1.192591,16.302959,4.507640103691101,112.23683372855687,137.18808686681916
28596951,-3.945678,29.198942,17.643817103691102,3.0858046758960995,146.63903554599904
28596952,-3.992781,69.085266,10.2037011036911,131.42338680381937,140.2448419229537
28596955,-2.78681,32.532398,9.752265103691101,96.34860651493528,142.06684321228187
28596958,-1.084189,7.626014,4.292821103691101,40.02714115835735,143.1848562726165
28596959,-2.905415,23.401842,10.6712741036911,54.22855135403296,147.32435817471892
28596961,-3.94489,25.165062,15.3325161036911,4.281233940452751,152.47535132339948
28596962,-1.229218,10.179719,4.131873103691101,85.93017612906411,144.20202339487503
28596963,-4.698169,46.096458,14.059126103691101,92.87928356337132,146.7465210142441
28596966,-2.896746,29.928572,7.312535103691101,112.98003473560432,146.3685538993374
28596968,-7.013429,41.632545,25.184734103691103,4.296496787069572,156.69594263090062
28596969,-1.8761,13.81628,5.990641103691101,69.90983706561173,149.50111032181115
28596972,-5.329988,36.460384,16.244756103691103,55.21262749392233,154.44516569512052
28596973,-12.543862,104.862114,30.430912103691103,94.23221659499151,152.23522699920915
28596974,-3.672279,36.080849,6.229120103691101,130.19574031873225,149.7690520802078
28596975,-3.084797,25.532413,6.349252103691101,114.27489738015387,152.11996300533073
28596978,-7.725869,66.795006,10.5979081036911,129.8858922897139,154.05161325280432
28596980,-6.928967,35.454674,21.052532103691103,11.206034832867488,164.1714219273975
28596981,-8.270563,55.038979,19.3904911036911,80.6059107198416,158.0713185212647
28596982,-4.662148,37.832924,5.936368103691101,134.1329161653142,155.41489778609355
28596983,-2.467224,13.865028,6.685017103691101,56.478776343942,160.2695771566273
28596985,-6.296569,39.476318,11.4596491036911,100.05497336083496,161.40739344698125
28596988,-7.059619,36.413929,14.424926103691101,72.52980972956155,167.7325397261957
28596991,-1.852747,8.413838,4.723568103691101,43.82672486381435,169.16957244918902
28597000,-65.553101,302.713959,103.26169010369111,82.6969191417339,174.49888633582415
28597002,-4.697053,19.899225,9.3210161036911,58.96912673236452,176.6204773398639
28597003,-4.529866,22.835634,5.733422103691101,117.126923249327,171.009696917786
28597005,-2.794677,11.151479,6.055874103691101,45.358027329878325,178.8455030525925
28597006,-3.291025,14.806029,5.525250103691101,91.31285216784536,174.42997835973767
28597007,-1.880516,8.876371,3.032893103691101,114.6775825364328,171.41733392659205
28597010,-13.915181,63.68084,15.6302471036911,110.7792500150813,176.16697253444224
28597013,-11.767703,47.557629,18.578128103691103,75.01751800091003,180.74030508361727
28597014,-5.23825,22.760727,7.389300103691101,98.48101381814294,177.41221752740682
28597015,-5.227905,22.990673,7.085874103691101,102.7117410075379,177.0033875789983
28597017,-3.003221,11.165837,6.0493051036911005,47.06086057188031,183.86194064192117
28597019,-2.808753,11.915252,3.8278611036911014,111.71817860729648,178.43465503080546
28597020,-12.971004,55.376381,12.069349103691101,118.66540138649536,179.98415679201744
28597025,-5.799665,20.396418,9.5588511036911,61.348451007378486,188.53473505928184
28597026,-9.11984,38.670464,6.137458103691101,135.29739503494915,181.01664241513623
28597027,-2.454872,8.537209,4.8111501036911015,47.70129252070703,188.76700483760655
28597028,-4.009235,15.604828,5.121369103691101,104.29503780136042,183.62439340917007
28597030,-7.997898,29.012445,9.891290103691102,93.11081194837963,187.76737691057053
28597031,-21.212341,85.224068,11.875034103691101,135.67635615440008,184.03564882944016
28597034,-5.280449,17.381405,8.317179103691101,61.53138941864981,193.18983229920357
28597037,-8.918185,25.376677,15.720142103691101,17.658315198673478,203.1222512627021
28597038,-3.891118,14.182055,4.359308103691101,112.44538309275258,188.0057819539257
28597039,-95.844742,358.111176,48.2418491036911,134.34095018053046,187.8982726028143
28597044,-10.417392,27.903185,16.6608091036911,25.64553551595523,208.1468904252625
28597046,-4.153138,11.909952,6.7229141036911,43.81840850024415,204.1023352003068
28597049,-63.63472,208.790146,26.4549821036911,137.22858560676508,195.35128163336387
28597050,-6.277838,16.108065,10.301647103691101,18.25829814724869,212.90417377090685
28597053,-37.536278,121.080643,9.394718103691101,148.96423520392327,196.72618580333776
28597056,-0.461037,1.996032,1.605100103691101,96.39449454158414,97.6358048111694
28597058,-4.594149,14.403647,3.564557103691101,128.76568457544585,198.6003285243528
28597069,-4.296059,10.487964,6.538848103691101,31.43998129291964,219.33557333372863
28597070,-6.718691,15.975163,9.5312971036911,34.189441439852345,219.9965694515168
28597071,-2.373945,6.511678,3.6297941036911014,64.91910803874904,210.9837608527221
28597074,-2.994994,8.852982,2.6594541036911012,129.736050693006,203.76817144639543
28597078,-2.725651,6.996098,3.8428501036911014,66.23272220963437,217.0163462562611
28597082,-35.49979,86.041832,24.671951103691104,104.97908382031534,215.73849122594956
28597083,-5.624701,12.440224,6.831427103691101,54.31228659141596,227.90295123161684
28597084,-35.462585,85.320412,15.0288121036911,130.01453225188615,216.3006490609679
28597088,-6.589824,13.797469,7.512369103691101,55.37966548887261,232.7844389864921
28597093,-7.924072,15.870865,8.987269103691101,48.33238824648842,236.73166339094536
28597094,-11.461777,25.016783,8.3127131036911,102.750056630459,225.8259548180231
28597096,-6.027661,13.673757,4.579976103691101,110.6533000080686,224.26542262409947
28597102,-27.62619,57.369553,18.7481801036911,99.04824387935771,228.90235365625105
28597105,-7.893851,14.554784,9.0128261036911,36.80011149874144,246.46162586614057
28597114,-8.712185,16.025625,8.734264103691102,56.66817088062376,245.33606558144015
28597116,-23.433998,47.549774,6.860084103691101,140.4453833252103,230.2995849036075
28597120,-6.487974,11.527568,7.273064103691101,38.20130097939983,252.48621177470488
28597125,-26.95484,48.883564,18.119640103691104,91.71174774230964,241.81254893635645
28597127,-15.873044,30.883863,6.537981103691101,129.58529913361167,234.96036401749777
28597128,-53.395638,105.155205,5.170170103691101,156.36136575079863,231.7293586335967
28597129,-26.222496,41.058342,26.499422103691103,27.832053642631426,260.6392446589924
28597133,-16.123831,25.792225,15.4496261036911,41.91302838943915,259.0010893790309
28597135,-7.616714,13.750804,6.168036103691101,85.24215079135828,247.1516223767111
28597137,-27.843117,49.689613,13.7959781036911,112.8973699480588,242.54482293396345
28597141,-15.918824,29.546366,5.816295103691101,133.55440747455515,239.2164374769661
28597144,-17.593084,26.769156,17.222032103691102,31.694746757657867,265.2331053355229
28597149,-15.692001,26.055134,10.952801103691101,85.85997771974871,252.5640466707076
28597150,-101.094063,156.8358,69.41926710369111,75.24594491639203,257.1081933690754
28597152,-12.362591,20.293886,9.095616103691102,81.87780514543593,255.09208336522585
28597153,-33.82143,54.756165,20.056587103691104,94.29559682101444,252.8094397936406
28597158,-9.518223,16.403774,5.558155103691101,110.04350454786682,249.7237036398202
28597160,-17.897892,31.681387,1.4792081036911011,163.4403733832087,242.23178878447936
28597165,-15.729403,22.692312,13.5992901036911,46.59736482410929,271.3870631821203
28597166,-11.728094,18.268885,8.722394103691101,77.19422544461065,261.73327671397385
28597167,-12.692504,18.078348,11.627666103691102,37.57023094979607,275.09022470081646
28597168,-15.191693,22.175287,12.5039971036911,55.45088646135133,269.4929633407711
28597169,-19.785364,32.597439,6.6875211036911,131.93682340186,250.3102871133507
28597170,-5.90609,10.778328,1.582315103691101,162.1258579557924,244.6290377274226
28597172,-21.155165,31.372747,14.163034103691102,79.68529178184312,264.4571059086252
28597180,-11.412086,18.722689,2.427084103691101,153.74858066450415,251.7146766999156
28597184,-9.235123,14.17894,4.985015103691101,111.37850033742352,262.9869362530873
28597186,-18.43256,28.396757,1.406887103691101,164.11485798264337,255.5057584534881
28597192,-10.039757,15.419521,2.301834103691101,153.39728850686572,259.5309656115917
28597193,-15.254416,21.480463,7.054500103691101,111.8518359723388,269.6678964453792
28597195,-15.423555,22.919312,1.132328103691101,166.60452765734792,259.74211741681466
28597198,-9.730351,12.932557,7.026896103691101,70.36903772251517,284.13622318710446
28597201,-12.321979,17.485521,4.622990103691101,128.12653849772838,268.86050360474115
28597208,-19.286898,25.548353,0.8201941036911011,168.4945440792279,270.83321361196903
28582862,-8.806653,7.580817,5.233310103691101,63.50650818346705,356.96256596596635
28590762,-9.205553,13.985128,5.882715103691101,95.5787083969455,265.35184028196136
28593937,-8.278753,11.413119,5.2240021036911015,92.78356947638622,279.1385192680368
28578372,-31.228161,97.448555,4.989987103691101,155.2238544106388,198.90157469231136
28586890,-17.354677,30.356556,0.30241110369110114,170.82134654864785,243.103409158395
28586890,-17.354677,30.356556,0.30241110369110114,170.82134654864785,243.103409158395
28579748,-7.689619,4.633793,0.11267210369110114,213.30878717982495,394.7842448813445
28582866,-11.183097,10.065353,0.05613910369110098,188.71233459083504,321.6209773637008
28586894,-8.673485,15.412495,0.1272871036911012,181.13885776379777,243.846988801578
28586894,-8.673485,15.412495,0.1272871036911012,181.13885776379777,243.846988801578
28586899,-7.426574,17.567871,8.929653103691102,59.24467374055601,220.0241427714599
28586899,-7.426574,17.567871,8.929653103691102,59.24467374055601,220.0241427714599
28589974,-10.353663,17.380428,12.9612591036911,0.9186606940649256,257.6828664202771
28589974,-10.353663,17.380428,12.9612591036911,0.9186606940649256,257.6828664202771
28578391,-29.979794,87.63382,4.704119103691101,155.17972499206294,202.97731613714785
28578391,-29.979794,87.63382,4.704119103691101,155.17972499206294,202.97731613714785
28593946,-16.089924,23.457325,0.22168110369110106,173.62857787438182,261.056518858626
28593946,-16.089924,23.457325,0.22168110369110106,173.62857787438182,261.056518858626
28578408,-29.976604,82.648384,8.568181103691101,145.03082149173758,206.6587888002412
28578408,-29.976604,82.648384,8.568181103691101,145.03082149173758,206.6587888002412
28579760,-5.721072,3.65656,0.024386103691101058,235.69249588784623,397.9344353805515
28590771,-12.442468,19.12183,9.824314103691101,67.9635846903106,263.556161684439
28590771,-12.442468,19.12183,9.824314103691101,67.9635846903106,263.556161684439
28582879,-8.588553,7.21583,5.209271103691101,58.49746935122101,363.3502772266313
28578419,-38.392639,102.925835,7.5201711036911005,150.84006701165117,208.56885881369857
28578419,-38.392639,102.925835,7.5201711036911005,150.84006701165117,208.56885881369857
28578420,-41.487934,114.791359,-0.6088148963088988,166.38833177719573,206.6405876051072
28578420,-41.487934,114.791359,-0.6088148963088988,166.38833177719573,206.6405876051072
28586909,-8.034643,18.13545,9.2221291036911,59.87302734632951,224.23197670904503
28586909,-8.034643,18.13545,9.2221291036911,59.87302734632951,224.23197670904503
28578424,-37.258438,99.633034,5.129344103691101,155.388136553329,208.79713461316248
28589979,-28.377731,62.084961,3.884143103691101,155.39205519493714,223.6562398180008
28589979,-28.377731,62.084961,3.884143103691101,155.39205519493714,223.6562398180008
28586910,-14.062668,26.833651,8.7230311036911,105.62572074873754,237.81022877658552
28593951,-6.889328,10.89767,0.05164110369110109,190.2140483707814,257.04812353012073
28593951,-6.889328,10.89767,0.05164110369110109,190.2140483707814,257.04812353012073
28578436,-39.260826,98.932411,5.222951103691101,155.26432257195972,212.9035619849311
28578436,-39.260826,98.932411,5.222951103691101,155.26432257195972,212.9035619849311
28578440,-41.500961,104.54229,2.211320103691101,161.45787274639383,212.9360056291515
28578440,-41.500961,104.54229,2.211320103691101,161.45787274639383,212.9360056291515
28578441,-36.862801,93.625412,0.5188941036911011,164.88438468149923,212.416268918099
28578441,-36.862801,93.625412,0.5188941036911011,164.88438468149923,212.416268918099
28586912,-7.896659,13.560747,0.10021110369110109,184.08905106731532,247.65573579335984
28586912,-7.896659,13.560747,0.10021110369110109,184.08905106731532,247.65573579335984
28579771,-8.350638,6.445877,5.2762201036911005,43.07022515248488,384.4850132931024
28578451,-46.253971,113.465324,-0.41241189630889896,166.13144819547028,214.7858436743653
28578451,-46.253971,113.465324,-0.41241189630889896,166.13144819547028,214.7858436743653
28590782,-16.419708,21.969915,4.713500103691101,135.85633794248375,273.271742465968
28590782,-16.419708,21.969915,4.713500103691101,135.85633794248375,273.271742465968
28589984,-9.519438,15.730431,11.7819591036911,1.5535037217488536,260.2591246885924
28589984,-9.519438,15.730431,11.7819591036911,1.5535037217488536,260.2591246885924
28521488,-7.318933,5.714668,4.574203103691101,50.36819418546958,386.8732007229749
28578459,-48.009285,110.489578,5.629487103691101,155.51901878176886,219.45410297550663
28578461,-33.767025,73.331154,16.183542103691103,121.59504356768385,224.534738885926
28578461,-33.767025,73.331154,16.183542103691103,121.59504356768385,224.534738885926
28590784,-9.869419,17.149307,12.750782103691101,0.0159375073649528,253.71792592279
28590784,-9.869419,17.149307,12.750782103691101,0.0159375073649528,253.71792592279
28578466,-40.003227,89.088448,8.634310103691101,146.97642668629177,222.12221831220785
28578466,-40.003227,89.088448,8.634310103691101,146.97642668629177,222.12221831220785
28544338,-15.738704,84.852852,0.4523311036911011,164.97620459669497,172.4740067495303
28544338,-15.738704,84.852852,0.4523311036911011,164.97620459669497,172.4740067495303
28590786,-5.715423,7.888878,-0.03029589630889884,202.83211258943567,274.57432372786985
28590786,-5.715423,7.888878,-0.03029589630889884,202.83211258943567,274.57432372786985
28582903,-8.291967,6.812583,4.821203103691101,64.6956032198942,367.7555381178108
28578474,-51.143219,116.026482,-0.49660289630889887,166.22704749981511,220.43660858195867
28578474,-51.143219,116.026482,-0.49660289630889887,166.22704749981511,220.43660858195867
28593964,-9.893115,13.18858,5.025891103691101,108.47693436720851,280.08955453094615
28593964,-9.893115,13.18858,5.025891103691101,108.47693436720851,280.08955453094615
28536044,-23.786835,93.721985,6.738974103691101,150.48523016617435,185.72646959617265
28536044,-23.786835,93.721985,6.738974103691101,150.48523016617435,185.72646959617265
28586051,-7.459769,38.465023,1.010391103691101,165.23332474331767,173.75625967175603
28586051,-7.459769,38.465023,1.010391103691101,165.23332474331767,173.75625967175603
28582908,-9.654583,7.725124,4.746725103691101,83.67886765537708,363.5080761581938
28544365,-32.147358,91.281548,6.359016103691101,151.7720187216413,204.77999029861803
28544365,-32.147358,91.281548,6.359016103691101,151.7720187216413,204.77999029861803
28590793,-5.580183,7.57328,-0.02861989630889883,204.51171643311977,277.0102604338492
28578490,-42.219444,90.193077,2.851283103691101,160.0691583901395,225.20408031545767
28578490,-42.219444,90.193077,2.851283103691101,160.0691583901395,225.20408031545767
28586930,-7.645448,12.556111,0.012818103691101035,187.06685224087693,252.30895216740257
28586930,-7.645448,12.556111,0.012818103691101035,187.06685224087693,252.30895216740257
28579802,-3.397975,2.448784,0.03129510369110111,296.56242487458564,415.7024851824624
28536074,-36.001732,100.907585,2.5831211036911013,160.54912659897016,205.74273890917837
28548043,-18.132656,36.83308,0.3998551036911011,168.94245862109534,229.96393563734736
28548043,-18.132656,36.83308,0.3998551036911011,168.94245862109534,229.96393563734736
28590000,-12.315077,19.001947,14.355497103691102,1.5863580146901484,267.3176789152159
28590000,-12.315077,19.001947,14.355497103691102,1.5863580146901484,267.3176789152159
28586939,-13.788151,23.33131,6.344703103691101,120.6617544983145,249.34981610988967
28586941,-7.037621,11.294547,0.04662810369110115,189.32517926806267,255.3280741638623
28586941,-7.037621,11.294547,0.04662810369110115,189.32517926806267,255.3280741638623
28582930,-8.266948,6.357422,5.262474103691101,41.40445867703591,386.0796500682022
28586947,-14.712915,22.294294,-0.053623896308898855,176.4999864234389,257.29137552449487
28586947,-14.712915,22.294294,-0.053623896308898855,176.4999864234389,257.29137552449487
28590805,-10.346855,16.653368,12.517755103691101,1.5771549778209248,263.0437138718873
28590805,-10.346855,16.653368,12.517755103691101,1.5771549778209248,263.0437138718873
28570556,-14.030295,11.480005,-0.061390896308898935,186.3696453840364,331.5471191759252
28590815,-5.194975,6.807436,-0.0015768963088989008,208.76877639624703,282.7176572795837
28548069,-6.61877,9.993072,-0.03557589630889901,194.3013901803563,262.3992825322516
28582939,-4.158305,4.278461,-0.03517989630889895,238.8302367323984,324.7075250266193
28590010,-11.534336,19.860369,9.9698011036911,67.38421351917404,250.78574827101303
28533950,-22.639486,92.460793,4.743588103691101,154.9480850246738,184.12768448840097
28533950,-22.639486,92.460793,4.743588103691101,154.9480850246738,184.12768448840097
28579821,-3.354899,2.353827,0.03018310369110111,302.7300367049837,424.48010130649646
28577148,-17.50848,19.17498,2.703352103691101,152.97289033327303,295.21663174568744
28536145,-11.314863,15.245431,5.247077103691101,113.9033088344576,276.9459121845581
28536145,-11.314863,15.245431,5.247077103691101,113.9033088344576,276.9459121845581
28540474,-40.796661,90.236725,2.169944103691101,161.49445726451535,222.49927268088797
28593997,-11.920667,14.468413,5.533455103691101,108.34299827594532,290.44388191686244
28593997,-11.920667,14.468413,5.533455103691101,108.34299827594532,290.44388191686244
28590831,-11.252971,14.097768,5.199168103691101,111.14389740694644,286.57394490807025
28593998,-11.233595,13.851848,4.960130103691101,114.06587135704558,288.3869372312954
28577149,-18.589924,20.35305,3.517288103691101,146.4247181936275,295.5821521260036
28586972,-17.193361,27.618202,8.636035103691102,110.67165901801006,254.4946254132003
28586972,-17.193361,27.618202,8.636035103691102,110.67165901801006,254.4946254132003
28578537,-17.269163,33.563923,2.194878103691101,159.13194024128512,234.05942990741835
28578537,-17.269163,33.563923,2.194878103691101,159.13194024128512,234.05942990741835
28590835,-10.859133,16.067181,12.201196103691101,3.977445181722089,273.7161476100616
28590835,-10.859133,16.067181,12.201196103691101,3.977445181722089,273.7161476100616
28578538,-15.406529,30.662266,-0.01893789630889886,172.81600922417798,231.88849814384304
28578538,-15.406529,30.662266,-0.01893789630889886,172.81600922417798,231.88849814384304
28594001,-6.851748,8.176586,5.192368103691101,60.293514054832514,307.2635407144346
28590839,-10.512416,13.016223,4.745023103691101,113.7517567267876,288.6176835747579
28590839,-10.512416,13.016223,4.745023103691101,113.7517567267876,288.6176835747579
28577159,-2.825036,3.637165,0.24372710369110107,249.2092545381037,304.9430260650812
28577162,-2.754658,3.50424,0.40200310369110104,243.8540078454746,310.0401042052034
28578551,-0.589154,2.803797,-0.017959896308898937,372.21435771857415,172.56266024671277
28578551,-0.589154,2.803797,-0.017959896308898937,372.21435771857415,172.56266024671277
28586985,-12.497704,19.811895,6.680726103691101,108.98589821570113,257.43524309140264
28586985,-12.497704,19.811895,6.680726103691101,108.98589821570113,257.43524309140264
28578554,-11.541656,19.83971,9.948398103691101,67.58389504079418,250.96157472937568
28586088,-7.852077,32.442631,1.042673103691101,165.65448247167114,183.7416466195928
28586088,-7.852077,32.442631,1.042673103691101,165.65448247167114,183.7416466195928
28586987,-16.019958,25.045053,8.495764103691101,106.1277073688262,257.9606561076826
28586992,-6.456791,9.455114,0.07037610369110103,193.9557436952314,266.2727252722795
28586992,-6.456791,9.455114,0.07037610369110103,193.9557436952314,266.2727252722795
28577164,-2.804652,3.521782,0.3466641036911011,246.26331430043945,310.94452792403195
28582965,-9.596212,7.245863,4.208147103691101,94.94172478222332,372.0275208432795
28578557,-13.697974,26.270927,-0.10617289630889881,175.12126394012182,235.28976132968825
28578557,-13.697974,26.270927,-0.10617289630889881,175.12126394012182,235.28976132968825
28577168,-10.00784,9.215403,0.20742310369110117,188.7509754825547,320.5105014454085
28578559,-10.019662,16.345417,12.2306821036911,2.0905098816911334,261.5063721283044
28578559,-10.019662,16.345417,12.2306821036911,2.0905098816911334,261.5063721283044
28582968,-7.999777,5.981709,4.890544103691101,47.58087981271777,392.17549814642825
28578563,-17.243353,29.976719,7.144445103691101,125.14319431852658,245.6526169679539
28578563,-17.243353,29.976719,7.144445103691101,125.14319431852658,245.6526169679539
28582978,-7.906659,5.735916,5.221211103691101,27.739544978301296,403.9951701470435
28590025,-16.949858,33.59169,-0.15028889630889886,172.6708156118619,232.06260151319665
28590025,-16.949858,33.59169,-0.15028889630889886,172.6708156118619,232.06260151319665
28587004,-12.749516,20.223536,8.673926103691102,87.37405630531015,258.5218178283704
28578574,-8.950629,14.21545,10.7433581036911,2.467931055204218,265.9445172435771
28578574,-8.950629,14.21545,10.7433581036911,2.467931055204218,265.9445172435771
28565406,-30.322653,67.534203,7.9933241036911005,143.59041903339212,222.3213959762768
28587008,-10.968316,16.852497,6.400361103691101,101.99050327297188,262.2197359579436
28578581,-20.216578,35.283672,0.09485910369110107,170.80376849491572,242.9410102585656
28578581,-20.216578,35.283672,0.09485910369110107,170.80376849491572,242.9410102585656
28534058,-0.578008,2.794136,-0.01096689630889891,373.39452872148354,171.25840964216715
28534058,-0.578008,2.794136,-0.01096689630889891,373.39452872148354,171.25840964216715
28578584,-13.605997,22.847443,5.6027691036911005,126.79884100439124,249.8978222087396
28578585,-10.81095,19.552544,-0.1268738963088989,179.5888513468089,241.20004651403744
28578585,-10.81095,19.552544,-0.1268738963088989,179.5888513468089,241.20004651403744
28534066,-18.804407,24.365379,5.515321103691101,132.67553578377175,276.541996823846
28534066,-18.804407,24.365379,5.515321103691101,132.67553578377175,276.541996823846
28579850,-4.633867,2.671725,0.008303103691100988,267.66702042825534,436.3934888539352
28594019,-10.739817,12.364266,5.100227103691101,105.74371358918334,299.2017062425285
28578590,-0.574205,2.607559,-0.009643896308898947,399.8605966439108,175.65748164873034
28578590,-0.574205,2.607559,-0.009643896308898947,399.8605966439108,175.65748164873034
28577192,-3.753604,3.317485,0.04395810369110098,258.2309564296392,359.32967282737275
28579855,-7.6616,5.397162,5.150455103691101,20.515626037780777,414.2647367847724
28587024,-5.73519,7.942617,-0.031908896308898926,202.5966289609377,274.11431052816243
28587024,-5.73519,7.942617,-0.031908896308898926,202.5966289609377,274.11431052816243
28582994,-7.830923,5.512411,5.254071103691101,20.315391248227883,413.1549326749032
28586114,-12.9136,45.722881,0.891713103691101,165.4289486040989,191.94245471458868
28586114,-12.9136,45.722881,0.891713103691101,165.4289486040989,191.94245471458868
28594022,-7.434859,8.332114,5.234011103691101,64.26213360215974,315.16693140078166
28577198,-8.103804,5.181267,0.5184691036911011,196.60919147389265,385.4563204634954
28578600,-12.5303,20.131058,6.749325103691101,109.01160297308628,255.9379687603215
28578600,-12.5303,20.131058,6.749325103691101,109.01160297308628,255.9379687603215
28587028,-11.670719,17.316315,7.123768103691101,94.9304185726119,266.3971478878203
28579858,-6.28157,3.205563,0.053715103691100996,237.7569269792719,437.7800512639208
28587036,-12.123786,17.598091,7.3817951036911005,93.29797768366124,268.88975684305484
28587036,-12.123786,17.598091,7.3817951036911005,93.29797768366124,268.88975684305484
28582998,-3.950093,3.845817,-0.025170896308899016,247.6721121584752,336.81991347170054
28587041,-17.295996,24.591345,10.2921401036911,90.24708645742422,269.4878162656211
28587041,-17.295996,24.591345,10.2921401036911,90.24708645742422,269.4878162656211
28579859,-4.699952,2.686011,0.07047110369110099,262.8716598212396,438.4439003995429
28532311,-31.10096,84.889297,4.648912103691101,155.20007487564067,207.46005855993457
28532311,-31.10096,84.889297,4.648912103691101,155.20007487564067,207.46005855993457
28590874,-4.939031,5.823102,0.005855103691100982,216.1173147639224,298.31299239430325
28555628,-16.076082,102.656326,4.919361103691101,154.82087269317822,165.6870137534777
28577219,-4.481129,2.773764,0.1671511036911011,257.55789645711195,426.40477806071874
28594037,-10.609303,11.642003,5.237970103691101,99.8458591100461,306.9721870589336
28590879,-12.070651,13.857697,5.816074103691101,102.17083775559676,298.5359813287016
28534125,-9.972201,7.960686,4.858877103691101,83.8766273732358,362.8665739387772
28532318,-34.305035,90.656128,0.5797441036911011,164.80076751812155,209.715969272932
28532318,-34.305035,90.656128,0.5797441036911011,164.80076751812155,209.715969272932
28579865,-3.271299,2.203944,0.03340410369110103,313.76493123848866,439.5876518312357
28594041,-11.837141,14.126419,0.32271610369110104,179.0654407910998,285.1298277954674
28590884,-9.191174,10.719825,4.542846103691101,105.97271710905947,299.60390328313684
28578623,-8.718681,12.578766,9.663502103691101,5.159684841465236,279.39750358243475
28578623,-8.718681,12.578766,9.663502103691101,5.159684841465236,279.39750358243475
28578625,-8.79561,14.85944,-0.07014289630889903,184.22875264964,248.5950922151212
28590043,-13.137735,25.056831,-0.09530189630889896,175.64354209936891,235.87464772038197
28590043,-13.137735,25.056831,-0.09530189630889896,175.64354209936891,235.87464772038197
28578629,-11.049431,16.547438,6.784604103691101,95.70385731060864,265.62050148695863
28578629,-11.049431,16.547438,6.784604103691101,95.70385731060864,265.62050148695863
28570580,-8.719014,7.657843,5.153347103691101,66.38477747544295,353.0438174172419
28594051,-8.696172,8.949456,5.599786103691101,66.76668632697886,325.27115784064034
28590050,-8.486941,12.215521,9.386434103691101,5.58636917762064,280.03437904185915
28590050,-8.486941,12.215521,9.386434103691101,5.58636917762064,280.03437904185915
28587063,-16.890692,20.692465,3.5013751036911014,146.0977953484113,282.5251645470801
28578647,-14.77248,21.524519,5.141428103691101,130.32573689258095,264.5796136283991
28578647,-14.77248,21.524519,5.141428103691101,130.32573689258095,264.5796136283991
28587072,-10.120586,17.371395,12.892874103691101,0.921535108597169,255.03964771958437
28570586,-4.250936,2.831239,-0.0034408963088989886,268.5668430097546,410.7212109862448
28567403,-7.657515,9.264154,5.067769103691101,79.33835249999117,300.4615382014034
28590905,-4.580316,5.24808,-0.037131896308898904,224.1622639508516,304.2311074411181
28590906,-2.738686,3.625017,-0.0010588963088988823,264.389152420729,299.3911993027783
28579879,-7.935542,3.605242,0.15136210369110104,220.06917204980516,446.4006778061565
28583068,-6.23106,4.593301,1.277242103691101,175.2191873900964,378.6933822106306
28594840,-1.046213,4.595665,0.01789810369110101,256.8995593180228,180.04699965976022
28594840,-1.046213,4.595665,0.01789810369110101,256.8995593180228,180.04699965976022
28587082,-9.202727,12.23118,4.742771103691101,108.5217509334856,281.2969168353184
28587082,-9.202727,12.23118,4.742771103691101,108.5217509334856,281.2969168353184
28587084,-7.834115,10.834208,5.039937103691101,92.03395846778632,279.50389797149853
28587084,-7.834115,10.834208,5.039937103691101,92.03395846778632,279.50389797149853
28578667,-7.982734,10.619884,8.270987103691102,8.782395304685906,292.43696904605315
28578667,-7.982734,10.619884,8.270987103691102,8.782395304685906,292.43696904605315
28590067,-18.72719,32.802414,0.2170571036911011,170.7125433476764,242.7912687820164
28590067,-18.72719,32.802414,0.2170571036911011,170.7125433476764,242.7912687820164
28579887,-7.586013,5.044395,4.960215103691101,20.23637397890212,428.5914867775375
28587088,-10.180946,16.845261,12.626866103691102,0.715715541799824,259.64555644017173
28587088,-10.180946,16.845261,12.626866103691102,0.715715541799824,259.64555644017173
28590068,-10.966641,19.983934,-0.06649389630889901,178.65666056091837,240.4819763436944
28590068,-10.966641,19.983934,-0.06649389630889901,178.65666056091837,240.4819763436944
28514470,-9.193148,6.858169,-0.0230858963088989,201.30533546053,352.3986169055993
28578674,-11.444738,15.82476,5.301489103691101,114.87874392585567,273.56871925737914
28578674,-11.444738,15.82476,5.301489103691101,114.87874392585567,273.56871925737914
28578675,-12.072979,16.73185,4.902185103691101,123.04142148698836,272.2051114188015
28578675,-12.072979,16.73185,4.902185103691101,123.04142148698836,272.2051114188015
28558847,-12.423491,20.041281,6.594649103691101,110.41175552050083,255.4531198778053
28532383,-10.771898,16.399656,6.287373103691101,101.73323071909446,263.4387759435629
28532383,-10.771898,16.399656,6.287373103691101,101.73323071909446,263.4387759435629
28578682,-12.392212,16.936478,4.711823103691101,126.15832071179076,273.4229470796395
28578682,-12.392212,16.936478,4.711823103691101,126.15832071179076,273.4229470796395
28587106,-10.423162,16.23555,12.2500041036911,2.622445691118827,267.22808231139754
28587106,-10.423162,16.23555,12.2500041036911,2.622445691118827,267.22808231139754
28590919,-4.500778,5.083812,-0.03175389630889902,226.0891739291273,306.92733845607506
28594083,-9.509448,10.503366,0.4406681036911011,182.63825358931524,297.2070169467207
28532406,-12.161309,16.919954,5.007551103691101,122.18331493008154,271.7542776874426
28532406,-12.161309,16.919954,5.007551103691101,122.18331493008154,271.7542776874426
28532410,-11.764,16.121811,4.5071581036911015,126.6204329480143,273.4596879515076
28532410,-11.764,16.121811,4.5071581036911015,126.6204329480143,273.4596879515076
28590925,-14.751995,14.376105,2.259505103691101,155.1956418112105,311.7517692765589
28571903,-6.380285,18.019941,12.020288103691101,5.052203407779075,204.0097776754145
28571903,-6.380285,18.019941,12.020288103691101,5.052203407779075,204.0097776754145
28578702,-9.2734,12.425282,4.768201103691101,108.95496773100923,280.105506587942
28578702,-9.2734,12.425282,4.768201103691101,108.95496773100923,280.105506587942
28590081,-10.017677,17.81526,-0.06338089630889887,180.5786033736132,243.0703841334237
28590081,-10.017677,17.81526,-0.06338089630889887,180.5786033736132,243.0703841334237
28558882,-0.748038,3.373149,0.002334103691101097,313.19401777038144,177.565830998578
28558882,-0.748038,3.373149,0.002334103691101097,313.19401777038144,177.565830998578
28586150,-38.695026,112.211792,5.6352961036911005,155.15002394328633,203.44113064096757
28586150,-38.695026,112.211792,5.6352961036911005,155.15002394328633,203.44113064096757
28583102,-5.872755,3.988477,0.01651310369110104,230.50540160572427,384.633406379139
28576182,0.135612,3.75723,-0.009473896308898944,314.72297304535505,85.53551281612278
28538669,-0.232014,3.004957,-0.016298896308899025,367.218419376766,121.81505657502102
28583108,-3.617466,2.924972,0.018930103691101152,273.2842115871591,380.93470407907455
28583109,-9.042193,5.173353,2.3174081036911014,140.09971962122063,416.8923369885054
28594871,-44.694332,90.36734,6.1070641036911,153.14307865766278,229.7298342314755
28594871,-44.694332,90.36734,6.1070641036911,153.14307865766278,229.7298342314755
28594095,-4.593355,5.75744,0.089073103691101,215.12772428520253,291.5798378691816
28538688,-1.016927,4.19944,0.0017591036911011049,269.69427039211445,184.02229886619983
28538688,-1.016927,4.19944,0.0017591036911011049,269.69427039211445,184.02229886619983
28587118,-11.138941,16.504276,12.5502691036911,3.3616319004811714,273.3537955484022
28587118,-11.138941,16.504276,12.5502691036911,3.3616319004811714,273.3537955484022
28594098,-10.291405,10.842036,1.369335103691101,166.6374686337576,304.4557330194879
28590089,-8.12585,10.955278,8.491674103691102,8.683513268261578,290.1149142932178
28594099,-12.065066,12.231934,2.161449103691101,154.71250812749176,309.0160191064715
28594102,-11.689578,12.121991,0.643776103691101,176.75873711138905,303.35831434475256
28586160,-23.958441,64.844521,6.9796501036911005,145.23560398592113,208.00414741420013
28586160,-23.958441,64.844521,6.9796501036911005,145.23560398592113,208.00414741420013
28590095,-12.599913,18.560928,7.582019103691101,94.83595951788118,266.7483504454259
28594879,-19.469849,33.645195,5.946357103691101,137.16414366618744,245.3958624879371
28594879,-19.469849,33.645195,5.946357103691101,137.16414366618744,245.3958624879371
28586162,-37.427181,106.260315,-0.26036289630889886,166.02942756464432,204.9920680609976
28586162,-37.427181,106.260315,-0.26036289630889886,166.02942756464432,204.9920680609976
28576210,0.042254,2.882066,-0.027641896308898906,402.3964314521904,75.81291855970719
28594880,-17.944447,32.172634,14.9470981036911,71.680120931305,244.58147493861804
28594880,-17.944447,32.172634,14.9470981036911,71.680120931305,244.58147493861804
28587125,-10.124016,12.005045,4.8167671036911015,108.16949658194332,295.5841320116681
28594109,-15.088098,76.771568,9.631447103691102,138.5427951055492,173.0791189842346
28594109,-15.088098,76.771568,9.631447103691102,138.5427951055492,173.0791189842346
28594110,-21.848034,110.234512,11.3003351036911,142.61793658612845,173.82402085176153
28594110,-21.848034,110.234512,11.3003351036911,142.61793658612845,173.82402085176153
28590940,-10.689376,10.487743,2.0758081036911014,154.64217469734103,315.5295261082508
28583122,-7.584636,4.433923,0.104930103691101,215.4705098783428,400.8243600855966
28590101,-7.806552,10.309776,8.051103103691101,9.008593691454678,293.9253137840942
28590101,-7.806552,10.309776,8.051103103691101,9.008593691454678,293.9253137840942
28590103,-8.365118,14.235106,-0.00357889630889896,184.3692015361601,248.17675303171765
28590103,-8.365118,14.235106,-0.00357889630889896,184.3692015361601,248.17675303171765
28594115,-3.775591,17.503773,3.140961103691101,140.0849082766874,175.9881502240143
28594115,-3.775591,17.503773,3.140961103691101,140.0849082766874,175.9881502240143
28583128,-3.400511,2.693127,0.007228103691101051,286.65895182902767,391.20982530084353
28590958,-7.275003,8.331671,5.564028103691101,52.871573692168,313.55500541687167
28590958,-7.275003,8.331671,5.564028103691101,52.871573692168,313.55500541687167
28594893,-16.586597,23.683201,6.010489103691101,126.35521976627705,266.5525550335842
28594893,-16.586597,23.683201,6.010489103691101,126.35521976627705,266.5525550335842
28594894,-11.833033,18.045948,9.077029103691101,71.55847170089143,264.57332971992366
28587140,-8.81244,12.476387,9.625179103691101,5.336757508716715,281.98760834604843
28587140,-8.81244,12.476387,9.625179103691101,5.336757508716715,281.98760834604843
28576231,-0.662708,3.821123,-0.009372896308898815,291.39126295610265,163.2251325014955
28576231,-0.662708,3.821123,-0.009372896308898815,291.39126295610265,163.2251325014955
28587141,-9.532796,11.05113,4.712748103691101,104.82807002010352,300.0388910525824
28590115,-12.702694,18.840208,4.613358103691101,130.65288683992276,263.4132782203285
28590115,-12.702694,18.840208,4.613358103691101,130.65288683992276,263.4132782203285
28583135,-3.60727,2.707616,-0.021433896308898914,284.0638650257505,397.7219529694139
28578770,-12.972695,15.35144,0.2848051036911011,178.14370185057408,285.3807923136667
28578775,-7.32139,8.564022,5.061903103691101,71.3884331766728,307.62374013463585
28567464,-11.905234,10.856986,-0.221839896308899,190.9308233838205,318.33125077724594
28590976,-6.554053,7.287884,4.862629103691101,57.94711477663856,320.76389246614355
28583141,-6.530947,3.63298,-0.7213358963088989,259.0437941986259,407.7723572571372
28583143,-3.330005,2.554845,0.014051103691101074,293.9649502615329,401.4172351772791
28594901,-9.789378,13.838437,6.735230103691101,81.44681629657958,274.897702590257
28587148,-2.705623,3.594893,0.015347103691101038,264.7828230178231,299.4217937491284
28578784,-0.950893,2.43361,-0.011439896308898856,400.5660676423106,236.61393026173812
28578784,-0.950893,2.43361,-0.011439896308898856,400.5660676423106,236.61393026173812
28578787,-7.322078,8.384053,5.134436103691101,67.28717175217744,311.59456335121325
28587157,-7.162591,8.875709,5.173292103691101,70.46058226049408,299.09359296401107
28587157,-7.162591,8.875709,5.173292103691101,70.46058226049408,299.09359296401107
28594908,-1.161768,2.46806,-0.007583896308898996,381.1931631359945,259.453702124576
28594908,-1.161768,2.46806,-0.007583896308898996,381.1931631359945,259.453702124576
28590985,-4.160778,4.303094,-0.03125989630889903,238.25925613680735,323.83798759650546
28590130,-8.839651,12.44009,5.307973103691101,97.9715383303088,275.20254078681205
28590986,-11.516111,10.652701,4.110759103691101,119.04330363831949,328.4747558645315
28590131,-7.291971,11.809308,0.043140103691100995,188.17218563729685,254.10920801612943
28590131,-7.291971,11.809308,0.043140103691100995,188.17218563729685,254.10920801612943
28595722,-5.85573,24.274872,14.9935151036911,9.35922893222812,175.65587923380818
28595722,-5.85573,24.274872,14.9935151036911,9.35922893222812,175.65587923380818
28571942,-0.614274,3.134321,-0.0061718963088990275,336.070161870643,168.54061121653217
28571942,-0.614274,3.134321,-0.0061718963088990275,336.070161870643,168.54061121653217
28590989,-2.910898,3.443881,0.7886331036911011,218.75718541470644,325.484190390847
28578817,-10.310466,10.81732,5.024723103691101,99.3210422588052,314.1820722294518
28590140,-8.314377,11.368935,5.258399103691101,91.90253234418572,280.26205394704755
28587168,-7.08376,8.664677,5.203575103691101,66.93912887376916,301.75705286221853
28587168,-7.08376,8.664677,5.203575103691101,66.93912887376916,301.75705286221853
28568329,-31.70854,98.423912,4.9779861036911015,155.33355902707524,199.22540669473844
28568329,-31.70854,98.423912,4.9779861036911015,155.33355902707524,199.22540669473844
28590145,-10.539618,14.414521,5.023442103691101,113.6635410662884,275.7442223896007
28590145,-10.539618,14.414521,5.023442103691101,113.6635410662884,275.7442223896007
28583165,-9.649132,18.41507,5.1923391036911015,120.13085307833688,238.65760718350265
28583165,-9.649132,18.41507,5.1923391036911015,120.13085307833688,238.65760718350265
28590147,-6.954503,10.950772,0.004641103691101156,190.8568679132409,257.41112235159227
28590147,-6.954503,10.950772,0.004641103691101156,190.8568679132409,257.41112235159227
28590997,-4.232876,4.310847,0.014773103691101186,235.73617503562065,326.14476085935155
28594939,-3.473687,3.218778,-0.065562896308899,270.5517842342763,353.22159792575894
28587176,-9.890281,10.825015,4.9775351036911015,99.23185881050324,308.5506016303422
28594147,-20.154219,42.766029,3.151326103691101,155.38287435692877,226.4644784121573
28594147,-20.154219,42.766029,3.151326103691101,155.38287435692877,226.4644784121573
28578830,-9.192803,9.337324,5.835485103691101,66.56220784574171,326.20930318810633
28595745,-19.204426,99.618851,6.994065103691101,150.17658133067184,173.11440879546274
28578832,-12.669034,13.259212,0.015944103691100997,183.57076773513188,300.22653921336644
28583174,-14.584907,27.664896,8.927715103691101,105.97537794057912,238.275924833142
28557265,-15.16703,22.526342,4.955126103691101,133.48454545606785,262.1078933395747
28576279,-0.905066,2.661118,-0.014984896308898987,371.9567755534532,217.3627611213463
28576279,-0.905066,2.661118,-0.014984896308898987,371.9567755534532,217.3627611213463
28583181,-7.31757,11.938631,0.049654103691101126,187.8061179046212,253.3173734813696
28583181,-7.31757,11.938631,0.049654103691101126,187.8061179046212,253.3173734813696
28568348,-26.31826,61.455292,3.7629671036911008,155.55865463680868,218.674692469224
28568348,-26.31826,61.455292,3.7629671036911008,155.55865463680868,218.674692469224
28583187,-7.413519,17.22559,8.773726103691102,59.6140016491336,221.72132743675425
28583187,-7.413519,17.22559,8.773726103691102,59.6140016491336,221.72132743675425
28583191,-7.02564,11.247199,0.05594410369110103,189.27628849290056,255.61663988258653
28583191,-7.02564,11.247199,0.05594410369110103,189.27628849290056,255.61663988258653
28591015,-6.04591,6.475436,4.725123103691101,46.17373864967172,332.0132763739421
28578851,-13.221125,13.309248,-0.3071618963088989,187.27062373956628,304.2153003849966
28569333,-28.801092,86.24968,4.624633103691101,155.20335694200426,201.4533800624408
28569333,-28.801092,86.24968,4.624633103691101,155.20335694200426,201.4533800624408
28583196,-14.030393,21.309299,0.06472110369110107,176.13560784360172,257.2974129172828
28583196,-14.030393,21.309299,0.06472110369110107,176.13560784360172,257.2974129172828
28583198,-7.883739,17.429565,8.903066103691101,60.22180772860571,226.31499190080132
28583198,-7.883739,17.429565,8.903066103691101,60.22180772860571,226.31499190080132
28576297,-0.840547,2.316986,-0.013735896308898932,430.66922855645936,229.77548784560088
28576297,-0.840547,2.316986,-0.013735896308898932,430.66922855645936,229.77548784560088
28578862,-12.626904,12.31098,0.3317371036911011,180.59788527600256,309.96844177995126
28590163,-12.538443,16.523233,4.9324771036911015,122.7485493238386,278.04868420994404
28590163,-12.538443,16.523233,4.9324771036911015,122.7485493238386,278.04868420994404
28578870,-9.722915,9.419218,3.6829521036911013,120.06944154477029,324.5303156547002
28587195,-9.532072,10.249241,4.945865103691101,95.81953494561644,312.3205487607463
28576306,-2.901886,3.694942,0.04435810369110116,257.99323409135434,303.89213383374465
28583210,-20.687632,33.890553,9.303645103691101,117.03875635840544,251.5174585469584
28590167,-6.680082,10.15844,-0.024832896308898844,193.58751371074132,261.5283784899996
28590167,-6.680082,10.15844,-0.024832896308898844,193.58751371074132,261.5283784899996
28560268,-13.165587,13.320979,0.11681510369110115,182.04979717425547,304.3339351519456
28583222,-13.417669,21.912817,6.847246103691101,112.86575292037637,253.6092978743195
28590171,-9.047457,10.651726,7.4120791036911005,39.02858100488649,306.25637795625613
28590171,-9.047457,10.651726,7.4120791036911005,39.02858100488649,306.25637795625613
28583225,-18.003229,29.779442,10.313457103691102,102.03600076819062,251.68152949925107
28583225,-18.003229,29.779442,10.313457103691102,102.03600076819062,251.68152949925107
28569347,-9.034439,16.894535,12.068404103691101,5.831855348377275,245.1213447478342
28569347,-9.034439,16.894535,12.068404103691101,5.831855348377275,245.1213447478342
28575366,0.216028,3.673652,-0.011266896308898877,323.1870279772673,74.15910846721255
28583233,-14.313834,23.005493,7.565243103691101,108.88712601229214,255.2654847130236
28583233,-14.313834,23.005493,7.565243103691101,108.88712601229214,255.2654847130236
28587206,-10.046529,10.600925,5.355244103691101,90.52146836257356,314.9644569636115
28578894,-10.139385,9.338397,4.528554103691101,101.84597594675412,334.59281778599467
28583238,-15.7267,25.76932,9.462874103691101,98.6929958706822,253.33430259805644
28583238,-15.7267,25.76932,9.462874103691101,98.6929958706822,253.33430259805644
28544953,-36.773235,94.424812,2.8252041036911013,159.99294577958776,211.62883622590329
28544953,-36.773235,94.424812,2.8252041036911013,159.99294577958776,211.62883622590329
28594175,-13.354392,12.721682,2.5475531036911008,149.9930640577346,316.93412326832873
28583242,-15.302953,24.082678,8.146232103691101,106.62665600816791,257.4012818206376
28568374,-11.139149,20.324852,-0.07636389630889884,178.47547236847743,240.3082477944136
28568374,-11.139149,20.324852,-0.07636389630889884,178.47547236847743,240.3082477944136
28595772,-9.297455,27.152584,12.618345103691102,62.75954922667296,201.782103710267
28595772,-9.297455,27.152584,12.618345103691102,62.75954922667296,201.782103710267
28590180,-12.060637,15.154039,5.470078103691101,111.56881393339198,285.4535535438628
28590180,-12.060637,15.154039,5.470078103691101,111.56881393339198,285.4535535438628
28536635,-22.598434,113.465515,10.1403301036911,145.53284851668815,174.21854788649063
28536635,-22.598434,113.465515,10.1403301036911,145.53284851668815,174.21854788649063
28536636,-19.787548,100.734505,7.780055103691101,148.59539954086756,173.7927080897726
28536636,-19.787548,100.734505,7.780055103691101,148.59539954086756,173.7927080897726
28544961,-1.054239,4.547537,-0.013237896308898822,259.743435477904,181.27733267860708
28544961,-1.054239,4.547537,-0.013237896308898822,259.743435477904,181.27733267860708
28568381,-15.759891,23.967228,4.957132103691101,135.2518826377888,259.24706945429
28568381,-15.759891,23.967228,4.957132103691101,135.2518826377888,259.24706945429
28578917,-9.458957,8.33856,5.175750103691101,76.24494033663461,348.1599281692215
28578927,-11.016479,9.815243,0.049204103691101064,189.44074240736936,323.2192736981898
28594974,-5.476287,2.949717,0.13399410369110099,244.8833305765749,438.7891018674667
28590185,-7.260042,9.075832,5.247132103691101,70.81177521012216,297.4286842838192
28536656,-21.781315,92.123558,4.678698103691101,155.02371762682782,182.42709095492552
28536656,-21.781315,92.123558,4.678698103691101,155.02371762682782,182.42709095492552
28595784,-9.76861,23.534508,14.905247103691101,18.794249100926407,217.7563494598444
28595784,-9.76861,23.534508,14.905247103691101,18.794249100926407,217.7563494598444
28536659,-21.583567,86.641434,4.551562103691101,154.9376432787655,184.974308957148
28536659,-21.583567,86.641434,4.551562103691101,154.9376432787655,184.974308957148
28586184,-42.6782,107.04248,10.256208103691101,146.2144118574941,213.1731146310813
28586184,-42.6782,107.04248,10.256208103691101,146.2144118574941,213.1731146310813
28587213,-6.820914,7.940901,5.259695103691101,54.7880685160614,312.1665546808033
28587213,-6.820914,7.940901,5.259695103691101,54.7880685160614,312.1665546808033
28536663,-15.771242,63.028118,0.6669341036911011,165.29980457427325,185.6164134395769
28536663,-15.771242,63.028118,0.6669341036911011,165.29980457427325,185.6164134395769
28590194,-7.039371,8.482622,5.242621103691101,63.462406640532265,304.68036624185083
28544981,-19.778557,34.984493,-0.2592648963088988,172.76268916051666,241.69252255988965
28544981,-19.778557,34.984493,-0.2592648963088988,172.76268916051666,241.69252255988965
28583259,-5.828075,8.14897,-0.023990896308898835,201.37069118581903,272.7515853008391
28583259,-5.828075,8.14897,-0.023990896308898835,201.37069118581903,272.7515853008391
28590198,-11.027686,13.232351,5.314518103691101,105.95200350056804,293.1113105058305
28590198,-11.027686,13.232351,5.314518103691101,105.95200350056804,293.1113105058305
28536667,-25.266829,90.567123,4.735400103691101,155.00512846037424,190.91301307667607
28536667,-25.266829,90.567123,4.735400103691101,155.00512846037424,190.91301307667607
28591040,-8.907598,8.320411,4.867888103691101,82.1384470290512,338.7152434725345
28590199,-5.969511,8.601549,-0.003979896308898834,198.92375826515735,268.8928961314167
28590199,-5.969511,8.601549,-0.003979896308898834,198.92375826515735,268.8928961314167
28590201,-10.379317,12.553738,4.800852103691101,110.99875502395048,292.2227405572848
28595792,-14.30941,31.691696,19.902383103691104,21.272190436278947,225.02390287036172
28595792,-14.30941,31.691696,19.902383103691104,21.272190436278947,225.02390287036172
28594192,-3.788177,3.547736,0.24170010369110106,241.9256018395578,349.5042523085645
28568393,-8.785341,14.884647,-0.07477589630889891,184.2595905568894,248.31456392878053
28568393,-8.785341,14.884647,-0.07477589630889891,184.2595905568894,248.31456392878053
28583267,-5.644847,7.772263,-0.008325896308899017,202.9605992942729,275.0991010668946
28583268,-14.096835,21.914452,9.318561103691101,87.81378058506559,260.2794021562129
28594194,-4.064097,3.640254,0.15163810369110098,242.27609740550017,353.04872420643954
28583269,-9.538632,14.618391,5.758821103691101,100.9905379286527,263.62886337588844
28594195,-3.606745,3.310316,-0.04930789630889887,265.1944646132367,352.9530564952934
28578942,-4.388812,4.690839,0.029727103691101098,228.98325801360983,316.8366243032158
28594196,-3.383637,3.189199,0.013373103691101118,268.26013864411124,352.5769973398043
28594197,-3.511855,3.202655,-0.03567689630889892,268.87044317538573,356.2017479848052
28595799,-18.184826,36.67136,22.978908103691104,24.098837315242804,233.8551011478692
28586196,-38.832634,97.379562,0.45757610369110113,164.93190402389098,213.2886802293997
28586196,-38.832634,97.379562,0.45757610369110113,164.93190402389098,213.2886802293997
28587227,-2.892935,3.445257,0.766378103691101,220.3631508282911,324.2553496847997
28591046,-5.690639,5.985352,4.603334103691101,38.42127711839851,339.16836046560354
28591047,-7.923413,7.638504,5.408550103691101,53.05134472298767,341.31332407854904
28583278,-5.384816,7.274227,0.012451103691101029,205.3687551153395,278.23463056104714
28586205,-40.773956,95.561043,5.161348103691101,155.28245898281293,218.1595543879239
28586206,-63.810608,152.620728,-1.225563896308899,166.30855480769094,216.5007865368609
28590213,-6.654333,7.673431,5.214486103691101,51.448504032555775,314.8690655361441
28527438,-46.18219,81.399284,1.2541631036911012,163.747313050901,241.1292869453884
28575403,-0.30199,2.90463,-0.015378896308898993,375.59269454422775,131.59161662386913
28575403,-0.30199,2.90463,-0.015378896308898993,375.59269454422775,131.59161662386913
28578953,-8.516728,7.018875,4.906702103691101,65.73158922103693,365.92971161209016
28595809,-15.286469,30.939709,14.306009103691101,69.71712968608773,232.82648959870164
28583284,-11.845395,17.386164,7.2228571036911005,94.16044384280414,267.648322408726
28575405,-0.348337,2.956906,-0.006885896308898909,365.8390066445778,137.89888083730744
28575405,-0.348337,2.956906,-0.006885896308898909,365.8390066445778,137.89888083730744
28578959,-5.893713,5.043928,4.8732621036911015,0.5406206243379188,389.6440209708195
28583285,-5.227442,6.959985,0.027774103691101004,207.00753288248723,280.61690274446977
28595811,-15.044118,32.956131,10.124764103691101,106.191639678137,224.91029481128376
28595811,-15.044118,32.956131,10.124764103691101,106.191639678137,224.91029481128376
28527453,-17.623215,31.213943,-0.023233896308898938,172.56163775498112,241.84761962911688
28527453,-17.623215,31.213943,-0.023233896308898938,172.56163775498112,241.84761962911688
28590218,-7.463561,8.550413,5.1694321036911015,68.77185102583167,310.8762522291749
28590224,-11.063525,12.581013,5.210687103691101,105.31955124305452,300.58814260514123
28583292,-13.497563,16.997082,2.811332103691101,149.47182750610529,280.5048280296164
28583292,-13.497563,16.997082,2.811332103691101,149.47182750610529,280.5048280296164
28595815,-15.06808,32.642147,9.486014103691101,110.30114973700864,225.82966605914183
28595816,-15.052055,29.845173,13.014185103691101,77.14060283887477,234.6897339759065
28595816,-15.052055,29.845173,13.014185103691101,77.14060283887477,234.6897339759065
28586225,-30.542349,68.786461,6.080031103691101,149.63268409547177,221.3856128723846
28586225,-30.542349,68.786461,6.080031103691101,149.63268409547177,221.3856128723846
28583294,-10.812737,14.797224,5.039836103691101,114.93906182450368,275.325016500845
28583294,-10.812737,14.797224,5.039836103691101,114.93906182450368,275.325016500845
28587245,-8.214291,8.59931,5.3137351036911005,68.91301926806187,323.4663044966089
28534661,-18.452124,84.98481,4.548034103691101,154.60570994834973,178.4259477195169
28534661,-18.452124,84.98481,4.548034103691101,154.60570994834973,178.4259477195169
28595820,-13.901546,23.909172,15.3848921036911,27.552183969567693,251.88278129069784
28595820,-13.901546,23.909172,15.3848921036911,27.552183969567693,251.88278129069784
28575418,-0.508825,2.831911,-0.002823896308898899,371.8164587285142,161.1051642286343
28575418,-0.508825,2.831911,-0.002823896308898899,371.8164587285142,161.1051642286343
28578972,-3.03071,3.551914,0.7984801036911011,215.410110723999,324.7748267071092
28595822,-23.696424,47.949932,13.393353103691101,111.15618617798296,231.1570419385536
28590229,-10.132723,11.355497,5.255511103691101,96.93540659555964,304.96140356770206
28586231,-56.797581,130.018692,-0.5954668963088989,166.00256027809263,219.73205788777983
28587251,-11.939236,13.342131,11.1653761036911,0.3228910823309263,314.7275831947672
28575423,-0.541563,2.840983,-0.008659896308898851,369.4333238030634,165.3818482706562
28575423,-0.541563,2.840983,-0.008659896308898851,369.4333238030634,165.3818482706562
28536756,-14.503408,22.738272,4.502042103691101,137.42510408578784,256.2342374892958
28536756,-14.503408,22.738272,4.502042103691101,137.42510408578784,256.2342374892958
28595828,-12.49463,23.624153,9.8565761036911,84.86892283413457,239.74993144802903
28527486,-13.813865,20.291315,4.930192103691101,130.1362401702917,264.04953757446305
28527486,-13.813865,20.291315,4.930192103691101,130.1362401702917,264.04953757446305
28575425,-0.583414,2.861074,-0.004955896308898922,364.4848390081595,170.36943317835693
28575425,-0.583414,2.861074,-0.004955896308898922,364.4848390081595,170.36943317835693
28594235,-6.560567,3.234502,0.08332110369110102,234.21831428371416,442.1538727067176
28578980,-2.974258,3.496646,0.7731971036911011,218.37562255781995,325.1166232347998
28576423,-10.762631,9.55513,0.09950610369110113,189.33026164985853,324.19803510224
28576425,-4.21376,4.351996,0.03573510369110111,234.36416667541377,324.0904910613937
28595834,-25.802814,47.82407,15.833333103691102,100.60090955201974,239.46300863878864
28595834,-25.802814,47.82407,15.833333103691102,100.60090955201974,239.46300863878864
28576429,-2.993134,3.467792,0.813580103691101,216.0765744485633,328.2531928969137
28595836,-33.645153,67.991913,5.132218103691101,152.62796921589742,229.99792955435012
28595836,-33.645153,67.991913,5.132218103691101,152.62796921589742,229.99792955435012
28568419,-7.665316,9.284749,5.074289103691101,79.37153853819896,300.2540929825225
28575427,-0.631706,2.922681,-0.0009288963088989188,354.9310404073736,174.92951987220627
28591065,-6.253303,5.231076,0.045870103691101116,215.30412255155585,345.2820310127515
28590240,-10.27242,11.239886,5.130386103691101,99.1924560040001,307.9812281524643
28575430,-0.479996,2.664828,-0.009901896308898817,397.58604838157794,160.1272770038838
28575430,-0.479996,2.664828,-0.009901896308898817,397.58604838157794,160.1272770038838
28591067,-8.561678,7.765885,5.228465103691101,64.38229769195476,348.09007651422166
28583313,-9.590285,12.848533,4.835068103691101,109.96533302545726,279.6495811988452
28583313,-9.590285,12.848533,4.835068103691101,109.96533302545726,279.6495811988452
28576442,-6.098152,4.944541,0.05728310369110101,217.8599404492984,351.4875627358115
28576443,-8.046063,10.730691,8.3525531036911,8.623574834158603,291.94163551166673
28576443,-8.046063,10.730691,8.3525531036911,8.623574834158603,291.94163551166673
28586247,-13.448865,24.939247,12.116878103691102,67.41725472535407,242.0940674069548
28586247,-13.448865,24.939247,12.116878103691102,67.41725472535407,242.0940674069548
28595844,-9.55834,16.253681,8.672329103691101,61.86885655751129,253.56188111819517
28551100,-17.358486,76.973389,0.3971551036911011,165.46924691230353,180.70996258601528
28551100,-17.358486,76.973389,0.3971551036911011,165.46924691230353,180.70996258601528
28595850,-26.760742,48.038052,10.312092103691102,126.55011199657112,241.53972570840855
28591074,-8.493586,7.619895,5.008422103691101,69.23758374942915,349.4837103772287
28575444,-0.553906,2.585886,-0.014413896308898888,405.3455844558239,173.28709104521678
28534716,-29.601816,85.318748,8.731292103691102,145.04861185288166,203.7034298536485
28534716,-29.601816,85.318748,8.731292103691102,145.04861185288166,203.7034298536485
28595854,-22.718464,41.302578,5.780629103691101,142.83648838623822,240.04536384376348
28595854,-22.718464,41.302578,5.780629103691101,142.83648838623822,240.04536384376348
28595861,-20.798172,34.582867,10.8482861036911,108.12616345521975,250.4122844701019
28595863,-17.546453,30.588123,5.484437103691101,137.38713019152922,244.8091030513289
28595863,-17.546453,30.588123,5.484437103691101,137.38713019152922,244.8091030513289
28575452,-8.364343,12.009281,9.272497103691101,4.799362645449833,280.64042542888086
28575452,-8.364343,12.009281,9.272497103691101,4.799362645449833,280.64042542888086
28541168,-33.170906,87.744728,8.8659731036911,145.5280389114452,209.4802632892352
28586260,-23.320803,49.282627,0.881370103691101,165.4920374120145,226.46053553679008
28586260,-23.320803,49.282627,0.881370103691101,165.4920374120145,226.46053553679008
28595872,-14.717482,24.392979,5.421914103691101,131.07533090764957,250.72086368542372
28527546,-14.501019,21.893179,-0.04578889630889882,176.6818182042613,257.7179688603863
28527546,-14.501019,21.893179,-0.04578889630889882,176.6818182042613,257.7179688603863
28586264,-18.975477,40.209164,0.2905141036911011,168.9501864832347,226.43595251774275
28586264,-18.975477,40.209164,0.2905141036911011,168.9501864832347,226.43595251774275
28573602,-0.413199,3.253484,0.004725103691101129,332.71664998020105,144.32638961560872
28573602,-0.413199,3.253484,0.004725103691101129,332.71664998020105,144.32638961560872
28595878,-11.77754,17.919468,7.5434651036911005,91.67398372461356,263.56788138954937
28595884,-12.410475,19.087486,5.453245103691101,121.33165550118058,260.0943296104507
28551176,-9.927769,17.102652,12.727645103691101,0.2496631600253067,254.7415693811338
28551176,-9.927769,17.102652,12.727645103691101,0.2496631600253067,254.7415693811338
28573605,-0.280565,2.921715,-0.011965896308898882,374.3285902553854,128.4248668674257
28573605,-0.280565,2.921715,-0.011965896308898882,374.3285902553854,128.4248668674257
28534757,-0.775762,3.3449,-0.010498896308898997,315.2098704022279,180.8354447333089
28534757,-0.775762,3.3449,-0.010498896308898997,315.2098704022279,180.8354447333089
28586270,-9.931087,16.18227,12.1282231036911,1.864086667582086,261.73465889664425
28586270,-9.931087,16.18227,12.1282231036911,1.864086667582086,261.73465889664425
28587292,-8.0233,7.884186,5.372037103691101,58.06785934645973,336.6773109652282
28551181,-33.079357,87.978294,10.9185561036911,140.59703037045193,209.05532172450555
28551181,-33.079357,87.978294,10.9185561036911,140.59703037045193,209.05532172450555
28583328,-9.597445,12.519234,4.986714103691101,106.01789172119464,283.5111020332668
28583328,-9.597445,12.519234,4.986714103691101,106.01789172119464,283.5111020332668
28551186,-27.467125,85.199951,0.6225811036911011,164.75392112976456,199.517957501276
28551186,-27.467125,85.199951,0.6225811036911011,164.75392112976456,199.517957501276
28571422,-6.592969,4.81132,0.10427810369110113,215.7154524075327,367.10378921312025
28551195,-10.413536,17.091524,12.8447041036911,0.4078989881709844,260.53832136820535
28551195,-10.413536,17.091524,12.8447041036911,0.4078989881709844,260.53832136820535
28583332,-8.190122,11.173072,5.229464103691101,90.99417672871776,280.8544093683659
28575469,-0.698608,2.45761,-0.008040896308898926,415.55006232446,200.04625741916843
28551199,-29.832056,79.753838,5.968223103691101,151.32275191860623,208.8385792271062
28551199,-29.832056,79.753838,5.968223103691101,151.32275191860623,208.8385792271062
28572068,-8.602769,6.179182,0.0451631036911011,203.70368345606755,360.4575918941754
28591095,-6.304383,5.013128,-0.0016098963088988505,218.4487312549823,353.1637389571084
28590269,-8.852628,8.946501,5.6450751036911,66.26574084621399,327.9677076721233
28575473,-0.692079,2.369962,-0.0007338963088989736,432.2831953613101,203.56064409261072
28551207,-36.568607,87.898338,11.7592921036911,139.01500567464808,216.35095065045792
28551207,-36.568607,87.898338,11.7592921036911,139.01500567464808,216.35095065045792
28595898,-7.367444,10.267793,4.819148103691101,92.07645337558648,279.3061910069857
28595899,-9.551146,12.944055,5.346643103691101,101.20194677684466,278.97840505761843
28595899,-9.551146,12.944055,5.346643103691101,101.20194677684466,278.97840505761843
28591099,-3.66825,3.384293,-0.07775489630889898,263.8902575064943,350.4975556042487
28527578,-10.526315,12.925215,5.043433103691101,108.428797986881,290.27466632997886
28527578,-10.526315,12.925215,5.043433103691101,108.428797986881,290.27466632997886
28595900,-7.279805,9.793469,4.910918103691101,86.16016845229643,284.964350550854
28551216,-26.65118,75.011002,0.40837010369110105,165.6751911298684,205.62366969563456
28551216,-26.65118,75.011002,0.40837010369110105,165.6751911298684,205.62366969563456
28531397,-25.909113,80.783043,0.9635271036911011,164.0107386376339,199.1959066227388
28531397,-25.909113,80.783043,0.9635271036911011,164.0107386376339,199.1959066227388
28575482,-2.482939,3.718774,-0.007891896308898971,265.2882653224983,282.7977971988617
28590275,-9.055267,8.924896,5.869141103691101,60.92575520005127,332.47591173018026
28590276,-10.118214,10.363464,5.042346103691101,96.05366124878476,318.65278157973245
28579032,-3.955968,3.853258,-0.026622896308899024,247.5416431592961,336.6518537169423
28591108,-10.644446,7.428294,-0.05585889630889884,197.88846257357076,359.2281781986905
28583349,-9.730069,11.983288,4.552366103691101,112.1555221812791,290.45956282124297
28527593,-12.000134,14.344376,5.303845103691101,111.5227401594328,292.06896455931826
28527593,-12.000134,14.344376,5.303845103691101,111.5227401594328,292.06896455931826
28586289,-16.950678,33.600544,-0.09643989630889882,172.36303672088516,232.0520533219195
28586289,-16.950678,33.600544,-0.09643989630889882,172.36303672088516,232.0520533219195
28525172,-14.275723,21.540564,-0.03171389630889898,176.7923816535259,257.8427820644314
28525172,-14.275723,21.540564,-0.03171389630889898,176.7923816535259,257.8427820644314
28595902,-6.860913,9.009386,4.877876103691101,78.83337439082618,290.2283690402021
28595902,-6.860913,9.009386,4.877876103691101,78.83337439082618,290.2283690402021
28591112,-9.064332,6.447923,-0.04665789630889883,203.8139558398001,360.0873319686011
28591113,-6.243567,4.807807,-0.005339896308898862,220.63491513419487,358.9840161019284
28551244,-11.169368,16.672075,12.608771103691101,4.115260870900244,272.2779146755205
28551244,-11.169368,16.672075,12.608771103691101,4.115260870900244,272.2779146755205
28587305,-6.346926,5.283924,0.020372103691101096,215.38357193704215,345.4180992041628
28568438,-1.313528,3.079872,-0.006116896308898889,316.55639635577904,237.5808630593329
28568438,-1.313528,3.079872,-0.006116896308898889,316.55639635577904,237.5808630593329
28541226,-11.583665,15.179107,5.545666103691101,109.81668407504525,280.6062283312711
28541226,-11.583665,15.179107,5.545666103691101,109.81668407504525,280.6062283312711
28525182,-17.42528,25.274136,0.12066610369110098,173.56762836964526,261.2498537107533
28525182,-17.42528,25.274136,0.12066610369110098,173.56762836964526,261.2498537107533
28583353,-9.820639,16.588888,12.397227103691101,0.5036007108912486,257.27334822543475
28583353,-9.820639,16.588888,12.397227103691101,0.5036007108912486,257.27334822543475
28569418,-7.044989,7.314026,6.286699103691101,7.473961587486542,338.3912202445748
28531406,-27.700089,77.428825,8.7098651036911,143.33755456143842,205.7285283296881
28591121,-10.579947,7.218502,-0.06267089630889888,198.81223180266133,362.8112748961783
28551253,-38.293728,84.356453,8.243468103691102,147.03537024634062,223.0027473741829
28551253,-38.293728,84.356453,8.243468103691102,147.03537024634062,223.0027473741829
28591122,-5.437303,5.213121,4.677949103691101,10.669533843790504,366.0191091256544
28586299,-8.485103,12.964732,9.872817103691101,3.7223378216627614,271.6817932720845
28586299,-8.485103,12.964732,9.872817103691101,3.7223378216627614,271.6817932720845
28568446,-12.85736,13.964879,0.08323610369110113,181.8547809936391,295.5726466282165
28573639,-0.555879,2.760108,-0.013453896308898816,379.3013236839604,169.09054098391792
28573639,-0.555879,2.760108,-0.013453896308898816,379.3013236839604,169.09054098391792
28590292,-14.660341,14.452726,5.065029103691101,118.99973247577196,315.40903102195927
28583360,-4.569481,5.405925,0.016150103691101148,220.78901655595172,299.774845990741
28551272,-35.68071,84.342216,0.08522710369110098,166.16581939540976,217.55403548348028
28551272,-35.68071,84.342216,0.08522710369110098,166.16581939540976,217.55403548348028
28595908,-7.996915,9.998452,5.100810103691101,85.5893708680803,294.0571028148607
28595908,-7.996915,9.998452,5.100810103691101,85.5893708680803,294.0571028148607
28551276,-20.746681,38.431396,9.5742411036911,120.20521140124389,239.25413883444224
28551276,-20.746681,38.431396,9.5742411036911,120.20521140124389,239.25413883444224
28590297,-6.463229,6.202219,5.209729103691101,22.907323531836056,354.8341505783684
28586312,-17.405994,32.105854,0.6766871036911011,168.19237233849523,238.38132809834312
28586312,-17.405994,32.105854,0.6766871036911011,168.19237233849523,238.38132809834312
28529811,-56.370026,124.363632,-0.445094896308899,165.93089814803727,222.50515084193648
28541261,-7.75996,6.0605,4.545194103691101,60.91040419640271,381.5663951101129
28590301,-9.205594,8.787505,5.384956103691101,73.46557024214405,335.5560619159242
28551314,-14.173464,23.323967,7.087522103691101,113.96805934048275,252.49796545185728
28551315,-14.070989,23.639357,6.523372103691101,119.71894775648292,250.0613717957435
28551315,-14.070989,23.639357,6.523372103691101,119.71894775648292,250.0613717957435
28587326,-8.672455,7.874702,5.288449103691101,64.38477201440452,347.5035968866312
28571445,-7.935678,6.18794,5.116909103691101,41.38312764437816,385.0869139647872
28568459,-12.805641,12.976933,0.225212103691101,181.19000017666804,304.5922101778639
28529826,-9.887285,17.216805,12.7841521036911,0.1847200162848423,253.43576243395736
28529826,-9.887285,17.216805,12.7841521036911,0.1847200162848423,253.43576243395736
28591130,-5.486121,5.141106,4.760694103691101,4.029365564216221,372.0042188816345
28591132,-7.951951,6.56523,5.172859103691101,45.77094709902968,372.3039805997731
28531421,-29.998196,79.841202,10.1195401036911,140.3638716937441,209.03488100418403
28531421,-29.998196,79.841202,10.1195401036911,140.3638716937441,209.03488100418403
28583389,-12.275582,17.999844,13.642430103691101,3.964774136260132,273.9487906988038
28583389,-12.275582,17.999844,13.642430103691101,3.964774136260132,273.9487906988038
28579053,-7.391349,5.279476,5.264053103691101,8.285094765608335,416.3089851322175
28587331,-6.592991,5.203153,0.10315310369110109,212.66453396860305,353.6235546897359
28525257,-6.265365,8.976471,0.048362103691101055,196.104969094984,269.1088486240419
28525257,-6.265365,8.976471,0.048362103691101055,196.104969094984,269.1088486240419
28527676,-9.134951,9.238302,5.802345103691101,66.22618354404273,327.1244352229039
28529848,-17.491188,34.307922,2.137093103691101,159.53612578508074,233.22725200389652
28529848,-17.491188,34.307922,2.137093103691101,159.53612578508074,233.22725200389652
28591137,-6.290638,4.604066,0.18048610369110119,215.98814258394168,369.1922154005328
28586331,-8.418374,12.180976,9.375509103691101,4.932846096948111,279.4209890945364
28586331,-8.418374,12.180976,9.375509103691101,4.932846096948111,279.4209890945364
28591142,-7.842686,6.345494,5.198270103691101,40.08298427696664,378.2067102811127
28529857,-10.623549,16.96418,12.735335103691101,2.116472421777587,263.8456242646833
28529857,-10.623549,16.96418,12.735335103691101,2.116472421777587,263.8456242646833
28579061,-8.847399,6.258865,4.082002103691101,87.09618229462652,389.5813139738683
28551376,-15.572268,28.362011,0.12250410369110099,172.61278040263022,239.631418083294
28587333,-8.885538,7.872816,5.1891361036911015,68.53291971921428,350.46580973634025
28586335,-19.716221,34.441082,0.19214910369110116,170.4721938058617,242.92982512850824
28586335,-19.716221,34.441082,0.19214910369110116,170.4721938058617,242.92982512850824
28572711,-29.189116,90.025116,4.775367103691101,155.12036278981464,199.6214755995266
28572711,-29.189116,90.025116,4.775367103691101,155.12036278981464,199.6214755995266
28579072,-10.190033,7.099912,0.0038441036911009974,198.37183167045671,360.73429029258426
28583402,-8.31066,11.96436,9.237115103691101,4.710279625874989,280.3371170552555
28583402,-8.31066,11.96436,9.237115103691101,4.710279625874989,280.3371170552555
28529880,-11.711299,21.404327,0.135678103691101,175.77700391586245,240.0731583097388
28529880,-11.711299,21.404327,0.135678103691101,175.77700391586245,240.0731583097388
28551398,-13.43825,19.339043,4.841146103691101,129.4634288865915,266.5781770180293
28551398,-13.43825,19.339043,4.841146103691101,129.4634288865915,266.5781770180293
28586344,-10.527753,18.956547,-0.084623896308899,179.70525826613883,241.71616982560752
28586344,-10.527753,18.956547,-0.084623896308899,179.70525826613883,241.71616982560752
28551406,-11.148675,15.003228,5.398891103691101,110.74156261334088,277.50523433795024
28551406,-11.148675,15.003228,5.398891103691101,110.74156261334088,277.50523433795024
28590325,-10.292814,9.879484,4.112885103691101,113.83956136504052,325.761520468109
28551417,-12.761272,17.512344,4.705714103691101,127.58924930263088,272.6008496730323
28551417,-12.761272,17.512344,4.705714103691101,127.58924930263088,272.6008496730323
28525296,-5.81681,7.94562,0.05340910369110108,200.4417676961354,275.81177874318
28586347,-11.686069,18.670498,6.319616103691101,109.35873461324402,256.91331839804315
28586347,-11.686069,18.670498,6.319616103691101,109.35873461324402,256.91331839804315
28572723,-0.13487,2.767018,-0.015221896308898808,406.8990535932869,103.7324327999694
28572723,-0.13487,2.767018,-0.015221896308898808,406.8990535932869,103.7324327999694
28591162,-7.97683,6.15114,5.127133103691101,40.666770123377205,387.3420046330684
28543221,-15.994987,85.884277,0.43283610369110104,164.99275373253977,172.63865268328203
28543221,-15.994987,85.884277,0.43283610369110104,164.99275373253977,172.63865268328203
28569467,-8.293399,6.698749,4.6504961036911014,69.24904703297713,370.1386181534788
28579097,-7.679139,5.110111,5.006042103691101,20.74806911257039,427.4393193940628
28583414,-9.957732,10.938414,5.031529103691101,98.87561411221591,307.94469066305004
28590334,-10.342056,9.737402,3.854132103691101,118.8061403506696,327.8869691766374
28593688,-37.776268,108.792747,10.4813551036911,145.5794252060051,203.7173258909746
28593688,-37.776268,108.792747,10.4813551036911,145.5794252060051,203.7173258909746
28590336,-4.58501,5.446619,0.009705103691101113,220.5591146955665,299.0497914048787
28551459,-0.55856,2.756048,-0.006093896308899005,378.9832916601081,169.4792984591582
28551459,-0.55856,2.756048,-0.006093896308899005,378.9832916601081,169.4792984591582
28525330,-5.399078,7.027139,0.034612103691101126,206.0748026591397,283.05500329202226
28562320,-5.234763,19.267805,9.445333103691102,54.81203523634713,185.21728951311283
28562320,-5.234763,19.267805,9.445333103691102,54.81203523634713,185.21728951311283
28551461,-12.023971,14.063419,5.4249461036911,108.8586520573019,295.2700985452826
28531460,-40.141804,88.139633,7.908702103691101,148.52655304318736,223.21677393397016
28531460,-40.141804,88.139633,7.908702103691101,148.52655304318736,223.21677393397016
28593695,-30.538527,89.305946,4.7860571036911015,155.13181547779712,202.94502948264977
28593695,-30.538527,89.305946,4.7860571036911015,155.13181547779712,202.94502948264977
28593696,-1.032698,4.564522,-0.006001896308899024,259.15055522274923,179.73179119921207
28593696,-1.032698,4.564522,-0.006001896308899024,259.15055522274923,179.73179119921207
28591176,-9.127636,5.614425,0.32407110369110104,198.28749167292983,386.1381018305037
28593702,-39.924725,115.34536,2.311204103691101,161.26269116953966,203.7870163535598
28593703,-0.711628,3.3914,-0.008166896308898997,313.8606916001471,173.82959088574
28593703,-0.711628,3.3914,-0.008166896308898997,313.8606916001471,173.82959088574
28531469,-1.021528,4.583256,-0.02323189630889888,259.70530988010086,178.87717061067687
28531469,-1.021528,4.583256,-0.02323189630889888,259.70530988010086,178.87717061067687
28582305,-11.05201,49.230686,0.8393491036911012,165.35951793134134,180.3297751579395
28582305,-11.05201,49.230686,0.8393491036911012,165.35951793134134,180.3297751579395
28582307,-20.582411,85.755127,4.452023103691101,155.0566276256229,183.1403516008316
28582307,-20.582411,85.755127,4.452023103691101,155.0566276256229,183.1403516008316
28587350,-9.071224,6.456015,-0.045441896308898944,203.73691601670552,359.9960442929579
28593712,-21.773878,59.45071,4.9796761036911015,150.6853855555318,207.50597961474855
28593712,-21.773878,59.45071,4.9796761036911015,150.6853855555318,207.50597961474855
28539312,-35.223812,84.658813,11.5192771036911,138.65507239975705,216.3746739477064
28539312,-35.223812,84.658813,11.5192771036911,138.65507239975705,216.3746739477064
28587355,-6.082484,5.927773,4.972878103691101,23.34736882368816,354.2948167927228
28531479,-16.861832,30.733147,7.320991103691101,124.47347589683676,241.11929280593336
28531479,-16.861832,30.733147,7.320991103691101,124.47347589683676,241.11929280593336
28587357,-10.119408,6.977458,0.012434103691101095,198.7208834304131,362.5709490871405
28583433,-8.564753,11.302953,8.731088103691102,10.303482689615862,292.4342609337699
28583433,-8.564753,11.302953,8.731088103691102,10.303482689615862,292.4342609337699
28568499,-4.240312,4.426157,0.044478103691101056,232.765101002794,322.11232220142165
28575561,-1.783962,1.85294,-0.008988896308898875,437.4354621066252,406.9399010812693
28583434,-9.580834,10.224143,4.992755103691101,94.7856813751868,313.52072359615846
28591202,-7.679163,5.647393,5.262816103691101,21.340262877766094,404.0870512176018
28531484,-17.806618,34.464764,2.141024103691101,159.5541981835592,234.3512248532793
28531484,-17.806618,34.464764,2.141024103691101,159.5541981835592,234.3512248532793
28539325,-36.514839,79.788544,11.064893103691102,138.81465814145955,223.76953494018773
28539325,-36.514839,79.788544,11.064893103691102,138.81465814145955,223.76953494018773
28562332,-5.501639,19.253635,9.4541811036911,55.41038382940073,188.6527798599384
28562332,-5.501639,19.253635,9.4541811036911,55.41038382940073,188.6527798599384
28593719,-33.198692,92.426842,0.06274910369110098,165.850166660133,206.277825414999
28593719,-33.198692,92.426842,0.06274910369110098,165.850166660133,206.277825414999
28579122,-6.625875,4.798283,1.256354103691101,175.33736784314277,378.43991441710887
28590367,-8.446575,7.100351,5.163666103691101,57.60747194977037,364.02661547690445
28569482,-4.170022,4.414396,-0.010121896308898926,235.6198905446533,319.9804153512126
28590369,-4.455395,5.070448,-0.01116589630889897,225.70438807865324,306.1819151978658
28586365,-8.944827,15.470174,-0.02301489630889897,182.83832428323257,246.239377866532
28586365,-8.944827,15.470174,-0.02301489630889897,182.83832428323257,246.239377866532
28586366,-12.862013,18.899176,7.822586103691101,93.40325514690156,267.0181387591297
28586367,-10.903102,16.341438,6.5759161036911005,97.65554555694172,265.4872820110904
28586367,-10.903102,16.341438,6.5759161036911005,97.65554555694172,265.4872820110904
28587370,-8.379894,7.124534,5.104576103691101,59.506270649163895,361.776737482333
28539338,-15.892745,31.497061,-0.023107896308898868,172.567491623215,232.1890415208838
28586369,-12.885003,17.210979,11.4964661036911,34.20889892398728,283.85060610374467
28586369,-12.885003,17.210979,11.4964661036911,34.20889892398728,283.85060610374467
28583445,-7.673984,8.734482,5.291677103691101,68.17452169443337,311.3753529765189
28583447,-8.580023,10.456819,7.735333103691101,25.42381724227323,303.259427531294
28591220,-7.8614,5.528021,5.228187103691101,22.25566094198186,412.6866603987188
28583451,-2.89367,3.428005,0.7978451036911011,218.5524174357346,325.7451990925738
28583456,-7.81014,9.977723,7.9175371036911,7.703706007830419,299.3141213176436
28539347,-14.063724,23.662708,6.4824711036911005,120.12894126973303,249.88703722329512
28539347,-14.063724,23.662708,6.4824711036911005,120.12894126973303,249.88703722329512
28586379,-8.373025,13.909607,0.09904510369110109,183.4165588499349,250.65999544603932
28586379,-8.373025,13.909607,0.09904510369110109,183.4165588499349,250.65999544603932
28591225,-5.827855,3.651453,0.06751410369110111,233.3086785464997,401.3173120305916
28539349,-14.300897,23.429741,7.191972103691101,113.29394232252314,252.9669478274595
28539349,-14.300897,23.429741,7.191972103691101,113.29394232252314,252.9669478274595
28579138,-7.121532,4.853406,0.056776103691100976,215.15060202474285,375.6452855199409
28579139,-5.986671,4.306112,0.012302103691101074,226.25485414021247,372.98929107405297
28593727,-24.775354,66.552895,2.585069103691101,159.4798881548556,208.6653356557292
28573722,-7.801109,5.191133,5.072195103691101,20.96372623566333,426.3301844970231
28531516,-15.787819,23.452314,4.947509103691101,134.8595060509134,261.8066598087472
28582341,-14.688227,53.371777,0.6823821036911011,165.80630507361724,190.5509038490225
28591230,-3.497535,2.633834,0.021099103691101018,286.4714343817974,400.9733046033005
28579144,-7.809121,5.183361,0.7573001036911011,189.84171757625668,382.257508934803
28583468,-4.038743,4.094499,-0.012496896308898942,241.75914720993757,328.661279999193
28573730,-3.746755,3.24688,0.029450103691101015,260.9981197429192,363.3364912507187
28579146,-6.094939,4.334457,0.06777510369110118,223.42493757283663,374.7770366333543
28569498,-6.943864,5.323209,0.04195210369110103,212.6255579291208,356.3046859491467
28582352,-32.78241,107.427322,5.3064281036911005,155.2250870680977,195.9853961867272
28582353,-18.270195,62.261646,0.597650103691101,165.62320179180475,194.08900509000665
28572777,-0.601681,2.598211,-0.015171896308898924,399.9133904636692,180.04644447175608
28572777,-0.601681,2.598211,-0.015171896308898924,399.9133904636692,180.04644447175608
28593729,-38.301426,96.781685,9.3682991036911,146.27119977959492,212.67491624068552
28579155,-8.649046,5.41833,2.7678631036911012,124.93436503036784,405.4374560084137
28573738,-3.603917,2.925976,0.029703103691101074,272.8109810686915,380.5179723765543
28572781,-0.824845,2.854481,-0.01530689630889892,354.25555172209056,199.7016784608328
28572781,-0.824845,2.854481,-0.01530689630889892,354.25555172209056,199.7016784608328
28579157,-7.350132,4.821621,0.03598910369110109,215.31745764358664,380.9109137890648
28591247,-3.455001,2.569013,0.026078103691101084,289.87425020293506,405.5689528109938
28590398,-2.958393,3.664046,0.35221710369110104,240.97099201253144,310.6888673605651
28590401,-4.032763,4.432114,0.07351110369110114,232.72501133085623,315.5873681367535
28590402,-18.278444,14.671246,-0.4137298963088989,184.74231373089032,330.72328273864696
28591253,-4.741443,3.154571,0.6524211036911011,219.3904290941452,413.3476577877574
28586418,-6.941657,10.785924,-0.02769089630889887,191.81300733588344,258.83065702401814
28586418,-6.941657,10.785924,-0.02769089630889887,191.81300733588344,258.83065702401814
28590405,-12.843906,10.705543,-0.040366896308899,187.95781899552813,330.145293885877
28569515,-7.748615,4.588269,0.07990110369110104,214.5026834619761,397.29023180119975
28587395,-8.180356,6.633649,5.146960103691101,49.635452866149365,373.9449280379074
28573747,-5.80923,3.640131,0.076031103691101,233.23105844110455,401.6073524308864
28583479,-7.415963,8.192564,5.271718103691101,61.346516489280646,318.0202952696771
28582388,-27.171478,78.071136,4.347448103691101,155.22243707661855,204.1060395992017
28582388,-27.171478,78.071136,4.347448103691101,155.22243707661855,204.1060395992017
28586429,-6.850532,10.42561,0.09942210369110116,190.48225946271705,261.38513887147553
28586429,-6.850532,10.42561,0.09942210369110116,190.48225946271705,261.38513887147553
28551648,-6.622923,4.641622,4.429439103691101,25.61824421879595,424.3230062202554
28586430,-6.682161,10.159965,-0.034202896308898945,193.75476826846543,261.5308503964042
28586430,-6.682161,10.159965,-0.034202896308898945,193.75476826846543,261.5308503964042
28574515,-0.239079,2.801771,0.0014771036911009894,392.1951765776485,121.32131172657436
28574516,-27.073566,64.319702,2.289250103691101,160.46147276170316,217.34765038821027
28573754,-7.227118,4.072881,0.14835910369110117,218.4691068450965,410.51274697176575
28582398,-7.346467,17.822605,8.994757103691102,59.52008289605271,217.7095087851119
28582398,-7.346467,17.822605,8.994757103691102,59.52008289605271,217.7095087851119
28583485,-11.27068,12.85961,9.9137641036911,17.726849206759425,310.1786545526587
28593734,-7.381291,15.653729,8.130168103691101,60.28831266307495,230.76809164519847
28593734,-7.381291,15.653729,8.130168103691101,60.28831266307495,230.76809164519847
28570271,-25.931511,89.061081,4.704284103691101,155.0190606196267,193.2890933073533
28570271,-25.931511,89.061081,4.704284103691101,155.0190606196267,193.2890933073533
28579181,-9.115783,5.43666,0.3119041036911011,199.42592893857585,391.39802529683385
28537328,-25.466703,73.325691,0.31789810369110105,165.98586659155245,204.17765727514512
28537328,-25.466703,73.325691,0.31789810369110105,165.98586659155245,204.17765727514512
28590417,-6.578322,22.854591,2.282846103691101,155.16091499260182,192.6319717093644
28590417,-6.578322,22.854591,2.282846103691101,155.16091499260182,192.6319717093644
28582400,-23.046682,62.473171,6.808554103691101,145.11630569201984,207.9118314994336
28582400,-23.046682,62.473171,6.808554103691101,145.11630569201984,207.9118314994336
28590420,-6.002032,22.022732,4.839333103691101,127.24763184157374,188.341726767205
28590420,-6.002032,22.022732,4.839333103691101,127.24763184157374,188.341726767205
28582404,-59.295166,161.990891,4.946574103691101,158.44418024772477,207.30647535118655
28582404,-59.295166,161.990891,4.946574103691101,158.44418024772477,207.30647535118655
28593736,-47.330433,117.782211,6.033280103691101,155.12714560099292,213.73514870400456
28593736,-47.330433,117.782211,6.033280103691101,155.12714560099292,213.73514870400456
28582408,-47.455612,130.824051,-0.8501528963088989,166.29560044948644,206.85247552231127
28582408,-47.455612,130.824051,-0.8501528963088989,166.29560044948644,206.85247552231127
28537345,-36.740234,84.482521,0.016827103691101186,166.3277091286967,219.5758950210464
28537345,-36.740234,84.482521,0.016827103691101186,166.3277091286967,219.5758950210464
28590422,-13.958002,53.550667,13.937532103691101,109.06121340112573,185.24364922722776
28590422,-13.958002,53.550667,13.937532103691101,109.06121340112573,185.24364922722776
28533140,-24.150541,90.278885,4.724830103691101,154.93968166549172,188.6502775046239
28533140,-24.150541,90.278885,4.724830103691101,154.93968166549172,188.6502775046239
28533141,-24.459175,97.753632,0.04299110369110104,165.5890047141751,185.7022475209422
28533141,-24.459175,97.753632,0.04299110369110104,165.5890047141751,185.7022475209422
28525534,-2.730433,3.607238,0.004027103691101042,264.7324637744609,299.9002219966335
28593738,-34.01638,85.924751,0.505830103691101,165.11251686112013,212.82745772586617
28593738,-34.01638,85.924751,0.505830103691101,165.11251686112013,212.82745772586617
28531576,-0.579692,2.608261,-0.011331896308898859,399.5213278981032,176.4644111930592
28574532,-0.442744,2.870862,-0.006265896308898844,371.0059740915032,151.55228517580744
28579200,-3.539104,2.869843,-0.025489896308898974,279.1680557503142,381.3373927896034
28582422,-45.476097,112.473808,5.694172103691101,155.3799266287702,214.1872122997798
28574533,-0.561226,3.067341,-0.014731896308898929,344.91544740320967,163.7673937033671
28574533,-0.561226,3.067341,-0.014731896308898929,344.91544740320967,163.7673937033671
28533152,-22.924021,87.124329,0.153114103691101,165.73445997504078,188.23020085256385
28533152,-22.924021,87.124329,0.153114103691101,165.73445997504078,188.23020085256385
28582425,-34.757118,86.295685,2.4158661036911013,160.72357845475258,214.01980433311417
28582425,-34.757118,86.295685,2.4158661036911013,160.72357845475258,214.01980433311417
28574538,-0.531437,2.923237,-0.009914896308898857,360.5489354503978,162.5479758023539
28586452,-6.437304,9.379354,0.06292110369110104,194.34904410684777,266.8729599763901
28586452,-6.437304,9.379354,0.06292110369110104,194.34904410684777,266.8729599763901
28590430,-23.50185,74.357368,4.067952103691101,155.4492050755395,198.1038384383401
28590430,-23.50185,74.357368,4.067952103691101,155.4492050755395,198.1038384383401
28590431,-17.522427,54.890862,1.240739103691101,163.66330292061008,198.96322790689905
28582430,-27.994722,69.012131,0.35775810369110106,166.13777316114357,214.638317537293
28582430,-27.994722,69.012131,0.35775810369110106,166.13777316114357,214.638317537293
28579208,-5.813824,3.786165,0.008943103691101184,233.8687288111261,393.1329502884777
28583497,-7.061543,7.59794,5.193899103691101,53.97995023592097,324.9199788630549
28579212,-9.040658,5.115052,2.295744103691101,140.64598328291578,418.9860380977231
28586457,-6.221994,9.072366,-0.037217896308898935,197.61729814109515,266.980254644874
28579220,-7.686897,4.489981,0.09190510369110116,215.0971121831272,400.2290479415602
28586463,-7.370172,8.905017,5.416059103691101,64.73583502477209,303.1112646499796
28574551,-0.829907,3.235026,-0.003091896308898834,320.49282320472184,188.5318415468216
28586467,-5.972418,8.544917,-0.022870896308898825,199.5458336617774,269.69255940311007
28586467,-5.972418,8.544917,-0.022870896308898825,199.5458336617774,269.69255940311007
28591291,-3.35344,2.375395,-0.04605489630889892,306.9719991145584,419.7901969853367
28587429,-5.773264,3.840985,0.10943510369110099,229.28525600907636,390.5920783680722
28583508,-3.888667,3.737479,-0.01278189630889881,249.8495697891375,340.1164976774107
28533180,-48.13538,132.453781,2.8257061036911013,160.70954794664345,206.89473953732488
28533180,-48.13538,132.453781,2.8257061036911013,160.70954794664345,206.89473953732488
28579227,-3.475591,2.722122,-0.030803896308899015,286.44833652410824,390.96059291192034
28582445,-31.268322,68.976089,9.7354901036911,138.797799649095,223.112501995294
28582446,-41.189728,91.869553,8.8846761036911,146.9157697252702,221.98927421059503
28582446,-41.189728,91.869553,8.8846761036911,146.9157697252702,221.98927421059503
28586475,-7.097397,8.275701,5.427969103691101,55.40919261617782,310.8389317600649
28593747,-36.871559,89.040367,4.793805103691101,155.4781706497829,215.992199116954
28593747,-36.871559,89.040367,4.793805103691101,155.4781706497829,215.992199116954
28586477,-5.737914,8.060724,-0.00590489630889901,201.47222932962424,272.41940003091463
28586477,-5.737914,8.060724,-0.00590489630889901,201.47222932962424,272.41940003091463
28587437,-3.546566,2.772965,0.03135010369110103,279.22826144447555,390.7216958070685
28587438,-7.860414,5.94422,5.131816103691101,35.488939716762644,393.39580660771503
28586483,-7.021326,8.062558,5.454529103691101,51.20330394386556,314.20483092823235
28586489,-10.915114,12.307277,5.203030103691101,104.05956048984343,302.12380811953926
28528050,-6.771914,5.017335,0.04186710369110114,215.44877701992849,362.95728841322347
28593755,-23.394697,41.038101,25.9412061036911,27.04705999470906,248.0276706238412
28586494,-6.593192,7.30283,5.334713103691101,40.67782817246496,323.663502061348
28586495,-5.432349,7.338064,-0.001663896308898849,205.3033947283953,278.0695443139189
28586496,-10.50764,11.540157,5.199908103691101,99.85273252542346,306.99520491586907
28583515,-8.761805,8.510324,5.1992841036911015,73.96072944708897,333.77216905260394
28591310,-7.074851,3.938827,1.816006103691101,152.98863028306602,436.2800679505465
28582465,-39.780663,86.576416,4.831853103691101,155.4131848855526,223.83867627642408
28574601,-4.785255,5.593829,0.036700103691100994,217.57022414306556,300.4609075447909
28574603,-4.576981,5.255447,-0.030231896308898998,223.85996417717223,303.9651157844577
28528080,-1.022711,2.218571,-0.008427896308898841,433.3073568815541,264.3847686272299
28528080,-1.022711,2.218571,-0.008427896308898841,433.3073568815541,264.3847686272299
28587448,-7.804736,4.623982,0.0817211036911012,213.9950839453333,396.89477807567874
28586509,-6.043538,6.42801,5.3800101036911006,15.395262424061514,338.0289123508141
28591317,-4.415469,2.886636,1.1037031036911011,196.68218964828588,435.5744451003309
28574616,-8.405074,6.733052,5.028171103691101,57.06850454104492,373.73725099059897
28590455,-3.750652,15.465017,7.733290103691101,52.95800653341343,177.6219145464235
28590455,-3.750652,15.465017,7.733290103691101,52.95800653341343,177.6219145464235
28590461,-23.055012,63.577488,0.4495171036911011,166.1068666638311,207.01402743172775
28590461,-23.055012,63.577488,0.4495171036911011,166.1068666638311,207.01402743172775
28586537,-8.73359,8.442369,5.786035103691101,56.248405438927335,337.4995785407344
28586539,-14.435847,14.164186,4.618860103691101,124.17106986327602,315.5341341133591
28570341,-14.761279,20.172903,4.621982103691101,133.79392794508817,271.61848033024205
28570341,-14.761279,20.172903,4.621982103691101,133.79392794508817,271.61848033024205
28533263,-0.533864,2.825656,-0.00848289630889898,371.71788599084647,164.658312508718
28533263,-0.533864,2.825656,-0.00848289630889898,371.71788599084647,164.658312508718
28590465,-21.740433,61.164989,6.5481041036911005,145.49985959909486,205.40259014824076
28590465,-21.740433,61.164989,6.5481041036911005,145.49985959909486,205.40259014824076
28533268,-7.57526,12.169788,-0.053432896308899025,188.8214722169075,254.59814691307963
28582479,-31.986849,67.687408,0.6175161036911011,165.5258285030706,226.05895805480893
28582479,-31.986849,67.687408,0.6175161036911011,165.5258285030706,226.05895805480893
28590469,-26.240198,73.173912,8.378739103691101,143.135524503674,205.9021330147717
28590469,-26.240198,73.173912,8.378739103691101,143.135524503674,205.9021330147717
28525691,-1.910163,2.665113,-0.01321989630889897,327.7012745659063,310.7177965020816
28586552,-9.113416,8.727774,5.345907103691101,73.55839551978596,335.24140721877995
28582484,-16.406208,34.902195,0.4090251036911011,169.24231285828034,226.32360816813213
28582484,-16.406208,34.902195,0.4090251036911011,169.24231285828034,226.32360816813213
28590473,-21.438885,58.369961,4.836061103691101,150.97855083483404,207.710522414324
28590473,-21.438885,58.369961,4.836061103691101,150.97855083483404,207.710522414324
28579298,-4.400761,2.897954,1.4411101036911012,172.4607191754924,442.47928308366687
28593769,-28.868774,64.480606,8.0093201036911,142.5607901825133,222.1401444459105
28593769,-28.868774,64.480606,8.0093201036911,142.5607901825133,222.1401444459105
28572844,-8.834764,6.374432,0.005430103691101085,203.33012630246384,358.7893948679558
28593770,-45.316269,102.068138,8.450044103691102,149.3981491324726,221.161555675434
28593770,-45.316269,102.068138,8.450044103691102,149.3981491324726,221.161555675434
28593772,-29.609854,65.939056,7.033361103691101,146.1105010378048,222.32336795224447
28593772,-29.609854,65.939056,7.033361103691101,146.1105010378048,222.32336795224447
28586559,-11.304722,11.397367,2.094913103691101,155.04772943504443,310.6968645983334
28575657,-9.613552,8.69586,2.004750103691101,154.37840413022357,329.8424532933989
28525719,-7.557922,4.886609,-0.010977896308898893,215.59663605808933,381.9557314199624
28590479,-17.252293,46.487858,5.351775103691101,145.46351861906732,208.47397316407125
28590479,-17.252293,46.487858,5.351775103691101,145.46351861906732,208.47397316407125
28574654,-3.362243,2.842181,-0.05062689630889894,284.7999865371056,375.7922054477313
28593776,-35.133652,78.769081,4.482221103691101,155.46172099704796,221.59824715572995
28593776,-35.133652,78.769081,4.482221103691101,155.46172099704796,221.59824715572995
28593777,-23.617853,54.487286,0.6441361036911011,166.0437780514038,219.6135999079406
28593777,-23.617853,54.487286,0.6441361036911011,166.0437780514038,219.6135999079406
28582508,-10.387868,16.754713,12.5738241036911,1.7847039070434505,262.72841150196683
28582508,-10.387868,16.754713,12.5738241036911,1.7847039070434505,262.72841150196683
28579322,-6.444677,3.232991,0.01669210369110119,237.803400952724,438.8156208338414
28591353,-3.311051,2.2082,0.01608910369110106,313.6563368287345,440.124218257143
28561620,-16.422188,103.367599,5.034412103691101,154.63703349359477,166.16915664311634
28586566,-9.059456,8.662007,4.855794103691101,85.85611378199215,333.69507807371525
28583540,-3.830634,3.569309,-0.024063896308898824,254.69254009185244,346.69004696347486
28590498,-31.171665,77.534386,0.4612511036911011,165.494104421459,213.94947844391515
28590498,-31.171665,77.534386,0.4612511036911011,165.494104421459,213.94947844391515
28535389,-26.031685,81.504906,5.899865103691101,151.36615682162136,198.62007335846505
28590501,-5.748658,24.934036,15.3502961036911,8.915521997787351,172.86737026516903
28593789,-12.45136,19.698927,14.819595103691102,0.9840019592547264,264.0414227053998
28593789,-12.45136,19.698927,14.819595103691102,0.9840019592547264,264.0414227053998
28590516,-17.509085,44.906097,11.742389103691101,113.10228113886832,211.8147863292604
28590516,-17.509085,44.906097,11.742389103691101,113.10228113886832,211.8147863292604
28586580,-11.56758,11.171759,2.138328103691101,154.35396983770377,316.5040447718311
28574698,-4.76123,3.084978,1.5183771036911011,166.47667897140047,437.5331796712487
28590521,-19.79488,47.505333,7.371512103691101,137.21060764004264,216.85974626177148
28590521,-19.79488,47.505333,7.371512103691101,137.21060764004264,216.85974626177148
28586584,-10.34542,9.753787,3.8429071036911013,119.1057525651441,327.6205675953008
28582538,-17.583599,28.93861,9.990219103691102,102.60888845042936,252.26432729569004
28582538,-17.583599,28.93861,9.990219103691102,102.60888845042936,252.26432729569004
28575680,-7.982432,4.605474,0.04542210369110111,214.70669090723143,400.3250565482417
28562446,-8.601445,7.85466,5.2329551036911015,65.46682076267166,346.5399256258867
28582540,-12.54702,23.391237,-0.17409789630889883,177.18634422361734,237.9878130911843
28582540,-12.54702,23.391237,-0.17409789630889883,177.18634422361734,237.9878130911843
28586592,-10.62939,9.659904,4.660130103691101,101.95107121350696,335.689881027494
28590525,-35.244759,79.613899,0.1198441036911011,166.30028384218065,220.93303108551825
28590525,-35.244759,79.613899,0.1198441036911011,166.30028384218065,220.93303108551825
28582549,-21.03923,36.613197,0.02533310369110109,170.86719854195684,243.11582587355105
28582549,-21.03923,36.613197,0.02533310369110109,170.86719854195684,243.11582587355105
28586600,-7.199812,6.328609,5.399139103691101,25.1570392180588,367.81985644027344
28586603,-8.786266,7.76041,5.178143103691101,67.12454029014737,351.6381489319957
28561662,-34.996098,86.758232,3.277316103691101,158.74977458985865,214.11949009571316
28561662,-34.996098,86.758232,3.277316103691101,158.74977458985865,214.11949009571316
28545689,-51.0639,121.234024,-0.6286498963088989,166.27343237135398,217.096016929266
28545689,-51.0639,121.234024,-0.6286498963088989,166.27343237135398,217.096016929266
28586609,-4.482845,5.165034,-0.0010208963088988998,224.1880846064338,304.17449226327284
28583558,-6.601131,5.198162,0.10320710369110109,212.67547641115067,353.9510725574245
28579365,-13.119958,25.828379,12.354672103691101,67.62300006614558,236.01967582542875
28579365,-13.119958,25.828379,12.354672103691101,67.62300006614558,236.01967582542875
28582558,-10.551074,19.114372,-0.07287389630889884,179.45782438410174,241.14899849757853
28582558,-10.551074,19.114372,-0.07287389630889884,179.45782438410174,241.14899849757853
28572211,-8.219087,6.732954,5.127917103691101,52.13275998715605,371.21735578631
28586620,-7.387372,6.185308,5.4896641036911005,20.03790196609208,377.889711251534
28579371,-10.714837,14.273087,0.5119971036911011,176.82579931758124,273.2638763287307
28579371,-10.714837,14.273087,0.5119971036911011,176.82579931758124,273.2638763287307
28586622,-2.697986,3.594075,0.02322510369110109,264.4619705866488,299.1655393860632
28590540,-27.344955,61.381653,7.366677103691101,143.6361602175142,221.7777768280792
28590540,-27.344955,61.381653,7.366677103691101,143.6361602175142,221.7777768280792
28589770,-9.236499,53.494156,3.3128841036911014,154.7221161270197,168.7537288994667
28590542,-42.150955,93.106834,7.190072103691101,150.85799499893824,222.69577981971725
28590542,-42.150955,93.106834,7.190072103691101,150.85799499893824,222.69577981971725
28590543,-6.09943,17.61998,8.820760103691102,57.17485295156564,202.9855448246912
28590543,-6.09943,17.61998,8.820760103691102,57.17485295156564,202.9855448246912
28589772,-12.686905,75.940392,0.3725781036911011,165.5077123985452,168.56373009518478
28582566,-11.111108,17.845825,6.0491841036911005,109.7992502116187,256.5911875673442
28582566,-11.111108,17.845825,6.0491841036911005,109.7992502116187,256.5911875673442
28582568,-8.606854,12.427973,9.6005141036911,3.955932867294621,279.5245835988301
28582568,-8.606854,12.427973,9.6005141036911,3.955932867294621,279.5245835988301
28587478,-7.754001,5.527618,5.173946103691101,23.575544874264608,410.0539651744556
28590549,-23.930717,53.214714,7.839963103691101,138.6631681131746,222.68966917914892
28583569,-8.052166,7.632156,5.5579401036911005,48.82079510818198,344.617323677841
28583572,-9.769282,6.945212,0.08029910369110116,197.85933483349905,358.9688131426772
28583575,-9.20927,6.527456,-0.06644989630889886,203.6606834684737,360.1451992677344
28589789,-4.686868,25.31612,1.1717311036911011,165.43727919102614,171.33694125187827
28589789,-4.686868,25.31612,1.1717311036911011,165.43727919102614,171.33694125187827
28556514,-0.58127,2.848825,-0.007085896308898887,366.21922223378334,170.387460529417
28556514,-0.58127,2.848825,-0.007085896308898887,366.21922223378334,170.387460529417
28583582,-9.880877,6.845958,0.05125410369110117,198.6963361023889,362.59002322722654
28586641,-10.658534,9.560076,0.11470410369110118,189.13997939181365,322.95429731181093
28579394,-5.228383,6.941112,0.01825410369110103,207.3692704496937,280.9629019673873
28579399,-8.832853,13.551647,5.414204103691101,101.0046062242246,264.1501936401463
28579399,-8.832853,13.551647,5.414204103691101,101.0046062242246,264.1501936401463
28582594,-8.952623,15.226706,-0.08467789630889899,183.88625967237556,247.83567382243032
28582594,-8.952623,15.226706,-0.08467789630889899,183.88625967237556,247.83567382243032
28590563,-18.982819,41.026463,7.056426103691101,135.15085805320626,225.32799887188168
28590563,-18.982819,41.026463,7.056426103691101,135.15085805320626,225.32799887188168
28579400,-14.329072,19.468742,5.220764103691101,126.3310209735518,273.09564222629353
28593820,-8.221422,12.531458,9.6066951036911,2.6632173933506635,272.4412608255951
28593820,-8.221422,12.531458,9.6066951036911,2.6632173933506635,272.4412608255951
28583598,-8.129453,7.107531,5.149908103691101,56.05706003557072,358.1839350731676
28579410,-12.016911,17.701193,7.294446103691101,94.6221792299985,267.0852761001554
28587483,-4.279009,2.862902,-0.03132289630889895,268.77146803456634,408.5433465827421
28583604,-6.75734,4.756113,0.09715710369110098,215.850019784998,372.41912403457445
28582616,-8.10093,13.28763,0.08780210369110097,184.56193078846255,252.14042415601293
28582616,-8.10093,13.28763,0.08780210369110097,184.56193078846255,252.14042415601293
28570402,-11.668796,10.3236,-0.01596289630889891,189.02105233931368,323.2232253604008
28583616,-8.2977,7.020592,5.277093103691101,51.54333740431167,364.60986065098245
28589817,-6.567547,18.504534,12.366124103691101,4.486950991407895,204.16472306493824
28569683,-8.893941,8.16466,5.115179103691101,73.6936652206497,343.2057108829574
28582627,-16.234123,24.201817,-0.300725896308899,177.2203644822243,258.47739086558295
28582627,-16.234123,24.201817,-0.300725896308899,177.2203644822243,258.47739086558295
28586668,-8.26633,6.415644,5.252212103691101,42.79285608694752,383.87456696824006
28579426,-5.097972,6.387684,0.05645510369110118,210.00554010816043,289.2667756796378
28593826,-15.181252,30.365971,0.06918610369110101,172.36358943433646,231.504323392172
28593826,-15.181252,30.365971,0.06918610369110101,172.36358943433646,231.504323392172
28576887,0.26315,3.556269,-0.01604189630889885,334.45027700886493,64.85036131491452
28590576,-15.323287,30.56402,0.06865210369110097,172.30157272094837,231.72500887565857
28590576,-15.323287,30.56402,0.06865210369110097,172.30157272094837,231.72500887565857
28579434,-8.517921,12.040834,5.152980103691101,98.23284482255669,275.0200087977146
28541899,-19.294922,91.352737,0.24353010369110106,165.30497256361798,177.842797113869
28541899,-19.294922,91.352737,0.24353010369110106,165.30497256361798,177.842797113869
28587494,-7.736152,5.418585,5.210011103691101,19.039383785015247,415.3607386202104
28582645,-10.166849,13.893791,4.9209821036911015,113.0788974279153,276.2355053754545
28582645,-10.166849,13.893791,4.9209821036911015,113.0788974279153,276.2355053754545
28589827,-4.558863,20.055109,1.252357103691101,165.48415131173775,180.22399407105988
28579453,-4.570788,5.425828,0.009262103691101142,220.8284858917356,299.2333281262503
28583643,-8.013802,6.505588,5.070665103691101,49.225342968606725,374.6816922711831
28590591,-15.186939,31.553606,8.069621103691102,119.042097135281,229.3625566280917
28590591,-15.186939,31.553606,8.069621103691102,119.042097135281,229.3625566280917
28586690,-7.835049,5.726735,5.354996103691101,20.67521796516914,404.4962758611981
28579459,-7.889627,10.710176,5.114781103691101,89.73001030498668,282.15492580292744
28593834,-14.032559,27.448484,0.06818510369110098,173.39039035857715,233.56333190750013
28593834,-14.032559,27.448484,0.06818510369110098,173.39039035857715,233.56333190750013
28590594,-13.14222,25.145369,-0.057798896308898895,175.31759551370538,235.6029325671866
28590594,-13.14222,25.145369,-0.057798896308898895,175.31759551370538,235.6029325671866
28579462,-4.547342,5.305908,-0.005421896308898999,222.60758448330463,301.8549414141866
28579463,-10.296579,12.526619,4.739262103691101,111.82287334107798,291.4396000836348
28582656,-11.873098,15.828815,4.715084103691101,123.4086538931049,277.01531587935943
28582656,-11.873098,15.828815,4.715084103691101,123.4086538931049,277.01531587935943
28593836,-8.754889,12.706985,9.7950571036911,3.916402688664419,278.58201003232534
28593836,-8.754889,12.706985,9.7950571036911,3.916402688664419,278.58201003232534
28579471,-2.745168,3.629383,0.0008971036911011865,264.0715733948213,299.5017759673806
28586693,-4.118121,4.257725,-0.017338896308898955,238.6784742899464,324.40687031315167
28539822,-16.038507,88.816681,4.509829103691101,154.82576495283843,170.77983428010384
28539822,-16.038507,88.816681,4.509829103691101,154.82576495283843,170.77983428010384
28541969,-16.01228,29.228325,0.09470310369110102,172.4998180194538,239.3634100774888
28541969,-16.01228,29.228325,0.09470310369110102,172.4998180194538,239.3634100774888
28587512,-4.459638,2.810472,-0.027780896308899017,267.7709476752145,418.5794373448796
28583657,-7.79141,6.181944,5.018808103691101,44.02196979270602,381.7433788715586
28582670,-11.535487,13.234949,10.747165103691101,5.646938735709199,310.38322816508975
28582670,-11.535487,13.234949,10.747165103691101,5.646938735709199,310.38322816508975
28586701,-11.154212,8.297217,4.348803103691101,103.22423679649772,368.0828066234183
28539862,-37.814369,85.996613,11.9853081036911,138.19713452051425,220.5856809975552
28539862,-37.814369,85.996613,11.9853081036911,138.19713452051425,220.5856809975552
28579492,-10.042333,11.597246,4.864617103691101,105.43197146317458,299.73730589754507
28541988,-7.060079,10.868065,0.07831410369110103,189.68099044004788,259.8386462874996
28541988,-7.060079,10.868065,0.07831410369110103,189.68099044004788,259.8386462874996
28579495,-9.743141,16.686581,12.4282981036911,0.5504586096176638,255.58489460964336
28579495,-9.743141,16.686581,12.4282981036911,0.5504586096176638,255.58489460964336
28590609,-12.067525,22.551228,-0.06541889630889886,176.82830936236792,237.90853515667123
28590609,-12.067525,22.551228,-0.06541889630889886,176.82830936236792,237.90853515667123
28586706,-7.767458,5.636208,5.156677103691101,26.99667415249561,405.1171203504345
28566451,-12.237294,11.128337,-0.270209896308899,190.88498066722144,318.2802600291929
28583670,-8.141473,6.275002,5.188335103691101,41.835199069951074,386.2230118067813
28590612,-18.184818,33.459759,0.732171103691101,167.6606220997872,238.52318653730947
28590612,-18.184818,33.459759,0.732171103691101,167.6606220997872,238.52318653730947
28579504,-8.692124,10.305691,5.036202103691101,91.5609142348803,299.79864361155194
28590614,-6.949932,16.181904,8.283211103691102,59.68820013439188,221.7425598738444
28590614,-6.949932,16.181904,8.283211103691102,59.68820013439188,221.7425598738444
28582686,-16.51712,21.540646,0.0015941036911011341,176.20858865249278,272.6589502064561
28579507,-10.092817,16.274435,12.268775103691102,1.0035609641228973,263.023525720302
28579507,-10.092817,16.274435,12.268775103691102,1.0035609641228973,263.023525720302
28587524,-3.317381,2.346217,-0.03272989630889889,308.62146808386444,421.9553233076878
28590616,-17.938292,35.94735,10.9111991036911,107.53615931890866,232.5626713658249
28583676,-7.495058,4.415161,0.13550210369110105,214.92619824387705,400.29054174310846
28579513,-10.849925,9.944105,0.11118510369110113,188.28547305646347,319.68848241802687
28593846,-17.838947,33.044727,0.775844103691101,167.46747355472758,237.9725799186645
28593846,-17.838947,33.044727,0.775844103691101,167.46747355472758,237.9725799186645
28539914,-12.318568,18.275198,5.109999103691101,123.70886718082836,264.05307982727726
28539914,-12.318568,18.275198,5.109999103691101,123.70886718082836,264.05307982727726
28590621,-4.644388,11.063569,6.145928103691101,52.724795947022784,221.3103034148717
28590621,-4.644388,11.063569,6.145928103691101,52.724795947022784,221.3103034148717
28539922,-11.816446,15.705521,4.685159103691101,123.48685269349912,277.42296229570894
28539922,-11.816446,15.705521,4.685159103691101,123.48685269349912,277.42296229570894
28590624,-10.682374,19.381521,-0.060495896308898844,179.10095427427078,240.97179196476736
28590624,-10.682374,19.381521,-0.060495896308898844,179.10095427427078,240.97179196476736
28583683,-3.494726,2.63318,0.01920910369110107,286.6769331546185,400.87732908474464
28587529,-5.167665,3.27667,1.322401103691101,178.06473769758213,428.86792384771866
28582700,-7.523411,9.320908,5.397192103691101,70.25875797683364,298.1790472250063
28579518,-10.179266,11.167091,5.070322103691101,99.79410046407472,307.6643659278058
28582704,-1.194119,2.91643,-0.028769896308898923,334.42114892745303,234.7815567317712
28576932,-34.544613,80.192642,2.376675103691101,160.74911947937,218.9278738220215
28576932,-34.544613,80.192642,2.376675103691101,160.74911947937,218.9278738220215
28579522,-4.153598,4.375752,-0.007620896308898839,236.1989134677529,320.96123464048054
28579524,-4.253962,4.433816,0.038642103691101104,232.81522772496328,322.19630272610647
28579525,-10.522688,15.686401,11.923366103691102,3.5704304032760774,272.99653076653
28590631,-7.392189,16.484137,8.446838103691102,60.29762219373077,225.7082725683365
28590631,-7.392189,16.484137,8.446838103691102,60.29762219373077,225.7082725683365
28576933,-27.003916,59.442726,13.335928103691101,121.51760825360311,223.59185939030667
28576933,-27.003916,59.442726,13.335928103691101,121.51760825360311,223.59185939030667
28583696,-4.271716,2.865934,-0.015430896308898934,267.89134647262506,408.3731237508677
28590633,-17.348633,30.536129,0.3163901036911011,170.6914252563754,242.53502537855084
28590633,-17.348633,30.536129,0.3163901036911011,170.6914252563754,242.53502537855084
28579531,-4.077506,4.243639,0.0026391036911010968,238.3277228298056,323.8344242486935
28593853,-11.833375,22.427301,0.03164210369110099,176.10649587410842,236.7307615534112
28579534,-2.910781,3.458715,0.7865211036911011,218.63146788484192,324.54057792628146
28530595,-33.623497,88.711899,0.5946121036911011,164.81495821871542,209.8314783402524
28530595,-33.623497,88.711899,0.5946121036911011,164.81495821871542,209.8314783402524
28582717,-5.829874,8.143705,-0.035216896308899015,201.64708636595356,272.8399132231261
28582719,-10.190804,11.959259,5.117685103691101,102.55885447522547,297.5855054070396
28582727,-7.134319,8.266109,5.428697103691101,55.49713141844401,311.7574714465777
28576942,-38.640347,80.755661,2.312819103691101,161.05997075163046,226.98626854987745
28576942,-38.640347,80.755661,2.312819103691101,161.05997075163046,226.98626854987745
28582728,-7.027317,8.032827,5.444836103691101,51.16128705037514,314.9596029053173
28587544,-4.593984,2.715226,-0.016336896308899007,268.2476428316693,430.8790208174029
28582729,-7.263073,8.401729,5.073475103691101,69.02955993115185,309.89952750040817
28582730,-10.190682,11.591623,4.966081103691101,103.80818169983364,301.88123051310794
28582731,-5.568244,7.555212,-0.031675896308899,204.6980097204633,277.064740442158
28582732,-9.850923,11.107561,5.145434103691101,97.13882684027293,304.47961186819657
28582733,-5.606363,7.539545,0.06384510369110119,202.3388646469956,278.3233454728568
28579538,-3.250753,3.693411,0.8415811036911011,209.29998504174665,327.0049640946504
28582737,-14.036573,15.539352,4.668713103691101,125.80585740709252,299.04042943258924
28590644,-7.539212,16.014902,8.277249103691101,60.63527721022143,230.49725385796137
28590644,-7.539212,16.014902,8.277249103691101,60.63527721022143,230.49725385796137
28579539,-4.069122,4.161839,-0.01327289630889883,240.4198186544577,326.7950649144909
28583709,-3.428761,2.492768,0.02336510369110112,294.22732816338475,412.1238270903589
28590648,-9.273747,15.985856,-0.08825289630889888,182.91788254142563,246.35982391516524
28590648,-9.273747,15.985856,-0.08825289630889888,182.91788254142563,246.35982391516524
28587552,-3.311672,2.265691,0.03070610369110116,308.9497719932515,433.283450479486
28530641,-37.12006,81.762619,4.652572103691101,155.3665220097024,222.9394962307198
28530641,-37.12006,81.762619,4.652572103691101,155.3665220097024,222.9394962307198
28582752,-7.021161,7.821929,5.0742141036911015,60.816558197488405,318.09323054998566
28573018,-7.173588,4.890499,4.791939103691101,19.6696038382546,426.6826580796838
28587558,-6.172494,3.18682,0.08494410369110117,237.44636249460703,437.1931292583728
28583724,-4.386421,2.789879,-0.005480896308898808,268.13061402847273,418.44215076481487
28518289,-1.031076,2.210521,-0.007934896308898987,434.13454776429154,266.3589397535646
28518289,-1.031076,2.210521,-0.007934896308898987,434.13454776429154,266.3589397535646
28583727,-7.758076,5.528821,5.1693491036911015,23.866258906124017,410.0221860615347
28579566,-8.229557,10.88295,8.449902103691102,9.51062583119375,292.80735112230764
28579566,-8.229557,10.88295,8.449902103691102,9.51062583119375,292.80735112230764
28530662,-20.811808,38.392513,9.6352841036911,119.85500012329167,239.6522237511215
28530662,-20.811808,38.392513,9.6352841036911,119.85500012329167,239.6522237511215
28563825,-27.891455,87.401627,4.676856103691101,155.09710477587834,198.65640962730149
28582766,-9.997572,10.59852,5.139944103691101,94.93597632261913,313.74101641593285
28583735,-3.314263,2.346944,-0.028715896308898925,308.3735785363573,421.854061913997
28586747,-3.873219,3.724867,-0.0041848963088988445,249.84330901700503,340.2998127860776
28530676,-14.289602,25.29035,6.061952103691101,126.32631891829313,244.41024267783743
28582769,-10.65953,11.179729,5.147931103691101,99.52335017899766,313.6423572688051
28593868,-15.599608,27.707891,0.49261410369110104,170.3036745030647,242.00263417496063
28593868,-15.599608,27.707891,0.49261410369110104,170.3036745030647,242.00263417496063
28593869,-10.27275,18.736094,0.022626103691101074,178.85402182557027,240.65496174298764
28593869,-10.27275,18.736094,0.022626103691101074,178.85402182557027,240.65496174298764
28583745,-6.095412,3.602503,1.2793591036911012,178.11267329934194,428.1068608431399
28579583,-3.989178,3.831951,0.035221103691100986,244.78555321810487,339.4185857162927
28579585,-3.882106,3.733377,-0.005318896308898813,249.63681291737888,340.1712076917048
28579590,-8.395889,10.598488,8.632062103691101,1.300845288569917,300.6093972832151
28579590,-8.395889,10.598488,8.632062103691101,1.300845288569917,300.6093972832151
28579591,-10.333533,12.270699,9.5849421036911,13.038393440439194,305.7159126324171
28530703,-10.06406,17.855976,-0.06043289630889892,180.4986350953868,243.27457694727147
28530703,-10.06406,17.855976,-0.06043289630889892,180.4986350953868,243.27457694727147
28586764,-3.815971,3.568625,-0.007501896308898859,254.0275108185492,346.3927693947243
28537941,-16.172209,86.798195,4.402915103691101,154.95702829318256,171.99967277462326
28537941,-16.172209,86.798195,4.402915103691101,154.95702829318256,171.99967277462326
28573924,-7.314866,4.968342,4.834966103691101,21.319716796036232,425.7503646440062
28586768,-8.744926,6.217459,0.21018310369110105,199.21078383322907,362.6035997763007
28586769,-6.569418,5.048352,0.12705910369110107,213.1535810063474,358.45462436138007
28579601,-10.859086,9.877268,4.733221103691101,102.08946973959304,335.06428764351324
28579604,-8.442834,8.63797,5.464564103691101,66.14622801788533,327.06075550365983
28583763,-3.319379,2.267082,0.028550103691101114,308.8169087565473,433.3669168326895
28586772,-8.094503,5.828566,0.12336210369110101,204.4536778609769,362.31178098623576
28586773,-5.93331,4.671268,0.08260110369110119,220.1467436155345,357.836244654687
28583765,-4.75073,2.996964,1.209884103691101,187.41771431399857,438.0768093803805
28530722,-14.282067,20.556007,5.068178103691101,129.43908394325814,266.2098276068789
28530722,-14.282067,20.556007,5.068178103691101,129.43908394325814,266.2098276068789
28576979,-15.713861,22.495323,4.571392103691101,137.23707738355984,265.73426892234954
28583769,-4.686253,2.680518,0.06923010369110116,263.27681695129723,438.50855628426245
28586790,-4.186113,15.46972,7.773889103691101,53.93493788053274,184.80743238188964
28586790,-4.186113,15.46972,7.773889103691101,53.93493788053274,184.80743238188964
28586793,-5.503945,13.428762,1.665425103691101,160.5890200202798,217.8185497409444
28586793,-5.503945,13.428762,1.665425103691101,160.5890200202798,217.8185497409444
28590691,-18.29921,30.092287,8.589030103691101,115.57311485420722,251.56015512594004
28590691,-18.29921,30.092287,8.589030103691101,115.57311485420722,251.56015512594004
28530745,-10.928677,14.433393,4.516820103691101,121.91865099619314,279.06006982016834
28530745,-10.928677,14.433393,4.516820103691101,121.91865099619314,279.06006982016834
28586803,-8.654885,20.036188,1.738521103691101,160.674001239598,220.82700861413988
28586803,-8.654885,20.036188,1.738521103691101,160.674001239598,220.82700861413988
28586804,-9.26907,23.890038,6.744820103691101,113.4604788443094,212.1283350867716
28586804,-9.26907,23.890038,6.744820103691101,113.4604788443094,212.1283350867716
28582797,-12.920716,13.177858,-0.22288689630889902,186.55787670735495,302.9070058497923
28579638,-9.580818,6.986679,0.12171910369110117,197.06382546833464,355.6646537969325
28583786,-5.038714,2.968979,1.154247103691101,190.40532148235357,447.4251685625888
28593890,-9.102693,13.88183,5.7283981036911005,97.54704309924308,264.84965522217743
28576996,-14.409759,17.770889,0.12972510369110113,177.6541101096617,279.7081654477546
28593892,-8.815193,15.315289,0.027117103691101097,182.44521134948215,245.8956563463295
28593892,-8.815193,15.315289,0.027117103691101097,182.44521134948215,245.8956563463295
28586813,-28.533146,64.284599,7.4914751036911005,144.13187022289645,221.45149313102385
28586815,-20.103767,44.464905,3.161099103691101,155.54121010352088,223.1196014730087
28586815,-20.103767,44.464905,3.161099103691101,155.54121010352088,223.1196014730087
28579644,-8.776776,6.418592,0.026743103691101,202.72506060377927,356.9348039412681
28590698,-6.896405,10.984381,0.058561103691101124,189.895432425913,256.30556802851345
28590698,-6.896405,10.984381,0.058561103691101124,189.895432425913,256.30556802851345
28579653,-3.763338,3.313373,0.03662910369110106,258.6222269389141,359.84619173842566
28586823,-29.257599,61.354515,0.590295103691101,165.89131103228124,226.84728037175975
28586825,-20.664265,46.452072,8.6054011036911,131.22271799838597,222.02947603311296
28586827,-26.147314,56.780846,8.1480391036911,139.2668094985772,224.5236657679214
28593898,-12.792068,18.501848,7.749245103691101,92.87093467068692,268.9855936410364
28593898,-12.792068,18.501848,7.749245103691101,92.87093467068692,268.9855936410364
28579661,-9.731394,6.755997,0.07985910369110116,198.6139965510375,362.8016011053885
28586839,-15.515581,30.943636,0.0322561036911011,172.40808929997695,231.70775707548904
28586839,-15.515581,30.943636,0.0322561036911011,172.40808929997695,231.70775707548904
28590710,-15.251027,24.941095,9.126726103691102,99.33512881237696,253.63217411528117
28590710,-15.251027,24.941095,9.126726103691102,99.33512881237696,253.63217411528117
28538039,-10.398211,18.572119,-0.0784468963088989,179.98683378127424,242.51925087642016
28538039,-10.398211,18.572119,-0.0784468963088989,179.98683378127424,242.51925087642016
28586845,-6.102918,17.365238,8.7162951036911,57.27522170699322,204.22087230707277
28586845,-6.102918,17.365238,8.7162951036911,57.27522170699322,204.22087230707277
28586848,-22.178923,47.722488,11.703731103691101,118.18017883028294,225.7462698997456
28586848,-22.178923,47.722488,11.703731103691101,118.18017883028294,225.7462698997456
28589923,-7.858594,17.134933,8.781135103691101,60.30856232283921,227.69665439053347
28589923,-7.858594,17.134933,8.781135103691101,60.30856232283921,227.69665439053347
28582814,-10.651449,10.428429,2.081922103691101,154.4845867573427,315.92018459903807
28579679,-8.789907,7.784228,5.170923103691101,67.62392056150682,351.052692195331
28590714,-11.347523,19.822706,9.881782103691101,67.92457883402764,249.2278808724008
28571109,0.381963,3.605386,0.0026951036911011528,333.23279406087534,50.05305262036248
28590716,-12.097463,19.368534,6.560248103691101,108.78267765860964,256.51992571416764
28590716,-12.097463,19.368534,6.560248103691101,108.78267765860964,256.51992571416764
28579683,-6.77501,4.785255,0.09629910369110117,215.57641664916127,371.6887236031081
28582820,-9.998935,9.493903,3.7684061036911007,119.04719268222512,327.2398874518756
28589925,-0.69865,3.39042,0.002387103691101178,313.4966140127587,172.5407473999885
28589925,-0.69865,3.39042,0.002387103691101178,313.4966140127587,172.5407473999885
28586853,-17.441715,33.750107,2.087519103691101,159.79028776943514,234.4069745613953
28579691,-8.690695,7.545213,5.183171103691101,64.0035850545076,355.7206209169881
28586854,-13.212257,25.277765,-0.06531689630889881,175.30683635461958,235.5942977123408
28586854,-13.212257,25.277765,-0.06531689630889881,175.30683635461958,235.5942977123408
28578298,-21.979807,95.39444,4.800151103691101,154.9715789587474,181.2051890122617
28578298,-21.979807,95.39444,4.800151103691101,154.9715789587474,181.2051890122617
28586856,-20.208717,42.242172,10.4309941036911,118.81376037442392,228.3535164474483
28593913,-8.033973,13.478639,0.03311010369110101,185.0899022622918,249.84851941950348
28593913,-8.033973,13.478639,0.03311010369110101,185.0899022622918,249.84851941950348
28578314,-17.712454,71.866905,4.037162103691101,154.88778211820895,184.40257272516132
28578314,-17.712454,71.866905,4.037162103691101,154.88778211820895,184.40257272516132
28586866,-11.444605,21.446039,0.027288103691101018,176.75705397111588,237.8388945073704
28586866,-11.444605,21.446039,0.027288103691101018,176.75705397111588,237.8388945073704
28589942,-40.299488,97.719505,2.4207391036911012,160.985107906876,215.6573149066831
28578331,-28.522367,104.450256,5.1908711036911015,155.06375131911096,189.7613643921978
28586870,-18.556898,34.203957,0.6625581036911011,167.9435073209102,238.31469172469968
28586870,-18.556898,34.203957,0.6625581036911011,167.9435073209102,238.31469172469968
28589944,-32.64986,79.437187,0.19910910369110102,166.08573075426511,215.5046372501589
28589944,-32.64986,79.437187,0.19910910369110102,166.08573075426511,215.5046372501589
28577041,-2.785866,3.622337,0.04085610369110104,261.54581706234654,302.07036111322
28586872,-16.143015,29.469765,0.10368210369110109,172.3620542031996,239.33937713331784
28586872,-16.143015,29.469765,0.10368210369110109,172.3620542031996,239.33937713331784
28589949,-38.475754,89.204353,4.837064103691101,155.48394421849292,218.99510908101385
28589949,-38.475754,89.204353,4.837064103691101,155.48394421849292,218.99510908101385
28578349,-18.918751,66.491562,0.5738211036911011,165.4836907814614,192.36570222901724
28578349,-18.918751,66.491562,0.5738211036911011,165.4836907814614,192.36570222901724
28593931,-13.261175,20.232193,0.11454910369110105,176.4169292451417,257.0897166470182
28593931,-13.261175,20.232193,0.11454910369110105,176.4169292451417,257.0897166470182
28578355,-6.334371,17.82629,11.8997861036911,5.098673567064026,204.33782911204156
28578355,-6.334371,17.82629,11.8997861036911,5.098673567064026,204.33782911204156
28590754,-9.009007,13.796394,5.4919771036911005,101.05389301450306,264.19647256702063
28590754,-9.009007,13.796394,5.4919771036911005,101.05389301450306,264.19647256702063
28577044,-4.152112,4.272196,-0.032279896308898826,238.84959371001224,324.78543319545827
28582858,-2.69558,3.594718,0.02668310369110105,264.27878976172696,299.04917672392776
28586880,-9.98201,18.188574,0.06216710369110112,178.94219895797414,240.8620343967889
28586880,-9.98201,18.188574,0.06216710369110112,178.94219895797414,240.8620343967889
28579740,-8.551507,6.83361,5.076036103691101,57.758217316706805,373.38432344005287
28595943,-7.709073,32.256073,19.729764103691103,9.465899627528811,175.31711703816848
28595946,-8.244869,30.989361,19.077282103691104,10.695128534146503,182.20713392043092
28595949,-8.603357,23.192266,1.7180521036911012,160.98243855555376,209.2037443575216
28595950,-11.1244,39.103832,23.9754561036911,11.937555008877126,186.8439315507509
28595966,-23.777151,52.739788,1.560451103691101,162.76431556981737,222.64768805337545
28595974,-20.618624,50.086208,31.003009103691102,19.110586952319775,215.9170594191975
28595984,-22.345297,44.156166,27.615226103691104,24.37511169489076,235.54049601917592
28595985,-10.471061,19.190641,9.548998103691101,67.2878584649981,244.36177396211176
28596001,-15.836047,22.552441,7.251901103691101,112.60580385094048,268.0965308765217
28596002,-15.864374,22.277102,5.530563103691101,128.3754273637943,268.51738963788216
28596003,-9.870841,13.896597,6.7987901036911005,80.86697125593295,275.3936193074522
28596014,-18.543919,19.126696,14.3399991036911,25.42421325562597,318.8891839204443
28596035,-3.999831,3.647793,0.08960110369110108,245.7416983386172,349.7233902721637
28596039,-6.038874,4.514516,0.024353103691101108,223.32950967966173,365.76561464516
28596990,-4.522478,18.866013,11.7351151036911,9.756864681207333,174.99901801885454
28596996,-5.419757,21.069269,13.1247051036911,10.049338152559756,179.73636960658945
28597009,-6.737399,23.428995,14.6121451036911,11.616052892499,187.56998763035807
28597024,-9.630395,29.722223,18.5104771036911,13.425671293813709,196.45217675717507
28597029,-7.668962,28.712643,9.097143103691101,99.27910650922068,186.0897716362796
28597047,-12.879576,39.141861,14.241071103691102,86.76596672092421,199.1731150377827
28597077,-10.191866,21.624733,13.6996001036911,23.569192370601517,230.15248255033407
28597080,-10.568769,27.416071,6.463731103691101,122.98415391362484,211.498870099232
28597085,-24.728144,58.563286,12.151508103691102,124.71235720731472,217.74142268122276
28597095,-11.368348,23.097471,10.8537491036911,70.12085175763409,233.23630268908576
28597100,-9.314471,19.190737,8.640198103691102,77.02207812721207,232.3730145285417
28597101,-10.90978,22.538721,9.508106103691102,82.46593166964135,231.4510161794925
28597106,-9.901507,19.228003,9.178633103691102,71.17223496715391,238.31621567960417
28597107,-16.065174,32.6399,9.4253691036911,111.48769094971144,231.4254900197177
28597109,-9.892041,17.332342,11.270558103691101,27.620565329009395,251.43131470274807
28597110,-10.264069,20.050367,8.477940103691102,84.62462068587928,237.1629650574721
28597113,-8.437434,16.138056,7.834325103691101,71.67155918067294,240.6724648328451
28597115,-17.631365,34.536613,10.4968431036911,108.03275870080287,234.69640530156468
28597118,-24.613117,45.784546,16.3996631036911,94.50419511484353,239.39107139703023
28597121,-11.21471,20.868483,8.893291103691102,84.289630540975,241.81808760674755
28597122,-33.350601,61.798504,20.1449771036911,100.62252995615378,239.12460188939264
28597123,-51.138195,102.200363,7.225544103691101,152.1996599643638,230.62974155150684
28597130,-7.560953,13.168879,7.807233103691101,47.82538867469151,253.1187972890804
28597131,-10.216172,18.084879,9.043342103691101,68.24234944227717,248.2720535603626
28597132,-28.128881,54.336792,5.5934981036911005,148.37342781490133,234.12368664679872
28597134,-12.575243,21.42721,10.6994321036911,67.54988747488846,251.5341887452568
28597140,-21.326086,35.272133,16.488317103691102,72.36085149806848,252.65975512003612
28597146,-24.673254,45.42231,5.998622103691101,143.75532259101476,238.72468774975715
28597151,-20.701231,31.840147,16.7542341036911,60.53990500375838,261.5345327690986
28597154,-29.24888,51.035305,7.831703103691101,139.08610737690998,243.58052257641316
28597178,-8.045311,10.597625,8.482754103691102,2.8570438821940627,294.41968426429
28597179,-14.847111,23.18865,5.988945103691101,124.61446981538944,257.2986970083794
28597183,-14.859973,22.771612,6.195114103691101,122.10396002081276,259.5154810410145
28597187,-28.461529,36.10878,20.754575103691103,54.48548072637561,284.1964869268295
28597191,-8.937255,13.156485,5.099587103691101,105.1645190057301,268.81924330204123
28597199,-7.959506,11.324351,4.923957103691101,97.7626882213597,275.0195824711668
28597202,-7.684514,10.781789,4.877999103691101,94.9164853996786,277.563577220953
28597205,-10.39392,11.935988,8.934341103691102,24.398161703593047,309.5971718937404
28597206,-7.288049,9.832709,4.888157103691101,87.06380156981032,284.45370539233465
28597207,-10.577149,13.703363,5.949441103691101,96.30124588446796,284.244231501238
28597209,-10.035167,12.591283,5.910061103691101,90.4418088362836,289.7596792773692
28579745,-9.142305,5.334117,0.05606610369110099,206.6648166901394,393.1191143637165
28582868,-4.493799,4.973358,0.03724110369110112,224.83581320453885,310.53837420071693
28579755,-8.446369,6.599492,5.046029103691101,54.81690996319827,378.9855027496159
28590773,-5.95443,8.341633,-0.058897896308898856,201.1668875075306,272.1778904438557
28590773,-5.95443,8.341633,-0.058897896308898856,201.1668875075306,272.1778904438557
28582896,-4.34852,4.671525,0.040290103691100976,229.02868562664807,316.3947900528636
28593970,-6.739632,10.193509,0.08923810369110119,191.327339553446,262.209188266497
28582910,-7.969912,6.322508,5.2403261036911015,39.09704958151482,381.77868827301575
28593982,-12.621601,15.987577,5.318222103691101,116.64318407380988,283.5045713891261
28593982,-12.621601,15.987577,5.318222103691101,116.64318407380988,283.5045713891261
28593993,-6.301638,9.19935,0.08321310369110102,194.63348464956843,266.9096897665931
28593993,-6.301638,9.19935,0.08321310369110102,194.63348464956843,266.9096897665931
28590826,-12.430651,15.687392,5.309844103691101,115.762365679913,284.19918876844105
28590826,-12.430651,15.687392,5.309844103691101,115.762365679913,284.19918876844105
28590827,-5.250193,6.730895,-0.05258189630889887,210.4998047627417,285.2648070153738
28536152,-2.481604,4.479529,-0.004521896308898876,246.63749879272416,255.6833855214168
28536152,-2.481604,4.479529,-0.004521896308898876,246.63749879272416,255.6833855214168
28586974,-17.664526,25.404066,0.04145910369110117,174.0605665009905,262.03977091511257
28586974,-17.664526,25.404066,0.04145910369110117,174.0605665009905,262.03977091511257
28586975,-6.783597,10.31522,0.09568710369110112,190.8712653326725,261.5595752621763
28590843,-8.607016,10.9853,4.770640103691101,100.99576297128075,288.3759313796743
28590843,-8.607016,10.9853,4.770640103691101,100.99576297128075,288.3759313796743
28577163,-4.391521,4.797749,0.050887103691101165,226.84081750388836,313.40964826013345
28590846,-5.02319,6.244153,-0.0400118963088989,214.03359191078732,290.30947670785275
28571258,-8.320407,6.402299,5.0416741036911015,51.088563775747474,383.5515133523593
28579839,-4.282993,2.848228,1.044221103691101,201.88954891480785,433.5401720527439
28577169,-10.857208,9.607597,0.09577510369110098,189.2138184793446,324.51531740789176
28582971,-4.12203,4.11798,0.03353610369110105,238.7275107340552,330.76185455340993
28587000,-6.17458,8.884136,-0.04955289630889892,198.58917276270117,268.5964105211773
28590857,-5.034427,6.144874,0.03408110369110107,212.50748824354991,293.0745117582119
28590858,-4.957069,6.059663,-0.04711489630889898,215.82837722569863,292.8780825556966
28571282,-7.56871,5.208885,0.8931041036911012,185.80636632898896,378.177268146728
28579854,-7.618802,5.439375,5.284064103691101,14.507987601168535,412.9828974309056
28590867,-4.86687,5.858536,-0.04436389630889881,217.64662364880988,295.4606196510333
28587043,-15.204044,19.540583,3.199447103691101,147.59155884303436,277.39840264088616
28587043,-15.204044,19.540583,3.199447103691101,147.59155884303436,277.39840264088616
28590871,-14.065319,14.787982,-0.12891089630889896,183.02759509084703,298.558228088439
28594805,-7.631346,9.458654,5.687137103691101,64.14414510854436,298.5143498243207
28594805,-7.631346,9.458654,5.687137103691101,64.14414510854436,298.5143498243207
28590880,-4.732134,5.587191,-0.0412938963088989,220.38848955086,298.9182746225292
28583014,-4.021782,3.829977,0.018338103691101004,245.3458862878981,340.4455410655879
28594042,-5.561365,7.467256,0.065213103691101,202.726100377618,278.6484889023478
28583023,-3.905263,3.711377,-0.03008489630889888,251.0848237420748,341.8251637646901
28594046,-10.848036,11.464764,5.659591103691101,91.47261340407113,313.2917293231272
28590894,-4.658859,5.417117,-0.04083789630889889,222.26233852410823,301.5624371030045
28583036,-3.840079,3.570943,-0.024893896308898933,254.60062779786028,346.92965819961034
28579875,-4.29131,2.843505,1.470320103691101,170.47156515676522,445.3851126340554
28583046,-3.890434,3.546039,0.022989103691101187,252.27605771271163,350.6441076451596
28583056,-7.014088,5.110854,0.07432910369110113,212.97722584202708,364.7769320649808
28583069,-6.095259,4.490482,0.09307410369110114,220.8993296853386,368.603296584354
28583070,-3.700823,3.261417,-0.02513289630889881,264.1157333326199,359.90754489857574
28578663,-17.629648,25.465595,0.04816510369110105,173.992641038243,261.5973056453825
28578663,-17.629648,25.465595,0.04816510369110105,173.992641038243,261.5973056453825
28583073,-8.483886,5.620853,0.017670103691101113,207.5343104221457,373.9383076549484
28583078,-7.605934,5.189555,0.8442511036911011,187.37367790121232,379.13258388193975
28583082,-9.810931,6.124992,2.2103691101005296e-05,202.86673736247815,379.1916229255068
28594074,-5.145483,6.500357,0.0594791036911011,209.07020766083352,287.9753159142442
28532388,-1.250654,4.013971,0.00288210369110109,272.4251660399324,202.9330629285454
28532388,-1.250654,4.013971,0.00288210369110109,272.4251660399324,202.9330629285454
28590918,-4.599651,5.176013,0.024957103691101157,222.6427150091555,307.1877197454239
28594084,-5.085997,6.330295,0.048919103691100974,210.63830410791465,290.2041871383672
28567436,-14.342248,14.908406,-0.1368008963088989,182.8950958132034,299.80712315655234
28594086,-9.459333,8.948842,5.478156103691101,73.56478633334635,336.3961041843006
28578706,-16.465195,21.320868,3.2590441036911013,148.47056871757417,275.9470948426072
28578706,-16.465195,21.320868,3.2590441036911013,148.47056871757417,275.9470948426072
28583104,-9.255412,5.404058,0.050820103691101126,206.18057004271543,392.5217788115835
28594089,-8.723825,8.394732,5.002323103691101,78.2372202922613,334.8016164760656
28583107,-7.910094,4.766446,0.064433103691101,213.14361036031048,393.1511319013463
28594094,-4.993839,6.134449,0.050469103691101136,212.20481773538984,292.4138950518301
28590929,-4.526864,5.020316,0.026212103691101163,224.5700901287977,309.9258014236507
28578714,-9.391026,12.199265,4.899815103691101,105.86951304370332,284.33868217061604
28578714,-9.391026,12.199265,4.899815103691101,105.86951304370332,284.33868217061604
28578718,-10.904803,13.987072,4.591219103691101,119.64584637432996,283.0083605873047
28578718,-10.904803,13.987072,4.591219103691101,119.64584637432996,283.0083605873047
28578723,-9.356097,11.888168,4.993797103691101,102.66736829596393,287.68627586826886
28578723,-9.356097,11.888168,4.993797103691101,102.66736829596393,287.68627586826886
28578724,-11.471834,14.340614,5.259337103691101,111.333485582727,286.64104163175546
28578724,-11.471834,14.340614,5.259337103691101,111.333485582727,286.64104163175546
28594101,-11.093347,11.537721,1.049701103691101,171.3626451988254,304.43039743076287
28590942,-4.430597,4.841594,-0.052211896308898886,230.01298996925587,312.4446960165836
28590946,-10.431582,11.004956,5.493620103691101,91.09803325078984,314.26144590641786
28590954,-4.40928,4.775585,0.036925103691101135,227.5531404942496,314.5801361046665
28578769,-11.181545,12.874302,5.238698103691101,106.1918176619563,298.605331647703
28590977,-11.478108,10.093669,0.003702103691101133,189.2876233161308,324.33398362674114
28578811,-10.08947,10.797863,5.157439103691101,95.91060065801813,312.0130428649156
28590141,-17.497936,25.183466,0.12042510369110104,173.59763451609643,262.0341378717404
28587169,-13.538925,13.337296,2.237483103691101,154.67567151979233,311.4151710750112
28591013,-4.102121,4.109068,-0.047551896308899,242.5743837724896,329.7987769386376
28578850,-12.79774,12.751513,2.176945103691101,154.99549319586794,310.5509008890597
28557286,-7.887999,5.683591,5.385246103691101,18.87772012759177,407.7683428502819
28576300,-13.437996,14.456106,5.049464103691101,117.6226057509027,304.4091851984813
28587191,-10.843691,11.639392,5.682479103691101,91.94138817094722,310.91170511999155
28594167,-13.195727,15.616186,0.1775791036911012,179.07079033872,285.1215813766114
28567505,-7.108021,5.114397,1.026419103691101,182.25756432168828,373.9967316437828
28583211,-17.038378,24.559664,0.13357110369110115,173.77597822524635,261.97506621859606
28583211,-17.038378,24.559664,0.13357110369110115,173.77597822524635,261.97506621859606
28578880,-9.208627,8.91474,3.783835103691101,114.59820330137704,326.6979488413669
28591021,-8.738679,8.397302,5.003438103691101,78.2959662590996,334.986256126866
28587201,-11.974634,10.894053,-0.036640896308898885,188.098780602406,319.02967786149765
28583221,-6.67402,9.99434,0.06898810369110109,192.27426211987907,263.3900817969555
28583223,-13.569681,19.247089,-0.011341896308898924,178.14668377276172,264.4872589500805
28583223,-13.569681,19.247089,-0.011341896308898924,178.14668377276172,264.4872589500805
28587205,-9.463913,11.372852,8.600473103691101,20.3261184909245,304.3943052991509
28578897,-4.616896,5.274736,0.03520610369110111,221.21647718902247,304.823790902872
28591027,-4.114134,4.077196,0.020492103691100994,240.04435856674797,332.156452503247
28567526,-7.414064,4.535251,0.14611510369110103,213.8748776077504,394.018725430483
28571995,-15.339729,19.568068,4.857372103691101,131.0710049552295,279.7524132804832
28571995,-15.339729,19.568068,4.857372103691101,131.0710049552295,279.7524132804832
28571997,-11.469912,14.571688,4.7407391036911015,119.68170704006933,283.7273923293657
28571997,-11.469912,14.571688,4.7407391036911015,119.68170704006933,283.7273923293657
28590181,-12.874031,16.198071,5.393985103691101,116.4759501005922,284.20045966222887
28590182,-16.768698,21.616739,3.3218131036911007,148.16973992710462,276.3852995884481
28590182,-16.768698,21.616739,3.3218131036911007,148.16973992710462,276.3852995884481
28587209,-9.638512,11.577675,8.9480191036911,15.411439599162918,304.71413234471413
28590188,-6.35168,9.342386,0.09067110369110098,193.99414554160853,265.966064436239
28590188,-6.35168,9.342386,0.09067110369110098,193.99414554160853,265.966064436239
28578934,-4.36545,4.725056,-0.0404598963088989,231.38360094620455,314.5193724311193
28591042,-9.419538,8.779674,5.533646103691101,70.39185350013227,339.5648657822596
28583274,-16.364824,21.291023,3.2476761036911013,148.52193964334904,275.4342661638842
28583274,-16.364824,21.291023,3.2476761036911013,148.52193964334904,275.4342661638842
28583275,-16.754168,21.633587,2.9123901036911013,151.75100962676186,275.8779835454234
28583275,-16.754168,21.633587,2.9123901036911013,151.75100962676186,275.8779835454234
28594202,-7.872228,4.953829,0.024195103691101005,213.10724856485425,385.3881404178349
28587230,-13.919501,15.456487,12.113643103691102,14.000451725781346,312.0778072738742
28587230,-13.919501,15.456487,12.113643103691102,14.000451725781346,312.0778072738742
28578952,-8.354544,6.846562,5.198347103691101,52.23504681815203,370.46654888957846
28591052,-3.935916,3.7877,-0.033758896308898834,249.37622686317783,339.05214906278866
28578967,-7.860457,6.278072,5.1863721036911015,39.50830590975573,380.91401477091154
28590237,-10.84501,11.76029,5.616821103691101,93.82042617060829,309.1504505053522
28583310,-5.158617,6.547941,0.056739103691101134,208.816729716785,287.2740994166735
28576441,-3.150798,3.212535,0.5386231036911011,238.18309474623965,348.57695462169136
28579010,-10.583344,7.821799,4.502842103691101,94.64706162396524,372.6963729405444
28527558,-16.882439,24.458447,0.09362510369110111,174.12177196348964,261.4639759357042
28527558,-16.882439,24.458447,0.09362510369110111,174.12177196348964,261.4639759357042
28591088,-3.861911,3.566593,-0.04364289630889884,255.4142323729712,347.7249831180319
28583336,-4.972363,6.078885,0.03819810369110099,213.04274625714257,293.13074459956147
28575486,-11.180211,10.812368,1.327127103691101,167.38463243088546,314.894990658128
28595904,-15.406265,20.649029,2.3259881036911008,156.33698354160703,271.7192485093963
28595904,-15.406265,20.649029,2.3259881036911008,156.33698354160703,271.7192485093963
28583352,-4.823396,5.752529,0.04899410369110102,215.70056247185772,297.3973458357076
28525193,-17.118364,24.84804,-0.406883896308899,177.54789641339397,260.9646753888514
28595907,-15.7381,21.040691,1.560338103691101,163.24446917689005,271.29631559177733
28595907,-15.7381,21.040691,1.560338103691101,163.24446917689005,271.29631559177733
28583359,-4.762146,5.589861,0.04295810369110109,217.48057318803737,300.0035197254358
28575505,-7.796517,5.644753,5.188549103691101,26.03820072127573,405.6327018458552
28591124,-3.70826,3.257718,-0.03113789630889885,264.4533947744623,360.3376374581527
28579043,-7.638084,5.544188,5.121602103691101,25.115621825161128,406.45936929249626
28567691,-6.918575,7.544518,5.531854103691101,39.95139744010899,325.11991477176537
28579050,-3.932544,3.75084,-0.03055389630889893,250.02066651765367,340.7857129456664
28583380,-10.378099,11.996488,4.970718103691101,105.84480508184387,299.0856604052902
28583386,-15.891121,16.784821,5.186566103691101,123.66735111918506,304.36209885832045
28579054,-3.95907,3.730113,0.025620103691101015,247.52685667826836,343.3335018039616
28591141,-8.444655,5.658683,0.04062810369110115,206.80694118197263,372.35337440787305
28527691,-8.814441,8.91275,4.666143103691101,91.71099734741628,324.1926223372416
28579073,-3.85362,3.576735,-0.03520189630889892,254.8423124890053,346.9805524354571
28591149,-6.104045,4.345654,-0.017843896308898932,226.3544655421468,373.6880143742286
28591153,-10.023351,6.27924,-0.03502789630889902,202.6422025928875,377.81408570825806
28591154,-3.618457,3.023637,-0.03282889630889896,272.95347331743363,372.7004485210919
28579083,-3.881305,3.53859,0.02397310369110106,252.48696897518892,350.74429572765087
28573667,-9.563445,12.424911,4.956323103691101,106.1189681559704,284.0773042632304
28573667,-9.563445,12.424911,4.956323103691101,106.1189681559704,284.0773042632304
28591160,-6.055684,4.197333,-0.02924089630889881,228.7041223641564,378.828065162322
28551440,-11.994549,15.138771,5.166060103691101,115.74560653695926,284.5182170880837
28525322,-13.560203,15.258961,-0.19304689630889893,183.41027171015293,290.46695177673047
28591168,-3.593764,2.95692,-0.03725989630889881,275.8566150307926,376.5732666018128
28579105,-7.300114,5.261481,1.0427931036911011,181.11049454770696,372.5712704013644
28527772,-8.781178,7.541945,5.254601103691101,62.23053751860198,357.7145324132017
28591183,-5.989029,4.01698,-0.02757789630889884,231.20722068322385,385.4931447319369
28590353,-8.416685,7.167367,5.296040103691101,53.77695560762064,362.406119471913
28579117,-8.049298,5.228234,4.539068103691101,49.62804490870119,422.2899852029015
28527810,-8.000009,6.461089,5.052910103691101,49.08911426312912,375.8269073759289
28591203,-3.575517,2.782111,0.010420103691101135,279.6886455060735,390.67973798556704
28579119,-9.686488,6.298916,0.026097103691101076,201.71829729714693,373.0932360534934
28590363,-4.587764,5.211429,0.04043510369110104,221.7846343728976,305.9037492823143
28579123,-6.101774,4.486845,0.08796310369110105,221.0907182169277,368.8483358773507
28579124,-3.711929,3.262104,-0.025423896308898852,263.9752246898892,360.2783278826406
28583437,-10.243522,10.841934,5.4089661036911005,91.37475462299624,314.03911600514675
28551528,-13.87817,17.205158,0.14470910369110102,178.0105097355402,279.3468060016891
28587366,-3.769802,3.286705,0.024967103691101,259.88516321086774,361.593743772249
28587367,-3.715289,3.247405,-0.03760389630889893,265.0094754806376,361.1656741404457
28579129,-8.612769,5.639367,-0.008114896308898834,207.81910173047163,375.2437628125752
28590372,-12.200647,11.183121,-0.043815896308898816,187.57577647364283,317.7775241689416
28591216,-5.757946,3.637736,0.005888103691101154,236.51013605172275,399.59656962545
28590381,-4.46063,4.939528,0.04101610369110098,225.2301586129184,310.6992488187351
28583452,-4.098996,4.211399,-0.017372896308898822,239.56297399900373,325.67531779309473
28591224,-7.605705,4.405899,0.10760010369110118,215.54358617979784,402.38555663150566
28551582,-7.12692,5.957948,4.376279103691101,61.38671852190777,371.4881541837789
28591232,-9.505466,5.04256,-0.03747389630889897,209.97327455454385,407.233571751744
28579145,-9.864986,6.104292,9.210369110101979e-05,202.8634763853564,380.48115676128646
28573729,-10.033923,6.39243,-0.040437896308898935,202.26823933136288,375.0456792664696
28568526,-7.467062,5.168224,1.0102951036911012,182.2860780436145,378.7177825476573
28579152,-7.88703,5.10808,0.08457810369110108,210.2422316223545,380.8105673386277
28590393,-4.373412,4.738468,0.04546210369110115,227.8605154032295,314.85004586606146
28591240,-3.391282,2.550178,-0.02495589630889894,295.50482327486884,403.54989188680304
28586408,-17.978458,25.804676,-0.04233689630889881,174.46461045650955,262.14249803357484
28525474,-2.945016,3.47974,0.7734671036911012,218.8698986220358,324.749819911752
28587390,-7.070413,5.047183,0.9862921036911011,183.86357087997408,375.3876692452976
28579162,-7.561495,4.935774,0.9179601036911011,185.9690734666856,388.230716120995
28587391,-3.635804,3.053202,-0.03925989630889881,272.0967290109504,371.1534160397513
28590403,-4.324856,4.624318,0.04432310369110115,229.60238584594663,317.3817355947569
28587392,-9.839628,6.244771,-0.00524189630889893,202.4171875075115,376.4046239932743
28586417,-7.049324,10.908097,0.08876610369110116,189.4203956558001,259.2946212749932
28586417,-7.049324,10.908097,0.08876610369110116,189.4203956558001,259.2946212749932
28531543,-11.883779,15.024343,5.095709103691101,116.288786951854,284.33653342012684
28531543,-11.883779,15.024343,5.095709103691101,116.288786951854,284.33653342012684
28587396,-7.703086,6.269593,4.726401103691101,56.48761063641746,374.3859282850576
28587397,-8.450911,5.481802,0.008655103691101118,208.64370958514976,377.54177043240753
28587401,-3.602947,2.98164,-0.04000589630889895,275.0200635573032,375.043994994948
28587412,-3.647889,2.976449,0.017200103691101143,271.1877342139048,378.1682397911744
28586443,-16.88936,21.71698,3.3167671036911015,148.3061160683919,276.6254897678298
28586443,-16.88936,21.71698,3.3167671036911015,148.3061160683919,276.6254897678298
28579193,-9.425529,5.464515,0.021108103691101165,206.26702148073267,392.87231444197295
28587415,-8.003364,6.325522,5.109916103691101,44.65040463129793,381.175955832308
28587418,-8.044968,6.359241,5.300343103691101,38.01121221852691,382.3278300610473
28587419,-6.857976,4.619974,0.7909881036911011,192.74523461964316,386.0888739768696
28587420,-3.539978,2.863576,-0.03099189630889887,279.7207242848212,381.7691147755203
28586449,-10.81079,13.742651,4.543036103691101,119.61122809317742,284.2589149911856
28586449,-10.81079,13.742651,4.543036103691101,119.61122809317742,284.2589149911856
28586455,-10.910229,13.586346,4.8318521036911015,114.77184547468062,287.3332109693942
28587423,-7.42223,4.893755,0.9539561036911011,185.0848781021624,387.6023265612066
28570303,-1.054937,4.478504,-0.022594896308898882,262.1289681784812,182.31138880717765
28570303,-1.054937,4.478504,-0.022594896308898882,262.1289681784812,182.31138880717765
28583507,-4.003938,3.818987,0.03172910369110116,245.078623098094,340.51329089096475
28587425,-3.589184,2.860132,0.022288103691101124,275.818981271795,385.0062290163684
28587433,-3.49691,2.757431,-0.031039896308898918,284.6149250850221,388.778372954646
28586473,-11.384126,13.385849,5.458534103691101,104.83271417308517,295.63028158105374
28579241,-9.414911,4.911882,-0.030039896308899028,210.78872973235244,410.5390011741242
28586500,-12.837448,14.117897,4.373466103691101,125.64541203276367,300.9215231103554
28572826,-7.802536,6.229069,5.158319103691101,39.24332438064252,381.4047593783971
28586506,-14.666366,15.774724,4.448394103691101,129.60692456227966,301.9796862292567
28586530,-5.171947,6.562181,0.05839310369110118,208.6480227163304,287.2858307676634
28586540,-13.782364,13.40845,4.859031103691101,118.16186810076996,318.2256254348843
28579294,-4.307364,2.866327,1.051240103691101,201.04663148358227,432.7569672403487
28572843,-3.920824,3.657181,0.030909103691101114,249.14032100585408,345.8237141471608
28574645,-10.103052,6.342285,-0.05397089630889895,202.66913222117483,377.15148166741193
28591337,-4.288952,2.844938,1.4668621036911011,170.73601745888948,445.0605266623402
28574659,-2.808792,2.526284,-0.009604896308898825,309.6860846406759,379.1217171257642
28572854,-3.734599,3.215894,0.027127103691101162,262.1358783366494,364.8595836973619
28587465,-3.500403,2.650002,0.021099103691101018,285.7198000764857,399.5825794788598
28586597,-11.005874,10.555947,1.0600051036911011,171.88378864598496,315.6378147913287
28587476,-3.477501,2.574737,0.021457103691101098,289.46622850697537,405.8220541938277
28579372,-5.806457,8.068483,0.06410410369110098,199.7016226890108,273.7468317365466
28579372,-5.806457,8.068483,0.06410410369110098,199.7016226890108,273.7468317365466
28583570,-9.033299,8.138787,5.415032103691101,65.43940796311196,347.50863400388585
28586634,-8.646396,7.116255,5.476552103691101,48.43530357199904,369.0608168795112
28583574,-8.576025,7.695328,5.075371103691101,68.42952338770101,349.28760795209865
28579393,-16.795744,21.729176,3.3045211036911013,148.3867249269715,275.94311678499025
28579393,-16.795744,21.729176,3.3045211036911013,148.3867249269715,275.94311678499025
28579401,-5.299378,6.898363,0.07300510369110103,205.97107067869825,283.46818732854456
28583594,-7.068244,5.067896,0.08765010369110104,212.72326706069305,367.3650782389849
28583596,-3.752984,3.205255,0.014832103691100995,262.8862371341331,366.065885344269
28579408,-14.466922,18.518242,3.9316511036911015,138.93595582145338,279.0167656831149
28579408,-14.466922,18.518242,3.9316511036911015,138.93595582145338,279.0167656831149
28583610,-8.632918,5.697775,-0.009092896308898979,207.477168775114,373.84139810727714
28583613,-3.609144,3.029428,-0.027708896308898945,272.60157939754464,372.00305625647786
28569682,-7.059129,5.024646,0.10116310369110115,212.6520830719812,368.7740520487985
28583617,-9.573016,6.113642,0.04469210369110099,202.27734158351004,376.47666780097177
28582635,-17.698322,25.548956,0.02076710369110102,174.14759181682518,261.6344645637262
28582635,-17.698322,25.548956,0.02076710369110102,174.14759181682518,261.6344645637262
28583627,-8.308551,6.740067,4.855921103691101,62.64193930527316,370.5735526929978
28583629,-8.819847,5.733882,0.680384103691101,188.8044679980886,380.38630252932455
28583633,-3.546115,2.908862,-0.02010589630889892,277.2958302471099,378.6532348496257
28587499,-7.628201,5.114063,4.360110103691101,51.77703618285486,417.9569675271475
28587503,-3.364256,2.440172,-0.03673589630889884,302.5074827501497,413.4103018121887
28583651,-3.50335,2.800735,-0.021474896308898872,282.1736028807435,385.58380700966416
28543872,-14.87045,21.284647,-0.20159889630889882,178.2782840321554,263.0190952411951
28583658,-3.568934,2.783359,0.012186103691101069,279.6424399690215,390.3471838008506
28582678,-16.172911,20.846035,3.239972103691101,148.2967898830145,276.60464034169536
28582678,-16.172911,20.846035,3.239972103691101,148.2967898830145,276.60464034169536
28586704,-4.168522,4.250414,0.0316461036911011,236.3663038082564,326.6954686442549
28583662,-7.558322,4.586065,0.12143910369110111,213.80814628392625,394.38945362529137
28574816,-9.584115,10.087838,5.023904103691101,93.2997721197738,315.8376868412104
28582683,-11.735693,14.914183,5.026390103691101,116.7850963049051,283.7437951253114
28582683,-11.735693,14.914183,5.026390103691101,116.7850963049051,283.7437951253114
28582684,-14.167494,18.135534,3.853814103691101,139.2003370770176,279.1394500384713
28582684,-14.167494,18.135534,3.853814103691101,139.2003370770176,279.1394500384713
28582685,-11.75351,14.750483,5.348199103691101,111.68653652415787,285.84864117131605
28582685,-11.75351,14.750483,5.348199103691101,111.68653652415787,285.84864117131605
28582687,-6.340523,9.297773,0.091235103691101,194.1278737140888,266.3359668352129
28582687,-6.340523,9.297773,0.091235103691101,194.1278737140888,266.3359668352129
28583672,-3.449133,2.673493,-0.027411896308898953,288.81400481995547,394.2635137619845
28543918,-7.242273,4.995722,-0.0019418963088988495,215.47310247330608,372.42687912558233
28579515,-10.709312,11.880463,5.498723103691101,96.29844937363023,305.6862025410535
28579516,-11.958121,11.411791,2.1499991036911013,154.46128332398422,317.6558018048299
28582698,-13.658982,17.228537,2.8182271036911013,149.59573784315802,280.2031568345048
28566488,-7.116851,5.134912,1.055018103691101,181.2288256755055,373.6620346091328
28566489,-7.290966,5.146826,1.239578103691101,174.87814719299115,378.1177906000473
28582703,-6.226557,8.937227,-0.06128789630889897,198.57729798532253,268.76722304214053
28582703,-6.226557,8.937227,-0.06128789630889897,198.57729798532253,268.76722304214053
28579529,-10.898177,9.561842,0.07533310369110113,189.6216506705992,325.5975766275669
28542045,-8.219756,5.790884,5.3729061036911006,25.477650158035573,408.92312753846016
28582720,-10.661914,12.513212,4.996274103691101,107.98618841696002,296.3512723880699
28579536,-10.2795,10.94664,5.4401841036911005,91.427404454849,313.04393285513095
28587546,-7.70169,4.810423,4.455199103691101,41.67926988060219,436.6320195285372
28579544,-4.133508,4.192429,0.043479103691101084,237.00341197642052,328.0668142552487
28582745,-10.0816,11.071295,5.050949103691101,99.46529770894954,307.71014184282507
28582772,-8.36072,8.704923,5.4263131036911005,67.50154015270948,324.1552761808034
28586754,-3.962366,3.72206,0.027782103691101012,247.559009479956,343.8790370711266
28583750,-8.625045,4.675141,2.022996103691101,148.29679984826578,428.3532982734525
28579586,-8.480346,8.858864,5.437480103691101,69.30549864528956,323.00352545562697
28576976,-1.167989,3.23557,-0.015075896308898828,311.36861377708,218.9657458358844
28576976,-1.167989,3.23557,-0.015075896308898828,311.36861377708,218.9657458358844
28586780,-6.969925,5.08905,0.016289103691101037,215.0524454200655,364.2201343362518
28579616,-3.898211,3.597365,0.028574103691101138,250.7680539528212,348.18352011429465
28582799,-12.892069,12.815701,2.171294103691101,155.13593658528475,310.7508796488752
28530762,-14.909299,19.012245,4.015287103691101,138.8190876345391,279.26996952551576
28530762,-14.909299,19.012245,4.015287103691101,138.8190876345391,279.26996952551576
28579654,-3.697662,3.268288,-0.01954789630889886,263.65842443758834,359.43245266435804
28579667,-3.748289,3.244326,0.025626103691101187,261.2588781200223,363.5033527867266
28579687,-9.341123,6.142379,0.10223010369110108,201.1750103627496,372.7734780697896
28579692,-8.392998,5.571132,0.04778810369110098,207.21866558399677,374.1785029894295
28579699,-7.179764,5.082027,0.9634741036911011,184.39214998378685,376.0337509488484
28579707,-9.712577,6.074618,0.016670103691101,202.8709509644993,379.2913061202138
28538096,-8.744912,7.821878,5.325056103691101,63.07148562867647,350.2122988354291
28579710,-7.881413,5.290944,0.8019261036911011,187.9738192149723,380.1641087455607
28582845,-8.542605,7.607727,5.089838103691101,66.8199815429245,351.0758594479913
28590737,-6.56688,9.758988,-0.0584708963088989,195.46165714217864,264.2221228920898
28590737,-6.56688,9.758988,-0.0584708963088989,195.46165714217864,264.2221228920898
28579721,-8.250886,6.925881,5.098348103691101,56.192049066667664,365.46085364980047
28582855,-8.604443,7.433458,5.361104103691101,56.37109751005559,358.39957192979045
28579738,-7.428819,4.887115,1.1078271036911012,179.87875948427933,389.39739579298407
28596015,-1.168099,2.199064,-0.0169508963088989,424.9135562058741,285.3828319415155
28579754,-6.638556,5.934011,5.253614103691101,16.420135243544422,369.73433553334735
28582885,-10.802938,9.516085,0.07431910369110106,189.8075046802059,325.1672611513067
28579785,-9.095348,4.821515,0.025788103691101183,210.63003606419696,409.63013617902834
28594003,-11.608624,14.430898,4.033531103691101,129.74000490089523,285.3943894898312
28594003,-11.608624,14.430898,4.033531103691101,129.74000490089523,285.3943894898312
28577193,-12.627319,14.007267,11.134182103691101,11.985214558213189,313.7135675271554
28577193,-12.627319,14.007267,11.134182103691101,11.985214558213189,313.7135675271554
28571287,-9.2349,5.220974,0.022186103691101078,207.9854676229996,397.8759048804539
28579862,-9.453481,5.036077,2.715863103691101,127.04120142288336,432.7273763371896
28567395,-13.715757,15.312651,11.9001191036911,15.525454351563468,311.23859942385906
28567395,-13.715757,15.312651,11.9001191036911,15.525454351563468,311.23859942385906
28594058,-5.381236,7.05839,0.06581710369110105,205.11782971775244,282.1879491966875
28583085,-9.538812,5.864893,2.7639901036911008,129.38283663874682,402.89282601586825
28583092,-3.715838,3.129524,0.01523310369110109,265.53879601161594,369.7613612632804
28583095,-3.60746,3.050947,-0.023187896308898948,271.65664702564175,370.469726520579
28594093,-12.77422,13.336091,0.008219103691101015,183.53197891040224,300.45267859073226
28587117,-13.111176,13.892556,-0.009582896308898858,182.96626484591152,298.33757027981426
28583114,-9.32373,5.266304,0.03219310369110118,207.2689945793768,397.7658813970462
28583115,-5.858197,3.847955,0.005477103691100993,232.8875839296352,391.0095286625239
28578727,-11.580546,14.400806,5.068777103691101,114.5445838605014,286.90766617253746
28578727,-11.580546,14.400806,5.068777103691101,114.5445838605014,286.90766617253746
28578742,-13.047056,14.292351,11.577715103691101,8.450336345511829,315.69244001959567
28578742,-13.047056,14.292351,11.577715103691101,8.450336345511829,315.69244001959567
28583127,-9.307509,5.013889,0.00752010369110101,209.41651438298985,405.7673369430257
28532489,-8.492377,7.248526,5.3523121036911006,53.479881886397095,361.6980200059508
28583137,-9.124737,4.74786,0.005797103691101091,211.5896287989505,412.5790844340238
28578804,-9.606657,10.459885,5.166781103691101,92.4240265028871,310.7178462027018
28587181,-7.984503,9.735783,6.468579103691101,47.46210919511657,302.0483453302313
28578856,-9.094614,9.022961,4.734001103691101,91.74547023439511,326.5603215089835
28591030,-6.74924,7.286655,6.1928271036911005,7.534032779438803,332.3296825446105
28591030,-6.74924,7.286655,6.1928271036911005,7.534032779438803,332.3296825446105
28578911,-2.711696,3.607002,0.01767710369110098,264.2157219563716,299.1438461915042
28587211,-11.804352,10.521475,-0.035831896308898825,188.86422997044315,321.9995471494258
28572010,-7.729263,8.979378,5.055589103691101,77.50269684682189,306.78521527899136
28568406,-13.656713,15.318391,11.7613851036911,17.744732483809628,310.30588146817587
28568406,-13.656713,15.318391,11.7613851036911,17.744732483809628,310.30588146817587
28587253,-13.754679,14.896334,12.2104421036911,6.19482250716905,317.0936163566133
28536782,-13.65567,14.73124,12.1572461036911,5.0333962544354165,317.95553433444434
28536782,-13.65567,14.73124,12.1572461036911,5.0333962544354165,317.95553433444434
28590250,-9.939162,10.595039,5.287868103691101,91.60313304656556,313.44978549448456
28591090,-3.92031,3.588277,0.010388103691101103,251.6616062897584,349.2399119742315
28527573,-11.709844,14.516012,5.107621103691101,114.4875756400301,287.2094853963837
28527573,-11.709844,14.516012,5.107621103691101,114.4875756400301,287.2094853963837
28583348,-9.015019,11.432034,4.851407103691101,102.55123999174732,288.4643104976728
28583348,-9.015019,11.432034,4.851407103691101,102.55123999174732,288.4643104976728
28571433,-9.356729,5.258453,0.016104103691101157,207.66101254805625,398.3707330166011
28583351,-12.890822,13.632643,0.02846710369110106,182.8838482035656,298.7846901565831
28595903,-7.594348,9.429181,5.664757103691101,64.27706452850953,298.32416319809903
28595903,-7.594348,9.429181,5.664757103691101,64.27706452850953,298.32416319809903
28572078,-9.466585,5.34936,0.003146103691101132,207.25574715641076,396.9264129129091
28595909,-7.523737,9.312658,4.946328103691101,82.43856389182929,296.9798948289209
28595909,-7.523737,9.312658,4.946328103691101,82.43856389182929,296.9798948289209
28575519,-9.9521,6.087427,-0.02873789630889889,203.4571194322748,381.9322992242847
28591136,-3.681816,3.185485,-0.03562389630889884,267.1367250936977,363.93672905864463
28575532,-9.62526,5.293179,-0.05146689630889889,208.61700285659015,400.5315128525116
28591167,-3.671439,3.002268,0.009513103691101144,270.4456732085168,377.02614068964107
28591177,-3.541889,2.8808,-0.02794989630889888,278.8634563658593,380.536636402596
28529940,-16.064213,20.598385,2.929205103691101,150.9871947138911,277.00607480380626
28529940,-16.064213,20.598385,2.929205103691101,150.9871947138911,277.00607480380626
28583426,-11.602021,10.428103,0.011053103691101018,188.45291593597767,321.19662160438065
28591195,-5.802519,3.839655,0.10198210369110106,229.44294085738915,391.2663114728292
28591199,-9.103163,5.288757,0.06631410369110102,206.72960046563995,394.0769611610358
28591206,-7.743214,5.618341,5.171758103691101,25.634733710198248,405.63165387586986
28591209,-3.47059,2.712424,-0.029325896308898924,286.8562766782509,391.636272079232
28527828,-8.340926,6.528029,5.2654441036911015,44.75750344892609,381.3314932672173
28591211,-9.361506,5.259512,0.01058210369110113,207.78884902680608,398.3620370746097
28587373,-3.745929,3.214134,0.018158103691101157,262.5393478330694,365.268094674112
28590379,-11.350576,10.23807,0.041624103691101144,188.49821341706996,321.0837228909506
28591226,-3.41642,2.624055,-0.027775896308898984,291.691033291324,397.4409296451737
28551597,-7.802357,6.200848,4.729239103691101,56.073475647892735,378.7628134486308
28573736,-3.600206,3.050086,-0.02147089630889898,271.6901845637108,370.27479387514256
28591250,-9.177685,4.78958,0.00840810369110101,211.1074324841631,411.84562194864657
28573746,-9.518429,5.092046,-0.029532896308898993,209.44086524646283,405.8068098647616
28579164,-3.705342,3.097175,0.012797103691100986,266.79168995656835,371.5641002626846
28579172,-5.918736,4.085508,0.09522010369110112,226.0259638164997,382.0236214170918
28586439,-13.713982,14.804822,12.146489103691101,6.258908327543963,317.63180915869907
28586439,-13.713982,14.804822,12.146489103691101,6.258908327543963,317.63180915869907
28579187,-7.413421,4.702501,0.8891831036911011,188.02468879235295,394.4122068390741
28586448,-9.15513,10.654121,7.457939103691101,38.49674213274446,307.9428976272281
28586448,-9.15513,10.654121,7.457939103691101,38.49674213274446,307.9428976272281
28579213,-9.544081,5.253469,-0.029292896308898975,208.45083552947327,400.84367987384815
28579215,-5.796344,3.763061,0.08893010369110099,231.04104608044267,394.8992202151915
28586458,-13.771228,17.137682,3.851915103691101,137.88486652097072,282.9130299644144
28586458,-13.771228,17.137682,3.851915103691101,137.88486652097072,282.9130299644144
28528006,-9.695318,6.127979,2.934222103691101,125.74010798745142,397.7855999488751
28579229,-9.465319,5.055205,-0.02408689630889893,209.6390731226317,406.3469733517864
28591298,-3.380092,2.38312,0.021769103691101188,301.10502277232086,421.940013659698
28528049,-7.401503,5.025836,0.9255181036911011,185.59030400694644,381.9694236985923
28583514,-13.881801,14.936749,12.4209041036911,3.363514175386399,318.3617155708585
28565762,-7.496222,4.632314,1.232418103691101,176.11244613719535,402.3305678007112
28587447,-9.199304,5.235898,0.04547810369110117,207.36432496011437,397.050126528318
28586510,-8.524177,9.097534,5.400977103691101,72.74856289433765,318.8764144269036
28586511,-9.987309,10.646558,5.339617103691101,90.94541734001616,313.4496676997581
28525658,-7.380613,4.994833,0.8154591036911011,189.35287313538285,381.7785234980773
28586542,-12.802669,13.320494,-0.0009648963088988438,183.6546242153005,300.8454259610589
28574647,-8.387447,5.469416,0.026239103691101162,208.39211307459257,377.0308912196343
28579305,-4.285796,2.84887,1.520710103691101,166.53060929636337,446.0163611860231
28587459,-9.181169,5.093723,0.03865310369110109,208.4035931242209,401.4609181724584
28572875,-9.347889,4.929537,-0.015230896308898956,210.44534357827197,409.0887795701473
28586626,-11.624892,10.565211,0.016867103691101004,188.09849858923843,319.6692509231176
28535469,-10.216619,12.644472,5.353746103691101,101.26837643587768,290.3093175442636
28535469,-10.216619,12.644472,5.353746103691101,101.26837643587768,290.3093175442636
28586665,-4.342656,4.645242,0.036354103691101036,229.5505380864429,317.1165547679499
28583622,-8.205148,5.359042,0.06163310369110109,208.51233119999551,377.7673389064669
28587491,-9.030819,4.684624,0.026785103691101098,211.66332021734493,413.7439043884001
28579472,-9.417094,11.739397,5.1563421036911015,98.96290554852276,290.6048781252593
28579472,-9.417094,11.739397,5.1563421036911015,98.96290554852276,290.6048781252593
28582671,-9.71753,11.601004,8.6784041036911,22.706309566453854,304.74235188636715
28583666,-9.173038,5.263762,0.051476103691101116,207.1078038102356,395.8032861770224
28579508,-9.829713,10.924915,4.732823103691101,104.55344141750145,305.7097507420119
28583675,-9.20218,5.13967,0.03776910369110098,208.1114645773458,400.2145963765707
28582691,-11.248573,14.037691,4.942268103691101,114.91136427875256,286.70921302472334
28582692,-14.516366,18.121159,4.026733103691101,137.526713138463,282.1580766481336
28582695,-13.597013,14.556841,12.210149103691101,1.9487728864325504,319.61873338594955
28582696,-9.13849,11.426832,4.991989103691101,100.00255147127218,290.48481872535547
28582696,-9.13849,11.426832,4.991989103691101,100.00255147127218,290.48481872535547
28587531,-3.376598,2.361483,0.018657103691101184,302.5962430724753,424.17209489529
28583694,-9.247524,4.887824,0.012992103691101153,210.1827159259732,409.3604451668312
28573900,-7.300001,4.971511,0.09277210369110112,212.58541173594165,375.0974612968442
28579552,-2.967085,3.427147,0.8398631036911011,215.1852066880649,329.88343208801007
28583719,-3.337173,2.417451,-0.029734896308898806,303.89716871233486,414.90070263894006
28582768,-8.347634,8.848143,5.2833751036911005,72.83805423565329,320.46342468879146
28583739,-3.380221,2.363115,0.019910103691101133,302.3279421078517,424.1718102935961
28583752,-9.376949,4.957211,2.230095103691101,142.98005297431612,429.7795586719901
28587576,-4.238353,2.820865,1.480488103691101,169.75532830174902,446.359534785985
28583760,-3.255744,2.252534,-0.019398896308898905,315.044657710533,430.9587280480733
28583779,-4.370049,2.868603,1.492218103691101,168.70612406567574,445.8794873201733
28579631,-14.405073,15.704908,12.7082991036911,8.151730062554606,315.23114516260995
28577002,-12.37692,13.858203,11.4706101036911,2.4043823129010207,313.6605853233368
28577002,-12.37692,13.858203,11.4706101036911,2.4043823129010207,313.6605853233368
28593897,-8.389887,10.577601,8.6201311036911,1.2628982007240666,300.827432275014
28593897,-8.389887,10.577601,8.6201311036911,1.2628982007240666,300.827432275014
28563862,-8.293416,9.672582,4.840637103691101,90.73970501869864,303.18342587349684
28579704,-3.572166,2.957258,-0.02451689630889886,275.4271417308776,375.9149978808055
28579724,-7.726606,5.018563,0.6579811036911011,193.7619040514825,385.84730571638295
28521368,-14.806526,18.072592,-0.19493189630889884,180.478323048224,280.42020924448315
28579744,-9.755347,6.648372,3.348230103691101,116.34143418506304,385.6206963603984
28579751,-8.047157,4.980186,0.9414041036911011,184.5054353828205,395.3279868407658
28577080,-7.394885,4.843906,0.9230351036911011,186.34256168234285,388.7463950252028
28579797,-7.362135,5.943828,5.6201481036911005,7.965918294986181,388.4835395595006
28570558,-9.975901,8.605194,0.9644441036911011,175.63862885993314,332.5098951262985
28582936,-8.235684,6.228928,5.463164103691101,30.72523231846796,392.1209484605264
28579830,-7.193278,3.999042,1.2337581036911012,177.9020914015971,426.9668193880568
28536196,-8.159786,5.758782,4.793411103691101,49.1144353872877,403.1896459151597
28571279,-7.058557,5.138059,1.1572821036911012,177.8123225360028,373.2613277829146
28566720,-9.804804,5.973068,1.765779103691101,158.74267911110445,395.3869370998296
28521673,-12.11383,6.6994,4.922731103691101,80.59983226942529,426.1609680658115
28577200,-7.489877,4.762038,1.228005103691101,175.98073948300458,396.711377225038
28566729,-9.650273,5.66939,1.966923103691101,152.76734619441572,404.5766425429018
28577205,-6.574645,5.943079,5.208883103691101,18.04715292714451,367.4903060933784
28594031,-5.561258,7.653049,0.006896103691101052,203.2947100352528,275.41090691734433
28583032,-3.92397,3.646027,0.02072710369110098,249.8501518977893,346.40534028232696
28583065,-9.505297,6.080205,2.9538711036911014,124.46754754856477,396.7270690433448
28594071,-13.284205,14.467334,0.030423103691101128,181.8057092059977,294.8958960495413
28583088,-7.376304,4.875376,0.014776103691101161,215.47004715794816,379.27420592040255
28579925,-7.988099,4.77242,4.6237131036911014,35.52881521858089,446.3777633581001
28578733,-14.362682,17.864584,2.938319103691101,148.9436777298103,281.5615265125739
28578733,-14.362682,17.864584,2.938319103691101,148.9436777298103,281.5615265125739
28521928,-1.022191,2.217288,-0.010587896308899003,433.84374272990624,264.41500973266244
28521928,-1.022191,2.217288,-0.010587896308899003,433.84374272990624,264.41500973266244
28578819,-13.888358,14.799622,-0.06837189630889884,182.39458463621557,297.08327979258473
28587174,-1.01987,2.213461,-0.008350896308898959,434.625128227316,264.5126601960595
28587174,-1.01987,2.213461,-0.008350896308898959,434.625128227316,264.5126601960595
28578866,-8.591578,8.290941,5.110149103691101,73.59266736642738,335.46597936572755
28578871,-12.468021,11.877558,2.195736103691101,154.20285932297958,317.29477577299343
28567506,-7.269954,5.081553,1.2389271036911012,175.03914730960628,380.12993965368
28578881,-1.015879,2.212741,-0.00925089630889886,435.2466680383517,264.0229269419402
28578881,-1.015879,2.212741,-0.00925089630889886,435.2466680383517,264.0229269419402
28567516,-9.655372,5.669973,1.9698251036911012,152.6884886655817,404.6535074711565
28578910,-11.915079,10.786446,-0.032916896308898824,188.2697330663405,319.77011710402354
28594178,-7.019728,7.844657,6.252611103691101,19.370844924491703,323.1241969024286
28594178,-7.019728,7.844657,6.252611103691101,19.370844924491703,323.1241969024286
28590186,-17.050587,22.337519,-0.0440928963088989,176.09954993387112,271.9965303317045
28590186,-17.050587,22.337519,-0.0440928963088989,176.09954993387112,271.9965303317045
28583277,-14.531799,18.020203,0.11902410369110106,177.56486864692292,279.0214767212828
28576366,-9.234915,4.680204,-0.01652089630889897,212.3695374620181,416.4958174762612
28578949,-7.824232,6.528528,5.0811781036911015,47.68378836392836,370.4667569520284
28572057,-2.030543,2.662612,-0.01647489630889898,324.1399923361459,319.45122998300576
28514954,-1.020755,2.213045,-0.012996896308898886,435.1076381814645,264.61612333830215
28514954,-1.020755,2.213045,-0.012996896308898886,435.1076381814645,264.61612333830215
28572070,-9.971614,6.485499,1.381003103691101,168.6431178921269,380.3171527423491
28571426,-9.912292,6.452433,1.392229103691101,168.38925039914767,380.464948936034
28527617,-11.269244,12.933945,5.256919103691101,106.27742665853528,298.9405313014754
28590293,-13.104506,13.967101,0.007641103691101048,182.67739414233264,297.6390848080092
28567708,-9.813215,6.217407,1.5603121036911012,164.22010485794857,386.7545955039048
28569438,-14.478843,15.489363,-0.10005489630889897,181.86741969141093,296.24687729844857
28567710,-7.710074,4.879332,0.701291103691101,193.04919619109697,391.10307590498894
28567714,-9.720441,5.940125,1.7741531036911011,158.456145030007,395.283190389225
28590314,-9.413291,8.836142,5.300031103691101,77.05107323602476,337.27609536584055
28579067,-3.923523,3.645001,0.02024310369110105,249.90018826827173,346.4383151995417
28591158,-7.211828,5.042704,1.243041103691101,175.00332604531746,380.5137495826377
28591166,-7.659234,4.953949,-0.05884689630889883,216.1995038430795,380.9918866903556
28579143,-9.437825,5.899238,2.814951103691101,127.72966967682224,400.6573414714624
28568525,-7.135683,4.973754,1.129278103691101,179.13642900806343,380.6586696221924
28568527,-9.943914,6.251316,1.578521103691101,163.7700561831274,387.7173228419409
28573735,-3.705793,3.125676,0.017319103691101123,265.66786295548354,369.67687407997073
28569500,-7.118048,4.958823,1.153908103691101,178.33478311063078,381.10817521937736
28569503,-9.920538,6.22881,1.6018211036911012,163.16599850219558,388.19950688313565
28569508,-7.425959,4.89905,-0.007493896308898851,215.8099544748861,379.155467204684
28569510,-9.57726,5.416097,2.1546851036911012,146.7153900003109,414.0386720517709
28568530,-9.782212,5.986297,1.773094103691101,158.5361386027486,394.7150719604904
28527904,-2.715887,3.597405,0.019516103691101128,264.3415156092294,299.8214202902641
28527906,-10.551948,7.507339,4.262504103691101,98.74779476940374,378.8313535684273
28568539,-7.64482,4.837413,0.5620511036911011,197.85160307498808,390.2764326389329
28551640,-2.990972,3.467085,0.8079541036911011,216.47743375259083,328.1249645186178
28587406,-7.480881,4.901642,-0.01924989630889895,215.9732018774822,379.9649374384292
28579184,-9.346626,5.495842,2.685290103691101,129.8733716092753,412.55196751757074
28579185,-7.648476,4.812042,1.2319421036911011,175.65109493943518,397.6075655324175
28525585,-8.755548,5.216541,4.901937103691101,39.85857453233757,439.3260280190301
28586532,-13.414754,14.266827,-0.022692896308898813,182.59650500052365,297.66870965758426
28586543,-11.454674,12.092495,-0.015369896308898845,186.1303393420813,300.029819470419
28572848,-9.952094,6.696133,1.2223111036911012,172.30641385169147,373.5855822113987
28525766,-1.019891,2.215527,-0.010412896308898967,434.4068099753434,264.2791805638307
28525766,-1.019891,2.215527,-0.010412896308898967,434.4068099753434,264.2791805638307
28586613,-10.33753,9.829018,0.01932910369110119,190.4128074461932,315.0773058881614
28570397,-8.001334,6.738497,5.136335103691101,50.28274469586947,367.1778452557329
28579419,-12.535792,14.529245,0.1543761036911011,180.5170271237945,287.95646708229253
28583623,-7.321039,4.909935,0.10033110369110099,212.74262063832623,377.7264550948728
28583628,-7.170011,5.030047,1.236380103691101,175.27897620583917,380.1276870737388
28583630,-7.499616,4.901177,-0.015396896308898844,215.8011095104896,380.351951854703
28579456,-12.261583,12.780682,0.07000710369110119,183.64337965633007,301.1374863204101
28569699,-8.022181,6.510514,5.234869103691101,43.0376982281108,375.9706697108087
28579485,-10.607379,12.384092,5.003708103691101,107.25793810921688,297.2305701784494
28586725,-4.083402,4.034073,0.033818103691101165,240.41532173946973,333.1730492319557
28582754,-9.810434,10.67123,5.243626103691101,92.60674177836756,310.4762283969597
28574843,-7.200016,4.188707,1.2375371036911011,177.21139811364122,417.35021747587
28582782,-13.217839,13.900173,-0.004709896308898953,182.86049141309823,299.2193882620976
28582804,-9.061996,8.643179,5.313339103691101,73.43571660887915,336.1028078617314
28582806,-1.014367,2.220363,-0.011580896308899025,434.0457226376515,263.0166018782052
28582806,-1.014367,2.220363,-0.011580896308899025,434.0457226376515,263.0166018782052
28579675,-6.970885,7.587043,6.502102103691101,3.985786260781993,330.2858616930871
28579675,-6.970885,7.587043,6.502102103691101,3.985786260781993,330.2858616930871
28579703,-7.317672,4.898502,0.11313610369110116,212.4404479265734,378.17873232704494
28582861,-7.514652,6.429984,5.567197103691101,23.32079258242956,371.8794614338234
28521381,-9.606547,9.03078,5.366261103691101,77.77376396879447,336.409098826699
28521382,-12.882161,12.700527,4.245576103691101,124.44727744604636,316.332128026558
28521390,-11.8963,11.438389,4.441160103691101,116.2522880557451,322.460555489297
28521394,-9.876906,9.386296,4.4354571036911015,103.49597009120887,329.8401660144589
28521401,-12.955793,14.705884,-0.12678989630889892,183.4820856198257,289.8392141483469
28582867,-10.323432,9.417978,-0.030801896308898957,192.20509607030652,320.6441290359545
28579750,-7.171809,6.240891,5.360389103691101,24.679956433073755,370.188089139925
28521410,-7.371541,6.397581,5.467033103691101,25.449110286659504,369.3658246323687
28521416,-12.484427,12.265453,2.175229103691101,154.69324449546713,312.88224584868766
28582875,-8.881886,7.543445,5.021752103691101,70.1005794991689,357.93418490403644
28579757,-9.386488,6.581806,3.9950521036911013,95.28786696040576,386.80550521788535
28579758,-9.721249,6.434181,3.196636103691101,119.52944163956391,390.48868074709833
28582883,-8.145044,6.816837,5.229288103691101,49.13052514250103,367.93182485568553
28579764,-8.373353,6.658592,5.448066103691101,40.26312161749468,378.8647740092816
28582893,-9.633362,7.93202,4.694682103691101,86.7433258080149,357.7992257280962
28579780,-8.119386,5.928685,4.464283103691101,64.80372059296184,392.4576185303508
28579782,-7.600964,5.967597,5.133090103691101,33.35783406869149,387.4867851073884
28579783,-7.242613,5.56537,4.520556103691101,49.31322423622706,391.1414898811379
28582902,-7.86411,6.443104,5.005136103691101,49.57229074334447,373.5577814463842
28521496,-10.983681,8.446724,4.623831103691101,96.99579569504124,363.9841686804672
28579792,-9.913164,6.515874,4.471090103691101,82.12205213878201,400.33017125472304
28582919,-10.333,8.125607,4.353427103691101,99.61907713818417,361.307680989932
28579809,-9.199867,5.311521,2.405506103691101,137.9298436378424,414.73278181547846
28582925,-7.968331,6.317345,4.809351103691101,55.99788344303113,378.3218074911661
28579814,-9.818949,6.102508,4.222641103691101,85.67870269568047,411.0838153310065
28564638,-7.754479,5.867672,5.264406103691101,27.04086032399246,395.88427194021256
28521547,-10.785866,7.682652,4.311221103691101,99.38730598772956,377.7332604770112
28521554,-11.814335,8.12143,4.990250103691101,88.74722941676308,383.662124757598
28579818,-8.046424,5.721666,4.985886103691101,39.22837877344003,404.704944925918
28579819,-9.520792,5.33518,2.501601103691101,135.54393130644283,419.4678311008014
28570559,-11.356791,9.573923,0.6883661036911011,178.99265530150427,332.4827036414853
28579826,-8.077528,5.850026,5.454167103691101,21.65808751957553,404.6414400960879
28579828,-10.519622,6.401397,4.724102103691101,76.02695151968902,414.66914792506384
28521574,-11.27958,7.71348,4.483539103691101,96.8050195265685,384.26732579634233
28590832,-13.84877,15.677657,-0.23078789630889895,183.28277893935348,289.5566956641817
28579833,-7.962022,5.698542,5.278887103691101,24.91361817738309,407.3031950950994
28536169,-8.263697,8.006669,5.537476103691101,55.80882242138836,338.6999456311628
28536172,-9.712667,9.104364,4.784129103691101,93.1599597028405,334.12374830059923
28594006,-8.459111,10.134708,4.937804103691101,92.00496742039314,298.6681992850202
28594006,-8.459111,10.134708,4.937804103691101,92.00496742039314,298.6681992850202
28521600,-10.07925,6.644569,4.213783103691101,91.9909591987147,396.5797017250503
28582963,-10.081203,7.63394,4.094749103691101,102.45115186817846,368.2143159072665
28566692,-10.022478,7.026484,1.249662103691101,171.30794907851526,366.5614445197261
28579838,-7.143091,5.109074,4.601057103691101,34.86189946383632,411.6222430071766
28521608,-10.513324,6.605632,4.697466103691101,78.8819581222449,407.5364570257232
28582967,-8.064318,5.848344,5.4637141036911006,21.052327812375097,404.5729247636343
28521609,-10.067605,6.465466,4.233112103691101,89.83792130340666,402.2929804358829
28566698,-9.962046,6.766707,1.419715103691101,167.50765771390115,373.0761318251002
28594011,-14.865979,18.739202,0.11412310369110101,177.0813113749298,277.0342539168778
28594011,-14.865979,18.739202,0.11412310369110101,177.0813113749298,277.0342539168778
28521621,-7.865689,4.856319,4.557517103691101,39.36711869478836,438.514258278984
28536206,-8.155553,5.285901,4.6173021036911015,48.17341865573326,422.3387683855768
28521632,-10.646807,6.409052,4.480830103691101,84.3191916872035,414.0648824323347
28579845,-10.623563,6.30984,4.780356103691101,73.8216562025907,419.7178550698686
28582979,-8.482599,6.315052,4.523874103691101,70.16858620608377,385.1678215459663
28582980,-10.593796,7.660997,4.560993103691101,92.02032015326104,377.20969433770574
28540527,-12.392548,12.005817,5.044262103691101,108.6356781761056,321.8081925365316
28571268,-8.018789,5.560474,5.325684103691101,20.253475542817934,415.2020317308103
28582987,-7.661756,5.465059,5.293551103691101,15.228421469941395,412.6751144765185
28571278,-7.079897,4.567232,4.7718871036911015,9.945816879363804,444.1814176400091
28571284,-9.50412,5.292101,4.529007103691101,63.02970243502247,442.5519100198794
28594023,-13.391719,16.476131,-0.01223989630889899,180.3300460836279,280.277212233405
28540553,-8.289871,5.533404,4.6168891036911015,53.76282276715017,413.31964839185264
28534087,-15.028563,15.454375,5.011974103691101,122.32996489204557,308.75839267858765
28582997,-10.589972,7.447819,4.296699103691101,97.5695270484139,381.1010011710869
28587038,-15.066929,18.753092,0.08462010369110118,177.3131133653529,278.3682510263648
28587038,-15.066929,18.753092,0.08462010369110118,177.3131133653529,278.3682510263648
28577210,-10.47128,7.025909,4.587695103691101,85.79955939828628,393.1407402210015
28534102,-10.002875,9.367322,4.710593103691101,97.43554207212688,332.9097801878356
28590872,-9.620915,11.490098,5.337365103691101,94.64265865931073,296.8062619212136
28590872,-9.620915,11.490098,5.337365103691101,94.64265865931073,296.8062619212136
28590873,-11.286828,11.912483,-0.008284896308898837,186.3964438300775,300.22097209197466
28583003,-8.040292,5.811866,4.422457103691101,64.19532282352847,395.2246667610726
28587047,-14.743779,18.778446,2.894994103691101,150.033459242983,278.44444519441225
28587047,-14.743779,18.778446,2.894994103691101,150.033459242983,278.44444519441225
28583004,-10.095151,7.064595,4.454789103691101,88.37966185878241,385.9007884305309
28583007,-7.394362,5.293855,4.687363103691101,37.53158102562424,408.5310659063096
28587051,-14.192202,17.293766,-0.10765889630889891,180.409504534573,280.9354917944178
28590887,-15.595948,16.749693,4.990193103691101,125.61122324101044,302.06717361564023
28583018,-9.816988,6.920596,3.574807103691101,111.57463835069044,380.1973205097207
28583021,-10.185335,6.973331,4.198135103691101,95.4544129744332,388.0546146174946
28587054,-14.38705,18.165407,3.115486103691101,147.25775127386814,279.9136233940767
28587054,-14.38705,18.165407,3.115486103691101,147.25775127386814,279.9136233940767
28590897,-13.032481,13.939523,4.115963103691101,129.15655398832013,304.0933392962677
28583038,-8.135798,5.43895,4.562686103691101,53.150737439068735,414.23275627863467
28570583,-8.41153,7.044263,5.337869103691101,50.55531172491743,366.2872359127429
28583039,-8.934142,5.992832,4.160309103691101,82.07298143519529,401.084661721608
28579873,-6.754002,4.698101,4.457584103691101,27.36332713551934,424.2106801298816
28583040,-9.161592,6.111338,3.997807103691101,90.07290115404244,398.9894526622364
28583041,-9.682389,6.522327,3.2758531036911007,117.56726476184058,387.81572896878896
28555690,-9.02418,9.410725,4.8512701036911015,91.22975596659744,318.78665703255325
28583052,-8.118149,5.263938,4.599456103691101,48.21542809207208,422.5180967286583
28555695,-14.304817,15.322723,4.7517571036911015,124.60630993197118,303.4211211116902
28579878,-9.991136,5.618595,4.372196103691101,76.33321202308079,433.5154337277878
28594056,-14.905038,15.913713,4.471745103691101,129.76313262864238,302.78178767682346
28583060,-9.165625,5.848527,4.044094103691101,85.8975831605741,409.0763020257332
28583062,-7.971955,5.044847,4.552852103691101,44.6850325502638,430.2619668335061
28570587,-8.004513,6.565733,5.200287103691101,45.14953308909426,373.468183070326
28594064,-14.342137,15.021346,4.446357103691101,128.03214487734553,306.0085848379611
28579886,-7.868197,5.273229,5.326561103691101,11.23814557393311,426.6251492771427
28583077,-8.879839,5.471007,3.9733711036911012,82.77289721625598,418.9780870253322
28579894,-7.551929,5.147754,5.326142103691101,3.493923929214958,427.31580036490993
28583081,-7.901953,4.739055,4.588213103691101,35.57443944499502,446.26006908725833
28590912,-11.671494,11.487053,-0.14402589630889895,188.8031338769808,308.620263374512
28583087,-9.810647,5.687167,4.299308103691101,78.66318088226961,427.4453646909161
28579906,-7.102149,4.693873,4.6791791036911015,19.44051520823845,435.1603677543337
28590917,-12.140386,12.647071,3.998240103691101,127.2374915345478,308.9179180084676
28594077,-9.328667,9.342129,4.833215103691101,92.24314577908164,324.40047913537705
28594079,-14.451762,14.218168,5.011482103691101,118.90883354142144,315.889106469821
28594082,-7.245893,6.851788,5.210324103691101,43.29748940502492,349.61444448571393
28583094,-10.517452,5.834224,4.533779103691101,76.17104619729457,433.6319666789564
28583096,-9.296991,5.569457,2.585044103691101,133.25958288685624,408.1923005035607
28594087,-13.231517,13.086913,4.332319103691101,124.46778409179085,315.49359733806466
28590926,-11.799268,11.3439,-0.18895889630889884,189.61724337725207,311.4793894018276
28532421,-10.560375,12.889572,5.574452103691101,99.18037813756952,292.02481357271654
28532421,-10.560375,12.889572,5.574452103691101,99.18037813756952,292.02481357271654
28590928,-13.838368,14.049182,4.805043103691101,120.60198520834568,311.7413307436906
28594090,-10.947915,11.729911,0.07089510369110119,185.72892619221344,298.76619650711893
28570602,-7.671872,5.381571,5.182945103691101,18.66885971377428,415.6236152977469
28532443,-8.758639,9.500381,5.417809103691101,76.8140513493081,315.13599358523265
28578715,-16.775831,21.862146,-0.10279889630889882,176.84500148878695,272.5971765090091
28578715,-16.775831,21.862146,-0.10279889630889882,176.84500148878695,272.5971765090091
28567444,-12.890566,12.734666,0.022308103691101033,184.05986169730684,307.440280319342
28594097,-13.773013,13.27119,4.467751103691101,123.56150227111588,318.8297281842348
28578721,-12.994606,16.519199,3.695506103691101,138.47477690171814,280.71836902578247
28578721,-12.994606,16.519199,3.695506103691101,138.47477690171814,280.71836902578247
28570607,-7.339869,4.981207,5.088805103691101,8.367125970879329,429.1124770358199
28532452,-8.930252,9.431013,5.561726103691101,73.28744870234885,319.50013711863323
28587122,-9.683653,11.817997,5.249479103691101,98.19564701948865,293.2666759964785
28587122,-9.683653,11.817997,5.249479103691101,98.19564701948865,293.2666759964785
28532464,-11.313386,11.471401,4.634101103691101,111.85224127328486,315.99999598934806
28567447,-12.050411,11.242723,1.963257103691101,157.37495514396193,320.3082934736916
28590939,-12.026811,12.050881,4.037167103691101,125.06963913985273,314.9090652872241
28587128,-9.399121,11.420596,5.296910103691101,94.4858597896997,294.7030537053971
28587128,-9.399121,11.420596,5.296910103691101,94.4858597896997,294.7030537053971
28587129,-11.592969,12.035847,-0.07888789630889881,187.02575958129265,301.9193765169369
28590945,-8.133299,9.007508,5.117314103691101,77.85370251648959,313.24502843108195
28532480,-12.353921,12.020956,1.224199103691101,168.4695350893861,312.3362049679605
28590953,-12.940059,11.811509,-0.15551689630889887,187.6960466855696,317.42224037567394
28578748,-15.859439,18.634926,5.5400151036911005,122.92410673036534,290.51117609930213
28587135,-14.327232,15.534547,4.349914103691101,130.12847049977927,301.0791989064673
28590962,-7.778422,8.465706,4.978947103691101,75.14255132314219,317.45818588319514
28578762,-8.841312,10.521332,5.071289103691101,92.56104024673084,298.85906252506123
28578762,-8.841312,10.521332,5.071289103691101,92.56104024673084,298.85906252506123
28583133,-7.280524,4.214526,1.2360981036911012,177.14157234397345,417.5804403506005
28590963,-8.11774,8.556544,4.2961351036911015,96.46551057989927,318.6918550613701
28590969,-9.754124,8.880337,0.08045510369110098,192.05071639566543,322.13152354030296
28587144,-11.427628,11.545206,-0.06673089630889883,187.74472500575325,305.59898922122045
28578778,-13.598094,15.138483,4.6146081036911015,125.27050396828012,298.68560795878886
28532515,-8.641662,6.544243,4.552507103691101,72.89691737314249,380.3369993887976
28590973,-10.910664,10.49899,3.913786103691101,121.2309256953945,323.10222846258915
28578781,-10.009071,11.230337,5.194863103691101,97.18732625943268,304.94653400717425
28532526,-10.421817,7.160672,4.557778103691101,87.57554198584324,388.3666896221861
28590980,-9.198257,9.25415,4.816912103691101,91.61557981692798,324.0593376793943
28578795,-10.313547,11.32262,5.1426361036911015,99.45462919768164,307.39236403248145
28538794,-10.170832,8.476203,4.873927103691101,88.22792968450653,353.79711232741505
28587158,-14.082985,14.814095,4.764709103691101,123.156559390667,306.25250098891087
28590984,-7.42805,7.839042,4.957677103691101,67.32851065833788,324.94393271530186
28587159,-12.540512,12.240375,0.07549410369110099,184.16226572064068,309.3892886969133
28578801,-13.779882,14.849487,4.274591103691101,129.41487546560705,302.4080136753036
28567471,-8.725611,6.722976,4.5362731036911015,75.9519637566946,375.8825928836602
28565472,-8.193053,7.271637,4.671779103691101,74.54180631750552,351.68174683246855
28578808,-12.983739,13.83954,4.433472103691101,124.36123287399346,305.22745932975823
28587164,-13.466345,14.016745,4.257361103691101,127.78434893584144,307.6241163145492
28587165,-11.10664,10.852484,-0.0750918963088989,189.29788987585584,310.2743388820946
28578818,-12.232275,12.806162,4.011351103691101,127.49529143671312,308.08306349661325
28538819,-9.299272,6.078111,4.304920103691101,79.93949879395794,404.9672373234066
28546595,-10.143476,11.467607,5.266983103691101,97.29803751396422,303.62124388476366
28578825,-12.036198,12.405243,4.325562103691101,121.2772694674591,311.36595112316127
28587177,-10.785559,10.277576,-0.03604989630889888,190.0391273382949,314.07757814879983
28578831,-12.39361,12.595276,4.125718103691101,125.43704940660275,312.3877468119771
28594946,-9.509867,6.327739,4.874555103691101,64.39505308912771,404.1662705565709
28578836,-9.241601,9.437649,4.8563281036911015,92.02034945551972,321.5029790988141
28578840,-11.645204,11.642845,4.289535103691101,119.12283752819876,316.5797484613148
28567493,-10.118778,7.290686,1.068656103691101,175.07609696473702,360.8126533283719
28594953,-9.00737,5.43568,4.836188103691101,48.98820315485662,432.0532784450462
28578844,-11.891252,11.662317,5.131241103691101,104.78699815530622,321.19756168228554
28578849,-12.200378,11.998974,4.150200103691101,123.317103363762,317.6559678142252
28578859,-11.341689,10.995455,4.271461103691101,116.87793547925244,321.9395635842604
28578869,-8.401585,8.165859,4.591399103691101,86.44106545627804,332.7853718934979
28578872,-11.706091,11.381374,0.11994210369110103,185.16617959811052,310.7548819665753
28578873,-11.209697,10.973642,-0.05517389630889902,188.7071826618094,309.964933867736
28560267,-12.449297,12.071733,0.9212311036911011,172.74154508300646,312.06655121957823
28578887,-8.289929,7.866631,4.585701103691101,83.54397783745029,337.75587335697617
28576316,-8.290573,6.304423,4.653850103691101,64.01028660290888,383.28258240411446
28565488,-7.800484,5.994928,4.549419103691101,60.05261326544368,384.8405617410025
28591022,-9.858455,9.233825,5.1923391036911015,84.65369357005707,335.286715747231
28591023,-9.686471,8.907318,4.345130103691101,102.4614036246405,335.81863377311254
28576322,-7.326652,5.34583,4.628171103691101,40.76629332705804,403.9908689027291
28560273,-7.940155,5.050996,4.5510911036911015,44.57504953506103,429.3497800909895
28565495,-10.612736,7.83052,4.532265103691101,94.04418297460428,373.03813429368665
28578900,-7.429554,6.915967,5.315625103691101,41.83147022599633,351.9800911858373
28578916,-8.556518,7.645008,5.068325103691101,67.98802997644492,350.2183299406832
28578920,-7.584211,6.740642,5.4722151036911,33.97910471590947,361.7138971079719
28572005,-9.556359,11.395492,5.319636103691101,94.32190977826936,297.15990130257694
28572005,-9.556359,11.395492,5.319636103691101,94.32190977826936,297.15990130257694
28578928,-9.925869,8.998632,0.045129103691101013,192.24049408055865,322.33942775457524
28587210,-12.226971,11.888512,4.147458103691101,123.11316858381925,319.3267234117859
28572007,-10.319784,11.984034,4.737778103691101,109.92613475879529,298.0427373528143
28590187,-11.592439,15.712065,0.05404510369110116,180.80170312383171,270.29707838270923
28590187,-11.592439,15.712065,0.05404510369110116,180.80170312383171,270.29707838270923
28578933,-7.954454,6.894866,5.054467103691101,55.252576496552194,360.8001075195053
28578936,-7.347785,6.299267,5.456783103691101,23.56380231281298,372.4351920753428
28578937,-8.506005,7.243982,5.171330103691101,59.60055412394266,360.9001036695209
28590197,-8.838573,10.728083,4.999682103691101,95.3379014284001,295.6825293906079
28590197,-8.838573,10.728083,4.999682103691101,95.3379014284001,295.6825293906079
28587219,-8.697423,9.025358,4.526876103691101,95.60586536175823,319.7463629907414
28578940,-9.14946,7.785072,4.526298103691101,88.28359231464239,353.2190900294941
28587224,-8.964015,9.192194,4.7665751036911015,91.631579414293,321.5553612750263
28590210,-14.386616,18.021818,0.139079103691101,177.39577810864154,277.94569841897135
28590210,-14.386616,18.021818,0.139079103691101,177.39577810864154,277.94569841897135
28578954,-9.846392,7.982251,4.804054103691101,85.02499986782152,360.2554632468656
28545014,-10.120145,9.211527,4.726585103691101,96.4991978008149,337.4605911197111
28545017,-12.482407,12.077192,1.7166651036911011,161.35321828907763,314.02715983411986
28571407,-10.122355,8.726754,1.3511771036911011,167.88755306607464,333.653092471229
28545021,-9.745413,8.460148,4.639071103691101,92.56751015936796,347.0866035871645
28578968,-9.43421,7.439543,4.790171103691101,78.86415911600639,367.94282955184985
28576424,-9.833711,8.783992,0.014641103691101165,193.43479814702008,324.4835940621239
28583309,-12.206597,14.138132,0.15374510369110106,181.0257503070077,288.246947097514
28576437,-11.690333,10.881639,4.427649103691101,114.23899977747804,328.0055030048823
28568420,-13.150693,16.553827,3.812352103691101,137.22126938482808,281.9475603585026
28568420,-13.150693,16.553827,3.812352103691101,137.22126938482808,281.9475603585026
28578990,-8.148748,6.344687,5.2161801036911015,42.00276126700149,384.02980754751474
28583314,-12.874417,14.592119,-0.0972458963088989,183.29687395506835,290.1019387253961
28587264,-10.455305,9.68016,4.586920103691101,103.18831624140576,332.841273772153
28568422,-12.299712,14.484117,4.633781103691101,122.09487037029116,292.6429541276632
28576446,-2.541037,2.533683,-0.014364896308898922,317.1079996999217,363.6618155031329
28578998,-7.58565,6.040469,4.623655103691101,56.08529961514938,379.675845007088
28578999,-8.015993,6.349034,4.509436103691101,68.13807462063187,375.66999840931646
28576449,-10.35014,7.953414,4.139042103691101,104.0625092904279,364.4226502065579
28579003,-7.58752,5.847693,5.177975103691101,28.72422480463152,392.6251037575313
28587273,-9.411894,9.004915,5.327747103691101,77.7398942209712,333.9429965768074
28536798,-8.204671,7.416382,4.681838103691101,75.81834063135867,348.0543527995234
28576450,-10.012757,6.469083,3.3159611036911008,117.05226249338487,394.4324279301667
28579007,-10.311117,7.749117,4.1551601036911014,102.31215352860237,368.8738191543572
28572058,-7.934468,5.542921,5.297647103691101,20.183239539263184,414.1506641648506
28587278,-9.53187,9.095024,5.534540103691101,73.6909725292733,334.7400898935269
28576460,-7.290399,5.266931,4.630018103691101,38.60883646486442,407.07423126002993
28591078,-7.771393,7.234568,5.481851103691101,43.53618827194276,350.0611352873974
28579015,-8.683435,6.559619,4.566798103691101,72.82746313373951,380.6381838571856
28590257,-8.05285,8.428796,5.316235103691101,66.22964418288674,324.37454801013666
28591083,-8.443697,7.43131,4.7553661036911015,74.89917455959215,352.1552157641779
28579020,-8.126262,6.018779,5.290961103691101,32.743823919788724,396.8218222880725
28591093,-8.685102,7.467111,4.892305103691101,72.25485403367858,356.0112561064724
28536832,-6.791467,4.629639,4.702009103691101,11.64020474069801,433.0215413159233
28590267,-12.993708,13.76772,4.148849103691101,128.31521990401694,305.53105185716976
28572069,-7.17023,4.636708,4.831785103691101,9.97686433470642,442.5157728981739
28591097,-7.405686,6.75184,5.311646103691101,38.95737131639697,356.6802622901066
28579028,-10.588816,7.661129,4.528735103691101,92.8609977661726,376.9496866942885
28571428,-8.898526,7.139694,4.574636103691101,79.94597481655435,366.5449689928143
28534804,-9.223714,9.304574,4.545829103691101,98.56969642235194,322.53973327179995
28579031,-7.431343,5.631566,4.6316751036911015,47.30892744087845,393.2174354896357
28591105,-8.624234,7.350256,5.371335103691101,55.077885856756126,361.1305753154021
28534811,-9.891021,9.225164,4.169564103691101,108.77878072863714,331.9747668242449
28591106,-9.026732,7.526462,5.119037103691101,67.69538807292807,361.2773505254573
28591107,-10.584999,8.349027,4.716482103691101,92.78298989743216,361.4420910620635
28575487,-8.599314,8.116368,5.796196103691101,51.18017386756373,343.0080467046131
28590280,-14.443853,14.58799,4.929129103691101,120.88312665224804,311.91142032729783
28591110,-7.176363,6.450866,5.299054103691101,31.735338593014745,362.1145956409496
28527600,-8.060537,9.613485,4.787174103691101,90.84493369689284,300.33145538831263
28575492,-9.585532,8.239785,4.657254103691101,89.93191188838438,349.7330660495097
28590284,-13.178564,13.458819,4.239635103691101,126.58554719660718,310.70674654523367
28591118,-11.341702,8.598269,4.386378103691101,104.4857559935634,364.0294786162027
28575499,-11.087971,8.407254,3.9435531036911007,113.08478996971482,362.8516678136814
28579036,-8.357513,6.156466,4.486975103691101,68.6866042086707,388.3374099769864
28579037,-9.502118,6.890338,4.232878103691101,91.00585182263322,380.8621603517235
28525200,-13.05474,16.231297,4.439485103691101,128.96901560727844,284.3539312086991
28525200,-13.05474,16.231297,4.439485103691101,128.96901560727844,284.3539312086991
28587311,-8.110793,7.789536,5.498545103691101,53.31926423318464,341.2433056323605
28579044,-9.87945,7.088995,4.0782171036911015,98.58654461891706,379.64635508888966
28525212,-14.49718,18.168869,3.163539103691101,146.80162980520876,280.7914556799824
28525212,-14.49718,18.168869,3.163539103691101,146.80162980520876,280.7914556799824
28527644,-15.418192,19.303791,0.055831103691101,177.17174823621212,277.5551567235532
28527644,-15.418192,19.303791,0.055831103691101,177.17174823621212,277.5551567235532
28583375,-9.137194,11.065661,5.186526103691101,94.09667887824077,295.6331578170356
28583375,-9.137194,11.065661,5.186526103691101,94.09667887824077,295.6331578170356
28567686,-10.987171,8.408453,1.8031981036911011,159.07512289784535,352.0343209720256
28583376,-10.888368,10.945411,-0.009208896308898984,188.26962371892745,306.91037636807994
28591126,-8.137511,6.664962,4.787359103691101,62.964891252910064,369.4605197398468
28567693,-10.06929,7.222059,1.0944671036911011,174.6048698933863,361.83160585034864
28591127,-10.039377,7.56964,4.104718103691101,101.6436162287948,369.2995862316808
28591131,-6.77675,5.931581,5.174218103691101,21.831637246452654,372.1945912213863
28575524,-9.624599,5.581304,4.241884103691101,78.44035641296327,428.4972823537498
28525244,-8.946755,9.679569,4.930345103691101,90.84685948530527,313.2356713442856
28590306,-13.05323,12.698683,4.299002103691101,123.84126473296246,318.15905736356683
28583387,-12.418696,12.097123,0.04818810369110116,184.7819678976153,309.70103289842143
28591134,-11.047452,8.130629,4.645957103691101,94.66264249998396,372.09740797187806
28527671,-13.86029,14.878754,4.286161103691101,129.39304632481625,302.8666569621227
28590308,-11.993594,11.589283,4.494226103691101,115.97724379953202,321.62392928375965
28590311,-11.148794,11.656372,-0.007330896308898938,186.86618275332887,301.55472532714055
28527681,-8.841982,9.174435,4.5718121036911015,95.92711361244932,319.35453684333834
28579058,-7.146676,5.218706,4.556264103691101,39.62090016718261,405.6198196008447
28591138,-10.84312,7.836398,4.3247921036911015,100.1863870902661,374.751096831732
28579059,-8.245957,5.839299,4.742196103691101,53.29552512824492,400.89004481688346
28525266,-13.8193,14.543644,4.652540103691101,123.79670485430366,306.31980860613186
28579062,-9.801674,6.799778,4.113709103691101,95.09915363135468,387.1381877706316
28579063,-9.803364,6.870632,3.5253041036911013,112.6481409975964,381.0870139872149
28527696,-13.17376,13.250633,4.645088103691101,120.09598921201626,313.7674931978255
28583397,-10.161864,9.875258,0.061886103691101146,189.7351090072527,312.45509106901625
28579066,-7.762972,5.311069,5.460506103691101,4.111893472125018,424.4361120367032
28590322,-12.409659,12.264248,2.184806103691101,154.52164324667228,312.1722829952199
28527700,-12.47393,12.608812,4.148392103691101,125.21643751105672,313.0967970314425
28579070,-8.203509,5.736327,4.521973103691101,60.267129540708055,402.17290491808376
28525276,-13.460761,16.429508,-0.059461896308898865,180.8505687533964,281.1137065114107
28591146,-7.743606,6.141646,4.697467103691101,55.95532577105686,379.5571558432623
28525278,-9.122122,8.940309,5.943299103691101,59.39382331880202,333.49549213672697
28527706,-13.106958,15.05308,-0.14217989630889893,183.2209294364432,288.330988474866
28525279,-13.314694,13.831386,4.252298103691101,127.32248669960052,308.09919609837823
28579076,-7.043138,5.021544,4.548089103691101,34.355050376546586,413.4387401903597
28590323,-7.28685,6.66011,5.218233103691101,40.01393331608477,356.631612611872
28527717,-11.251395,10.982149,4.278342103691101,116.54304665876587,321.106372322322
28527718,-12.614984,12.323042,4.247497103691101,123.14204398833547,318.1634650463004
28591151,-7.284604,6.044112,5.4860741036911005,15.78045072631076,381.3914887539525
28527723,-7.872333,7.319181,5.531015103691101,43.85572045098644,349.80470761205174
28527724,-12.821314,14.200142,-0.12952289630889902,184.1494342753721,292.8858247101235
28590326,-12.142994,11.492863,4.206342103691101,120.9114468830118,323.7703316791872
28579082,-10.115888,6.724547,4.215278103691101,92.74846142651892,394.6262572609832
28568485,-9.77034,8.873899,0.05302510369110114,192.55575282423945,322.3559711683936
28525293,-8.30675,8.01679,5.631189103691101,53.24627135832378,339.66695341692684
28591157,-10.077119,6.955986,3.5624191036911013,112.87785731061582,382.8008999694952
28579086,-9.504635,6.329344,4.326155103691101,82.9279048887202,399.410924004849
28587341,-9.692181,8.329197,5.273630103691101,74.54084671442297,352.2865409699208
28525295,-14.694392,14.636251,4.970142103691101,120.74362186035788,313.6783288793512
28527730,-11.219088,10.690081,4.301540103691101,115.03018475336448,325.04591877594737
28527733,-11.547839,10.98694,4.082104103691101,120.67012559375144,323.8810364386411
28579090,-7.041601,4.877899,4.585749103691101,28.78310583635647,421.7562134153816
28579091,-8.37608,5.617443,4.628711103691101,55.37362381255147,411.2818409920317
28525302,-8.568366,8.050726,5.766969103691101,51.059402485330594,343.94923224463355
28527737,-7.669384,6.990708,5.438598103691101,40.38192583890617,355.1399129292216
28525303,-11.681132,11.516064,4.342995103691101,117.85987297009888,318.7867036814056
28579092,-9.792777,6.562999,3.291799103691101,117.62231824567095,388.2984141890112
28571460,-7.814792,5.458221,5.246576103691101,19.18074863372118,415.3600186504464
28590330,-11.012601,11.161423,-0.01309989630889885,187.86581076305964,305.6998756671472
28583410,-13.38579,13.718875,4.681696103691101,120.99630566709892,310.7715349964921
28525313,-9.705468,9.084397,5.390360103691101,78.0049996164183,336.8537808716143
28591163,-11.048636,7.519747,4.450643103691101,95.57974645920882,386.1387494726474
28579099,-7.701973,5.007589,5.3293411036911005,1.3313590321181437,438.0728498193935
28591164,-9.930238,6.748766,3.400334103691101,115.87623694063794,385.54419968358144
28583415,-11.704661,11.972174,3.9774391036911014,125.42481353487048,312.2937127845098
28567738,-7.601199,5.343491,5.3644161036911004,7.722022787605852,418.4311459936325
28525320,-7.984522,7.316918,5.574883103691101,43.11191400555128,352.1933641317038
28525321,-12.232633,11.750757,4.190336103691101,122.0374589864888,321.26853405969234
28551451,-11.792579,14.265403,5.236855103691101,111.9594541166852,290.62024750451195
28551451,-11.792579,14.265403,5.236855103691101,111.9594541166852,290.62024750451195
28551460,-8.499742,9.448483,5.350894103691101,77.01384251126998,311.83496247951814
28587345,-7.618735,7.053388,5.403725103691101,42.31275158329444,352.03231981384414
28591173,-7.908408,6.007237,4.805191103691101,50.744107356727625,388.6971594813119
28579103,-9.926884,6.388775,4.222156103691101,88.87449744680524,402.7419004323255
28591175,-6.61616,5.416163,5.277277103691101,0.5580309305056517,392.8763911355224
28579104,-9.710091,6.478069,1.5834891036911012,163.5355422337118,378.1545725847585
28525342,-7.383143,6.540556,5.4841991036911,27.765113275619058,364.6326926843328
28527771,-7.023114,6.06637,5.304601103691101,21.682003862980565,373.32311855311065
28525344,-9.86215,9.031141,4.410127103691101,102.11874264865654,336.13103402907245
28573690,-8.32609,8.012256,4.553981103691101,85.90347739380445,334.82399057001834
28591181,-10.158635,6.828499,4.218176103691101,93.66036839627034,392.0908605467562
28591182,-9.756331,6.429244,3.202529103691101,119.42789881164678,391.1882256746261
28579110,-9.804657,6.242987,4.473377103691101,78.72855371756387,408.0685893960349
28525363,-7.360786,6.330334,5.458148103691101,24.304576979629275,371.5499016170469
28583424,-11.930798,11.884946,4.0975721036911015,123.51192259611628,316.10387247487074
28591192,-8.336543,5.875109,4.570302103691101,61.42905701451568,399.3810035757933
28551505,-8.690784,8.309045,5.7763791036911005,54.71711621411765,339.823963330988
28529949,-12.919448,17.567169,-0.09652289630889888,180.38611471629588,269.1979434045025
28529949,-12.919448,17.567169,-0.09652289630889888,180.38611471629588,269.1979434045025
28591196,-10.259908,6.703087,4.600128103691101,81.57552482636228,400.182607670352
28591197,-9.75684,6.170074,3.091081103691101,121.42987366400703,398.5275283713886
28527804,-10.165933,8.273724,4.879187103691101,86.5729125893873,358.298092943803
28590358,-10.112535,9.788577,0.07148110369110117,189.79568350087263,313.0823674967022
28551512,-9.211008,9.291929,4.8233751036911015,91.75340265054928,323.575361316897
28579118,-9.325747,6.085077,2.996815103691101,122.7166309891416,394.2310720961881
28583435,-9.664711,8.745605,0.06519410369110101,192.76350496939585,323.09207233925486
28587360,-9.065536,7.606851,5.119776103691101,68.75675542010694,359.7532017508463
28579121,-6.894312,4.570408,4.5719331036911015,19.064622255074937,436.8698087619614
28551526,-8.998099,8.85666,4.742925103691101,90.00914410074378,328.3764254977835
28551527,-10.970462,11.663692,3.7343511036911012,127.8015506944448,307.407804021752
28587364,-11.58256,8.784596,4.455129103691101,104.53366630031285,363.3702223088384
28583438,-12.031908,11.741346,4.1286441036911015,122.75583435022362,319.09971180121715
28551530,-9.467747,8.990732,5.294580103691101,78.70713183667627,334.90628627022323
28579128,-7.189817,4.603374,4.825850103691101,9.583297577823233,444.9388870893458
28587369,-8.542488,7.291317,5.360179103691101,54.12859005835105,361.3651142543613
28551537,-10.318007,10.68743,3.667866103691101,125.52037228264976,312.4671398242614
28590373,-8.406502,6.837593,5.4035011036911005,45.07024917741268,373.1596318978882
28568505,-8.170993,5.567828,4.769912103691101,46.81938005274944,411.3681387696601
28590374,-10.076924,9.449621,0.06041810369110112,190.76325393851187,317.4464308627233
28529984,-8.528305,8.54736,5.5917951036911,61.97078906352647,330.9495307892922
28583443,-8.428263,9.343269,5.276168103691101,77.76819001519485,312.3458333541111
28583444,-13.612906,13.171607,4.897759103691101,116.70942660023462,319.400100421803
28551544,-7.347595,6.292035,5.428724103691101,24.62910363478872,372.46224310351
28551545,-10.135262,10.205373,3.6931661036911008,123.2941579098212,317.304016780087
28591215,-10.053754,6.299241,4.263959103691101,87.32461406513463,407.9013126800537
28587374,-8.467323,6.981254,4.920735103691101,64.4910524492204,366.3098029005133
28587375,-10.371442,7.795738,4.154705103691101,102.79664629050764,368.554199957787
28568512,-10.149161,7.299664,1.073922103691101,174.93897240297136,361.040229909166
28579133,-8.025394,5.060934,4.577960103691101,44.36132794921201,430.71239738081215
28551552,-11.455241,11.041412,4.363514103691101,115.54312024040225,322.84302935785297
28583449,-8.665009,9.030926,4.5068721036911015,96.0377279283697,319.072668825368
28590380,-10.003799,9.212556,0.044824103691101014,191.65298214877043,320.02377217325943
28591219,-8.001303,5.64418,5.508089103691101,13.538256401403316,413.0702591468258
28579134,-9.359149,5.767283,4.384474103691101,73.88406636865403,418.4630557113592
28591221,-7.788247,5.432323,4.911207103691101,34.110855689817555,412.1511935787678
28525408,-7.109937,5.576832,5.502491103691101,0.4908697945237463,398.5674130364344
28583457,-12.192336,11.627438,4.548610103691101,115.49845492900964,323.39685341434665
28527850,-7.995055,6.042002,5.168588103691101,37.09274769109922,392.31862064593815
28590384,-8.372538,6.558125,5.477358103691101,37.42844513987043,382.5620493039045
28573721,-10.06426,6.592409,4.506079103691101,82.49340944526327,400.2620434238042
28590386,-8.246934,6.737988,4.823649103691101,63.35490730291585,369.32721064379206
28551579,-12.322499,12.048931,2.544058103691101,148.9671159226371,314.57639157921386
28579140,-3.760427,3.216941,0.01045610369110106,262.7042126655159,365.5132346013848
28527860,-7.87182,5.820282,5.3804991036911005,22.051193509004207,401.340804915361
28590389,-9.996334,9.03021,0.020589103691101007,192.53896872470204,322.6555537945376
28591234,-8.336987,5.453037,4.663692103691101,50.792764141372686,418.2525568387023
28579151,-9.219775,5.577253,4.093071103691101,81.48638622755195,421.100790556666
28530041,-10.765943,8.450093,4.927928103691101,88.8493308588913,362.6114919529374
28527883,-7.590799,5.55736,4.770416103691101,41.15001543696346,401.0615529405896
28530045,-2.771928,3.610748,0.20209410369110103,252.88011346086435,303.4018118060186
28587387,-8.189448,6.764603,5.282145103691101,46.7150443633648,370.8019611631301
28551600,-12.467116,12.093637,1.6093821036911011,162.90770851605058,313.4554335078898
28530049,-7.429058,5.599268,4.630477103691101,46.73113696286816,394.5571135245012
28527887,-10.424474,7.538357,4.523804103691101,91.48411436384968,377.8811899608726
28587388,-10.910445,7.989137,4.624401103691101,93.79887191312643,373.5860907079282
28591242,-7.825231,5.378646,5.497510103691101,4.952048841569223,422.6015868024048
28583473,-9.304038,9.420852,4.882921103691101,91.48052358877172,322.7989714019325
28591243,-7.978994,5.405097,5.326905103691101,15.983636044058414,421.9817136036811
28591244,-9.551752,5.790587,4.140842103691101,83.93802899693029,418.0513577862265
28587389,-9.996099,7.295746,3.833914103691101,107.13015471720544,374.1625216180837
28525472,-10.677222,7.671569,4.301061103691101,99.2220139952876,376.5279538037676
28583474,-10.908779,10.245589,3.9583591036911008,119.53890978702208,327.0842532135289
28539375,-10.546138,12.704266,5.132494103691101,106.10787696841795,293.1021728805697
28539375,-10.546138,12.704266,5.132494103691101,106.10787696841795,293.1021728805697
28551614,-10.629857,8.362644,4.893158103691101,88.60680208678838,362.6165480475144
28591252,-6.741823,4.67416,4.439429103691101,27.5774887285217,425.1105858029343
28530065,-8.150547,5.758876,4.489354103691101,61.529720283396216,399.9870195446752
28579166,-7.59533,4.621576,4.474084103691101,35.12890524607329,445.9314609865187
28568538,-9.497819,5.405868,2.163428103691101,146.32173924335817,413.3462645901594
28591260,-8.312245,5.247803,4.661199103691101,46.951700282671965,427.4319634799626
28530070,-8.100419,5.470009,5.628727103691101,4.557723112167736,424.70925188719264
28525497,-6.944732,4.912903,4.508708103691101,32.599169452950775,416.7094263655652
28587400,-7.35437,5.142052,1.2350511036911012,175.01134214543143,379.4541331227903
28579170,-9.294097,5.418612,4.291397103691101,72.56381379469713,431.0566680412656
28527927,-6.779431,4.708963,4.479961103691101,26.73107014923474,424.44740374020586
28551643,-8.500324,5.676412,5.616718103691101,15.129287191959037,421.685360228156
28527935,-10.191245,6.78353,4.538202103691101,83.88296719000533,396.2421343723007
28527936,-9.997027,6.737305,4.213054103691101,92.42683363257493,392.5426953693497
28530086,-9.945439,6.265321,3.170875103691101,120.04550255542792,398.7645721079671
28587404,-7.217606,6.153433,5.413933103691101,20.84757386160703,374.9731253843397
28587405,-10.250526,7.317091,4.200260103691101,98.10069787071907,379.3822715526184
28579179,-10.029509,5.654296,4.386327103691101,76.4680868310812,432.73328133276607
28527948,-6.94563,4.634276,4.625366103691101,18.577761896232488,434.771536541673
28539416,-9.733212,5.882423,4.4998891036911015,73.38941949763063,420.6024906006407
28525521,-11.48104,7.625889,4.576484103691101,94.5426256697872,389.5587986130138
28587410,-7.820389,6.211188,4.738901103691101,55.9913423433853,378.8061071263859
28531566,-10.206347,11.939943,4.875825103691101,106.99642785534004,297.4992672816357
28527957,-9.815551,6.580298,3.3029321036911012,117.45417947069768,388.186131110792
28525528,-7.780018,4.988294,5.358139103691101,0.3396309268112816,441.0575307198048
28525529,-6.922116,4.616691,4.5810131036911015,20.2969273828264,434.67598183648295
28551675,-10.046262,7.136893,4.1579181036911015,97.27573668675196,381.19539545870833
28527969,-9.661814,6.038857,4.455772103691101,76.31673632975338,413.20904879240334
28587414,-9.844581,6.827804,3.502916103691101,113.16389852496972,382.7465933445437
28591274,-7.021378,4.697859,4.674414103691101,18.69230855430521,433.1874731137536
28551686,-9.973478,6.842929,4.133424103691101,95.52887978019288,388.4540273538036
28587416,-12.091871,8.288142,5.053796103691101,89.31633476056865,383.3318163203405
28591275,-9.457103,5.497564,4.176857103691101,78.85996988670686,428.8576144626659
28551691,-10.152313,7.081536,3.637485103691101,111.72077303854516,380.8649962469558
28551699,-9.846497,6.505406,4.1397771036911015,92.10652668080746,397.119606702881
28527990,-9.379222,5.732608,4.402991103691101,72.90595597852223,420.3398227873736
28551703,-10.006895,6.854627,3.497453103691101,113.9318740793448,384.24380205444606
28525555,-9.785654,6.520372,3.256580103691101,118.39984369333986,389.2268006265807
28591283,-7.26619,4.800968,5.087195103691101,1.85719862005476,438.25678045432926
28551718,-9.418801,5.942559,4.0850991036911015,86.73329554421545,409.79253429603705
28525568,-9.088576,5.71454,4.043521103691101,84.08303794208408,413.0552196925919
28587422,-9.812149,6.620301,3.3314131036911014,116.83530828049018,387.1481506076582
28551723,-9.899934,6.576562,3.285169103691101,118.17383755697972,389.3734658172783
28537408,-12.575347,15.604926,4.563784103691101,125.74811673564368,285.2543920972495
28527997,-8.511543,5.10464,4.807873103691101,39.45041781709796,439.799299833947
28583502,-7.751899,7.986339,5.154696103691101,64.59379457786764,328.33049314985595
28527998,-9.582811,5.846869,4.194935103691101,82.81129174910382,416.8579510144938
28537409,-10.471058,12.58462,5.648666103691101,96.28931084051948,294.5790501132633
28537409,-10.471058,12.58462,5.648666103691101,96.28931084051948,294.5790501132633
28591287,-8.249525,5.038373,4.684883103691101,41.14228032005698,437.2015918466861
28551732,-9.010232,5.527617,4.031875103691101,81.97998586544938,419.27853914739785
28583506,-9.792663,8.997438,4.4109491036911015,101.7082828643786,335.8200838702634
28587424,-10.28624,7.03255,4.233086103691101,95.28129245473067,387.98152342206015
28551740,-9.717282,6.261636,3.070352103691101,122.37962795338365,394.868288997912
28537420,-11.514347,11.717142,4.740657103691101,111.2117949483038,315.2784178696025
28537421,-8.882954,9.047165,5.634060103691101,67.68744389101425,326.3750770633319
28551743,-9.881371,5.786056,4.272482103691101,81.08206054604847,424.26685241656014
28587428,-7.63306,5.916313,4.9810421036911015,39.27098104944776,388.736253815423
28525603,-9.58742,5.664665,4.198638103691101,80.72961044231116,424.1144615779671
28587431,-8.34539,6.208958,5.015089103691101,49.24417807817869,390.7895177224906
28525609,-8.585205,5.053242,4.232949103691101,64.66236385689689,436.222834520032
28586474,-15.082124,18.752012,0.036553103691101096,177.7567241460503,278.4400295501463
28586474,-15.082124,18.752012,0.036553103691101096,177.7567241460503,278.4400295501463
28531609,-11.824836,11.448648,4.883597103691101,108.26122904038166,322.7232793279114
28572813,-12.644826,12.044065,1.913700103691101,158.5128741731244,316.44974857562124
28587439,-10.47328,6.972726,4.650149103691101,83.52720788069286,395.18439652222935
28591300,-7.10141,4.585507,4.787200103691101,9.945818383059958,443.6846333975104
28586480,-8.174871,9.673749,4.833133103691101,90.51998245804822,301.2870752171048
28525632,-11.234869,5.982838,4.735574103691101,75.04253834992781,438.97706691284696
28587440,-9.616329,6.435953,4.071565103691101,92.65419287984776,395.4817165878718
28531620,-11.495075,10.828321,4.370668103691101,114.74245082753978,326.40126604196854
28587441,-10.070746,6.433645,3.2759531036911014,118.18052302165422,396.0364253592304
28583520,-9.387944,8.885192,5.266280103691101,78.23669929210257,335.75343303293147
28587452,-7.961957,5.67502,4.422013103691101,61.555428331699545,399.3639224411224
28586520,-13.335896,14.085527,4.185011103691101,128.78574734555974,305.5934395842112
28586525,-8.12798,8.348371,5.350809103691101,64.73520296974104,327.5678117427844
28586528,-9.382117,9.731542,4.757840103691101,96.60772329393204,318.0737671021629
28586529,-13.317624,13.671491,4.254008103691101,126.97807186594169,309.79317024843425
28586531,-9.379693,9.601022,4.9674251036911015,90.90081420256828,320.9821122605508
28531661,-10.108976,7.213493,4.4341481036911015,90.2428806309092,381.7351166798207
28586538,-9.076293,9.125093,4.749936103691101,91.97908145666572,324.4148758369212
28574632,-8.123699,5.978116,4.427041103691101,66.98435258947814,390.30433167391527
28517790,-10.917151,8.190424,4.282989103691101,103.52643235788084,367.1537940762509
28531687,-9.44256,5.611848,4.421532103691101,71.10144793298016,426.4282681408911
28586557,-9.064169,8.691978,5.139648103691101,78.57556391734681,334.3530388812061
28533302,-12.275447,13.265869,-0.09273589630889889,185.09897625063667,296.3166054775794
28517815,-10.623899,7.643863,4.291929103691101,99.1049479632536,376.4683411327471
28587457,-9.012345,5.962679,3.964207103691101,89.06157345102395,401.69660064849904
28554969,-10.842539,8.546937,4.859510103691101,91.46440131129332,361.12844168704447
28517850,-8.844087,6.116333,3.844264103691101,93.82633600048274,392.496764412091
28572191,-10.316863,8.830856,0.8051491036911012,178.29469578887628,332.4175576966724
28586563,-11.217235,11.48449,-0.016080896308898973,187.23696578980253,304.1757481155164
28583539,-7.937837,7.881161,5.4166161036911005,56.06020169776863,335.464387751903
28586569,-11.251298,10.682567,4.358078103691101,113.98773948232612,325.7024174949223
28517875,-9.922568,6.374275,4.225462103691101,88.62048141616836,403.190854623719
28586570,-11.736206,11.168178,4.099603103691101,121.20028978077744,323.49040969827536
28586573,-11.205232,11.248838,-0.055227896308899016,188.21881446041957,306.6629832989935
28575672,-9.040232,8.459878,5.154310103691101,76.0318510900828,339.01510268003403
28587466,-8.228483,5.932956,5.531393103691101,21.69820462253972,404.6248135857813
28586577,-12.212529,12.019558,0.10898010369110112,184.154691128849,308.65220116553155
28587467,-9.305874,5.007434,0.0077141036911010374,209.4538928433327,405.96790359279487
28572200,-10.644231,8.119664,2.600853103691101,141.67626085086738,357.0361464558855
28586583,-7.480437,6.76808,5.403505103691101,36.27226660515774,358.2854356457141
28586588,-8.780658,7.923882,5.311698103691101,64.82444796589223,348.1675266904713
28533377,-9.614433,5.465093,4.529291103691101,66.2434949490578,436.3807543065657
28586598,-10.719051,10.405802,-0.007287896308898922,189.3733153542719,311.72891047045715
28586602,-7.559623,6.571868,5.479515103691101,30.27975223563783,367.00776506694194
28575689,-7.556585,6.191432,5.661461103691101,14.399939697575604,382.6096355266189
28572207,-10.455932,8.040023,4.407644103691101,98.10608972385045,365.2286711772659
28556491,-10.758258,13.110546,4.231235103691101,122.82352172223688,289.5150246857936
28556491,-10.758258,13.110546,4.231235103691101,122.82352172223688,289.5150246857936
28572218,-6.931922,5.926453,5.252956103691101,19.771813442572665,376.5512925775572
28586627,-10.291491,9.538744,-0.0007478963088989321,191.43579377792676,318.582965576518
28565803,-6.853314,4.486439,4.583541103691101,15.204431308989513,441.6564620341114
28587479,-7.219291,5.165548,4.618231103691101,36.158362553576495,410.5190062628049
28587480,-9.174149,5.854112,4.288819103691101,77.27682863067318,411.2922382361613
28583586,-8.357821,7.463067,5.162000103691101,61.72510059716223,352.21193835549093
28579395,-14.627457,18.707546,2.8410511036911013,150.5037738647566,277.96784804139634
28579395,-14.627457,18.707546,2.8410511036911013,150.5037738647566,277.96784804139634
28579396,-12.693033,15.424612,0.05074310369110102,180.7963183691918,282.1286823740114
28535491,-10.720963,10.724462,4.559446103691101,109.16264024217668,319.3329367350809
28583593,-7.589032,6.98693,5.357106103691101,42.73569124640923,353.1727098710427
28587481,-8.892224,5.654725,3.954613103691101,85.59797404269224,411.4587465969531
28583595,-10.760663,8.251131,4.206993103691101,105.250769817362,363.3895653329809
28579405,-14.444216,18.242302,3.144241103691101,147.02967451872783,279.8755569727219
28579405,-14.444216,18.242302,3.144241103691101,147.02967451872783,279.8755569727219
28583608,-10.623027,8.045901,4.491384103691101,96.57104054290852,367.7586270300058
28559560,-8.593612,8.93597,5.469929103691101,69.69877842761846,323.4010871345507
28586658,-8.171081,6.44097,5.3498651036911005,38.60591573009927,382.0786821687717
28583609,-9.892049,7.51108,4.049129103691101,102.28117354227388,368.3867881330351
28562478,-9.827348,6.459743,3.1967471036911013,119.93586894688364,391.2308773096663
28559568,-9.291997,9.211782,4.794137103691101,92.20947145858185,326.1258233087445
28579422,-12.98195,16.465631,4.036303103691101,134.25974245691225,281.40788571708185
28583621,-10.919863,8.082349,4.642263103691101,94.00498833442124,371.580838238871
28579429,-12.62155,14.252373,-0.06566289630889899,183.4043450720972,290.74548992238226
28587490,-7.931299,5.601977,5.471418103691101,13.387079159241525,413.3269122051119
28586678,-10.943424,8.459906,4.290781103691101,104.8857198611452,361.5632136268698
28569690,-8.686374,7.54073,5.372717103691101,57.86853910680259,356.89068806995624
28583637,-8.354135,6.856533,5.354772103691101,46.736742775616506,371.2770952514373
28583639,-10.136268,7.257008,4.151931103691101,98.61520082540574,379.1181073233169
28583640,-10.158406,7.120223,3.693206103691101,110.43640038270132,380.2491807861857
28568741,-9.784015,5.56223,4.4636381036911015,71.08858366243655,433.9198613124812
28579450,-10.998293,11.714283,0.04275810369110111,186.13334786901837,299.4202567467477
28583642,-7.428819,6.402505,5.526183103691101,23.60864426578516,370.8301914245308
28587500,-9.252259,5.655605,4.073609103691101,83.25502347047035,418.2202860802017
28579465,-11.11258,11.40609,-0.01948989630889897,187.47875886009209,303.9431488106508
28566401,-16.383726,21.346977,0.009629103691101148,176.26202245897525,272.8014166858616
28566401,-16.383726,21.346977,0.009629103691101148,176.26202245897525,272.8014166858616
28583649,-7.803756,6.206825,4.7385911036911015,55.80750480806887,378.65028562103305
28583653,-8.122915,6.471827,5.2981931036911005,40.75606044758203,379.6793319745013
28579478,-10.751587,10.774574,0.026634103691101085,188.1196214465512,307.5443392296989
28570420,-7.628198,5.160655,5.178985103691101,12.589380663752564,426.0898591930808
28587510,-7.605436,5.297278,5.3488101036911,7.302817116650033,420.6924951094032
28587511,-7.158727,4.943364,4.638536103691101,29.093752261242912,421.2627577304372
28579482,-14.961504,16.051853,4.472627103691101,130.02292106231823,302.06117213765464
28543876,-9.928333,11.282717,4.908107103691101,102.93491206385228,302.5124916612133
28579488,-14.918323,15.9729,4.853059103691101,125.2047163424935,302.9671678261666
28583659,-7.184603,6.013841,5.393609103691101,18.18261970109464,379.67490262024273
28583660,-9.121248,6.377708,3.956372103691101,93.6667729686542,388.9674950469628
28587519,-7.964072,5.139485,4.539776103691101,47.09923324593316,425.13877251114513
28579497,-12.550565,12.495506,2.183112103691101,154.7049518943001,310.96549317287304
28586705,-7.771325,5.546249,5.360698103691101,15.348974094147906,411.6665494442873
28579499,-12.960827,13.714994,4.484004103691101,123.32051338025563,306.3911290941296
28583669,-8.243668,6.397409,5.407754103691101,36.18041176630172,385.4500559835958
28579500,-13.316006,13.900251,4.229672103691101,127.78097669180576,307.3623794564425
28566456,-10.460966,7.772832,4.490736103691101,94.19254126640726,372.2006667849168
28587522,-7.066633,4.935038,5.108594103691101,1.8128656939045984,426.4982715209181
28587523,-10.245457,5.958587,4.710892103691101,70.01376838687045,426.9051977271749
28543909,-9.073709,6.2272,4.718485103691101,65.81596808109097,399.66651400184026
28579511,-13.739047,14.022312,4.751124103691101,121.17429850485613,311.0079403661418
28569720,-10.054176,5.974156,4.485016103691101,76.79392997913791,421.5205558588741
28583680,-8.129269,6.061353,4.942411103691101,47.921520380384806,391.9001197207136
28539935,-8.77681,9.37717,5.408621103691101,76.0993315242412,317.609195531497
28583688,-8.384254,5.918798,4.570392103691101,62.41394367565121,398.4920140750228
28579519,-9.921878,9.032568,0.03132010369110105,192.40815948236775,321.71850909356976
28539949,-10.764041,8.468961,4.772549103691101,92.8058944553396,361.3989724833402
28579521,-12.359909,12.364454,4.122204103691101,124.9018889608277,314.7641036086766
28539955,-7.924424,5.835366,4.597594103691101,56.55741016509435,393.8399452278569
28574827,-8.2914,7.917873,5.021761103691101,70.93706413267083,338.7210738643343
28566506,-7.265435,4.480551,1.185872103691101,178.3455365069504,404.17240140284594
28583701,-10.230626,6.452664,4.323821103691101,87.6457311861052,405.7093807795307
28586727,-11.351414,7.929663,4.475186103691101,98.61184670258648,379.7662814624933
28587542,-7.061821,4.688623,4.680289103691101,18.66135458269804,434.67526421149887
28587543,-10.331807,5.739268,4.474335103691101,76.09810400708108,434.3192192125357
28579542,-12.550838,12.003519,4.255229103691101,122.10264510186572,321.50222792629506
28586729,-11.067868,7.616843,4.752180103691101,88.40694496393974,385.6966965592635
28582746,-13.098425,14.310217,4.4034701036911015,125.92055088048066,301.5522876985588
28579550,-11.539081,11.124674,4.319542103691101,116.77834732582356,322.4955983518116
28583716,-7.461707,5.33969,4.718491103691101,37.74517076231339,408.0218445503084
28570450,-4.300473,2.843075,-0.02645289630889902,268.82178435845515,410.92153817685386
28579557,-8.610391,9.402937,5.363197103691101,76.78172207939693,314.4169400368287
28586735,-9.471739,6.798914,3.5363421036911014,110.91503757374102,378.3644377540836
28573019,-7.601068,4.911391,4.634969103691101,33.77457430296141,431.6736482197385
28582755,-13.349372,14.513474,4.160488103691101,129.9199140613224,301.5021386948803
28579562,-11.047422,10.346037,3.998646103691101,119.33981231272564,327.3149940156067
28583726,-7.761894,5.585884,5.331503103691101,17.59962317548127,409.282378182648
28582763,-13.815995,14.654797,4.280117103691101,129.0321359448962,304.5707875589778
28586744,-6.681567,4.668166,4.421785103691101,27.609845819995517,423.8888569472401
28583734,-8.946862,4.952083,2.1671751036911013,144.38146107451087,422.9254860066727
28586748,-11.113254,7.331647,4.489700103691101,93.466033683098,392.2420819703007
28586749,-9.752645,6.793118,3.4627551036911015,113.84249902269347,382.15260728984174
28582771,-13.164286,13.665081,4.578825103691101,122.0790719860602,309.0430945470032
28579576,-7.845407,8.449942,5.049251103691101,73.25805448253246,319.2354279338984
28583744,-7.323492,5.077292,4.713030103691101,30.51295912400613,418.38337223695135
28586753,-8.398965,5.550923,4.6484061036911015,53.64333161026104,414.7779171791543
28579580,-9.868432,9.254745,3.9796391036911007,113.15299290347798,330.4333321791039
28586759,-6.954457,4.621636,4.605335103691101,19.4934158638103,435.4273481084915
28583751,-7.819563,5.425615,5.460842103691101,7.974608110521075,419.66265650540686
28587574,-7.823418,4.699587,4.5574581036911015,35.3214573192856,446.70610905410194
28582777,-12.415281,12.767754,4.103905103691101,126.20088391121269,310.5730611027263
28586765,-9.447494,6.394881,3.231177103691101,117.54835350564606,387.9389600272583
28586767,-7.617639,4.967903,4.414043103691101,46.19002919119353,425.9378005065551
28586778,-8.805275,5.646311,3.9477661036911007,85.27869256487617,410.3301098319236
28586783,-7.534574,4.647091,4.436561103691101,37.00887497577594,442.6905799799549
28582787,-11.018222,11.134594,4.145372103691101,119.08464439427485,315.9041090119033
28582788,-12.571864,12.467186,4.196479103691101,124.2505650159198,315.8690561200129
28582791,-8.962856,9.000217,4.683971103691101,92.38708403253602,324.8342028227944
28583773,-7.033772,4.703278,4.6791221036911015,18.75551280098284,433.185539173135
28582795,-11.305964,11.155661,4.232753103691101,118.05025064722122,319.17363184491364
28583778,-8.144166,5.002848,4.651505103691101,40.901692533675146,436.80378045256384
28579632,-9.588918,8.942888,5.3373471036911,77.71733458128793,337.808157836771
28560996,-7.70012,6.308156,5.7092911036911005,16.54251180483334,381.3069574553888
28579637,-8.198653,7.69646,4.558025103691101,82.40254832376436,340.1653219398184
28582800,-11.301612,11.482946,-0.04957089630889899,187.67583958305613,305.0156113451278
28561000,-10.058166,9.38177,4.095810103691101,111.5685202966094,331.13214716584383
28530769,-13.231544,16.231783,4.272222103691101,131.21940986947715,285.69782359849546
28530769,-13.231544,16.231783,4.272222103691101,131.21940986947715,285.69782359849546
28579646,-8.001824,7.912581,5.430988103691101,56.39656085163682,335.9005278417876
28582805,-11.58499,11.132517,4.080932103691101,121.1868055380647,322.24828629229194
28579650,-7.930779,7.714236,5.3953171036911005,54.55044764928246,339.4169808289923
28530774,-14.001212,16.643499,5.055290103691101,123.03442606792449,290.0572491605157
28582809,-9.294481,8.750559,5.246427103691101,77.22366075964607,337.06182391845783
28579664,-9.003502,7.959621,4.977350103691101,76.23879485039652,349.0860649502689
28579665,-9.460084,8.04256,4.594509103691101,89.6534762607958,352.1053603638958
28582813,-9.008019,8.419358,5.332377103691101,70.53678191412021,340.23566314127703
28579676,-8.536778,7.73014,5.239484103691101,63.48509193288726,348.64752191768935
28579680,-9.50228,7.694768,4.081441103691101,101.28605876156809,358.3495149755445
28577024,-13.76128,14.556945,4.302205103691101,128.50284114286168,305.0562758991866
28582819,-8.837488,8.293803,4.805030103691101,83.3558736880189,337.9179099136333
28530816,-8.90199,8.533166,4.782387103691101,86.18052836617821,333.6579853381603
28579694,-7.590631,7.052237,5.400895103691101,42.17382917281131,351.51024853671606
28579695,-11.105947,8.623926,4.919295103691101,91.42133431994708,363.1045647781944
28577033,-8.48982,8.613548,4.888550103691101,82.26005220502546,325.9384794137744
28579698,-8.8074,7.61864,5.422682103691101,57.97925452730283,357.0771375326209
28582827,-9.893052,9.238839,4.005866103691101,112.55111262009984,331.1494196663526
28530830,-9.240138,7.864237,4.567368103691101,88.13446864746712,352.8990525887881
28563871,-8.06951,7.154006,5.716595103691101,36.05914994619761,359.4604718861527
28579702,-9.956755,7.569361,4.063142103691101,102.48548075457818,367.9080533463573
28530838,-8.776373,7.071614,4.627953103691101,76.9439686426644,366.859634184446
28582835,-8.539136,7.725825,5.209446103691101,64.38967495173452,348.6320586621848
28579705,-7.309294,6.721355,5.254996103691101,39.827132186236526,355.3435914816947
28579706,-7.103856,5.051131,1.2452971036911011,174.95846658616875,378.1214440985683
28530847,-10.709164,8.061981,4.524047103691101,96.13686548231767,368.6882211514241
28582840,-8.585504,7.816549,4.809408103691101,77.8095460129619,344.99179116004086
28530850,-8.799543,6.491409,4.651543103691101,69.77149045280902,385.4728272232152
28582842,-10.543482,10.045956,0.0018891036911010683,190.0830592933186,314.4808256098213
28563877,-9.778594,9.189816,3.725402103691101,118.37441810638602,329.45650954205007
28530858,-10.240933,7.378249,3.8629241036911015,107.57901154552576,375.5790030623468
28579716,-8.391168,7.166601,5.286332103691101,53.92615805889062,361.9247716575667
28579717,-8.3002,6.912876,4.819752103691101,66.0595380237227,364.8095170859231
28582849,-6.932719,6.174462,5.248743103691101,25.667795918833264,366.6855851999262
28582850,-7.291093,6.447573,5.341013103691101,31.01443596436593,364.9145557906617
28579729,-8.045704,6.580282,4.728430103691101,63.351259920399485,370.1297289886788
28579730,-11.009744,7.962142,4.687078103691101,92.36967145405518,375.8638003606651
28579732,-7.112533,6.33028,5.199979103691101,32.93591840831016,364.3054895073453
28579733,-8.122506,6.790518,5.217523103691101,48.99111602081871,368.2864569977134
28579734,-11.720003,8.201423,4.583390103691101,98.76993797374855,378.412561473066
28579735,-10.211432,7.153008,3.725776103691101,109.89273916460334,380.29776474561857
28521365,-14.011312,14.331341,4.418885103691101,126.7619996253828,309.7059735992506
28579759,-7.658314,4.846272,1.225269103691101,175.8027169280533,396.3395274685645
28583101,-7.661738,4.840092,1.230845103691101,175.62268288172788,396.7034031205504
28594183,-3.116911,3.396406,0.7597281036911011,220.0031942755893,337.8221026448255
28571403,-9.532414,8.180255,0.30122210369110103,189.80005258778655,331.8061906085076
28591200,-8.668001,5.065203,-0.08380689630889893,213.20506241715395,393.6818358449885
28527870,-2.958043,3.487839,0.7751401036911011,218.520461629271,324.90130196597124
28583729,-9.677802,5.413272,2.528232103691101,135.28773316607845,419.00422313758577
28573909,-7.190603,4.196671,1.2414161036911011,177.04354941318394,416.8206877956905
28563893,-2.806872,3.572846,0.21073010369110112,252.9845876236784,307.0426272501592
28579769,-7.495416,4.630503,1.230424103691101,176.18858836119904,402.37273879476186
28579778,-9.339291,5.857461,2.8184881036911014,127.20031300093932,400.6471699998002
28579784,-7.269244,4.397255,1.238426103691101,176.58824125506297,408.6372966843568
28579790,-9.50102,5.752317,2.7072511036911013,130.58762983444157,405.7532530837103
28579799,-7.148123,4.214922,1.242691103691101,176.97406990379977,415.11248118724825
28579801,-4.386329,2.811109,-0.006494896308898879,267.5386936789781,416.6653107789456
28579807,-4.389387,2.808093,0.07285510369110115,263.11865152584426,418.6378414118994
28579815,-7.279243,4.131218,1.237423103691101,177.3154277646846,421.7506039854985
28570557,-10.530553,8.848473,0.12719410369110107,190.5991230828283,332.4604775022872
28579829,-8.983159,4.942685,2.1691131036911013,144.3505234276479,423.8937875293943
28586976,-1.1746,2.923319,-0.014044896308898824,333.373751597981,232.67463431120487
28586976,-1.1746,2.923319,-0.014044896308898824,333.373751597981,232.67463431120487
28579834,-9.645535,5.209502,2.383900103691101,139.14485137864204,424.9892487894985
28566705,-9.820807,6.521614,1.585320103691101,163.5082676185097,378.5375665161428
28566708,-9.814391,6.273108,1.7921901036911012,158.15271984613275,386.7380484500085
28566718,-9.554087,5.949619,1.984666103691101,152.4832481255163,394.1827526483168
28579849,-8.994542,4.723894,1.986430103691101,150.16303632162152,431.4798351451562
28536222,-9.421823,5.121134,3.830907103691101,87.33686250393578,441.00547204236966
28571285,-9.593762,5.314055,4.426769103691101,67.96296445031768,441.644372972856
28521691,-10.243364,5.541946,4.472908103691101,73.3381835318099,441.20427027089
28577213,-4.36397,2.811282,0.067653103691101,263.6467078215727,417.4587833863612
28566745,-4.58996,2.697698,-0.00012189630889891667,267.9317682523575,432.6327571327681
28579913,-8.783801,4.841643,4.030740103691101,71.63355054369677,447.4428024467238
28583103,-9.463187,5.155499,4.241475103691101,72.14994462326226,444.8809117565274
28583113,-7.501461,4.578407,1.2262091036911011,176.45803561201012,404.6960502971991
28594887,-1.294786,3.036182,-0.007550896308898825,320.2317416250117,238.0274489188384
28594887,-1.294786,3.036182,-0.007550896308898825,320.2317416250117,238.0274489188384
28583125,-8.86984,4.894195,2.143646103691101,144.92174649607642,423.9306496359631
28521931,-4.280303,2.886014,-0.03278689630889886,268.1304811994795,406.7323902619314
28583140,-7.419579,4.141146,1.218073103691101,177.94366682832782,423.61648684641096
28594903,-1.647751,3.086724,-0.009152896308898928,307.0316267402377,263.36347845438354
28594921,-3.06116,3.471452,0.734811103691101,220.68501099684576,330.22999817747893
28567496,-10.062908,7.053843,1.2378931036911012,171.54644941221127,366.3928375584159
28567497,-9.901311,6.763377,1.4030531036911011,167.9092077458813,372.2318064651854
28567502,-9.801265,6.506953,1.604052103691101,163.03260067426888,378.77875494502223
28567507,-9.684668,6.192544,1.831890103691101,156.98385326811763,387.5330467156989
28567510,-9.582928,5.962156,1.974118103691101,152.8191533033983,394.1245800591207
28567517,-9.378359,5.407269,2.346735103691101,140.4270533534078,413.217467700688
28567518,-9.358816,5.277178,2.487075103691101,135.4757381706019,419.2087080206777
28567521,-7.40937,4.564405,1.237072103691101,176.1504663239554,403.7151060716411
28594191,-3.127544,3.200515,0.689129103691101,228.589321591179,350.66742642702155
28587225,-10.222624,8.920257,-0.061105896308898844,194.07051436454063,326.9359328507154
28578945,-10.191788,8.768246,-0.050966896308898946,194.32205635400408,329.0305777417682
28576369,-9.223374,4.772437,2.112124103691101,146.26267216984766,434.1462612600212
28565534,-9.413243,5.66688,2.139650103691101,147.42930001400808,402.6536563309386
28565535,-9.320717,5.540859,2.242484103691101,143.92664856512647,406.56537373173967
28576391,-4.704587,2.715065,0.051860103691101056,263.0150979544601,435.6173244626956
28567697,-9.910741,6.780244,1.405508103691101,167.83933614771414,371.9485829902342
28575527,-7.526659,4.65818,1.234531103691101,175.9612646996318,401.80719881137065
28567720,-9.630542,5.862702,2.8758091036911013,126.17178160290108,405.2322127249212
28575546,-7.23473,4.213297,1.2410381036911011,176.9834506236368,416.83316613024647
28579087,-9.948257,6.790059,1.4119141036911012,167.68026640314898,372.2516553864085
28591208,-9.442891,5.887721,2.837649103691101,126.99382960916618,401.3111906371699
28579135,-9.760806,6.182798,1.8360881036911012,156.91284248200333,388.9288702811593
28591222,-9.370786,5.639649,2.6403411036911013,131.94122275794294,407.2446502244729
28568518,-9.944082,6.790158,1.413889103691101,167.6325919938881,372.2034268195441
28568521,-9.861531,6.499789,1.6119891036911012,162.84980571820188,379.8625331133379
28579147,-9.60128,5.974433,1.9505431036911012,153.50793303485847,393.8268812280621
28591236,-9.324424,5.417443,2.493384103691101,135.69287764138073,413.3903146840072
28569502,-9.686778,5.866499,2.884137103691101,126.07295536156128,405.9827360344468
28591246,-4.298764,2.889836,-0.04108889630889889,268.2287943262059,406.8752937207026
28569512,-9.267095,5.129309,2.274295103691101,141.79587535434337,421.60078737311375
28591255,-9.076285,5.11204,2.2941251036911012,140.75568495836845,419.6327805706054
28579167,-9.255644,5.621227,2.637299103691101,131.70906767522845,406.1590795181269
28568537,-9.358961,5.279934,2.466276103691101,136.16294822472656,418.9023439922928
28590406,-9.751882,8.510401,0.012303103691100992,194.3046704246508,327.9337031319055
28568541,-9.238896,5.134967,2.282590103691101,141.4905490776236,421.039139164808
28579171,-9.375957,5.657418,2.132083103691101,147.5926150044088,402.3661571016049
28551645,-2.832219,3.550027,0.35084710369110106,245.0059929253469,310.7819859443314
28551650,-2.726183,3.614563,0.01639410369110106,263.88104161722924,299.4521313643727
28579176,-7.820468,4.936366,0.6926801036911011,192.88306781913255,390.8295807576608
28573757,-9.396633,4.866227,2.5691991036911013,131.1721146079489,437.6386343902108
28591269,-8.997476,4.978544,2.183972103691101,143.95926709203542,422.7718025800118
28579204,-9.461538,5.397096,2.405169103691101,138.6995911445839,415.3543198195447
28579207,-7.477595,4.544361,1.2268461036911011,176.5300316508987,405.7567727809302
28579225,-9.001986,4.989697,2.192164103691101,143.71781352074134,422.4630127670214
28551750,-9.374902,5.293409,4.172824103691101,76.02953186236678,436.47048066355535
28587432,-7.268426,4.743174,1.238208103691101,175.7807409894105,393.4271787219647
28528043,-9.827497,5.392076,4.339579103691101,73.81012563477054,440.4876477672382
28591306,-9.210958,4.749953,2.087542103691101,147.03472015811406,434.6743791441506
28565769,-9.441926,5.685057,2.167350103691101,146.67245947454836,402.6821775613667
28579275,-4.343036,2.814598,0.0032871036911010787,267.46053867198583,415.2010005880877
28565779,-4.359304,2.79747,-0.006265896308898844,268.3057776866033,416.9373023045604
28531698,-9.527776,5.196155,4.532001103691101,61.66391830212101,447.4173205603412
28587458,-7.471964,4.623309,1.236361103691101,176.00493963611916,402.310148589278
28533324,-2.812263,3.557638,0.25998510369110117,250.43884248553815,308.55051842773474
28572856,-7.843946,4.909459,1.007188103691101,182.8120053242389,395.1048009684037
28574683,-9.326769,4.842614,2.5589751036911013,131.25063458540245,437.5578514427108
28531751,-4.451709,2.750819,0.01080810369110119,267.5383537096735,424.1076996831108
28565794,-4.712134,2.636742,-0.00011889630889894143,268.1660753982189,441.5784704493742
28517930,-8.933475,5.105304,4.061533103691101,75.09956221531161,437.1417942370469
28587474,-7.428207,4.43168,1.239493103691101,176.3648107567412,410.0504048979423
28569668,-3.117836,3.160055,0.5919461036911011,236.2569915701141,351.6270137607488
28558135,-9.503533,5.693124,2.667684103691101,131.5866365855601,407.5335172318165
28570404,-2.794804,3.595015,0.14041710369110105,256.5816220542836,304.70805906509645
28586666,-9.726642,8.470371,0.01149710369110113,194.4584663852836,328.2799580797794
28587495,-7.162587,4.193403,1.2462681036911012,176.8799595249967,416.50550461960665
28587506,-9.435291,5.290224,2.511571103691101,134.88578389889818,420.0585150719338
28587515,-7.20399,4.077153,1.240353103691101,177.4032833890233,423.1433860169774
28583665,-7.582671,4.830887,1.230213103691101,175.7045141823417,395.6317197766069
28587520,-9.764566,5.253933,2.401752103691101,138.92750603139098,425.1056481280805
28583681,-7.487064,4.644332,1.230399103691101,176.16254702265906,401.6253499452566
28566493,-9.56132,6.084013,1.8632851036911011,155.9855658604199,389.2353562899632
28583689,-9.447275,5.791552,2.758954103691101,129.02426358901755,404.0328143372643
28583693,-7.325405,4.404212,1.240597103691101,176.4535858619438,409.403661258853
28566494,-9.471718,5.913264,1.967316103691101,152.86184796135228,394.0076779933237
28566498,-9.628978,5.649801,2.733441103691101,129.65372532793376,411.4740929002649
28566499,-9.454281,5.661449,2.177388103691101,146.34347019974757,403.75582483698497
28583706,-9.146723,5.421029,2.5130721036911012,134.7013652050107,410.7699159867238
28587547,-9.451373,4.811124,2.099345103691101,147.10541259900623,435.6256383192142
28573899,-9.987983,6.899652,1.225412103691101,172.00562124610957,369.0205775217511
28583711,-7.23086,4.231425,1.2416941036911011,176.912558459854,415.8728239085532
28583723,-4.408192,2.811711,0.06225510369110099,263.3724860740961,418.71105385988943
28583730,-7.299535,4.154577,1.229574103691101,177.54614253228286,420.8502482275544
28583746,-4.549548,2.742615,-0.016949896308898982,268.0378302769929,427.1982422086063
28573914,-9.344511,5.072796,2.306174103691101,140.7226842039422,425.3377233159625
28587575,-8.645307,4.875759,4.242972103691101,61.84865572578366,446.3267244542542
28410011,-1.634989,1.923649,-0.017610896308899004,437.6969159368243,378.6387404588554
28530841,-2.742004,3.629084,0.08622510369110103,259.34889730666134,300.0856840349527
28530844,-2.825688,3.557024,0.28928810369110103,248.5730617781038,309.498821665274
28530845,-2.806375,3.58488,0.1942821036911011,253.62369512572212,306.2519775826251
28530865,-3.122297,3.180131,0.6405961036911011,232.4197880605971,351.1402428359089
28530869,-3.125859,3.142135,0.536412103691101,240.37696142095308,352.42610952710174
28530885,-7.686489,4.858122,0.8319621036911011,188.9301406249673,392.6830585119837
28579741,-7.971655,4.984428,0.663196103691101,193.34612257094443,391.4146626941446
