uid,px_world,py_world,pz_world,u_rectified,v_rectified
28366349,-2.739872,-0.209708,1.202871103691101,67.65500397416176,274.9371161179261
28367510,-4.500615,-0.158029,-0.019669896308898815,121.9426681846214,236.58432087051236
28360485,-6.644144,3.449859,-0.07382689630889883,81.9033094933786,103.00910397126437
28370841,2.206134,-30.503801,-103.6749018963089,405.078128003268,265.7051588994289
28364412,-2.8483,0.108691,1.5946261036911011,15.55220815027414,256.1875936686545
28367530,-2.855172,-0.053415,1.361041103691101,47.06109137667542,264.2904809485105
28367540,-2.803496,-0.07567,1.364074103691101,47.44703986858914,267.125078224083
28364433,-2.938506,-0.048834,1.4600741036911011,35.01338241108266,264.79264017911305
28364433,-2.938506,-0.048834,1.4600741036911011,35.01338241108266,264.79264017911305
28370854,0.090931,-0.294862,-0.8713378963088989,383.6214601512339,287.0802664905186
28362360,-3.319873,-3.251948,1.0500071036911012,100.9830056373927,433.2132069167963
28362363,-2.980843,-3.253786,0.3523011036911011,149.568167064804,413.6002910788883
28370857,0.209523,-0.233648,-0.8496978963088988,400.4613070891981,285.48959701229893
28364447,-3.359331,-0.266441,0.43274710369110103,118.6595178901499,254.7717842732048
28370867,0.29851,0.259603,0.45440310369110104,438.1722473335352,294.31835598205794
28364468,-2.222872,-0.29714,0.015080103691101021,176.05469070748842,263.4394864716956
28370873,0.300792,0.241638,0.4673501036911011,438.96813507589474,300.4485034692793
28370873,0.300792,0.241638,0.4673501036911011,438.96813507589474,300.4485034692793
28347744,-0.726711,0.49287,-0.013718896308898998,264.49806353404176,213.1695325332188
28347744,-0.726711,0.49287,-0.013718896308898998,264.49806353404176,213.1695325332188
28367568,-2.1725,-0.379649,0.019764103691101154,178.108576402846,269.6228189869953
28367568,-2.1725,-0.379649,0.019764103691101154,178.108576402846,269.6228189869953
28335067,-1.912279,-0.856054,-0.03254389630889887,193.9371523976249,304.4686655555992
28367570,-2.141199,-0.404687,0.02897010369110098,178.90564443715243,271.9489075816759
28369821,-3.77061,-0.325446,1.6591901036911012,16.052457215339984,274.8924814914371
28370885,-3.438247,-1.543571,1.6521941036911012,33.15441330800121,363.668949101712
28370890,-0.494513,-0.15441,0.9140461036911011,209.92426659721127,355.5660087979528
28369833,-2.69307,-0.046937,1.276017103691101,58.14908092146109,264.6466337039518
28369841,-2.707852,-0.087294,1.297558103691101,56.11659921087912,268.2331898550843
28364547,-2.728769,0.096297,1.458278103691101,33.834896033324554,256.137702914879
28364554,-2.851688,-0.005514,1.445438103691101,36.49226742024794,262.43713863444714
28364554,-2.851688,-0.005514,1.445438103691101,36.49226742024794,262.43713863444714
28366434,-2.966419,-3.024329,0.42216910369110106,144.984029772214,406.63906686582754
28369846,-3.224341,-0.273392,1.252157103691101,57.93562124809128,271.6855386706357
28369853,-3.264008,-0.32896,1.2770001036911012,55.86139273025432,275.38105004264344
28369854,-2.885268,-0.19676,1.113089103691101,74.39857708742971,268.97251329366907
28369854,-2.885268,-0.19676,1.113089103691101,74.39857708742971,268.97251329366907
28369866,-2.794169,-0.230292,1.137696103691101,73.75004390714861,273.7455112892756
28370927,-2.896002,-3.249978,0.7351381036911011,129.83179578923574,436.5580805705246
28369892,-4.976718,-1.552301,-0.11285489630889889,125.29416384926635,286.1231574326404
28367634,-4.45526,-0.081121,0.0008301036911011472,121.31418733421276,233.6615560180529
28367634,-4.45526,-0.081121,0.0008301036911011472,121.31418733421276,233.6615560180529
28337322,-4.625188,0.48775,0.02274210369110108,114.74070516763764,208.6633649754294
28337322,-4.625188,0.48775,0.02274210369110108,114.74070516763764,208.6633649754294
28369903,-2.387285,0.917697,0.19808010369110107,151.4403232509324,180.60970406034963
28369903,-2.387285,0.917697,0.19808010369110107,151.4403232509324,180.60970406034963
28369908,-3.088912,0.921884,-0.249923896308899,156.94492408934053,184.6071624767768
28369908,-3.088912,0.921884,-0.249923896308899,156.94492408934053,184.6071624767768
28369912,-6.371521,1.154635,-0.15882789630889893,98.7574984689432,184.7559163315388
28369913,-2.453086,0.711943,0.1181491036911011,155.8973095406251,195.6033088964022
28369913,-2.453086,0.711943,0.1181491036911011,155.8973095406251,195.6033088964022
28369914,-7.713161,1.281065,-0.05323489630889888,83.52467776902591,183.80872221064453
28369915,-14.912953,1.53354,-2.6642898963088992,105.4024545208381,188.86183696882472
28367662,-2.983165,0.179956,1.265280103691101,53.25559790470709,242.10061286847647
28369922,-8.028773,1.373009,0.8113211036911011,47.57459376443634,181.0433807273984
28369923,-8.288863,1.324044,0.583673103691101,56.2886622423307,183.4310172901244
28369925,-7.635953,0.996526,0.29039610369110114,72.43216018658453,192.37047114123385
28369931,-7.524123,0.704585,0.267091103691101,75.35175475239643,201.3705154603061
28369932,-5.800714,0.688356,0.628560103691101,70.86173991147254,201.73945677602848
28369933,-5.81168,0.73656,0.8426431036911011,59.17372800470466,200.13824359346995
28369933,-5.81168,0.73656,0.8426431036911011,59.17372800470466,200.13824359346995
28369934,-2.676418,0.343005,-0.16420389630889898,167.30562928131292,217.9613426073936
28369934,-2.676418,0.343005,-0.16420389630889898,167.30562928131292,217.9613426073936
28369936,-7.497881,0.419584,0.234154103691101,78.08168413542231,210.14023100553104
28369936,-7.497881,0.419584,0.234154103691101,78.08168413542231,210.14023100553104
28369937,-6.494735,0.324644,0.08450710369110115,91.7809152108616,213.5598198187324
28369938,-7.03429,0.666521,1.2150971036911011,35.32593812926092,204.15056851217375
28369939,-6.654612,0.297096,0.3459291036911011,79.90216396257063,215.1613584788115
28369941,-6.442628,0.135495,0.0777951036911011,93.38047524396008,219.98835419090264
28369943,0.034777,0.672288,-0.018074896308899024,372.4045235866562,187.66542575383465
28369943,0.034777,0.672288,-0.018074896308899024,372.4045235866562,187.66542575383465
28368838,0.134377,1.032577,-0.03853889630889884,399.5121268437866,121.58776829545262
28369949,-6.230881,0.131048,0.5529701036911011,74.6996381299293,222.6148710779309
28369949,-6.230881,0.131048,0.5529701036911011,74.6996381299293,222.6148710779309
28368848,-5.838,2.132299,1.572645103691101,0.7396994970895037,132.12671938083838
28367696,0.146881,0.47962,-0.005870896308898921,394.042609980144,219.803159591092
28367696,0.146881,0.47962,-0.005870896308898921,394.042609980144,219.803159591092
28368850,-5.518226,2.453522,-0.07416389630889886,97.50603810671362,129.38640277308468
28357355,-4.143286,1.155809,1.4441571036911012,18.455452653933094,172.22039487888645
28367699,-2.123986,-0.309464,-0.016576896308899025,181.747468689334,265.05600305213693
28369962,-7.240208,0.089443,1.1430911036911011,42.12794816657029,224.4587447185549
28369962,-7.240208,0.089443,1.1430911036911011,42.12794816657029,224.4587447185549
28367701,-2.745562,-0.057523,1.375470103691101,46.314877975747606,267.0250385135225
28369987,-3.263435,-0.075089,0.4782121036911011,116.38341671217032,245.39006188485877
28369988,-2.668436,0.157588,1.045153103691101,80.36696125945761,243.70727448704275
28369990,-7.501458,-0.276496,1.252485103691101,38.491364810888,236.7491096084796
28369991,-2.727569,0.121774,0.9948141036911011,84.64579628860577,245.0000063382118
28369991,-2.727569,0.121774,0.9948141036911011,84.64579628860577,245.0000063382118
28370000,-3.329963,-0.093484,0.6854521036911011,101.15355620041738,248.61608925113467
28367716,-4.504601,-1.111542,0.14277910369110103,119.13791904543542,278.1264629738462
28367716,-4.504601,-1.111542,0.14277910369110103,119.13791904543542,278.1264629738462
28370007,-3.060598,-0.185827,0.5085391036911011,119.49993176825056,254.394837591911
28370007,-3.060598,-0.185827,0.5085391036911011,119.49993176825056,254.394837591911
28355733,-6.133677,2.359338,1.432804103691101,9.454811753113065,126.02145671592116
28355733,-6.133677,2.359338,1.432804103691101,9.454811753113065,126.02145671592116
28362691,-5.664035,1.240207,0.4261891036911011,78.81634235929315,178.68965744859818
28370021,-6.970109,-0.398924,1.8941371036911012,5.085489662967433,248.59306844101548
28370021,-6.970109,-0.398924,1.8941371036911012,5.085489662967433,248.59306844101548
28368892,-0.50266,0.941352,-0.05562689630889883,290.9800592421391,157.95411647030073
28360831,-2.877624,-1.287874,1.675668103691101,28.48202456920532,372.8916559412476
28360832,-2.903957,-1.313671,1.634423103691101,33.72013070597288,371.0756258097376
28370048,-3.038994,-0.116845,1.633371103691101,14.719912009406729,272.8395102063386
28368906,-6.796476,1.173626,1.023322103691101,42.48194613698939,184.44786376092048
28360860,-3.464947,-3.444863,0.7857831036911012,116.28855019592186,422.5047857212803
28364898,-5.609941,0.948338,0.09994810369110119,96.46812162939052,190.55448876609435
28368910,0.088885,0.694874,-0.04607489630889883,384.4798342403037,183.351863910771
28360868,-3.266267,-3.293612,1.182159103691101,93.01403874663052,445.4215534199507
28370071,0.264781,0.410576,0.6031111036911011,433.6060264302456,265.09131517413783
28370078,-5.48004,-2.642081,-0.3656788963088988,132.06697950659884,312.69980125722486
28370097,-2.757741,-0.796706,1.627379103691101,26.823527085211424,337.35738692133503
28368923,-5.82664,0.780313,0.743209103691101,64.14116467754747,198.16774202743
28370103,-5.592852,-3.571994,-0.515259896308899,138.7418875110916,336.49413989603005
28314058,-1.24026,-2.435318,0.04737210369110101,229.36581106414013,440.9104425990712
28325596,-0.475329,0.666788,0.037553103691100986,288.9438925789281,192.4582406606333
28325596,-0.475329,0.666788,0.037553103691100986,288.9438925789281,192.4582406606333
28296879,-3.905683,-1.082015,0.036110103691101125,134.20917670643985,282.4762609913607
28296879,-3.905683,-1.082015,0.036110103691101125,134.20917670643985,282.4762609913607
28370136,-5.163706,-4.324522,-0.486657896308899,146.34885791334895,366.2549891121639
28370146,-5.195,-3.27792,1.790796103691101,35.13153075006693,393.6065576940718
28368960,-5.541428,-0.144085,1.300491103691101,40.010517228776735,241.37440677393695
28362873,-7.688172,1.504811,0.9196931036911011,43.006704540416536,175.42068991643265
28362875,-7.656558,1.494036,1.0924671036911011,35.02644427028463,175.3741834092751
28333579,-5.836072,1.421691,0.015620103691101006,95.47171882945104,172.94386820396048
28368964,-3.592748,0.074321,1.7230461036911011,2.757753115147608,250.7778710960608
28367801,-3.861058,-2.504814,2.066766103691101,3.988604400825437,424.12595071773217
28370161,-6.583356,-5.149985,1.610798103691101,53.49780503944248,412.8980803709328
28371101,-0.157594,1.52167,0.1497581036911011,335.6863052055331,35.94449928929305
28368971,-1.040615,0.460824,0.016189103691101048,235.6758190852281,215.71978306351775
28365005,-7.516606,1.482529,1.208540103691101,29.58228008787694,175.04384311543316
28370180,-2.307537,-2.491502,0.7008001036911011,142.69706500673357,424.2004953690714
28366702,-0.951259,1.868537,-0.04425589630889881,242.63382914552108,58.754814057963415
28371115,-1.360913,2.036246,-0.018747896308898948,208.6666850445342,60.406760313866926
28362987,-5.987579,-6.36464,0.6186331036911011,105.40717044903874,433.9061717919767
28348281,-2.440848,0.405637,-0.02088689630889884,166.6564359280006,215.609781946114
28366787,-0.010687,0.645577,-0.009460896308898903,362.87746853358567,192.3991831687848
28366787,-0.010687,0.645577,-0.009460896308898903,362.87746853358567,192.3991831687848
28365076,-2.673621,-0.066877,0.832546103691101,102.4228378491707,256.8834834578814
28369014,-2.244424,0.114317,1.103779103691101,82.72636203344464,254.41423977707015
28369021,-2.42146,0.004986,-0.10674089630889894,174.27065790229446,240.3207153846245
28369021,-2.42146,0.004986,-0.10674089630889894,174.27065790229446,240.3207153846245
28369024,-2.534552,-0.004299,1.107510103691101,78.2860541751576,259.9320361098056
28369024,-2.534552,-0.004299,1.107510103691101,78.2860541751576,259.9320361098056
28369025,-2.642251,-0.037391,0.46648010369110104,131.6447002329091,248.87656822097267
28369029,-2.838092,-0.134599,1.3488151036911011,49.73506417697965,270.8340715099031
28366809,-5.722566,0.551304,0.031173103691101156,100.30582023551862,205.8010005967072
28369044,-2.99167,-0.296773,1.272422103691101,58.563643798437056,278.21606240565825
28369044,-2.99167,-0.296773,1.272422103691101,58.563643798437056,278.21606240565825
28365145,-5.251924,-3.30046,0.7241781036911011,94.06596425237689,360.3373012423217
28371198,-8.063976,1.673971,1.207077103691101,27.920665486494528,170.47066951565978
28371198,-8.063976,1.673971,1.207077103691101,27.920665486494528,170.47066951565978
28355964,-4.854072,-0.806636,0.08506310369110115,115.1802928246588,261.7355298864144
28366838,-3.149026,0.076455,1.482640103691101,29.81061324212635,251.97358143520077
28366838,-3.149026,0.076455,1.482640103691101,29.81061324212635,251.97358143520077
28371205,-6.508731,1.496674,0.17356310369110117,82.26882381547105,172.63640224256253
28371205,-6.508731,1.496674,0.17356310369110117,82.26882381547105,172.63640224256253
28338450,-2.129533,-0.349718,-0.02502689630889887,182.2092483762808,267.4333203366772
28366847,-2.978317,0.070493,1.4852881036911012,30.04162601823805,254.9540163173048
28371210,-7.578264,1.433196,0.4858821036911011,62.75197003149191,178.13194026859668
28371210,-7.578264,1.433196,0.4858821036911011,62.75197003149191,178.13194026859668
28371211,-8.310481,1.273966,0.9060841036911012,43.298396726523606,184.84691992703148
28371211,-8.310481,1.273966,0.9060841036911012,43.298396726523606,184.84691992703148
28371213,0.313528,0.647941,-0.11327789630889895,437.6249862708305,189.05901208139065
28371214,-7.370232,1.284851,0.039914103691101044,82.38681615788374,182.80832448778068
28371214,-7.370232,1.284851,0.039914103691101044,82.38681615788374,182.80832448778068
28361243,-4.35658,1.199376,1.073057103691101,49.09784477055868,172.46997910620416
28359485,-4.261883,1.152819,0.9587371036911011,58.81950828319768,174.9675408089748
28371216,-7.630976,1.21962,0.33042710369110107,69.83545643070951,185.32106027251365
28371216,-7.630976,1.21962,0.33042710369110107,69.83545643070951,185.32106027251365
28354314,-3.179516,-0.668846,1.732345103691101,11.775142444326375,316.0806205951384
28369081,-7.283963,1.249106,0.5299001036911011,63.30069626095266,183.3951562232062
28369085,-7.320764,1.130017,0.5135541036911011,64.43468450284257,187.51173374011324
28371223,-11.745734,0.958496,1.7729141036911011,9.52063963708116,198.2788423039855
28371223,-11.745734,0.958496,1.7729141036911011,9.52063963708116,198.2788423039855
28371224,-9.088885,1.197639,0.10901510369110112,70.56448840443576,188.72825825260207
28371224,-9.088885,1.197639,0.10901510369110112,70.56448840443576,188.72825825260207
28354324,-5.480599,0.590884,0.08434810369110113,100.40657352799532,204.404452334517
28371225,-11.29091,1.495173,-1.6097058963088988,103.69116603673548,185.5086505643284
28371225,-11.29091,1.495173,-1.6097058963088988,103.69116603673548,185.5086505643284
28371229,-7.348121,1.048902,0.023776103691101058,84.20102114327253,190.2187994492581
28371230,-8.051093,1.015903,0.08373910369110105,77.62759906455659,192.2864215515956
28371230,-8.051093,1.015903,0.08373910369110105,77.62759906455659,192.2864215515956
28369094,-6.805019,0.717931,0.6115461036911011,65.11651385292456,201.10294546164712
28371232,-6.721614,1.021807,-0.2539738963088989,99.71467534031268,189.98485430835876
28371232,-6.721614,1.021807,-0.2539738963088989,99.71467534031268,189.98485430835876
28354329,-3.811363,0.622451,1.6006041036911012,9.164441087999164,208.0064856706828
28371233,-0.46407,0.76312,-0.11168289630889894,298.262216179729,180.36347078927133
28371234,-6.424297,0.679555,1.636255103691101,11.193955740264071,204.50804188363009
28371234,-6.424297,0.679555,1.636255103691101,11.193955740264071,204.50804188363009
28371235,-7.820762,0.868745,0.23823010369110098,73.95481826053464,196.49386193634115
28371235,-7.820762,0.868745,0.23823010369110098,73.95481826053464,196.49386193634115
28371236,-8.723095,0.918127,-0.18107489630889884,83.00916927263444,195.6255969594724
28361276,-4.438379,0.498842,0.8099381036911011,73.1534637468547,211.20055854448356
28371240,-6.996023,0.872284,0.04945010369110103,86.58728069235175,195.3810860593221
28371240,-6.996023,0.872284,0.04945010369110103,86.58728069235175,195.3810860593221
28361279,-5.38028,0.296694,0.36434510369110107,89.99741038579202,217.11496830563448
28361288,-3.778114,0.263479,1.596945103691101,14.490570068211923,233.522750743376
28371243,-6.571516,0.678916,0.9157371036911011,51.96581788255296,202.97528936743777
28371243,-6.571516,0.678916,0.9157371036911011,51.96581788255296,202.97528936743777
28371247,-6.7951,0.706891,0.07795310369110098,87.78805269260582,200.67800139349347
28371247,-6.7951,0.706891,0.07795310369110098,87.78805269260582,200.67800139349347
28369108,0.079104,0.741178,-0.018622896308899017,382.5736465506474,175.4727663258715
28371251,-6.419106,0.599636,0.43383610369110104,76.21438324476733,204.9052987340391
28371251,-6.419106,0.599636,0.43383610369110104,76.21438324476733,204.9052987340391
28371253,-7.223452,0.458448,0.589337103691101,65.21310552114616,209.9411763498563
28371253,-7.223452,0.458448,0.589337103691101,65.21310552114616,209.9411763498563
28371254,-5.780718,0.51106,0.643007103691101,71.36488306150306,208.9758106270462
28371254,-5.780718,0.51106,0.643007103691101,71.36488306150306,208.9758106270462
28369111,-6.528346,0.19654,0.2509251036911011,85.33091536910223,218.439499557214
28366894,-7.112587,-1.436095,-0.12057489630889884,101.4651055453735,264.41138829543866
28371257,-7.330774,0.439981,-0.04333089630889897,89.43330600243002,208.9465736342396
28371257,-7.330774,0.439981,-0.04333089630889897,89.43330600243002,208.9465736342396
28371262,-6.753265,0.287983,0.228478103691101,84.06506331709139,214.96311853021095
28371262,-6.753265,0.287983,0.228478103691101,84.06506331709139,214.96311853021095
28371264,-6.106513,0.259052,0.585102103691101,73.35793034059569,218.2394781966657
28371264,-6.106513,0.259052,0.585102103691101,73.35793034059569,218.2394781966657
28371268,-6.810329,0.05504,0.6150521036911011,68.5368119702066,224.23897838645536
28371268,-6.810329,0.05504,0.6150521036911011,68.5368119702066,224.23897838645536
28371269,-6.451741,0.118119,0.4036391036911011,79.8402877117307,221.91514588620436
28371269,-6.451741,0.118119,0.4036391036911011,79.8402877117307,221.91514588620436
28371270,0.142009,0.45606,-0.07667789630889899,393.1496229854479,222.22907939951332
28371271,-7.856199,-0.095775,0.6095861036911011,64.0057609285754,226.58956141773783
28371271,-7.856199,-0.095775,0.6095861036911011,64.0057609285754,226.58956141773783
28363286,-7.614394,2.092457,-0.13125189630889889,83.53906199069831,158.61801732335653
28371275,-2.614813,0.44203,0.656713103691101,113.8355888858849,217.45792904815352
28371275,-2.614813,0.44203,0.656713103691101,113.8355888858849,217.45792904815352
28363288,-4.754358,1.314602,0.523795103691101,81.5851528853654,170.7069517994705
28371279,-5.232625,-0.078841,1.0638321036911011,55.56442780727235,238.12491770993444
28371281,-5.773369,-0.168563,0.866571103691101,64.1033232528095,237.6117663261418
28369142,-3.747851,0.145689,1.165208103691101,56.44028744727484,236.50015946717176
28366913,-8.111873,1.254375,0.4277841036911011,63.4539568805595,185.24748536899523
28371286,-4.6312,0.031847,0.055108103691100974,115.49684084631784,228.48016735744645
28363306,-4.90113,0.510092,0.8525851036911011,66.32123265695492,210.3485330811524
28363306,-4.90113,0.510092,0.8525851036911011,66.32123265695492,210.3485330811524
28363309,-4.325102,0.426463,0.9312661036911011,66.6581875645816,215.79696175217688
28363309,-4.325102,0.426463,0.9312661036911011,66.6581875645816,215.79696175217688
28371293,-3.947896,-0.079023,1.7772861036911012,0.7987067662711809,258.0071491655936
28370354,-3.123915,3.429361,0.38678710369110103,97.00817134166054,1.445741371307662
28369151,-8.126001,-0.340049,1.337999103691101,33.793875895730906,236.96779492992985
28371299,-3.73149,0.047458,0.6631851036911011,94.99076134511849,236.9934854758847
28371302,-207.129257,-38.67894,-52.3492608963089,108.50406550162856,242.2850449467751
28371303,-2.507541,0.258187,0.6647781036911011,117.6084223718032,231.90237998697603
28371309,-5.827603,-0.566601,1.604414103691101,23.4845936030454,261.1301385952644
28371314,-1.529452,0.415992,1.1788101036911012,85.9118216274004,234.7528083279168
28371317,-42.933899,-8.127274,-10.2471728963089,111.77396305614276,244.61945649023312
28371318,-2.23683,0.268352,0.6035161036911011,130.5597818809514,232.40035153485329
28371320,-2.433406,0.217725,0.5894161036911011,126.18616194813848,234.56073110190025
28371328,-2.75798,0.035045,1.6775261036911011,4.915955469785445,266.74837450249424
28371328,-2.75798,0.035045,1.6775261036911011,4.915955469785445,266.74837450249424
28371330,-2.329304,0.216454,0.9398551036911011,97.28297923607788,240.890106806108
28371330,-2.329304,0.216454,0.9398551036911011,97.28297923607788,240.890106806108
28371340,-4.87338,-0.526582,1.7003111036911012,15.95229610044899,270.9739222146711
28371343,-2.211159,0.204349,0.9555991036911011,98.72098836886,243.6419926580492
28371343,-2.211159,0.204349,0.9555991036911011,98.72098836886,243.6419926580492
28371346,-0.290081,0.652692,1.2884821036911012,136.63325497932277,201.06393578146893
28369171,-2.94922,-0.079481,1.071532103691101,76.04655003988395,258.52803231885133
28369171,-2.94922,-0.079481,1.071532103691101,76.04655003988395,258.52803231885133
28366978,-2.850986,0.16677,1.3791361036911012,41.781739627257934,246.65872435611163
28366978,-2.850986,0.16677,1.3791361036911012,41.781739627257934,246.65872435611163
28371357,0.27927,-0.176809,-1.0012458963088988,411.1444234518764,276.2896688321916
28371361,-2.921674,-0.123314,1.459937103691101,36.22919266386057,271.14705315761125
28371361,-2.921674,-0.123314,1.459937103691101,36.22919266386057,271.14705315761125
28371365,0.232544,0.54214,0.931616103691101,434.6909598692088,245.28953485530383
28366984,-2.743625,0.132887,1.350422103691101,46.454992802300325,250.4097016296313
28366984,-2.743625,0.132887,1.350422103691101,46.454992802300325,250.4097016296313
28371368,-2.834039,-0.152082,1.315197103691101,53.7502185346477,271.44039857032897
28371369,-3.343542,-0.283594,0.9551071036911011,82.36555480145793,264.44672700065547
28371369,-3.343542,-0.283594,0.9551071036911011,82.36555480145793,264.44672700065547
28371371,0.130356,-0.124165,-0.7457078963088988,389.52672504239126,275.8267957476407
28371374,-4.46709,-0.691018,1.062848103691101,65.76262850835204,273.91148148283986
28371380,0.211417,0.366926,0.5768311036911011,408.9493081006731,271.58713046278905
28366994,-2.838154,-0.094837,0.7945981036911011,102.33988916378738,255.93737080242084
28371385,0.245075,0.465971,0.8375171036911011,434.4985298765538,269.2076799876594
28361446,-7.77058,1.510456,0.8680131036911011,45.09157200988275,175.6099450727474
28361457,-5.504529,0.915853,0.4187581036911011,82.52209229964018,191.7481709137105
28371397,0.254948,0.446148,0.8504991036911012,440.5895470217381,280.2576728886612
28369191,-3.002197,-0.290599,1.116246103691101,73.49026151528926,273.70132722655376
28369191,-3.002197,-0.290599,1.116246103691101,73.49026151528926,273.70132722655376
28371399,-0.292535,0.095407,-0.022720896308898952,314.4271231452299,265.53290682592564
28371401,0.250635,0.43885,0.8552991036911011,437.6396204744327,283.5080133243611
28371404,0.242529,0.410533,0.8050611036911011,429.0825203508208,286.14868397073974
28371406,0.223519,0.406507,0.7965581036911011,417.9870440247073,284.303361655246
28371407,-4.933929,-1.446014,1.154179103691101,62.27099938750016,303.8444684525578
28369201,-11.043529,-3.702642,-1.057252896308899,105.8379960579598,284.6319215201479
28369201,-11.043529,-3.702642,-1.057252896308899,105.8379960579598,284.6319215201479
28369205,-0.591848,-0.100812,0.0022961036911011146,277.5186462823898,280.1676183113575
28361512,-2.701585,0.223077,1.422553103691101,36.44836672904262,244.5384334804812
28367012,-2.975805,-0.110328,1.461109103691101,35.653976630987955,269.072973400738
28367012,-2.975805,-0.110328,1.461109103691101,35.653976630987955,269.072973400738
28356409,-6.898554,2.273783,1.0495001036911011,33.4289794139317,141.4607020148964
28338640,-1.808435,-1.128267,-0.037422896308898945,199.9611601043606,324.78318901744416
28369207,-4.857105,-1.738669,-0.10014389630889897,127.32412673840012,294.4616456075118
28348819,-4.332456,2.846771,0.15640610369110108,97.80610251217648,89.05746761981601
28363513,-4.86933,-2.091605,0.13212310369110103,119.0568783012546,311.0638942884826
28368130,0.071753,0.67139,-0.014268896308898826,380.0584910328925,187.42651096215812
28368130,0.071753,0.67139,-0.014268896308898826,380.0584910328925,187.42651096215812
28370430,0.138735,0.989798,-0.024891896308898875,399.8494885346478,128.86619726526078
28370433,-7.587665,2.436653,1.601234103691101,1.5793005918057474,137.16021289397088
28368151,0.052999,0.571746,-0.022831896308898925,375.11107191883787,203.95310040647195
28368151,0.052999,0.571746,-0.022831896308898925,375.11107191883787,203.95310040647195
28368160,-2.955894,0.625823,-0.16797489630889895,157.78961666204555,201.1666084744165
28358092,-4.203834,1.195139,1.4063731036911011,21.5320403156432,170.25295835162618
28358093,-4.131266,1.174206,1.353102103691101,26.731228404036244,171.2930491135974
28348917,-2.554791,0.636113,-0.0275798963088989,161.9828951165215,200.53219494161985
28358101,-5.758927,1.220932,0.08975610369110099,93.98517359788576,180.29902566963503
28358104,-4.254721,1.170379,1.587661103691101,4.544435774822517,171.49702222766484
28368181,-5.408099,-0.073357,1.2921121036911012,40.39654719085851,238.8721442232465
28365485,-4.427409,1.218643,0.8393731036911011,65.43081670703859,172.64918315530068
28361627,-3.149962,-3.115584,0.8259971036911011,117.7217764603467,422.6971730823215
28368188,-2.701788,0.354409,-0.09063289630889892,162.44492263610772,217.6870125430545
28368197,-5.383162,-0.125449,-0.048787896308899015,110.83407176771696,231.39713421781693
28368197,-5.383162,-0.125449,-0.048787896308899015,110.83407176771696,231.39713421781693
28368202,-2.914502,0.144988,1.382202103691101,41.348365814112384,247.7018768393289
28368202,-2.914502,0.144988,1.382202103691101,41.348365814112384,247.7018768393289
28368209,-5.06109,-0.187208,0.10412110369110117,108.47317386457516,236.07714248332397
28370474,-8.518558,1.600224,1.2794111036911011,24.71129704567383,174.53758498875914
28370474,-8.518558,1.600224,1.2794111036911011,24.71129704567383,174.53758498875914
28368210,-4.473489,-0.078398,-0.0040848963088988555,121.24329805570864,233.4271187868664
28368210,-4.473489,-0.078398,-0.0040848963088988555,121.24329805570864,233.4271187868664
28370476,-2.550878,1.214095,0.18294410369110103,145.15547750310168,160.5103566081301
28370479,-7.751768,1.368608,1.1783271036911012,31.518217460741027,179.9824059647289
28370479,-7.751768,1.368608,1.1783271036911012,31.518217460741027,179.9824059647289
28368220,-2.932074,0.025995,1.447838103691101,35.354807021399125,258.5193651043512
28370482,-7.713367,1.594985,-0.46442989630889886,96.47952107577298,174.91984825507183
28370482,-7.713367,1.594985,-0.46442989630889886,96.47952107577298,174.91984825507183
28361664,-2.756048,-3.829878,0.17491410369110105,167.13269925853942,440.690976636034
28370484,-7.451126,1.0995,1.690772103691101,6.365401853763245,188.71156239658623
28370484,-7.451126,1.0995,1.690772103691101,6.365401853763245,188.71156239658623
28370487,-4.933209,1.168826,0.09537710369110108,103.31963433915928,179.40106043187416
28370489,-8.18303,1.297949,-0.295527896308899,88.64967312558406,184.4670261489033
28354846,-3.326255,-0.519328,1.729770103691101,10.13373840414812,300.31812319798115
28354846,-3.326255,-0.519328,1.729770103691101,10.13373840414812,300.31812319798115
28359880,-7.101151,5.061482,1.200774103691101,3.327140266241031,20.40693030920241
28365552,-3.087249,0.114249,1.4783221036911012,29.90575893243576,249.7319320643608
28365552,-3.087249,0.114249,1.4783221036911012,29.90575893243576,249.7319320643608
28370493,-2.377929,0.912074,0.20302010369110102,151.45358292098035,180.95325356316965
28370493,-2.377929,0.912074,0.20302010369110102,151.45358292098035,180.95325356316965
28370494,0.03538,0.671318,-0.012042896308898987,372.3962200314445,187.81356792851125
28370494,0.03538,0.671318,-0.012042896308898987,372.3962200314445,187.81356792851125
28346896,-4.5821,-1.442112,0.015467103691101158,125.29154463427024,288.5049630376783
28370497,-7.920487,0.562957,1.663813103691101,12.41751589468666,208.8007401199453
28367117,-3.333022,-3.433846,0.7133431036911011,122.91709100154796,424.1242758795333
28370499,-6.925089,0.714858,0.35819010369110105,75.4207309364802,200.8855788040607
28370499,-6.925089,0.714858,0.35819010369110105,75.4207309364802,200.8855788040607
28370502,-4.837912,0.635866,0.7760971036911011,70.58916729703165,204.04430904648245
28370503,-7.21076,0.3622,1.652708103691101,13.705915969283808,216.8046075105349
28365592,-2.560495,-0.027822,0.4994431036911011,131.46340759021854,249.65513571162828
28370505,-0.257942,0.657218,-0.04763789630889881,322.48637151611246,192.28171581658057
28368254,-2.89923,-0.088889,0.7778691036911011,102.37447812679912,254.4600740117382
28368254,-2.89923,-0.088889,0.7778691036911011,102.37447812679912,254.4600740117382
28365616,-3.222939,-0.689745,1.587964103691101,28.91421756475563,310.8487318832666
28370511,-2.794292,0.549758,1.5494221036911011,13.670872085947336,215.5527879760821
28370512,-7.69868,0.440113,0.21736810369110104,77.37561529104337,209.37615974939945
28370515,-5.181622,0.445081,0.7157911036911011,72.56339651097454,212.5393993989335
28370515,-5.181622,0.445081,0.7157911036911011,72.56339651097454,212.5393993989335
28368260,0.35522,-0.038512,-0.394421896308899,430.2824486771596,288.7871281806726
28370519,-9.509377,-0.189952,1.748713103691101,14.466169468659244,230.2582198504844
28370519,-9.509377,-0.189952,1.748713103691101,14.466169468659244,230.2582198504844
28370523,-6.813125,0.192199,0.23120610369110106,83.96028291458575,218.06185142454547
28370523,-6.813125,0.192199,0.23120610369110106,83.96028291458575,218.06185142454547
28368267,-2.85298,-0.184061,1.176719103691101,68.47322216141879,270.1072099739655
28370525,-7.368728,0.028644,0.683859103691101,62.7012111037325,224.140743313676
28370525,-7.368728,0.028644,0.683859103691101,62.7012111037325,224.140743313676
28370527,-7.25529,-0.137128,1.701069103691101,14.719775032541293,235.67905863786157
28370531,-7.057455,-0.117851,0.8182281036911011,59.13499933279459,230.45955937901465
28370533,-6.858719,-0.311183,1.9180921036911012,2.6170808073578087,246.02774672167536
28370533,-6.858719,-0.311183,1.9180921036911012,2.6170808073578087,246.02774672167536
28370538,-6.194726,-0.211186,1.1297171036911011,48.14654044124149,239.24634334028607
28370539,-3.743789,0.183289,1.0521021036911011,65.34447878601844,232.9823249476017
28370544,-2.328364,0.400055,0.11198110369110115,162.4680023327778,217.2075429869856
28370544,-2.328364,0.400055,0.11198110369110115,162.4680023327778,217.2075429869856
28359952,-6.012199,1.768103,0.090517103691101,88.68250001342875,160.2132936011585
28359954,-4.342994,1.191515,0.7719821036911011,71.04119089159292,173.8461140354689
28368302,-0.878325,0.798722,-0.017895896308898873,250.2072894100129,180.09372483166754
28370549,-4.554355,-0.086208,1.462979103691101,30.56214539873403,247.2546893077656
28365684,-2.871242,0.195611,1.338514103691101,45.92872769455278,243.29478195297335
28365684,-2.871242,0.195611,1.338514103691101,45.92872769455278,243.29478195297335
28370553,-3.449299,0.122268,1.149623103691101,60.6797202014746,240.1583938220909
28370556,-3.71079,0.001448,1.580018103691101,19.749405649622982,252.0656104031291
28370556,-3.71079,0.001448,1.580018103691101,19.749405649622982,252.0656104031291
28370557,-1.214784,0.513266,1.2441201036911012,82.7459899047457,226.30926815382796
28368322,-6.002172,0.644259,-0.11795689630889883,103.123561203311,202.1531573897289
28368322,-6.002172,0.644259,-0.11795689630889883,103.123561203311,202.1531573897289
28370563,-5.014029,-0.349982,1.7545331036911012,9.91001340609452,260.89895409905245
28370564,-4.485523,-0.208907,1.549120103691101,24.90708978652921,255.91473095011517
28370565,-2.72397,0.185618,1.278135103691101,54.29436308129976,244.817509576638
28370565,-2.72397,0.185618,1.278135103691101,54.29436308129976,244.817509576638
28369326,-2.749309,-3.356083,0.014812103691101086,172.8323437679743,412.27949105904247
28370574,-2.453017,0.196324,1.2159151036911011,64.74259551640895,246.21453205255196
28360002,-6.808108,-0.292861,1.615928103691101,20.464003657899383,243.0603454719875
28353344,-4.264508,1.333395,1.237678103691101,34.81228141061487,162.78581979886084
28370580,-2.159643,0.243981,1.1995151036911011,70.83859159143992,245.53319254279228
28370580,-2.159643,0.243981,1.1995151036911011,70.83859159143992,245.53319254279228
28368347,-4.194271,-0.086988,0.07958610369110097,121.79659261435846,235.77855658063004
28365732,-2.758038,-0.195847,1.232599103691101,64.10738433015814,274.26573013801976
28318780,-2.782493,1.119079,-0.036732896308898866,152.7278262187891,170.44679627718918
28369343,-2.813931,-4.427999,-0.16534989630889885,182.8047268063438,446.7526727035752
28327124,-5.836332,1.257579,-0.006110896308898939,97.2408172104884,179.2816857185183
28363808,-4.450653,1.401519,0.836009103691101,63.91859095490625,162.67837313639282
28363822,-6.046848,0.570992,-0.1530628963088989,104.39125272177677,204.6848639730295
28370613,-2.835148,-0.092551,1.696370103691101,5.071949401734628,277.20795930816405
28370614,-2.896243,-0.030562,0.23003110369110114,140.3788952498527,242.75767929822436
28370614,-2.896243,-0.030562,0.23003110369110114,140.3788952498527,242.75767929822436
28365788,-3.391511,-2.896144,0.8273861036911011,111.50085388938614,401.8795731584721
28370623,-2.574756,-0.014097,0.4930031036911011,131.42819715285867,248.4471194091323
28370623,-2.574756,-0.014097,0.4930031036911011,131.42819715285867,248.4471194091323
28370628,-2.927922,-0.169632,0.8519801036911011,96.54282824434142,260.90450656562945
28363877,-2.317296,0.054623,0.0394141036911011,169.30776082727,239.83452497848617
28370635,-3.095035,-0.252384,0.42261310369110106,124.86541829781204,256.65657647454015
28344948,-3.0746,-1.03269,1.6491061036911012,27.3132585908281,343.49879614207777
28344954,-2.207174,-0.352217,0.005410103691101176,177.48318543422934,267.0307710550094
28344964,-2.681498,-1.958183,1.737511103691101,32.08214598850088,439.73405408882354
28365817,-2.165216,-2.245176,1.023133103691101,119.7829094281957,439.6554108106728
28368385,-2.863035,0.14349,1.3938951036911011,40.31604501047886,248.7226194916896
28368385,-2.863035,0.14349,1.3938951036911011,40.31604501047886,248.7226194916896
28361983,-4.322869,1.227438,1.352887103691101,25.90381413177332,169.36465184489214
28363923,-6.36593,0.627048,-0.1255618963088989,99.86821525117564,202.85954684527343
28356786,-1.926999,-2.302335,0.236721103691101,184.72571076328745,405.4189678291242
28370675,-7.993847,-2.95881,-0.632996896308899,114.73221094810138,292.6334630535336
28334106,-3.264982,-0.404054,1.723282103691101,8.873192613413067,293.02281091772386
28368406,-2.61476,-0.074222,1.057191103691101,82.86692855480825,263.0628454950566
28368407,-4.584281,-0.674707,0.28693310369110103,108.74923541552218,260.98778893810766
28362026,-4.442511,0.384618,0.8015101036911011,74.54756939399445,217.04497610865403
28360168,-2.946351,-1.333204,1.637051103691101,33.546640134961166,370.560437343079
28368411,-4.159186,-0.677433,0.08434110369110104,125.26481097242598,262.49970206374763
28368411,-4.159186,-0.677433,0.08434110369110104,125.26481097242598,262.49970206374763
28370678,-3.188641,-0.894104,1.603378103691101,30.208652787136685,327.2138160981557
28370681,-2.264061,0.947406,0.2723921036911011,150.21022453165926,177.28825428905188
28370681,-2.264061,0.947406,0.2723921036911011,150.21022453165926,177.28825428905188
28370683,-3.186795,1.015437,-0.2822098963088988,155.54108561472302,179.88002367540562
28370683,-3.186795,1.015437,-0.2822098963088988,155.54108561472302,179.88002367540562
28370687,-5.082443,1.162495,0.05344110369110111,103.5050088662917,180.3144694476697
28370687,-5.082443,1.162495,0.05344110369110111,103.5050088662917,180.3144694476697
28368429,-2.95455,-0.095146,1.711846103691101,3.613306266579485,275.08173984340664
28370692,-7.881273,1.374191,0.27175310369110117,70.03569256195755,181.12470110845047
28370692,-7.881273,1.374191,0.27175310369110117,70.03569256195755,181.12470110845047
28370703,-3.775793,0.684881,0.3732691036911011,108.11813679955485,199.90461059562705
28370704,-8.283863,1.394544,1.367280103691101,21.918914382633773,180.48129779313888
28370704,-8.283863,1.394544,1.367280103691101,21.918914382633773,180.48129779313888
28370707,-6.986555,0.818854,0.3455751036911011,75.02479529021241,197.402331150856
28370707,-6.986555,0.818854,0.3455751036911011,75.02479529021241,197.402331150856
28370709,-7.402378,0.831375,0.5643021036911011,63.4227126100642,197.59028181362376
28370709,-7.402378,0.831375,0.5643021036911011,63.4227126100642,197.59028181362376
28338871,-0.395141,0.682041,-0.013434896308898825,301.89176514917256,189.8945772470788
28349500,-5.843586,2.224117,1.547688103691101,1.7146594532345605,127.6766275196226
28349500,-5.843586,2.224117,1.547688103691101,1.7146594532345605,127.6766275196226
28370711,-7.314216,0.45218,-0.0704818963088989,90.48681930306878,208.52166689316016
28370711,-7.314216,0.45218,-0.0704818963088989,90.48681930306878,208.52166689316016
28370713,-7.226759,0.523048,0.2774231036911011,77.6641449787223,207.0954343840996
28370714,-7.612966,0.409976,0.265283103691101,76.23379066991083,210.445709071924
28370714,-7.612966,0.409976,0.265283103691101,76.23379066991083,210.445709071924
28370715,-7.063298,0.368019,0.16633910369110105,83.85992791548608,211.8674961055841
28370715,-7.063298,0.368019,0.16633910369110105,83.85992791548608,211.8674961055841
28368465,0.032232,-0.043496,-0.019072896308898857,364.723332826908,296.02313151510225
28337102,-3.844855,0.774281,1.600092103691101,7.168354465880327,197.07719384801672
28370723,-8.076281,0.643501,1.550565103691101,17.74716861168673,205.71031419977044
28370724,-6.142894,0.223192,0.5650921036911011,74.24875734239777,219.43695852014568
28370724,-6.142894,0.223192,0.5650921036911011,74.24875734239777,219.43695852014568
28353592,-2.526799,0.445455,0.019976103691101033,161.13646064685457,213.09142761285116
28367348,-1.00319,2.035672,-0.05559689630889886,238.3329501507371,41.89201962353113
28321563,-0.955836,1.831159,-0.021259896308899018,240.7542324992179,62.41577848084347
28370730,-6.264823,0.159609,0.6850581036911011,68.08763287431955,222.0951622321571
28370730,-6.264823,0.159609,0.6850581036911011,68.08763287431955,222.0951622321571
28370731,0.065172,0.650745,-0.013712896308898825,378.4008419150836,190.95303744509425
28370731,0.065172,0.650745,-0.013712896308898825,378.4008419150836,190.95303744509425
28370736,-7.175821,-0.070307,0.2632031036911011,81.3244468561274,225.9042200724498
28370744,-5.354115,0.354192,1.621483103691101,13.640843108240231,220.99641659862272
28370744,-5.354115,0.354192,1.621483103691101,13.640843108240231,220.99641659862272
28370745,-2.138184,0.145346,0.4298111036911011,148.866716046624,240.46917862228537
28370746,-1.25148,0.448288,1.268192103691101,78.1556283607047,236.9049248816524
28370749,-3.960143,-0.020065,0.5293991036911011,100.51809015909376,237.83457780254423
28370749,-3.960143,-0.020065,0.5293991036911011,100.51809015909376,237.83457780254423
28370750,-3.38572,0.043668,0.5764941036911011,106.60676536184324,238.64796122649
28370751,-0.226434,0.545346,1.3210901036911011,138.78129219252517,251.3450822561928
28370753,-3.157414,0.007777,0.4329841036911011,120.98993286783448,240.82851363094483
28370754,-3.336573,-0.062371,0.24311810369110098,129.24529934500902,241.31478895903345
28370755,-3.322912,0.141176,1.145384103691101,62.1178623496912,239.9180892581251
28370756,-2.96593,0.056353,0.800138103691101,97.92374984492834,244.21174209393303
28370756,-2.96593,0.056353,0.800138103691101,97.92374984492834,244.21174209393303
28370758,-7.236918,-0.176691,1.4750831036911012,27.176727159634765,235.72490017291287
28370764,-3.80163,-0.073768,1.010408103691101,70.42623106675256,247.4142755413069
28370766,-2.939847,0.144953,1.345980103691101,45.30136077777402,246.7255545897824
28370768,-5.0895,-0.118261,1.4662491036911012,29.688710990653878,244.7518990879909
28370772,-2.880978,-0.171698,0.604669103691101,116.7066796587562,257.1893004462797
28368541,-2.791022,-2.08954,1.7427131036911012,33.116199157019736,441.6013469459326
28362181,-4.509837,1.294539,1.1175171036911011,43.96570458792832,167.8260834301253
28370777,-3.20772,-0.323223,0.40152510369110106,124.17443865309428,259.1429228318785
28370777,-3.20772,-0.323223,0.40152510369110106,124.17443865309428,259.1429228318785
28316223,-3.896907,-1.33585,0.0029671036911009807,137.17961140726402,293.12857835042115
28369611,-5.253168,3.493487,0.22469910369110102,78.92717893553368,73.51036597488755
28368546,-3.679034,-3.186773,1.663675103691101,49.99896791948191,446.69832855894754
28340770,-6.060124,1.502747,0.04490510369110101,91.61443483515288,170.77565092898604
28370782,-3.347361,-0.428451,0.35385010369110104,124.78013494360547,262.6268926984394
28370782,-3.347361,-0.428451,0.35385010369110104,124.78013494360547,262.6268926984394
28370784,-3.031848,-0.235685,0.7816841036911011,100.7516181214194,262.5061572626775
28370784,-3.031848,-0.235685,0.7816841036911011,100.7516181214194,262.5061572626775
28368558,-1.710288,-2.141295,0.7503141036911011,157.94811959521144,443.0371746677456
28362210,-4.622854,0.607732,0.40906110369110105,94.2784150611324,204.3662415106909
28334979,-2.114209,-0.380855,-0.024672896308898906,182.9440313424749,269.7030242335548
28370794,-2.984746,0.010823,1.618395103691101,14.37560395749614,262.848404916946
28370794,-2.984746,0.010823,1.618395103691101,14.37560395749614,262.848404916946
28347544,-2.618917,0.585373,0.002814103691101133,158.4159461381752,203.93671708183183
28370797,-3.10905,-0.098557,1.5304691036911011,26.98328589396769,267.35447022261803
28370797,-3.10905,-0.098557,1.5304691036911011,26.98328589396769,267.35447022261803
28370800,-2.977578,-0.10862,1.502341103691101,30.76644109223349,269.94898249876354
28370800,-2.977578,-0.10862,1.502341103691101,30.76644109223349,269.94898249876354
28370801,-2.920563,-0.177399,1.3195891036911012,52.79571141847632,271.8394686187053
28347560,-2.484411,0.456292,-0.024651896308898857,165.1255490332244,212.2077349518829
28347562,-2.532432,0.409999,0.007311103691101106,161.9040091382946,215.28945535540717
28358666,-5.923381,0.774349,0.6998621036911011,65.82273532179929,198.44999756898136
28369701,-7.408907,1.431592,0.5117731036911011,62.49519107475578,177.60778963612336
28369702,0.176639,0.728603,0.003377103691101002,404.916497599176,175.71165138467572
28369702,0.176639,0.728603,0.003377103691101002,404.916497599176,175.71165138467572
28366218,-2.484914,0.049481,1.307251103691101,55.46047424773573,260.980236888024
28366218,-2.484914,0.049481,1.307251103691101,55.46047424773573,260.980236888024
28369712,-10.305166,1.032683,1.7033071036911012,10.329488877452292,195.18928373045017
28369719,-8.715697,1.229101,-0.23638989630889884,83.64412420459928,187.3255862336845
28367465,-4.702457,0.408989,0.880949103691101,66.91344965861751,215.69652987205936
28369726,0.103477,0.658619,-0.03278289630889897,387.02215067506165,189.27425999842512
28369730,-5.21566,0.917833,0.02665810369110111,104.4164177085604,190.9517984352445
28369733,-6.271899,0.778613,0.7994331036911011,58.64979312194265,198.746497677046
28369735,-0.431773,0.709409,-0.07711789630889898,300.436924286944,186.67670094739017
28369739,-0.021249,0.634395,-0.0014898963088989525,360.5242807391721,194.2755928519167
28369739,-0.021249,0.634395,-0.0014898963088989525,360.5242807391721,194.2755928519167
28370818,0.210847,0.537606,1.028805103691101,421.7274056137667,258.1704040078436
28369741,-7.577718,0.535228,0.36278410369110103,72.11518925496972,206.82076339575707
28370819,0.221795,0.529718,0.963816103691101,427.4472856575927,254.3934735214949
28367483,-6.767497,-0.350102,1.551698103691101,24.549088160278217,244.9594466969011
28367483,-6.767497,-0.350102,1.551698103691101,24.549088160278217,244.9594466969011
28369749,-6.738572,0.388652,0.7408241036911011,61.39679094603821,213.1659740635633
28369749,-6.738572,0.388652,0.7408241036911011,61.39679094603821,213.1659740635633
28369750,-0.122476,0.596588,-0.009182896308898902,342.1280705229115,200.49373771158685
28369750,-0.122476,0.596588,-0.009182896308898902,342.1280705229115,200.49373771158685
28369753,-5.998498,0.399326,0.48081610369110106,78.31163626877233,212.6724217236331
28369757,-7.294112,0.095153,1.147645103691101,41.73157761400526,224.15134510408592
28369757,-7.294112,0.095153,1.147645103691101,41.73157761400526,224.15134510408592
28367488,-2.903753,0.190749,1.296066103691101,50.49806348492311,242.60578376850123
28367488,-2.903753,0.190749,1.296066103691101,50.49806348492311,242.60578376850123
28362304,-3.403216,-0.352552,1.7265651036911012,8.1600280400325,285.8818271966888
28362304,-3.403216,-0.352552,1.7265651036911012,8.1600280400325,285.8818271966888
28362307,-4.328148,-0.917524,0.06861610369110105,124.40208010673864,270.9467531128959
28370830,0.280811,0.464184,0.6216381036911011,444.08489147512097,251.0156870030609
28330382,-3.816764,0.678212,1.573651103691101,11.267230172112562,203.8821959124048
28369768,-7.997395,-0.04835,-0.25285289630889896,93.6469796471745,221.67562448300916
28366325,-6.865288,-0.310691,1.712151103691101,15.055048323940213,244.21826435351056
28366325,-6.865288,-0.310691,1.712151103691101,15.055048323940213,244.21826435351056
28366331,-2.887671,-0.020629,1.2503851036911011,58.41827851365375,258.67121574691777
28369774,-2.555783,0.445413,0.008877103691101063,160.85534867533528,212.97711391651004
28367501,-5.287294,-0.215276,-0.033214896308898956,111.7850760536514,235.23795548874412
28366335,-2.691488,-0.016482,1.288781103691101,56.2937058950304,262.45930592233384
28366336,-2.702294,-0.016777,1.3683431036911011,46.90182566091815,264.2333854157363
28371412,-5.058361,1.606424,0.29748110369110103,89.00842679058564,159.79899566273167
28371413,-3.838377,1.202729,-0.5941198963088989,153.79362463235535,174.3481774692419
28371424,-8.047196,1.295068,0.5978901036911011,56.80141974961021,183.74878312056717
28371427,-0.263421,0.706258,0.006041103691101002,319.5206344226983,185.44134145674607
28371429,-8.054774,0.303465,-0.893663896308899,111.42580259624911,210.5868627662821
28371435,-6.668743,0.021793,-0.4981978963088989,112.85952225682654,221.03440716176237
28371436,-14.975442,0.689821,1.826803103691101,11.521520446645807,204.9224260237372
28371439,-4.294131,-0.074014,-0.8388948963088991,159.00341796984856,228.49315794675908
28371442,-8.238386,-0.449357,-1.0030568963088988,115.23798644919518,228.882358262342
28371443,-0.100901,0.595368,1.352560103691101,149.310304905056,238.2579651749097
28371448,-21.427757,-0.147134,1.934411103691101,14.461195464923208,216.0624049346404
28371452,-0.068007,0.602552,1.395021103691101,128.41424715191184,241.98073327296763
28371461,-4.382441,-0.004811,0.5428971036911011,93.75734908534594,234.8005104063195
28371465,-3.551117,0.050012,0.5558571036911011,104.9690505064026,236.9231264899969
28371467,-2.591913,0.30307,1.1452501036911011,69.27783109081349,234.0798396919157
28371469,-96.066154,-17.05983,-28.070579896308896,119.20990434109876,239.2098622285971
28371470,-7.370798,0.089885,1.685362103691101,14.039942487733953,226.7926465480072
28371472,-3.382395,-0.007888,0.46171110369110113,114.58652689241738,240.36725778661508
28371473,-5.135444,0.052747,1.179540103691101,47.73184760303357,233.4848872145732
28371474,-2.303856,0.272234,1.075335103691101,82.60378105580301,238.5780024254253
28371475,-3.227189,-0.033269,0.3660961036911011,124.01946576055484,241.89915871498192
28371476,-1.358867,0.426691,1.288753103691101,71.28525659234501,238.86666544947167
28371480,-3.506401,-0.004154,0.672111103691101,98.3456607852907,241.6319393491514
28371481,-3.131161,0.018031,0.7495851036911011,99.1146494388899,244.45689916038856
28371492,-3.016901,0.008566,1.287083103691101,52.90323106587775,255.25801545003168
28371493,-3.043518,-0.294897,0.5391271036911011,118.60729191028716,261.7177872132413
28371494,-3.209315,0.036059,1.533063103691101,24.516855810651435,255.26166772747536
28371498,-3.140989,-0.01725,1.4439631036911011,35.544166724747384,258.5716530627742
28371502,-7.281613,-0.652871,1.886603103691101,8.140264880818364,256.07529419042834
28371508,-3.374004,-0.013094,1.688389103691101,7.23454598223185,259.7886167372184
28371510,-3.148857,-0.03765,1.560160103691101,22.51432527881866,262.55505861818403
28371511,-1.663669,0.141639,1.2284541036911012,79.35926603728916,267.8332538934178
28371514,-2.979321,0.008281,1.6969891036911011,3.9018621767773993,265.1503091010036
28371515,-3.107759,-0.055654,1.6231011036911012,15.129179800318552,266.21011120531324
28371516,-3.346605,-0.364478,1.027329103691101,77.2846102982345,270.88295437739424
28371521,-3.054599,-0.047096,1.7032181036911012,4.465109077164186,268.57040943407395
28371528,-3.130778,-0.132845,1.6500411036911011,13.08571033192024,272.6881267428395
28371539,0.197148,-0.230671,-2.806964896308899,401.5713819757344,242.75169501392537
28371568,0.276467,0.390795,0.45217210369110106,433.3257508026959,259.2965366658363
28371575,0.283668,0.358229,0.43699910369110107,434.7499721293842,266.8767940207281
28371576,-8.866621,-3.712774,0.700839103691101,71.68413415983457,317.3109920604297
28371582,0.297674,0.319277,0.39649810369110106,437.7809734026785,274.1519820581087
28371586,-2.642164,-0.670411,1.5889961036911011,29.98018928501091,329.7951937507072
28371588,0.280135,0.252391,0.3611261036911011,428.5929129629254,285.6707895975028
28371604,-0.857963,-0.673702,0.00880610369110113,253.415343583464,326.3203369621475
28371635,-4.016742,-2.18665,1.8790231036911011,18.63319031693985,388.5812087355198
28371638,-6.565684,-4.154551,1.934998103691101,30.7582974328686,391.37425939377
28371883,-0.353937,0.873653,1.467373103691101,10.134810975885785,84.11530375115913
28371896,-8.046373,1.724883,1.701829103691101,2.424873952596073,167.26631658546546
28371904,-7.546137,1.389149,1.760049103691101,0.3683783593774308,177.6933198903588
28371911,-7.975537,1.34394,0.8387361036911011,46.711351219768176,181.8181463520624
28371915,-8.173615,1.240254,0.012335103691101024,78.48582237324737,185.9608080168161
28371917,-8.007528,1.18767,-0.09540289630889887,83.4804708161256,187.1994089359005
28371926,-5.967376,0.618021,0.7400291036911011,64.45663814555368,204.87105889204545
28371927,-5.265607,0.491032,1.3517841036911011,31.93185574140796,212.9254070937416
28371930,-7.974608,0.494726,-0.17387589630889888,89.14224564241141,206.89686222387536
28371932,-8.865429,0.002027,1.6286181036911012,18.30531536161084,225.64465184592143
28371939,-7.252801,0.187705,-0.19359489630889892,96.41930527708806,216.204315468654
28371942,-6.838562,-0.095471,1.812598103691101,7.310561213916145,236.66972484515617
28371943,-5.393785,0.19853,0.30479010369110104,93.26434103419058,220.77364259446412
28371963,-0.587888,-0.650133,-4.468792896308899,359.9928440049945,241.53100738400843
28371973,-4.248293,0.002987,0.16460910369110104,116.14230698394856,232.0690563464319
28371981,0.221633,-0.296856,-2.0110658963088985,402.7802259304831,259.3921931053144
28371987,-4.468939,-0.169099,0.6341611036911011,88.51900903487632,242.97598532944795
28371990,-2.524699,0.22666,0.8021731036911011,105.61140028898846,235.98466974187923
28371991,-2.260968,0.283095,0.617035103691101,128.5209554242458,231.2103753885963
28371994,-0.161046,0.711323,1.321132103691101,144.62327461045487,168.06369467704064
28371995,-0.132556,0.717158,1.3290821036911011,147.18350321877278,161.78833521481852
28371998,0.199506,0.59549,0.9111861036911011,413.4720848732616,216.7254816922536
28371999,-2.769866,0.063469,1.616778103691101,13.144235746378712,262.22848342421355
28372000,-2.790054,0.064696,1.584101103691101,17.678204094467247,260.894877598838
28372003,0.174876,0.52178,0.6736191036911011,397.93860416144094,231.74539705932432
28372009,0.254172,0.538256,0.8071901036911011,442.2250280434879,237.1197959602514
28372015,-2.271931,0.22026,0.7061141036911011,121.04138177757991,237.41905002485888
28372018,0.19717,0.585812,0.913192103691101,411.5240182050717,221.26631954007684
28372019,-2.083792,0.254232,0.8292931036911011,114.771401132881,238.41689508424227
28372029,-2.843094,-0.032933,1.543174103691101,24.779462556509145,267.3805462997002
28372030,-2.85605,-0.030775,1.5090761036911011,29.050233429958865,266.05473114141614
28372031,-2.499027,0.12262,0.5921391036911011,124.91680440922248,241.05476999723527
28372037,0.241714,0.536615,0.8564121036911011,436.7724454096431,241.1763328883365
28372038,-2.807709,-0.050838,1.498423103691101,30.85181408753334,268.44017878285337
28372046,-2.59514,0.018837,0.6427851036911011,119.2110304663606,248.3201862772964
28372051,-2.839103,-0.112875,1.274543103691101,57.58642562977457,267.2416741767319
28372054,-2.72529,-0.096876,1.2279281036911012,63.72945172047616,266.93552217019794
28372057,0.194023,0.505071,0.8034051036911011,405.8957810764194,246.60427612886545
28372059,-2.726079,-0.11195,1.2613781036911011,60.28368842517816,268.9670485184535
28372062,-5.03096,-0.830763,0.9622581036911011,68.5173866365383,272.15924469326046
28372063,-3.224798,-0.266677,0.6377881036911011,107.83154598750204,259.420283251334
28372066,0.055477,0.403346,0.517301103691101,358.7699671422059,250.4536448260021
28372069,0.248573,0.480911,0.8230421036911011,436.7242864602071,261.6972580771245
28372072,-2.170452,0.022766,1.160097103691101,78.88599747266684,265.8094448412025
28372073,-3.406304,-0.369918,0.48070810369110106,115.43807695185652,260.7143934386579
28372075,-4.234983,-0.678141,1.094233103691101,65.49562318474224,276.91800643830595
28372080,0.251889,0.471695,0.8306981036911011,438.7756572289988,266.66194527261564
28372086,0.260243,0.464981,0.842028103691101,444.5759503042789,271.7556801916975
28372090,0.243463,0.45202,0.8369041036911011,432.7891051378259,274.61740498442293
28372093,0.215025,0.505018,0.9340081036911011,420.1447250799192,261.851483450456
28318973,-5.386624,-2.347121,0.16019210369110115,112.3459636262192,313.0005651001597
28362320,-3.655942,-2.150919,0.34746110369110106,129.09253322404186,341.64491744132465
28357057,-6.472709,5.215643,-0.028954896308899025,71.53450994122429,27.64332389243512
28362322,-4.158195,-2.601197,0.18899110369110117,129.94903936950504,344.6845233641029
28362325,-5.57197,-3.533415,1.0000551036911012,79.35100357999255,368.4304392478288
28338040,-3.37223,-2.990531,0.0037121036911009764,155.76727910107536,374.9598280249582
28343224,-7.56311,4.804287,0.07065510369110117,62.88365274808095,64.19273771945583
28360486,-4.769523,2.668874,0.28854810369110107,85.79637078998707,104.71362806821926
28362331,-3.695385,-2.530702,0.2930981036911011,133.09799045822842,355.7438415995564
28362338,-3.983648,-3.194629,0.17345210369110098,136.5247380091909,371.6727691395581
28343235,-3.08871,2.974067,0.13397010369110118,121.05936668467427,46.1980638129921
28340935,-1.000814,1.862414,0.021903103691101045,233.63808679444068,58.79083200682638
28345414,-7.720769,1.495443,1.7534861036911011,0.4166143555395933,174.28516409738876
28357074,-0.538453,1.21005,-0.015547896308898856,284.6256399922188,122.5353353482234
28364419,-2.366968,0.083632,-0.057321896308898834,173.02929404845622,236.38969226620665
28364419,-2.366968,0.083632,-0.057321896308898834,173.02929404845622,236.38969226620665
28360489,-6.106829,3.183855,0.14995110369110098,77.36934681473059,103.65353698191136
28340946,-5.772664,0.746469,-0.05463689630889901,102.4735755412708,198.38624496791775
28362349,-2.968744,-2.891181,0.44809810369110104,142.76161019689846,401.3408544983339
28362353,-3.576792,-3.349686,1.065981103691101,96.57532663446013,426.879185357558
28362356,-3.498678,-3.54882,0.49786210369110107,132.00786663561104,412.9200873106414
28338052,-3.509248,-3.355674,0.07826010369110104,150.95702463200013,388.4350949212135
28362358,-1.565317,-1.817976,-0.07659889630889882,216.2027537013729,376.0499027490961
28343271,-4.383178,2.758474,0.20241410369110113,94.98378248986184,94.12720279366442
28364442,-3.372832,-0.269909,1.713970103691101,8.243565155353537,280.01397401705907
28362367,-1.514821,-1.922472,-0.07503589630889884,219.02829911744428,384.9903017158355
28362372,-3.179537,-3.711164,0.4117691036911011,144.09979493087474,428.65356888808833
28364451,-2.269314,-0.15007,0.02412510369110099,173.04554220752175,253.47444221845035
28364451,-2.269314,-0.15007,0.02412510369110099,173.04554220752175,253.47444221845035
28364453,-2.233358,-0.169703,-0.04000489630889881,178.19169173241852,254.12051216439772
28364453,-2.233358,-0.169703,-0.04000489630889881,178.19169173241852,254.12051216439772
28362391,-1.392843,-2.294562,-0.09211689630889897,227.41016839788028,413.3866085500629
28358798,-4.283284,1.167705,0.992178103691101,56.02336271506971,174.1264459621047
28345481,-2.633375,0.644056,0.013833103691101023,156.9734740350912,200.2184984743085
28360521,-8.53647,2.804163,-0.04444889630889892,71.870991806283,141.89890476765376
28367566,-2.206078,-0.303604,0.020610103691101056,176.3970365185839,264.20121151166256
28367566,-2.206078,-0.303604,0.020610103691101056,176.3970365185839,264.20121151166256
28364490,-0.403346,0.703999,-0.004341896308898807,300.39767245395274,187.0547106303827
28367569,-4.398984,-1.203217,0.16014610369110116,120.42055422064622,283.4130178946248
28367569,-4.398984,-1.203217,0.16014610369110116,120.42055422064622,283.4130178946248
28364500,-5.530136,0.092682,0.02504110369110113,104.92097152898016,223.1981292820708
28367574,-6.168871,1.626653,-0.05779789630889898,94.3667325859528,166.9505049865165
28367574,-6.168871,1.626653,-0.05779789630889898,94.3667325859528,166.9505049865165
28360530,-6.169626,1.758466,-0.037203896308898976,92.84611937665474,161.9941773421281
28366401,-5.355035,-3.007404,1.1298031036911012,71.36018791059459,357.97227630531575
28364507,-2.383404,0.194103,-0.03978289630889886,170.8753930629523,229.3935624662323
28364507,-2.383404,0.194103,-0.03978289630889886,170.8753930629523,229.3935624662323
28360533,-4.523365,1.370245,0.6621101036911011,75.08597168360112,165.80343934527662
28360533,-4.523365,1.370245,0.6621101036911011,75.08597168360112,165.80343934527662
28367579,-2.572547,0.879961,0.09745610369110103,152.3113410233875,184.49936710556284
28337261,-4.686388,0.682446,0.03063310369110117,112.44330779352408,200.1670408651665
28368755,-3.820353,3.906488,0.1319511036911012,99.48558548135767,9.67537774833022
28367584,-5.659103,1.23759,0.11316010369110119,93.8466307616816,179.2598687861135
28367584,-5.659103,1.23759,0.11316010369110119,93.8466307616816,179.2598687861135
28370893,-0.665424,-0.836851,-0.014198896308898812,271.5201804279441,348.9280674780642
28368758,-4.112797,4.065551,-0.0611618963088989,105.8417282315002,17.880489340899288
28369834,-2.756556,-0.06378,0.048078103691101104,155.23213166917552,243.6395639096982
28357168,-4.385427,1.284313,0.8643991036911011,63.48083249280887,168.60682956994313
28357168,-4.385427,1.284313,0.8643991036911011,63.48083249280887,168.60682956994313
28367587,-0.451655,0.79862,-0.005964896308898959,294.4355151944134,175.11006129739212
28367587,-0.451655,0.79862,-0.005964896308898959,294.4355151944134,175.11006129739212
28337267,-2.89667,1.268007,-0.06833789630889897,150.43449835814195,162.14567917752325
28357172,-4.27348,1.25394,1.2166621036911012,37.4143272531455,167.9515520456156
28357172,-4.27348,1.25394,1.2166621036911012,37.4143272531455,167.9515520456156
28369838,-2.401135,-0.015727,-0.01910289630889883,170.15442594181076,242.8918210011164
28369838,-2.401135,-0.015727,-0.01910289630889883,170.15442594181076,242.8918210011164
28368763,-12.639009,9.087961,-0.32915589630889897,43.07431362100647,21.87621762195764
28368764,-5.856284,4.795601,0.22277510369110098,65.51475298642683,24.61849519678978
28367591,-2.602346,0.692875,-0.04302489630889883,161.0419953508458,196.90948584682656
28367592,-2.527478,0.680109,0.0765751036911011,156.29142990419945,197.84860284292284
28335079,-3.568891,-3.400476,0.0741001036911011,150.05429691467572,388.2764052589437
28370905,-3.059811,-2.895566,0.35913910369110114,145.39424254007227,394.2223257128571
28370907,-2.839398,-2.831821,0.31107110369110114,153.2112868841117,397.44360546292114
28335085,-1.916375,-0.998987,0.013912103691101185,191.79573884253836,315.0879295577413
28368773,0.183706,1.40863,-0.005615896308899027,419.1492231912968,37.84578439382207
28364577,-6.103376,-1.58399,0.08556110369110104,104.00148807778764,278.4866808208586
28364577,-6.103376,-1.58399,0.08556110369110104,104.00148807778764,278.4866808208586
28357201,-1.396938,0.505778,-0.015874896308898823,213.30813545164816,210.34885334410905
28357201,-1.396938,0.505778,-0.015874896308898823,213.30813545164816,210.34885334410905
28366446,-1.993333,-2.394716,0.6175441036911011,158.4827125002459,431.10561197613504
28364594,-4.309956,-2.160721,0.06691710369110115,130.76104273045488,321.54949620908326
28337280,-1.090855,1.852657,-0.0031098963088989073,228.0188233331596,66.37045653571292
28364599,-0.739737,-0.4832,-0.006651896308898841,264.0602268884623,312.92312011288186
28357208,-2.60464,0.531191,0.0010901036911010742,159.27347296610697,207.3933343821704
28345579,-2.512796,0.589191,-0.012982896308898928,162.7581235055349,203.5990159349
28368777,0.093553,1.423389,-0.009460896308898903,395.4368237922541,45.238319382538805
28370914,-2.601928,-2.794968,0.31412910369110103,159.49927697988477,405.3960091378221
28364605,-3.930138,-2.612948,0.03583710369110116,140.97932214999497,346.2372946162082
28370916,-0.616922,-1.280198,0.011593103691101003,274.908008824068,393.54613645698447
28366450,-2.077572,-2.506351,0.655038103691101,153.5682534097633,435.48645417352384
28352407,-1.514392,1.416677,-0.018582896308898977,202.29062127693712,128.86670316865656
28368784,-9.567009,6.130053,0.023275103691100973,50.560214969175405,52.45636891065422
28368785,-0.072411,1.435592,0.019936103691100993,357.32904617898475,56.46022186379392
28370921,-2.688332,-2.035229,1.711331103691101,36.5056253601752,442.6759782604479
28368786,-3.694995,3.170498,0.04541010369110099,112.73571281264968,56.15092504950087
28301344,-2.281701,-2.531876,0.06445510369110119,181.73433176702272,393.3843761667574
28369871,-0.356797,0.128567,-0.044976896308899006,307.09185284452394,259.0825153897468
28369871,-0.356797,0.128567,-0.044976896308899006,307.09185284452394,259.0825153897468
28368788,-0.129808,1.46177,-0.03801389630889895,348.16776589532304,61.34204841135241
28369875,-3.936084,-0.758182,0.1582711036911011,125.96686197324608,269.413003985429
28369875,-3.936084,-0.758182,0.1582711036911011,125.96686197324608,269.413003985429
28367612,-2.391376,0.258456,0.052414103691101,164.7881388369708,226.03468233481317
28367612,-2.391376,0.258456,0.052414103691101,164.7881388369708,226.03468233481317
28345617,-4.808959,-0.986406,0.07199010369110104,117.27309138055294,269.0346012725139
28345617,-4.808959,-0.986406,0.07199010369110104,117.27309138055294,269.0346012725139
28368792,-3.890606,2.663331,1.285283103691101,14.2521118993634,59.49091721174446
28369880,-4.472773,-1.029593,0.08558010369110103,121.86366071857272,274.30899811671844
28369880,-4.472773,-1.029593,0.08558010369110103,121.86366071857272,274.30899811671844
28352415,-6.54655,3.237212,1.243033103691101,14.930539317410904,92.88245806612798
28352416,-6.816119,3.316175,0.8443241036911011,37.47832250505149,99.44222261371512
28368796,-5.270208,3.583686,0.22891210369110104,77.93688431843805,69.3203726421726
28367617,-6.051723,0.1239,0.37216210369110103,84.37375054806478,222.4495391009323
28367620,-4.882095,0.082476,0.18786710369110105,105.44187067816344,226.29832316021395
28367620,-4.882095,0.082476,0.18786710369110105,105.44187067816344,226.29832316021395
28369887,-4.4691,-1.133285,0.07243710369110112,123.03501516197656,278.3998252149229
28369887,-4.4691,-1.133285,0.07243710369110112,123.03501516197656,278.3998252149229
28368799,-3.596817,2.887024,0.028396103691101127,117.65247277229116,71.70747827528191
28369891,-6.910286,-2.343772,-0.16183589630889883,108.07628604120292,291.0526920086474
28368803,-4.4343,2.994044,0.5805821036911011,68.30013983070364,73.85154009145867
28368805,-3.547345,2.77858,0.03663710369110107,118.87095176714278,77.0231648304138
28367633,-0.249626,0.502808,-0.01060289630889888,321.47576409269766,213.7216056729453
28367633,-0.249626,0.502808,-0.01060289630889888,321.47576409269766,213.7216056729453
28369894,-2.267025,-0.549206,-0.07431889630889899,180.66903499742813,276.8054337035683
28358926,-4.081201,-2.226449,0.11640710369110119,132.80391334728182,329.5515907519377
28358928,-1.882305,-1.007562,0.028024103691101088,192.510937029003,317.07547725249634
28358929,-5.719045,-3.241141,0.858614103691101,83.14539183624541,351.76179601753984
28369901,-5.824773,-2.122658,0.06072210369110098,110.22869261177031,298.3816845004544
28358950,-3.023748,-2.842587,0.08896610369110114,159.65234618531684,382.31680667349485
28358951,-5.051778,-4.800754,0.015213103691101182,132.47170348952648,395.2514248084553
28358953,-4.051696,-3.716061,0.7318971036911011,111.1229630760558,409.4828738100359
28369907,-4.844798,1.40024,0.5588911036911011,78.01852970578113,166.930975297609
28369907,-4.844798,1.40024,0.5588911036911011,78.01852970578113,166.930975297609
28360681,-4.315578,1.234063,0.9090531036911011,61.30499697694839,170.79028882936873
28360681,-4.315578,1.234063,0.9090531036911011,61.30499697694839,170.79028882936873
28360684,-4.24557,1.232641,1.445367103691101,17.4646878664052,167.94139919822362
28369910,-4.350419,1.249596,0.9539111036911011,57.62384448365091,169.9617982052792
28369910,-4.350419,1.249596,0.9539111036911011,57.62384448365091,169.9617982052792
28368826,0.12472,1.091364,-0.003178896308899004,397.9184142408817,109.0793604883922
28368826,0.12472,1.091364,-0.003178896308899004,397.9184142408817,109.0793604883922
28338144,-2.503295,-2.582509,0.003530103691101072,177.58616371359372,384.6930720424359
28369920,-7.926709,1.518531,0.975444103691101,39.8064202465836,175.7020669802544
28369920,-7.926709,1.518531,0.975444103691101,39.8064202465836,175.7020669802544
28258384,-1.058802,1.819584,-0.009347896308898873,231.18704925339063,68.90773916081375
28368831,-3.264519,2.143744,0.03375310369110118,129.44110854452836,110.86467819323892
28327534,-3.303265,-0.390337,1.7203951036911012,9.137355469274382,290.91747008163105
28369928,-6.650084,0.737024,0.08847710369110118,88.39168702877498,199.59455369307267
28335138,-1.808259,-1.1205,-0.031895896308898886,199.63507136820184,324.4857565271373
28367676,-3.085151,0.062845,1.293436103691101,50.94375257651291,250.3573271261643
28367676,-3.085151,0.062845,1.293436103691101,50.94375257651291,250.3573271261643
28355674,-0.505483,1.373726,-0.00679289630889901,288.3055645250356,97.93182802877313
28338170,-2.349992,-2.542629,0.07245510369110097,179.0241768513233,391.5512062044864
28335152,-2.816322,-2.980173,0.06078310369110107,167.18101647649502,394.6457179327607
28369951,-6.513036,0.026895,0.5035851036911011,75.50629553201571,225.42543361717708
28369951,-6.513036,0.026895,0.5035851036911011,75.50629553201571,225.42543361717708
28335164,-2.5362,-2.625041,0.07492810369110114,173.20103471719707,388.6122229736904
28368860,-3.161023,1.77475,-0.09339889630889897,141.87378422529525,134.09183687344202
28369968,-2.931105,-0.047917,-0.018583896308898895,153.920854579184,240.5727342091625
28369972,-2.32858,0.005069,0.02217110369110098,170.1959759101665,242.7509925023845
28369972,-2.32858,0.005069,0.02217110369110098,170.1959759101665,242.7509925023845
28362636,-3.624005,2.750671,-0.1131678963088989,126.4739259164004,84.14266896260199
28362637,-0.262078,0.907406,-0.015964896308898968,321.55936920339497,156.4954026042046
28362637,-0.262078,0.907406,-0.015964896308898968,321.55936920339497,156.4954026042046
28368863,0.143794,0.907875,0.0027121036911010865,399.6932320653261,143.15451754086905
28369974,-2.98289,-0.047382,0.19589110369110108,140.29844524251416,242.62801356099592
28368865,-6.993999,2.25297,0.6826091036911011,52.02385311466821,145.43466342105367
28368865,-6.993999,2.25297,0.6826091036911011,52.02385311466821,145.43466342105367
28367708,-2.177182,-0.377967,0.019698103691101032,177.9247839774803,269.43896353267235
28367708,-2.177182,-0.377967,0.019698103691101032,177.9247839774803,269.43896353267235
28368868,-6.525059,2.009824,1.2129591036911012,26.589210326340776,148.17759329376395
28355709,-7.357722,4.137417,1.248346103691101,8.473693180678623,67.2685195132872
28355716,-4.711372,2.717417,1.087018103691101,31.431849387649947,86.05685882451093
28368873,0.320454,0.797281,-0.0031898963088989873,445.82982432496976,158.66475514939833
28350091,-0.860088,1.837425,-0.01975989630889896,249.4690175747553,55.772067378518784
28333502,-6.019386,1.844892,0.09700110369110115,87.923954544315,157.244099601801
28367719,-3.366678,-0.486305,1.6077111036911012,23.624245441482916,293.01607531825266
28362666,-8.24428,3.380108,1.1539601036911011,19.696127755183426,111.93292625710438
28367722,-4.147785,-1.267455,0.34472410369110107,115.66638599557923,292.6766452786887
28364826,-0.66198,1.729454,-0.03200489630889902,271.10077830085794,58.27008623267884
28360816,-6.397876,-1.39191,0.03411810369110113,102.23609106637424,269.4269907607821
28360816,-6.397876,-1.39191,0.03411810369110113,102.23609106637424,269.4269907607821
28370011,-0.531019,0.224852,-0.011914896308898859,284.84551101264253,245.24334894049724
28370011,-0.531019,0.224852,-0.011914896308898859,284.84551101264253,245.24334894049724
28368887,-5.225492,1.585456,0.3608871036911011,84.06961578499971,161.62455983317585
28368887,-5.225492,1.585456,0.3608871036911011,84.06961578499971,161.62455983317585
28362683,-4.348984,1.321933,0.9145701036911011,59.85467569865551,165.9620100331381
28362683,-4.348984,1.321933,0.9145701036911011,59.85467569865551,165.9620100331381
28367728,-4.175046,-1.416293,0.32185910369110105,117.2230369101373,298.3522816150057
28353996,-0.239097,1.429914,-0.013890896308898837,327.6477804719543,73.50451528419714
28335190,-2.316753,-2.546066,0.06722210369110115,180.44020523378703,392.8266703624695
28239043,-3.773201,-1.416539,0.03842410369110105,138.32220024122827,299.2083496504227
28368894,-0.876016,0.994753,-0.027825896308898868,250.58301016975847,158.4619444177223
28364850,-4.388441,2.969743,0.515177103691101,73.44905751328128,75.6754468338986
28367734,-1.935995,-0.819302,-0.03561189630889894,192.92467325503875,301.4166558978224
28364853,-4.407315,2.982597,0.21268510369110105,92.49709010288086,82.01983308978618
28368896,-4.587656,1.333773,0.558817103691101,81.12554934866102,168.57921161074754
28355759,-4.248557,1.288196,1.507128103691101,10.897315731711387,163.91948687375006
28355759,-4.248557,1.288196,1.507128103691101,10.897315731711387,163.91948687375006
28362714,-4.564662,0.508367,0.4069551036911011,95.7510549265944,209.052162151896
28362714,-4.564662,0.508367,0.4069551036911011,95.7510549265944,209.052162151896
28354008,-0.558857,1.477948,-0.0063638963088989975,281.6886792962575,85.90975427587617
28362724,-2.504689,0.334634,-0.077492896308899,168.13927688901492,219.58314357250285
28362724,-2.504689,0.334634,-0.077492896308899,168.13927688901492,219.58314357250285
28370040,-6.270944,-1.466266,0.05545710369110113,102.97638596039096,272.97412995271185
28364877,-0.537143,0.864619,-0.009632896308898964,284.29279174990256,167.8865670789654
28364877,-0.537143,0.864619,-0.009632896308898964,284.29279174990256,167.8865670789654
28370042,-3.017266,-0.152097,1.458467103691101,36.389326715702055,271.5067201998114
28370042,-3.017266,-0.152097,1.458467103691101,36.389326715702055,271.5067201998114
28354019,-6.619324,5.437459,-0.05292689630889891,70.40544049623554,22.28976318523937
28368901,0.080776,0.73791,-0.027383896308898814,383.0196277558078,176.07721101371465
28368901,0.080776,0.73791,-0.027383896308898814,383.0196277558078,176.07721101371465
28370049,-4.488376,-1.123508,0.06713610369110112,122.9264216344421,277.7108436105776
28370049,-4.488376,-1.123508,0.06713610369110112,122.9264216344421,277.7108436105776
28364885,-4.454261,1.375307,1.169170103691101,39.36289674987296,162.34792902298932
28364885,-4.454261,1.375307,1.169170103691101,39.36289674987296,162.34792902298932
28360858,-3.629313,-3.411614,1.2003871036911011,87.41689053135082,434.2492106181068
28301459,-1.847913,-1.163565,0.007709103691101005,195.85442775511248,327.49190101310904
28370052,-0.24222,0.11653,0.016812103691101088,319.8045538930905,265.8044445831619
28370052,-0.24222,0.11653,0.016812103691101088,319.8045538930905,265.8044445831619
28354032,-6.084374,4.285889,-0.01634789630889899,79.21786066516765,58.909382727493664
28252736,-3.623334,-1.741478,0.01189410369110111,144.20816050059366,315.5752390803566
28354038,-8.111771,5.076039,0.719267103691101,30.189328793424693,53.04005472454409
28324442,-3.101331,-0.839115,1.7668711036911011,10.0418585370777,333.3967743055953
28345966,-6.364561,5.222965,0.11841310369110114,64.94466150335063,21.046663142208587
28370062,-4.158001,-1.427904,0.4559991036911011,110.6287150549046,301.770566754415
28370064,-4.015972,-1.450906,0.3852921036911011,116.75094668743192,303.73240662967896
28351560,-0.586595,1.766105,-0.016278896308898894,278.9332539741333,46.66058227009992
28367750,-5.977882,-3.406391,0.006684103691101173,115.77384643030096,335.1223349805832
28367753,-3.815401,-2.261469,0.19064410369110107,134.40644729903138,338.4427189737077
28364901,-6.192647,0.848476,0.28914110369110113,83.08759166485333,195.42657000447292
28364901,-6.192647,0.848476,0.28914110369110113,83.08759166485333,195.42657000447292
28354049,-1.048999,1.289386,-0.02237089630889888,234.7945032669836,129.69599164847472
28362778,-2.309876,0.11508,0.05816110369110117,168.1119516427118,236.1245707655201
28362778,-2.309876,0.11508,0.05816110369110117,168.1119516427118,236.1245707655201
28364914,-5.281381,0.153611,0.02275410369110098,107.6571215591878,221.45235029703096
28364914,-5.281381,0.153611,0.02275410369110098,107.6571215591878,221.45235029703096
28327632,-0.928101,1.95115,-0.01142389630889884,242.1807760764238,44.91867243146362
28333544,-5.331083,1.703863,0.03208010369110115,98.64692297254996,158.69739553053392
28364920,-2.471316,0.308384,-0.06475189630889888,168.6762760195162,221.4545037216322
28360891,-2.599112,-3.549918,0.1102651036911011,173.56778904200644,431.857083439749
28362795,-2.331981,-0.080387,-0.07764489630889893,176.24451580101072,246.81293994137152
28362795,-2.331981,-0.080387,-0.07764489630889893,176.24451580101072,246.81293994137152
28364921,-4.53038,0.111917,0.3823641036911011,99.9971046577106,227.45075289770907
28364928,-6.778073,-0.364351,1.709037103691101,15.580505521431007,246.7834327327828
28364928,-6.778073,-0.364351,1.709037103691101,15.580505521431007,246.7834327327828
28360914,-1.267981,-2.423164,-0.05603389630889888,232.9379624628951,430.97996958407634
28350165,-7.311539,2.171545,1.592100103691101,3.4875417581411625,145.55928328756852
28368927,-13.145256,0.892243,-1.0932318963088987,85.22656472266021,198.3490037238056
28367766,0.206397,-0.11219,-0.005622896308898895,399.02562877586206,316.82487436817524
28357482,-2.9254,-1.293414,1.796881103691101,13.361395708317415,378.15461171747154
28362818,-4.22615,-0.597082,-0.020357896308898837,128.67120121218733,257.15076670890767
28362818,-4.22615,-0.597082,-0.020357896308898837,128.67120121218733,257.15076670890767
28350169,-7.34791,2.082767,0.23334310369110112,71.13785977814527,156.12269207834515
28350169,-7.34791,2.082767,0.23334310369110112,71.13785977814527,156.12269207834515
28367770,0.221607,-0.119548,0.008106103691100985,402.3164630148243,320.0806276116219
28368935,-6.079617,0.501021,-0.14413789630889884,104.00954663470466,207.14747542381085
28368937,-5.219972,0.437625,0.7060151036911011,72.84305706046337,212.78694484618825
28362838,-4.444228,-0.937355,0.03616610369110118,124.12247767863865,270.1516875918683
28350183,-4.264874,1.394131,1.559328103691101,4.439736523129199,156.52552113577843
28357502,-0.135494,-0.201059,-0.006296896308898958,335.0742690517198,309.29876319980747
28214337,-1.730705,2.061253,-0.015415896308898835,186.6505954230112,74.59103643940202
28368942,-2.574255,0.593304,0.03446410369110109,157.88947947267116,203.52056860662947
28368948,-1.011159,0.566286,-0.016270896308898886,239.68123948372192,205.01512041613344
28368948,-1.011159,0.566286,-0.016270896308898886,239.68123948372192,205.01512041613344
28368956,-6.40838,-0.299399,1.713614103691101,14.452578230238686,246.48777146792435
28359216,-0.451649,1.558413,-0.009991896308898962,295.79447879867666,67.65616397525051
28327670,-3.124265,-0.826687,1.764809103691101,10.170408479697445,331.4651114942141
28364976,-3.467721,-0.369594,1.585806103691101,24.272766995491253,281.8819162373832
28364976,-3.467721,-0.369594,1.585806103691101,24.272766995491253,281.8819162373832
28370155,-3.947975,-2.366968,2.069336103691101,2.213349782241238,411.838220667102
28359227,-4.042912,3.983207,0.04624310369110107,100.91537045073623,16.63786365889149
28350218,-1.716378,0.560963,-0.010692896308899025,195.1707643065868,205.50612322541733
28350218,-1.716378,0.560963,-0.010692896308899025,195.1707643065868,205.50612322541733
28370162,0.179058,-0.483107,-0.0039728963088989655,388.24844593235554,368.2487146540087
28354131,-4.208986,1.320334,1.603068103691101,0.7607284384085347,160.66851698156196
28354131,-4.208986,1.320334,1.603068103691101,0.7607284384085347,160.66851698156196
28367804,-3.173414,-3.212113,0.49246810369110106,137.32013950475584,410.3195659487526
28354132,-4.218628,1.309114,1.4521361036911011,15.85308376273312,162.57321839423872
28354132,-4.218628,1.309114,1.4521361036911011,15.85308376273312,162.57321839423872
28364989,-4.684365,-1.066222,0.09674610369110104,118.34432188255482,273.7221273338758
28364989,-4.684365,-1.066222,0.09674610369110104,118.34432188255482,273.7221273338758
28350222,-2.544313,0.469301,0.015222103691101108,160.71570754416135,211.49404178194035
28366679,-4.02868,3.963024,0.06265210369110119,100.2452794611676,16.787462104772118
28368969,-6.065784,-0.179746,0.27974510369110106,89.88034283159297,232.89691431532756
28367811,-3.776597,-3.894213,0.8245691036911011,111.53345815535783,430.9992203011879
28370172,-1.836082,-2.307848,0.10005810369110102,196.17324949995648,402.598539272735
28362904,-2.405998,0.201995,-0.056360896308898845,170.99576046421808,228.59988240983813
28362904,-2.405998,0.201995,-0.056360896308898845,170.99576046421808,228.59988240983813
28371102,-0.39811,1.710327,-0.021644896308898876,304.3031875592943,40.63778804126349
28368974,-4.382716,0.021319,0.4110931036911011,100.98851967093658,232.48961980277767
28368974,-4.382716,0.021319,0.4110931036911011,100.98851967093658,232.48961980277767
28367814,-2.75395,-3.047719,0.6895801036911011,134.79793211663258,430.8288428353322
28370176,-2.563305,-2.648578,0.712573103691101,135.60176057957145,420.35330674916736
28366689,-3.882472,3.703574,0.06969310369110104,104.06010426025136,27.65426330184945
28362912,-2.381113,0.144912,-0.0446488963088989,171.49111535490755,232.51786508823048
28362912,-2.381113,0.144912,-0.0446488963088989,171.49111535490755,232.51786508823048
28370177,-2.515174,-2.647307,0.655223103691101,140.723823843586,419.44416101738136
28370182,-4.355959,-3.833388,1.6117221036911011,55.63815015476592,441.2879212577434
28365007,-7.287665,1.460862,1.378330103691101,20.96862844196403,174.60497212382495
28367818,-3.150792,-3.20709,1.135494103691101,97.54579829232772,444.3659604620764
28366696,-3.794135,3.427785,0.05015510369110099,108.81254881183834,42.82487134682847
28370187,-2.631906,-2.997491,0.7372881036911011,134.53602313238645,437.2618625268565
28366697,-1.003869,1.898829,0.034533103691101186,232.3069007290364,53.68188238981455
28341573,-6.491683,-3.281665,-0.16061089630889902,115.55472724235966,321.6551671133648
28341574,-3.893817,-1.27682,0.4077661036911011,116.59326518750196,298.3056750230669
28365018,-5.974973,0.570324,0.29672910369110106,86.06170800519794,205.68701495039943
28343854,-10.130239,8.093621,-0.129047896308899,45.65600912943484,4.678407241854842
28359274,-4.353643,2.840403,0.9766391036911011,40.25930749664033,71.35022815841336
28354171,-2.530206,0.444076,0.01674410369110113,161.2258590075587,213.15547614381956
28354171,-2.530206,0.444076,0.01674410369110113,161.2258590075587,213.15547614381956
28359279,-0.638676,1.110541,-0.011188896308898855,272.83635003623743,138.83852669807254
28365021,-2.422118,0.286663,0.03953310369110108,164.35217492838336,223.91429848943432
28365021,-2.422118,0.286663,0.03953310369110108,164.35217492838336,223.91429848943432
28366706,-0.040608,1.363878,-0.017346896308898963,364.2490455898424,70.16610189443648
28366708,-3.772588,3.22058,-0.08089389630889898,118.63902585266852,58.852572749386894
28352678,-5.604777,-2.506,0.08849610369110117,113.29951926515528,314.0194634874801
28359291,-4.778418,2.735578,0.9495531036911011,41.69457982565069,89.46367460711042
28366712,-3.701476,2.996785,-0.004517896308898983,116.88833489021016,68.56969900141311
28359295,-6.669073,3.335361,1.238790103691101,14.50396752090947,90.5280566250365
28362948,-4.256206,-0.971687,0.018523103691101106,128.1938065988625,273.298708649838
28362948,-4.256206,-0.971687,0.018523103691101106,128.1938065988625,273.298708649838
28343887,-6.77802,5.050896,0.3654821036911011,51.28686176554362,33.06664807803165
28366727,-3.492843,2.625443,-0.06982389630889885,127.50433381389936,87.68742832638614
28334494,-5.113551,-4.387608,0.03778910369110111,129.19019076635573,381.6982730282426
28361100,0.13431,1.544108,-0.0008148963088989714,408.085504178594,13.317321374436489
28366742,-3.263743,2.049261,0.012697103691100997,131.36798309328077,117.2082901388498
28366744,-5.092651,2.47152,0.3018301036911011,82.933276586282,119.42858117335452
28343911,-7.598082,4.939742,0.129273103691101,59.46239969438452,58.85503506947893
28343913,-3.796779,3.42627,0.036714103691101174,109.6237663177544,43.426470325403926
28362962,-1.81114,-1.019073,0.0625101036911011,193.742185091216,321.13878388477167
28361105,0.232348,1.42454,-0.014593896308898957,433.573865204098,29.27441094272325
28359321,-0.5412,0.789646,-0.02793689630889884,284.8125084300005,177.55634972066824
28359321,-0.5412,0.789646,-0.02793689630889884,284.8125084300005,177.55634972066824
28366749,-5.876003,2.144619,1.520510103691101,4.624234264290692,132.52563242103187
28362967,-5.571542,-3.541947,0.41558910369110114,105.26610519046596,354.48862285501616
28362970,-5.371078,-3.390908,1.368422103691101,60.86772747123874,378.7451304112732
28362972,-3.626109,-2.534663,0.3183291036911011,133.21694963214048,358.52987494364066
28371124,-3.467381,2.824368,-0.010077896308898993,123.13553327286392,73.1019323215082
28362984,-3.544633,-3.421997,1.160067103691101,91.39563901043545,436.58731698762494
28371128,-5.589051,3.601147,0.04683410369110108,84.4768350198114,78.43612799368339
28366763,-4.61726,1.505638,0.909106103691101,56.670661862018,157.91227132392044
28366765,-2.97724,1.385976,0.009974103691101188,142.86980530036226,154.96373633924304
28365057,-2.994431,0.183802,1.4164591036911012,36.38537291130677,244.1724838490899
28365057,-2.994431,0.183802,1.4164591036911012,36.38537291130677,244.1724838490899
28343953,-4.744025,2.728707,1.0102221036911012,37.27446886526528,87.81303553302723
28333624,-5.693593,1.153431,0.023134103691101027,97.96485843750116,182.7878801273997
28366772,-4.568849,1.375695,0.6404911036911011,75.96146958433388,165.94171536556303
28371134,0.194843,1.169521,-0.0038598963088989358,417.54143791869615,88.26577067220597
28343961,-6.931866,3.136047,0.911681103691101,34.83949956748316,107.77260089105896
28366776,-2.89841,1.227615,0.0116621036911011,145.87497768792667,164.23731208110632
28361133,-4.21452,4.354694,-0.0636638963088989,102.41180467878014,4.167806787846445
28361138,-3.811117,3.666181,0.10778510369110106,103.06934928498652,26.13267338966997
28351650,-4.291914,1.360466,1.2859861036911011,30.293073778722885,161.0292743617023
28359350,-0.3922,0.530045,-0.01085489630889902,301.82784469772366,209.67158905917967
28359350,-0.3922,0.530045,-0.01085489630889902,301.82784469772366,209.67158905917967
28359351,-4.494776,1.38549,0.7466631036911011,69.73147539319865,164.37260051165862
28359351,-4.494776,1.38549,0.7466631036911011,69.73147539319865,164.37260051165862
28359353,-4.240463,1.209481,1.258912103691101,34.4270632642295,170.2780913385961
28371135,-9.010957,4.623403,0.015653103691101178,59.57454014356216,91.09891365864596
28359355,-4.332261,1.21183,0.8574621036911011,65.04924458937717,172.35939590655187
28363014,-0.890694,-1.919092,0.147600103691101,245.7252670952793,437.40817352624094
28366789,-1.010931,0.80852,-0.0033328963088989916,238.14845861911556,180.24237327471977
28366789,-1.010931,0.80852,-0.0033328963088989916,238.14845861911556,180.24237327471977
28366795,-2.701889,0.895849,-0.044883896308898885,156.90530230253802,184.24820143245185
28371150,-3.289584,2.116914,0.012560103691101165,130.33921922934616,113.43233919038968
28371152,0.016132,1.095642,-0.004897896308898808,372.9986311625413,114.76127655230314
28371152,0.016132,1.095642,-0.004897896308898808,372.9986311625413,114.76127655230314
28361161,-0.084455,0.962252,-0.019404896308898856,351.9703214725609,142.7987262606105
28361161,-0.084455,0.962252,-0.019404896308898856,351.9703214725609,142.7987262606105
28371160,0.033068,1.0558,-0.022253896308898957,376.515540355801,121.8530568829619
28366805,-5.329495,0.585499,0.7996641036911011,65.70483671343874,206.448379922336
28365110,-4.182706,-0.866264,0.3643201036911011,111.79395132456372,274.5872163465857
28365110,-4.182706,-0.866264,0.3643201036911011,111.79395132456372,274.5872163465857
28371165,-4.924523,2.278347,0.31207210369110105,85.37678026464982,126.44325468212524
28361172,-5.953154,3.858756,-0.034419896308898856,83.63216751287013,75.19280216273691
28365124,-4.342728,-1.994699,0.07932710369110119,128.8945621321571,314.74040170440867
28365125,-0.363715,-0.103663,-0.024798896308898977,304.74817435481765,286.8580861740115
28371177,-6.413534,2.173051,1.2169561036911012,25.16172475255823,139.95468593707022
28371181,-6.484886,2.140044,0.846633103691101,46.365456576934434,144.71317383327573
28330777,-3.302928,-0.400076,1.7246921036911012,8.77338582599458,291.79862538151264
28330777,-3.302928,-0.400076,1.7246921036911012,8.77338582599458,291.79862538151264
28365140,-0.121971,-0.18934,-0.0019748963088990212,337.07055365606976,308.7721098007013
28365141,-5.437729,-3.065707,1.347054103691101,59.42458297914564,364.1537929272309
28365144,-3.699798,-2.469115,0.1985061036911011,137.3063958342771,350.20279760666995
28348369,-2.522844,0.383721,0.006501103691101129,162.4115443724629,216.996511371807
28371199,-0.038873,0.85211,-0.021266896308898886,359.6839696946396,159.5047979104085
28371199,-0.038873,0.85211,-0.021266896308898886,359.6839696946396,159.5047979104085
28331883,-2.299496,-2.533722,0.06918110369110098,180.88223877516103,392.97436810364087
28371204,-6.766887,1.414488,1.037250103691101,40.23889203497123,174.95487492557487
28371204,-6.766887,1.414488,1.037250103691101,40.23889203497123,174.95487492557487
28341756,-5.08378,-4.362665,0.04757010369110115,129.14176932347235,381.8473957520466
28335321,-0.485913,0.667269,0.03767910369110106,287.63781036984346,192.4581471413739
28335321,-0.485913,0.667269,0.03767910369110106,287.63781036984346,192.4581471413739
28361217,-1.744847,1.250731,-0.0036328963088989585,189.7107435041003,148.3414060415493
28369062,-2.199292,-0.307745,-0.059561896308898854,181.25761614491145,263.057391944357
28369062,-2.199292,-0.307745,-0.059561896308898854,181.25761614491145,263.057391944357
28361219,-0.533108,0.782744,-0.026859896308898845,285.68834467149304,178.31667812872377
28361219,-0.533108,0.782744,-0.026859896308898845,285.68834467149304,178.31667812872377
28352806,-4.222122,-0.516764,8.710369110098704e-05,127.38578135463035,253.93923383375383
28352806,-4.222122,-0.516764,8.710369110098704e-05,127.38578135463035,253.93923383375383
28352816,-4.904271,-0.878893,0.06521610369110098,115.72248653957648,263.9128214760087
28361224,-0.647798,0.794075,-0.028674896308898967,273.077970645641,178.26615271703912
28361224,-0.647798,0.794075,-0.028674896308898967,273.077970645641,178.26615271703912
28331888,-1.722544,-1.470697,0.006867103691100995,202.89046720908777,351.5045014498264
28361231,-6.637934,2.153291,0.5325041036911011,61.51271218195825,147.38577692117929
28357751,-0.20741,1.775746,-0.015162896308898999,335.25532978157906,10.154810377340226
28348419,-6.724512,-2.170959,-0.10035089630889882,107.08780410424671,288.5690052844867
28348419,-6.724512,-2.170959,-0.10035089630889882,107.08780410424671,288.5690052844867
28361238,-4.307771,1.388892,1.154971103691101,40.95779763010481,160.25861620970508
28361238,-4.307771,1.388892,1.154971103691101,40.95779763010481,160.25861620970508
28341775,-1.996439,-0.630335,-0.019127896308898995,188.5925402632689,288.23739891222
28361240,-1.76924,0.895224,-0.010627896308898821,190.85686266239892,178.61481893676668
28361240,-1.76924,0.895224,-0.010627896308898821,190.85686266239892,178.61481893676668
28369071,-7.437403,2.19733,1.5227461036911012,7.617495700398052,145.99650737514003
28369071,-7.437403,2.19733,1.5227461036911012,7.617495700398052,145.99650737514003
28357765,0.012267,1.371734,-0.025960896308898862,375.853204091081,64.89524910418632
28369074,-4.29757,1.383457,1.461030103691101,14.196268305542588,158.37481226980094
28341785,-1.982266,-0.692461,-0.03018289630889881,190.0926295188748,292.2914552721657
28348433,-3.06284,-1.162777,1.628943103691101,31.57418417547538,352.46035912143094
28356005,-0.76632,-0.48607,-0.0065158963088989275,261.7014139015147,312.1548946016552
28356008,-3.955232,-3.537026,0.009933103691101008,145.60798904314055,380.4582854360426
28348438,-4.065084,-2.382266,0.10304710369110115,134.4318569573934,335.8236102930805
28361249,-5.806912,1.329594,0.09245910369110111,92.82416362332438,176.23461103878822
28348445,-1.874184,-1.047547,0.02297810369110098,193.3314365439104,319.74011266790626
28371220,0.308699,0.637447,-0.02781089630889899,438.00556139401874,191.12760459363025
28331899,-2.104695,-2.420677,-0.0021368963088990167,191.09454018121647,391.6525073096362
28369084,-7.125113,1.456717,1.480726103691101,15.219626460068383,173.85430825632554
28328749,-0.516754,0.736361,-0.011734896308899012,286.74333965138555,183.9097973036408
28328749,-0.516754,0.736361,-0.011734896308899012,286.74333965138555,183.9097973036408
28341803,-3.635803,-3.133111,0.075456103691101,147.40851366063555,375.638867671562
28371226,-0.193763,0.760867,-0.026050896308899008,331.9679144771742,176.81682982051038
28371226,-0.193763,0.760867,-0.026050896308899008,331.9679144771742,176.81682982051038
28344243,-2.335409,-0.051696,0.01007810369110107,170.963492707039,246.19249494543672
28344243,-2.335409,-0.051696,0.01007810369110107,170.963492707039,246.19249494543672
28365195,-1.836876,-2.322001,0.5579101036911011,168.26076948580305,432.0097338326464
28344246,-2.293043,-0.155265,0.011882103691100987,172.92337551848058,253.3378705627892
28344246,-2.293043,-0.155265,0.011882103691100987,172.92337551848058,253.3378705627892
28356048,-0.465035,-0.85735,-0.010907896308898879,291.2509963899231,362.5967110130606
28357802,-1.615862,1.940149,-0.001171896308898912,192.48283682746148,81.15553328686727
28344250,-5.607429,-3.166716,1.2380341036911011,64.93110367349891,360.9221261360648
28341813,-3.889836,-3.584385,0.05769610369110101,145.05196561455546,385.5250590862929
28338498,-5.641229,-4.631541,-0.10295489630889887,128.15908709425884,374.4321693920493
28344263,-3.950092,-3.58937,0.8805461036911011,103.8246148308705,413.9266464284241
28369100,-6.098565,0.594166,0.8143071036911012,59.99404198197911,206.00366805712216
28369100,-6.098565,0.594166,0.8143071036911012,59.99404198197911,206.00366805712216
28369101,-5.181944,0.328845,0.1358281036911011,102.86015302970569,215.1837566286117
28369101,-5.181944,0.328845,0.1358281036911011,102.86015302970569,215.1837566286117
28371237,-0.537655,0.769501,-0.0029298963088988383,283.8168468703094,179.92021236651738
28371237,-0.537655,0.769501,-0.0029298963088988383,283.8168468703094,179.92021236651738
28361274,-6.972096,0.498932,0.10993910369110105,86.12443958186364,207.567017687436
28361274,-6.972096,0.498932,0.10993910369110105,86.12443958186364,207.567017687436
28341832,-3.363572,-2.965074,0.013845103691101146,155.40184458609076,374.48190946799406
28363240,-3.915882,3.580554,-0.07499089630889899,113.27595412005662,41.13298525152464
28363243,-3.930377,3.51435,-0.09791689630889899,114.80363245195252,46.2645643183117
28338514,-2.048875,-0.69467,0.009643103691101107,185.1038649680021,292.0651544289652
28357824,-1.106271,1.381356,-0.02447689630889882,230.1273185519964,121.38347299336046
28341844,-3.602629,-3.422392,0.07365610369110098,149.45427767402344,388.1176581966355
28357827,-4.204867,2.792029,0.3116221036911011,90.42298848401984,86.24667519889309
28363247,-3.92931,3.437631,-0.11447289630889901,116.2819397927958,51.284174086626
28352868,-3.088479,-0.925276,1.7688361036911011,11.18696475975861,340.6119056765664
28371245,-0.442406,0.707722,-0.09137489630889895,299.81460932923017,186.9912873703421
28371245,-0.442406,0.707722,-0.09137489630889895,299.81460932923017,186.9912873703421
28363253,-3.793587,3.081223,-0.12562489630889884,121.72773977561384,68.95747882000686
28338522,-3.917867,-3.007777,-0.007688896308899018,144.83074433396936,360.81907771022406
28369109,-0.754845,0.442514,-0.02372989630889899,262.4619386152744,218.44068556429843
28338528,-3.627792,-2.729134,-0.029464896308898814,150.45333788423315,356.25922141905
28369112,-7.274457,0.16475,0.25398110369110105,79.93436539407384,218.3272122101598
28338533,-1.989137,-0.708269,-0.03898989630889882,190.3682448085868,292.9297550024596
28366896,-4.443326,-0.786684,0.3145711036911011,109.9955085052711,267.48659831736217
28366896,-4.443326,-0.786684,0.3145711036911011,109.9955085052711,267.48659831736217
28366897,-2.240045,-0.257173,0.01070110369110111,175.46428602789908,260.5437127270029
28366897,-2.240045,-0.257173,0.01070110369110111,175.46428602789908,260.5437127270029
28237581,-1.013329,2.221138,-0.0113178963088989,233.62100326149076,16.07284058693847
28363264,-6.443337,3.649659,0.2843751036911011,65.76983977027263,87.49280515500189
28330856,-3.329289,-0.684829,1.587795103691101,28.636186469097996,307.43974694882974
28330856,-3.329289,-0.684829,1.587795103691101,28.636186469097996,307.43974694882974
28352878,-3.01406,-1.164515,1.755176103691101,16.668430244704695,361.3729083666242
28352879,-3.002494,-1.194942,1.629645103691101,32.15648159717813,357.45703364242104
28338541,-4.161889,-3.624746,0.3068391036911011,129.44246666508462,387.3931585437125
28369123,-5.502586,-0.190777,-0.003307896308898828,107.79611565110704,233.65867582776212
28369123,-5.502586,-0.190777,-0.003307896308898828,107.79611565110704,233.65867582776212
28354388,-4.561195,-1.400871,0.09373610369110108,121.95133404004604,288.3659367793989
28363268,-4.831754,2.741444,0.5847191036911011,66.60374727786888,97.1645132907538
28338549,-1.961564,-0.821008,-0.053670896308898985,192.8405355683528,300.3952911262031
28371266,-0.708835,0.621007,0.004356103691101065,265.0228409485388,198.8937703549664
28371266,-0.708835,0.621007,0.004356103691101065,265.0228409485388,198.8937703549664
28338550,-1.962063,-0.862582,0.023028103691101087,188.7132337076765,305.33899086847
28341873,-1.864746,-0.964915,-0.03476189630889892,196.61038870856623,312.69317347227525
28354414,-4.012236,-2.610885,0.10408210369110105,136.40704813180452,346.1021026377176
28366905,-4.296871,1.331465,1.013938103691101,52.73377542907434,164.4702590788592
28366905,-4.296871,1.331465,1.013938103691101,52.73377542907434,164.4702590788592
28357862,-9.349946,3.733859,-0.1137438963088988,66.53993148518705,121.43268094094137
28338560,-3.865893,-3.570897,0.05041710369110097,145.7675282664648,385.4544774283538
28369137,-2.826892,-0.072567,-0.03827889630889891,158.05967789663706,242.5354310930064
28369137,-2.826892,-0.072567,-0.03827889630889891,158.05967789663706,242.5354310930064
28366912,-6.966902,1.418606,1.205773103691101,30.823049185614,175.27709972655992
28366915,-5.668146,0.797833,0.06596710369110115,98.14158980708228,196.4752091125124
28366917,-5.538558,0.698035,0.08629310369110099,99.1345266216488,200.24529063302936
28367999,-4.056423,3.855764,-0.0925818963088989,110.05315687726996,29.643061958564743
28366918,-1.598607,0.447849,-0.018962896308899024,202.31321546606037,214.76348837149396
28366918,-1.598607,0.447849,-0.018962896308899024,202.31321546606037,214.76348837149396
28350531,0.098462,-0.002775,-0.002323896308898954,377.5356035539278,294.489438836765
28371285,-6.324831,-0.264031,0.3381931036911011,85.58386894971127,235.2474119992104
28341907,-3.091198,-3.162213,0.07774310369110116,159.8965272267269,393.81062236353534
28368015,-3.710527,3.248449,0.05399710369110111,111.35689135408768,51.4213243436572
28354452,-2.608925,-3.738923,-0.007366896308898863,179.50896992448062,434.12017126023767
28371294,-2.889605,0.205507,1.2460931036911012,55.8714759930171,240.7660180800598
28341924,-0.488111,0.667598,0.03725410369110116,287.3938329275939,192.42788471961336
28341924,-0.488111,0.667598,0.03725410369110116,287.3938329275939,192.42788471961336
28366936,-4.464317,-0.008146,0.0045151036911010856,120.62611982419229,230.497761794212
28366936,-4.464317,-0.008146,0.0045151036911010856,120.62611982419229,230.497761794212
28366937,-5.261889,-0.073032,-0.015338896308898953,110.66031376894333,230.0435633451666
28366937,-5.261889,-0.073032,-0.015338896308898953,110.66031376894333,230.0435633451666
28341931,-2.695097,-2.721206,0.06346210369110117,169.3812851836641,386.97295860711256
28359605,-2.768353,-1.830495,1.714590103691101,32.575623913441206,422.31893147931487
28333748,-2.9695,1.458873,-0.061031896308898936,146.8764415303366,150.85619773075433
28359611,-1.5861,-1.666778,-0.04842589630889882,213.1880482309093,366.957092249746
28370360,-0.130126,1.653832,0.008267103691101063,348.0453008701829,21.86099354975977
28368036,0.071337,1.242187,-0.026461896308898947,387.56088098053976,84.9800785492366
28371311,-2.463714,0.21704,-0.0015468963088989263,165.76317867417492,227.8508753469593
28371311,-2.463714,0.21704,-0.0015468963088989263,165.76317867417492,227.8508753469593
28297077,-0.920569,1.930156,-0.012444896308899,243.0100793332443,47.19529215233922
28368043,-3.465583,2.5657,0.03120210369110099,122.34126214049496,88.55198429009124
28357923,-5.969782,1.654048,0.09296010369110119,89.55856791640016,164.38488866459716
28357926,-4.228538,1.226331,1.136339103691101,44.520370480286914,169.67704904836546
28341960,-2.41674,-2.52677,0.012039103691101172,179.74909817311482,385.4772236874191
28352952,-0.773961,-0.961302,-0.010307896308898945,261.86822922579404,354.59363002444564
28368052,-3.323341,2.371616,0.05562410369110116,125.2143991956592,97.0630053481082
28357953,-1.49184,0.456396,-0.021922896308898876,208.34027077792592,214.32993681112825
28369168,-6.976794,-0.389674,1.7512381036911011,13.491451937598214,246.944235816231
28369168,-6.976794,-0.389674,1.7512381036911011,13.491451937598214,246.944235816231
28371351,-2.691488,0.010491,0.01880610369110114,158.4319741949217,239.3844599637563
28368060,-8.305051,3.713804,0.10086710369110108,63.54845964981891,111.0342851168612
28371359,-2.293062,0.040417,-0.02550589630889899,174.0854553113819,240.1354322259964
28371359,-2.293062,0.040417,-0.02550589630889899,174.0854553113819,240.1354322259964
28341981,-2.283104,-2.468367,0.01644710369110114,183.83997521712664,387.8130286688301
28370379,-5.866038,4.300921,0.04228410369110103,78.04895579994246,52.36761484278492
28363409,-4.255696,1.374583,1.4204111036911011,18.066132360228664,158.8147775180423
28352979,-1.295271,-2.38976,-0.06471289630889898,231.7200353973261,426.6381049321729
28341987,-2.297764,-2.539178,0.06399510369110106,181.23030408853856,393.0893959029588
28370383,0.128102,1.352499,-0.00679289630889901,403.0549821920475,56.195410984150016
28363420,-7.512234,1.4761,1.545569103691101,11.825083911918256,174.59862823069008
28363420,-7.512234,1.4761,1.545569103691101,11.825083911918256,174.59862823069008
28361425,-4.421391,1.306061,0.8159001036911011,66.36436977137822,167.8591543715188
28361425,-4.421391,1.306061,0.8159001036911011,66.36436977137822,167.8591543715188
28341993,-1.675888,-1.402539,-0.030606896308899012,206.86920337034783,347.2211041395724
28370385,-3.553968,3.013211,-0.013680896308899015,120.27909213898292,63.59014558865255
28361428,-4.31601,1.296951,1.262033103691101,32.99432177317192,165.39410209305245
28361428,-4.31601,1.296951,1.262033103691101,32.99432177317192,165.39410209305245
28361430,-4.327239,1.259556,0.9928091036911011,54.80967155455994,169.0525266050697
28361430,-4.327239,1.259556,0.9928091036911011,54.80967155455994,169.0525266050697
28342006,-2.130485,-2.401468,0.011872103691101143,189.33473525643348,390.20828485839456
28361431,-4.356762,1.217749,0.7301831036911011,73.50696193029154,172.62190765612894
28368069,-3.168454,1.948669,-0.0604708963088989,138.71370755354064,122.95028859066429
28327866,-4.492864,-3.118233,0.0963621036911011,130.82780407851703,354.5259171301576
28336868,-3.372431,2.3755,-0.0631268963088989,131.35890474486035,100.30043509843536
28361447,-7.586643,1.473422,0.7457791036911011,51.346226653720095,176.42986661951198
28361447,-7.586643,1.473422,0.7457791036911011,51.346226653720095,176.42986661951198
28369186,-2.104301,-0.373315,-0.018861896308898896,182.96863542330212,269.48780020889205
28369186,-2.104301,-0.373315,-0.018861896308898896,182.96863542330212,269.48780020889205
28361451,-7.218828,1.452624,1.548252103691101,11.471896797280806,174.27489163919356
28356344,-7.636548,4.284961,1.162490103691101,12.668529875879614,67.82445535107806
28370391,-3.8335,2.605936,1.235987103691101,20.166983776104047,63.646416298689445
28371394,-3.841107,-0.733148,0.1786381036911011,126.53327348057864,269.6157262065549
28371394,-3.841107,-0.733148,0.1786381036911011,126.53327348057864,269.6157262065549
28331999,-1.271273,-2.413091,0.03829810369110098,227.9704539229588,436.7788557189081
28369193,-2.145424,-0.501907,-0.07073789630889893,184.86974699410732,275.97569919603364
28368080,0.142233,0.924876,-0.005856896308898962,399.6114584697232,140.2789669690534
28371408,-1.168468,-0.090873,0.014698103691101139,228.3695200220162,265.4890799943887
28342047,-1.835685,-2.309046,0.657493103691101,161.12430831103364,438.4973257897032
28363468,-2.351028,0.047756,0.020682103691101128,169.25778780042418,239.76438855738223
28363468,-2.351028,0.047756,0.020682103691101128,169.25778780042418,239.76438855738223
28368089,-3.013202,1.602154,0.04052410369110104,138.70489778928135,141.26900670294586
28369197,-4.314129,-1.161222,0.09769510369110113,124.49353486292488,281.73718069064324
28369197,-4.314129,-1.161222,0.09769510369110113,124.49353486292488,281.73718069064324
28368091,-4.338975,1.505907,1.4431511036911011,14.425769977373676,150.8957350758542
28368091,-4.338975,1.505907,1.4431511036911011,14.425769977373676,150.8957350758542
28363477,-2.756196,-0.071894,0.589951103691101,119.9590484065878,251.8779374620754
28363477,-2.756196,-0.071894,0.589951103691101,119.9590484065878,251.8779374620754
28368092,0.147618,0.85843,-0.01509489630889882,399.9138760447529,152.77144881900534
28368092,0.147618,0.85843,-0.01509489630889882,399.9138760447529,152.77144881900534
28370400,-4.665605,3.107188,0.3992791036911011,77.10572292162396,77.08344404880839
28338633,-3.13097,-3.18821,0.064881103691101,159.61394587150266,393.09371643251177
28369202,-4.726986,-1.428051,0.2041931036911011,114.65578872889796,289.08945522920675
28346700,-4.237974,2.832117,1.199799103691101,20.87741172567962,61.86240639160678
28363488,-2.248849,-0.162744,-0.04855689630889892,178.0631188952855,253.3562031415332
28363488,-2.248849,-0.162744,-0.04855689630889892,178.0631188952855,253.3562031415332
28367013,-6.0594,-1.157639,0.12138310369110106,101.15118005572816,265.289820219313
28365412,0.074624,1.168099,-0.02209989630889897,387.2444740856957,98.64346307123309
28354686,-6.327832,4.841936,-0.029065896308898997,74.73366093957569,40.35713204829216
28368100,-5.60933,1.869069,0.3513121036911011,79.2787600446537,152.01644149810107
28368100,-5.60933,1.869069,0.3513121036911011,79.2787600446537,152.01644149810107
28356416,-4.332712,1.306627,1.051100103691101,49.8930327588956,166.04884479159324
28356416,-4.332712,1.306627,1.051100103691101,49.8930327588956,166.04884479159324
28354690,-8.621334,5.996343,0.013123103691101035,54.65618831115671,41.493369262814696
28365414,-0.221404,1.298001,-0.03749889630889891,330.8925040656327,95.39468186071868
28363499,-4.489122,-0.963951,0.08961810369110101,121.0966663706759,271.4972001597605
28358014,-2.296698,-0.017074,-0.04275889630889895,175.23899871935888,243.59623736593997
28358014,-2.296698,-0.017074,-0.04275889630889895,175.23899871935888,243.59623736593997
28370408,-5.167628,3.136314,0.3771761036911011,73.48640125339236,86.74661271449779
28333822,-2.918362,1.290877,-0.07337589630889885,149.9868399919033,160.9495454404449
28367019,-2.070217,-0.420693,-0.009612896308898833,184.03229875290685,273.3459548013597
28367024,-4.401774,-1.177454,0.08179010369110107,123.89153922188171,281.11900880304694
28370414,-3.424366,2.374171,0.004526103691101069,126.13175774513137,100.2032089974317
28367028,-0.173254,0.087439,0.0012641036911011927,330.5480314795906,271.0834041443766
28367028,-0.173254,0.087439,0.0012641036911011927,330.5480314795906,271.0834041443766
28354701,-4.33466,2.933506,0.07587310369110112,101.89351838521884,85.88595018238422
28369213,-2.085883,-0.846525,-0.12400989630889891,191.61283480819745,297.24732350730574
28356428,-5.771736,1.063939,0.06243910369110117,95.87598831226413,186.43880941648007
28356428,-5.771736,1.063939,0.06243910369110117,95.87598831226413,186.43880941648007
28354705,-5.966738,3.517014,-0.0022408963088988987,83.90150384589359,89.5572121245452
28368114,-8.170033,1.568599,1.114867103691101,32.735344040895086,174.64026677837552
28348838,-6.954703,3.114693,0.21982510369110098,68.70889479746197,116.283587014766
28365424,-4.241618,2.805839,0.37864910369110105,85.52024526571222,84.87399078530254
28369219,-4.425252,-1.787572,0.08723210369110102,126.22323175992524,305.4225918536097
28365425,-4.384459,2.968866,0.0010011036911010684,105.17227737916242,86.47596995752056
28369222,-2.00242,-0.90423,-0.09273389630889883,193.6006478588386,303.56628925807047
28342112,-5.600415,-3.246145,1.736566103691101,37.31371343031452,378.4449433830157
28370419,-8.577599,3.970253,0.041273103691101154,63.39298121482926,106.24760277412535
28368122,-6.52705,1.276615,0.7767451036911011,55.408830277769454,179.86898245100835
28368122,-6.52705,1.276615,0.7767451036911011,55.408830277769454,179.86898245100835
28369228,-0.136281,-0.040133,-0.030616896308898855,336.71215514099833,287.490547432814
28329969,-7.268166,3.368401,0.08976210369110116,71.11322530700446,111.78852084226637
28363515,-3.753472,-1.611419,0.36760610369110114,123.1816755622231,315.4682305630736
28330986,-3.99316,-1.239874,-0.008644896308898975,135.43372871606778,287.4468335602927
28370425,-0.02602,1.065992,-0.00760089630889893,363.933990046352,122.36869635215052
28370425,-0.02602,1.065992,-0.00760089630889893,363.933990046352,122.36869635215052
28363519,-3.121086,-1.228502,1.627773103691101,32.46897342934267,354.6113201748448
28318649,-5.323115,0.185563,0.009028103691101075,107.59461690988437,220.05937229494424
28365442,-1.190295,1.405565,-0.020266896308898996,223.4825498870709,121.23054752219694
28365448,-0.071195,0.934248,-0.022849896308898998,354.3171527258439,147.02784487295543
28365448,-0.071195,0.934248,-0.022849896308898998,354.3171527258439,147.02784487295543
28334686,-2.35424,-2.537236,-0.006422896308898807,182.80291795726987,387.583913376672
28324847,-2.561017,-2.64162,0.06868510369110115,172.81373704753003,388.2348904048856
28361579,-6.248592,-1.349062,0.07524010369110101,101.93532860317605,269.6249162015628
28361579,-6.248592,-1.349062,0.07524010369110101,101.93532860317605,269.6249162015628
28348881,-4.274782,1.419106,1.340802103691101,24.814105764242385,156.69795718443788
28348881,-4.274782,1.419106,1.340802103691101,24.814105764242385,156.69795718443788
28342148,-3.8423,-3.590858,0.04709110369110103,146.454388295007,386.7694084865633
28361584,-5.630163,-1.55069,0.18191810369110106,104.9991716387394,283.063438010883
28361588,-0.752734,-0.017682,-0.03329589630889895,263.7989269949302,266.1232573378669
28361588,-0.752734,-0.017682,-0.03329589630889895,263.7989269949302,266.1232573378669
28363535,-4.039225,-3.654927,0.7000701036911011,112.6181070959493,406.2165355862288
28370435,-7.316066,2.386658,1.4437091036911012,10.52168944628076,137.8251025518691
28370435,-7.316066,2.386658,1.4437091036911012,10.52168944628076,137.8251025518691
28370436,-0.02316,1.0204,0.0051551036911010595,363.7241886207602,129.7205810277191
28361591,-4.29928,-2.298872,-0.025675896308898993,135.56616400781346,325.1028981184923
28354749,-7.288979,2.370962,1.152747103691101,26.735688393685933,140.29860860345616
28363539,-2.743098,-2.980899,0.3802721036911011,152.85089885293468,411.841063237396
28370440,-5.320216,2.213421,0.052597103691101044,94.9791184516991,136.52823365531032
28370443,0.116711,0.955461,-0.022001896308898816,394.04075843617534,136.20236943092408
28370445,-6.370848,2.137477,1.0852811036911012,33.33969552917955,142.1184124941726
28370445,-6.370848,2.137477,1.0852811036911012,33.33969552917955,142.1184124941726
28370446,-6.35438,2.214722,0.7451921036911011,51.79391066166272,141.14995891641126
28354762,-4.344398,1.381962,1.062238103691101,48.23082297496151,161.59995793689262
28354762,-4.344398,1.381962,1.062238103691101,48.23082297496151,161.59995793689262
28361604,-2.871861,-1.719204,1.705230103691101,31.62882316985693,406.9057547513066
28370447,-8.11635,2.317549,1.356570103691101,16.48938864345166,147.5699207265824
28370447,-8.11635,2.317549,1.356570103691101,16.48938864345166,147.5699207265824
28358090,-4.151363,1.22457,1.597029103691101,2.426972556574839,166.82192738070563
28358091,-4.113553,1.20665,1.5406171036911012,8.285219463080523,168.03926138126488
28365468,-7.382697,2.181668,1.4553661036911012,11.495952372547464,146.5979154768583
28363553,-1.798763,-2.261828,0.33476510369110113,184.06944633717055,415.5431027771048
28331015,-3.770521,-1.226382,0.05931110369110115,136.43425562154545,291.1820088140387
28342173,-1.878231,-2.364932,0.20965810369110116,188.57917808919208,410.0443793425754
28363555,-1.814599,-2.283215,0.37400410369110104,181.06969805670605,418.4816792615192
28354775,-1.684465,0.770773,-0.02550589630889899,196.6926886876657,188.3426320836203
28361612,-1.699347,-1.457859,-0.05438189630889889,207.2283950301882,348.89587934220367
28365472,-4.317003,1.469215,1.4815991036911011,11.211412101877755,152.71988419590062
28365472,-4.317003,1.469215,1.4815991036911011,11.211412101877755,152.71988419590062
28324869,-2.42051,-2.583809,0.06556710369110119,177.20002213497344,390.56815429213214
28368174,-6.128777,0.12057,0.31134910369110114,86.43007060051531,222.1188108391607
28368174,-6.128777,0.12057,0.31134910369110114,86.43007060051531,222.1188108391607
28365473,-6.815784,2.129531,0.26725110369110117,72.74140621554088,151.00369977458786
28370451,-0.133226,0.994122,-0.0030888963088988586,342.7862654648068,138.89274981516832
28370451,-0.133226,0.994122,-0.0030888963088988586,342.7862654648068,138.89274981516832
28368178,-5.934691,0.018012,0.7693021036911011,66.9183792794181,228.8887127014
28368178,-5.934691,0.018012,0.7693021036911011,66.9183792794181,228.8887127014
28365476,-4.411493,1.453207,1.2864741036911012,28.998544938936504,156.40276688104328
28365476,-4.411493,1.453207,1.2864741036911012,28.998544938936504,156.40276688104328
28368179,-3.747458,0.241666,0.9513291036911011,72.61490550982455,228.4556242014347
28365479,-4.572771,1.441396,0.659003103691101,74.25163379342709,162.4314339647368
28365479,-4.572771,1.441396,0.659003103691101,74.25163379342709,162.4314339647368
28368184,-6.518955,-0.308646,1.440725103691101,30.75164829887214,243.82935901401544
28361623,-3.237425,-3.058784,0.35011210369110113,142.566573019311,394.9261950163178
28370458,-6.811799,2.014477,0.644050103691101,56.10170848690905,153.3790939075026
28370458,-6.811799,2.014477,0.644050103691101,56.10170848690905,153.3790939075026
28361629,-3.692863,-3.67476,0.9174481036911011,106.19472722086796,429.3698580316684
28361631,-2.497224,-2.655663,0.35565010369110106,159.5838408819792,404.7703781538975
28370461,-2.87393,1.473104,-0.004860896308898965,146.0704146028424,148.25286312270373
28368194,-2.465064,0.333268,0.029754103691101097,163.22500063360806,220.6123060441573
28368194,-2.465064,0.333268,0.029754103691101097,163.22500063360806,220.6123060441573
28338678,-2.514782,-2.638089,0.06652210369110101,174.35262158042215,389.7095882984541
28358122,-3.992889,0.925167,1.5874871036911011,6.907781860643183,186.7857899547924
28327996,-3.479891,-3.34487,0.08099210369110099,151.42822281726785,388.9962239522048
28370468,-4.477901,1.386445,0.830719103691101,64.18574618003518,163.76479585675904
28370468,-4.477901,1.386445,0.830719103691101,64.18574618003518,163.76479585675904
28359846,-0.135693,1.468078,-0.010384896308898828,346.1369011767239,58.54612981136373
28370470,-5.165516,1.528793,0.3631541036911011,84.9003592091855,163.77441823261762
28370470,-5.165516,1.528793,0.3631541036911011,84.9003592091855,163.77441823261762
28368215,-3.05578,0.045841,1.2880611036911012,51.97227333161433,251.9198415380415
28368215,-3.05578,0.045841,1.2880611036911012,51.97227333161433,251.9198415380415
28356537,-4.886318,-0.945216,0.0625291036911011,116.40932886909955,266.60969397945735
28356537,-4.886318,-0.945216,0.0625291036911011,116.40932886909955,266.60969397945735
28370480,0.292352,0.709942,-0.013112896308898891,435.2596040577693,177.19117244327848
28370480,0.292352,0.709942,-0.013112896308898891,435.2596040577693,177.19117244327848
28346852,-2.507504,0.547655,-0.02259689630889894,163.73323920107234,206.2684906434283
28344638,-4.2306,2.826805,1.059811103691101,33.72961252995353,66.23264260414402
28356554,-3.357673,-0.554838,1.618881103691101,23.382609343555917,298.4825577306719
28356554,-3.357673,-0.554838,1.618881103691101,23.382609343555917,298.4825577306719
28368232,-2.408529,0.113756,-0.070469896308899,172.15953668155387,234.0425605379912
28368232,-2.408529,0.113756,-0.070469896308899,172.15953668155387,234.0425605379912
28365543,-4.644693,0.051787,0.3588491036911011,100.11204200622092,229.5763593607246
28365544,-3.539658,0.045211,1.7448861036911012,0.3618596950783797,254.0505994630169
28365544,-3.539658,0.045211,1.7448861036911012,0.3618596950783797,254.0505994630169
28365546,-2.405259,0.289968,0.04912210369110115,164.33167935119923,223.8553069880798
28365546,-2.405259,0.289968,0.04912210369110115,164.33167935119923,223.8553069880798
28324891,-2.286427,-2.529277,0.06250310369110101,181.6576122064512,392.9646389202781
28367114,-1.426334,-2.020624,0.04409710369110109,217.7865140622509,402.5174174759067
28331078,-3.695744,-1.684132,0.021179103691101098,141.99283281645967,311.9263542950558
28369276,-5.603573,-3.262652,1.194923103691101,67.80069432451856,363.3299791885755
28359898,-4.325408,2.874051,-0.040570896308898874,108.96095471136871,91.11447252347048
28338722,-2.135404,-2.428189,-0.0036118963088989098,190.0388397936452,390.7141444751186
28337784,-5.716275,-2.724484,0.053915103691100974,114.25222935039169,318.90442982493136
28344690,-7.184606,2.112709,0.8018021036911012,46.424558804350966,151.44262852676076
28344690,-7.184606,2.112709,0.8018021036911012,46.424558804350966,151.44262852676076
28344691,-7.2796,2.095224,0.661227103691101,52.818496449203536,153.40457823885606
28344691,-7.2796,2.095224,0.661227103691101,52.818496449203536,153.40457823885606
28359906,-0.303624,0.892283,-0.009910896308898964,314.99958856149345,159.58279420085498
28359906,-0.303624,0.892283,-0.009910896308898964,314.99958856149345,159.58279420085498
28330064,-7.399079,2.793172,-0.010716896308898827,77.20494736459403,133.81183329792907
28370509,-0.690251,0.695468,-0.03057389630889884,268.8767001106326,190.18658455168568
28370509,-0.690251,0.695468,-0.03057389630889884,268.8767001106326,190.18658455168568
28367138,-1.192324,-2.517025,-0.03591089630889899,236.6150859955913,443.1789582376975
28351914,-6.798745,-1.655399,-0.07674689630889886,103.58017357068192,273.28291641250223
28351914,-6.798745,-1.655399,-0.07674689630889886,103.58017357068192,273.28291641250223
28338729,-1.64484,-1.57825,0.02781810369110116,205.8743529535221,362.4707693905804
28349102,-5.630442,-3.272329,0.5615291036911011,97.2868046423659,347.8158289100866
28370517,-4.927299,0.445763,0.3252131036911011,96.03332418925112,211.30337068403105
28370517,-4.927299,0.445763,0.3252131036911011,96.03332418925112,211.30337068403105
28340181,-7.230904,5.156005,0.986718103691101,15.761181811639515,24.961613921623663
28365622,-4.335967,1.265694,1.041128103691101,51.03313861248506,168.54460497225332
28365622,-4.335967,1.265694,1.041128103691101,51.03313861248506,168.54460497225332
28358226,-3.03279,-1.251958,1.6632991036911011,29.03876350881549,361.99185622698064
28358228,-2.950531,-1.288073,1.6658251036911012,29.489046891631432,368.6725991208876
28349113,-0.804307,0.136028,-0.01240489630889896,257.74164566341,250.1666851107488
28349113,-0.804307,0.136028,-0.01240489630889896,257.74164566341,250.1666851107488
28333936,-1.093648,1.853494,-0.002847896308898923,227.77351451948877,66.40777221112964
28365631,-7.222793,1.449049,1.6484891036911011,5.646027468815021,174.21377578166215
28324912,-2.118908,-2.411449,0.0021961036911011256,190.3002762607687,390.7691990285367
28365633,-5.653162,0.840523,-0.0011228963088989463,101.02396789997334,194.757625163247
28350835,-4.284987,2.848861,1.307042103691101,10.38385303069748,58.82828697232733
28340201,-6.493389,5.268679,-0.026997896308898817,70.99157094821328,25.81580169112908
28359930,-9.347923,3.611781,-0.13489989630889898,67.75431848025684,124.96115415106692
28358253,-2.547692,-2.611964,0.5212641036911011,148.05768050657852,408.6219491379135
28368274,-2.290958,-0.096894,0.020274103691101164,172.20303358428862,249.71871775256105
28368274,-2.290958,-0.096894,0.020274103691101164,172.20303358428862,249.71871775256105
28353236,-3.891612,3.769703,0.08576110369110101,102.38885664965142,23.180464967146435
28353241,-10.765159,8.453564,0.134593103691101,33.38380151833999,1.0679718947032484
28365653,-6.079206,0.134425,0.4543901036911011,80.3656740920012,222.38100167747976
28369302,-3.322684,-2.977168,0.08261810369110112,153.2608928760244,378.55160878623616
28350848,-1.115557,1.350073,-0.010604896308898937,228.5943702931966,124.7087715962077
28369304,-4.177838,-3.755491,-0.062257896308898886,145.30245400061807,380.4148766904103
28358261,-2.745656,-3.27088,0.1094851036911011,168.11289474979458,412.8054040481184
28354958,-0.772672,-0.710361,-0.00976689630889882,261.6241765505566,332.390564183014
28365657,-4.480542,0.044126,0.0077421036911011765,119.9519061804909,228.1940061233883
28365657,-4.480542,0.044126,0.0077421036911011765,119.9519061804909,228.1940061233883
28368287,-4.230249,-0.994556,0.23078110369110116,118.5888195985297,277.67969476945325
28368287,-4.230249,-0.994556,0.23078110369110116,118.5888195985297,277.67969476945325
28351930,-2.225218,-0.259117,0.019125103691101097,175.53685797658602,261.0211820902156
28359940,-0.186128,0.607026,-0.024971896308898955,332.3030547712828,199.06008104690608
28359940,-0.186128,0.607026,-0.024971896308898955,332.3030547712828,199.06008104690608
28358268,-2.642887,-3.644424,0.00662610369110106,177.48500311940853,429.135986411207
28370542,-5.531607,-0.097471,0.6430971036911011,77.0395642801335,234.22055581813768
28370543,-4.844506,0.042627,0.18783910369110113,106.14752521565693,228.10244312716569
28370543,-4.844506,0.042627,0.18783910369110113,106.14752521565693,228.10244312716569
28350856,-6.958478,3.06176,1.099647103691101,24.953497895735158,109.01047625782664
28370546,-6.32515,-0.22976,0.4023061036911011,82.65845448839733,234.4454229203733
28340240,-7.270001,4.825112,0.7748731036911011,29.992112495405934,45.115491068246
28368299,-2.923826,0.958047,-0.15233789630889882,156.1269698050305,181.64047910748965
28368301,-2.860723,0.90894,-0.13120089630889886,157.03058053173115,184.26339117987703
28368301,-2.860723,0.90894,-0.13120089630889886,157.03058053173115,184.26339117987703
28368304,-2.602494,0.857837,0.07282210369110098,153.06446740795087,186.15980074103973
28368304,-2.602494,0.857837,0.07282210369110098,153.06446740795087,186.15980074103973
28368307,-2.572413,0.793184,0.07805710369110108,154.0766281094397,190.3756158265968
28368307,-2.572413,0.793184,0.07805710369110108,154.0766281094397,190.3756158265968
28368308,-2.809122,0.80852,-0.12822989630889903,158.91190403372755,190.14740303181537
28368308,-2.809122,0.80852,-0.12822989630889903,158.91190403372755,190.14740303181537
28368309,-4.209557,1.374995,1.5235211036911012,8.05975936428419,157.49358301254972
28368309,-4.209557,1.374995,1.5235211036911012,8.05975936428419,157.49358301254972
28368310,-4.27316,1.193583,1.041124103691101,52.12254644463962,172.36339443173932
28353286,-4.858027,2.620908,0.15805310369110104,92.41351024335292,110.49095940310691
28368311,-4.26899,1.306454,1.4170501036911012,19.21268416061716,163.4608828084249
28368311,-4.26899,1.306454,1.4170501036911012,19.21268416061716,163.4608828084249
28368312,-2.534192,0.753464,0.08700610369110118,154.97573115609055,192.9354808105132
28368312,-2.534192,0.753464,0.08700610369110118,154.97573115609055,192.9354808105132
28370552,-6.235584,-0.275157,0.190051103691101,92.60246312871524,235.06764457482612
28359964,-2.594035,0.733536,-0.02297989630889896,159.9004751372465,194.2997579231237
28347030,-0.389992,0.655194,-0.012948896308898838,302.4858889223677,193.3962312718037
28347030,-0.389992,0.655194,-0.012948896308898838,302.4858889223677,193.3962312718037
28353296,-8.403794,3.418741,1.120263103691101,21.10071425659794,112.65808686949332
28368324,0.04591,0.825747,-0.016053896308898974,376.4262586037969,161.63525768658707
28368324,0.04591,0.825747,-0.016053896308898974,376.4262586037969,161.63525768658707
28368327,-5.997148,0.542222,-0.12840489630889884,104.05980026578928,205.7501118965741
28368327,-5.997148,0.542222,-0.12840489630889884,104.05980026578928,205.7501118965741
28327089,-5.10211,1.562287,0.05005410369110108,101.25185062800976,163.18549463057113
28327089,-5.10211,1.562287,0.05005410369110108,101.25185062800976,163.18549463057113
28363739,-3.668227,3.751221,0.11273110369110118,104.59289436575332,14.697437673217848
28369327,-4.711052,-4.179579,1.466227103691101,65.28722526716027,434.1119626275472
28365703,-2.856942,-0.097744,0.5639811036911011,119.633983944351,252.01308967088067
28365703,-2.856942,-0.097744,0.5639811036911011,119.633983944351,252.01308967088067
28331148,-3.692556,-2.330137,-0.027316896308898997,147.24780083142474,338.36879319232526
28350895,-4.275513,1.383921,1.373011103691101,22.31968240326896,158.7556293818488
28350895,-4.275513,1.383921,1.373011103691101,22.31968240326896,158.7556293818488
28369329,-2.643246,-3.09942,0.46194810369110106,151.68957968600645,426.39345356456215
28369332,-1.996885,-2.407367,0.576403103691101,161.2743220433801,428.89570604732273
28363766,-6.067648,4.144104,0.05938610369110098,76.49461018718034,63.3155651358754
28369337,-3.829957,-4.773481,0.32017510369110114,140.05373928801586,441.2686938565474
28365719,-2.189431,-0.206222,-0.025065896308898994,179.18417127247045,257.2681941375548
28365719,-2.189431,-0.206222,-0.025065896308898994,179.18417127247045,257.2681941375548
28344837,-2.239236,-0.062914,-0.018582896308898977,176.20442930985416,247.4639286429876
28344837,-2.239236,-0.062914,-0.018582896308898977,176.20442930985416,247.4639286429876
28351964,-1.926157,-0.927994,0.028484103691100993,190.22766269068924,310.6944531565632
28353345,-4.336381,1.296267,0.9551301036911011,57.21118365464105,167.1526402610363
28353345,-4.336381,1.296267,0.9551301036911011,57.21118365464105,167.1526402610363
28365723,-2.16709,-0.238249,-0.025305896308899012,180.2161327170736,259.6378327905249
28365723,-2.16709,-0.238249,-0.025305896308899012,180.2161327170736,259.6378327905249
28353353,-1.660035,0.791895,-0.016987896308898964,197.30372988237264,186.4570402023364
28353353,-1.660035,0.791895,-0.016987896308898964,197.30372988237264,186.4570402023364
28353357,-0.546392,0.569491,-0.016640896308898867,283.5087162013872,204.58899490275337
28353357,-0.546392,0.569491,-0.016640896308898867,283.5087162013872,204.58899490275337
28350919,-2.329594,0.576315,-0.00539389630889886,168.70959224972304,204.4350720112252
28350919,-2.329594,0.576315,-0.00539389630889886,168.70959224972304,204.4350720112252
28344853,-4.100634,-3.616746,0.034938103691101174,142.19759241378154,380.30059121398426
28342494,-3.089172,3.164857,0.708515103691101,71.37590695880286,5.4510857767605785
28363806,-6.770378,2.034928,-0.0576098963088989,87.18087251388664,155.59195425141314
28363807,-5.966693,1.757582,0.10014610369110111,88.72158342079678,160.30719296953745
28363810,-4.522457,1.208433,0.6151621036911011,79.27479902399693,174.45159218627504
28363813,-4.636569,1.007548,0.4609761036911011,88.60333220470366,185.3185533327469
28363813,-4.636569,1.007548,0.4609761036911011,88.60333220470366,185.3185533327469
28365762,-2.862276,-1.10655,1.774381103691101,12.923832618556872,365.51690280767775
28342523,-6.269205,4.606992,-0.040458896308898984,77.06517956711144,49.4072328199612
28351988,-1.72396,-1.353969,0.030416103691101037,201.04556337355825,344.9113113412129
28365775,-1.569783,-1.651033,-0.03271389630889887,213.12394336312013,367.4010442229669
28351989,-0.503868,-0.04535,-0.006032896308898916,287.41322362671696,276.471660581737
28363839,-4.332253,0.222048,0.43561610369110104,99.04299001119364,223.29333054430617
28363839,-4.332253,0.222048,0.43561610369110104,99.04299001119364,223.29333054430617
28361916,-6.54213,5.165765,-0.05916489630889887,72.77162832949725,32.11124214643223
28370611,-0.940521,0.299591,-0.007751896308898942,245.52983696055895,232.04816617962013
28370611,-0.940521,0.299591,-0.007751896308898942,245.52983696055895,232.04816617962013
28351994,-3.28095,-3.177039,0.027257103691101126,157.64536472437877,386.3483582778799
28360075,-3.93371,0.8788,1.613931103691101,4.538596226975159,189.8266954187987
28360075,-3.93371,0.8788,1.613931103691101,4.538596226975159,189.8266954187987
28363861,-2.371652,0.166452,0.030346103691101023,167.3147149061735,231.98409301706695
28363861,-2.371652,0.166452,0.030346103691101023,167.3147149061735,231.98409301706695
28342573,-4.247731,2.836896,0.9820561036911011,40.28847191272166,68.2975864340263
28361937,-3.510557,2.586226,-0.08831389630889896,128.45755085593464,90.90794072219236
28337892,-5.974042,-4.293138,-0.1248548963088989,123.67132575988256,358.2281087272947
28370632,-0.428636,0.226474,-0.0210588963088989,297.2203245997068,246.6152428175724
28370632,-0.428636,0.226474,-0.0210588963088989,297.2203245997068,246.6152428175724
28365808,-2.864173,-3.419498,-0.029333896308898932,171.86375085043954,408.785074723256
28365810,-1.993651,-2.408697,0.2877771036911011,179.62587576642227,411.24148493666894
28340415,-8.980975,3.783284,1.357207103691101,7.851181474967518,104.0823497732644
28320935,-0.553016,0.716925,-0.013751896308898948,282.6388500700064,186.6543132400428
28320935,-0.553016,0.716925,-0.013751896308898948,282.6388500700064,186.6543132400428
28342603,-6.923954,3.206678,0.08995810369110102,74.0985781498228,113.78236582723616
28356757,-3.468661,-3.034353,0.08972710369110115,149.8991257275297,376.855375055358
28323925,-5.841598,1.122267,0.05263110369110113,95.3072987964519,184.3975755294949
28356763,-0.269247,-0.17415,-0.011040896308898818,316.1723185188122,299.4878213026075
28365833,-2.478584,-3.533473,0.1535341036911011,175.09802490438867,438.8874774516143
28361977,-0.924198,0.701246,-0.01046989630889894,246.02736367332852,190.90064998236463
28361977,-0.924198,0.701246,-0.01046989630889894,246.02736367332852,190.90064998236463
28370651,-6.989473,-1.79278,-0.10451889630889899,103.36276632625017,275.53409187784325
28370651,-6.989473,-1.79278,-0.10451889630889899,103.36276632625017,275.53409187784325
28340474,-8.638032,3.361808,1.120584103691101,21.430327006377155,117.1225302893022
28361980,-4.416945,1.312531,0.833774103691101,65.11391117050229,167.38843504497655
28361980,-4.416945,1.312531,0.833774103691101,65.11391117050229,167.38843504497655
28363907,-4.28806,1.384333,1.3832901036911012,21.378029711105512,158.78611568009654
28361982,-4.49422,1.310312,0.725707103691101,71.72038610296809,168.51962560488622
28361982,-4.49422,1.310312,0.725707103691101,71.72038610296809,168.51962560488622
28363915,-7.873543,1.523408,0.764243103691101,49.2758899439427,175.70709676800345
28363915,-7.873543,1.523408,0.764243103691101,49.2758899439427,175.70709676800345
28361984,-4.395479,1.278727,0.6686531036911011,76.67948193103513,169.7772341169791
28361984,-4.395479,1.278727,0.6686531036911011,76.67948193103513,169.7772341169791
28363918,-7.309405,1.457387,1.3822051036911012,20.78324135852654,174.81984502326208
28363918,-7.309405,1.457387,1.3822051036911012,20.78324135852654,174.81984502326208
28356770,-0.294889,-0.254473,-0.005809896308898832,312.2823704388487,308.06196761048375
28363922,-6.876642,0.985127,0.5788071036911011,64.72180034276175,191.66676736113783
28363924,-4.321016,0.443624,0.4686141036911011,95.8580644045014,212.66006602322724
28361990,-5.577204,1.228739,0.8767781036911011,55.10718932392757,178.04744357868967
28361993,-4.981386,1.095294,0.38593910369110107,88.31821021451475,182.477821878481
28355186,-5.989609,4.030522,-0.02499489630889884,81.88997894453084,68.27672877632614
28351004,-6.294603,-2.248949,-0.027369896308898856,109.0407438773854,295.9539778986425
28361996,-0.726374,0.477606,-0.020288896308898963,264.9341071993572,214.7849944960208
28361996,-0.726374,0.477606,-0.020288896308898963,264.9341071993572,214.7849944960208
28363941,-2.936398,0.237257,1.2901831036911011,50.222088650423046,238.4421784747259
28363941,-2.936398,0.237257,1.2901831036911011,50.222088650423046,238.4421784747259
28362005,-5.536033,0.844099,0.4037071036911011,83.40846423001645,194.7738682905551
28340506,-7.044852,3.312838,0.13573110369110108,70.7948872067702,110.79703159443156
28337918,-4.225121,-2.758791,0.18618810369110106,129.68932479663854,349.2852978337295
28355202,-0.448527,0.993704,-0.01498889630889888,295.60136531207013,149.04424646590437
28368399,-2.87582,-0.152169,0.756015103691101,105.16815291238512,258.64817617767085
28368399,-2.87582,-0.152169,0.756015103691101,105.16815291238512,258.64817617767085
28355207,-6.697965,3.397034,1.076408103691101,23.90458328471547,90.74749539702142
28338828,-0.486147,0.668198,0.036037103691101136,287.702714460506,192.33712577777985
28338828,-0.486147,0.668198,0.036037103691101136,287.702714460506,192.33712577777985
28368400,-0.627782,0.179404,-0.041072896308898876,276.1097574484341,247.9288517964644
28368400,-0.627782,0.179404,-0.041072896308898876,276.1097574484341,247.9288517964644
28370674,-4.274606,-1.254487,0.023693103691101003,129.01578421276878,284.94069036335424
28337072,-5.001565,1.315772,0.031379103691101085,104.74680226051896,173.41136792532402
28337072,-5.001565,1.315772,0.031379103691101085,104.74680226051896,173.41136792532402
28355225,-5.609378,2.138853,1.327491103691101,18.262058691999528,131.43003259504536
28355225,-5.609378,2.138853,1.327491103691101,18.262058691999528,131.43003259504536
28351050,-2.541536,0.522341,0.02780410369110098,159.75147989804356,208.12119374607
28368419,-4.684754,-0.945685,0.042451103691101055,120.18681995185004,268.2314932616223
28355228,-6.107474,2.065872,0.9623161036911011,41.71006376973594,143.70258933222374
28355228,-6.107474,2.065872,0.9623161036911011,41.71006376973594,143.70258933222374
28370684,-7.589991,2.211401,1.376514103691101,15.8486246230446,147.52604473407
28370684,-7.589991,2.211401,1.376514103691101,15.8486246230446,147.52604473407
28360196,-3.279782,-3.29454,1.175381103691101,93.29376003451571,444.3633111177759
28368422,-0.80793,0.000334,-0.012644896308898979,257.66241052247136,263.70817550976324
28368422,-0.80793,0.000334,-0.012644896308898979,257.66241052247136,263.70817550976324
28337928,-4.702137,-3.453007,0.21719510369110107,124.06934319286312,364.88321140788383
28370685,-4.284826,1.41359,1.2532401036911012,32.545137350766964,157.8119170222082
28368425,-2.144024,-0.459328,0.017117103691101088,179.758696627895,275.1987058078073
28370688,-5.028049,1.167626,0.3817281036911011,87.59077772587804,179.37373765312742
28370688,-5.028049,1.167626,0.3817281036911011,87.59077772587804,179.37373765312742
28370690,-7.7999,1.502792,0.20679310369110104,72.36964893946373,176.97818536712865
28370690,-7.7999,1.502792,0.20679310369110104,72.36964893946373,176.97818536712865
28368427,-4.609701,-1.1129,0.03213110369110117,122.57740303555676,275.4854811595064
28368427,-4.609701,-1.1129,0.03213110369110117,122.57740303555676,275.4854811595064
28370691,-7.686045,1.493896,0.3401891036911011,67.83118355842282,176.70876512266005
28370691,-7.686045,1.493896,0.3401891036911011,67.83118355842282,176.70876512266005
28355240,-4.375135,1.373543,1.190447103691101,37.95694664326805,161.6095090424646
28355242,-4.423535,1.356373,1.080363103691101,46.64704020699088,163.70727347560486
28355242,-4.423535,1.356373,1.080363103691101,46.64704020699088,163.70727347560486
28355243,-4.253167,1.320325,1.546016103691101,6.6923508217588505,161.53805749343712
28355243,-4.253167,1.320325,1.546016103691101,6.6923508217588505,161.53805749343712
28370695,-7.592274,1.220689,0.30450110369110106,71.06838127611996,185.2125448968681
28370695,-7.592274,1.220689,0.30450110369110106,71.06838127611996,185.2125448968681
28355244,-4.438396,1.301441,0.737016103691101,71.57743618294884,168.56681002972914
28355244,-4.438396,1.301441,0.737016103691101,71.57743618294884,168.56681002972914
28370697,-7.424353,1.238617,0.5221161036911011,62.98547108631897,184.11126896266225
28370697,-7.424353,1.238617,0.5221161036911011,62.98547108631897,184.11126896266225
28355247,-4.287479,1.296444,1.2722121036911012,32.20274627615038,165.12109046670648
28355247,-4.287479,1.296444,1.2722121036911012,32.20274627615038,165.12109046670648
28368434,-2.053871,-0.569783,0.03941810369110099,182.5783731470803,284.5951535334913
28349474,-4.449931,2.78258,0.28123410369110113,89.21421134961429,92.71205005125864
28340607,-3.390325,2.414313,-0.06157889630889901,130.61642192316074,98.2467432074869
28370700,-0.416248,0.689598,-0.06052089630889901,301.5355652753224,189.0614975516134
28370700,-0.416248,0.689598,-0.06052089630889901,301.5355652753224,189.0614975516134
28370702,-4.929482,0.728569,0.1679661036911011,102.25485669808091,198.60366371262447
28370702,-4.929482,0.728569,0.1679661036911011,102.25485669808091,198.60366371262447
28349479,-4.492548,2.711386,0.31372510369110107,87.22237628394723,96.90759753964088
28364038,-1.914426,-0.896841,-0.044261896308898985,194.66916976058303,306.69366878534345
28355255,-0.525535,0.559509,-0.018026896308898976,285.96029380613885,205.78473389042665
28355255,-0.525535,0.559509,-0.018026896308898976,285.96029380613885,205.78473389042665
28364045,-5.578962,-3.252007,0.21816810369110118,111.7654422081942,340.8541717698438
28360226,-1.279931,-2.369939,-0.04539489630889881,231.58983025868005,427.6076001893928
28364047,-2.878382,-1.26545,1.786251103691101,14.157992984396117,377.8998047090633
28337944,-5.489082,-4.577578,-0.056626896308898944,128.298452522045,377.0119883153872
28370710,-5.827556,0.518451,-0.0035878963088988858,100.83232636134296,206.91990425000031
28370710,-5.827556,0.518451,-0.0035878963088988858,100.83232636134296,206.91990425000031
28370712,-5.77438,0.421316,0.0020841036911010136,101.6216098407754,210.5291670651777
28370712,-5.77438,0.421316,0.0020841036911010136,101.6216098407754,210.5291670651777
28349507,-6.22206,2.21524,0.8226251036911011,48.154412741410624,139.30099866583606
28353579,-6.676091,0.261171,0.1310631036911012,88.70355359200752,215.62797748012588
28353579,-6.676091,0.261171,0.1310631036911012,88.70355359200752,215.62797748012588
28370717,-1.432925,0.372111,-0.002130896308898844,210.86874053807733,221.89161855907344
28370717,-1.432925,0.372111,-0.002130896308898844,210.86874053807733,221.89161855907344
28340646,-3.342505,2.29733,-0.062261896308899,132.4835109538535,104.51264512684438
28364074,-3.922272,-3.696342,0.858177103691101,106.16399201962378,418.5067578191882
28364075,-2.809202,-3.019715,0.13434710369110103,163.9927285143811,399.83032342708304
28364077,-1.499163,-1.829666,0.04648210369110117,213.1290984250917,386.4148211370364
28370719,-4.680401,0.347967,0.36936310369110104,97.32056058919432,216.1786289501971
28367340,-12.403308,9.134898,-0.2605188963088989,41.2499958047199,16.350867334372452
28367350,-10.833255,7.586856,-0.10047089630889894,45.30420878298975,31.08879551617304
28342848,-5.599725,-3.260972,1.5990581036911011,45.651923510213805,374.7950055350496
28366036,-0.022683,1.558637,-0.026460896308898807,370.412258812137,32.15787422684676
28370733,-4.003129,0.545261,1.570242103691101,13.815861855808862,212.95541701586768
28370733,-4.003129,0.545261,1.570242103691101,13.815861855808862,212.95541701586768
28366039,-0.154266,1.574226,-0.02382889630889884,343.9578172373457,42.23315635482288
28367361,-0.703359,1.652491,-0.043737896308899016,267.3537310534788,72.04810263101268
28367364,-4.106733,2.74896,0.7469121036911011,61.22582104484266,76.39615307935134
28337112,-3.007674,1.58925,-0.05224989630889887,144.55413319051385,143.0231529194562
28368486,-5.457487,-3.154447,1.0038991036911011,77.89326881746234,357.76061147725403
28358567,-7.148064,3.89349,1.2502251036911012,9.925422667866314,73.88782048103232
28370742,-4.367734,0.133189,0.8129651036911011,76.51028002749865,230.25702671181892
28367376,-5.458116,3.074366,0.47872710369110105,65.74844562845533,93.56262076874827
28367377,-3.391693,2.446768,0.040569103691101116,124.14340083125016,94.14448576493744
28351143,-6.000714,-2.424465,0.04109810369110112,110.32333002238752,305.578376680678
28366062,-3.540455,2.69479,-0.08351289630889891,126.85275160435182,84.86767303618203
28366064,-4.141129,2.759927,0.5076661036911011,78.40562090325173,82.37667420501154
28367385,-3.305883,2.266099,0.04264210369110111,127.13007120776768,103.72963119577078
28366066,-11.147078,5.637117,-0.31498189630889883,58.93784858207414,88.74588032792238
28366067,-3.433677,2.502427,-0.06552589630889893,129.32449780650728,93.82724004871042
28340714,-3.218046,2.043029,-0.05776289630889897,136.74957748506912,117.87506997721006
28367388,-3.30025,2.134547,-0.08122189630889887,135.5959799094761,114.09355687081916
28351159,-5.635266,-3.287303,0.27467210369110107,109.0643013647812,342.15140107299817
28351162,-5.63087,-3.282305,0.719020103691101,90.46878047146016,351.678273591637
28358589,-9.240023,4.301371,-0.050601896308899,62.45362220165785,103.76509446353984
28366075,0.226757,0.888544,-0.00597689630889886,420.7738988230631,143.77543332440047
28366075,0.226757,0.888544,-0.00597689630889886,420.7738988230631,143.77543332440047
28367392,-0.689767,1.259644,-0.020185896308899,267.7534106271679,121.74228311720312
28358593,-7.164119,3.173738,0.04396510369110107,74.65193217350341,118.02572823478206
28367395,-3.210039,1.960559,0.022074103691101188,132.63562205515402,121.69681933203184
28327310,-5.413904,0.378549,0.009238103691101118,105.55533783413442,212.4700959539961
28366084,-3.176877,1.882594,0.021828103691100997,133.95032574433907,126.07736448547996
28347456,-5.091938,2.456682,0.21519710369110112,87.7328535709469,121.14188718602549
28366088,-3.129476,1.835967,-0.06318989630889882,140.5415336301382,129.41197294068826
28367402,-7.266179,2.360399,1.4030561036911011,12.992316985349674,138.7329083943533
28370761,-3.115595,-0.117234,0.48536710369110103,119.34394905131184,249.34061631566297
28370761,-3.115595,-0.117234,0.48536710369110103,119.34394905131184,249.34061631566297
28366093,-3.094133,1.69691,0.018339103691101144,137.39318264342077,136.6196546645175
28368525,-4.108801,-3.273228,1.035134103691101,90.63213369919724,401.0638718477826
28366099,0.117223,0.743684,-0.016085896308899006,391.0766792249948,174.3092442512628
28366099,0.117223,0.743684,-0.016085896308899006,391.0766792249948,174.3092442512628
28366101,-4.30862,1.484489,1.574404103691101,1.914008768484564,150.72637382143415
28366101,-4.30862,1.484489,1.574404103691101,1.914008768484564,150.72637382143415
28368527,-3.183991,-2.145663,1.705549103691101,36.514961929575406,417.3519689087889
28368528,-3.323084,-3.27183,0.2034861036911011,148.93354187177658,395.5202773716751
28368532,-4.17029,-4.146495,0.256713103691101,133.90834305786626,404.6804300893082
28368534,-4.014541,-3.450333,1.2139441036911012,82.03888129792662,419.9947301511005
28366109,-2.962758,1.419529,0.023090103691101094,142.2547558864219,152.55093600010537
28367405,-3.019354,1.667676,-0.04497389630889881,143.33877633968376,138.12804637110702
28362168,-5.828106,-1.421829,0.14906610369110118,103.61415327032736,276.35038650025064
28362168,-5.828106,-1.421829,0.14906610369110118,103.61415327032736,276.35038650025064
28349624,-6.782839,-2.150886,-0.13139789630889886,107.52012669451732,287.1213087313461
28349624,-6.782839,-2.150886,-0.13139789630889886,107.52012669451732,287.1213087313461
28367412,-7.494175,2.234587,0.4636061036911011,59.920900409634754,150.81408830636687
28367412,-7.494175,2.234587,0.4636061036911011,59.920900409634754,150.81408830636687
28366115,-4.525848,1.448527,0.745881103691101,68.99277085291911,161.20873400048754
28366115,-4.525848,1.448527,0.745881103691101,68.99277085291911,161.20873400048754
28340748,-6.027558,1.685793,-0.007012896308898897,93.2515216711937,163.8350826239798
28340748,-6.027558,1.685793,-0.007012896308898897,93.2515216711937,163.8350826239798
28367415,-4.529907,1.502588,1.021074103691101,49.165959739922215,156.53248162636427
28367415,-4.529907,1.502588,1.021074103691101,49.165959739922215,156.53248162636427
28368539,-1.822428,-2.296663,0.146075103691101,194.20338631855472,405.1747824545437
28368542,-3.548324,-3.368929,1.016820103691101,100.30526951702656,426.59250312287975
28337156,-5.848282,0.795046,-0.06954489630889893,102.05783487459952,196.64919104602475
28366124,-2.784602,1.069178,-0.048700896308898844,153.6594119819694,173.69700849368317
28366126,-2.783629,0.994863,0.012316103691101032,150.4894095666852,178.24570576179167
28366130,-0.975783,0.747424,-0.027597896308898973,242.7011978853893,186.37918586337736
28366130,-0.975783,0.747424,-0.027597896308898973,242.7011978853893,186.37918586337736
28367418,-4.516593,1.404062,1.2755971036911011,30.2505020871171,160.5403488587469
28367418,-4.516593,1.404062,1.2755971036911011,30.2505020871171,160.5403488587469
28331348,-2.484554,-2.593954,0.07737910369110113,174.5729094157245,389.1258301631467
28366133,-2.712793,0.840766,0.018927103691101177,153.0962738786713,187.77743419989156
28313657,-0.92234,1.936757,-0.014880896308898883,242.9986047629913,46.61078792040343
28366135,-4.814696,0.749105,0.37816710369110107,92.76282048364952,197.8778106044141
28368555,-1.816523,-2.288297,0.6525831036911011,162.1165490746155,438.0297732513968
28369622,-4.096835,2.743196,0.5883431036911011,73.305598222865,80.41543657846651
28366136,-2.650925,0.761492,-0.04999089630889886,159.5323671420992,192.62801840844463
28369626,-5.064104,2.845901,1.170968103691101,23.02989903626346,84.87806968939225
28369630,-4.507587,2.598904,0.8550941036911011,51.43517994600703,93.48457618209156
28367427,-2.920705,1.307476,0.0172681036911011,144.43686940326972,159.31439835439113
28330324,-4.972146,1.320827,0.04321610369110118,104.52474802597878,173.0168793303829
28330324,-4.972146,1.320827,0.04321610369110118,104.52474802597878,173.0168793303829
28331364,-2.355513,-2.53232,0.0007081036911011918,182.38796652914,387.5969949414226
28340790,-5.848218,1.40174,0.087853103691101,92.25247709236422,173.60526118391297
28369641,-5.019125,2.521567,0.24920510369110116,86.25995241936008,116.60087762463108
28362206,-4.612679,0.761375,0.4262701036911011,92.46516780033312,197.11481910016195
28362206,-4.612679,0.761375,0.4262701036911011,92.46516780033312,197.11481910016195
28369647,-5.779559,2.181422,1.4675641036911011,7.909095679133856,129.93612403556028
28369647,-5.779559,2.181422,1.4675641036911011,7.909095679133856,129.93612403556028
28368563,-1.232947,-2.453117,0.049741103691101074,229.7230628165381,442.7310054750983
28369657,-3.121861,1.78136,0.026377103691101134,135.67046007089226,131.55917395694152
28369661,-5.644231,2.058743,0.4624051036911011,72.0543903730456,143.3220242811658
28369665,-4.496465,1.552732,1.5370591036911012,5.415411489746106,148.9098656321087
28369666,-6.558403,2.016749,1.139074103691101,30.811862500859466,148.6278224010578
28370790,-0.267937,0.223009,-0.023694896308898983,318.3017050782013,250.12387921455996
28362230,-2.535297,0.344756,-0.09191589630889885,167.88130942617832,218.74956627541303
28358639,-4.345686,1.40379,1.016370103691101,51.544531641809016,160.59277639848904
28358641,-4.261902,1.292289,1.363067103691101,24.303936618714147,164.64094162796954
28358641,-4.261902,1.292289,1.363067103691101,24.303936618714147,164.64094162796954
28369670,-4.359978,1.529114,1.387699103691101,19.270687975054383,150.14257398128296
28358642,-4.304993,1.252213,1.079582103691101,48.37333950136258,168.93986673549162
28358642,-4.304993,1.252213,1.079582103691101,48.37333950136258,168.93986673549162
28369674,-4.445955,1.515271,1.115519103691101,42.23752877323852,154.26017643668598
28358645,-4.183765,1.208232,1.503952103691101,12.085880954280183,168.74163115914828
28368575,0.294473,-0.977232,-0.007389896308898969,405.93263152032046,446.59828071722944
28369678,-0.024556,0.900001,-0.010522896308899021,362.6500335601696,150.917736760891
28369678,-0.024556,0.900001,-0.010522896308899021,362.6500335601696,150.917736760891
28347554,-2.502119,0.499701,-0.03068089630889892,164.65061677303075,209.34409171678715
28362252,-2.407905,0.250558,0.04269210369110099,164.850699813352,226.38168640741992
28362252,-2.407905,0.250558,0.04269210369110099,164.850699813352,226.38168640741992
28369684,-4.452812,1.469947,0.6254781036911011,77.38717377949305,160.12072847925413
28369684,-4.452812,1.469947,0.6254781036911011,77.38717377949305,160.12072847925413
28324095,-5.435285,0.368456,0.004316103691101025,105.5689535586679,212.81978863208667
28369690,-4.689671,1.449407,0.5738081036911011,78.31859693972712,163.33035952945443
28369690,-4.689671,1.449407,0.5738081036911011,78.31859693972712,163.33035952945443
28340829,-5.722694,1.235914,0.027786103691101127,97.03675212350473,179.6729990784581
28369691,-8.882276,1.625475,1.417827103691101,18.22940042009941,174.74017633084895
28367448,-6.321959,0.949189,0.797936103691101,57.39223769102489,192.1105344316557
28367448,-6.321959,0.949189,0.797936103691101,57.39223769102489,192.1105344316557
28369706,-0.366434,0.843123,-0.029948896308898965,306.93464378569684,168.00529062656884
28369708,-8.740478,1.428256,-0.14729289630889886,79.86769484596826,181.97463475305383
28369708,-8.740478,1.428256,-0.14729289630889886,79.86769484596826,181.97463475305383
28369709,-6.867301,1.355769,-0.26831889630889894,97.53166167894616,179.4576825232265
28369709,-6.867301,1.355769,-0.26831889630889894,97.53166167894616,179.4576825232265
28353718,-1.782934,-1.211049,0.030926103691101048,197.6816461440705,333.5384088838584
28334992,-5.734984,-4.661369,-0.11590589630889903,127.54155040994029,373.1547717801644
28358678,-2.570453,0.455451,-0.0033168963088989756,161.04681316115938,212.2410252643112
28369714,0.182538,0.671808,-0.012041896308898847,405.4429314581008,186.0897577393885
28369714,0.182538,0.671808,-0.012041896308898847,405.4429314581008,186.0897577393885
28369717,-0.676902,0.844762,-0.025614896308898905,269.8207517245738,172.5747643351973
28369717,-0.676902,0.844762,-0.025614896308898905,269.8207517245738,172.5747643351973
28358681,-2.546912,0.407178,0.00500910369110108,161.5843313803016,215.4217254118961
28360416,-0.187299,1.425413,-0.013470896308898972,336.5114990538684,70.42215525602228
28366238,-4.918184,-0.91404,-0.01894489630889895,119.3569476309747,264.19599568458824
28366238,-4.918184,-0.91404,-0.01894489630889895,119.3569476309747,264.19599568458824
28355430,-2.247174,-0.226354,0.017332103691101164,174.65555914702594,258.57697754972526
28366243,-5.650156,-1.52853,0.18404410369110114,104.58867242014242,282.12321862565125
28353730,-4.008987,-3.870828,1.279072103691101,81.12933603377209,441.7735933618156
28366245,-4.371267,-1.29647,0.14724310369110105,121.93704599298536,287.4184505028298
28360427,-0.099816,1.200809,-0.01208689630889892,350.827455558309,103.124786793702
28366252,-4.49675,1.286579,0.6484141036911011,76.86732237359132,170.10024652650625
28366252,-4.49675,1.286579,0.6484141036911011,76.86732237359132,170.10024652650625
28362283,-2.366174,0.104101,0.02765110369110113,168.00720903625003,236.06587251354327
28362283,-2.366174,0.104101,0.02765110369110113,168.00720903625003,236.06587251354327
28357018,0.058625,1.578148,-0.008315896308898951,389.140915923534,16.700644540747078
28364324,-7.325294,3.96312,1.2276211036911011,10.98508002002825,74.55129189079031
28366253,-5.942677,1.328664,0.055742103691101,93.1350437144971,176.86243493093514
28369737,-5.053524,0.671822,0.9193101036911011,59.85592722642232,202.7439908207111
28369737,-5.053524,0.671822,0.9193101036911011,59.85592722642232,202.7439908207111
28345318,-3.139359,3.223823,0.559635103691101,83.88579381950458,10.728500969126827
28369738,-6.843791,0.703278,0.37043310369110105,75.50196874858389,201.25721860218636
28369738,-6.843791,0.703278,0.37043310369110105,75.50196874858389,201.25721860218636
28367477,-2.522703,0.454472,-0.055201896308898935,165.63541227354835,212.09332906842573
28366260,-7.171746,0.980702,0.715426103691101,57.12063758768792,192.35732921293416
28366260,-7.171746,0.980702,0.715426103691101,57.12063758768792,192.35732921293416
28347609,-4.677086,-1.237567,0.08448010369110115,119.83804365246688,280.4055664860901
28347609,-4.677086,-1.237567,0.08448010369110115,119.83804365246688,280.4055664860901
28349758,-3.02957,-1.172484,1.659448103691101,28.301295913071414,356.1516696907362
28366266,-5.520741,0.1727,0.03111010369110101,104.37902240102666,220.24094846727988
28366266,-5.520741,0.1727,0.03111010369110101,104.37902240102666,220.24094846727988
28353741,-2.478125,-2.620533,1.0198611036911012,115.13814706905876,442.9775189561046
28369743,-6.21377,0.510673,0.805275103691101,60.34658615338651,209.23268078891087
28369743,-6.21377,0.510673,0.805275103691101,60.34658615338651,209.23268078891087
28345335,-6.137897,4.352294,-0.021242896308898862,78.63755541698163,57.22834880165309
28364340,-6.453728,3.24743,0.01425910369110106,80.57592348259942,107.3602762116262
28369751,-4.427338,0.496278,0.917573103691101,66.11873134161644,211.82297026040035
28369751,-4.427338,0.496278,0.917573103691101,66.11873134161644,211.82297026040035
28364349,-5.376063,2.59453,-0.08555989630889882,98.87540541801673,121.80887105236596
28366297,-2.339839,0.062913,-0.04436589630889887,173.36283372433002,238.07153521975692
28366297,-2.339839,0.062913,-0.04436589630889887,173.36283372433002,238.07153521975692
28353754,-0.789614,-0.999634,0.003297103691101144,259.8837824724219,357.9347050137303
28360455,-0.085131,0.963813,-0.019338896308898956,351.8555046933472,142.56478495139703
28360455,-0.085131,0.963813,-0.019338896308898956,351.8555046933472,142.56478495139703
28360459,-0.109682,0.931673,-0.013834896308899003,346.927004089224,148.46121824649458
28360459,-0.109682,0.931673,-0.013834896308899003,346.927004089224,148.46121824649458
28367495,-5.089789,-0.080233,0.11311610369110103,107.1556784842986,231.7563881093293
28367498,-2.434316,0.263126,-0.05658489630889885,169.71008517379806,224.5535555145798
28367498,-2.434316,0.263126,-0.05658489630889885,169.71008517379806,224.5535555145798
28364359,-6.658829,2.204977,1.282770103691101,20.86910093064625,140.43935355179872
28366319,-2.237761,-0.091567,-0.020785896308898932,176.53257216320398,249.31475594050605
28366319,-2.237761,-0.091567,-0.020785896308898932,176.53257216320398,249.31475594050605
28369765,-6.398858,0.111238,0.527891103691101,74.76612343514589,222.8302556372914
28369765,-6.398858,0.111238,0.527891103691101,74.76612343514589,222.8302556372914
28364362,-6.314794,1.909404,0.1641281036911011,82.07174891543968,156.3621737131273
28366323,-2.216378,-0.124542,-0.020818896308898882,177.50596334830735,251.6970194728376
28366323,-2.216378,-0.124542,-0.020818896308898882,177.50596334830735,251.6970194728376
28364366,-4.346097,1.33441,1.0380371036911011,50.5490738828895,164.57978599593662
28364366,-4.346097,1.33441,1.0380371036911011,50.5490738828895,164.57978599593662
28366337,-2.252235,-0.251877,0.010193103691101157,175.01467652537988,260.0318644352462
28366337,-2.252235,-0.251877,0.010193103691101157,175.01467652537988,260.0318644352462
28360470,-4.17429,2.782622,0.655177103691101,67.2576183250739,78.3340924056898
28337213,-2.937429,1.369148,-0.06734289630889889,148.65236506841933,156.19200599194906
28371409,-7.001183,2.109832,0.21763410369110114,73.7829276973612,153.16510056616312
28371410,-5.582903,2.054326,1.246176103691101,24.79790373200595,136.2906151266489
28371411,-6.180509,2.074157,0.8835381036911011,45.908507841666,144.573945189979
28371415,-7.0829,2.332132,1.269079103691101,20.715316657718404,139.17957181107795
28371419,-0.237877,0.84705,-0.02184689630889891,325.2717462695114,164.89875121749725
28371420,-7.726362,1.781867,1.199603103691101,27.890158777449983,165.1474241819122
28371422,-0.432531,0.768761,-0.04115889630889891,298.6491924495102,178.97388398363918
28371432,-5.787343,0.231377,-0.021174896308898905,103.3568017967263,217.3708356499789
28371433,-6.490357,0.165083,-0.06088289630889898,98.24335093195444,218.3975909387621
28371460,-3.120843,-0.061098,-0.18193689630889898,157.42490641891663,238.2776836716719
28371462,-2.886253,0.022287,0.15588210369110111,144.80271500633606,238.8056556230632
28371471,-2.660686,0.181068,0.861607103691101,97.65461332355486,239.09540530536125
28371483,-2.920168,0.193277,1.259293103691101,54.31288608125749,241.6265708236844
28371486,-3.310932,-0.127191,0.6891471036911011,101.5035557010134,250.883275530786
28371489,-3.085818,-0.192573,0.6070251036911011,112.20659947611868,256.0712166552548
28371490,-0.412327,0.270473,-0.00737589630889901,298.6107622735758,241.959238122754
28371504,-0.210934,0.290262,-0.01331289630889887,326.41306109475914,242.79254847309045
28371529,-0.24036,0.172861,-0.02590889630889892,322.10734266804167,257.08196594451834
28371615,-5.423393,-3.131403,0.9008151036911011,83.1038916985612,355.0774167695364
28371631,-5.349663,-3.271926,1.5961671036911012,46.90232472953275,381.96332317170686
28371651,-2.625948,-1.782228,1.8031671036911012,20.638790027358368,436.2159003551627
28371653,-2.50618,-2.580498,0.8114601036911011,129.8173434044791,425.3513988120882
28371654,-2.018316,-2.428017,0.4939181036911011,166.08891823227668,423.53695865718726
28371830,-5.738944,4.083527,0.15973310369110116,74.39460601348983,57.07837237256018
28371839,-10.406382,6.000203,-0.17106789630889896,55.33081087279649,69.93354327404498
28371841,-5.856685,3.581262,0.6090641036911011,52.178637730217645,74.4444339723303
28371843,-4.866558,3.199853,0.19857610369110112,86.29541329642251,80.6705104435922
28371844,-7.930737,4.381456,0.20179410369110107,57.84320036955239,83.13571050369367
28371847,-5.706201,3.092425,1.237231103691101,15.82240904251853,84.01994874242544
28371851,0.145172,1.152007,-0.0034338963088988983,404.0481475952815,95.66699883789056
28371853,-4.347265,2.616469,0.250017103691101,93.59974594680192,100.41544599763726
28371868,-3.003845,1.851572,0.009262103691101142,139.30436769483686,125.25333330345958
28371872,0.062371,0.99713,-0.011246896308898968,382.0345874822234,130.5992471092813
28371875,0.004723,1.010381,-0.007793896308898818,369.6832894345727,130.71191676709088
28371885,-6.005558,1.993028,0.49664210369110107,68.07943816815384,149.05992442760038
28371886,-0.106738,0.968045,-0.00836889630889881,347.55376270560834,142.3305422586016
28371889,0.07736,0.899276,-0.012496896308898942,384.1313330281182,147.68997582895554
28371894,-2.956495,1.476168,0.039331103691101044,141.0719598578458,148.6786046113474
28371898,0.044162,0.857928,0.000459103691101026,376.13112244609374,155.78210866431874
28371910,-6.995502,1.425772,0.24317210369110098,76.19453803702382,176.83039761553366
28371940,-0.25642,0.572816,-0.018788896308898906,321.1176031121717,204.02706650014431
28371947,-4.433818,0.199934,0.8061121036911011,75.76096671808949,226.52123702172867
28371983,-1.482546,0.368272,-0.048964896308898886,210.9248590382362,221.4791435965114
28372006,-2.585749,0.177749,0.874601103691101,98.13132555510252,240.27236519030424
28372013,-0.644915,0.372528,-0.009235896308898983,272.5073803132945,227.11241048478863
28372016,-0.51778,0.365068,-0.007562896308898948,286.1750149491704,229.22236919466565
28372027,-2.859289,0.02212,-0.007219896308898965,154.9250964166821,237.2148572574335
28372036,-2.914783,-0.010849,0.0808181036911011,148.60687082251738,239.6903831524909
28372040,-2.966402,-0.059044,-0.0280818963088989,153.531314573165,240.83223131473864
28372088,-2.319992,-0.197413,-0.013004896308898894,173.60405820526668,255.31243300359188
28313752,-3.568471,-2.846609,-0.026242896308898978,152.09139278082796,362.66156962180014
28343207,-7.720806,4.885803,0.8326061036911011,26.127686822869123,50.87841462934122
28345395,-7.015661,2.095356,0.9390211036911011,40.19678226240456,150.17278257613174
28345395,-7.015661,2.095356,0.9390211036911011,40.19678226240456,150.17278257613174
28362324,-5.556462,-3.237443,1.880201103691101,28.28881834105596,384.0082525319847
28345396,-5.980575,2.079886,0.5063991036911011,67.20728212027845,145.13783839968517
28362332,-3.578419,-2.53806,0.0074421036911009875,149.02637224951073,350.62939141164213
28331468,-0.472489,0.745701,-0.010182896308899014,292.0007406867808,182.27604890604525
28331468,-0.472489,0.745701,-0.010182896308899014,292.0007406867808,182.27604890604525
28362337,-1.720176,-1.289572,0.05146510369110113,199.76662055675823,341.70585425646675
28362340,-1.628664,-1.515358,0.05447010369110106,204.9331007536393,360.2963168980156
28318981,-4.039568,-1.033486,0.002010103691101106,133.08328494216377,278.15100983429005
28318981,-4.039568,-1.033486,0.002010103691101106,133.08328494216377,278.15100983429005
28369790,-0.982598,0.391385,-0.014675896308898873,242.3310232372767,222.52622939042743
28366367,-7.013691,-2.90565,-0.21930989630889886,111.01651937395783,304.6549014494641
28362352,-2.889313,-2.972099,0.03646310369110117,166.28437230718362,390.70110889424615
28362355,-1.554546,-1.727684,0.046639103691101136,209.8966816202945,377.1039539394764
28370851,-3.097617,-0.68686,1.751371103691101,9.441501853590864,321.0444012452231
28343262,-3.267699,2.806549,-0.014033896308898841,127.96312891356833,68.64136836588841
28338053,-3.147362,-2.752646,-0.037633896308898906,162.0189375790873,369.9617135324223
28352342,-0.303631,1.702608,-0.012913896308898831,318.3066964081137,32.769236804420416
28343272,-6.94199,3.096138,0.45231510369110106,58.24051463481536,114.5431653148523
28335049,-3.500581,-2.870755,-0.018343896308898877,153.3341471115494,365.6899323404881
28366376,-4.407526,-2.134321,-0.03790189630889884,133.5282052524218,316.7144855373051
28357106,-0.691443,1.066897,-0.010590896308898978,267.1900198620156,145.72987342756414
28340965,-1.066731,1.82013,-0.0062678963088989015,230.3192518540711,69.11133522853811
28331496,-0.509182,0.551549,-0.009281896308898974,287.3770487975375,206.8304930645593
28331496,-0.509182,0.551549,-0.009281896308898974,287.3770487975375,206.8304930645593
28370863,0.235545,0.033497,-0.005590896308898863,407.92610339258766,295.96465542078204
28364457,-3.337092,-0.376626,1.753190103691101,5.078585253512898,290.0498903987668
28364457,-3.337092,-0.376626,1.753190103691101,5.078585253512898,290.0498903987668
28311105,-3.029751,-2.851089,0.007089103691101162,163.39332744251828,379.46951225512896
28340981,-1.030548,1.809367,-0.007586896308898972,233.43600931567684,68.53875459997138
28364470,-3.235633,-0.514296,1.752821103691101,6.924668024062612,303.2831924328752
28364471,-4.503539,-0.901663,0.2851701036911011,111.22924675675912,271.397205687277
28364471,-4.503539,-0.901663,0.2851701036911011,111.22924675675912,271.397205687277
28352370,-0.878961,1.625033,-0.01965389630889902,248.23119382245747,83.86073670534978
28338068,-3.008509,-2.655086,-0.014202896308898927,164.09065726048365,370.57903049205385
28370882,0.170103,-0.123646,-0.009844896308898843,390.9825649494719,315.8584534298436
28360527,-0.584228,0.665768,-0.011993896308899021,279.0289134870762,193.10486814855776
28360527,-0.584228,0.665768,-0.011993896308899021,279.0289134870762,193.10486814855776
28347752,-4.046886,-3.595983,0.5178561036911011,121.33845977201302,396.8698186482855
28367575,-2.909699,1.002225,-0.13742889630889898,155.47047552732755,178.88791545004705
28357153,-1.261877,0.989014,-0.008635896308898827,219.42169873670903,164.94644942327653
28338078,-3.071117,-2.843506,0.006667103691101017,162.31224045835387,377.8116641234601
28334264,-3.108303,-0.87303,1.7675771036911012,10.539705295888666,335.7576582641873
28367582,-0.241503,0.883219,-0.003246896308898961,324.0691785647199,159.3622748161722
28367582,-0.241503,0.883219,-0.003246896308898961,324.0691785647199,159.3622748161722
28368757,-10.613531,8.134784,0.0012251036911010704,39.8372002754688,10.08134149694709
28366418,-2.730372,-1.752291,1.798162103691101,20.79653475958364,425.6754857943217
28345543,-5.614368,-3.174722,2.141311103691101,10.119546763018008,388.72988646708086
28366428,-1.451247,-1.834102,-0.012533896308899006,218.83486942179348,385.7534347851148
28370899,-4.043788,-3.420177,0.1668971036911011,136.7535241542268,378.5192452078484
28335084,-3.023495,-2.679815,-0.015198896308898924,163.8505301034795,371.2029024899689
28367595,-5.346148,0.973979,0.16782810369110113,96.02202234965064,188.94628053310083
28367595,-5.346148,0.973979,0.16782810369110113,96.02202234965064,188.94628053310083
28336491,-7.435644,4.985163,0.7732761036911011,28.79144965341203,42.02381048459475
28368774,-1.002593,1.99717,-0.001639896308898825,234.69001995023945,43.34393636824416
28366445,-1.31821,-2.126528,-0.009468896308898911,226.9120683958627,412.0604209195161
28367598,-5.259181,0.85637,0.17962310369110113,97.06927952777008,193.6453063083608
28367598,-5.259181,0.85637,0.17962310369110113,97.06927952777008,193.6453063083608
28341058,-4.580549,0.584266,0.05124210369110105,113.50745259953096,204.50049535266535
28341058,-4.580549,0.584266,0.05124210369110105,113.50745259953096,204.50049535266535
28367601,-5.354488,0.588718,0.12138710369110117,100.15433337842477,204.56111648062785
28368781,-0.449142,1.648567,-0.004023896308898989,295.9441378244296,53.182513249571855
28366459,-1.243358,-2.278078,-0.0048508963088989,231.42596947692928,426.7107908181768
28338091,-2.847312,-2.586708,-0.01682489630889883,168.29301313365133,372.35969869602775
28311173,-2.247831,-2.493971,0.07958710369110111,181.98486150812715,393.4910114871103
28338095,-2.952323,-2.810635,0.006274103691101152,165.29947986696422,380.1136468260629
28304743,-3.25649,-0.60658,1.7263901036911011,11.710819752552991,308.72353215224683
28304743,-3.25649,-0.60658,1.7263901036911011,11.710819752552991,308.72353215224683
28336515,-6.911134,5.06413,0.018192103691101025,67.36662054254856,42.852113454370055
28343454,-5.618098,-3.166047,0.3043641036911011,107.53807154389912,339.16226372448523
28343456,-1.040459,0.515394,-0.018035896308898902,237.6695659564528,210.03467587367425
28343456,-1.040459,0.515394,-0.018035896308898902,237.6695659564528,210.03467587367425
28367613,-0.176485,0.606549,-0.010369896308898952,333.2738331378601,199.1762555566825
28367613,-0.176485,0.606549,-0.010369896308898952,333.2738331378601,199.1762555566825
28368794,-7.789842,4.794342,0.09329810369110114,60.8828638251928,67.92588320509611
28345642,-5.580686,-3.26041,1.487900103691101,52.11950367071492,371.9641928416379
28367623,-5.337272,-0.002192,-0.018715896308898916,109.53318115437214,227.0783602617634
28367623,-5.337272,-0.002192,-0.018715896308898916,109.53318115437214,227.0783602617634
28368800,-0.039655,1.343539,-0.01270389630889901,364.1144924290621,73.5137113262897
28369889,-4.538846,-1.164921,0.4554291036911011,103.66065404744144,284.7354571583391
28368806,-0.436622,1.477617,0.0006891036911009785,297.10914504015136,78.3124534363379
28368808,-0.489389,1.488229,0.010704103691101086,289.4555206222109,79.43290783454447
28335109,-2.984677,-2.810803,0.009770103691101095,164.27617627873929,379.20585799760505
28336532,-7.217834,5.006111,-0.013677896308898818,67.31682356143409,51.85604001670521
28352428,-6.928155,3.060684,0.555485103691101,53.57165878309394,114.70228899630108
28335114,-2.809293,-2.57478,-0.01787789630889902,169.36323847673413,372.9778156637416
28369896,-3.062986,-0.849012,1.7338531036911011,14.243835663628914,334.13465115192923
28369898,-1.946268,-0.410364,0.060880103691101084,184.98041321964533,276.45418646027844
28368817,-4.678222,2.663546,0.897759103691101,46.69197406123388,92.5491925394075
28369902,-7.210967,2.11608,0.8963051036911011,41.70263663236912,151.0133850170879
28369902,-7.210967,2.11608,0.8963051036911011,41.70263663236912,151.0133850170879
28330545,-2.886741,1.282687,-0.056003896308898904,149.9078951270281,161.04716172250158
28358948,-0.441208,-0.413482,-0.003090896308898916,293.97702609453574,319.0418821567185
28337324,-1.056102,1.815614,-0.005590896308898863,231.156005161109,69.05431398378087
28369905,-7.21418,2.116757,0.9759901036911011,37.70595775867963,150.5914544562788
28369905,-7.21418,2.116757,0.9759901036911011,37.70595775867963,150.5914544562788
28319085,-2.873615,-1.588266,1.7865581036911011,19.568492295315764,402.8474498922607
28368822,-4.708796,2.684998,0.7140991036911011,59.42703386102397,95.50138907176658
28343525,-5.620541,-3.2722,2.224122103691101,5.152710830047028,395.5602240755546
28368825,-6.608566,3.155434,0.8684421036911011,37.770443204083705,102.9221744726488
28369916,-0.68224,0.69503,-0.012936896308898937,268.655189249185,190.19509827556172
28369926,-0.467517,0.657462,0.037932103691101116,289.8809712652432,193.62629180839747
28369926,-0.467517,0.657462,0.037932103691101116,289.8809712652432,193.62629180839747
28338152,-2.849076,-3.348437,-0.013209896308898905,171.26715304251,406.9187006356792
28368832,-0.349368,1.232551,-0.014879896308898966,309.69349442067227,111.28622135355344
28343553,-0.602342,0.491876,-0.027097896308899028,277.9267061256899,213.55701758485628
28343553,-0.602342,0.491876,-0.027097896308899028,277.9267061256899,213.55701758485628
28358995,-0.601404,-1.401918,-0.005642896308899026,277.229572168668,403.8739254917094
28307225,-3.883741,-2.9025,0.015951103691101087,144.02109782484496,358.2134332735145
28369940,-0.997323,0.384021,-0.023016896308899026,241.6998620286614,223.05323908638996
28355666,-0.130755,1.308051,-0.014778896308898837,345.9753400117121,86.7047482048749
28369942,-0.572846,0.454185,-0.008526896308898912,280.0912009131936,218.2917102528162
28369942,-0.572846,0.454185,-0.008526896308898912,280.0912009131936,218.2917102528162
28338164,-0.481879,0.744913,-0.009588896308898809,290.8176299479443,182.4725310668828
28338171,-2.340078,-2.513697,0.007316103691101139,182.51021031655085,387.5297026465278
28335153,-2.63485,-2.676446,0.06784010369110116,170.7567518263316,387.177603799602
28286604,-5.725393,-3.070711,0.065132103691101,115.15708037667068,329.8373557302722
28369948,-0.251824,0.533829,-0.007749896308898885,321.1554990736396,209.49406249028775
28369948,-0.251824,0.533829,-0.007749896308898885,321.1554990736396,209.49406249028775
28327561,-3.30351,-0.456595,1.5859291036911012,25.660774167371017,291.742828280039
28327561,-3.30351,-0.456595,1.5859291036911012,25.660774167371017,291.742828280039
28368855,-5.970893,2.185282,1.011110103691101,38.30593295577805,136.5129087867715
28341255,-0.895708,1.527656,-0.01457189630889899,246.6055770584646,96.42546729031204
28369975,-2.999978,-0.075144,0.08763010369110114,146.31519789799003,242.80213478938467
28369975,-2.999978,-0.075144,0.08763010369110114,146.31519789799003,242.80213478938467
28368864,-1.391517,1.315071,-0.0004588963088989484,208.97017349854303,135.34647907014278
28324375,-3.252576,-0.658802,1.727997103691101,12.333942037722409,312.81266380970226
28353976,-0.256304,1.722951,-0.0062398963088989845,325.94151904970903,23.996691616409663
28335177,-2.377577,-2.535287,0.006398103691101165,181.37241204932775,387.1510426526779
28368870,-5.895313,2.064856,0.26957510369110116,79.74901901408091,146.58475038595384
28307259,-2.381416,-2.572577,0.062078103691101116,178.6234575982239,391.3742666480458
28368874,-0.748986,1.098778,-0.022018896308898972,261.9875977683577,143.52279088735878
28338204,-2.156935,-2.429154,0.0035751036911011447,188.87827715387448,390.2180174940249
28368879,-0.601008,1.047477,-0.017919896308898897,277.4489523707046,145.9986646300784
28364821,0.03627,1.369701,-0.011425896308898897,380.9716841447623,61.93773839511891
28338209,-0.479817,0.629013,0.032917103691101124,288.620741416796,197.33985910541708
28338209,-0.479817,0.629013,0.032917103691101124,288.620741416796,197.33985910541708
28350098,-6.758466,5.182313,0.09474910369110101,63.99931322978452,33.02923644859629
28338212,-2.046198,-2.406745,0.06196410369110117,190.01021432824533,396.52602659315534
28350103,-7.060745,5.055246,0.006140103691101073,67.0786763607912,46.51326524463758
28362677,-2.960709,1.339185,-0.08674289630889898,149.30850529458058,158.4447449607008
28362680,-4.288383,1.436592,1.5208271036911012,7.765436184817929,154.22966779805765
28362680,-4.288383,1.436592,1.5208271036911012,7.765436184817929,154.22966779805765
28319136,-5.134259,-4.290483,0.04167410369110103,128.38111731146907,378.3161370643351
28355750,-7.204918,2.07585,0.4699921036911011,61.88495946766625,154.49973414488812
28364843,-4.284303,2.849699,1.388334103691101,2.19374619831504,56.0401609634533
28327608,-1.06912,1.824995,-0.008524896308898855,230.26705572927185,68.76883486080581
28355753,-0.569069,0.698049,-0.012789896308898818,280.7640850405592,189.09198173494977
28355753,-0.569069,0.698049,-0.012789896308898818,280.7640850405592,189.09198173494977
28338226,-0.493839,0.549692,-0.00945589630889887,289.19073029347385,207.0688704768808
28338226,-0.493839,0.549692,-0.00945589630889887,289.19073029347385,207.0688704768808
28367733,-0.223428,-0.022076,-0.013763896308898849,323.2231881610559,282.6781784751962
28355756,-0.391061,0.631503,-0.012382896308898994,302.26629241105286,196.5100606503393
28355756,-0.391061,0.631503,-0.012382896308898994,302.26629241105286,196.5100606503393
28364851,-0.435631,1.225034,-0.017929896308898963,297.82856878752926,116.38710974258018
28367735,-0.556216,-0.200238,-0.00949589630889891,281.86201049426404,291.3792191226054
28341352,-3.416051,-0.349848,1.575841103691101,25.1162311235162,281.2851358926907
28341352,-3.416051,-0.349848,1.575841103691101,25.1162311235162,281.2851358926907
28364860,-4.811225,2.712336,-0.042610896308898916,103.05680072250648,108.04076214032426
28355765,-0.584814,0.550119,-0.011441896308898913,278.9408321767032,206.9305623989648
28355765,-0.584814,0.550119,-0.011441896308898913,278.9408321767032,206.9305623989648
28367737,-0.532995,-0.198897,-0.015835896308898922,284.65625651001204,291.7735997548837
28364865,-5.031002,2.584363,-0.026952896308898966,100.1853035293926,117.13865138123882
28301456,-2.565676,-2.597988,0.008779103691101131,175.42768823390026,383.408999259549
28338240,-0.454079,0.556967,-0.01166289630889894,294.1107760644203,206.17192935795137
28338240,-0.454079,0.556967,-0.01166289630889894,294.1107760644203,206.17192935795137
28367742,-0.286115,-0.105528,0.0068581036911010695,313.3438895438396,291.4942445413451
28302357,-2.56896,-2.602982,0.016649103691101175,174.96345744139103,383.8595856083281
28364891,-0.3988,0.60138,-0.00863489630889891,301.0055426852377,200.47774406878844
28364891,-0.3988,0.60138,-0.00863489630889891,301.0055426852377,200.47774406878844
28354039,-0.734416,1.239547,-0.017231896308898875,262.9500557242817,125.73437677128202
28350140,-8.963089,3.431155,-0.08209289630889893,68.44516565181024,126.81270824840038
28360863,-2.884646,-3.141355,0.00817110369110119,168.4523621856021,397.33803916207984
28367748,0.158798,-0.030168,-0.015308896308898978,389.8379273741018,300.8893973765568
28367748,0.158798,-0.030168,-0.015308896308898978,389.8379273741018,300.8893973765568
28370066,-3.31105,-0.573246,1.755868103691101,7.810446626253139,305.6695389406118
28370066,-3.31105,-0.573246,1.755868103691101,7.810446626253139,305.6695389406118
28354046,-0.55251,1.082986,-0.020665896308898812,283.1949985417002,140.11789107033724
28360873,-0.071091,-0.366236,-0.008921896308898836,344.2332817102005,333.4739110077072
28370070,-3.558427,-1.337746,0.4352561036911011,121.50110326885031,307.8814328135067
28350146,-8.499328,3.203076,0.8145241036911011,36.28302368611128,123.67707062755665
28327630,-1.044809,1.811349,-0.006849896308898984,232.1912058994534,69.02690464905339
28364907,-7.01975,0.334894,0.722680103691101,61.09752458075104,214.68191568649968
28364907,-7.01975,0.334894,0.722680103691101,61.09752458075104,214.68191568649968
28360881,-0.296802,-0.675629,-0.014242896308898967,311.1956662279601,354.3917810720162
28335213,-2.064242,-2.419484,0.06423510369110108,189.2466519138076,396.5494826548446
28368917,-5.253909,0.866175,0.890547103691101,58.85101490602335,193.7215078368109
28368917,-5.253909,0.866175,0.890547103691101,58.85101490602335,193.7215078368109
28370089,-5.365566,-2.615253,0.12988710369110112,115.01416589065614,321.8190537328608
28367760,0.290663,-0.018591,-0.0013938963088988565,420.5229331804017,307.97733662291523
28367760,0.290663,-0.018591,-0.0013938963088988565,420.5229331804017,307.97733662291523
28334435,-5.48265,-3.919286,0.010201103691101165,123.50681790603596,359.016166736737
28367762,-0.438078,-0.534628,-0.006464896308898904,294.34711862873405,331.78868705618413
28360912,-0.937649,-1.864596,0.013958103691101176,249.330981506664,419.0235500311992
28370101,-3.292727,-1.794234,0.4596681036911011,128.26082955934777,337.2515607875331
28368924,-4.79827,0.819611,0.3989131036911011,91.39773644746737,194.63675446990624
28368924,-4.79827,0.819611,0.3989131036911011,91.39773644746737,194.63675446990624
28357479,-3.045466,-1.087988,1.751642103691101,15.90602688502804,353.95596022109123
28370114,-3.2587,-2.061445,0.43598610369110113,131.94585541993683,350.652136467577
28327645,-4.277686,-0.973549,-0.0721768963088989,131.94988724099898,271.9023511165757
28327645,-4.277686,-0.973549,-0.0721768963088989,131.94988724099898,271.9023511165757
28370119,0.1846,-0.145008,-0.0003968963088989419,393.7427772089094,320.7178094854046
28354083,-6.90456,3.052987,0.7712261036911011,42.88597566649341,112.42580919116251
28368938,-0.166058,0.567829,-0.017582896308898865,335.0150968178433,204.699994189256
28368938,-0.166058,0.567829,-0.017582896308898865,335.0150968178433,204.699994189256
28357497,-2.685769,-1.956067,1.818114103691101,21.673101263336747,446.1979597182497
28348129,-6.77085,5.091906,0.22816410369110107,57.980772875859,34.20521423533117
28367772,-1.688051,-1.412532,0.042610103691101076,202.30494568613787,350.61701012766434
28362835,-3.284818,-0.451063,1.7463281036911011,6.895380561302062,296.84410379573745
28362835,-3.284818,-0.451063,1.7463281036911011,6.895380561302062,296.84410379573745
28351584,-6.190356,4.627866,-0.010366896308898976,76.11082036543894,46.15560859707071
28325593,-0.4795,0.550254,-0.009707896308899011,290.91436575482135,207.00901141491337
28325593,-0.4795,0.550254,-0.009707896308899011,290.91436575482135,207.00901141491337
28348144,-7.599427,4.812383,0.9510571036911011,20.427246007458905,49.126141982659504
28370124,-3.449712,-2.435645,0.38628110369110114,132.7438095482604,361.2213008677015
28359198,-0.171708,1.733094,-0.005245896308898823,341.15589803390856,12.967654687531224
28304898,-2.182823,-2.440514,0.005250103691101016,187.8848043931218,389.8456077913313
28368941,-0.231613,0.568541,-0.006823896308898902,324.30221159906205,204.7043063344649
28368941,-0.231613,0.568541,-0.006823896308898902,324.30221159906205,204.7043063344649
28357509,-2.81065,-3.101538,0.1183381036911011,165.10514220654642,402.8722305365302
28304902,-1.92608,-2.331063,-0.0008478963088989211,197.75795887148857,394.451377028479
28367783,-3.366897,-2.838349,-0.005886896308898937,155.6632866125492,368.399154607084
28370133,-3.88694,-2.991725,0.08678510369110115,141.25685315584514,363.66327735091954
28370134,-3.655772,-2.842134,0.07523810369110118,145.70010109987248,363.26148310000735
28359203,-0.126321,1.494049,-0.010613896308898862,348.1378694421643,53.0519707888474
28341510,-3.226391,-0.789754,1.5986231036911012,29.15576369243212,318.32331524315333
28350193,-1.61329,0.97605,-0.01382289630889888,198.65540029704164,170.40110254907626
28319190,-3.788248,-3.133064,0.09019410369110115,143.6593374087034,371.91261451979886
28370142,0.055565,-0.399376,-0.019611896308898924,365.7096903868047,345.4757079434871
28357514,-2.79139,-3.216086,0.09688110369110103,167.18602236709285,407.92845472154295
28325606,-0.437659,0.563923,-0.007065896308898978,295.9129786049984,205.33492646918563
28325606,-0.437659,0.563923,-0.007065896308898978,295.9129786049984,205.33492646918563
28351597,-4.483138,2.761497,-0.006198896308899027,105.40110148730268,99.475139391541
28300567,-2.283329,-2.50135,0.006098103691100976,184.48653333367776,389.055241132684
28252892,-3.515871,-2.838789,-0.0033728963088988095,152.1944235685832,364.422852904971
28370152,0.17791,-0.372461,-0.006994896308898824,389.4158236952496,352.5029225649539
28370154,-2.925918,-2.841811,0.058441103691101004,163.68103961266124,384.3781493320493
28371093,-3.092805,3.098185,0.40152010369110114,99.53963648438013,26.21863766536171
28296889,-5.738183,-3.08134,0.06327910369110112,115.12232776980316,329.938986341154
28362891,-6.221291,0.110226,0.2137991036911011,89.8704449110457,221.85399663939617
28362891,-6.221291,0.110226,0.2137991036911011,89.8704449110457,221.85399663939617
28324493,-4.043696,-1.276817,-0.03522589630889894,135.88916525800985,287.8975318676378
28357544,-0.908331,-1.915214,0.08205210369110105,247.9899866341273,430.2515493518186
28325618,-0.449036,0.736611,-0.009901896308898817,294.88872969423846,183.2114597927483
28364993,-3.113136,-0.728754,1.728245103691101,13.083493506686835,322.76529779397504
28367806,0.254763,-0.532786,-0.00230689630889902,403.689772513831,382.6501990203535
28370165,-2.253051,-2.493907,0.18286710369110115,176.3454132523844,398.25208137840207
28160619,-4.708355,0.643078,0.01659210369110098,113.0101582354376,201.87423822495296
28160619,-4.708355,0.643078,0.01659210369110098,113.0101582354376,201.87423822495296
28354144,-6.392634,1.23631,0.5984281036911011,65.14798343510566,181.19729921151296
28354144,-6.392634,1.23631,0.5984281036911011,65.14798343510566,181.19729921151296
28334478,-5.193234,-4.280002,0.035488103691101,127.76628541437954,376.5443122400264
28366685,-0.132598,1.558827,-0.009821896308898959,347.43109934840174,41.71284735558646
28319206,-3.515914,-2.84063,-0.0064278963088988395,152.3373194476731,364.4037425828932
28359254,-0.523266,1.241265,-0.014281896308898867,286.42139744087126,117.62958554447228
28324507,-1.052643,1.815418,-0.010301896308898995,231.77546480026925,69.12580281925045
28367819,-1.274538,-2.200415,-0.003909896308898819,229.34272596238725,419.8022366001326
28331800,-3.391336,-3.284983,0.08655610369110112,152.88402388658125,389.5035257207516
28328663,-1.847742,-2.397097,0.03504110369110114,199.4680156141306,403.6713533918985
28366704,-10.161901,6.775193,-0.03639989630889895,48.18319394301204,43.03939778844739
28367828,-0.031933,-1.087728,-0.0063358963088988585,345.653678501256,421.6888255410792
28343882,-3.08771,3.219096,0.6855651036911011,72.9981566123268,1.7662925172237465
28362949,-3.327475,-0.438504,1.756016103691101,5.692797631034608,295.07730513119054
28371113,0.276795,1.292573,-0.013650896308898819,444.14941117850526,54.2236515957799
28346135,-0.923241,1.063248,-0.013888896308899001,245.3735142428241,151.51439979701206
28343899,-7.790701,5.026303,1.0299751036911011,14.734411887535344,42.74195193885194
28371116,0.255162,1.290086,-0.01674389630889883,437.32262818481126,57.48664921687581
28352696,-0.984394,1.007772,-0.004533896308898999,239.7626316756137,158.67097146086485
28324549,-0.99002,1.809921,-0.014414896308899028,237.3562254055889,66.60775318949541
28362960,-3.532168,-1.615755,0.4184801036911011,124.6334642564976,321.56188234732986
28371122,-0.505287,1.572404,-0.006125896308898815,288.4590077432688,68.91014568533535
28362964,-5.638088,-3.1984,0.8353061036911011,84.68274566991172,351.3818106351188
28361106,0.273256,1.370559,-0.013470896308898972,444.9873731270704,36.48454900745065
28303288,-3.123683,-3.193188,0.06609910369110117,159.76057129538398,393.6011746776836
28366750,-8.261636,2.892467,0.7483291036911011,41.37817611418089,132.47157329461743
28341625,-5.714163,-3.161796,0.04736910369110103,116.3201789774206,332.5146659117493
28361114,-0.272496,1.626717,-0.02115789630889897,323.4351792086848,43.57514541010511
28362981,-4.008407,-3.624968,0.21808210369110115,136.06914797812362,388.88986086707257
28371127,-0.606555,1.565095,-0.005798896308898849,275.93034312100235,76.29962564346084
28351639,-1.358355,0.995968,-0.01826389630889902,213.72727263739785,165.64605215252757
28371133,-1.656487,1.927428,-0.031009896308898943,192.45839743369493,85.03634147319679
28331817,-2.814972,-2.574093,-0.019258896308898876,169.2645940904995,372.7125428542018
28319243,-3.583319,-3.393554,0.07919510369110117,149.4920265730699,387.7399509460372
28343971,-6.933499,3.07441,0.6223761036911011,50.184935314914895,113.52863047834524
28371136,-1.699684,1.905473,-0.023156896308898833,189.7249650176742,88.46461411771679
28361148,-1.727096,2.076021,-0.033067896308898836,188.01065472083093,73.69963072946612
28371144,-6.879824,3.056392,1.126671103691101,23.485527888757616,107.82470706138189
28371145,-0.698277,1.398003,-0.024587896308899015,266.9738350543774,104.4565868228734
28371146,-3.170035,2.170067,0.0010171036911010845,133.55324698154482,107.80448241221164
28341663,-3.715773,-1.640688,0.03259010369110116,140.83906467929228,309.91275464855727
28341670,-6.064308,-4.077194,-0.11820289630889902,121.63693739674568,350.78114919222145
28263657,-3.99491,-3.648348,0.146369103691101,139.5537373909501,387.8221752386195
28361160,-0.430139,1.185083,-0.019532896308898984,298.5752356399445,121.9175472976844
28369019,-3.375558,-0.29213,1.7222271036911012,7.621084442475478,281.8566436799193
28369019,-3.375558,-0.29213,1.7222271036911012,7.621084442475478,281.8566436799193
28371157,-0.259522,1.165895,-0.007987896308898845,322.7506346145973,117.00521856677402
28348312,-6.205485,-2.088958,0.09889010369110118,104.64007869153605,293.63385021419566
28331834,-2.652517,-2.498107,0.00018710369110097602,172.75387579429852,375.1635932830106
28365120,-3.166583,-0.685601,1.7282281036911011,12.516308976838417,317.6221744461661
28365120,-3.166583,-0.685601,1.7282281036911011,12.516308976838417,317.6221744461661
28330754,-1.059139,1.818029,-0.0038878963088988527,230.77661962228947,68.84286157636464
28371175,-0.406895,1.132249,-0.013455896308898874,301.27554815467425,128.35673282724215
28371185,-6.01862,2.084227,0.4788451036911011,68.33170144367699,145.4675272222485
28365133,-5.627517,-3.186159,0.07937510369110101,116.2409973007565,335.24462042266794
28331865,-2.484768,-2.600782,0.06993610369110104,174.97085731477864,389.1362543656881
28333654,-3.863472,0.758433,1.5720041036911012,10.442350672503466,198.18909093182344
28371193,-4.561753,1.550867,0.8559241036911011,60.38343081172087,155.2421059269099
28338436,-5.923321,-4.01152,-0.08601289630889886,121.92325584776304,351.8835921488983
28359445,-1.187536,-0.076913,-0.009548896308898991,228.49955103638828,263.2796145474404
28271677,-1.663742,0.652066,-0.020407896308898943,198.0155039431401,198.0363180015945
28331880,-2.305564,-2.496974,0.008622103691101168,183.56610068410265,388.0678641076737
28341740,-3.483533,-2.140625,0.07035610369110112,146.34352544130502,337.55495901090563
28365156,-1.649402,-1.474438,0.050184103691101045,203.9948824088428,356.5494684111437
28365159,-1.63334,-1.532798,-0.040577896308898964,209.95614532873785,356.80643752051844
28354283,-4.182704,-0.764434,-0.01697089630889881,130.08987828632226,264.76999407827566
28354283,-4.182704,-0.764434,-0.01697089630889881,130.08987828632226,264.76999407827566
28334542,-3.491604,-2.819363,-0.0025258963088989894,152.60760856116832,364.29245981457245
28371203,-0.724258,0.979246,-0.013920896308898811,264.1328172499037,157.19020452578232
28344159,-0.489283,0.980839,-0.013717896308898858,290.3716892286316,151.78990435219993
28369064,-0.956998,-0.028393,-0.01251789630889899,245.3127005256536,263.34511895601923
28369064,-0.956998,-0.028393,-0.01251789630889899,245.3127005256536,263.34511895601923
28369065,-3.346501,-0.777929,1.6079211036911012,27.733364769967125,314.1602721794806
28369065,-3.346501,-0.777929,1.6079211036911012,27.733364769967125,314.1602721794806
28344188,-4.048934,-3.583344,0.20392310369110112,135.7772217555895,385.708024611553
28324651,-5.577881,-4.691794,-0.08339189630889887,128.50710090454254,377.87918138068846
28335326,-0.491052,0.550802,-0.009155896308898903,289.50618197776475,206.93673426849887
28335326,-0.491052,0.550802,-0.009155896308898903,289.50618197776475,206.93673426849887
28335327,-0.461764,0.741595,-0.013311896308898952,293.4885131257396,182.70511618284448
28361236,-2.868337,1.218449,-0.06219489630889896,151.16450107730975,164.9705982472245
28357757,-0.333757,1.776739,-0.017629896308898996,314.0411607343028,23.46656021479879
28361237,-1.93217,0.983439,-0.028296896308898978,183.89678188170137,172.95225134194624
28361237,-1.93217,0.983439,-0.028296896308898978,183.89678188170137,172.95225134194624
28354306,-3.343867,-0.555977,1.612328103691101,24.12995326105153,298.71163355010634
28354306,-3.343867,-0.555977,1.612328103691101,24.12995326105153,298.71163355010634
28357761,-0.31847,1.691821,-0.012973896308899002,315.8918281521894,35.9735311811848
28371215,-0.222545,0.791845,-0.013458896308898849,327.043385079621,172.61873576030564
28371215,-0.222545,0.791845,-0.013458896308898849,327.043385079621,172.61873576030564
28341781,-3.984128,-3.595297,1.221528103691101,83.00241887010978,428.0071276632804
28346320,-3.512066,-2.503504,0.0416651036911011,148.7480779946541,351.7955373859039
28352826,-4.147203,-0.768048,-0.008377896308898958,130.33249463523862,265.37818104161505
28352826,-4.147203,-0.768048,-0.008377896308898958,130.33249463523862,265.37818104161505
28296942,-5.608556,-3.311659,1.1109881036911011,72.32314433906902,362.7551685984637
28282111,-5.509116,-3.704037,-0.0002768963088988219,122.7134652624663,351.726759068892
28348434,-2.034188,-0.606715,-0.044863896308898976,188.3688344993734,285.2927148844244
28346329,-0.503553,0.654758,0.041066103691101086,285.2996836093546,194.1687882012516
28346329,-0.503553,0.654758,0.041066103691101086,285.2996836093546,194.1687882012516
28369080,-1.030907,0.659606,-0.020704896308898935,238.137219028964,195.6512630856712
28369080,-1.030907,0.659606,-0.020704896308898935,238.137219028964,195.6512630856712
28338472,-5.447795,-4.064053,0.0009971036911011755,124.8441695448208,363.87896490665855
28371219,-5.439047,1.141472,0.17063510369110113,93.97331841949918,182.30768727489672
28356026,-1.506626,-1.805326,0.05464510369110109,212.20473189279227,384.9068591391785
28341799,-3.459846,-2.832286,0.01809010369110098,152.4457603527417,366.3352976103225
28356032,-2.501127,-2.589552,1.078188103691101,109.57565469720016,443.75001998589966
28328753,-0.494508,0.552909,-0.011246896308898968,289.2105472861896,206.6576311317643
28328753,-0.494508,0.552909,-0.011246896308898968,289.2105472861896,206.6576311317643
28369092,-5.882331,0.803702,0.8252431036911011,59.26489366298944,197.36421698469536
28369092,-5.882331,0.803702,0.8252431036911011,59.26489366298944,197.36421698469536
28348470,-0.56116,-0.086381,-0.006176896308898838,281.1821792355233,279.2246885470564
28294738,-5.61735,-3.300154,2.198218103691101,7.2688633494335875,395.8541769477383
28335337,-0.46977,0.554422,-0.01024489630889902,292.12006526407947,206.49344808291573
28335337,-0.46977,0.554422,-0.01024489630889902,292.12006526407947,206.49344808291573
28352849,-1.980608,-0.240026,-0.010719896308899024,186.93255379707605,262.6298186437366
28352849,-1.980608,-0.240026,-0.010719896308899024,186.93255379707605,262.6298186437366
28338497,-3.976306,-2.758135,0.007344103691101056,141.98873257893786,350.16805756325084
28344260,-2.825668,-1.679179,1.6693181036911011,35.44693212317284,404.34493794197226
28344262,-4.061752,-3.625499,0.5905181036911011,117.67153857878776,400.18694582664057
28296977,-3.808941,-1.66714,-0.004367896308898889,140.812512988003,308.6487423777901
28346362,-0.215657,0.144863,-0.0031538963088988403,324.6358559926994,262.1388597893849
28346362,-0.215657,0.144863,-0.0031538963088988403,324.6358559926994,262.1388597893849
28356061,0.044509,-0.525646,-0.012916896308898806,362.4765872441182,361.4943411171653
28338500,-2.856991,-1.56199,1.7829541036911012,19.58230492390655,401.65023199691205
28328766,-0.471445,0.744893,-0.010717896308898966,292.1571192690972,182.3710752295699
28328766,-0.471445,0.744893,-0.010717896308898966,292.1571192690972,182.3710752295699
28335344,-0.448242,0.559178,-0.009365896308898947,294.7121577727031,205.9145289716044
28335344,-0.448242,0.559178,-0.009365896308898947,294.7121577727031,205.9145289716044
28328770,-0.451451,0.738555,-0.010766896308898932,294.6345159027367,182.98582080969877
28328770,-0.451451,0.738555,-0.010766896308898932,294.6345159027367,182.98582080969877
28369103,-5.585654,0.242158,-0.04886289630889884,106.70666206524795,217.1903934166541
28369103,-5.585654,0.242158,-0.04886289630889884,106.70666206524795,217.1903934166541
28352861,-1.898153,-0.398079,0.0076461036911010805,190.17377932144308,275.2323774222075
28369104,-7.478181,0.452867,0.6890571036911011,59.75394950934657,210.2353994418704
28369104,-7.478181,0.452867,0.6890571036911011,59.75394950934657,210.2353994418704
28346381,0.093304,0.007336,-0.012731896308898927,376.789676274287,292.1156791917048
28346381,0.093304,0.007336,-0.012731896308898927,376.789676274287,292.1156791917048
28328779,-0.431725,0.731645,-0.012262896308898874,297.19524513909505,183.6926172213304
28328779,-0.431725,0.731645,-0.012262896308898874,297.19524513909505,183.6926172213304
28296988,-5.269187,-3.615339,0.07851010369110112,122.48291731217152,355.1233428775424
28369106,-1.262197,0.377275,-0.02470389630889902,222.8516366943062,222.1030827619333
28369106,-1.262197,0.377275,-0.02470389630889902,222.8516366943062,222.1030827619333
28327775,-5.628456,-3.366875,0.45974710369110106,102.03244952472198,348.7243876727013
28300707,-0.516276,0.73745,-0.015085896308898894,286.9852859693043,183.7766203983279
28300707,-0.516276,0.73745,-0.015085896308898894,286.9852859693043,183.7766203983279
28369107,-0.690256,0.470774,-0.01257789630889894,268.03772396648,215.77187608041152
28371249,-5.17743,0.72394,0.18143210369110108,98.641296600008,199.06065547525975
28371249,-5.17743,0.72394,0.18143210369110108,98.641296600008,199.06065547525975
28293161,-5.596477,-3.266547,1.400587103691101,56.94477540220339,369.2820163392149
28354379,-4.134481,-0.683566,0.010561103691101081,129.2499514864063,262.07333297466744
28354379,-4.134481,-0.683566,0.010561103691101081,129.2499514864063,262.07333297466744
28371261,-5.438439,0.435315,0.08278610369110107,101.74087204686008,210.4869193195232
28371261,-5.438439,0.435315,0.08278610369110107,101.74087204686008,210.4869193195232
28352880,-5.656636,-3.200762,1.084297103691101,72.63291895607563,357.0970563820438
28341868,-2.968958,-2.627518,-0.006806896308898969,164.67368894527038,370.7981943302757
28357851,-0.887914,1.09,-0.015997896308898918,248.54127955498203,147.7666955720641
28338546,-3.515412,-2.874343,-0.012191896308898942,152.74992820798263,365.6303448536856
28354403,-0.707529,0.084366,-0.016383896308898915,266.9524931182036,257.1642652058506
28354403,-0.707529,0.084366,-0.016383896308898915,266.9524931182036,257.1642652058506
28363275,-7.002872,3.073634,0.31338410369110103,64.46988072085875,117.46077327963434
28352884,-3.612112,-2.183561,0.02223110369110115,146.02647423157606,335.23845554588604
28366900,-3.163399,-0.837891,1.733973103691101,14.25351214970388,329.48519053638194
28363278,-5.465796,2.489929,0.3968081036911011,74.20986376244764,122.48220179954316
28354405,-1.083408,-0.239132,-0.00849489630889888,236.1670633590748,279.71124434929794
28363279,-5.354302,2.275462,0.39839010369110106,76.47041210796729,131.01573552110938
28366903,-4.378118,1.402553,0.9351391036911011,57.40812694232071,161.44491519486596
28366903,-4.378118,1.402553,0.9351391036911011,57.40812694232071,161.44491519486596
28363287,-6.136338,1.638433,0.05501110369110118,89.7900564691623,165.99677260282164
28366908,-5.674745,1.060309,0.0859841036911011,95.84152079770972,186.31972079218204
28366908,-5.674745,1.060309,0.0859841036911011,95.84152079770972,186.31972079218204
28354419,-3.472702,-2.3972,0.047713103691101155,148.84620424735516,348.3874054135647
28363289,-4.721049,1.20705,0.45370810369110104,86.72155432542948,175.98611757630502
28363289,-4.721049,1.20705,0.45370810369110104,86.72155432542948,175.98611757630502
28256274,-3.518718,-2.841944,-0.0032128963088988716,152.13848321520737,364.4822515013881
28367990,-0.079648,1.716103,-0.0005048963088989389,359.21354771985386,4.751630741798095
28268750,-3.783309,-1.624148,0.007208103691101142,140.58552052646326,307.4784897433772
28341890,-0.471462,0.746078,-0.009006896308898948,292.0641217427832,182.21281474707507
28341890,-0.471462,0.746078,-0.009006896308898948,292.0641217427832,182.21281474707507
28367997,-0.245762,1.684274,-0.014099896308898963,327.90018110608446,30.52113310332049
28338565,-3.325282,-2.955999,0.011857103691101045,156.34152584287813,375.15157986857423
28268767,-3.451796,-3.325466,0.08115410369110099,151.95470007813182,389.081800702831
28368001,-0.7931,1.958591,-0.013614896308898894,255.41145841926968,34.55833598062728
28368011,-0.307755,1.598096,-0.013742896308899022,317.2524167739001,50.797665917337184
28341906,-2.734975,-2.512966,0.003422103691101075,170.21646429730254,373.25719067422847
28368014,-11.260668,7.212553,-0.23398189630889887,50.16563227102927,49.08265116459458
28352910,-2.721925,-1.798838,1.833990103691101,16.840467018369964,432.8127241438249
28368022,-0.315188,1.526814,-0.021716896308898948,316.1942583684436,63.67027826016894
28370353,-0.741066,2.115654,-0.00907789630889888,260.2956320947097,7.679308146655046
28338581,-3.03814,-2.663035,-0.015767896308898965,163.42204754462432,369.9852905608845
28366928,-5.34214,0.060579,-0.01111289630889889,108.84512570746357,224.7147566854373
28354462,-2.515703,-3.834552,0.01884510369110104,181.55146793068812,443.8963150651614
28341922,-2.711425,-2.666117,0.01877310369110119,170.8311850998017,381.96200126006937
28366931,-0.307711,0.532553,-0.008638896308899024,313.12383952047315,209.5404130237176
28366931,-0.307711,0.532553,-0.008638896308899024,313.12383952047315,209.5404130237176
28294815,-4.047269,-2.691372,0.07041910369110105,137.627473691724,347.6172736762456
28330880,-4.254764,-0.872805,-0.044672896308898924,130.6313527389811,268.3054297306109
28330880,-4.254764,-0.872805,-0.044672896308898924,130.6313527389811,268.3054297306109
28368030,-0.076253,1.33947,-0.02001289630889902,356.85716112913485,77.61224382696577
28261831,-0.892191,-1.886711,0.1051341036911011,247.881362031053,431.1793182858409
28370361,-3.76664,3.720185,0.03891110369110118,107.93388724879098,23.402191895499328
28370363,-0.117866,1.638829,-0.008315896308898951,350.9262144647869,25.112466217355177
28334609,-3.054159,-2.707446,-0.03234889630889892,163.96238299936417,370.9153813566448
28338601,-3.369364,-3.296174,0.0770231036911011,153.86340788070547,390.31836156953887
28338604,-3.000627,-2.794372,0.013838103691101056,163.59441765713044,378.1055910399625
28357912,-1.092076,0.857066,-0.015495896308898915,232.4826070846555,176.08688043763692
28357912,-1.092076,0.857066,-0.015495896308898915,232.4826070846555,176.08688043763692
28324750,-3.402103,-2.99018,0.012158103691101152,154.70324966085582,374.36158368061353
28341957,-2.483672,-2.616209,0.06719610369110107,175.2115862381736,389.8330802319574
28352946,-1.518343,-1.778435,0.05257510369110108,211.61226623713392,382.4571685209551
28368057,-6.860427,3.183285,0.7253191036911011,44.54423312328416,107.06952652114808
28341970,-0.473264,0.552068,-0.009142896308898862,291.6366154806134,206.7931607618397
28341970,-0.473264,0.552068,-0.009142896308898862,291.6366154806134,206.7931607618397
28334626,-2.88028,-2.621262,-0.03496789630889885,168.37564588502306,372.2609020141613
28356273,-0.054222,1.715082,-0.01053689630889898,364.9232514329041,2.9708255679922217
28356274,-0.018473,1.66518,-0.009133896308898937,372.2076764123793,8.403233622573651
28341977,-0.447885,0.558247,-0.010604896308898937,294.8197716013623,206.02204314907797
28341977,-0.447885,0.558247,-0.010604896308898937,294.8197716013623,206.02204314907797
28370378,-0.000791,1.44699,-0.008308896308898861,373.5171841812272,50.00402317421896
28356279,0.024865,1.563206,-0.013917896308898836,380.93419846437456,24.55569161155347
28368061,0.247184,1.009719,-0.01294789630889892,428.8210119061407,118.46041369435174
28368061,0.247184,1.009719,-0.01294789630889892,428.8210119061407,118.46041369435174
28341982,-0.412826,0.584121,-0.011823896308899018,299.3283681857074,202.7108077582708
28341982,-0.412826,0.584121,-0.011823896308899018,299.3283681857074,202.7108077582708
28363403,-7.16718,2.103571,1.2213051036911011,24.99206733605521,149.40560640070527
28363403,-7.16718,2.103571,1.2213051036911011,24.99206733605521,149.40560640070527
28352978,-1.301828,-2.341373,0.03734410369110108,226.0591033988269,430.140267606345
28363416,-7.745242,1.496509,0.2818631036911011,69.80190883267866,176.8983945073648
28361426,-1.629956,0.986491,-0.029756896308898995,198.7520190196098,169.77282502488058
28363424,-5.703112,0.543165,-0.04678889630889893,103.87107074510348,205.92459287557375
28356313,-0.242873,1.301375,-0.013890896308898837,326.35495481104414,94.86634045507436
28356317,-0.773926,1.590272,-0.01824289630889897,258.4202727192755,82.8613312050289
28352992,-0.035303,-0.480179,-0.014812896308898926,349.4063467649829,349.58094145986723
28363428,-6.711496,0.354719,0.1308401036911011,87.99226327243971,212.48811033741225
28371379,-0.465759,0.190534,-0.011260896308898927,292.24636484568146,250.4169118969805
28371379,-0.465759,0.190534,-0.011260896308898927,292.24636484568146,250.4169118969805
28342015,-2.086039,-2.430256,0.06261110369110101,188.53984010360264,396.1080396669017
28342017,-2.035746,-2.364803,0.0069501036911010505,193.0749562662063,391.9507591177945
28368073,0.21351,0.928955,-0.001587896308898884,418.01003757845103,136.17222741114455
28368073,0.21351,0.928955,-0.001587896308898884,418.01003757845103,136.17222741114455
28324794,-2.994239,-2.801203,0.02026310369110118,163.49149174734384,378.8526417750308
28327887,-5.363733,-4.459162,-0.011598896308898876,127.89519473999354,377.1946083950365
28334643,-2.698101,-2.514479,-0.005886896308898937,171.7557229952562,374.194852313585
28324801,-2.860587,-2.589344,-0.018744896308898973,168.0244329118579,371.9918319812453
28354644,-0.301856,1.772679,-0.009896896308899006,318.7466010939802,20.25260578658916
28356376,-0.603041,0.939034,-0.014294896308898908,277.0326571221423,159.7182731406802
28356376,-0.603041,0.939034,-0.014294896308898908,277.0326571221423,159.7182731406802
28274889,-2.416446,-2.570757,0.07510310369110118,176.7943653606607,390.487087162408
28356380,-5.156495,2.360405,0.3439761036911011,80.70939283699295,125.1414576618322
28320794,-5.61595,-3.161698,0.9750681036911011,78.06103920035801,353.89492149147674
28370398,-0.101664,1.36803,-0.013237896308898822,351.9240199797925,73.94563495715593
28367005,-4.37327,-0.713109,0.33295510369110104,109.66376601137334,265.212805200762
28367005,-4.37327,-0.713109,0.33295510369110104,109.66376601137334,265.212805200762
28354658,-0.754888,1.81578,-0.013466896308898857,259.6556129489072,51.412387893000215
28338634,-2.714814,-2.54611,-0.014775896308898862,171.8248014466729,374.8186205988488
28354663,-0.231674,1.393734,-0.011453896308898814,328.58957059813474,78.85231564936586
28368097,-4.40821,1.493162,1.2492161036911011,31.72071821985162,154.16779094915734
28368097,-4.40821,1.493162,1.2492161036911011,31.72071821985162,154.16779094915734
28354674,-0.786326,1.672135,-0.004643896308898832,256.09798615480577,72.14435003781912
28346712,-4.373053,2.816231,0.06651610369110106,102.6282717631414,93.23696086018684
28354681,-0.776156,1.548273,-0.012806896308898974,257.9152871585956,88.16163972789647
28332014,-0.513345,0.739004,-0.012647896308898954,287.1984974281355,183.54643906024552
28332014,-0.513345,0.739004,-0.012647896308898954,287.1984974281355,183.54643906024552
28332017,-0.512584,0.553183,-0.010143896308898892,287.02784528919915,206.62145968296517
28332017,-0.512584,0.553183,-0.010143896308898892,287.02784528919915,206.62145968296517
28337715,-3.170369,-0.805341,1.765079103691101,9.937496447987058,328.1275790215182
28338650,-2.708465,-2.686296,0.0037311036911011897,171.72735078617563,382.42838875964446
28367021,-4.530849,-1.130517,0.26929010369110107,112.8481233872638,280.4732209593213
28367021,-4.530849,-1.130517,0.26929010369110107,112.8481233872638,280.4732209593213
28367022,-2.092485,-0.520261,0.03242210369110099,181.19532669259013,280.4346309855866
28368107,-4.607234,1.500417,0.6754531036911011,72.41914905093029,159.5074848637086
28368107,-4.607234,1.500417,0.6754531036911011,72.41914905093029,159.5074848637086
28363504,-3.310164,-0.549123,1.7254181036911012,11.070562103332776,302.8347615928386
28363504,-3.310164,-0.549123,1.7254181036911012,11.070562103332776,302.8347615928386
28332027,-0.478074,0.551053,-0.009167896308899026,291.05760978965526,206.91550385795128
28332027,-0.478074,0.551053,-0.009167896308899026,291.05760978965526,206.91550385795128
28332028,-0.461408,0.742846,-0.011062896308899006,293.4140872943285,182.53259254681444
28368113,-7.697295,1.485163,1.289487103691101,25.337932163649786,175.48502722285406
28348837,-7.026052,3.080006,0.8407291036911011,38.77381947237865,112.10317413383991
28324830,-2.740431,-2.69396,0.008320103691101144,170.60658862933926,381.8708914281704
28342106,-5.640355,-3.195108,2.145134103691101,10.088493948565372,388.8924813145297
28348843,-8.308503,3.271176,1.037966103691101,25.96009870956564,117.61535919112345
28342113,-5.613697,-3.273068,1.557657103691101,48.08503751550509,373.64841951098856
28342114,-5.620619,-3.296996,0.3031971036911011,108.14136057318748,343.30111894911124
28332037,-0.442536,0.734387,-0.011343896308898982,295.7801375283228,183.43980111392307
28368126,-0.54485,0.852195,-0.010063896308898812,283.4116361654799,169.59936540417942
28368126,-0.54485,0.852195,-0.010063896308898812,283.4116361654799,169.59936540417942
28368136,-5.900992,1.110173,-0.04039989630889895,98.7728071587424,185.07443720726707
28370429,-1.400139,1.436136,-0.01471689630889883,208.82787304717235,123.95810568962798
28367043,-1.884509,-0.951489,-0.041205896308898815,196.0378409354032,311.08683242622595
28370432,-5.961063,2.199463,1.215559103691101,25.334332623598183,133.87005457825535
28370432,-5.961063,2.199463,1.215559103691101,25.334332623598183,133.87005457825535
28348882,-4.34882,1.432363,1.196852103691101,36.90499683649227,157.6988168974761
28348882,-4.34882,1.432363,1.196852103691101,36.90499683649227,157.6988168974761
28348883,-4.435847,1.425753,1.098362103691101,44.51386477362564,159.61142246508635
28348883,-4.435847,1.425753,1.098362103691101,44.51386477362564,159.61142246508635
28354744,-0.467697,0.742456,-0.010054896308898886,292.5807039812169,182.64454257706493
28367048,-4.505652,-2.308897,-0.09004589630889881,134.82782069364083,320.5839157778027
28370438,-1.497502,1.420334,-0.012134896308898968,202.8178125871625,127.96927397703767
28354754,-7.374449,2.090499,0.34245310369110105,66.42091766842776,155.56413919290355
28354754,-7.374449,2.090499,0.34245310369110105,66.42091766842776,155.56413919290355
28370441,-1.340347,1.36368,-0.017721896308898977,213.19373382112963,129.63767555485427
28361602,-4.044279,-2.813936,-0.01970089630889893,142.11367260526157,350.0929937520464
28367057,-1.778425,-1.143379,-0.02696389630889895,200.82075823714476,327.0660043356013
28361603,-1.764032,-1.300222,-0.05497189630889898,203.62879054800447,336.5668794758091
28363547,-2.787132,-3.337471,0.07862610369110112,168.7010369236381,412.79168010174544
28370448,-5.954011,2.097663,0.5764741036911011,63.61589230018848,143.66310357210693
28368170,-2.600618,0.545964,-0.07545289630889895,163.76669696043626,206.13978040276996
28368176,-0.602101,0.526273,2.1036911010963166e-06,276.4176069487503,209.8170871768976
28368176,-0.602101,0.526273,2.1036911010963166e-06,276.4176069487503,209.8170871768976
28370456,-4.341876,1.493804,1.348983103691101,23.169240322346862,152.55577444031616
28370456,-4.341876,1.493804,1.348983103691101,23.169240322346862,152.55577444031616
28370457,-4.393745,1.517532,1.201517103691101,35.473475807482345,152.88188007007489
28367079,-0.085639,-0.427914,-0.005477896308898833,341.4373060422759,340.4326348663025
28361626,-3.840257,-3.554387,1.232491103691101,83.69693194499996,432.91561911802313
28368187,-6.691623,-0.188344,0.08050410369110117,92.60254878957102,230.06652646733207
28365488,-0.54161,0.723947,-0.010631896308898936,283.77482059261155,185.68511957975352
28365488,-0.54161,0.723947,-0.010631896308898936,283.77482059261155,185.68511957975352
28368189,-1.62253,0.452361,-0.01420089630889887,200.72646106271213,214.36780232567503
28368189,-1.62253,0.452361,-0.01420089630889887,200.72646106271213,214.36780232567503
28370460,-5.813128,1.869444,0.23429710369110102,83.26570890708848,154.18443035538894
28370460,-5.813128,1.869444,0.23429710369110102,83.26570890708848,154.18443035538894
28370463,0.254084,0.819598,-0.007642896308899028,426.8883280378544,156.4644530672756
28370463,0.254084,0.819598,-0.007642896308899028,426.8883280378544,156.4644530672756
28370464,-0.829245,1.087039,-0.013917896308898836,253.76303515084507,146.72462313525347
28365494,-0.262493,0.590229,-0.007099896308898845,319.7780510822082,201.7133614201494
28365494,-0.262493,0.590229,-0.007099896308898845,319.7780510822082,201.7133614201494
28370469,-0.837089,1.043134,-0.017372896308898822,253.3477212934489,152.05013469468273
28370471,-0.316695,0.925029,-0.016226896308898953,313.5075447216358,155.29318703174647
28324879,-2.326636,-2.501765,0.00984010369110111,182.79651205691616,387.5483424698347
28328010,-3.003576,-2.645608,-0.004399896308898921,163.72186822759508,370.6443913676623
28369252,-5.613469,-3.272305,0.14456110369110098,114.2947733146406,339.443310556656
28338687,-1.734139,-1.334047,-0.048893896308898954,204.8242103560456,339.9795107851792
28348983,-6.562272,-2.284612,-0.09581189630889897,108.92479569395724,293.436139272957
28331048,-3.737677,-1.468465,0.042988103691101065,139.06953754140545,302.1710083992097
28369254,0.042334,-0.126987,-0.009636896308898857,365.5961382620056,308.75220777562333
28356540,-3.407686,-0.327759,1.612638103691101,20.794843943398888,280.83784106418904
28356540,-3.407686,-0.327759,1.612638103691101,20.794843943398888,280.83784106418904
28348997,-3.181629,-1.050362,1.612231103691101,31.470208884140305,338.9294484169722
28370488,-0.453773,0.831936,-0.009208896308898984,294.38827758898066,170.77306012569906
28370488,-0.453773,0.831936,-0.009208896308898984,294.38827758898066,170.77306012569906
28350792,-0.697731,1.996589,-0.023220896308898897,266.2340742187314,22.379387126658884
28338701,-2.298209,-2.492958,0.006697103691100992,183.9011678119408,388.0617802931708
28361679,0.054307,-0.504148,-0.0008248963088988148,364.1243717374061,360.6606995596294
28367108,-1.415853,-1.902057,-0.010127896308898876,220.83552475327565,392.0935673284407
28344655,-6.036416,3.409166,0.0258431036911011,82.57211110651016,94.81126736739378
28328036,-2.934246,-2.795209,0.012530103691101191,165.42512325558744,380.2362613436784
28344663,-6.9083,3.057039,0.9576611036911011,32.9365418912426,110.20425794540122
28361687,-0.878998,-1.94799,0.19289310369110102,244.11062776812,444.61348800397656
28344666,-6.586018,3.229478,0.005410103691101176,80.04558010653852,109.8070750952389
28367112,-1.389294,-1.961344,-0.010901896308898928,222.5152685251724,397.2953792141439
28340128,-9.440651,7.385605,-0.01764689630889893,46.53545602588483,11.46110208055839
28365580,-0.237015,0.152876,-0.006362896308898858,321.68978927469897,260.408731862285
28365580,-0.237015,0.152876,-0.006362896308898858,321.68978927469897,260.408731862285
28319424,-1.899912,-2.359563,-0.024081896308898898,200.1333328567701,396.0433896789373
28320855,-2.719696,-2.544867,-0.021829896308898977,172.0127364376999,374.3302983343933
28334746,-0.47835,0.745979,-0.00984089630889895,291.2635254872166,182.30003561414023
28367121,0.394828,-0.455955,-0.006667896308898857,438.923947741857,386.008505656784
28340147,-9.206482,7.031776,-0.007920896308898806,48.51242913569209,18.24766632296641
28336967,-5.529704,1.846672,-0.013161896308898857,97.77782358786776,154.3604602481836
28327033,-5.479885,1.895121,0.014097103691101065,96.80461248841846,151.83469619349572
28358203,-0.594907,0.452453,-0.012098896308898821,277.8934755492793,218.3257622429813
28358203,-0.594907,0.452453,-0.012098896308898821,277.8934755492793,218.3257622429813
28365600,0.094808,-0.006214,-0.0011388963088989623,376.7455912095151,294.88414046449986
28365600,0.094808,-0.006214,-0.0011388963088989623,376.7455912095151,294.88414046449986
28359903,-0.452056,0.980008,-0.018317896308899018,295.3073872437568,151.05900943058612
28367129,-1.348401,-2.218712,0.038250103691101156,223.0136166155212,419.4327899121645
28369282,-0.154135,-0.423138,-0.004201896308899,331.0538379516674,335.5828495519279
28338728,-2.072633,-2.426397,0.063850103691101,188.97278463792517,396.5429534350034
28349099,-5.647284,-3.200382,0.41180210369110104,103.02931678657627,341.9592983930217
28358222,-3.051858,-1.038339,1.619127103691101,30.900140889890963,343.4145280141282
28369288,-0.063907,-0.408068,-0.009446896308898944,345.1241001626806,339.1086855959577
28359915,-6.897687,3.336235,1.2320851036911011,15.121303707969332,94.44802941051935
28359916,-0.887048,1.053264,-0.012168896308898836,248.46325402383832,151.86044578526173
28358245,-3.423325,-3.231959,0.04664310369110103,153.72835488217078,384.9130507070546
28358246,-4.168606,-3.948627,0.09982410369110117,139.69509487984743,392.46040938018575
28358247,-4.969475,-4.907287,0.035435103691101144,133.31427657663545,401.10082109114205
28365637,-5.652946,0.682713,0.3663261036911011,85.09057533723862,201.40098579361012
28359923,-0.825696,0.950337,-0.015806896308898866,254.49640308939877,162.46164461608282
28369295,0.360916,-0.135704,-0.013942896308899,436.3084972697615,331.0993047351463
28358254,-2.46618,-2.564878,0.42512210369110104,155.99759209445406,404.8267965139633
28340220,-7.446766,5.04085,0.8063561036911011,26.643407101605504,39.24553028706072
28272576,-2.431271,-2.559481,-0.0036448963088988595,180.1779759134048,385.9087586740581
28368282,-4.708749,-0.939439,0.2401611036911011,110.71898367576792,270.25798314301665
28368282,-4.708749,-0.939439,0.2401611036911011,110.71898367576792,270.25798314301665
28368283,-5.018855,-1.047651,-0.05335789630889898,120.0252027209743,267.9743085637333
28368283,-5.018855,-1.047651,-0.05335789630889898,120.0252027209743,267.9743085637333
28330093,-7.406319,2.598154,-0.02256389630889899,78.53905609245285,140.47752047962487
28334789,-0.49532,0.550592,-0.010239896308898988,289.0583403943839,206.95043119450625
28334789,-0.49532,0.550592,-0.010239896308898988,289.0583403943839,206.95043119450625
28370540,-0.301812,0.487494,-0.0013748963088988653,313.4683075689559,215.66855752347524
28370540,-0.301812,0.487494,-0.0013748963088988653,313.4683075689559,215.66855752347524
28369306,0.358944,-0.205371,-0.00948989630889896,434.4596354574583,342.6573828222677
28358274,-1.392806,-2.114676,0.038045103691101145,220.24167263320209,410.1090269994003
28351943,-3.158705,-0.803225,1.618118103691101,27.308178490907608,322.25644898714233
28334797,-0.454049,0.555357,-0.008909896308898935,293.96785599828536,206.3960857505525
28334797,-0.454049,0.555357,-0.008909896308898935,293.96785599828536,206.3960857505525
28353288,-6.985834,3.243024,1.2110831036911012,17.162046900638927,100.21868356414194
28369319,-1.528477,-1.925879,0.013391103691101192,213.7494741040817,389.3676039602472
28347026,-0.499819,0.634787,0.03641310369110107,286.00288238421587,196.68914244982028
28347026,-0.499819,0.634787,0.03641310369110107,286.00288238421587,196.68914244982028
28353293,-5.224305,2.454064,-0.0035418963088988953,97.4528279970854,125.31383890235657
28353297,-5.272774,2.396406,-0.007512896308898842,97.41027702309398,128.4904232850661
28353300,-1.086389,1.07361,-0.01941589630889884,232.4217190816494,153.67842061767118
28351953,-3.064688,-1.020548,1.743940103691101,15.793430363960084,347.62534277376915
28336995,-5.22294,1.668836,0.05532410369110119,98.9760663930897,159.34468063123256
28336995,-5.22294,1.668836,0.05532410369110119,98.9760663930897,159.34468063123256
28363737,-0.935345,1.767838,-0.020664896308898895,242.7395214662746,69.10302017520286
28333068,-6.747384,5.028211,0.13180810369110119,63.19033495624095,38.450491120355565
28353314,-5.853686,2.129124,0.010540103691101033,91.87740401293128,145.27319374618634
28368336,-6.395618,0.000404,0.15512210369110102,91.30926555849402,224.98515755634887
28351958,-5.615056,-3.271527,0.41435910369110107,103.5979603286959,344.9007597311271
28340278,-7.349158,4.992635,-0.013300896308898968,66.63199418239901,54.808403574442224
28353327,-7.114181,2.112056,1.064567103691101,33.368641709287914,149.5577025605018
28338760,-1.575668,-1.676281,0.04649810369110119,208.6423282318632,372.7684536288907
28344843,-5.587333,-3.250258,1.7463791036911012,36.77720091561545,379.2748847573765
28344844,-5.626096,-3.176502,0.49556110369110107,99.66026012658963,343.3127755499381
28344849,-1.060265,-0.045672,-0.01779789630889894,237.82769863259773,262.7384754639136
28344849,-1.060265,-0.045672,-0.01779789630889894,237.82769863259773,262.7384754639136
28370583,-0.478882,0.37492,-0.01716989630889887,291.2038658491608,228.275259767942
28370583,-0.478882,0.37492,-0.01716989630889887,291.2038658491608,228.275259767942
28363794,-5.103162,2.378698,0.11565310369110104,93.30057178426476,126.0341669337946
28342490,-6.782471,5.283302,0.055346103691101156,65.14908281643815,30.219201040261424
28342500,-3.097312,3.158028,0.6392711036911011,77.9792678698885,10.146717631565709
28363814,-4.693459,0.932553,0.43153910369110104,90.09811081195386,189.11625857146308
28363814,-4.693459,0.932553,0.43153910369110104,90.09811081195386,189.11625857146308
28297334,-1.898815,-2.356511,-0.012492896308898827,199.58265958403916,396.5104188045543
28342512,-3.083785,3.156227,0.5182501036911011,89.22898923085745,15.63336325304033
28365753,-0.347579,-0.085355,-0.01494989630889898,306.36113940149977,285.75669352698185
28365756,-3.036211,-0.956614,1.767050103691101,11.782765955314204,345.13159689806395
28342516,-3.076184,3.091881,0.534486103691101,88.5975731449098,19.902853117139784
28333091,-7.249748,5.007429,-0.019205896308899018,67.36932718942688,52.50628658611973
28337864,-3.744448,-1.631672,0.020994103691100996,140.7593220940795,308.7659146927556
28363826,-6.286553,0.372053,0.21205810369110112,88.08592725929549,212.52157911506453
28363826,-6.286553,0.372053,0.21205810369110112,88.08592725929549,212.52157911506453
28365772,-1.662253,-1.408948,-0.026675896308898883,207.33967508716148,348.3104733966007
28365776,-0.051401,-0.429022,-0.003079896308898933,346.79934354202084,343.0598176925298
28361918,-0.432475,1.185572,-0.018707896308898908,298.22045831834714,121.91345193780424
28368365,-2.836981,-0.085894,0.007052103691101097,155.34463633881427,243.75984525247603
28360065,-2.798779,0.994561,-0.07517189630889898,155.20368868977624,178.5766262997285
28363850,-4.511451,0.104395,-0.0025858963088989384,119.6496278115564,225.41674118824977
28363850,-4.511451,0.104395,-0.0025858963088989384,119.6496278115564,225.41674118824977
28365781,-1.522765,-1.716593,-0.021334896308898843,215.14897138860195,374.2770174297997
28370616,-2.984824,-0.07395,0.08094910369110098,147.08433006353016,242.7750010779399
28370616,-2.984824,-0.07395,0.08094910369110098,147.08433006353016,242.7750010779399
28342567,-4.250242,2.832386,1.128471103691101,27.471063949787776,64.43284350575598
28365791,-1.488071,-1.779935,-0.01957489630889886,217.0771877142381,380.079266849936
28342594,-3.344643,2.817272,-0.001763896308898838,125.3520726834653,69.86063566220236
28342595,-4.739164,2.673616,0.8844781036911011,47.26732093663614,93.55553696941216
28295152,-1.110073,1.917791,-0.011773896308898912,226.84685610154608,60.134861783541965
28365813,-1.378251,-2.043062,-0.023094896308898827,224.0097887123196,402.4667273691551
28356755,-2.770192,-1.627715,1.822130103691101,15.49670551960162,415.2119723898584
28352026,-0.555043,-0.446142,-0.017091896308898846,282.3287680833495,316.47605516824024
28361964,-0.63577,0.792282,-0.017093896308898904,273.68196319584706,178.2885172907184
28361964,-0.63577,0.792282,-0.017093896308898904,273.68196319584706,178.2885172907184
28355156,-0.371106,1.519255,-0.008126896308898957,307.01318063232645,68.02183886050705
28342616,-4.889386,2.567715,0.002159103691101061,100.5856685969572,115.578633467621
28365821,-1.339524,-2.111694,-0.021008896308899017,226.2600890300737,409.1595558237716
28340451,-6.864402,3.213105,0.8269311036911011,39.00256786966807,104.6726403146114
28352036,-0.595201,-0.656453,-0.011369896308898841,277.98674387822126,335.7124311869166
28356765,-0.447303,-0.368005,-0.014046896308898882,293.87208265509014,313.2998352236905
28352040,-0.57807,-0.679729,-0.015401896308898877,279.8871681157499,338.59119556080225
28365827,-1.365482,-2.164325,0.041127103691101174,221.74018834760872,415.0910591617404
28356767,-0.275255,-0.216948,-0.00937089630889898,315.15154485981384,304.37440713476514
28355175,-0.298458,1.268287,-0.010361896308898944,317.2137788773743,103.0641355782942
28356768,-0.449002,-0.403589,-0.02111189630889898,293.97924675277363,316.6190580817606
28356769,-0.662259,-0.622826,-0.012571896308898989,271.5974827044652,329.192500161667
28356771,-2.922435,-2.825192,0.06947910369110111,163.1724137716434,384.1610879034204
28356772,-2.664518,-1.878853,1.8393631036911011,17.458651479871634,443.8820188957037
28363926,-5.481247,0.407479,-0.003479896308898889,105.18182780231692,211.25573860314736
28363926,-5.481247,0.407479,-0.003479896308898889,105.18182780231692,211.25573860314736
28338820,-0.492434,0.744695,-0.013393896308898867,289.74366257637683,182.6202316089503
28338820,-0.492434,0.744695,-0.013393896308898867,289.74366257637683,182.6202316089503
28310911,-3.725175,-1.478041,0.039562103691101136,139.5317373890503,302.7329753499155
28338825,-1.446214,-2.095479,0.01669210369110119,218.4366566800997,404.6205043237462
28345029,-0.083748,-0.181177,-0.013309896308898894,343.5440511349758,308.9865545121792
28340527,-4.352571,2.813643,-0.001087896308898939,106.73806557772014,94.17445898961654
28331252,-3.210171,-2.738318,-0.01748789630889891,159.48400783909196,368.1855334409773
28360176,-2.802047,-1.604741,1.7887301036911012,19.53240719236041,408.79382349690025
28370679,-4.2484,-1.382686,0.09952210369110115,126.59845414528831,291.83541640358806
28338844,-0.485014,0.551167,-0.008169896308898972,290.1728680024578,206.90433347786157
28327207,-4.698158,1.045476,0.051728103691101035,109.28453103411292,184.0764822455751
28322253,-3.15995,-0.793103,1.7641261036911011,9.82022611271904,327.53843939412843
28322253,-3.15995,-0.793103,1.7641261036911011,9.82022611271904,327.53843939412843
28360192,-2.877323,-3.156843,0.0029491036911011292,168.9586306354631,398.0777132922251
28355231,-6.109875,1.86465,-0.006230896308898837,91.54509305630124,157.51993049846112
28288898,-2.95786,1.564018,-0.02764689630889894,144.57969626142395,143.69973795920316
28370689,-0.44807,0.776642,-0.009000896308898998,295.0193283870461,177.9691417270683
28370689,-0.44807,0.776642,-0.009000896308898998,295.0193283870461,177.9691417270683
28338858,-1.31724,-2.273495,0.042505103691101054,224.7083954165527,425.1475693522581
28370699,-6.834101,1.077752,0.588102103691101,64.02115832232283,188.2783267809432
28370699,-6.834101,1.077752,0.588102103691101,64.02115832232283,188.2783267809432
28364027,-4.709416,-1.593983,0.19153410369110113,116.30791057004863,295.5987060941303
28355248,-1.122198,0.729187,-0.01860589630889886,230.8852180496164,189.1332198476758
28355248,-1.122198,0.729187,-0.01860589630889886,230.8852180496164,189.1332198476758
28364031,-4.505198,-1.65221,0.2365471036911011,117.50566213223917,301.5804215027738
28364032,-2.00457,-0.753565,0.025768103691101052,186.27257146308855,297.30949744150587
28368435,-4.592109,-1.399266,-0.0014658963088989285,125.67455933098942,286.4556000375524
28364035,-3.063975,-0.909267,1.7284171036911011,15.904366527971035,338.4554552618514
28370706,-7.731492,0.939341,0.44793710369110107,65.99954971951797,194.3672559606222
28370706,-7.731492,0.939341,0.44793710369110107,65.99954971951797,194.3672559606222
28364042,-5.699288,-3.197504,-0.19043389630889895,125.1913940278497,329.56784770465686
28295228,-3.67767,-1.725612,-0.002134896308898959,143.65126724449408,313.55398714570407
28358508,-0.136351,1.37626,-0.015240896308899021,345.4759712426235,75.25201484972146
28338870,-0.41643,0.579894,-0.011703896308898898,298.85493162067286,203.25742490576275
28338870,-0.41643,0.579894,-0.011703896308898898,298.85493162067286,203.25742490576275
28364043,-5.804716,-3.409462,-0.241653896308899,126.4361774415582,333.41277608084505
28364044,-4.130942,-2.427804,0.004011103691101026,137.82410542590873,333.9238434741329
28368441,-0.340831,-0.016285,-0.018301896308899,307.5456419535755,277.72636367753483
28342772,-3.17383,-0.90729,1.6363591036911012,26.742560088643412,330.042496522996
28310936,-5.219036,-3.88188,0.05501610369110099,125.11427290614144,364.03513168774623
28358513,-0.254232,1.411362,-0.012594896308898873,324.98728615550914,77.56086631683064
28368447,-0.094945,0.0624,-0.012642896308898921,343.29304988475053,276.4822249657243
28368447,-0.094945,0.0624,-0.012642896308898921,343.29304988475053,276.4822249657243
28337091,-3.024544,1.631162,-0.05625589630889882,144.09123988916582,140.64674802476466
28358517,-0.773103,1.765363,-0.011941896308898858,257.7524881405505,59.34610754249911
28364055,-1.704608,-1.349075,-0.04050589630889889,205.8240361987467,342.3145794788084
28368456,-3.546344,-1.412754,0.43895210369110105,121.98298790506163,311.899712692723
28368463,-3.412798,-1.641919,0.44454210369110103,125.70437853178764,326.25811245540064
28364076,-2.87186,-3.132662,0.015336103691101055,168.43515811795368,397.6986119360064
28295268,-5.248743,-4.134667,0.049858103691101,125.92017988455508,371.2092055799882
28364082,-1.46058,-1.931898,0.03753310369110108,216.0053407558595,394.5308245510846
28310950,-5.268435,-4.268842,0.015780103691101166,127.43689040626988,374.1060604528713
28370726,-0.914463,0.365586,-0.010969896308898885,247.7075271498462,225.6186716946193
28370726,-0.914463,0.365586,-0.010969896308898885,247.7075271498462,225.6186716946193
28370727,-4.079916,0.595319,1.575274103691101,12.805763049533567,209.5164186975908
28370727,-4.079916,0.595319,1.575274103691101,12.805763049533567,209.5164186975908
28368472,-1.783041,-1.18838,-0.03778489630889892,201.3831940370285,329.4339235487953
28310953,-3.587638,-1.896412,0.0012491036911010944,146.1903846633664,322.8145111508955
28370728,-5.157418,0.04052,0.11835110369110113,105.45918884462048,226.7364728828888
28367345,-8.753551,6.557429,0.04373310369110106,50.17945329163752,24.35931573041674
28364089,-1.432203,-1.95592,0.051707103691100986,216.83593107338632,398.4262166319205
28342840,-5.593746,-3.147631,0.6431741036911011,93.48973837367264,346.1503931918886
28368477,-3.883828,-2.436404,0.14919210369110103,135.91511922393985,343.11722679140064
28351119,-0.945462,0.605007,-0.012741896308898992,244.6441230548552,201.0387914112931
28351119,-0.945462,0.605007,-0.012741896308898992,244.6441230548552,201.0387914112931
28342869,-4.067053,-3.583227,0.212251103691101,135.08868337589428,385.4625415279274
28342871,-3.994203,-3.613742,0.29246910369110113,132.93809034090265,391.349328947133
28366053,-8.660328,5.283257,0.149160103691101,52.64377650848999,63.86730938319906
28368494,0.231203,-0.175767,-0.0061838963088989285,403.6841529693951,328.1171748827725
28368498,-5.636195,-4.333039,-0.0630458963088989,125.76206873893273,366.8096157665827
28370747,-0.483326,0.37369,-0.020834896308898898,290.87138337427376,228.31219143529916
28370747,-0.483326,0.37369,-0.020834896308898898,290.87138337427376,228.31219143529916
28368500,-3.688462,-2.831323,0.2769351036911011,135.55423158134187,368.221957257786
28366059,-0.607827,1.402419,-0.010596896308898929,276.1357185852875,99.15955144246551
28368501,-1.591195,-1.556962,-0.022385896308898978,211.1597019171868,360.90577423215314
28358578,-0.262651,0.857835,-0.0058798963088988465,320.80682571286803,163.6225951429625
28358578,-0.262651,0.857835,-0.0058798963088988465,320.80682571286803,163.6225951429625
28366068,-0.23985,1.161426,-0.009893896308898809,325.96534395605926,116.86582474635216
28368509,-1.617697,-1.594329,0.040066103691100974,206.58925544749133,365.24686296853815
28368510,0.381324,-0.123571,-0.014233896308898819,442.09332524360696,330.7395992284096
28368513,-1.588606,-1.623697,0.04612010369110098,207.81130713268308,368.7254888673356
28369577,0.061428,1.554727,-0.00970089630889892,389.4960375217509,21.460312254719952
28369581,0.217732,1.452577,-0.022400896308898854,429.6769508037261,25.693607235791347
28340728,-5.425753,1.837121,0.012551103691101018,97.78277271729353,153.85953313835142
28342919,-0.894756,-1.950648,0.126377103691101,246.66846525651016,437.6882979561037
28369583,0.054579,1.519048,-0.011621896308898982,387.3328751291234,29.940045814520715
28355341,-4.134864,-0.691217,0.007229103691101191,129.43852860276752,262.3617926933751
28355341,-4.134864,-0.691217,0.007229103691101191,129.43852860276752,262.3617926933751
28369586,-0.155412,1.60325,-0.0048508963088989,343.2476949968976,35.31266745211818
28366090,-0.182001,0.914001,-0.018880896308898887,334.4753364507521,153.4718228775434
28366090,-0.182001,0.914001,-0.018880896308898887,334.4753364507521,153.4718228775434
28327311,-4.67471,0.641598,0.031847103691101,112.76986603400132,201.9532476393347
28327311,-4.67471,0.641598,0.031847103691101,112.76986603400132,201.9532476393347
28369590,0.118401,1.429133,0.00041610369110101075,401.82334190423205,40.27375470858692
28369593,-0.272176,1.589123,-0.016371896308899014,323.0824732064117,49.532425433198654
28358607,-0.603352,0.821278,-0.021779896308898872,277.4583983448451,174.39603347796515
28358607,-0.603352,0.821278,-0.021779896308898872,277.4583983448451,174.39603347796515
28369603,-5.886858,4.096707,0.009774103691100988,80.70290785252891,62.6652991570777
28368535,-3.658894,-3.343049,0.9582961036911011,102.03809597990886,417.9241140124224
28362173,-4.268506,-0.994594,0.33592510369110107,112.6855397184701,278.8474670359339
28362173,-4.268506,-0.994594,0.33592510369110107,112.6855397184701,278.8474670359339
28330309,-5.905028,1.274784,-0.022392896308898846,97.15982451796928,178.89145856078045
28369613,0.241283,1.219976,-0.012128896308899018,431.680727889876,74.0416054084051
28369613,0.241283,1.219976,-0.012128896308899018,431.680727889876,74.0416054084051
28370779,-0.424316,0.229746,-0.015759896308898957,297.4869676194075,246.44400362776508
28370779,-0.424316,0.229746,-0.015759896308898957,297.4869676194075,246.44400362776508
28260538,-0.943932,-1.877684,0.012954103691101171,248.95745789722213,419.4943899127746
28367420,-4.505283,1.46218,0.8425081036911011,62.50714815152716,159.7301386843509
28367420,-4.505283,1.46218,0.8425081036911011,62.50714815152716,159.7301386843509
28313658,-5.285003,-4.212886,0.01893110369110107,126.88461271273628,372.118698347899
28337981,-3.884646,-3.065595,-0.008352896308899016,145.751215150041,363.84974715225866
28351212,-0.727294,-0.647745,-0.014390896308899004,265.77032690117613,328.46302406739017
28366143,-5.686785,0.647488,-0.03158589630889885,102.907644826034,202.0598823382973
28334977,-5.613078,-4.253288,-0.045009896308898956,125.1230002112365,365.3155194978708
28369635,-8.605206,3.698674,1.2834381036911011,11.49006826898443,103.36071651703894
28369639,-0.262702,1.21798,-0.01332589630889891,322.7286334813106,109.22314506540005
28366146,-0.395246,0.51326,-0.008820896308898929,301.297621287024,211.83614344343368
28366146,-0.395246,0.51326,-0.008820896308898929,301.297621287024,211.83614344343368
28369643,-0.10718,1.111023,-0.011187896308898937,348.6862468361508,118.76701875423096
28337985,-3.962111,-3.597424,1.2287761036911011,82.81256597836042,429.3754696224258
28313672,-5.09074,-4.196974,0.061767103691101166,127.8592884360375,376.8593447065354
28278493,-3.831805,-3.058402,0.08558210369110109,142.67444548971406,367.66963683763686
28369652,-5.927016,2.186865,1.1016301036911011,32.79166876852125,135.14343324576356
28369652,-5.927016,2.186865,1.1016301036911011,32.79166876852125,135.14343324576356
28353680,-4.212046,-0.788365,-0.029145896308898855,130.25626322732944,265.35617644161897
28353680,-4.212046,-0.788365,-0.029145896308898855,130.25626322732944,265.35617644161897
28369659,-0.142405,1.01947,-0.00652089630889896,341.4608538334324,135.23764668891098
28369659,-0.142405,1.01947,-0.00652089630889896,341.4608538334324,135.23764668891098
28273273,-3.76747,-1.452184,0.03163510369110112,138.93207553123992,300.7376606014197
28313683,-5.204855,-4.571236,0.012877103691101066,129.56106633185144,384.6416011608983
28366169,-2.503892,0.402816,-0.06033289630889893,166.83099641315945,215.3881197810649
28254774,-1.008109,1.806983,-0.009969896308898996,235.50460552722475,67.73281322640409
28336426,-9.150107,7.208304,0.020988103691101045,46.6690115076089,10.724952256373257
28369680,-0.666252,1.057385,-0.013378896308898991,270.0269437240903,146.32881700662932
28369682,-0.960654,1.088935,-0.01104589630889885,241.92241729517687,149.39590624888513
28358654,-4.043358,0.927579,1.6225671036911011,3.407213452718992,186.82467512915096
28353705,-3.04012,-1.034218,1.6108041036911012,31.82589154159129,343.19341122537634
28362264,-2.389234,0.194537,0.03569010369110104,166.2275754617342,230.0913838693348
28362264,-2.389234,0.194537,0.03569010369110104,166.2275754617342,230.0913838693348
28360403,0.279528,1.370461,-0.012995896308898969,447.00388643688007,35.652751895177914
28367460,-0.733193,0.649538,-0.013559896308898978,263.6587197089859,195.66507928842248
28367460,-0.733193,0.649538,-0.013559896308898978,263.6587197089859,195.66507928842248
28316273,-2.882847,-1.585687,1.7859531036911012,19.6065826913684,402.042918390125
28369722,0.140728,0.666718,-0.012406896308899018,395.3676726516344,187.48334886178947
28369722,0.140728,0.666718,-0.012406896308899018,395.3676726516344,187.48334886178947
28252087,-1.006399,1.806399,-0.010233896308898816,235.67080165406963,67.72406557454747
28366241,-4.485571,-0.998915,0.2903951036911011,111.76338807411874,275.7901004576129
28366241,-4.485571,-0.998915,0.2903951036911011,111.76338807411874,275.7901004576129
28369725,-0.346968,0.757088,-0.01480289630889886,308.6303766774448,179.3548582732395
28336437,-9.259956,7.014848,-0.021013896308898827,48.94713241772442,20.069021880805565
28364318,-4.26578,2.842821,0.8814141036911011,48.46859583179989,71.19486844134946
28369727,-6.080783,0.875408,0.6569281036911011,66.36571302323208,194.5399638338908
28369727,-6.080783,0.875408,0.6569281036911011,66.36571302323208,194.5399638338908
28347594,-0.503719,0.64967,0.04016110369110115,285.3288919928415,194.8180497800108
28347594,-0.503719,0.64967,0.04016110369110115,285.3288919928415,194.8180497800108
28366254,-0.960807,0.749647,-0.008697896308898834,242.73066064579027,186.01921643522888
28366254,-0.960807,0.749647,-0.008697896308898834,242.73066064579027,186.01921643522888
28334996,-3.966125,-2.771445,0.011166103691101048,142.07456461728285,351.020166091643
28366259,-0.507996,0.714391,-0.03093189630889892,288.8093547775014,186.622838243545
28364331,-4.691277,2.71791,0.8326431036911011,50.89525782862111,90.9248124180318
28349756,-3.036651,-1.098517,1.750720103691101,16.178129605265752,355.1011757648123
28334999,-4.598566,-3.530164,0.007953103691101138,134.49498277010554,364.4662069799181
28316301,-5.416953,-4.39249,-0.02141689630889898,127.2993663548216,373.8585125758517
28353745,-0.683633,-0.709977,0.006467103691101039,268.6705800576092,337.46585985248566
28369746,-4.798311,0.577854,0.3648321036911011,94.71759884379034,205.6290955569572
28369746,-4.798311,0.577854,0.3648321036911011,94.71759884379034,205.6290955569572
28364343,-6.887945,3.134917,1.2240581036911011,17.178031631498868,103.28977752255042
28349775,-1.009576,-0.282697,-0.012840896308898841,241.9396469105435,285.33122491568
28335003,-5.020282,-4.058038,0.08846010369110102,127.26447794011293,374.6840124044936
28316315,-5.055137,-4.175983,0.07445410369110106,127.78937212902431,377.3117229841954
28369755,-0.166761,0.575464,-0.006610896308898884,334.5257985246849,203.68659910925663
28369755,-0.166761,0.575464,-0.006610896308898884,334.5257985246849,203.68659910925663
28345357,-4.409975,2.776352,-0.004495896308899017,106.29415094339797,97.31448765996906
28335012,-5.306711,-4.614134,-0.020910896308898863,129.5649100448118,382.8236722107633
28369760,-7.074648,0.174258,0.2951021036911011,79.62552936109805,218.4723373830043
28369760,-7.074648,0.174258,0.2951021036911011,79.62552936109805,218.4723373830043
28369761,-1.641622,0.624086,-0.008371896308899007,198.53464618030637,200.33508205602632
28369761,-1.641622,0.624086,-0.008371896308899007,198.53464618030637,200.33508205602632
28334204,-4.212627,-0.862609,-0.03595489630889892,130.9166226792413,268.4113107043931
28334204,-4.212627,-0.862609,-0.03595489630889892,130.9166226792413,268.4113107043931
28369764,-7.098615,0.143248,0.030566103691101132,89.75576360673998,218.4883417682817
28369764,-7.098615,0.143248,0.030566103691101132,89.75576360673998,218.4883417682817
28369766,-5.375693,0.27003,0.014905103691100985,106.2926528040464,216.726919901542
28369766,-5.375693,0.27003,0.014905103691100985,106.2926528040464,216.726919901542
28369772,-6.315977,0.029353,0.1786031036911011,90.90289893198906,224.29603327711183
28369772,-6.315977,0.029353,0.1786031036911011,90.90289893198906,224.29603327711183
28335025,-3.532791,-2.667722,0.01852110369110105,150.09057068683342,357.5251431025498
28345382,-5.191847,2.416655,0.24327810369110114,85.44417404808513,124.03108648113108
28371426,-0.646985,0.644137,-0.020562896308898848,272.7803562379171,195.9344028486028
28371500,-0.515243,0.173617,-0.01985289630889886,287.00026887779484,251.16647204392385
28371503,-0.240159,0.277987,-0.010783896308898866,321.9364524684891,243.9425854031372
28371571,-0.015252,0.051897,-0.004165896308898853,356.5846762136305,281.3938538917875
28371620,-3.872107,-2.79204,0.022925103691101123,143.45968619726625,354.3354661261027
28371639,0.175958,-0.311995,-0.011290896308898901,389.8116477354032,343.4153703270044
28371640,-3.256176,-2.999847,0.05142610369110101,156.36185566001097,380.4630680058806
28371649,-2.713514,-1.87485,1.695080103691101,35.86730983811512,427.8275745635754
28371803,-0.033678,1.693455,-0.006857896308898992,369.0909414519857,4.28021118310383
28371821,-0.227541,1.58805,-0.01358489630889892,330.4736168991375,45.6092152890524
28371870,-5.292233,2.295206,0.29465610369110107,82.48405737640047,130.37777743746773
28371871,-0.372079,1.152601,-0.020333896308898813,306.4942536238252,124.30069541979152
28371880,-5.978663,2.125517,0.678516103691101,57.82157248473976,141.94984710427394
28371887,0.161131,0.876595,0.0016411036911010424,403.4885380487228,148.44951871822644
28371892,-0.275888,0.992089,-0.006308896308898859,319.368018252275,144.13060598643116
28371908,-5.900539,1.506061,0.09593110369110103,90.84626686241955,169.76659621708103
28371916,-0.746176,0.879163,-0.009850896308899015,261.8409438870224,169.3707170916014
28371918,-7.116822,1.011575,0.557361103691101,64.2357394406028,191.14720449497557
28371950,-11.260653,-0.736251,-0.837038896308899,92.24282868307782,229.87437793745733
28371954,-4.24159,0.183679,0.506081103691101,96.48918805858958,225.94951073145276
28357054,-0.454534,1.347946,-0.008053896308898967,294.9681845385982,99.10379211626606
28337220,-1.109145,1.917639,-0.011082896308898915,226.8711696191692,60.06517703314293
28352326,-0.371486,1.928528,-0.006504896308898944,308.0867268003832,0.2840935017889308
28366364,-4.42994,-1.645007,0.029373103691101132,128.03952805465042,298.69806026229105
28357083,-1.519397,1.63326,-0.030068896308898863,201.6847194250672,108.5725007404052
28370848,-4.173474,-1.901858,0.2543871036911012,123.15880661148177,317.6187653014454
28366372,-1.928325,-0.876133,0.03499910369110104,189.52207493269597,307.45603493321426
28366378,-1.849479,-1.001254,-0.03252289630889882,197.3188632624384,315.5428988498298
28358793,-6.488817,-2.135105,-0.047806896308898894,107.3797709292224,290.3468484949002
28366381,-1.825253,-1.046886,-0.03199389630889882,198.56659791643776,319.2094611741216
28358796,-3.241296,-0.620146,1.7520931036911012,8.764873645247462,311.1636725398364
28358796,-3.241296,-0.620146,1.7520931036911012,8.764873645247462,311.1636725398364
28340974,-4.831409,0.832895,-0.005335896308898969,111.32350817530212,193.76933614498023
28242874,-3.562719,-2.264882,0.0192681036911011,147.59099553944827,339.75282863533494
28337250,-1.109955,1.881387,-0.015596896308898822,227.27955054377745,64.62312868340828
28366394,-1.73747,-1.219345,-0.021802896308898978,202.74745222841096,333.52550295960054
28319020,-3.877296,-1.220544,0.022101103691101187,136.10026527327358,288.72318942281987
28357178,-0.614716,0.56576,-0.015853896308898996,275.9548797735659,205.04828160093825
28357178,-0.614716,0.56576,-0.015853896308898996,275.9548797735659,205.04828160093825
28242892,-3.567075,-2.409117,-0.0013308963088989323,149.09094793219518,345.2299109306253
28336483,-7.699059,4.878735,1.2162361036911011,5.291333873417784,43.090514628032906
28369849,-2.32829,-0.056561,0.01216610369110116,171.12107625570434,246.60553509917867
28364587,-4.46724,-1.876731,-0.012471896308899,130.31625497010953,306.4189753674047
28364589,-6.344593,-2.695848,-0.04007189630889885,110.7512264490518,308.5073017864162
28364590,-4.44313,-1.968164,-0.02071989630889881,131.47303043679295,310.1402168664622
28343437,-1.715319,0.676324,-0.006957896308898981,194.41189631165253,196.2097531452867
28343437,-1.715319,0.676324,-0.006957896308898981,194.41189631165253,196.2097531452867
28341093,-4.590724,0.482932,0.02802910369110112,115.0215874331724,208.9109853182541
28341093,-4.590724,0.482932,0.02802910369110112,115.0215874331724,208.9109853182541
28319068,-1.108513,1.90567,-0.01023789630889893,226.90982068572183,61.40520472721559
28341120,-4.522687,0.374004,0.044359103691101076,115.82998374077071,213.84046199672176
28341120,-4.522687,0.374004,0.044359103691101076,115.82998374077071,213.84046199672176
28319072,-3.720128,-1.665123,0.020967103691100997,141.41342240414605,310.65293631950027
28334322,-3.903391,-1.209383,0.026395103691100985,135.34250777126587,287.94606957725176
28319075,-1.105057,1.880211,-0.010019896308898879,227.2723422463885,64.21768075733235
28352431,-5.298469,2.399429,0.07916010369110116,92.85303639113644,127.81662921079852
28369906,-5.93234,1.530657,0.002103103691101005,94.55654408500774,169.23281797283948
28369906,-5.93234,1.530657,0.002103103691101005,94.55654408500774,169.23281797283948
28368827,-0.41245,1.282383,-0.006562896308898836,300.46213768279995,106.54780209935494
28330565,-4.558971,0.478428,0.04125410369110116,114.87967420524195,209.1724455983665
28330565,-4.558971,0.478428,0.04125410369110116,114.87967420524195,209.1724455983665
28338163,-0.581024,0.619639,-0.027397896308898995,280.24894582108686,198.57780553111905
28338163,-0.581024,0.619639,-0.027397896308898995,280.24894582108686,198.57780553111905
28337349,-4.537678,0.408238,0.030217103691100977,116.1052765627339,212.2531707737492
28337349,-4.537678,0.408238,0.030217103691100977,116.1052765627339,212.2531707737492
28330572,-2.846977,1.220411,-0.04690089630889882,150.86588798713507,164.5694845135565
28319103,-3.516474,-1.73466,0.04025610369110111,145.12154561562124,317.99766171378604
28319119,-3.563019,-1.956547,0.0024831036911010518,146.94151469110398,325.97370977187234
28368872,-1.168099,1.202559,-0.018038896308898877,225.75382402756097,141.88343290995795
28327578,-1.102825,1.868879,-0.009823896308899016,227.48145330409247,65.42634460779459
28355720,-8.618078,3.819863,1.376778103691101,6.0405186316462505,98.10629059797346
28334377,-3.814057,-1.480505,0.010321103691101063,139.14546253618244,300.80651625236504
28327589,-1.089858,1.847578,-0.0030618963088988593,228.11572575363436,66.91768718286642
28239018,-3.803878,-1.343353,0.034572103691101086,137.54013103867538,295.4264137357809
28362681,-0.614435,0.60524,-0.008050896308898992,275.5258293903468,200.45438290474405
28362681,-0.614435,0.60524,-0.008050896308898992,275.5258293903468,200.45438290474405
28324415,-4.113127,-0.848428,0.004814103691101135,130.71625696443772,269.37027188077707
28353993,-0.700576,1.794462,-0.0059678963088989345,265.032696636581,50.13846732477322
28334388,-5.609019,-3.376763,0.04589810369110103,118.48897394273786,340.8419123909802
28370025,-2.221758,-0.343768,0.004077103691101147,176.96893123212976,266.24620167484443
28370025,-2.221758,-0.343768,0.004077103691101147,176.96893123212976,266.24620167484443
28351559,-0.693817,1.859802,-0.015745896308899,266.3452870521905,41.09778915457855
28341399,-3.295851,-0.462541,1.6112011036911011,22.937406697007617,293.12531644375986
28341399,-3.295851,-0.462541,1.6112011036911011,22.937406697007617,293.12531644375986
28351562,-0.726914,1.856397,-0.015272896308898831,262.6889573418456,43.96885266505035
28354048,-0.389429,1.005654,-0.012902896308898848,303.3432467180165,145.7206754946126
28324445,-1.10953,1.917284,-0.012373896308898846,226.9349998344136,60.19592707451554
28334423,-3.615198,-1.718237,0.021069103691101043,143.8380623142598,314.91270217035856
28354052,-0.771684,1.159846,-0.014666896308898947,259.182896618312,136.60197949775852
28370085,-4.286841,-2.05475,0.09394110369110109,129.45525668826212,318.3640326937082
28370092,-1.873714,-1.105236,0.009279103691101076,194.3771037094969,323.0072826878946
28354062,-4.638861,2.713857,0.06886710369110105,99.44349017347244,103.50426467221672
28367761,-3.947766,-2.632217,0.02280710369110106,141.3020149608004,346.26788565008843
28255643,-1.021448,1.807945,-0.009772896308898993,234.35904671039248,68.32961690839309
28333550,-5.955354,1.56224,0.07999410369110116,90.7484083890818,167.90543057815296
28333550,-5.955354,1.56224,0.07999410369110116,90.7484083890818,167.90543057815296
28334448,-3.590395,-1.900249,-0.003330896308898934,146.36199251473937,322.8167581829537
28252848,-3.488928,-2.342788,0.03114310369110118,149.00747179618588,345.1663064558813
28336645,-8.636136,3.638731,1.3453491036911012,8.855243961313533,105.22110166443636
28341527,-4.08952,-1.051948,-0.013032896308898811,132.9621061757028,278.1239619547103
28341527,-4.08952,-1.051948,-0.013032896308898811,132.9621061757028,278.1239619547103
28364979,-3.446574,-0.407053,1.585658103691101,24.82770359765945,284.95408069113216
28364979,-3.446574,-0.407053,1.585658103691101,24.82770359765945,284.95408069113216
28330688,-1.109323,1.912483,-0.011166896308898888,226.8844293499432,60.69077340131466
28354129,-1.405237,0.767268,-0.025998896308898845,212.32672310932176,187.16183310913155
28354129,-1.405237,0.767268,-0.025998896308898845,212.32672310932176,187.16183310913155
28341550,-4.00484,-1.116591,0.0001661036911011493,134.2132438036955,282.137114281345
28341550,-4.00484,-1.116591,0.0001661036911011493,134.2132438036955,282.137114281345
28324513,-3.90467,-1.283452,0.010909103691101096,136.40711404073934,290.88696580695
28341580,-3.908347,-1.222389,0.021128103691101074,135.56014995441006,288.35502810344656
28330711,-1.104417,1.871671,-0.009450896308898837,227.31719686666057,65.1635078145303
28310574,-4.752682,0.698045,0.010826103691101041,112.36535906057254,199.5081375703245
28366723,-1.720565,1.918378,0.0010401036911011907,186.84099563427884,87.2053887120766
28341606,-4.409677,-1.810821,0.008387103691101183,130.05566801550071,305.1161444299951
28359311,-0.589448,0.857446,-0.016339896308898982,278.68212951813666,169.69200340081136
28359311,-0.589448,0.857446,-0.016339896308898982,278.68212951813666,169.69200340081136
28362961,-3.564697,-2.015878,0.020730103691101176,146.3311757784409,328.9819396522164
28366754,-6.327226,2.41213,0.20185810369110113,77.56771578842617,136.88202788924292
28359334,-1.852292,1.147469,-0.019085896308898898,186.0823072235008,158.82275380573947
28310604,-4.73183,0.498801,0.001099103691101,114.16145865080684,208.065405756962
28310604,-4.73183,0.498801,0.001099103691101,114.16145865080684,208.065405756962
28366781,-2.896717,1.186186,-0.004694896308898855,147.15285956956043,166.94491230675973
28366783,-2.77968,1.120462,-0.03810989630889883,152.88457256391644,170.34228639036087
28324593,-3.683429,-1.725864,0.006274103691101152,143.1414622611614,313.6451376474069
28371143,-0.834362,1.468155,-0.016336896308899007,252.5999236379912,101.13821240438156
28333632,-4.875775,1.25737,0.039072103691101034,106.32529343947115,175.3575803150387
28333632,-4.875775,1.25737,0.039072103691101034,106.32529343947115,175.3575803150387
28371149,-1.510684,1.625008,-0.022293896308898997,201.69908303721348,108.8865081495375
28351655,-0.57846,0.681679,-0.009775896308898968,279.5423871901354,191.14852523446453
28351655,-0.57846,0.681679,-0.009775896308898968,279.5423871901354,191.14852523446453
28338411,-3.718331,-1.659901,0.016693103691101108,141.62538981001495,310.3651438651166
28341687,-5.444416,-3.70057,0.04074510369110107,122.00391774975692,353.67177068857075
28337573,-3.360356,-0.345342,1.572041103691101,25.529528549584256,282.01952675700005
28337573,-3.360356,-0.345342,1.572041103691101,25.529528549584256,282.01952675700005
28371164,-5.187676,2.3174,0.4159091036911011,76.70747964267167,126.8260454318233
28365122,-4.359921,-1.700667,0.11385510369110108,125.66009305464748,303.45659673700186
28327732,-3.877971,-1.200164,0.028574103691101138,135.68084972465755,287.9310760201532
28341709,-3.466321,-1.841506,0.04548310369110098,146.4846700089028,323.9539041336071
28338432,-3.590309,-1.726477,0.030790103691101134,143.9448849208563,315.9729700574106
28279561,-3.555003,-1.936082,0.013886103691101104,146.48776260021194,325.52480767707056
28371200,-1.312234,1.112988,-0.009914896308898857,215.6270781844989,153.6368689304667
28294700,-2.86007,1.119857,0.003278103691101153,148.09742379898177,170.82102424007658
28294700,-2.86007,1.119857,0.003278103691101153,148.09742379898177,170.82102424007658
28338445,-5.370273,-3.654341,0.03984610369110109,122.79328629688852,353.5891133421443
28346299,-3.303779,-0.583483,1.595261103691101,26.44483095852442,301.18237233063667
28338455,-3.531447,-1.910344,0.01424610369110102,146.86166412314395,324.8895723085096
28361234,-0.582773,0.657505,-0.007071896308898928,278.9106516134904,194.1054851990313
28361234,-0.582773,0.657505,-0.007071896308898928,278.9106516134904,194.1054851990313
28359482,-3.970778,-1.157952,0.011928103691100977,134.49910159732696,284.5552122334749
28346327,-0.561239,0.586733,-0.008723896308898915,281.4010655152673,202.5744089525568
28346327,-0.561239,0.586733,-0.008723896308898915,281.4010655152673,202.5744089525568
28333672,-4.733571,1.150386,0.04921510369110105,108.33803467330108,179.49132433034646
28333672,-4.733571,1.150386,0.04921510369110105,108.33803467330108,179.49132433034646
28327753,-3.869431,-1.327879,0.014056103691101107,137.1530349120236,293.38574871242463
28369086,-6.479483,1.089198,0.768243103691101,57.22583707549333,186.99198588064849
28369086,-6.479483,1.089198,0.768243103691101,57.22583707549333,186.99198588064849
28371244,-4.698688,0.832403,0.036766103691101115,111.168497925795,193.5839707835091
28371244,-4.698688,0.832403,0.036766103691101115,111.168497925795,193.5839707835091
28296994,-1.102803,1.869134,-0.006426896308898922,227.2385214317617,65.22528696179288
28296996,-3.647666,-1.735481,0.017166103691101053,143.4212917686171,314.97288500811817
28369117,-7.36565,0.159044,0.7020961036911011,61.26250599778282,219.9869677468497
28369117,-7.36565,0.159044,0.7020961036911011,61.26250599778282,219.9869677468497
28297008,-1.086047,1.84023,-0.004239896308898983,228.53512583137217,67.64503089939845
28357863,-0.777805,0.95626,-0.014011896308898875,258.89663209850727,160.92188966040277
28297015,-3.599402,-1.809971,0.003110103691100985,145.44909646688689,318.8413600794545
28367995,-3.084668,3.135842,0.45937610369110105,94.50837895664056,20.16128941935284
28368000,-0.963943,2.053818,-0.016875896308898852,238.98723851056243,34.474084493626776
28341910,-0.433,0.728672,-0.011255896308898894,296.9753120823638,184.09136435998465
28341910,-0.433,0.728672,-0.011255896308898894,296.9753120823638,184.09136435998465
28297029,-3.562085,-1.900927,0.005368103691101078,146.56890299816396,323.6288727176343
28366923,-4.471781,0.170008,0.021753103691101172,118.77168112211513,222.8202469012996
28366923,-4.471781,0.170008,0.021753103691101172,118.77168112211513,222.8202469012996
28366924,-1.304787,0.333053,-0.007702896308898977,219.2138260748005,225.9725271454595
28366924,-1.304787,0.333053,-0.007702896308898977,219.2138260748005,225.9725271454595
28313239,-4.799114,0.67467,-0.008410896308898907,112.74252858969965,200.5184673592217
28313239,-4.799114,0.67467,-0.008410896308898907,112.74252858969965,200.5184673592217
28327826,-3.687834,-1.708723,0.009536103691101028,142.8173482481011,312.88897671370887
28370371,-3.074332,3.022205,0.16328910369110106,118.92974964320356,40.98569556628115
28327839,-3.624598,-1.764292,0.010650103691101087,144.34743962992815,316.5253660582531
28361411,-3.251554,-0.517072,1.589159103691101,26.24452651733517,297.5460068120198
28361411,-3.251554,-0.517072,1.589159103691101,26.24452651733517,297.5460068120198
28361412,-4.121759,-0.96512,-0.01879989630889889,132.22894759846923,273.9624064062323
28361412,-4.121759,-0.96512,-0.01879989630889889,132.22894759846923,273.9624064062323
28330904,-4.101414,-0.875268,-0.006173896308898863,131.5710939819912,270.5022722482356
28330904,-4.101414,-0.875268,-0.006173896308898863,131.5710939819912,270.5022722482356
28356280,-0.20459,1.731309,-0.007628896308898847,335.1578252995705,17.199989933164545
28337698,-4.150506,-0.852006,-0.011560896308898894,130.8332421760724,268.9154601403038
28337698,-4.150506,-0.852006,-0.011560896308898894,130.8332421760724,268.9154601403038
28356329,-1.477645,1.763408,-0.015437896308899024,202.46666916301197,93.88407929215909
28354635,-0.364775,1.906317,-0.01081389630889884,309.2898487346644,3.8356055563325526
28313277,-4.662284,0.481462,0.02064610369110098,114.33130183909236,208.90967484439963
28313277,-4.662284,0.481462,0.02064610369110098,114.33130183909236,208.90967484439963
28369203,-2.055408,-0.633315,0.025600103691101106,183.62975275854404,288.36929732835404
28354683,-0.682608,1.451514,-0.012738896308899017,267.8520294709799,96.24102168382268
28342084,-4.554784,-1.481898,0.01805710369110103,125.78889572815962,290.43946017580083
28367023,-2.082001,-0.535606,-0.046784896308898816,186.2078677100056,279.76778551230007
28363506,-2.075525,-0.580522,-0.05570989630889889,187.1719579529006,282.5549218505916
28368119,-5.749234,1.483566,0.03851810369110109,95.01852146277002,170.07625468653998
28356435,-2.61287,0.68894,-0.05309789630889883,161.31538297427156,197.16209108713684
28354717,-4.701523,2.662838,0.0783781036911011,98.4190975166708,107.002983566382
28266182,-3.510054,-2.039604,0.04689210369110097,146.39763525611366,331.8749010636627
28329966,-8.260284,3.035718,0.9763581036911011,30.307713513233097,125.89970077662602
28363522,-4.203215,-2.39952,-0.009281896308898974,136.98325828335663,331.11259882327226
28368145,-2.73445,0.89302,0.01794510369110114,152.200573486708,184.51023296530272
28367054,-1.813075,-1.105454,-0.037030896308899,199.63575057895744,323.18428151386547
28365470,-1.306809,1.108325,-0.012605896308898856,216.18400584475265,154.03181668117554
28342179,-0.542218,0.571364,-0.005192896308898964,283.3500558723358,204.44075483022527
28331034,-3.896835,-1.46263,-0.009709896308898847,138.37285610525257,298.3539920687301
28370473,-7.683179,1.49829,1.667043103691101,5.187699263351959,174.20284914479276
28370473,-7.683179,1.49829,1.667043103691101,5.187699263351959,174.20284914479276
28336949,-5.566701,1.942262,-0.006484896308898813,96.567780021367,150.6673009321757
28350783,-0.660193,2.07013,-0.010492896308898825,269.6020325642848,7.128932419921
28368218,-1.318542,0.326231,-0.019664896308899005,219.1162501586631,226.3315755217041
28368218,-1.318542,0.326231,-0.019664896308899005,219.1162501586631,226.3315755217041
28365524,-4.545104,0.213959,-0.0023048963088989627,118.55639226173844,220.58493234336652
28365524,-4.545104,0.213959,-0.0023048963088989627,118.55639226173844,220.58493234336652
28348995,-1.060066,-0.163824,-0.012369896308898953,237.86016106561573,273.4950536083578
28287472,-3.59373,-1.884833,-0.01037089630889887,146.54569720857788,321.9098688337596
28350824,-7.411603,4.926265,-0.007973896308898887,66.40720808780756,58.33061654788384
28344696,-0.816176,1.772267,-0.009468896308898911,253.21286706496937,60.97774587521005
28370516,-7.892266,0.160069,0.6400821036911011,61.39029326333855,218.87555741987003
28370516,-7.892266,0.160069,0.6400821036911011,61.39029326333855,218.87555741987003
28349105,-4.109232,-2.523066,-0.006588896308898917,139.09464336526338,337.81338141892456
28331107,-3.49775,-1.748335,0.050099103691101154,145.12346891510393,319.2221788837681
28370521,-2.54016,0.606855,-0.03162989630889901,162.8614747920681,202.4017732003581
28315866,-4.61718,0.577887,0.04071410369110118,113.51559295721655,204.75947411128112
28315866,-4.61718,0.577887,0.04071410369110118,113.51559295721655,204.75947411128112
28353232,-0.84299,1.668986,-0.006529896308898886,250.63621115455925,75.81199716346663
28365645,-4.538651,0.258308,0.012812103691101084,117.7095747060492,218.7493209645826
28365645,-4.538651,0.258308,0.012812103691101084,117.7095747060492,218.7493209645826
28353237,-0.788054,1.601219,-0.01319989630889884,256.64058326949225,81.94004590358665
28353247,-0.906339,1.516632,-0.013787896308898873,245.6174821763915,98.1975069038408
28340228,-7.476236,4.754567,1.2209431036911012,5.494949637380074,43.359780022086966
28327070,-5.234607,1.66156,0.04562410369110115,99.34445641075789,159.7819347081444
28327070,-5.234607,1.66156,0.04562410369110115,99.34445641075789,159.7819347081444
28315880,-4.556296,0.482172,0.040314103691101,114.94518845893089,209.00525586188508
28315880,-4.556296,0.482172,0.040314103691101,114.94518845893089,209.00525586188508
28353307,-5.558581,2.26467,0.08701210369110113,90.50769018618917,136.4473084673984
28310833,-4.080564,-1.043822,-0.015860896308898864,133.21576436238115,277.8394396830986
28310833,-4.080564,-1.043822,-0.015860896308898864,133.21576436238115,277.8394396830986
28331159,-3.618315,-2.350099,-0.008531896308898945,148.05460540348582,341.3567552484758
28337853,-3.876125,-1.604087,-0.02842689630889894,140.29605469369693,304.3496824305872
28283274,-4.037097,-1.066973,-0.006777896308898912,133.7005491595025,279.49004115087587
28283274,-4.037097,-1.066973,-0.006777896308898912,133.7005491595025,279.49004115087587
28365747,-2.01596,-0.64115,-0.04097989630889898,189.0598442610308,287.9777439428527
28365750,-1.974751,-0.767361,0.03853310369110119,186.84205794508577,299.27500162578644
28365767,-1.761802,-1.242603,0.04016410369110113,198.2663004374514,336.68526454670666
28310860,-4.003153,-1.226852,-0.009600896308898932,135.22919720321033,286.7396825049109
28337876,-5.419316,-3.517545,0.06982110369110117,120.49385500916378,349.0298974418546
28361922,-0.873348,1.425147,-0.010268896308898823,248.64074470246868,107.79442429847688
28295143,-3.926606,-1.499378,-0.02447789630889896,138.6500940071101,299.18587195553204
28310885,-3.888755,-1.370216,-0.004773896308899017,137.86140423989065,294.59320179471183
28327162,-4.827391,1.219067,0.034964103691101034,107.3801186350257,176.8450469086971
28320937,-0.568228,0.591079,-0.011617896308898867,280.7825601023485,202.04360298996627
28320937,-0.568228,0.591079,-0.011617896308898867,280.7825601023485,202.04360298996627
28338798,-0.578332,0.623411,-0.013243896308898995,279.75329905222407,198.17669113564065
28310901,-1.09248,1.853659,-0.006196896308898969,228.1064336869741,66.49217445220941
28370669,-4.624503,-1.274492,0.2602801036911011,112.7020212212888,285.11316275174926
28370669,-4.624503,-1.274492,0.2602801036911011,112.7020212212888,285.11316275174926
28340529,-8.329214,3.015769,0.811299103691101,37.78435102955899,128.4558201239384
28340531,-6.766631,3.136981,0.0003211036911010545,79.40005575738638,115.465980635687
28295193,-3.814889,-1.659304,-0.0063638963088989975,140.74950899953507,308.1698345291579
28295195,-1.087609,1.84448,-0.006424896308898864,228.549329255047,67.3317446106499
28360169,-4.199975,-2.489998,-0.027469896308898845,138.2126990156471,334.2369173437422
28355223,-5.630649,2.227396,0.09238710369110104,89.73855091681679,138.68889423516026
28313518,-4.118392,-0.905942,-0.013945896308898975,131.77787323762357,271.53386523262503
28313518,-4.118392,-0.905942,-0.013945896308898975,131.77787323762357,271.53386523262503
28349461,-7.231449,5.038142,0.905424103691101,21.310530106333346,32.16357213659887
28310932,-3.697445,-1.710778,0.009934103691101148,142.61032036278962,312.8119977153995
28370698,-0.577914,0.680233,-0.010315896308898953,279.6338793780972,191.32039353717536
28370698,-0.577914,0.680233,-0.010315896308898953,279.6338793780972,191.32039353717536
28370708,-1.658695,0.493379,-0.012665896308899027,198.5519679393436,210.9798190526297
28370708,-1.658695,0.493379,-0.012665896308899027,198.5519679393436,210.9798190526297
28368439,-4.434632,-1.419504,0.13326010369110097,122.20229537641583,291.39043264806406
28318857,-2.681619,0.829381,0.028150103691101158,153.54855241753145,188.38849918715857
28318857,-2.681619,0.829381,0.028150103691101158,153.54855241753145,188.38849918715857
28333183,-8.436498,3.537848,1.325531103691101,10.242083955081029,106.68507865958968
28368454,-4.305615,-1.839343,0.10476810369110101,127.6306909579096,309.6958876709666
28295260,-3.550813,-1.837257,0.012467103691101045,146.18217039258792,321.2243965001287
28368464,-5.617105,-2.910237,0.04752410369110116,116.42481069371338,326.12258587391614
28370720,-2.502223,0.289215,-0.00628189630889886,164.36173706972832,223.0191781776596
28368469,-4.253922,-2.339365,0.20576910369110113,126.30800117474648,332.7379476534608
28358548,-7.637635,4.821343,1.0837731036911011,13.115584872317129,46.91573592597291
28368478,-4.079402,-2.628208,-0.010970896308899025,140.28796122720772,342.398432692799
28318868,-2.685107,0.83526,-0.049415896308898866,158.02610158823234,188.04321764552952
28318868,-2.685107,0.83526,-0.049415896308898866,158.02610158823234,188.04321764552952
28313578,-3.89192,-1.263407,0.01616310369110119,136.30790738914988,290.28836718884406
28316150,-4.114733,-0.861951,-0.006704896308898922,131.29210311462484,269.779939191404
28340703,-5.604682,1.989477,-0.010651896308898845,96.10500485271376,149.04869838859832
28337130,-5.728628,0.905796,-0.016548896308898886,100.55528188795924,192.38166313292476
28369574,-0.812647,2.152406,-0.01672489630889884,253.1802186305761,9.384399206480367
28369575,-3.388219,3.53623,0.38590410369110106,91.26171603643256,6.2254033018277255
28313610,-1.100956,1.865267,-0.010073896308898878,227.66230316009975,65.7651967349255
28369587,-6.871634,5.103103,0.31482810369110104,53.12520744831184,34.153442325095085
28340733,-6.053178,1.76556,-0.009129896308898822,92.69942484106178,160.95428969437955
28369594,-0.670257,1.76971,-0.01470489630889893,269.01828751805056,52.07927037982029
28355348,-1.021029,-0.161217,-0.011676896308898899,240.6925532380893,274.1880367616478
28355349,-3.345854,-0.4024,1.595912103691101,23.736981871860195,287.11692784825965
28369599,-0.813089,1.775545,-0.00824989630889883,253.4292266867865,60.28285100892762
28313636,-3.675607,-1.694423,0.02115710369110113,142.45795446814952,312.7434231186232
28366113,-2.970114,1.348889,0.0011171036911010734,143.82009318445628,157.3055319036836
28316210,-3.869409,-1.196857,0.03441510369110112,135.5518042456876,288.0059998986294
28347475,-5.943646,2.052613,0.026324103691101053,90.70511780513291,148.93045891560575
28306625,-0.241172,1.432068,-0.014231896308898984,327.32786029912364,73.31701463716414
28366138,-2.672791,0.733824,0.011066103691101059,155.40428498312997,194.51833814811351
28358622,-7.189456,2.462697,0.03066610369110112,78.51125188342021,143.1553186542268
28358625,-5.859497,2.117634,0.09744110369110115,87.91116584065384,145.22949053840506
28340797,-5.189863,1.476966,0.013713103691101125,102.38592181260717,167.5178434054967
28340797,-5.189863,1.476966,0.013713103691101125,102.38592181260717,167.5178434054967
28369653,-9.99383,3.435382,-0.28328489630889897,70.36973023937566,134.9020670511177
28316250,-3.853295,-1.614385,-0.011750896308898806,140.02867911529574,305.4946907073251
28362221,-4.63403,0.346343,-0.009776896308898886,116.88642902172352,214.6650165543315
28362221,-4.63403,0.346343,-0.009776896308898886,116.88642902172352,214.6650165543315
28366162,-2.552527,0.489212,-0.06260489630889898,164.8934806319986,209.80816050517592
28327351,-4.547113,0.479815,0.05128610369110098,114.5620655330832,209.15181981432093
28327351,-4.547113,0.479815,0.05128610369110098,114.5620655330832,209.15181981432093
28367442,-2.830039,1.044318,0.004978103691101188,149.29712277895757,175.40416219389238
28316258,-1.101774,1.869655,-0.010061896308898977,227.57867503001864,65.29011895834321
28340820,-5.024951,1.351937,0.0382751036911011,103.92338189437052,171.9373801309478
28340820,-5.024951,1.351937,0.0382751036911011,103.92338189437052,171.9373801309478
28316263,-3.804412,-1.696599,-0.011246896308898968,141.35681503474535,309.8439933653
28249346,-3.854681,-1.376362,0.00950110369110102,137.886853862593,295.6318768442908
28369710,-1.872377,1.023604,-0.022762896308898828,186.05141258169567,169.15991492669045
28367464,-2.599524,0.629308,-0.05663389630889881,162.2724538347038,200.9344955052735
28334994,-3.615244,-2.333664,-0.004985896308898896,147.88581367672347,340.8290176742929
28316281,-3.654313,-1.733017,0.0056271036911010874,143.8110107975412,314.48161375194854
28369740,-2.642461,0.781081,0.03637810369110106,154.53425613224812,191.3959289504793
28316296,-3.520344,-1.752572,0.031459103691101165,145.543483391696,318.5163394822017
28367484,-5.310959,0.047398,-0.009118896308898838,109.20375022161348,225.31482558201697
28367484,-5.310959,0.047398,-0.009118896308898838,109.20375022161348,225.31482558201697
28349774,-0.975502,-0.188316,-0.020992896308899,244.7596172542423,277.4540290505652
28367487,-5.247554,-0.011271,0.006523103691101095,109.59246601635388,227.8456208066758
28369754,-2.587369,0.64334,0.034684103691100976,157.16906976765478,200.2677319462657
28357033,-0.326951,1.52119,-0.01502889630889892,314.0215445044728,64.99083303043429
28340881,-4.811572,1.151429,0.02257610369110119,108.56434490865908,179.79975927509045
28340881,-4.811572,1.151429,0.02257610369110119,108.56434490865908,179.79975927509045
28340882,-1.111267,1.907166,-0.013570896308898961,226.9254121766187,61.5515441248902
28305706,-1.023607,-0.157676,-0.01414689630889887,240.6354858530259,273.7336317834687
28369778,-2.438503,0.421563,0.05911410369110115,161.83820489920527,215.0872806246186
28369778,-2.438503,0.421563,0.05911410369110115,161.83820489920527,215.0872806246186
28371421,-4.434058,1.02212,0.5896821036911011,83.19159831809361,183.73341736070728
28371551,-4.516877,-1.578998,0.08538710369110114,123.86530811898874,295.8480536564658
28371561,-1.979528,-0.81439,0.019146103691101146,187.97796234462828,301.66235111329826
28371584,-4.231644,-2.171016,0.09463210369110109,130.90402247079214,323.9682492876132
28371600,-1.822813,-1.190116,0.014152103691100981,196.7278692704525,330.2347348361559
28371905,-1.292024,1.095209,-0.025335896308898986,218.0645898804302,155.21533044979708
28371912,-2.751801,1.166137,-0.011779896308898863,151.8670993436921,167.03003574993173
28371958,-5.266398,-0.014289,0.19619010369110113,100.88167050889412,229.01132806602567
28372022,-2.403032,0.129881,0.01372310369110119,167.40834098064136,233.97388632747965
28216710,-4.773947,0.939896,0.010751103691100994,110.7897876144105,189.00447510513249
28216710,-4.773947,0.939896,0.010751103691100994,110.7897876144105,189.00447510513249
28336514,-8.443198,5.652463,0.03480810369110099,56.16260991126328,49.70065048662133
28258379,-1.077788,1.829254,-0.01058889630889892,229.69623264375272,68.82155996154151
28352474,-4.842164,1.107476,0.0008451036911010235,109.43031903756064,181.87908240423
28352474,-4.842164,1.107476,0.0008451036911010235,109.43031903756064,181.87908240423
28324471,-1.090196,1.847451,-0.0019208963088990227,228.007246435335,66.89422757036144
28348165,-0.348028,1.560119,-0.015940896308898944,310.99036522283285,60.35105225462184
28341889,-0.622313,0.602092,-0.013266896308898879,274.98408773895954,200.81406353240584
28341889,-0.622313,0.602092,-0.013266896308898879,274.98408773895954,200.81406353240584
28333819,-4.691836,0.644629,0.022448103691101062,112.95879832851764,201.81003806368795
28333819,-4.691836,0.644629,0.022448103691101062,112.95879832851764,201.81003806368795
28315835,-4.842429,0.690999,-0.015680896308899017,112.39423305617554,199.8421197811627
28315835,-4.842429,0.690999,-0.015680896308899017,112.39423305617554,199.8421197811627
28350808,-0.362753,1.538054,-0.011111896308898972,308.46203434108713,64.63933088133675
28333067,-8.727638,5.897047,-0.007235896308898981,55.55567414595018,46.97682822258827
28327126,-5.055849,1.369631,0.03680810369110099,103.51041907060376,171.3315464528781
28327126,-5.055849,1.369631,0.03680810369110099,103.51041907060376,171.3315464528781
28323957,-4.878277,1.237136,0.02886410369110104,106.89770032503566,176.28444489495925
28323957,-4.878277,1.237136,0.02886410369110104,106.89770032503566,176.28444489495925
28340569,-4.87373,2.627062,0.05260910369110117,97.8165597295007,111.84998194912988
28347425,-0.781577,1.726507,-0.011523896308898829,256.9327491417471,65.04134062960532
28324100,-4.728071,0.627137,0.003561103691101186,113.4311929468098,202.54735215289983
28324134,-4.567521,0.46709,0.03856610369110114,114.94262965367096,209.65881302249605
28324134,-4.567521,0.46709,0.03856610369110114,114.94262965367096,209.65881302249605
28371417,-5.991571,1.64717,0.07447310369110105,90.21593424592496,164.83441671814884
28310533,-4.767004,0.979464,0.019704103691100983,110.24405819163206,187.2453803422493
28310533,-4.767004,0.979464,0.019704103691100983,110.24405819163206,187.2453803422493
28219221,-1.019701,2.212078,-0.01697189630889895,233.5187874865052,18.15099969438228
28348767,-0.983695,2.288572,-0.014541896308899016,236.21888968267265,5.079946783484871
28318627,-4.684672,0.655662,0.023654103691101103,112.9454171304637,201.326135051184
28318627,-4.684672,0.655662,0.023654103691101103,112.9454171304637,201.326135051184
28340691,-5.667081,2.07066,-0.024501896308898985,95.65382220197075,146.31855443237873
28229749,-1.1052,1.868715,-0.012526896308898916,227.4874487398748,65.70746484375155
28340782,-5.237513,1.545719,0.0028391036911010747,101.95891437237935,164.91519219692452
28340782,-5.237513,1.545719,0.0028391036911010747,101.95891437237935,164.91519219692452
28322438,-0.440091,0.731413,-0.013340896308899008,296.18965470692183,183.8083971089964
28322438,-0.440091,0.731413,-0.013340896308899008,296.18965470692183,183.8083971089964
28369115,-4.515996,0.115167,-0.0031248963088990056,119.54952931974168,224.93378143837032
28369115,-4.515996,0.115167,-0.0031248963088990056,119.54952931974168,224.93378143837032
28323926,-5.007472,1.339069,0.038707103691101086,104.1932931424163,172.40798335495413
28323926,-5.007472,1.339069,0.038707103691101086,104.1932931424163,172.40798335495413
28213532,-1.058568,2.288081,-0.008483896308898897,229.27292632042167,10.727723899894642
28330495,-4.793352,0.706373,-0.00021889630889893041,112.27287393897754,199.16744765358092
28330495,-4.793352,0.706373,-0.00021889630889893041,112.27287393897754,199.16744765358092
28333799,-4.798122,0.688941,-0.004630896308899013,112.5047146878342,199.91283075173484
28337087,-4.908126,1.26278,0.03580210369110115,106.0285955987479,175.27587517332387
28337087,-4.908126,1.26278,0.03580210369110115,106.0285955987479,175.27587517332387
28340905,-4.847673,1.067161,-0.0020508963088989862,109.70834914193586,183.66198353800752
28340905,-4.847673,1.067161,-0.0020508963088989862,109.70834914193586,183.66198353800752
28341859,-0.562582,0.70544,-0.012989896308899018,281.5073043314363,188.1406777473345
28341859,-0.562582,0.70544,-0.012989896308899018,281.5073043314363,188.1406777473345
28315908,-4.598252,0.327462,0.00652010369110112,116.74934113592796,215.60426228233297
28315908,-4.598252,0.327462,0.00652010369110112,116.74934113592796,215.60426228233297
28327283,-4.795732,0.723533,0.00850010369110099,111.73808042156922,198.44463395193011
28327283,-4.795732,0.723533,0.00850010369110099,111.73808042156922,198.44463395193011
28255540,-1.111081,1.917814,-0.014154896308898879,226.93814631101543,60.311955509447216
28361226,-5.495901,2.261638,0.0018891036911010683,95.22645526654884,136.63497550219063
28340552,-4.608935,2.722196,-0.01429289630889885,104.27816728724328,103.83060719650518
28340565,-4.735402,2.665392,-0.007510896308899007,102.52574877989474,108.64576580368868
28223008,-1.113585,1.903893,-0.018506896308899012,227.10939565171955,62.31714380620596
28255213,-4.662325,0.622828,0.02537710369110102,113.35903561096924,202.7565917572115
28255213,-4.662325,0.622828,0.02537710369110102,113.35903561096924,202.7565917572115
28346026,-4.95588,2.533596,0.0011801036911009977,99.9941109849128,118.14275428715968
28346040,-5.452338,2.356341,0.06734310369110119,92.03543337189583,131.5627415382356
28348191,-5.121802,2.507299,0.069653103691101,94.67881902705132,120.8169922010118
28318641,-4.69568,0.584166,0.009293103691101035,113.849107128,204.41312589086516
28318641,-4.69568,0.584166,0.009293103691101035,113.849107128,204.41312589086516
28333896,-1.114178,1.90553,-0.016763896308898962,226.93141698620084,62.06787834235763
28251235,-1.021398,2.217737,-0.00933089630889894,232.78837320044076,16.988667425895585
28342576,-3.089844,2.964291,0.006472103691101072,129.84316227662455,51.33760508026776
28231201,-4.661054,0.56847,0.02443910369110114,113.71013317901456,205.1325259022316
28231201,-4.661054,0.56847,0.02443910369110114,113.71013317901456,205.1325259022316
28342631,-6.059526,2.007707,0.10095610369110108,86.52805049940193,151.14342767687975
28156365,-1.025735,2.211024,-0.008987896308898957,232.41541705673103,18.16299143283504
28349501,-5.553046,2.200561,0.007280103691100992,94.6953664759263,139.723162997884
28324036,-4.737024,0.931232,0.030749103691101176,110.38775639033364,189.29318273903425
28324036,-4.737024,0.931232,0.030749103691101176,110.38775639033364,189.29318273903425
28330310,-5.055801,1.389337,0.056215103691101165,102.47071805384248,170.41996707447436
28324086,-4.713665,0.689553,0.02539210369110112,112.26807532468774,199.86883786134533
28345377,-4.985949,2.560844,0.06204310369110111,96.34811163554149,116.54620710111276
28343292,-1.63447,1.947404,-0.007357896308898937,191.8612439489345,81.41268129111089
28220025,-1.111358,1.908925,-0.014898896308898957,227.00619702075932,61.41692038351593
28216220,-1.106571,1.879263,-0.01321289630889888,227.38507106816937,64.57183602817898
